epoch,mse,validation_mse,accuracy,converged,training_accuracy,training_macro_precision_present,training_macro_recall_present,training_macro_f1_present,validation_accuracy,validation_macro_precision_present,validation_macro_recall_present,validation_macro_f1_present
0,0.2838130831697086,0.28367997197010986,,False,0.09097298925594939,0.14540278948167598,0.1433892106430236,0.08290209067361118,0.09357429718875503,0.1394225348844057,0.14251404512466265,0.08555144577910714
1,0.08707255155522702,0.08740100347888306,,False,0.2763329651571443,0.21243413109853357,0.2636128881199739,0.21618365499295025,0.27670682730923696,0.21968831243465056,0.2633035001308739,0.21686599374508403
2,0.07698716491385087,0.07719043667396557,,False,0.3915051712019279,0.27840784927038764,0.36477746120214993,0.3050429953385838,0.4004016064257028,0.28941622454161997,0.3734122163915044,0.31239207438963645
3,0.06758788394465452,0.06716096207876547,,False,0.48609298122301436,0.3541128372882137,0.45145731715937143,0.3879553459585791,0.4971887550200803,0.3665960904990315,0.4632849094791039,0.3974985822358377
4,0.05981539467084544,0.059239434981826725,,False,0.5455367004719349,0.39367029891672634,0.5060378683241162,0.4328979783546721,0.5485943775100401,0.4168513346827902,0.5093124083505386,0.4368803337139131
5,0.055748177319744595,0.05527137340693896,,False,0.5726478562104629,0.413343864945291,0.5308111047841906,0.4532468936012196,0.5734939759036145,0.43128696631782315,0.5324520158190813,0.45602242121081527
6,0.053041452039540214,0.0525917435348056,,False,0.5913244301636711,0.42878789127123784,0.5482215628928109,0.46922249995285853,0.591566265060241,0.44840260957218864,0.5492464181557082,0.4713940862617719
7,0.05105191568931287,0.050652087841571235,,False,0.6022693041470027,0.4421241027496699,0.5583461438967503,0.4781847398320629,0.6048192771084338,0.4554154945955015,0.5616089306756756,0.4815564796311473
8,0.049468728057825345,0.04906245181943351,,False,0.6136158248820163,0.47117447955412534,0.5688912682393439,0.490802847346121,0.6156626506024097,0.47218381993992,0.5717600845283044,0.49331908649801076
9,0.04794894177417674,0.04761235547688221,,False,0.6274726378150417,0.5033943417488316,0.5814532493706479,0.5109629483828542,0.6293172690763053,0.5205459215330033,0.5838859597285075,0.5152225262170613
10,0.04505592376735751,0.04444344516450156,,False,0.6918365297720654,0.6124361285804645,0.6362221027463604,0.6061045716405715,0.7,0.638199081649462,0.6444775986033582,0.6181697976347258
11,0.03426285216980235,0.03352190099788539,,False,0.8147404357867256,0.7250603928388333,0.7399415635192651,0.7320793486725365,0.8192771084337349,0.8187280285847623,0.7437163710426518,0.7351594818123428
12,0.029428863620709438,0.029192378434361357,,False,0.8407470629581283,0.7468315925376345,0.7628706199407096,0.7543423888106394,0.8349397590361446,0.8339473234533405,0.7572821798837887,0.7484450056346899
13,0.026958327149815442,0.026993664763808385,,False,0.851491113565619,0.7560338658831857,0.7725730010238933,0.7637316092712724,0.8473895582329317,0.8462749606905838,0.7686775630715563,0.7596611648428911
14,0.02524442057930801,0.02543451987424297,,False,0.8586203434079727,0.8580395887579546,0.7790581664701874,0.7705022563620587,0.8518072289156626,0.8511214160113338,0.7727178298492757,0.764093264967464
15,0.02397936273978216,0.02430193416525938,,False,0.8643438096194397,0.8634975989584432,0.7843020467450011,0.7756032208395358,0.8590361445783132,0.8581727408246649,0.7794023421652603,0.7705772707316006
16,0.023007604291062536,0.023480888660728307,,False,0.8693643940154634,0.8686334974917036,0.7888805554562404,0.7800724649032453,0.8594377510040161,0.8587414599287156,0.7796763318567614,0.770815203776828
17,0.022191691659305297,0.022727674659162166,,False,0.8727783914047595,0.8720281763630051,0.7920474733531099,0.7833052896434867,0.8630522088353414,0.862021612781885,0.7830467041404525,0.774272280331961
18,0.02152108999174095,0.022166232560821977,,False,0.8759915654182147,0.8336028365948581,0.7955113177002605,0.7871588090833095,0.8666666666666667,0.8658248219321291,0.7863678549693741,0.7774613347734478
19,0.02086732222436903,0.02157426754243685,,False,0.878401445928306,0.8357794023822672,0.7976835952619418,0.7894629334776121,0.8726907630522088,0.871823682384242,0.7918004457333337,0.7829863440709279
20,0.020341152972221582,0.021124061457182236,,False,0.8802088563108745,0.8374674442135375,0.7993014593674284,0.7910381839685289,0.8718875502008032,0.8711674227712601,0.7910508553399487,0.7822528978526607
21,0.019905351122759173,0.02077449758172666,,False,0.8830203835726479,0.8582527707656376,0.8023408110977801,0.7944282315178166,0.8751004016064257,0.8741197609972317,0.7941254533473739,0.7851915287132439
22,0.0194288313586059,0.02034974350995899,,False,0.8840245004518525,0.8685385439354086,0.8036746628053281,0.79636411837604,0.8771084337349397,0.8763386441595661,0.7959066482870094,0.787046636011196
23,0.01903763206099687,0.01998029351783293,,False,0.8866352043377849,0.8766587199564077,0.8064556791712284,0.7998171263841618,0.8779116465863454,0.8772887457240863,0.7966620063971479,0.7878435774434401
24,0.018655594971308736,0.019656496481995148,,False,0.8890450848478763,0.882295056711539,0.8090918731926467,0.8028447138823949,0.8803212851405623,0.8796815518249665,0.798919936451215,0.7900102419534955
25,0.018335971928491353,0.01937982836224972,,False,0.8916557887338086,0.8871373286049596,0.8118704214385126,0.8060638351458169,0.8823293172690763,0.8816101155063034,0.8008177683098434,0.7919264677206888
26,0.017998973280670315,0.019091040233200064,,False,0.8923586705492519,0.8760313069871244,0.8125599632587577,0.8067628964711289,0.8855421686746988,0.8975642050282517,0.8054612893744821,0.7986632511667374
27,0.01770506295492039,0.018830577816730094,,False,0.8933627874284567,0.8801386118284906,0.8139843137084135,0.8087307432561712,0.8875502008032129,0.8994004754014231,0.8090031624422329,0.8042212069134813
28,0.017435088206263587,0.01860024322142403,,False,0.8955718445627071,0.8734374879964129,0.8159044226927948,0.8105877098078001,0.88714859437751,0.8990179228210567,0.8102800848442178,0.8073794054501073
29,0.017144420820422543,0.018346209689847164,,False,0.8963751380660709,0.8797153943735612,0.8174826776764181,0.8131444049664064,0.8887550200803213,0.900497705845003,0.8134669788190179,0.8123163780221547
30,0.016886085374081636,0.018136547343729582,,False,0.8970780198815143,0.880428646267203,0.8194962733201681,0.8164572174488194,0.8899598393574297,0.9015070319284335,0.8146353166664723,0.8133972014643077
31,0.01663253972635295,0.01793098157014403,,False,0.8992870770157646,0.8769505276776073,0.8223215724209444,0.8200680870301308,0.891566265060241,0.8892147420808478,0.8211259596271869,0.8241163233905578
32,0.01639562946880558,0.017706895335664944,,False,0.9011948990862536,0.891210626385058,0.8274385965717004,0.8283158632406544,0.8939759036144578,0.8914633119482482,0.8233534208659845,0.8263806277610609
33,0.016152272220549557,0.01750090480146372,,False,0.9025002510292198,0.8914608474154875,0.8298919394393793,0.8317267407014363,0.8939759036144578,0.8808514915120554,0.8233585629944142,0.8261372574291476
34,0.015940516596057278,0.017343468383237335,,False,0.9039060146601064,0.8913968255193695,0.8337405900803311,0.8372041313647891,0.8983935742971888,0.8988732630395729,0.8325409922359513,0.8388128165202896
35,0.015732684231899507,0.017163529797129276,,False,0.905512601666834,0.8970942794445322,0.8368581717565657,0.8416175026812428,0.8971887550200803,0.8898456825584332,0.8313835765402082,0.8374012103903956
36,0.015524683815223792,0.016998898400472792,,False,0.9067175419218797,0.8950080232529635,0.8404878567350764,0.8464764310217874,0.8979919678714859,0.8993812661995731,0.8337961772843674,0.8411058689643043
37,0.01532099105026116,0.0168242536200022,,False,0.9080228938648459,0.8940251912030911,0.8455483138067981,0.8530360424126714,0.9016064257028112,0.9044410133422706,0.842230089218029,0.8518800978398224
38,0.015135106737537957,0.016651145515205888,,False,0.9089265990561302,0.8996629015322978,0.8454323003287691,0.8529804626240298,0.9,0.896821254151035,0.8407107361793766,0.84996529566752
39,0.014951389044708448,0.016531067612139468,,False,0.9102319509990963,0.9006388244999813,0.8483657547473407,0.8564371483273276,0.9012048192771084,0.9039438668710942,0.8418566978740676,0.8514567291947421
40,0.014757757254435917,0.01636556087140083,,False,0.9115373029420625,0.9010167420801651,0.8504216628370058,0.8587688621050797,0.9032128514056225,0.8996214820376169,0.843724110007058,0.8529141475142683
41,0.01457946344239213,0.016233747628401792,,False,0.9126418315091877,0.9011119559947048,0.8518274815602052,0.8602112743351336,0.9028112449799197,0.9053986772697871,0.8433589323207236,0.852978217363705
42,0.01440903472851441,0.01609959675535142,,False,0.9137463600763129,0.9035941905927563,0.8532769131331926,0.861902726212468,0.9032128514056225,0.9057142789826967,0.8437330438059462,0.8533362062823866
43,0.01425940548177093,0.01598903242185618,,False,0.9142484185159152,0.9043369576343046,0.854131472062167,0.8629449061970562,0.9016064257028112,0.9044082718657028,0.8422045677721428,0.8518768674860302
44,0.014094783337852228,0.015860466802750408,,False,0.9155537704588814,0.9051058683197604,0.8566025284973079,0.8657114112034898,0.9036144578313253,0.9061105999602032,0.8441071552911688,0.8537253662907647
45,0.013946948430955331,0.01575670058624961,,False,0.9161562405864042,0.9061744564552813,0.8580058991874299,0.8673897047562182,0.9036144578313253,0.9061571019613568,0.8440982299747648,0.8537630791394766
46,0.013801010413935784,0.015653130423398824,,False,0.916959534089768,0.9059942757052598,0.8591823985219796,0.8685279221694678,0.9044176706827309,0.9069142066002299,0.844832367631065,0.8544412115203843
47,0.013686988627230669,0.015555459306606078,,False,0.9180640626568932,0.9076713945181921,0.8614669328432603,0.8711097003446279,0.9048192771084337,0.9072161435494989,0.8451969243875163,0.8548166349218345
48,0.013530225408645902,0.015429713953597796,,False,0.919068179536098,0.9101632887833744,0.8632105330515478,0.8732650060953382,0.9052208835341365,0.9076653182385193,0.845578079786173,0.855224131682868
49,0.013402183317262851,0.01536763965540452,,False,0.9196706496636209,0.9109465904218657,0.8641617438217946,0.874303620828058,0.9056224899598394,0.9080298437426806,0.8459074313877273,0.8555852788944373
50,0.013274458617133805,0.015283857227896975,,False,0.9204739431669846,0.911863490074404,0.8653336360029851,0.8755801824772891,0.9060240963855422,0.908367161340585,0.8462758604126946,0.8559147174662183
51,0.01319402054004685,0.01524259494072892,,False,0.9204739431669846,0.9119449645173382,0.8653506289489942,0.8756097286482369,0.9056224899598394,0.9080763730119092,0.8459674284604222,0.8555661832449751
52,0.01303885799198488,0.0151368831067187,,False,0.9217792951099508,0.9119001069553404,0.8682128938114426,0.8785590271924028,0.9052208835341365,0.9077009875023491,0.8455658852618249,0.85522816455013
53,0.012922991331169403,0.015057343952689125,,False,0.9232854704287579,0.9128601968214846,0.8708860629999382,0.8812439273054122,0.9060240963855422,0.9035208528746563,0.8496913092883143,0.8598951503438491
54,0.012815039973955647,0.014976430818981007,,False,0.9233858821166784,0.9154067716272052,0.8701220142042972,0.8807398997393089,0.9072289156626506,0.9039009031519242,0.8490853906592962,0.8587717914833903
55,0.01271128672149463,0.014910900589308981,,False,0.9244904106838036,0.9160112509981597,0.8723838047082396,0.8831256022570243,0.9096385542168675,0.90618473067963,0.8513020188269245,0.8610325045871999
56,0.012603881116877996,0.014847097446949028,,False,0.9254945275630083,0.9163539424206173,0.8741708791016506,0.8848693465640691,0.9080321285140562,0.9047918821649499,0.8498483189694268,0.8595346872353335
57,0.012493890832370146,0.01478052149068978,,False,0.9262978210663722,0.9174365428665082,0.8757553862706248,0.8865677970516836,0.9088353413654618,0.9055126269053656,0.8505703741166502,0.8602698503253898
58,0.012410776510249924,0.014702935700834138,,False,0.9258961743146902,0.9163753299255942,0.8757866346186528,0.8865476998748163,0.9096385542168675,0.906170281156756,0.8512873050047551,0.8610482473352028
59,0.012325577693494743,0.014670671814468966,,False,0.9264986444422131,0.9156118017184968,0.8771872097336276,0.8876809907899433,0.908433734939759,0.9057801808499448,0.8519008816429581,0.8621390691190094
60,0.012201552145991569,0.014591049738235181,,False,0.9282056431368612,0.9179850835073275,0.8787551307200866,0.8894216120875262,0.9104417670682731,0.9075369187118585,0.8537343609936884,0.863982061146953
61,0.012115908013300173,0.014533809229963852,,False,0.9284064665127021,0.9175658406769729,0.8793588394218956,0.8899219366728724,0.9092369477911647,0.9065693214971167,0.8526253704245269,0.8628983817566175
62,0.012018740518108934,0.014457323612211994,,False,0.9294105833919069,0.921078176175906,0.8807064756872466,0.891735864983495,0.9104417670682731,0.9076207752523394,0.8537196556540032,0.8640451626593041
63,0.011932259279675462,0.014414345234368062,,False,0.9297118184556682,0.9210109927285551,0.8822251927688785,0.8932193703130609,0.9120481927710843,0.9097970096542551,0.856888681126684,0.8676812014062888
64,0.011851061460233361,0.014371426348260321,,False,0.9302138768952706,0.9224555627357218,0.883097316350621,0.8942857875816563,0.9112449799196787,0.908423927419761,0.8544556925825844,0.8647867127574349
65,0.011764354718182372,0.014336594986386984,,False,0.9308163470227935,0.9239682234300771,0.8840801101351227,0.8954356436068278,0.9120481927710843,0.9108076465464126,0.8602691259432199,0.8717809419456883
66,0.011681644380633408,0.01428220070670115,,False,0.930515111959032,0.9221564336476545,0.8842273310800848,0.8952891162317971,0.9124497991967871,0.9114764139075664,0.8623376697461396,0.8740968466947314
67,0.011594583153951071,0.014219501190630063,,False,0.9320212872778392,0.9246924362222687,0.8869225248723499,0.8981344000985167,0.9144578313253012,0.9132693125604775,0.8642195827059359,0.8759059870016171
68,0.011534647860849751,0.014192762675082562,,False,0.9323225223416005,0.9258915838324226,0.8875858944516692,0.8989778437112474,0.9132530120481928,0.9121015100259385,0.8630967164009269,0.8747628381910538
69,0.011433570937987657,0.014117687177479557,,False,0.9334270509087258,0.9277299538090512,0.8885963297415514,0.9001713249746273,0.91285140562249,0.9109738033957632,0.85934015568572,0.870478410827726
70,0.01135975417696216,0.014109420498108491,,False,0.9341299327241691,0.9278323148426462,0.8900681107267621,0.9015008164334203,0.9136546184738956,0.9079728917556038,0.861761313147562,0.8726557940648492
71,0.01128267857060516,0.01403574865046107,,False,0.9338286976604077,0.9271917809729676,0.8914729283150928,0.9027226767197993,0.91285140562249,0.9071473851462917,0.861041631916851,0.871928726827354
72,0.01121256983720254,0.014002318983380417,,False,0.934531579475851,0.9252488733236645,0.8929602072780385,0.9035223714698858,0.9124497991967871,0.9029577150209964,0.8606764457480325,0.8709820830344697
73,0.01113432114811946,0.01396398452216667,,False,0.9352344612912943,0.9265981026797245,0.8936180517513783,0.9043355588123223,0.9132530120481928,0.9075234258275143,0.8614124826766136,0.8722560605304975
74,0.01106609919794927,0.013902513082208906,,False,0.9352344612912943,0.9286191594498239,0.893188171916208,0.9044349523800214,0.9140562248995984,0.9170199470744471,0.8604490571743395,0.8721789475702254
75,0.011001442466967309,0.0139180353708642,,False,0.9359373431067376,0.9285395363408345,0.8937761150672004,0.9048463630080038,0.9136546184738956,0.9122557420674353,0.8617865941618362,0.8732477628624972
76,0.010926884503659676,0.013862784026131511,,False,0.9361381664825785,0.9290900906853218,0.8952389268220151,0.906276813629832,0.9140562248995984,0.9125901092548655,0.8621028507909801,0.8735861472333853
77,0.010864066876117049,0.013812264187744845,,False,0.9361381664825785,0.929123686183661,0.8952244882217553,0.9062999786359972,0.9140562248995984,0.9126649742747096,0.8621383303986383,0.8736738015091242
78,0.010791823712487662,0.013794888355304678,,False,0.9373431067376242,0.9311938351927207,0.8975931036321505,0.9087195207217178,0.9136546184738956,0.9121979344636814,0.8617731442298197,0.8732286659640504
79,0.010731445451242333,0.013745424802325348,,False,0.9372426950497038,0.9311275510805762,0.8975204839557028,0.9086590741814591,0.9156626506024096,0.9141141188950653,0.8636159098263213,0.8751240615319817
80,0.0106701790976462,0.013688264571764646,,False,0.9376443418013857,0.9307122962028528,0.8974341685770967,0.9084467787528846,0.9136546184738956,0.911755514429091,0.8600858678408281,0.8712597789150753
81,0.01059953731647335,0.013685625797558679,,False,0.9382468119289086,0.9321265723916317,0.8988549401689779,0.9099557866501298,0.914859437751004,0.9132871457119829,0.8628485629460882,0.8743275204468186
82,0.010540600819926298,0.013627514916824368,,False,0.9384476353047495,0.9316069415933631,0.8990593941601244,0.9099731627728959,0.9136546184738956,0.9121973047299142,0.8617693695243297,0.8732606012977142
83,0.010477652768656729,0.013587090396218382,,False,0.9379455768651471,0.9303893072262256,0.8981578521178596,0.9089685425493814,0.9144578313253012,0.9129533541279629,0.8624744514608657,0.8739873420888037
84,0.010432974581689609,0.01360286806044354,,False,0.9393513404960337,0.9319354121518655,0.90027650933952,0.9110195429954503,0.9132530120481928,0.911993443558162,0.861377389536988,0.872895810784187
85,0.010365853013464972,0.013564844674422613,,False,0.9397529872477156,0.9322468707120168,0.9006736742987947,0.9113764778803609,0.9140562248995984,0.9044993559031982,0.8621822119558433,0.8724932546621531
86,0.010300716850080844,0.013500861619840389,,False,0.9386484586805904,0.9324614968648643,0.8992206194505399,0.9103110987111288,0.9160642570281124,0.9147679053054981,0.86563527517547,0.8774084864160437
87,0.010263187050949602,0.013492107888943176,,False,0.9393513404960337,0.9339697834234227,0.900279397269538,0.9115310168999863,0.9152610441767068,0.9132553091474997,0.8615510038300668,0.8727174106505206
88,0.01018978936175281,0.013460186969268883,,False,0.9396525755597952,0.9336486264236302,0.9014152130525416,0.9123925706992869,0.9160642570281124,0.9107540664080032,0.8656474612173339,0.876825784822585
89,0.010155274746677562,0.013415752613878994,,False,0.9407571041269204,0.9336684920453165,0.903662075516778,0.9141700333097522,0.914859437751004,0.913710268025691,0.864517833934136,0.8763070500495627
90,0.010079228129140716,0.013398741698594945,,False,0.9409579275027613,0.9338683739934002,0.9038665620446447,0.9143809551833068,0.9140562248995984,0.9052684503876685,0.8638708557677748,0.8744689368254301
91,0.01002768203338208,0.013376327780398666,,False,0.9414599859423637,0.9349461591077151,0.9043270645004665,0.9149987591833043,0.9144578313253012,0.9056493793220779,0.8642449672529975,0.874850461401446
92,0.009974136365945687,0.013349634721271085,,False,0.9411587508786022,0.9354570898037452,0.9048929508923194,0.9156215985064067,0.9156626506024096,0.9073569161931974,0.8669943184717513,0.8777814196828151
93,0.009934659575110114,0.013334377432342994,,False,0.9417612210061251,0.9338012068764692,0.9066981967662743,0.9165810092047657,0.9152610441767068,0.9104553362770437,0.8665886140996317,0.8779080833371066
94,0.009871235789970737,0.013283529343100463,,False,0.9416608093182046,0.9357823451070387,0.9045119075277219,0.9153452503093964,0.914859437751004,0.909664143470037,0.8645555499043702,0.8757324685803294
95,0.009820659426461676,0.013240396421752247,,False,0.9419620443819661,0.9356352848621854,0.9060538092491236,0.9165647237613916,0.9160642570281124,0.9112325683418656,0.8673495549612821,0.8787044785115796
96,0.009767317804384345,0.013235018007307843,,False,0.9426649261974094,0.9362996798916962,0.9066908773583615,0.9172069710718502,0.9160642570281124,0.9117871618896838,0.8690004828029794,0.8805546761609182
97,0.009726666560754174,0.013196465142423664,,False,0.9430665729490912,0.9368176457729237,0.9078735820781662,0.9182827546280181,0.9168674698795181,0.9125470826806605,0.8697487057734246,0.8813178996887769
98,0.00967304231398786,0.013194218757605488,,False,0.9443719248920575,0.9381178795005096,0.9095153367403969,0.919845306370154,0.9160642570281124,0.9083874165316852,0.869051293745624,0.8799844112327715
99,0.009626181862637542,0.013161388429146036,,False,0.9443719248920575,0.9382308510128929,0.9099436030080125,0.9202437669678944,0.9172690763052209,0.9096102928467071,0.8701736282012917,0.8811624351752863
100,0.009579096164742618,0.013134866479264757,,False,0.9437694547645346,0.9379834127565678,0.907711171953141,0.918398569887516,0.9156626506024096,0.9109406205872721,0.8670368300932932,0.8784240090478519
101,0.009532608552619852,0.01312051988783657,,False,0.9446731599558189,0.9391712765107143,0.910643065083392,0.9210417841695828,0.9172690763052209,0.9095156247467417,0.8702455768539998,0.8812164171435511
102,0.009499737821870635,0.013092789948083782,,False,0.9443719248920575,0.938737403761088,0.9090764275906269,0.9196913802719612,0.9164658634538153,0.9081988076037083,0.8677478689428454,0.8786037838829982
103,0.009443968938793883,0.013074475589530399,,False,0.9452756300833417,0.9385465825567125,0.9116225467134222,0.9215954466994033,0.9176706827309237,0.9066834027578733,0.87061149506363,0.8809873372359586
104,0.009398492197509321,0.013087688376801618,,False,0.9455768651471032,0.938785365371808,0.9114741365438728,0.9215238021899729,0.9164658634538153,0.9027179517494489,0.8694607079487697,0.8792508200107084
105,0.009349598229421925,0.01300160683458777,,False,0.9449743950195802,0.9381319583157445,0.9104768795336212,0.920595136349462,0.9156626506024096,0.9108077545685891,0.8669455009473478,0.8783503547311428
106,0.009320951775467433,0.013036025655862928,,False,0.9458781002108645,0.9391976052694617,0.9125993407763201,0.9225071367552999,0.9184738955823293,0.9073777235459907,0.8713339051704598,0.8816700890336541
107,0.009263664224135347,0.012990814058335135,,False,0.945978511898785,0.9393552447220352,0.9130961756861067,0.9229281472141676,0.9168674698795181,0.9030063547525232,0.8698563342252611,0.879616327229874
108,0.009214975882687146,0.01295434000697925,,False,0.9458781002108645,0.9391615708234475,0.912138701132503,0.922136444418195,0.9172690763052209,0.9123574244014164,0.8684106369365865,0.8798475984693401
109,0.009171836114641849,0.012945437369867576,,False,0.9462797469625465,0.9395945731708983,0.9129435941124578,0.9228646764675944,0.9176706827309237,0.9066239502734198,0.8705105967366682,0.8808678376003135
110,0.009139069408569355,0.012907994674761926,,False,0.9464805703383874,0.9404637149983068,0.913545434738713,0.9235560284644426,0.9168674698795181,0.9058577072937022,0.8697547980034476,0.8801112301406208
111,0.00909523349487008,0.012902994069530764,,False,0.9468822170900693,0.940281387048701,0.914338523756752,0.9241038711784602,0.9184738955823293,0.9060127681778067,0.8746942536047845,0.8845867460040492
112,0.009046824090592338,0.012882218760078211,,False,0.9475850989055126,0.941062133192459,0.9154050135603116,0.9250917557864295,0.9156626506024096,0.9054803060805313,0.8703171264929901,0.8807813295732528
113,0.009003518011490437,0.012851503836573974,,False,0.9473842755296716,0.9407679252887264,0.9148032106416544,0.9245730881634484,0.9180722891566265,0.908376533412973,0.8742504476987413,0.8847750297554661
114,0.00896779683513384,0.012837738605515504,,False,0.947886333969274,0.941287973953325,0.9156837426637505,0.9253683498710209,0.9172690763052209,0.9075610390346155,0.8734958187097136,0.8839897176027893
115,0.008921668920548891,0.012813107104440735,,False,0.9479867456571945,0.9414859481026786,0.9161956796944271,0.9258116074749186,0.9196787148594378,0.9104415878645145,0.87741127989583,0.8879080749975929
116,0.008914957644844285,0.012830898683121516,,False,0.9481875690330355,0.94197570894402,0.9180718902819014,0.9273345992079416,0.9196787148594378,0.9053470041449638,0.8774203944084967,0.8866771599779906
117,0.008852643747771517,0.012770242768788635,,False,0.9486896274726379,0.9423848863358979,0.9180985162048025,0.9274733066405001,0.9176706827309237,0.9034561450631529,0.8755324061836459,0.8848609351096945
118,0.008817645188640926,0.012778331222850053,,False,0.9486896274726379,0.9422299658259051,0.9172492305418246,0.926801851723375,0.9192771084337349,0.9101602578498983,0.8770550284302424,0.8875733836091748
119,0.008778009779143598,0.012736748016324403,,False,0.9489908625363992,0.9427378751399595,0.9192222109176816,0.9284121790122177,0.9188755020080321,0.906971016957741,0.8767113400877238,0.8865788398755081
120,0.008739781595136107,0.012713295452948165,,False,0.9494929209760016,0.9426045010989612,0.9192513793590815,0.9283593302871945,0.9180722891566265,0.9037680132802062,0.8759439932074908,0.8852168763307502
121,0.008688677894682697,0.012725779674216665,,False,0.9494929209760016,0.9432576609606864,0.9196824449959343,0.92888782766847,0.9192771084337349,0.9124258449023426,0.8753587028100251,0.8864972352574603
122,0.008651773920244863,0.012722425992030334,,False,0.9498945677276835,0.9436310991378133,0.9200530701983052,0.9292579251419415,0.9196787148594378,0.9077178291384528,0.8774036956505703,0.887269758674699
123,0.008618521645862905,0.01268488360684749,,False,0.949994979415604,0.9431603476057911,0.9201497724963266,0.9291776301850605,0.9204819277108434,0.9085627880317961,0.8781658028393474,0.888067759560052
124,0.008585396149565902,0.012644323484043766,,False,0.9507982729189678,0.9438909653443636,0.9208802143750636,0.9299056791464921,0.9192771084337349,0.9073436469492838,0.877029769537567,0.8869190290771163
125,0.00854455350467606,0.012668510845040433,,False,0.9504970378552063,0.9442589678489026,0.9210432508220374,0.9301383940855416,0.9184738955823293,0.9041633007256171,0.8762788418970813,0.885555943862151
126,0.008515043916146527,0.012656858143747292,,False,0.9506978612310473,0.9439573495321236,0.9216244762393038,0.9304756857935944,0.9220883534136546,0.9100477288741343,0.8796349231123735,0.8895388631498672
127,0.008472133074001239,0.012645553202760364,,False,0.9510995079827292,0.9443361642083943,0.9220097857676566,0.9308349524546138,0.9192771084337349,0.9026477083342807,0.8770148703431784,0.8857473709696464
128,0.008433544204056518,0.012615106766036518,,False,0.9509990962948087,0.94477432175435,0.9219241830966973,0.9309307892994573,0.9188755020080321,0.9001189816191473,0.8766708134019388,0.8848293668622845
129,0.008401170321926447,0.01261316295097479,,False,0.9515011547344111,0.9458714690715428,0.9227804843877065,0.9318770010799877,0.9196787148594378,0.9052373788251066,0.8773589357669019,0.8866346861674099
130,0.008369813019029875,0.012606213821930012,,False,0.9515011547344111,0.9448525397591465,0.9232012617207176,0.9318483483414742,0.9208835341365462,0.9007207277211869,0.8801712839701644,0.8876328062078822
131,0.008332299208227088,0.012547929448059929,,False,0.9524048599256953,0.9473084229523729,0.9240324696266341,0.9332197851027478,0.9216867469879518,0.9101722031663192,0.8809139122895473,0.8907164897559378
132,0.00829332422483347,0.012554590947989809,,False,0.951902801486093,0.9468465154628609,0.9235720916276493,0.9327702649533646,0.9216867469879518,0.9055379503782355,0.8810021681667313,0.8895847966670583
133,0.008262940778776446,0.012517561923565566,,False,0.9526056833015363,0.9474622928339644,0.9242362907642919,0.9334094634010839,0.921285140562249,0.9030818688302169,0.8805954828397042,0.8886166372805513
134,0.008227278231390509,0.012525784825041764,,False,0.9527060949894568,0.9481458537911425,0.92432004142976,0.933671493025387,0.9216867469879518,0.9077272758646246,0.8809020727248055,0.8900866509600228
135,0.008195171012141879,0.012499445095275449,,False,0.9530073300532182,0.9478745634319097,0.9250115747639719,0.9340912779330937,0.9228915662650602,0.9045073808090653,0.8820536809610191,0.8900880694860182
136,0.008170572148088822,0.01252267242692456,,False,0.9532081534290592,0.9482239417191912,0.9260447673059227,0.9349081754783207,0.9216867469879518,0.9022254466223999,0.8826094146426937,0.8898780787530889
137,0.008129512564810308,0.012486301842795632,,False,0.953609800180741,0.9490990754327034,0.9259994268615758,0.935171629592566,0.921285140562249,0.9052010112781463,0.8805954828397042,0.8891789166427824
138,0.008098053172479695,0.012456320369794084,,False,0.9539110352445025,0.9493820431509806,0.9262701397097152,0.9354432201742322,0.9236947791164659,0.9074160085833642,0.8828036021079322,0.8914210933244748
139,0.008058809800704655,0.01245434539565045,,False,0.9537102118686616,0.949636415665693,0.9256617340640975,0.9350988131597155,0.9220883534136546,0.908089149507848,0.8813290004704641,0.8904953738215389
140,0.00803465733568956,0.012463390721896042,,False,0.9543126819961844,0.9494912092828408,0.9291640059877465,0.937507197344991,0.9236947791164659,0.90809319835327,0.8845280804871282,0.8929836694541249
141,0.008012427181602519,0.012432904891968962,,False,0.9543126819961844,0.950897241436671,0.9266492512425933,0.936172556101285,0.9208835341365462,0.8981605814123539,0.8784359784895602,0.8855438115757708
142,0.007965663366104875,0.012405188428885943,,False,0.9553167988753891,0.9514990223583397,0.9296688771735538,0.9384995273507966,0.9224899598393574,0.9013753716184749,0.8799495693742423,0.8876173682231795
143,0.007932743786726607,0.01239407827013258,,False,0.9548147404357867,0.9509866835335716,0.9292009983044441,0.9380259322947366,0.9236947791164659,0.9033323015287782,0.8828120049618221,0.8903218545006211
144,0.007907407135258263,0.012388040703586428,,False,0.9546139170599458,0.9507295388196402,0.928185252143614,0.9372248012270998,0.9224899598393574,0.9054572657249985,0.8799647578406433,0.8886370248527483
145,0.007875690683287657,0.012402118644834148,,False,0.9550155638116277,0.9506518197008543,0.9298114828302422,0.9383293232404504,0.9244979919678715,0.9067471291174455,0.8852311177700741,0.8930946926292075
146,0.007846847613716627,0.012409067295402306,,False,0.9556180339391506,0.9513088064115632,0.9307764540904571,0.939194148472375,0.923293172690763,0.901924114916448,0.8840552265306745,0.8908527965998156
147,0.007822151806083158,0.012398548970305656,,False,0.9561200923787528,0.9522179610833239,0.930829577996876,0.9395276791724441,0.923293172690763,0.9056415493817891,0.8840800329007175,0.8920010938192324
148,0.007784763363130126,0.012374277980838821,,False,0.9561200923787528,0.9528683718876878,0.9312467645725688,0.9400280444464211,0.9240963855421687,0.9044962624705857,0.8847849515866331,0.8921319798606215
149,0.007747553651824836,0.012325325832408413,,False,0.9563209157545939,0.9524213858572725,0.9310221769108836,0.9397174470092702,0.9257028112449799,0.9078735205140958,0.8862828879609422,0.8941732074244579
150,0.007719870821670981,0.012323652266904782,,False,0.9562205040666734,0.9534580625942082,0.9313581401829342,0.9403059590840438,0.9253012048192771,0.9074475215656914,0.8859209625175837,0.89376215156066
151,0.0076893684328157045,0.012297224903756161,,False,0.9569233858821167,0.9546357682492465,0.9315725619376843,0.940827351754423,0.9257028112449799,0.9091227729780537,0.8845737503035599,0.8931685004221248
152,0.007658434450958093,0.012284864107009467,,False,0.9573250326337985,0.9539508886510715,0.9327664684122623,0.9414238279509328,0.9257028112449799,0.9023527919453014,0.8862572519870616,0.8924887486036988
153,0.007630987080798733,0.012279594634338193,,False,0.9573250326337985,0.954007850867645,0.93319037760527,0.9417353414087858,0.9257028112449799,0.9059228580220032,0.8862572519870616,0.8935902778942781
154,0.007607433665488589,0.01229708473818151,,False,0.9573250326337985,0.9550400452462919,0.9323507384273488,0.9414925518686128,0.9240963855421687,0.9036695509923507,0.8831001944954628,0.890575610037923
155,0.0075783389431840625,0.012260746723343999,,False,0.9578270910734009,0.9555283696965812,0.9332348899948847,0.9422666137298175,0.9265060240963855,0.90397086956457,0.8853071644015328,0.8922650984322195
156,0.007545799766300538,0.012257457942106958,,False,0.9577266793854805,0.9554691107658422,0.9331434357315044,0.9421813496472402,0.9248995983935743,0.9043837015375507,0.8838171075142564,0.8913018704362309
157,0.007518292215480618,0.012241738611083434,,False,0.9583291495130033,0.9554428481198168,0.9336925118962424,0.9425452159597051,0.9261044176706827,0.9054408659253187,0.8848822334911813,0.8923896726130517
158,0.007488745469890519,0.01224557401653175,,False,0.9587307962646852,0.9564325519785872,0.9349017788741159,0.943707011099558,0.9265060240963855,0.9084514046616623,0.8869906576025501,0.8948635019325157
159,0.007458074255034161,0.012207217416568347,,False,0.9586303845767647,0.9563837523955496,0.9352284534127784,0.9439184608911823,0.9265060240963855,0.9047599489928574,0.8869449972708197,0.8937197634987223
160,0.0074323332590562185,0.012193595921800056,,False,0.9586303845767647,0.9563961123154758,0.9356548835119164,0.944216414539504,0.9265060240963855,0.9039784577575569,0.8852666461982319,0.8922149903582791
161,0.007409964832641694,0.012217241491662232,,False,0.9584295612009238,0.9551399112402879,0.9354589910062805,0.9436397853474284,0.9261044176706827,0.9026997927471123,0.8865785472118483,0.892800094449836
162,0.007376905404556405,0.01218500775735166,,False,0.9588312079526057,0.9565891958398842,0.9358312675275994,0.9443959969634343,0.9265060240963855,0.9046936423250875,0.8869475165686409,0.8936958886352551
163,0.007355287597806356,0.01216993456949683,,False,0.9591324430163671,0.9568625018206761,0.9361062929727514,0.9446694070331506,0.9265060240963855,0.9047472816969397,0.8869526671795549,0.8936901973804202
164,0.00732349357224891,0.012163390444232506,,False,0.9597349131438899,0.9573916143646114,0.9366712116776635,0.9452259797102681,0.9281124497991968,0.906204018703863,0.8884414516941942,0.8952184629362507
165,0.007306688340166111,0.012187770943502454,,False,0.959534089768049,0.9566692648495676,0.93649697927084,0.9448611272483594,0.9257028112449799,0.9022886598720693,0.8862320770182976,0.8924287225665845
166,0.007273305687029521,0.012133833809234605,,False,0.9591324430163671,0.9568536440314654,0.9361116284402718,0.9446733263329548,0.9265060240963855,0.9039678358230118,0.8852615040698022,0.8922275491038758
167,0.007243912672580516,0.012153184139694106,,False,0.9600361482076514,0.9576796345846808,0.9369536349060671,0.9455087995582571,0.9261044176706827,0.902692761492009,0.8865855911252821,0.8928101557626419
168,0.007218562885308638,0.012138510628089513,,False,0.9600361482076514,0.9576660464736051,0.9369535555790647,0.9455056912168244,0.9265060240963855,0.9021641080144968,0.8852762009270032,0.8916795621148312
169,0.007193907263694258,0.012137058959926368,,False,0.9601365598955719,0.9577717444639704,0.9370482117927781,0.9456034507480344,0.9265060240963855,0.9021659759707842,0.8852762009270032,0.8916758472552608
170,0.007169493559267927,0.012109948023204704,,False,0.9600361482076514,0.9576844374568538,0.9369527258666523,0.9455089597537205,0.9269076305220884,0.9069576472263675,0.8873216365363478,0.8946389915565008
171,0.0071427872589016695,0.012100195097827374,,False,0.9596345014559695,0.9573015002430549,0.9365792531063541,0.9451320250932432,0.9253012048192771,0.9028262520087943,0.8841538664713353,0.8910687480780375
172,0.007115535277089734,0.012083892361100659,,False,0.9605382066472538,0.957624647059593,0.9378217679368811,0.9460678948341568,0.9261044176706827,0.9018243342352724,0.884895683423198,0.8913134602215942
173,0.0070909991002497995,0.012071052730096326,,False,0.9607390300230947,0.9583505977685038,0.9380090617893333,0.9464450152212032,0.927710843373494,0.9058649026634503,0.8880743841224058,0.8948493499977749
174,0.007071009220815786,0.012104269941862334,,False,0.9610402650868561,0.9586018022825198,0.9378740291343506,0.9464317491185853,0.9265060240963855,0.9065199377941915,0.8869597026105047,0.8942555840324206
175,0.007039553573241359,0.012070466094805813,,False,0.9607390300230947,0.9583423457527576,0.9380134882174388,0.9464440336549161,0.9265060240963855,0.9064959025929509,0.8869609665006576,0.8942386419226369
176,0.007016546102361877,0.012061304896528055,,False,0.9608394417110152,0.9579003318153211,0.9381050218078215,0.9463508784836628,0.9281124497991968,0.9080193259556464,0.8884549016262109,0.8957682348215739
177,0.006995287163376665,0.012038543683402127,,False,0.9604377949593332,0.9581551099023952,0.9381458821171808,0.9464709924104705,0.9253012048192771,0.9028622533696997,0.8841487243429056,0.8910854509455124
178,0.006967987955037128,0.01202184881913357,,False,0.9612410884626971,0.9588293340375132,0.9384695884659308,0.9469178737124556,0.9265060240963855,0.9057318001106124,0.8852253899843585,0.8927089151152872
179,0.00694153907165222,0.012023428970785266,,False,0.9611406767747765,0.9587530881660142,0.9387944067105782,0.9471062904717089,0.9273092369477912,0.9062754081017381,0.8893875490261747,0.8959364552505372
180,0.006925915479685772,0.012007114821938135,,False,0.9612410884626971,0.9589054205812625,0.9393036290464486,0.9475000500302322,0.9265060240963855,0.9055018386496507,0.8885936572415147,0.8951405319968787
181,0.006898794934965525,0.011994473974880845,,False,0.961441911838538,0.9585306567641612,0.9394952559067148,0.9474888305056139,0.9265060240963855,0.9038963543088612,0.8886342874600869,0.8946567704504608
182,0.006874255216587865,0.0119930531469725,,False,0.961441911838538,0.95859739226799,0.939902499861528,0.9477888239740069,0.9269076305220884,0.9034133174815648,0.8872830031530827,0.8935319497325024
183,0.006853854051871315,0.012019826698380089,,False,0.9619439702781404,0.9590225206367798,0.9399509645868857,0.9479602031054668,0.9265060240963855,0.9064977632859006,0.8869532965919222,0.8942490926665604
184,0.0068229231712217215,0.011984845340130253,,False,0.9621447936539813,0.959262543188868,0.9409792204344273,0.9487231727661904,0.9269076305220884,0.907611175816893,0.8889665048365845,0.8960745425042094
185,0.006801199988168031,0.011991079088417404,,False,0.9621447936539813,0.9592884227325214,0.94141136864993,0.9490155376566308,0.9273092369477912,0.90799122387268,0.8893875490261747,0.8964719374950493
186,0.006780880383822638,0.011977548161072465,,False,0.9620443819660609,0.9591664372454188,0.9408911761843404,0.9486272724050843,0.9261044176706827,0.9051475409042636,0.8882639506803542,0.8947961673158638
187,0.0067568782473198695,0.01197380801739299,,False,0.9624460287177428,0.9610928994268578,0.9404084658880633,0.9489892502751344,0.9269076305220884,0.9069238646641585,0.8873299358574505,0.8946411353673989
188,0.0067333507354724546,0.011954130446140864,,False,0.9625464404056632,0.9596704398335305,0.9417613212114403,0.949377146161225,0.9281124497991968,0.9053733860399882,0.8901357719966198,0.8961574757123846
189,0.006707624832628963,0.01194810368239741,,False,0.9626468520935837,0.9597786589996569,0.9418517559721153,0.9494775994292863,0.927710843373494,0.9076338626697361,0.8880324900136807,0.8953549643276537
190,0.0066933246521039234,0.011933968354979292,,False,0.9625464404056632,0.9606597660720602,0.9404923680121144,0.9488930615408516,0.9269076305220884,0.9069347192821472,0.8873299358574503,0.8946434255150919
191,0.006664264547024969,0.011928435180841234,,False,0.9625464404056632,0.9596848124525336,0.9417648386001309,0.9493844263575804,0.9273092369477912,0.9079892528402672,0.8893431441021126,0.8964430184110105
192,0.006656142037592271,0.011932918849248327,,False,0.9628476754694246,0.9600500608425013,0.9432993047942665,0.9505026529849663,0.9269076305220884,0.9059138947098379,0.8889754386354726,0.8954949086746274
193,0.006617849718795684,0.011909325695377719,,False,0.9632493222211065,0.960892119810805,0.9432501721663316,0.9507868242696189,0.9293172690763052,0.9098261990658413,0.8912162293085311,0.898306830669199
194,0.006610319878038617,0.011927789095669926,,False,0.9632493222211065,0.9608908214992664,0.9432444229210577,0.9507848443304119,0.9285140562248996,0.9091210020748964,0.8904578171315293,0.8975852327272418
195,0.006578428094880576,0.011906836076297065,,False,0.9630484988452656,0.960663364712264,0.942223044127017,0.950035336504402,0.9285140562248996,0.9091400520388362,0.8904654785577804,0.8975868987442079
196,0.006557781739599025,0.011880623167985774,,False,0.9636509689727885,0.9618064910271001,0.9440378905531414,0.951632885783957,0.9289156626506024,0.9087817852853173,0.8891535775441644,0.8964903315793984
197,0.0065498337169296135,0.011894351667929473,,False,0.9631489105331861,0.9618139891802995,0.9423091790377757,0.9505028038052006,0.9273092369477912,0.9072970269581053,0.8876571316032739,0.89496644242632
198,0.006528394434914819,0.0119240509637543,,False,0.9640526157244703,0.9622223115854989,0.9448318733894041,0.9522927229205307,0.9293172690763052,0.9098382968982747,0.8912111907128887,0.8983214376224922
199,0.006504645420534268,0.011892132037656804,,False,0.9637513806607089,0.9619030753986776,0.9441211337426793,0.951726803968831,0.9289156626506024,0.9087289126852914,0.8891459161179132,0.8964727503292925
200,0.00647241164193422,0.01187460356131166,,False,0.9639522040365499,0.9620577262195972,0.943891543213379,0.9516228065878009,0.9289156626506024,0.9087822505767864,0.8891992463583792,0.8965254551055026
201,0.006452061530919647,0.011855689501727055,,False,0.9641530274123908,0.9617806310063446,0.9449254490460771,0.9521819149963326,0.929718875502008,0.9102448764061875,0.8915840467904427,0.8987119336777298
202,0.0064349029083591806,0.011824646043253924,,False,0.9639522040365499,0.9620961243247032,0.9443145533330978,0.9519146331292048,0.929718875502008,0.9095255133959174,0.889901817479578,0.8972319740460372
203,0.00640998594910412,0.011824782897542631,,False,0.9640526157244703,0.962176222285493,0.9444079240147037,0.951999529308925,0.929718875502008,0.9095192818454115,0.8899030728872466,0.8972306108355418
204,0.006390080583970203,0.011852579999631395,,False,0.9641530274123908,0.9617883076956529,0.9449237276367928,0.9521807770584427,0.9301204819277108,0.9105485883206372,0.8919619414636393,0.8990445022067394
205,0.00636665143148924,0.011834114776370365,,False,0.9643538507882318,0.9625426751129726,0.9455233224587379,0.9528524789792172,0.9309236947791165,0.9120717618537625,0.8943924107099177,0.9012929955547081
206,0.006345611473428638,0.011826653142104617,,False,0.9647554975399136,0.9628974463942441,0.9458920321730075,0.9532161277357785,0.9309236947791165,0.9120717618537625,0.8943924107099177,0.9012929955547081
207,0.0063312640814261,0.01182568446115951,,False,0.9648559092278342,0.962423417085637,0.9455602090596228,0.9528243283302326,0.9305220883534137,0.9117299930959712,0.8940627041487572,0.9009594753670486
208,0.006309495155720375,0.01179937599428614,,False,0.9651571442915955,0.9633018994356219,0.9466809949801076,0.953866618083196,0.9305220883534137,0.9117101793073173,0.8940182992246951,0.9009193428163349
209,0.006295242912045405,0.011787735456159585,,False,0.9647554975399136,0.9623679804217622,0.9458911041211991,0.953020039640529,0.9301204819277108,0.9106313273653986,0.8919594221658179,0.8991040236458934
210,0.006271991400321457,0.011796808851717197,,False,0.9654583793553569,0.9630730279961168,0.9469731007771346,0.9539587726584391,0.9309236947791165,0.9120516245924887,0.8943924107099177,0.9012796569482204
211,0.006252463971412599,0.011780610728451964,,False,0.9654583793553569,0.9635529310774322,0.9469647921036225,0.9541387675604077,0.9301204819277108,0.9113128582396237,0.8936441877394725,0.9005392331837349
212,0.006232801567683161,0.01176299083153236,,False,0.9653579676674365,0.9629552843899227,0.9468643866446352,0.9538525544168449,0.9309236947791165,0.9120570572920315,0.8943924107099177,0.9012852777962694
213,0.006216046753795162,0.011764612642998235,,False,0.9656592027311979,0.9632363746481715,0.9471562280821106,0.9541380862518783,0.9313253012048193,0.9124108417931338,0.8947665221951403,0.901651434983483
214,0.006190721862537307,0.011761743291662515,,False,0.9654583793553569,0.9630597194877267,0.9469672921473765,0.9539489097625502,0.9313253012048193,0.9124334570193707,0.8947665221951403,0.9016745919888884
215,0.006175287495481014,0.011744687835257703,,False,0.9654583793553569,0.9630680541830358,0.9469660066152691,0.953948523560024,0.9305220883534137,0.9110736881450054,0.8923347975411934,0.8995042431446058
216,0.006156514306929422,0.011734423580483754,,False,0.9660608494828798,0.9636312757165911,0.9479427091181242,0.954778489308654,0.9309236947791165,0.9121190823723629,0.8943924107099177,0.9013262505290851
217,0.006137220494568812,0.011767511929341537,,False,0.9657596144191184,0.9633140765782922,0.9468209248650962,0.9539518189654176,0.9301204819277108,0.9113117513842478,0.8936441792569882,0.9005479584500576
218,0.006117887074521009,0.011743259062523402,,False,0.9657596144191184,0.9633063716436546,0.9468271099875469,0.9539517577807999,0.9305220883534137,0.910982911452658,0.8923335336510405,0.8994790514199589
219,0.0060998415854548755,0.01173421960382783,,False,0.9659604377949593,0.9635114454381378,0.9474320402770123,0.9544123024118785,0.9313253012048193,0.9124334570193707,0.8947665221951403,0.9016745919888884
220,0.006083998523533224,0.011746077134578361,,False,0.9663620845466412,0.9638860711184873,0.9478028552696761,0.9547858536198106,0.9309236947791165,0.912053576436873,0.8943911468197648,0.9013020041517597
221,0.006069797400024122,0.011716148546743741,,False,0.9659604377949593,0.9635062557825486,0.9470101961807058,0.9541372269742285,0.9305220883534137,0.9117159242048726,0.8940195631148479,0.9009077118693732
222,0.006045308208532297,0.011715756894727482,,False,0.9666633196104026,0.9637137489552564,0.9489179401261985,0.9554121503374632,0.9321285140562249,0.9131548968435221,0.8955147536480698,0.9024062156976724
223,0.006037361511528808,0.011681970331177509,,False,0.9661612611708003,0.963666275123241,0.9471951004526945,0.9543167006806286,0.9309236947791165,0.9113935021483416,0.8927198396606113,0.899865673363605
224,0.006018555031305897,0.011724911427086206,,False,0.9665629079224822,0.9636257651507447,0.9488233250243021,0.9553235204436342,0.9317269076305221,0.9127829734239329,0.8951418975705155,0.9020291236450397
225,0.00599377275031527,0.011713271697347488,,False,0.9669645546741641,0.9640093680122656,0.9491947998816035,0.9556964233147094,0.9313253012048193,0.9124572112801876,0.8947665221951403,0.9016658860219214
226,0.005975275999557888,0.011707352303672341,,False,0.9665629079224822,0.9641352443610024,0.9488238171989334,0.9555193814037983,0.9313253012048193,0.9124334570193707,0.8947665221951403,0.9016745919888884
227,0.005958459633780653,0.011698441777934016,,False,0.9670649663620845,0.9640972849226586,0.9492911446993256,0.9557860976234238,0.9313253012048193,0.9124247667891748,0.8947665221951403,0.9016571726067389
228,0.005940622106301583,0.011664987203621292,,False,0.9669645546741641,0.9639941515114681,0.9491959369264964,0.9556915263274406,0.9321285140562249,0.9131561940057197,0.8955147536480698,0.9023934092396284
229,0.005930455115913665,0.011664777010155825,,False,0.967165378050005,0.9647162512223216,0.94980430527765,0.9563522035889418,0.9309236947791165,0.9120591630009067,0.8944020859364445,0.9012903801622767
230,0.0059101417786522024,0.011665304478872205,,False,0.967165378050005,0.9642022318039873,0.949375204547257,0.9558800045334068,0.9317269076305221,0.9127755057437906,0.8951393782726943,0.9020214945953486
231,0.005890677179664563,0.011675175081524117,,False,0.9678682598654483,0.9649131570256857,0.9508660450986035,0.9570749929853175,0.9321285140562249,0.9131561940057197,0.8955147536480698,0.9023934092396284
232,0.0058740596669718086,0.011662082999860253,,False,0.9677678481775278,0.964804564735387,0.9507698168929445,0.9569703237803568,0.9317269076305221,0.9128079502348034,0.8951393782726943,0.9020302080105311
233,0.0058607041861333704,0.011648737504959721,,False,0.9676674364896074,0.9647059189400127,0.9506874373424805,0.9568816804824929,0.9313253012048193,0.9124235774425787,0.8947851227380712,0.901646637116762
234,0.005851214375665176,0.011665440251749112,,False,0.9676674364896074,0.9647077903202848,0.9506823289494508,0.9568869389327495,0.9317269076305221,0.9127510821428793,0.895152828204711,0.9020201899699062
235,0.005824319073895986,0.011642429068491209,,False,0.9678682598654483,0.9649052702739996,0.9508684446451929,0.9570720644335251,0.9325301204819277,0.9142023633195436,0.8975723668167939,0.9041847962103782
236,0.0058081022727067885,0.011639167188139649,,False,0.9676674364896074,0.96469359448314,0.9506809840328589,0.9568740267503129,0.9317269076305221,0.9127805958429277,0.8951406421628472,0.902015060951629
237,0.005799360556883531,0.011662559866687086,,False,0.9679686715533689,0.9649821919270161,0.9509612637676832,0.9571596482343944,0.9325301204819277,0.9142023633195436,0.8975723668167939,0.9041847962103782
238,0.00577573668017005,0.011619909463369604,,False,0.9680690832412893,0.9650846769648709,0.9510497721440065,0.9572551645800255,0.9313253012048193,0.9124218194984669,0.8947774528293356,0.9016564170552223
239,0.005767296949766552,0.011617490359839088,,False,0.9679686715533689,0.9654850485735312,0.9509663721607128,0.9573593621382724,0.9317269076305221,0.9128067012261716,0.8951470481814296,0.9020121691863027
240,0.005743270528372581,0.011636184760022926,,False,0.9679686715533689,0.9649942717822879,0.9509565582561564,0.9571603510691618,0.9329317269076305,0.9152164884478862,0.8996165300535015,0.9059361552623773
241,0.005728618162705962,0.011603862513980889,,False,0.9684707299929712,0.9654808456557369,0.9518500505660108,0.9578997408131007,0.9317269076305221,0.9135090936027981,0.896832555182723,0.9034544865987721
242,0.005716838933302167,0.011642135791588583,,False,0.9682699066171302,0.965316031127331,0.9516601353102637,0.9577207681003812,0.9325301204819277,0.9142340665164453,0.8975589168847772,0.9041865906150769
243,0.005697551096785848,0.011600065914084438,,False,0.9681694949292098,0.9652283667822739,0.9515654790965503,0.9576260145454724,0.9325301204819277,0.9142288657714401,0.8975601807749302,0.9041812304480208
244,0.005686327277226754,0.011629012819588159,,False,0.9683703183050507,0.9654012313755439,0.951750383368539,0.9578075951786472,0.9329317269076305,0.9145976949586418,0.897891142743759,0.9045284761990485
245,0.005665208929059062,0.011602439931381828,,False,0.9683703183050507,0.9654003934292048,0.951750383368539,0.9578088270210446,0.9329317269076305,0.9145823102873616,0.8979342922601526,0.9045497918441742
246,0.005657635555455589,0.01159561113913894,,False,0.9682699066171302,0.9652943063956556,0.9516622103730911,0.9577062364299658,0.9321285140562249,0.9131940295743592,0.8955089736247884,0.9023859497355282
247,0.0056367753489935946,0.011580289307799935,,False,0.9685711416808916,0.9655796922686969,0.9519369679379951,0.9579911907259986,0.9321285140562249,0.9138118625414988,0.8972104413734354,0.9038020459081321
248,0.005620110245151027,0.011571788343895446,,False,0.9685711416808916,0.9655779283778028,0.9519458207942062,0.9579955868794467,0.9333333333333333,0.9155955864372766,0.9000137666972677,0.9063223878285724
249,0.005603925527266891,0.01158439577991724,,False,0.9686715533688122,0.9656745332353586,0.9520339344051697,0.9580889196023522,0.9325301204819277,0.9141959864179634,0.8975723668167939,0.9041759542306119
250,0.005587971314224534,0.011566918807810914,,False,0.9686715533688122,0.9656646817057446,0.952035693099515,0.9580819333320009,0.9317269076305221,0.9134723556153015,0.8968241438463489,0.9034294703882235
251,0.005573442397292538,0.011562114434589014,,False,0.9687719650567326,0.9657637084209075,0.9521290637811209,0.9581787296310365,0.9325301204819277,0.9142237370334048,0.8975711114091255,0.9041885677204609
252,0.005579307373713809,0.011561982937828319,,False,0.9685711416808916,0.9655802723791174,0.9519440027153764,0.9579919844515362,0.9321285140562249,0.9145230705386277,0.8988978297776984,0.9052062519870661
253,0.005545410244986157,0.01155915436553048,,False,0.9686715533688122,0.9656819528261722,0.9520339344051697,0.9580918848266684,0.9329317269076305,0.9152197671601877,0.8996287245778498,0.9059375919769023
254,0.005529790442280321,0.011561872700622899,,False,0.9686715533688122,0.9656768192102734,0.9520339344051697,0.9580892922747624,0.9329317269076305,0.9152118714383861,0.8996299799855182,0.9059341759354574
255,0.0055214148179143965,0.011539162352356639,,False,0.9685711416808916,0.9656254005332114,0.952361971942693,0.9582694242827409,0.9325301204819277,0.9148287722646652,0.8992680545421595,0.9055602099827169
256,0.005501793964129237,0.011550126219270287,,False,0.9689727884325735,0.9659520213208387,0.9523084427952965,0.9583619907741414,0.9325301204819277,0.9148636276674699,0.8992546046101428,0.9055709747063604
257,0.005485304507820912,0.011534805922896843,,False,0.9688723767446531,0.9658891124675765,0.9526366701231128,0.9585379595779394,0.9333333333333333,0.9155723378182634,0.8999596865466789,0.9062766982480205
258,0.005473741063331201,0.011548166843516172,,False,0.9688723767446531,0.9658546057662141,0.9522133134193452,0.9582663105833577,0.9333333333333333,0.9155776051847389,0.9000040914707408,0.9063067702249915
259,0.005461519512959443,0.011521777896438759,,False,0.969073200120494,0.9660784067679882,0.9528269288750154,0.9587257009405741,0.9325301204819277,0.9148496531351754,0.8992114635762337,0.9055302041992628
260,0.005444950942044198,0.01154205524577319,,False,0.9688723767446531,0.9658810919371472,0.9526366701231128,0.9585336906697238,0.9337349397590361,0.9159380715646159,0.9003337980319015,0.9066492925375544
261,0.005435829841234333,0.01151778209474791,,False,0.9691736118084145,0.9661602381756743,0.9529120875526544,0.9588118946861238,0.9337349397590361,0.9159588003161017,0.9003769475482949,0.9066879451109937
262,0.0054192132741491825,0.011511627635980154,,False,0.969073200120494,0.966057549178849,0.9524035721712478,0.9584631884967513,0.9329317269076305,0.9152528066253551,0.8995830557636348,0.9059261211622012
263,0.005404532767609816,0.011515007787181798,,False,0.969073200120494,0.9660530923096133,0.952400527944795,0.9584600302563191,0.9333333333333333,0.914942915295679,0.8983193343795707,0.904929723406148
264,0.005387214902013995,0.011507105912016397,,False,0.969073200120494,0.9660818904593644,0.9528191900332863,0.9587268545222591,0.9333333333333333,0.9155723378182634,0.8999596865466789,0.9062766982480205
265,0.005383470347246186,0.011518946384089051,,False,0.9694748468721759,0.966453636977624,0.9531877137848824,0.9590924193205598,0.9317269076305221,0.9128198699547065,0.8951013793672149,0.9019914800633987
266,0.005374260444534577,0.011529934172646005,,False,0.9695752585600964,0.9665678301841462,0.9537019593991695,0.959455285342367,0.9329317269076305,0.915209408974466,0.89959577365484,0.9059349671236367
267,0.0053501286857167455,0.011491921330252217,,False,0.9697760819359373,0.9667605237156222,0.9538903810598488,0.9596460316678053,0.9329317269076305,0.9136070156161402,0.8996274606876971,0.9053799024923178
268,0.005335038001037892,0.011490366184962636,,False,0.9696756702480168,0.9666605894214828,0.9538008743509823,0.9595468586739003,0.9333333333333333,0.9155999125518629,0.8999584311390103,0.9062893488988366
269,0.005321636594676719,0.011493113753321647,,False,0.9699769053117783,0.9669684618819215,0.9544927592974928,0.9600871574984866,0.9329317269076305,0.915219839421916,0.8995855750614563,0.905908126645498
270,0.005307789255628898,0.011478881890873593,,False,0.9697760819359373,0.9667604519313537,0.9538895504173119,0.9596414192046674,0.9329317269076305,0.9152610040092308,0.8996274606876971,0.9059605673473372
271,0.005294190265931834,0.01147066095527864,,False,0.9699769053117783,0.9669381126548147,0.9540766865458838,0.9598273270879913,0.9325301204819277,0.9132116827463328,0.8992076803882595,0.9049767052940906
272,0.005283654132678371,0.011483254573823683,,False,0.9699769053117783,0.9669643030807854,0.9540740972090015,0.9598359029792238,0.9329317269076305,0.9135719629924944,0.8995830557636348,0.9053348696683516
273,0.005271844388784357,0.01146297949401532,,False,0.9701777286876192,0.9671705917205542,0.95468125935505,0.9602815182049496,0.9325301204819277,0.9132116827463328,0.8992076803882595,0.9049767052940906
274,0.005256010797601895,0.011461953260819436,,False,0.9701777286876192,0.9666904938687328,0.9546782944555997,0.9600837672739981,0.9325301204819277,0.913229249118168,0.899245679293739,0.9050180477747308
275,0.0052426782751055605,0.01146894459251246,,False,0.9701777286876192,0.9671645009002398,0.9546795006607047,0.9602802533621672,0.9329317269076305,0.9135580997160386,0.8995753858548995,0.9053434382445903
276,0.005233209705030001,0.01147160762205449,,False,0.9701777286876192,0.9671657299368052,0.9546795006607047,0.9602814663210939,0.9329317269076305,0.9135239143226512,0.8995753858548995,0.9053385414812711
277,0.005217701140535524,0.01145063791576425,,False,0.9700773169996988,0.9670742596805769,0.9545925832887203,0.9601901312679382,0.9329317269076305,0.9135744962502138,0.8995817918734821,0.905349510535645
278,0.00520718542788169,0.01144877726688993,,False,0.9703785520634601,0.9673519527968987,0.954866716116279,0.9604676829400849,0.9329317269076305,0.9135580997160386,0.8995753858548995,0.9053434382445903
279,0.005194450237898315,0.011441656286365396,,False,0.9702781403755397,0.9672454942378766,0.9547823880811769,0.9603723933704765,0.9329317269076305,0.9135773136268346,0.8996210546691142,0.9053863401782638
280,0.005183168872302302,0.011464493588192466,,False,0.9703785520634601,0.9669164364105972,0.9552872152959936,0.9605366328202416,0.9325301204819277,0.9132145001229536,0.8992533492024744,0.9050108824866062
281,0.005167190328712739,0.01145390445142064,,False,0.9706797871272216,0.9672178014175505,0.9559859110324251,0.9610778029659842,0.9325301204819277,0.913229249118168,0.899245679293739,0.9050180477747308
282,0.00515638397597585,0.0114517480252416,,False,0.9707801988151421,0.9673119238058173,0.9560792033171531,0.9611713235380593,0.9329317269076305,0.9135695438356275,0.899641442469055,0.9053951158165519
283,0.005141875738727447,0.011438474795111075,,False,0.9708806105030625,0.967401910009342,0.9561678793834828,0.9612611663419413,0.9337349397590361,0.9149018333033696,0.9020058551011778,0.9074310289945812
284,0.005130522824214478,0.011438546774512,,False,0.9707801988151421,0.9673058963589032,0.9560792033171531,0.9611677932079665,0.9329317269076305,0.914215469339055,0.9012588875384012,0.9066918531968007
285,0.00511926211055404,0.01142768390263613,,False,0.9706797871272216,0.9672162839864957,0.9559858326355472,0.9610746569045463,0.9321285140562249,0.9128370190217705,0.8988728316986693,0.9046359832173346
286,0.0051047821811029195,0.011415533358990275,,False,0.9707801988151421,0.9673178219584783,0.9560792033171531,0.9611736819012352,0.9333333333333333,0.9139056564058244,0.8999495058226064,0.9057180689985161
287,0.005094168121383843,0.011421066941569774,,False,0.9707801988151421,0.9672989766711425,0.9560745087018768,0.9611627892222757,0.9337349397590361,0.9149587843733666,0.9020502685077241,0.9074811262707748
288,0.0050882202654578615,0.011412588086984636,,False,0.970981022190983,0.967513851792719,0.9562669703318432,0.9613651968136734,0.9317269076305221,0.9124532627559394,0.8984962009156254,0.9042650741807551
289,0.005070511667080408,0.01140984975549789,,False,0.9710814338789036,0.9675784947032133,0.9563551732359349,0.9614432280138685,0.9333333333333333,0.9145728358496821,0.9016317436159552,0.9070665012840363
290,0.005058314731105693,0.01139572168063238,,False,0.9710814338789036,0.9675957833823924,0.9563551732359349,0.9614507912376276,0.934136546184739,0.915306294905047,0.9023799750688847,0.9078157879756448
291,0.005047827045423556,0.011415557267125075,,False,0.971181845566824,0.9676744197132331,0.9564490170797788,0.9615376286802656,0.9329317269076305,0.913571165214194,0.899618535371293,0.9053839609144393
292,0.00504464858588395,0.0114181953511585,,False,0.9713826689426649,0.9678828245709075,0.957054342134604,0.9619818336375814,0.9337349397590361,0.9149616829198277,0.9020237236032972,0.9074620444457463
293,0.005028070437652341,0.011397682784240215,,False,0.9712822572547445,0.967835256515752,0.9573797119383674,0.9621523871559872,0.9329317269076305,0.914197157774522,0.9012588960208855,0.9066897105371636
294,0.005012607327481025,0.01140993089486119,,False,0.9712822572547445,0.9678029841381767,0.9569610498498761,0.9618931144043812,0.9333333333333333,0.9145243733934332,0.9016317436159552,0.9070534767037253
295,0.0050014893640519574,0.01137823928639764,,False,0.9714830806305854,0.9680143495037183,0.9575663749047014,0.9623367262439615,0.9337349397590361,0.9149424253468411,0.9020058635836621,0.9074430395015519
296,0.004988262511740563,0.011372142078184103,,False,0.9715834923185058,0.9681627127594107,0.9580790385609169,0.9626960383830236,0.9337349397590361,0.9149424253468411,0.9020058635836621,0.9074430395015519
297,0.004977752146379248,0.011372142855533413,,False,0.9715834923185058,0.9681143642985313,0.9576602980755476,0.9624296384579704,0.934136546184739,0.9152923029361136,0.9023824943667059,0.907802586917467
298,0.004972942347745848,0.011385902833321884,,False,0.9715834923185058,0.968146274969069,0.9580790385609169,0.9626888044638103,0.934136546184739,0.9152735861930457,0.9023812304765533,0.9077994829161395
299,0.004960449624839149,0.011397178319873597,,False,0.9715834923185058,0.9681145221173062,0.9576602980755476,0.9624304158445671,0.9325301204819277,0.9131626742452619,0.8992444238860704,0.9050020525884496
300,0.00494465456980697,0.011370494001229881,,False,0.9716839040064263,0.9682510178704514,0.9581723308456449,0.9627857630059451,0.9329317269076305,0.9142116744516378,0.9013033009449474,0.906727957517442
301,0.004935904321103648,0.011391554235201355,,False,0.9715834923185058,0.9681471804755452,0.9580790385609169,0.9626861916654739,0.9329317269076305,0.9141823140406538,0.9013033009449474,0.9067139744947786
302,0.0049225285087401704,0.011380090874684123,,False,0.9715834923185058,0.968160138420465,0.9580790385609169,0.9626935384227292,0.9333333333333333,0.9145473509527494,0.9016330075061081,0.9070572574047637
303,0.004916487266608011,0.011376386965238534,,False,0.9716839040064263,0.9682491477644461,0.9581723308456449,0.9627857262695405,0.9337349397590361,0.9149263359564317,0.9020071189913307,0.9074361476090379
304,0.00490189577473264,0.01134667981828085,,False,0.9715834923185058,0.9681214434035648,0.9576602980755476,0.9624339573441839,0.934136546184739,0.9146800030845793,0.9006990011656887,0.9064661146361573
305,0.004890458560690942,0.011365883722353698,,False,0.9715834923185058,0.9681154733791971,0.9576602980755476,0.9624313236900343,0.9337349397590361,0.9149508315217925,0.9020287706814238,0.9074482170510755
306,0.004876970693413478,0.011347881911220319,,False,0.9716839040064263,0.9682428947461832,0.9581723308456449,0.9627835830534295,0.9333333333333333,0.9145473509527494,0.9016330075061081,0.9070572574047637
307,0.004867122441704264,0.011347842388289035,,False,0.9716839040064263,0.9682451795563922,0.9581723308456449,0.9627857991334768,0.9345381526104418,0.9156906587451135,0.9027553504442601,0.9081891489268882
308,0.004855024411030835,0.011341693989915929,,False,0.9716839040064263,0.968242614286908,0.9581723308456449,0.9627847637244875,0.934136546184739,0.9153116737414311,0.9023812389590375,0.9078102587226139
309,0.004845461627443376,0.011338633991806735,,False,0.9717843156943469,0.9683669881883783,0.9586843636157423,0.963132861980157,0.9333333333333333,0.9145473509527494,0.9016330075061081,0.9070572574047637
310,0.0048336756992950584,0.011330958141112618,,False,0.9718847273822673,0.968497187308428,0.9591963963858395,0.9634839851455698,0.9337349397590361,0.9134172493663866,0.9020058635836621,0.9068672258620452
311,0.004823394957248676,0.011337656479694506,,False,0.9717843156943469,0.9683613140588149,0.9586843636157423,0.9631307673635732,0.9337349397590361,0.914928433377908,0.9020083828814833,0.9074298384433741
312,0.004812984665535305,0.01131822936017538,,False,0.9718847273822673,0.9684625754757301,0.9587776559004703,0.9632296115718402,0.934136546184739,0.9153116737414311,0.9023812389590375,0.9078102587226139
313,0.0048050626054198945,0.011333956668936543,,False,0.9718847273822673,0.9684676926268665,0.9587776559004703,0.9632322255869228,0.934136546184739,0.9152897516706244,0.9023799750688847,0.9078072949712366
314,0.00479102427638323,0.011318962302855864,,False,0.9719851390701878,0.9685878214243294,0.9592896886705675,0.9635781318916506,0.934136546184739,0.9153116737414311,0.9023812389590375,0.9078102587226139
315,0.004781643368331879,0.011331778590435585,,False,0.9719851390701878,0.9685636559336559,0.9588663319667999,0.963319950046636,0.9333333333333333,0.9145473509527494,0.9016330075061081,0.9070572574047637
316,0.004770602259164572,0.011327987954901045,,False,0.9721859624460287,0.9687858764757151,0.9594734941128485,0.963765037946988,0.9333333333333333,0.9145473509527494,0.9016330075061081,0.9070572574047637
317,0.004759209405147623,0.011317805947748635,,False,0.9723867858218697,0.9685641916992045,0.960080656258897,0.9640136672777422,0.9337349397590361,0.914928433377908,0.9020083828814833,0.9074298384433741
318,0.004749140872865228,0.011319630743821273,,False,0.9723867858218697,0.9689560132202099,0.9596619941704058,0.9639466630408067,0.9333333333333333,0.9145473509527494,0.9016330075061081,0.9070572574047637
319,0.004740075334976964,0.011322426975225806,,False,0.9724871975097902,0.9691136781353856,0.9601693323252268,0.9643029786672099,0.9337349397590361,0.9149104749155332,0.9019879950815428,0.9074114212103463
320,0.004728186806869834,0.011307390384617233,,False,0.9721859624460287,0.9683601629977504,0.9598968508166161,0.9638250703924371,0.9337349397590361,0.9149281980641955,0.9020058635836621,0.9074370733121397
321,0.004721965944799113,0.011302669495171613,,False,0.9722863741339491,0.9688530663085787,0.9595702738776234,0.9638528278471701,0.934136546184739,0.9153071830678778,0.9023799750688847,0.9078159635164139
322,0.004707845541577187,0.01130326472395166,,False,0.9726880208856311,0.9689095053972776,0.9611933978654214,0.9647927365906442,0.9333333333333333,0.9130137590782225,0.9016126197061676,0.9064684404335076
323,0.004699923607275293,0.011307455727062621,,False,0.9722863741339491,0.9689202867064302,0.9599837681886005,0.96411749003081,0.934136546184739,0.9152913220269794,0.902360851159097,0.9077912371177224
324,0.004686978313236466,0.011294904827675818,,False,0.9725876091977106,0.9687761615854327,0.960684301016255,0.9644516638360991,0.9337349397590361,0.9133957440340771,0.9019854757837216,0.9068482298333458
325,0.004675238878291512,0.011306130662575908,,False,0.972888844261472,0.9690776233739733,0.9613865925382549,0.964975732741343,0.934136546184739,0.9152913220269794,0.902360851159097,0.9077912371177224
326,0.004668020779648191,0.011287788820104405,,False,0.9726880208856311,0.9689000593172595,0.9612003243372809,0.9647923001701246,0.934136546184739,0.9152947304359608,0.902360851159097,0.9077888379863064
327,0.004655684240803369,0.011305628199471255,,False,0.9729892559493926,0.9692251846584029,0.961893930693076,0.9653220033184784,0.934136546184739,0.9152913220269794,0.902360851159097,0.9077912371177224
328,0.004644721487833185,0.011284022092635257,,False,0.9727884325735515,0.9689904167101103,0.9612914631623036,0.9648841160282279,0.9345381526104418,0.9156692509763368,0.9027349626443196,0.9081701840894583
329,0.004634609222437011,0.011280050887144863,,False,0.973089667637313,0.9692829959568687,0.961979766416535,0.9654006826333794,0.934136546184739,0.9152913220269794,0.902360851159097,0.9077912371177224
330,0.004624239604867282,0.011285618650789862,,False,0.973089667637313,0.9692878552472083,0.961992469152196,0.9654087976243757,0.934136546184739,0.9152913220269794,0.902360851159097,0.9077912371177224
331,0.0046197684909800515,0.011309049182656473,,False,0.9731900793252335,0.969404338641056,0.9620811452185257,0.9655063565606237,0.9337349397590361,0.9148896739023193,0.9019879950815428,0.9074022339683115
332,0.0046048284966335945,0.011274984081514212,,False,0.9732904910131539,0.9694714622816224,0.962166507779747,0.9655888274288292,0.9345381526104418,0.9156495060174478,0.9027349626443196,0.9081609400799616
333,0.004594535390637985,0.011266076839789823,,False,0.9729892559493926,0.9691979281272707,0.9618876812670365,0.9653099034356435,0.934136546184739,0.9152913220269794,0.902360851159097,0.9077912371177224
334,0.004583617240804956,0.011271033857032481,,False,0.973089667637313,0.9692865291309053,0.9619810519486425,0.9654032916230791,0.9345381526104418,0.9156747977042148,0.9027362265344725,0.9081644225281964
335,0.004573670458557452,0.011267111281494999,,False,0.9732904910131539,0.9694840677123371,0.9621635718588161,0.9655907131619864,0.9345381526104418,0.9156692509763368,0.9027349626443196,0.9081701840894583
336,0.004566186258222105,0.011285248011078513,,False,0.9732904910131539,0.969489997194348,0.9621618131644707,0.9655935002724448,0.9345381526104418,0.9156495060174478,0.9027349626443196,0.9081609400799616
337,0.004555605323127094,0.011262986059604798,,False,0.9731900793252335,0.9693962244498251,0.9620719598715554,0.965499343857303,0.9349397590361446,0.9160604160917202,0.9031167440382776,0.9085380839626814
338,0.004545325607987041,0.011266643200032631,,False,0.9736921377648359,0.9698397173571247,0.9625433511011057,0.9659653907378574,0.934136546184739,0.9153135484074788,0.9024052560831589,0.9078281190874092
339,0.004531792894664355,0.01127074511830791,,False,0.9733909027010744,0.9695821681065371,0.9622587012347673,0.9656869472634191,0.934136546184739,0.9152913220269794,0.902360851159097,0.9077912371177224
340,0.004525346024655473,0.011267212926083783,,False,0.9737925494527563,0.9699609013242346,0.9626417650036461,0.9660722860745151,0.934136546184739,0.9152947495681639,0.9024052560831589,0.9078188648715432
341,0.0045181058276794125,0.011272310451162481,,False,0.9739933728285972,0.9701416619436594,0.9628302650612033,0.9662550114902498,0.9349397590361446,0.9160329816946834,0.9031103380196949,0.9085341254904359
342,0.004506153199572505,0.011263929285306808,,False,0.9737925494527563,0.9699630952618503,0.9626409343611092,0.966069126065785,0.9349397590361446,0.9160329816946834,0.9031103380196949,0.9085341254904359
343,0.0044955580396577365,0.011240299933755629,,False,0.9737925494527563,0.9699593481215244,0.9626274118791613,0.9660615400651285,0.9353413654618474,0.9170589301791556,0.9051679511884192,0.9102432857108842
344,0.004482621922933764,0.011250424490316524,,False,0.9739933728285972,0.9701341468608056,0.9628146264046111,0.966244866112043,0.9353413654618474,0.9170589301791556,0.9051679511884192,0.9102432857108842
345,0.00447454062606254,0.011241231510973006,,False,0.9739933728285972,0.9696975589568351,0.9628172157414934,0.9660516437290281,0.9349397590361446,0.9166810012297982,0.9047938397031968,0.9098643387391484
346,0.004468255895329144,0.01124434714914648,,False,0.9740937845165177,0.9702420999892953,0.9628969746480234,0.9663387162888015,0.9345381526104418,0.9156782061131964,0.9027362265344725,0.9081620233967804
347,0.004452844134429372,0.01124274993614424,,False,0.9741941962044381,0.9703170178376443,0.9630012893709452,0.9664308363542317,0.9353413654618474,0.9170391852202666,0.9051679511884192,0.9102340417013879
348,0.004443680627353209,0.0112503999084183,,False,0.9742946078923587,0.9708480571473306,0.9630946600525512,0.9667179597154314,0.9353413654618474,0.9170391852202666,0.9051679511884192,0.9102340417013879
349,0.004434388934481647,0.01124610473289025,,False,0.9743950195802792,0.970491780042787,0.9631880307341572,0.9666120864578976,0.9353413654618474,0.9170391852202666,0.9051679511884192,0.9102340417013879
350,0.0044268866041473195,0.011264717370651484,,False,0.9742946078923587,0.9699920960635053,0.9630973277863113,0.9663364567761877,0.9349397590361446,0.9151733363205194,0.904792575813044,0.9092831918564117
351,0.004417669331590035,0.011250292688295256,,False,0.9740937845165177,0.9702480281185968,0.9629188627306551,0.966351205537905,0.9357429718875502,0.9174134958851342,0.9055484686922244,0.9106090996531058
352,0.004406611742679405,0.011243655593353429,,False,0.9744954312681996,0.9710237386621056,0.9632814014157631,0.9668995775980361,0.9349397590361446,0.9166532920350208,0.904792575813044,0.9098602488563547
353,0.004398202209587813,0.011243090329116925,,False,0.9743950195802792,0.9709387376598771,0.9631854413972749,0.9668050547076432,0.9349397590361446,0.9166532920350208,0.904792575813044,0.9098602488563547
354,0.004388503835027618,0.011244112935576723,,False,0.9744954312681996,0.9710490008334242,0.963278733682003,0.9669076906052574,0.9353413654618474,0.9170666196173036,0.9051743572070019,0.9102380001736334
355,0.004376144805610043,0.011232608567461092,,False,0.9744954312681996,0.9710263058786263,0.963278733682003,0.966897582201883,0.9349397590361446,0.9166532920350208,0.904792575813044,0.9098602488563547
356,0.004368309405113141,0.011227290686455525,,False,0.9743950195802792,0.9709562797259389,0.9631880307341572,0.9668162842128007,0.9349397590361446,0.9166532920350208,0.904792575813044,0.9098602488563547
357,0.004358349304924251,0.011221664028783301,,False,0.9742946078923587,0.9708447672639741,0.963105604093867,0.9667215163049939,0.9353413654618474,0.9170391852202666,0.9051679511884192,0.9102340417013879
358,0.004349972581603047,0.011219583776812685,,False,0.9743950195802792,0.9709431866628128,0.9631963070417129,0.9668153134596267,0.9353413654618474,0.9170368480508593,0.9051679511884192,0.9102305268724888
359,0.004341152700590268,0.011218546658720487,,False,0.9744954312681996,0.9710185202725143,0.963278733682003,0.9668937402008674,0.9365461847389558,0.9181433886819517,0.9063043615714049,0.911350453879578
360,0.004337034264730946,0.011223331303734194,,False,0.974796666331961,0.9713255111531747,0.9639775078153122,0.9674223168366738,0.9353413654618474,0.9191989544615166,0.9068894517774004,0.9121700571959352
361,0.004323225925161384,0.011225495792351468,,False,0.9744954312681996,0.9710725297596835,0.9637083398118101,0.9671589330320063,0.9357429718875502,0.9180165775828093,0.9072255643571435,0.911906324512175
362,0.004313641413497589,0.011219518052412109,,False,0.9744954312681996,0.9714761533398657,0.963278733682003,0.9670982830661623,0.9357429718875502,0.9195885723551621,0.9072191583385609,0.9125171394561851
363,0.004306297345766725,0.011207951968752619,,False,0.974796666331961,0.9717698620859774,0.9639670369362343,0.9676150719177438,0.9353413654618474,0.9176585100398351,0.9068958577959828,0.9115636742236897
364,0.004298326597617523,0.01122073500667784,,False,0.9744954312681996,0.9715008017919234,0.9636974741673723,0.9673411854897694,0.936144578313253,0.9199597444708244,0.9075996758423661,0.9128923760713555
365,0.004284708671104255,0.011215474148394093,,False,0.974796666331961,0.9722114860213293,0.9639665637739964,0.9678084476679378,0.936144578313253,0.9199563576299342,0.9075996758423661,0.9128889166575394
366,0.004275766914088886,0.01121219644619078,,False,0.9746962546440405,0.9721109299088195,0.9638841371337062,0.9677161436548529,0.936144578313253,0.9199563576299342,0.9075996758423661,0.9128889166575394
367,0.004270181139760095,0.011213676336334424,,False,0.974997489707802,0.9723951810012346,0.9641521279106227,0.9679920741813106,0.9357429718875502,0.9180280974119372,0.9072508453714178,0.91192052635119
368,0.004259455131725237,0.01121432196122604,,False,0.9750979013957225,0.972500165117704,0.9642459717544666,0.9680891169298173,0.936144578313253,0.9183792489122021,0.9076262207467932,0.912289972338852
369,0.00425494812014228,0.011219132204206617,,False,0.9746962546440405,0.9716779097052383,0.9638846886928221,0.9675228310546292,0.936144578313253,0.9199512436845547,0.9076198147282106,0.9129007872828621
370,0.0042441394764662676,0.011216481598216506,,False,0.9748970780198816,0.9718465912019367,0.9640713516591561,0.9677036946368942,0.9353413654618474,0.9192252125175246,0.9069098395773411,0.9121908056413758
371,0.004232700201241681,0.011208974106184896,,False,0.9750979013957225,0.9720292032535972,0.9642613422238878,0.9678888293040645,0.936144578313253,0.9199678774590621,0.9076249568566404,0.9129031184965544
372,0.004226314244239547,0.011207278236532567,,False,0.974997489707802,0.9719356002949517,0.9641664810351074,0.9677953118181944,0.936144578313253,0.9199482852291846,0.9076172954303894,0.9128937955712506
373,0.004217998018499077,0.0112178465957237,,False,0.9751983130836429,0.972583864698927,0.9643411011304178,0.9681794780112659,0.9369477911646586,0.9207233047345321,0.9083859918642507,0.9136542868494035
374,0.004206078012442699,0.011202139786757562,,False,0.9752987247715634,0.9726507427510734,0.964450032071738,0.9682713104625394,0.936144578313253,0.9199444868508593,0.9076198147282106,0.9128968050887796
375,0.004200069084858966,0.011202973530470518,,False,0.9755999598353249,0.9729368436746508,0.9647052417161154,0.968540478275194,0.9369477911646586,0.9207233047345321,0.9083859918642507,0.9136542868494035
376,0.004193499778862774,0.011208102481989427,,False,0.9752987247715634,0.9717683308920743,0.9644526998054981,0.9678803536456034,0.936144578313253,0.9183827280584289,0.9076198147282106,0.912297718052828
377,0.004181312640209508,0.011205939895858795,,False,0.9754995481474044,0.9719865183703962,0.9650424646006093,0.968305984870789,0.936144578313253,0.9183759712247337,0.9076198147282106,0.9122937358587456
378,0.00417173543882352,0.011193006467921303,,False,0.9757003715232453,0.9726033090121642,0.9652181835256274,0.968682342282361,0.9365461847389558,0.918750513333201,0.9080003322320158,0.9126694952541823
379,0.004161578349581018,0.011198544345663055,,False,0.9757003715232453,0.9730518351052471,0.9652155941887453,0.9688778412893525,0.9365461847389558,0.9203190289593268,0.9080003322320158,0.9132725644842163
380,0.0041528965609603325,0.011213409528060958,,False,0.9758007832111658,0.9731358834975004,0.9653107235646965,0.9689672254798231,0.936144578313253,0.9199581260121048,0.9076453446565809,0.9129188667537245
381,0.0041509574156878126,0.011222505094544533,,False,0.9755999598353249,0.9725245691691558,0.9651284086295902,0.9685931773415177,0.9381526104417671,0.9202456780151902,0.9094529992441454,0.9141365771501818
382,0.004135831655353598,0.01120574519220794,,False,0.9760016065870067,0.9733340856998629,0.9654992236222538,0.9691601653238204,0.9365461847389558,0.9203190289593268,0.9080003322320158,0.9132725644842163
383,0.004127264002386017,0.01120905683827429,,False,0.9761020182749272,0.9729735878925783,0.96559565680298,0.9690559584686179,0.936144578313253,0.9183759712247337,0.9076198147282106,0.9122937358587456
384,0.004118615244062288,0.011202486745779502,,False,0.9762024299628477,0.9730582385077862,0.9656863597508257,0.9691439724230455,0.936144578313253,0.9183896103859792,0.9076453446565809,0.9123157975236903
385,0.004111377552051569,0.011195715306882908,,False,0.9762024299628477,0.9735133048549831,0.9656863597508257,0.9693464410584984,0.9369477911646586,0.9191250784203674,0.9083622576753745,0.9130410062493444
386,0.004102623872146257,0.011206123224974081,,False,0.9761020182749272,0.9734099012099373,0.9655899265700997,0.969243028440566,0.9369477911646586,0.920704428194605,0.908380849735821,0.9136513699607858
387,0.004096446072287295,0.011211031523802225,,False,0.9763028416507682,0.9735730009318964,0.9657770626986716,0.9694225660198895,0.9369477911646586,0.9196862737702924,0.9100758139028593,0.914317782392571
388,0.004086757565855417,0.011206871484165652,,False,0.9764032533386886,0.9736807902491679,0.9658660069521718,0.9695208846845352,0.9365461847389558,0.9193151016546302,0.9096952963990541,0.9139425457774004
389,0.004076506963746862,0.01120565117708554,,False,0.9762024299628477,0.9735277833273793,0.9656863597508257,0.9693520972453287,0.9373493975903614,0.9200878306701559,0.9104384629045453,0.9146883765979213
390,0.004068080484227347,0.011183246105346122,,False,0.9761020182749272,0.9729801764741458,0.9655951836407421,0.9690579161073083,0.9369477911646586,0.9196942011810241,0.9100681524766081,0.9143128899950982
391,0.004059494349865133,0.011190424804333906,,False,0.9763028416507682,0.9731335799936116,0.9657770626986716,0.9692251009383381,0.9373493975903614,0.9200929156249464,0.9104563314066644,0.9147013935997629
392,0.004050615760098548,0.011189402417128328,,False,0.9765036650266091,0.9733274507527708,0.9659638040618835,0.9694159974082682,0.9369477911646586,0.91971377144444,0.910064883268664,0.9143268067903537
393,0.004045174635720861,0.011187675412120932,,False,0.9765036650266091,0.9737662761536825,0.9659593776337778,0.9696098147964116,0.9365461847389558,0.9193151016546302,0.9096952963990541,0.9139425457774004
394,0.004036456062016113,0.011186890466163571,,False,0.9763028416507682,0.9731383592050906,0.9657779717380863,0.9692279764337575,0.9369477911646586,0.9197314978807049,0.9100770693105278,0.9143299082925331
395,0.004025765602488096,0.011197803735558067,,False,0.9763028416507682,0.9736009386694966,0.9657797304324317,0.969435281306845,0.9377510040160643,0.9204623957573221,0.9108003883479038,0.9150598875930834
396,0.004017889144309377,0.011188789922452714,,False,0.9764032533386886,0.9732266378756143,0.9658704333802776,0.9693183149577267,0.9373493975903614,0.9216600573715726,0.9104550675165117,0.915312190143361
397,0.004008559825539474,0.011205841938533878,,False,0.9764032533386886,0.9732387708355061,0.9658704333802776,0.9693245784370098,0.9377510040160643,0.9204623957573221,0.9108003883479038,0.9150598875930834
398,0.004000113839225437,0.011208612594839247,,False,0.9766040767145295,0.9734522164677819,0.9664758368319808,0.9697571564055045,0.9373493975903614,0.9200993659170877,0.9104389947538866,0.9147003767871296
399,0.00399304442448746,0.011219126253017533,,False,0.9765036650266091,0.973763415488876,0.9659611363281234,0.9696093514902481,0.9377510040160643,0.9204605746211028,0.9108195122576918,0.9150770652042437
400,0.003989912023264551,0.011210382641060468,,False,0.9765036650266091,0.9733363101601328,0.9659655627562288,0.9694204661927779,0.9389558232931727,0.9216201960528125,0.9119419408593195,0.9161860137192094
401,0.003973374693995557,0.011197084027193879,,False,0.97670448840245,0.9735446566491418,0.9665691291167088,0.9698513326996498,0.9385542168674699,0.9217206224562832,0.9132423200777189,0.9170263334133081
402,0.003965884538889075,0.011197914750298995,,False,0.97670448840245,0.973512120722757,0.9661504670282175,0.9696031729803245,0.9385542168674699,0.9217223336746879,0.9132499815039701,0.9170343409214853
403,0.003960231549621254,0.011195704277361376,,False,0.97670448840245,0.9735114097671188,0.9661504670282175,0.9696024334790937,0.9377510040160643,0.9204285473549404,0.9108118508314406,0.9150633125233788
404,0.003948890095952607,0.01119952551784283,,False,0.97670448840245,0.9735455497487678,0.9665691291167088,0.9698526108038674,0.9389558232931727,0.9221101805649811,0.913604969079405,0.917395620757104
405,0.003942336012588673,0.011203482235818355,,False,0.97670448840245,0.9739486711556697,0.9661477992944574,0.9697963079946251,0.9377510040160643,0.9204295590372413,0.9108182568500232,0.9150691470239306
406,0.00393203333681457,0.01118851206444782,,False,0.9768049000903705,0.9736376366584398,0.9666624997983148,0.9699445076355921,0.9389558232931727,0.9220845005120624,0.913604969079405,0.9173886695313789
407,0.0039284201273005834,0.01119697558182676,,False,0.976905311778291,0.9741604796840638,0.966754961440506,0.9702283694128041,0.9393574297188755,0.9224714603881092,0.9140186779378313,0.9177855733860691
408,0.003927834116387321,0.01121651012717347,,False,0.976905311778291,0.9741706388530592,0.966754961440506,0.9702349234199047,0.9389558232931727,0.9216390496049398,0.9119419408593195,0.9161878709791798
409,0.0039102770651543274,0.01119198263107412,,False,0.9770057234662115,0.9738173155615092,0.966848332122112,0.9701279433188856,0.9385542168674699,0.9212307893616711,0.9115473559106806,0.9158118735777077
410,0.003900033267175673,0.011191079088901625,,False,0.9770057234662115,0.973820602345645,0.9668509214589941,0.9701320872890508,0.9389558232931727,0.9215696986282482,0.9119202119882347,0.916169725101816
411,0.003893606940830634,0.011183095201405062,,False,0.9770057234662115,0.9742567375604967,0.9668464950308887,0.9703248843997431,0.9381526104417671,0.9208110713842174,0.9111668384068755,0.9154235081535601
412,0.003885784397259913,0.011175488538241813,,False,0.9770057234662115,0.9738169242802047,0.9668509214589941,0.9701302364659968,0.9393574297188755,0.9224795773416883,0.913977825156959,0.9177628220428642
413,0.003876031330750966,0.011188583189711939,,False,0.9771061351541319,0.9738985375081877,0.96694162440684,0.9702158994772936,0.9381526104417671,0.9208234294303804,0.9111923683352458,0.915444923789869
414,0.003868990696728043,0.011187671477508328,,False,0.9771061351541319,0.973901926819986,0.96694162440684,0.9702176777979873,0.9393574297188755,0.9219487009442966,0.9123007294920398,0.916545937373916
415,0.0038621604357471197,0.0111683459484705,,False,0.9772065468420524,0.973994963691596,0.967034916691568,0.9703113148123,0.9397590361445783,0.9228484361851232,0.914350681234513,0.918133688747538
416,0.003852245105469078,0.011171823130365357,,False,0.9771061351541319,0.9739028620800367,0.96694162440684,0.9702178849158637,0.9393574297188755,0.9224791936458584,0.913977825156959,0.9177671575723357
417,0.003845910603489787,0.011180812453755379,,False,0.9771061351541319,0.973901926819986,0.96694162440684,0.9702176777979873,0.9397590361445783,0.9228762964741777,0.914350681234513,0.9181474537654548
418,0.003839001209298587,0.011176504753750052,,False,0.9771061351541319,0.9738994727682382,0.96694162440684,0.9702161065951701,0.9385542168674699,0.9211855962677549,0.9115473559106806,0.9157992523997627
419,0.0038331392521658283,0.011178628681926648,,False,0.9771061351541319,0.9739028620800367,0.96694162440684,0.9702178849158637,0.940562248995984,0.9230627919867845,0.9134346205772041,0.9176645429575251
420,0.0038226526363708915,0.011176442043915434,,False,0.9771061351541319,0.973901926819986,0.96694162440684,0.9702176777979873,0.9389558232931727,0.9215546093486324,0.9119202119882347,0.9161707892149944
421,0.0038141508160933883,0.011175018235099725,,False,0.9771061351541319,0.973901926819986,0.96694162440684,0.9702176777979873,0.9393574297188755,0.9224715806024566,0.9139701637307078,0.9177573647743178
422,0.003808086131508803,0.01118667529705615,,False,0.9771061351541319,0.9738985375081877,0.96694162440684,0.9702158994772936,0.9385542168674699,0.9211956473134537,0.9115728858390509,0.9158246525917725
423,0.003800919698314849,0.011177754216136671,,False,0.9771061351541319,0.973901926819986,0.96694162440684,0.9702176777979873,0.9381526104417671,0.9213584123012293,0.9128694640001649,0.9166666376173664
424,0.0037951048530396304,0.011177784751993831,,False,0.9771061351541319,0.9738985375081877,0.96694162440684,0.9702158994772936,0.9389558232931727,0.9220979170337059,0.9136228375815241,0.9174137081373481
425,0.0037861612811335163,0.011171363596045144,,False,0.9771061351541319,0.973901926819986,0.96694162440684,0.9702176777979873,0.9401606425702811,0.9232009526139462,0.9147311987383182,0.9185133765231791
426,0.0037767348365674897,0.011171302050497618,,False,0.9773069585299728,0.974090655453848,0.967124223644016,0.9704028360588044,0.9397590361445783,0.922291457596336,0.9126735855695939,0.9169159440526591
427,0.003770481321077041,0.011166011083922891,,False,0.9773069585299728,0.974090655453848,0.967124223644016,0.9704028360588044,0.9397590361445783,0.922291457596336,0.9126735855695939,0.9169159440526591
428,0.003762365832565738,0.01116405026681394,,False,0.9773069585299728,0.974090655453848,0.967124223644016,0.9704028360588044,0.9393574297188755,0.9219268272317057,0.9123007294920398,0.916550518016898
429,0.00375491410848835,0.011166905071046014,,False,0.9774073702178934,0.9742093386897758,0.9676362564141132,0.9707389868775625,0.9393574297188755,0.9224695302138733,0.9140033550853293,0.917792490949662
430,0.0037477692478607816,0.011158849371405733,,False,0.9774073702178934,0.9742093386897758,0.9676362564141132,0.9707389868775625,0.9397590361445783,0.9228364550774426,0.9143762111628833,0.9181584681862675
431,0.003741072211907469,0.011166198872832031,,False,0.9774073702178934,0.9742093386897758,0.9676362564141132,0.9707389868775625,0.9393574297188755,0.9224695302138733,0.9140033550853293,0.917792490949662
432,0.0037378436190579492,0.011156548877115008,,False,0.9776081935937343,0.974397121348892,0.967818303162049,0.9709233086871161,0.9389558232931727,0.9215526429246865,0.9119380804903537,0.91618598584046
433,0.003727153039503233,0.011157327190573363,,False,0.9775077819058139,0.9747424422139199,0.967724932480443,0.9710270368486934,0.9393574297188755,0.9219269600598322,0.9123185979941589,0.9165610357157478
434,0.003719269282532473,0.011161569083847984,,False,0.9776081935937343,0.9743986275088711,0.967818303162049,0.9709246442975612,0.940562248995984,0.9235881922256437,0.9151065741136937,0.9188814014321787
435,0.0037131959779612127,0.011175603772472184,,False,0.9776081935937343,0.9743976062002422,0.967818303162049,0.9709237858411996,0.9389558232931727,0.9215623296952019,0.9119457419166049,0.9161956096799864
436,0.0037098228580921093,0.011150319344239469,,False,0.9777086052816548,0.9749240640800705,0.967911673843655,0.97121096965936,0.9393574297188755,0.92399622121788,0.9139982129568995,0.9184033389636271
437,0.0036977989055855375,0.011148862894402575,,False,0.9777086052816548,0.9744900236157074,0.967911673843655,0.9710164445723726,0.9401606425702811,0.9232039932348896,0.9147515865382587,0.9185264520690049
438,0.0037028895605157167,0.01116114558762966,,False,0.9778090169695752,0.9750149713924231,0.9680050445252609,0.9713027884124927,0.9393574297188755,0.9224596118029993,0.9139905515306483,0.9177761367147497
439,0.0036913821037743524,0.011175461867909863,,False,0.9777086052816548,0.9744843802323538,0.9679154594195162,0.9710160555366024,0.9413654618473896,0.9243589251942497,0.9158727512497337,0.9196395026493052
440,0.0036791939735590527,0.011163317396803398,,False,0.9780098403454162,0.9747935677250825,0.9686095389375491,0.9715374941931179,0.940562248995984,0.9236274030934742,0.9151193776683745,0.9189125699563393
441,0.0036737793574286156,0.0111602523432941,,False,0.9780098403454162,0.9747932214700301,0.9686159922471708,0.9715407921604938,0.9413654618473896,0.9248905521748017,0.9175753768430231,0.9208660005055626
442,0.0036637792605044876,0.011155099898805141,,False,0.9781102520333367,0.9753216866463459,0.9687046683135004,0.9718285209122697,0.940562248995984,0.9235994976845314,0.9151117162421234,0.9189032622397932
443,0.0036578980125071257,0.01115467431018599,,False,0.9781102520333367,0.9753417919468116,0.9691215717076466,0.9720667495341577,0.9397590361445783,0.9228560706537758,0.9143583426607642,0.9181623147661527
444,0.0036534764787280413,0.011145213344512255,,False,0.9781102520333367,0.97532258987644,0.9687029096191551,0.9718274888313267,0.9393574297188755,0.9224818863467568,0.9139956936590781,0.9177977825897147
445,0.0036461793138553057,0.011152678179241935,,False,0.9782106637212572,0.975439344142538,0.9692167010835979,0.9721631004846909,0.9413654618473896,0.9249058337574029,0.9175498469146528,0.9208611514606488
446,0.003637407476462799,0.011141801118510345,,False,0.9781102520333367,0.9753156863076783,0.9687046683135004,0.9718246193984881,0.9397590361445783,0.9228562034819026,0.9143762111628833,0.9181728324650025
447,0.0036314305974351068,0.011135277203845037,,False,0.9781102520333367,0.9753435092158321,0.9691215717076466,0.9720671544982048,0.9397590361445783,0.9228440531841314,0.914350681234513,0.9181521111996083
448,0.0036247207983705148,0.011139603658547317,,False,0.9781102520333367,0.9753216866463459,0.9687046683135004,0.9718285209122697,0.940562248995984,0.9236273579735857,0.9151117162421234,0.91891702725771
449,0.0036168944135600654,0.011127281761726858,,False,0.9782106637212572,0.9754423903142061,0.9692167010835979,0.9721644837828765,0.9401606425702811,0.9232207010184061,0.9147311987383182,0.9185277408019138
450,0.003615056239031368,0.011133398015532687,,False,0.9784114870970981,0.9756503907507198,0.9698202674440779,0.9725895624517717,0.9397590361445783,0.9228504978708947,0.9143710690344535,0.9181657181301729
451,0.0036046997120404286,0.011130789809377852,,False,0.9784114870970981,0.975654584088232,0.9698221045353012,0.9725918900305501,0.9397590361445783,0.9228440531841314,0.914350681234513,0.9181521111996083
452,0.0036020275986002564,0.011143368707166073,,False,0.9784114870970981,0.9760809935942323,0.9698208190031937,0.9727845786383423,0.9393574297188755,0.9224818863467568,0.9139956936590781,0.9177977825897147
453,0.003591855341125593,0.01112939115879228,,False,0.9785118987850185,0.9761824286479892,0.969915948379145,0.9728834976158193,0.9397590361445783,0.9228440531841314,0.914350681234513,0.9181521111996083
454,0.003585115840164499,0.01114205524004364,,False,0.9785118987850185,0.976154280199049,0.9694972078937758,0.9726401605729631,0.9401606425702811,0.9232605059553087,0.9147567286666884,0.9185615362510039
455,0.003579526352647309,0.011132394130821633,,False,0.9786123104729391,0.9762709929486992,0.9700092406638731,0.9729751472629362,0.9397590361445783,0.9228562034819026,0.9143762111628833,0.9181728324650025
456,0.0035768577221210436,0.01114976920551877,,False,0.9785118987850185,0.9757492838396653,0.969915948379145,0.9726865888728019,0.9413654618473896,0.9249058337574029,0.9175498469146528,0.9208611514606488
457,0.0035659277036860434,0.011133311585833888,,False,0.9785118987850185,0.9761798386789992,0.969915948379145,0.972882270596275,0.9409638554216867,0.9245132979838296,0.9171693294108477,0.9204864177083416
458,0.0035606977111889543,0.01113876839312211,,False,0.9785118987850185,0.976169451824641,0.969915948379145,0.9728768523464638,0.9393574297188755,0.922509746635811,0.9139956936590781,0.9178115476076313
459,0.0035550248152021752,0.011127173177030264,,False,0.9786123104729391,0.9762702012091928,0.9700092406638731,0.9729743658088762,0.9397590361445783,0.9228562034819026,0.9143762111628833,0.9181728324650025
460,0.0035464954234538807,0.011121385079849102,,False,0.9786123104729391,0.9762709929486992,0.9700092406638731,0.9729751472629362,0.9401606425702811,0.9232605059553087,0.9147567286666884,0.9185615362510039
461,0.003541377501801312,0.011120060976449945,,False,0.9786123104729391,0.9762632834415172,0.9700092406638731,0.97297076917016,0.9401606425702811,0.9232469512675855,0.9147567286666884,0.9185451181690342
462,0.003538422992607931,0.01113004489822805,,False,0.9787127221608595,0.9763541643493637,0.9701043700398243,0.9730642202853595,0.9413654618473896,0.9249392649927815,0.9175549890430825,0.9208663659487544
463,0.0035296564861409464,0.01112289721475877,,False,0.9787127221608595,0.9763611498188415,0.9701043700398243,0.973067774391304,0.9409638554216867,0.9239920334581045,0.9154922337459285,0.9192779959921007
464,0.0035221031865806203,0.011132550600150755,,False,0.9787127221608595,0.9763541643493637,0.9701043700398243,0.9730642202853595,0.940562248995984,0.9236203998240777,0.9151372461704936,0.9189213307375018
465,0.003519247483957425,0.011130490135013264,,False,0.97881313384878,0.9768890426948604,0.97019507298767,0.9733558728318149,0.9401606425702811,0.923305837052272,0.9147643900929396,0.9185853172185813
466,0.003510556203050176,0.011120070864785876,,False,0.9786123104729391,0.9762571044225558,0.9700092406638731,0.9729668220437286,0.9409638554216867,0.923965969033002,0.9154870916174987,0.9192712931254916
467,0.003505524383167985,0.011115903715874668,,False,0.9786123104729391,0.9762665004297525,0.9700092406638731,0.9729726153834872,0.940562248995984,0.9241096816495935,0.916809199706983,0.9201102067983711
468,0.003498051383983652,0.011111581594876805,,False,0.9787127221608595,0.9763590170282251,0.9701043700398243,0.9730658210140136,0.9413654618473896,0.9248797693323003,0.917544704786223,0.9208544485940399
469,0.003491668548821742,0.011115400215539977,,False,0.9787127221608595,0.976354707251224,0.9701043700398243,0.9730637281459534,0.9409638554216867,0.9240198937471589,0.9154922337459285,0.9192917610100173
470,0.0034883433902695646,0.011114992184253446,,False,0.97881313384878,0.9764484768190034,0.9701977407214303,0.9731575704957991,0.9401606425702811,0.9232516019284039,0.9147515865382587,0.9185545813656564
471,0.0034802637097225584,0.01110892268372731,,False,0.97881313384878,0.9764558778490056,0.9701977407214303,0.9731618310542538,0.9409638554216867,0.924013861035779,0.9154870916174987,0.9193007714892332
472,0.003475441113381245,0.011110655069573304,,False,0.9787127221608595,0.9763694083372629,0.9701043700398243,0.9730708678532403,0.9413654618473896,0.9243937724008467,0.9158676091213039,0.9196762369145594
473,0.003468118185360804,0.01110690934138055,,False,0.97881313384878,0.9764472014558216,0.9701977407214303,0.9731569295371728,0.9409638554216867,0.9239840733576234,0.9154870916174987,0.9192865267719488
474,0.003462201994149101,0.011105134869174497,,False,0.97881313384878,0.9764479809505199,0.9701977407214303,0.9731576285615277,0.9409638554216867,0.9245343870661424,0.9171693294108477,0.9205021044384216
475,0.003457657294329704,0.011102926862251325,,False,0.97881313384878,0.9764428622700443,0.9701977407214303,0.9731542882728785,0.9409638554216867,0.9245220711888743,0.9171641872824178,0.9204945934990241
476,0.003450766137888312,0.011113320531938706,,False,0.9789135455367005,0.9765388956989519,0.9702911114030363,0.9732495772415217,0.9401606425702811,0.9232716336421267,0.9147515865382587,0.9185702947114811
477,0.0034443506902435586,0.011114313144918021,,False,0.9789135455367005,0.9765435568939311,0.9702928700973816,0.9732530969135907,0.9409638554216867,0.92457146604719,0.9171744715392774,0.9205055941491488
478,0.0034400503280439068,0.01110996018539028,,False,0.9789135455367005,0.9765392831140365,0.9702911114030363,0.9732497345620941,0.9401606425702811,0.9232716336421267,0.9147515865382587,0.9185702947114811
479,0.0034322815637896414,0.011115158791188488,,False,0.9791143689125414,0.9767101442671972,0.9704748384484394,0.9734266977428021,0.9417670682730924,0.9252797124110906,0.917925222290028,0.9212456273651909
480,0.0034299753921992098,0.011119586128158257,,False,0.9791143689125414,0.9767355570374375,0.9704766755396625,0.9734401509449006,0.9417670682730924,0.9252889756281211,0.917925222290028,0.9212443484251764
481,0.003420598404846769,0.011106400510185124,,False,0.9791143689125414,0.9767170960785203,0.9704748384484394,0.9734300452074947,0.9413654618473896,0.9243937724008467,0.9158676091213039,0.9196762369145594
482,0.003415083220595896,0.01111307544067298,,False,0.9791143689125414,0.9767185712060686,0.9704748384484394,0.9734307187778095,0.9409638554216867,0.92457146604719,0.9171744715392774,0.9205055941491488
483,0.003408256773034885,0.01109807360841806,,False,0.9791143689125414,0.9767160381367024,0.9704748384484394,0.9734296673106935,0.940562248995984,0.9236361311786303,0.9151065741136937,0.9189252030483925
484,0.0034035244098743023,0.011098881173850363,,False,0.9792147806004619,0.9768002231881847,0.9705734562345617,0.9735199658110552,0.9401606425702811,0.9232817317546949,0.9147311987383182,0.9185539323910678
485,0.003399891205756119,0.011088499412929378,,False,0.9794156039763029,0.9769965628578665,0.9707555029824975,0.9737097266919282,0.940562248995984,0.9241676717649386,0.9167888119070425,0.9201233228416993
486,0.0033915428083675855,0.011080949257363788,,False,0.9792147806004619,0.9768093342361761,0.9705734562345617,0.9735255604222375,0.9397590361445783,0.922917234218191,0.9143762111628833,0.9181990240541563
487,0.0033847137006996933,0.011098673188594367,,False,0.9791143689125414,0.9767321090467035,0.9704749168453173,0.9734384955038193,0.9413654618473896,0.9249565182000057,0.9175498469146528,0.9208892686810469
488,0.0033780621686327486,0.011094935335730373,,False,0.9793151922883824,0.9769062316282177,0.9706621323008915,0.9736174240079768,0.9409638554216867,0.9240393729769113,0.9154922337459285,0.9193049662572348
489,0.0033740252177089556,0.011095438528256995,,False,0.9793151922883824,0.9769051624595372,0.9706668269161677,0.9736201732346039,0.9397590361445783,0.922917234218191,0.9143762111628833,0.9181990240541563
490,0.0033695759483061685,0.011086804083335898,,False,0.9795160156642233,0.9770825316456292,0.9708494261533437,0.9737985454783497,0.9397590361445783,0.922917234218191,0.9143762111628833,0.9181990240541563
491,0.0033634542471359507,0.01109098821144565,,False,0.9795160156642233,0.9775090539092446,0.9708462059303433,0.9739888484823696,0.9397590361445783,0.922917234218191,0.9143762111628833,0.9181990240541563
492,0.003357336113232213,0.01110185351524253,,False,0.9795160156642233,0.9775054525203843,0.9708462059303433,0.9739869220056485,0.9401606425702811,0.9232959494686703,0.9147388601645693,0.9185640355649911
493,0.0033509404246775134,0.011102843197921134,,False,0.9793151922883824,0.9768951849017999,0.9706621323008915,0.9736111801136431,0.9401606425702811,0.9232968167509364,0.9147337180361395,0.9185765183357817
494,0.003344901703373209,0.011087634953172207,,False,0.9793151922883824,0.9768909875055422,0.9706668269161677,0.9736118765514689,0.9401606425702811,0.9223921314054524,0.9164268864636838,0.9191406270793111
495,0.003339089321570302,0.011086090627696112,,False,0.9795160156642233,0.9770950988617846,0.9708506323584487,0.9738071362598488,0.9409638554216867,0.9240486361939416,0.9154922337459285,0.9193036873172201
496,0.003332921821481278,0.011078256879757218,,False,0.9794156039763029,0.9769890096991561,0.9707555029824975,0.9737060373972499,0.9401606425702811,0.9232817317546949,0.9147311987383182,0.9185539323910678
497,0.00332811167688574,0.01106449990222584,,False,0.9795160156642233,0.977088322001842,0.97085412076862,0.9738043974735311,0.940562248995984,0.9242180271371596,0.916809199706983,0.9201584649530109
498,0.0033227727875210274,0.011080488399719682,,False,0.9796164273521438,0.9771965555271367,0.971361458923441,0.9741296140528551,0.9409638554216867,0.9245930543811682,0.9171667065802391,0.9205360494016241
499,0.0033166916941294797,0.011067514726669989,,False,0.9797168390400642,0.977294204699429,0.9714548296050469,0.9742261244555576,0.9409638554216867,0.924069252495911,0.9154870916174987,0.9193201882678201
500,0.003312976903035335,0.011086552986075018,,False,0.9798172507279848,0.9778171893701012,0.9715472912472382,0.9745135105926386,0.9409638554216867,0.9240949149348359,0.9154947530437497,0.9193289094862145
501,0.0033070958862577685,0.011087783841435783,,False,0.9797168390400642,0.9777132642152141,0.9714568564865631,0.9744148570087625,0.940562248995984,0.9237057403527378,0.9151142355399445,0.9189547230009028
502,0.0033007642208118565,0.011077984944936226,,False,0.9799176624159052,0.9779039241972465,0.9716453565441204,0.974605560476419,0.9401606425702811,0.9233280104955891,0.9147337180361395,0.9185791545600621
503,0.0032965018528692915,0.011081296774762278,,False,0.9798172507279848,0.9778093599456363,0.9715519858625145,0.9745108631430972,0.9409638554216867,0.9240949149348359,0.9154947530437497,0.9193289094862145
504,0.003290113653287991,0.011071490703583022,,False,0.9800180741038257,0.9780061799417543,0.9717340326104501,0.9747011823006351,0.940562248995984,0.9237057403527378,0.9151142355399445,0.9189547230009028
505,0.0032851121444630363,0.011066984193717964,,False,0.9798172507279848,0.9773804113413759,0.9715546535962746,0.9743183111428618,0.940562248995984,0.9236915226387621,0.9151065741136937,0.9189446198269794
506,0.0032795467408635605,0.011069454194453,,False,0.9800180741038257,0.9780134936903333,0.9717340326104501,0.974706041444652,0.9413654618473896,0.9249975448346175,0.917552366212474,0.9209151582671056
507,0.0032740252819079088,0.011077282392884958,,False,0.9800180741038257,0.9780021030961321,0.9717340326104501,0.9746991279632117,0.9413654618473896,0.9249975448346175,0.917552366212474,0.9209151582671056
508,0.0032692917001002054,0.011060734039156049,,False,0.9798172507279848,0.9773845154186674,0.9715546535962746,0.974320411434687,0.9409638554216867,0.9224562343715113,0.9188675364340345,0.9204996709264801
509,0.0032629813038283374,0.011069418550899544,,False,0.9799176624159052,0.9774683726834077,0.9716480242778806,0.9744083720687448,0.9413654618473896,0.9249975448346175,0.917552366212474,0.9209151582671056
510,0.003258502121450498,0.011065401720329037,,False,0.9801184857917462,0.9781013743142419,0.9718274032920561,0.974795392518582,0.9409638554216867,0.9246176334695497,0.9171718487086689,0.9205396928417792
511,0.0032521155822805158,0.011056047570849749,,False,0.9799176624159052,0.9774744583611317,0.9716480242778806,0.9744114277090001,0.940562248995984,0.9242399036124012,0.9167913312048638,0.9201641244009386
512,0.003247532824940998,0.011056277829098545,,False,0.9800180741038257,0.977571194403121,0.9717413165626085,0.9745072268548489,0.9417670682730924,0.9253903235857703,0.9179277415878495,0.9212902601096756
513,0.0032419159492330196,0.011058190587319387,,False,0.9800180741038257,0.9771385134907733,0.9717413165626085,0.9743093557786625,0.9413654618473896,0.9249975448346175,0.917552366212474,0.9209151582671056
514,0.0032372553342544298,0.011072955162161708,,False,0.9800180741038257,0.9771333670923313,0.9717367003442102,0.9743040104042286,0.9413654618473896,0.923634502364838,0.917552366212474,0.9203125378909017
515,0.0032344075380994694,0.011054588462700077,,False,0.9800180741038257,0.978007942552445,0.9717387272257264,0.9747039350890492,0.940562248995984,0.9242399036124012,0.9167913312048638,0.9201641244009386
516,0.0032270649632945604,0.011066261283164926,,False,0.9800180741038257,0.9775716284792794,0.9717387272257264,0.9745059214918184,0.9413654618473896,0.9249975448346175,0.917552366212474,0.9209151582671056
517,0.003221657427832334,0.011060479446732396,,False,0.9800180741038257,0.9775674153043927,0.9717367003442102,0.9745026415110135,0.9413654618473896,0.9249975448346175,0.917552366212474,0.9209151582671056
518,0.0032175327159928097,0.011065102933313737,,False,0.9800180741038257,0.9775747926875786,0.9717367003442102,0.9745070556036737,0.9417670682730924,0.9253903235857703,0.9179277415878495,0.9212902601096756
519,0.003211135860696756,0.01104919718867283,,False,0.9800180741038257,0.9771389334787332,0.9717367003442102,0.9743073581697507,0.9413654618473896,0.9249975448346175,0.917552366212474,0.9209151582671056
520,0.0032080268997297236,0.011052355316056806,,False,0.9800180741038257,0.9767111526840251,0.9717367003442102,0.9741095584796537,0.940562248995984,0.9242399036124012,0.9167913312048638,0.9201641244009386
521,0.003202995387190292,0.011046765802503213,,False,0.9800180741038257,0.9771352699315226,0.9717367003442102,0.9743049265872509,0.9401606425702811,0.9211691278820933,0.916429405761505,0.918593967787188
522,0.0031964032957023745,0.01104680844414664,,False,0.9800180741038257,0.9767120668868219,0.9717367003442102,0.9741108396900479,0.9409638554216867,0.9246176334695497,0.9171718487086689,0.9205396928417792
523,0.0031926736094854326,0.011036736066441148,,False,0.9800180741038257,0.9771334549785914,0.9717367003442102,0.9743044941443676,0.9409638554216867,0.9232545909997703,0.9171718487086689,0.9199370724655753
524,0.0031874757751739246,0.011048602332510777,,False,0.9802188974796666,0.9769246748075197,0.9723420253990356,0.9745356894942946,0.9409638554216867,0.922442113473564,0.9188726785624642,0.9205000542856229
525,0.0031840718353342927,0.011044909370691644,,False,0.9801184857917462,0.97725672919619,0.9722487331143075,0.9746386834482953,0.940562248995984,0.9242422580941745,0.9167913312048638,0.9201676652656072
526,0.0031789697468882455,0.011034318581339126,,False,0.9802188974796666,0.9777792872438769,0.9723394360621533,0.9749278097741131,0.940562248995984,0.922879215624395,0.9167913312048638,0.9195650448894034
527,0.003180495780661209,0.011065963804523156,,False,0.9805201325434281,0.9780927897823511,0.9730334371833084,0.9754491859860173,0.9409638554216867,0.9233042079337596,0.9172099332776242,0.9199691317275546
528,0.003169202828885451,0.011040076062612618,,False,0.9802188974796666,0.977370053206146,0.9727607658844047,0.9749656427089997,0.9401606425702811,0.92248518336138,0.9164159558294883,0.9191899628232201
529,0.0031640308736964966,0.011054227347704884,,False,0.9802188974796666,0.9769481070003958,0.9727607658844047,0.9747689640955018,0.9413654618473896,0.9241265681307781,0.919234604005823,0.9214733750609239
530,0.003161027799891749,0.011053649139877298,,False,0.9803193091675871,0.9770561607193824,0.9728540581691328,0.9748716388654718,0.9417670682730924,0.9240414646487252,0.9179219530820839,0.9206960990063693
531,0.003154555521861366,0.011048793174625027,,False,0.9804197208555075,0.9775568179099606,0.9729421717800965,0.9751505742234282,0.9409638554216867,0.923240470101823,0.9171769908370986,0.9199374558247183
532,0.0031506096529420554,0.011059140634360148,,False,0.9804197208555075,0.9775568813520086,0.9729421717800965,0.9751501286014701,0.940562248995984,0.922915062912128,0.9168549457021893,0.9196125874221005
533,0.0031463824233586585,0.011049318436132254,,False,0.9804197208555075,0.9775530161877253,0.9729421717800965,0.9751481079731289,0.940562248995984,0.9233819154445526,0.9184812304244638,0.9207347773334179
534,0.0031412261477117283,0.011036394286143478,,False,0.9805201325434281,0.978076210438119,0.9730354640648246,0.975442031266636,0.9409638554216867,0.9232359341121307,0.9171769908370986,0.9199399193487496
535,0.0031392489988763183,0.011035500355985356,,False,0.9804197208555075,0.9775568813520086,0.9729421717800965,0.9751501286014701,0.9397590361445783,0.9221716891401156,0.9160887685661491,0.918864807592525
536,0.0031327649774450213,0.011032392376783868,,False,0.9805201325434281,0.978076210438119,0.9730354640648246,0.975442031266636,0.940562248995984,0.9228921213087911,0.9167989926311149,0.9195744886444989
537,0.0031320293853808164,0.01105150197256886,,False,0.9805201325434281,0.9780887173799037,0.9730354640648246,0.975448322299403,0.9409638554216867,0.9233119149189508,0.9171977472357603,0.9199648305322319
538,0.003124035432034066,0.011034157706562058,,False,0.9805201325434281,0.9776494670369631,0.9730354640648246,0.9752442783606265,0.9401606425702811,0.9225459824926171,0.9164692860699541,0.9192398395084737
539,0.003120180820994001,0.011034793170090694,,False,0.9805201325434281,0.9776492341992016,0.9730354640648246,0.9752441994198257,0.9409638554216867,0.923240470101823,0.9171769908370986,0.9199374558247183
540,0.0031174931513993443,0.011047353092426227,,False,0.9805201325434281,0.9776537561581325,0.9730354640648246,0.9752459235990819,0.9401606425702811,0.9225459826758419,0.9164808342169667,0.9192339267886831
541,0.0031131928443098107,0.01103516161253265,,False,0.9805201325434281,0.9776492341992016,0.9730354640648246,0.9752441994198257,0.9397590361445783,0.9221556611189149,0.9160634875518748,0.9188451281186567
542,0.003107369201982042,0.011034149981403904,,False,0.9805201325434281,0.9776492341992016,0.9730354640648246,0.9752441994198257,0.940562248995984,0.9228745464440252,0.9168041347595446,0.9195743311878964
543,0.0031040207653792898,0.011037108321809099,,False,0.9806205442313485,0.9781715812195385,0.9731178907051147,0.9755319780657398,0.940562248995984,0.9228877179920408,0.9168092768879745,0.9195810531455035
544,0.0030994490043633033,0.011038607028209524,,False,0.9805201325434281,0.9776572818598296,0.9730354640648246,0.9752483205552013,0.9401606425702811,0.9225628872103052,0.9164744281983841,0.919245475878437
545,0.0030947858198207374,0.011036668347955882,,False,0.9805201325434281,0.9776492341992016,0.9730354640648246,0.9752441994198257,0.9401606425702811,0.9224980890457761,0.9164236172557394,0.9191994065783154
546,0.003093006151951412,0.011043261265552981,,False,0.9805201325434281,0.9776531128969899,0.9730354640648246,0.9752462235465155,0.940562248995984,0.9229343621570819,0.9168427596603254,0.9196076028849968
547,0.0030869749077913275,0.011029649054499052,,False,0.9805201325434281,0.9776494670369631,0.9730354640648246,0.9752442783606265,0.9401606425702811,0.9225459824926171,0.9164692860699541,0.9192398395084737
548,0.0030828322326005016,0.011025752116960814,,False,0.9805201325434281,0.9776492341992016,0.9730354640648246,0.9752441994198257,0.9397590361445783,0.9221537248082904,0.9161003167131615,0.918860570693565
549,0.0030808881173786796,0.011021062791274357,,False,0.9805201325434281,0.9776494670369631,0.9730354640648246,0.9752442783606265,0.9417670682730924,0.9244735552808356,0.9196342539019001,0.9218413670376352
550,0.0030747282200599742,0.011027043011296436,,False,0.9805201325434281,0.9776494670369631,0.9730354640648246,0.9752442783606265,0.9409638554216867,0.9238215922733176,0.9189138227610663,0.921143833830743
551,0.0030720146861362998,0.011035731357394081,,False,0.9805201325434281,0.9776494670369631,0.9730354640648246,0.9752442783606265,0.940562248995984,0.9221237293938823,0.9185062285034928,0.9201394859046297
552,0.003068824703925514,0.0110298914454756,,False,0.9806205442313485,0.97731986378944,0.9731241401311542,0.9751381939105754,0.9401606425702811,0.9217032952014114,0.9181128989625225,0.9197653123908663
553,0.0030630150703032143,0.01102532020946569,,False,0.9806205442313485,0.9777418099951901,0.9731241401311542,0.9753348725240731,0.9401606425702811,0.9217095156776681,0.9181713798139026,0.9197799295223832
554,0.0030598598147124827,0.011021220875714364,,False,0.9808213676071895,0.9783565824823667,0.9733016961473956,0.9757162412764262,0.9409638554216867,0.9232769350619042,0.9172181350357008,0.9199656927834459
555,0.0030545575095225538,0.011023102591397707,,False,0.980720955919269,0.9778405719925942,0.9732192695071055,0.9754311655384466,0.9401606425702811,0.9225655428717361,0.9164808342169667,0.9192435131058598
556,0.0030518458308489258,0.011018781461129175,,False,0.9806205442313485,0.9777415771574286,0.9731241401311542,0.9753347935832721,0.9401606425702811,0.9216971340067295,0.9181257109996876,0.919748793282777
557,0.0030469834965353047,0.011017362301568669,,False,0.980720955919269,0.9782602783177387,0.9732065667714443,0.9756206270432973,0.9393574297188755,0.9218039865853491,0.9157197992093563,0.918494045601245
558,0.0030453508803651008,0.01100903452999904,,False,0.980720955919269,0.9778353403687439,0.9732192695071055,0.9754295462160978,0.9401606425702811,0.9217052149916852,0.9181332867624631,0.9197692250947962
559,0.0030402731411459144,0.0110069925114256,,False,0.9808213676071895,0.9783538086912924,0.9733016961473956,0.9757153007353221,0.9401606425702811,0.9225528643953359,0.9164628800513717,0.9192436404208492
560,0.0030353131088489637,0.011009329555664159,,False,0.9809217792951099,0.9784509575521092,0.9733968255233469,0.9758114086631746,0.9409638554216867,0.9232769350619042,0.9172181350357008,0.9199656927834459
561,0.003031828966617469,0.011018279131580861,,False,0.9811226026709509,0.9786388102920769,0.9735870842752495,0.975999558944605,0.9409638554216867,0.9237966999143262,0.9189003728290497,0.9211342488405828
562,0.0030302619162079613,0.011019246694780356,,False,0.9812230143588714,0.9787367735079489,0.9736810074460958,0.9760947871923779,0.940562248995984,0.9234492997684364,0.9185262613438271,0.9207558370536089
563,0.0030256654841253703,0.01102198547383913,,False,0.9812230143588714,0.9787367735079489,0.9736810074460958,0.9760947871923779,0.9409638554216867,0.9238482105936006,0.9189003728290497,0.9211512880372206
564,0.003019663628159327,0.011023442911049492,,False,0.9810221909830305,0.9785456140531201,0.9734919548992982,0.9759055571388292,0.9409638554216867,0.9238320432433168,0.9189003728290497,0.9211514768187212
565,0.003016241688761466,0.011022907785993406,,False,0.9812230143588714,0.9787319247642452,0.9736810074460958,0.9760925374771914,0.9409638554216867,0.9237966999143262,0.9189003728290497,0.9211342488405828
566,0.0030130035041837254,0.011013970619559839,,False,0.9811226026709509,0.9786388102920769,0.9735870842752495,0.975999558944605,0.940562248995984,0.9229384393974498,0.9168363536417429,0.9196198884854009
567,0.003008582134224333,0.011008246649654142,,False,0.9811226026709509,0.9786344063768632,0.9735870842752495,0.9759974206499269,0.9409638554216867,0.9237836608560277,0.9188939668104672,0.9211375405797398
568,0.003004299554637302,0.01101309843801915,,False,0.9811226026709509,0.9786344063768632,0.9735870842752495,0.9759974206499269,0.9409638554216867,0.9237966999143262,0.9189003728290497,0.9211342488405828
569,0.0030035990252660657,0.01100437849413406,,False,0.9811226026709509,0.978632279658323,0.9735853255809042,0.9759951764822168,0.9393574297188755,0.9217729566561873,0.9157337809907143,0.9184926508450908
570,0.0029979893891628247,0.011001546250290256,,False,0.9811226026709509,0.9786405519917479,0.9735870842752495,0.9760000920407698,0.9413654618473896,0.9241500737269648,0.9192693421858424,0.9215049612639725
571,0.0029934281672210675,0.01101661870659942,,False,0.9812230143588714,0.9787286110292998,0.9736804549568555,0.9760912839453044,0.940562248995984,0.9229139002623025,0.9168427596603254,0.9195988237053041
572,0.002991094448879459,0.011014409524200549,,False,0.9812230143588714,0.97872428183682,0.9736804549568555,0.9760891448120694,0.9393574297188755,0.9217774310608995,0.9157389231191441,0.918499727166566
573,0.002986010648569091,0.011017003995343506,,False,0.9812230143588714,0.9787310766082076,0.9736810074460958,0.976092002347468,0.9401606425702811,0.9225411464484385,0.9164877720848905,0.9192422084772703
574,0.002984040972182268,0.011017961753154013,,False,0.9812230143588714,0.9783046393652991,0.9736810074460958,0.975894327096026,0.9401606425702811,0.92258450404358,0.9164686481751028,0.9192378351841258
575,0.002978909550374005,0.01101634586150269,,False,0.9812230143588714,0.9783054875213367,0.9736810074460958,0.9758948622257493,0.940562248995984,0.9221113953015249,0.918538447385691,0.9201616407655298
576,0.0029746581293550274,0.011014496663009582,,False,0.9813234260467918,0.9788216505245882,0.9737743781277017,0.9761842633010416,0.9409638554216867,0.9237966999143262,0.9189003728290497,0.9211342488405828
577,0.002971003973818377,0.011007588698193646,,False,0.9812230143588714,0.9787310766082076,0.9736810074460958,0.976092002347468,0.940562248995984,0.92209022713163,0.9185563158878102,0.9201727336940438
578,0.0029678605137486804,0.011018129436742715,,False,0.9812230143588714,0.9787310766082076,0.9736810074460958,0.976092002347468,0.9393574297188755,0.920464482303179,0.9157517351563091,0.9178966742129858
579,0.0029643864597177784,0.01100729424776963,,False,0.9812230143588714,0.9783046393652991,0.9736810074460958,0.975894327096026,0.9401606425702811,0.9211746537663785,0.9164922967005033,0.918646922884284
580,0.0029619995080957568,0.01102252951162627,,False,0.9812230143588714,0.9787310766082076,0.9736810074460958,0.976092002347468,0.9393574297188755,0.9218237578852015,0.915721680612326,0.9184754208478147
581,0.002956842797121825,0.011011133780105271,,False,0.9813234260467918,0.9788224759723225,0.9737743781277017,0.9761842248597401,0.9409638554216867,0.9232629325085306,0.9172347396476671,0.9199885272406703
582,0.002952160394922635,0.011011598876893472,,False,0.9813234260467918,0.9788206598915402,0.9737743781277017,0.9761836922903918,0.9401606425702811,0.9217386414876609,0.9181834598102561,0.9198050255374961
583,0.0029491225407203424,0.01101290319017536,,False,0.9813234260467918,0.9788206598915402,0.9737743781277017,0.9761836922903918,0.9401606425702811,0.9217444208893567,0.9181643359004684,0.9197828792034117
584,0.0029453274845058714,0.011014492821255061,,False,0.9813234260467918,0.9788163159981669,0.9737743781277017,0.9761815495096765,0.9401606425702811,0.9217386414876609,0.9181834598102561,0.9198050255374961
585,0.002942095147561024,0.010999592611032104,,False,0.9813234260467918,0.9788224759723225,0.9737743781277017,0.9761842248597401,0.9397590361445783,0.9213705398166238,0.9178093483250335,0.919426315350708
586,0.0029397527730084666,0.010999908982533523,,False,0.9813234260467918,0.9783942226486315,0.9737743781277017,0.9759860170389499,0.9401606425702811,0.9217444208893567,0.9181643359004684,0.9197828792034117
587,0.002934974586047884,0.011007899054066465,,False,0.9813234260467918,0.9788264240363004,0.9737743781277017,0.976186513823933,0.940562248995984,0.9221113953015249,0.918538447385691,0.9201616407655298
588,0.0029316995228624745,0.011006400832205863,,False,0.9814238377347123,0.9784829021642862,0.9738676704124298,0.9760776519430677,0.9401606425702811,0.9217444208893567,0.9181643359004684,0.9197828792034117
589,0.0029286998521866536,0.011008464332544408,,False,0.9813234260467918,0.9788122476246168,0.9737737472415835,0.9761802781389343,0.940562248995984,0.9221088419037842,0.9185575712954788,0.9201836361443484
590,0.0029256088194443836,0.011013210027812899,,False,0.9814238377347123,0.9793449138306713,0.9738676704124298,0.9764763536738165,0.940562248995984,0.9229113468645617,0.9168618835701131,0.9196208190841227
591,0.0029208267450741756,0.011012335151630527,,False,0.9814238377347123,0.9789093394071947,0.9738676704124298,0.9762753271945096,0.9397590361445783,0.9213705398166238,0.9178093483250335,0.919426315350708
592,0.002918500015486866,0.011003170458423661,,False,0.9814238377347123,0.9789093394071947,0.9738676704124298,0.9762753271945096,0.9401606425702811,0.9217149370694477,0.9181643359004684,0.919766769381073
593,0.0029153789729712567,0.011005652115177934,,False,0.9814238377347123,0.9789051341318318,0.9738676704124298,0.9762732191512521,0.940562248995984,0.9220807112798232,0.9185499098692276,0.9201765640220061
594,0.0029107752341145134,0.011004949062234702,,False,0.9814238377347123,0.9789093394071947,0.9738676704124298,0.9762753271945096,0.940562248995984,0.9221113953015249,0.918538447385691,0.9201616407655298
595,0.00290812080218928,0.01101464713866911,,False,0.9814238377347123,0.9789093394071947,0.9738676704124298,0.9762753271945096,0.940562248995984,0.9221189392078871,0.9185397027933596,0.92017403845506
596,0.002903987176194217,0.011008210043148097,,False,0.9814238377347123,0.9793449138306713,0.9738676704124298,0.9764763536738165,0.940562248995984,0.9221113953015249,0.918538447385691,0.9201616407655298
597,0.0029018053976134104,0.011012951928686624,,False,0.9814238377347123,0.9793494110978025,0.9738676704124298,0.976478534846283,0.9397590361445783,0.92137952764314,0.9177902244152458,0.9194040101693025
598,0.0028983570343860876,0.011004146363689777,,False,0.9814238377347123,0.9793449138306713,0.9738676704124298,0.9764763536738165,0.9397590361445783,0.9213705398166238,0.9178093483250335,0.919426315350708
599,0.0028938554015441177,0.011003840196919499,,False,0.9815242494226328,0.9794391713600772,0.9739563464787595,0.9765679516984201,0.9401606425702811,0.9217291256358542,0.9181770537916736,0.9198088558654585
600,0.0028909851868197025,0.01100543904282989,,False,0.9815242494226328,0.9794348979561543,0.9739563464787595,0.9765658442327112,0.9401606425702811,0.9217473055738604,0.9181847152179247,0.9198173732004611
