epoch,mse,validation_mse,accuracy,converged,training_accuracy,training_macro_precision_present,training_macro_recall_present,training_macro_f1_present,validation_accuracy,validation_macro_precision_present,validation_macro_recall_present,validation_macro_f1_present
0,0.3729892751175626,0.37276621173254126,,False,0.1352545436288784,0.10688998377304279,0.12326955111673679,0.09137422031078449,0.13413654618473897,0.0931785788430443,0.12289726605807674,0.09068019551158317
1,0.07321248233427047,0.07323423554850243,,False,0.4694246410282157,0.3664294022070156,0.42047721720068004,0.3761441612148713,0.4650602409638554,0.39699316525110195,0.4147218490489121,0.37012056425245343
2,0.057517533227759,0.058032624512386145,,False,0.6067878301034241,0.516089773539616,0.5468123772829995,0.5085148089946744,0.6124497991967871,0.5452243693155727,0.5504931291306572,0.5108215486570612
3,0.049021470177146816,0.04974250038203849,,False,0.6678381363590722,0.5615852768594074,0.6029240198105605,0.5616170486244729,0.665863453815261,0.5932527545235178,0.5999214275296896,0.5569900365570255
4,0.0440093211615605,0.04481593791461333,,False,0.70549251932925,0.6659910011849177,0.6380972819958021,0.593165025684899,0.7068273092369478,0.6230345505605329,0.6381716406898108,0.591296527163388
5,0.04060750286395851,0.04154519218532539,,False,0.7271814439200723,0.6627062518711532,0.6576080463347772,0.610938557015304,0.7261044176706827,0.6423774844984136,0.655881550121974,0.6083036979827138
6,0.038201768416988094,0.03919943982221658,,False,0.7442514308665529,0.6794644174548459,0.6732956293017252,0.6251820035921649,0.7373493975903614,0.6519774652594517,0.6663026576088059,0.6177250937674598
7,0.036155303697613723,0.03726733925406061,,False,0.7571041269203735,0.7012764128574231,0.6853372664768139,0.6360938746543634,0.7522088353413655,0.6649215384027931,0.6800832227800213,0.6301877375389281
8,0.03466882111736157,0.0359154052932488,,False,0.765237473641932,0.7012017046825777,0.6927856055819396,0.6426152065593151,0.7594377510040161,0.6710236354911425,0.6866429153727003,0.636230004810813
9,0.03343133633485319,0.03470151974931264,,False,0.7711617632292399,0.7048510079163084,0.6982553902536175,0.6483323417051594,0.7662650602409639,0.6035346472837182,0.693089651634449,0.6428351245182131
10,0.03236975611325834,0.03371325647629683,,False,0.7760819359373431,0.707460180733044,0.702781068609197,0.652091555863508,0.7670682730923695,0.6033119687680979,0.6937851992242483,0.6433775632918093
11,0.03152846331842712,0.03295236747996674,,False,0.7798975800783211,0.7076273992036667,0.706196283460947,0.6552956743804955,0.7714859437751004,0.6064443874172648,0.6976313644550007,0.6468774295672625
12,0.030748997879839944,0.0322153812805851,,False,0.7835124008434582,0.7123393285152468,0.709566129078151,0.6587229654133477,0.7730923694779116,0.6087720592600672,0.69918770316264,0.6484684167200441
13,0.03006896454834472,0.031624825553227785,,False,0.7859222813535496,0.7112425042994133,0.7117351590642943,0.6605075498035587,0.7779116465863454,0.6673889996283027,0.7035856583883534,0.652873954091666
14,0.029487964612545207,0.031117794424221346,,False,0.7899387488703685,0.7125943144551885,0.715429262306693,0.6644954516414311,0.7811244979919679,0.6531697850589389,0.7066016720116116,0.656109322846633
15,0.028914984560485406,0.030558194150767666,,False,0.7942564514509489,0.7258979778275276,0.7193574998889822,0.6686572884081424,0.7835341365461848,0.6832754011050906,0.7088379465515415,0.6589188177031897
16,0.028411500321232422,0.03010903908354948,,False,0.7968671553368812,0.7405315204432631,0.7217530248898938,0.6730480310032914,0.7871485943775101,0.7115490909029902,0.7122599074912543,0.6654987684296664
17,0.027750095228699288,0.02934674602566101,,False,0.8064062656893263,0.7423590829594053,0.7305243099072241,0.6883984473776446,0.795582329317269,0.7220299222455349,0.7200810664607612,0.6792730001399991
18,0.026336583041116735,0.027599939179620874,,False,0.8299026006627171,0.7642792231456741,0.7524371025913336,0.7296603225054455,0.8196787148594378,0.7389787852272098,0.742487119018778,0.7195559843375685
19,0.024362964720525366,0.025651383161210514,,False,0.8500853499347324,0.7751844354288804,0.7712277725535226,0.7573385504855557,0.8377510040160643,0.842185635688379,0.7593159215441981,0.7437177694946722
20,0.022780621492899663,0.024271418380952123,,False,0.8620343407972688,0.8037491524983085,0.7824063435908726,0.7709915846600102,0.8518072289156626,0.8536988028456678,0.7724666718894952,0.7602923394054479
21,0.02134368099883958,0.022973636763289756,,False,0.8772969173611809,0.8157810672906556,0.7964633662076424,0.7874372596245612,0.8606425702811245,0.8590195888505696,0.7807172418260032,0.7709292193823133
22,0.02041207967956734,0.022189577146457248,,False,0.8832212069484888,0.8210856624883763,0.8019993503061216,0.7935115385537739,0.8682730923694779,0.866969468839168,0.787803413113366,0.7786937537669439
23,0.01959028551724228,0.021544602442666178,,False,0.8868360277136259,0.8246821596596283,0.805288081001201,0.7965004999001084,0.8710843373493976,0.8702081526991854,0.7903602937478821,0.781092346279601
24,0.018909954397898703,0.02097259165271932,,False,0.8911537302942062,0.828326881531145,0.8093219172213615,0.8005391532220798,0.8730923694779117,0.8721510854679044,0.7922591493142828,0.7829781346377754
25,0.018397084520590926,0.02048819984208949,,False,0.8939652575559796,0.8310296365436617,0.8118922654835288,0.8032070197357696,0.8771084337349397,0.8763330382858858,0.7959793674519565,0.7867782774899472
26,0.017890575529925484,0.020094619236405452,,False,0.8971784315694347,0.8338374585594661,0.8148742765002271,0.8062861555246907,0.8791164658634538,0.878358793262606,0.7978354624827193,0.7887213181102761
27,0.017521349787811318,0.01980283332832216,,False,0.89828296013656,0.8255944798973315,0.8158969903575071,0.807328753180142,0.8791164658634538,0.8784289873884564,0.7978710396534034,0.78877472267539
28,0.017121764498220986,0.019387082899406976,,False,0.8999899588312079,0.8364447102782988,0.8174879181091044,0.8088857006234689,0.8831325301204819,0.8823402731956701,0.801608916714899,0.7925048667604054
29,0.01678303002512816,0.019111076600309283,,False,0.9023998393412993,0.8384885938479236,0.8197352661748115,0.8110237400203921,0.8855421686746988,0.8846643229200186,0.8038664146283682,0.7946304428905548
30,0.016491068249636382,0.018910056848339116,,False,0.9031027211567426,0.8392435707502466,0.8203713820739283,0.8115958876264223,0.8839357429718876,0.883408553063024,0.8022954743851528,0.7929765935122527
31,0.016192573080956327,0.01860563754499722,,False,0.9041068380359474,0.8308472349259234,0.8212866203167107,0.8126765500322215,0.8887550200803213,0.8879479478086638,0.8067992059046669,0.7975890983910372
32,0.01596279627906102,0.01837972241788092,,False,0.9052113666030726,0.8265839782535596,0.8223142057398571,0.8138230617812858,0.8899598393574297,0.8894331005652825,0.8079246950402844,0.7988458214753776
33,0.015700871869788906,0.018226424428314073,,False,0.9060146601064364,0.832516214127365,0.8230149857555276,0.8143780406324532,0.8899598393574297,0.8892981272126865,0.8079177477855335,0.798655642018723
34,0.015461747681784294,0.018015967955626946,,False,0.9078220704890049,0.8287638666397723,0.8247484959644652,0.8161075537083387,0.8923694779116466,0.8918755057718208,0.810137761677896,0.8008642840545113
35,0.015277685561087325,0.017807601361389907,,False,0.9078220704890049,0.8286150136351714,0.8246865037459353,0.8160835525690471,0.893574297188755,0.8927321358570517,0.8112466835485501,0.8019883061594042
36,0.01504912845308865,0.017618690301630505,,False,0.9094286574957325,0.8303222302096546,0.8261696024083588,0.817528515189061,0.8939759036144578,0.893346023661991,0.8115773847037329,0.8022933241526243
37,0.014861754046431782,0.01749128284616123,,False,0.9105331860628577,0.8312198302402354,0.8272334785264097,0.8186119750169893,0.8955823293172691,0.8950056756649538,0.8131153213203475,0.8038145495861094
38,0.01464692390843985,0.01731867650108394,,False,0.9118385380058239,0.8419655270447827,0.8288201429298739,0.8207156281553064,0.8943775100401606,0.8937761940306439,0.8119751183625603,0.8026660035958836
39,0.014503402625245645,0.017219738626464597,,False,0.9115373029420625,0.8378000947387186,0.8285356050801521,0.8204073916113815,0.8939759036144578,0.8933175169353829,0.8116074213784046,0.8021833831700852
40,0.014310662985866243,0.0170313663327766,,False,0.9128426548850286,0.8616761524692262,0.8310038712110951,0.8243767362426038,0.8951807228915662,0.8946110489515771,0.8127285004264038,0.8033504120475549
41,0.014156093895418465,0.016887345220267334,,False,0.9135455367004719,0.8673586095367849,0.8316441692556616,0.8250700520452418,0.8955823293172691,0.894882915467124,0.8130865306665169,0.8037476233353676
42,0.013988516321226394,0.016756179515036662,,False,0.9135455367004719,0.862285068199233,0.8316654926823122,0.8250768392843632,0.8967871485943775,0.7969307347552564,0.8142319902807283,0.8050396598960644
43,0.01385523639019319,0.016602264766003738,,False,0.9142484185159152,0.8724033273528146,0.8331433621829096,0.8275380758583095,0.8963855421686747,0.7965988350752268,0.8138225760775825,0.8046650130044593
44,0.01372627936885712,0.016509887151492698,,False,0.9155537704588814,0.8771458199834377,0.8348093733005812,0.8296502374838556,0.8987951807228916,0.799104441310296,0.8160692503067097,0.8071029001443542
45,0.013564497825661085,0.0163538220632045,,False,0.9168591224018475,0.8866082025301436,0.837244969834037,0.8333999390866506,0.8983935742971888,0.7983898040467226,0.8157157446822093,0.8065926424489398
46,0.013434033214250128,0.0163073567113748,,False,0.917160357465609,0.8928066365955449,0.8388140196175615,0.836226209745678,0.8991967871485944,0.799116658572427,0.8163989568678702,0.8072721344233723
47,0.013288056391181144,0.0161565125064273,,False,0.9170599457776886,0.8926552152116466,0.8386939820160547,0.836091506305926,0.8975903614457831,0.7976876924847363,0.814991329257588,0.8058425944798167
48,0.013182591436955228,0.016089209866414624,,False,0.9183652977206547,0.8982812657216992,0.8411777016116311,0.839760335770541,0.8991967871485944,0.8548130757596445,0.8181101528179571,0.8110682467055391
49,0.013065888438995428,0.01590303211645402,,False,0.9197710613515413,0.9028508865024557,0.8437163504799494,0.8435070142091649,0.9020080321285141,0.8755963786182558,0.8223925959123862,0.8172848156435886
50,0.012928370230617008,0.015830158349790874,,False,0.9207751782307461,0.8988151339697311,0.8450509892880955,0.8450966385256805,0.9020080321285141,0.8847781039278073,0.8240910209963549,0.820754164532283
51,0.012828466525944184,0.015721555379911524,,False,0.9221809418616327,0.9038619187315542,0.8479949161413711,0.8494174552879051,0.9040160642570281,0.8922123891628707,0.8276198296957784,0.8259719431462038
52,0.012708741916908167,0.015725190576721934,,False,0.9223817652374736,0.9066401076432081,0.8481811984449641,0.8496325541463133,0.9020080321285141,0.8686642027950181,0.8239832292938981,0.8206422946167521
53,0.012590264418930786,0.01557308145125753,,False,0.9237875288683602,0.9081421008388492,0.8511282100871816,0.8538256731407361,0.9052208835341365,0.878772048063178,0.8286272840431261,0.8268926434596398
54,0.012504369789675257,0.015516239481851943,,False,0.9245908223717241,0.9086539576610279,0.853142606450985,0.8566263010676265,0.9040160642570281,0.877761077874525,0.8275171356293224,0.825783454084546
55,0.012402628578707447,0.015465357258623974,,False,0.9251932924992469,0.9108707303127915,0.8549787817034381,0.8592582943484403,0.9036144578313253,0.8730473145191996,0.82882778123527,0.8284581895885239
56,0.012282819826446209,0.015339399700719486,,False,0.9263982327542926,0.9136378252208388,0.8577400183827092,0.8630915662326573,0.9044176706827309,0.8736238820022237,0.8296236783377215,0.8292736841630906
57,0.012184756924705083,0.015216966999806708,,False,0.9261974093784516,0.912685950855366,0.8567025526147258,0.8616091570278777,0.9052208835341365,0.8743826116093639,0.8302959598891869,0.8299683332282835
58,0.012075853892673745,0.01514334082678841,,False,0.9277035846972588,0.9152681201791838,0.8593343317406104,0.8649488015145155,0.9056224899598394,0.8746547498179987,0.8306906772351318,0.830353730249634
59,0.011986075884609867,0.015026055394323626,,False,0.9276031730093383,0.9143443046772626,0.8600968852815991,0.8661133836144296,0.9068273092369478,0.8803019116259919,0.8334934295385762,0.8345117105330296
60,0.011910109715619736,0.01505599484550416,,False,0.928607289888543,0.9091892225442848,0.8609972064732899,0.866624775780076,0.9052208835341365,0.8720087330423957,0.831963075021504,0.8327995985042806
61,0.01180611027769557,0.014972226545976849,,False,0.9292097600160659,0.9098181397415134,0.8628101172783968,0.868988806203141,0.9052208835341365,0.8703269946547179,0.8336778866566574,0.8355012937384176
62,0.011703789602131547,0.014849154387891207,,False,0.9293101717039863,0.9143579759379086,0.8633602823513092,0.8700388587438742,0.9056224899598394,0.8616760016832615,0.8324560508988338,0.8329780731103813
63,0.011620978309340677,0.014795504872880947,,False,0.9296114067677478,0.9176145437965457,0.8636310984151024,0.8704900745159837,0.9048192771084337,0.8656997838899847,0.8316947329559782,0.8323601115690041
64,0.011537236969609089,0.014676723781130904,,False,0.9308163470227935,0.9193706935284024,0.8655775323267061,0.8728490275866341,0.9068273092369478,0.8675009259940715,0.8334986777125164,0.8341803258620358
65,0.011448346574214662,0.014627766754858874,,False,0.9318204639019982,0.9141467370621856,0.868584981115711,0.8761348670482231,0.9060240963855422,0.8709249618259538,0.8344883830532838,0.8363131094862961
66,0.011361985590712165,0.014600338292810688,,False,0.9321216989657596,0.914295897132608,0.8701251304623039,0.8780388750484486,0.9056224899598394,0.8694980689298836,0.8358042768331715,0.8384261317657181
67,0.011280394044594808,0.014489124738106337,,False,0.932623757405362,0.9167981442361715,0.8701805748960959,0.8781720968365905,0.908433734939759,0.8751336927585345,0.840051311164167,0.8436918948399781
68,0.011205066473230718,0.014457480003059507,,False,0.9332262275328849,0.9175518157753682,0.8711735558163021,0.8792856646567704,0.9068273092369478,0.8716167136299973,0.835224419981865,0.8370275781142178
69,0.011164140987847578,0.014429096267240041,,False,0.9337282859724872,0.9224888580878317,0.8728696050880755,0.8818214108929942,0.9068273092369478,0.8750447553684486,0.8368759857184139,0.8397826744968311
70,0.01103489209141987,0.014328432426836065,,False,0.9342303444120895,0.9202880422134528,0.8745863094829116,0.8835609202710032,0.9076305220883534,0.8788637285878829,0.8393351217037007,0.8431977616112176
71,0.010958052006241935,0.01429978961806232,,False,0.9346319911637715,0.9203915708073964,0.8762275422624118,0.8854343072672178,0.9088353413654618,0.8848370223163317,0.8438053356165843,0.8493874858012985
72,0.010879781256646914,0.014220177754930428,,False,0.9349332262275328,0.9211864679141772,0.87735433331982,0.8867678603266264,0.9088353413654618,0.8848296992665851,0.8438232041187034,0.8494253878930372
73,0.010832080262855008,0.01418874987079597,,False,0.9365398132342605,0.9284179510245983,0.8796995060826094,0.8899347828165713,0.908433734939759,0.8844964186620574,0.8434503480411494,0.8490286696116957
74,0.010729989607871452,0.014152047105234027,,False,0.9361381664825785,0.9227940296972138,0.8792999904187623,0.8889030615647834,0.908433734939759,0.8845250141929708,0.8434312241313617,0.8490137433785979
75,0.010660426754734722,0.01406578073829678,,False,0.9363389898584196,0.9280343569610232,0.8790420083465028,0.8892169748655573,0.9088353413654618,0.8848533379016744,0.8437867435561377,0.8494101849684372
76,0.010593118488568353,0.014035812438617337,,False,0.9367406366101014,0.9265592179215655,0.8802722849117417,0.8903789386457461,0.9096385542168675,0.8856390591515451,0.8445675403683873,0.8501644644724964
77,0.010585013510124407,0.014035548075885338,,False,0.9369414599859424,0.9267557227561984,0.8804481265947085,0.890576874810525,0.9108433734939759,0.8867135651609731,0.8457147787571242,0.8513085205660146
78,0.010464789991614345,0.013873250041110648,,False,0.9376443418013857,0.9284386576165333,0.8810970411676209,0.8913543844012906,0.9104417670682731,0.8862939782380277,0.8452888719572834,0.8509402164164596
79,0.01038732210505017,0.013890315376791204,,False,0.9387488703685108,0.9290188338359135,0.8833790290950474,0.8937367345639439,0.9092369477911647,0.887212083974949,0.8458431013171934,0.8522029232564657
80,0.010312632077756345,0.013836745405561617,,False,0.9388492820564314,0.9288779899753759,0.8830578289360566,0.8933282748454032,0.9108433734939759,0.8904148646694554,0.8490377542812708,0.8560387560536081
81,0.010249214769782663,0.01376813155339336,,False,0.9391505171201928,0.9293732889492339,0.8837562754977107,0.8941097133430898,0.9112449799196787,0.8890544728144432,0.8476918059573999,0.854054285229537
82,0.010187103640866365,0.01374068217757003,,False,0.9395521638718747,0.9302565414663104,0.885388770931312,0.8960011435587817,0.91285140562249,0.8938789165720775,0.852578371941353,0.8602258929014116
83,0.010124053695625381,0.013672620291610996,,False,0.9395521638718747,0.9304400551775639,0.8857985709269263,0.8965006080143668,0.9144578313253012,0.894586317542355,0.8574296352073828,0.8656615329350896
84,0.010063956612714735,0.01371060435350597,,False,0.9403554573752385,0.930548122593328,0.8874118784287548,0.8980655157255207,0.9124497991967871,0.8935434818581379,0.8522177019056628,0.859834568388043
85,0.01002155440250806,0.013695061873851163,,False,0.9404558690631589,0.9317927749899337,0.8879062895244935,0.8987569878437528,0.9120481927710843,0.895948558346044,0.8552169998060263,0.8638366818469119
86,0.009933928209394288,0.013580569035114317,,False,0.9409579275027613,0.9312596086032199,0.8883728488547263,0.8990993522628354,0.9140562248995984,0.9015860403527886,0.8570786403982196,0.8661960688337659
87,0.009880191649996643,0.013515253915775783,,False,0.9419620443819661,0.9322576640408378,0.8892703253933634,0.9000163560332245,0.9152610441767068,0.8978608218362881,0.8615204894611036,0.8704839538091611
88,0.009813601162311369,0.01349264095220381,,False,0.9418616326940455,0.9349813426666016,0.8892020769493182,0.9003452094354029,0.9136546184738956,0.9012359358099737,0.8566935982788016,0.8657943328923245
89,0.00975687749879025,0.013462074066718063,,False,0.9428657495732503,0.9364224075349425,0.8917939810928814,0.9031778357726302,0.9140562248995984,0.8966560421441332,0.8604372239463647,0.8693505549131282
90,0.009708775273322983,0.013441869519057145,,False,0.9428657495732503,0.9336109053383321,0.8917982640807942,0.9027327218250858,0.9160642570281124,0.9017092455248127,0.8623162011913359,0.8717218143380983
91,0.009650131876523558,0.013375268614068616,,False,0.9437694547645346,0.9363140318315851,0.8926309936179175,0.9038756782284487,0.9164658634538153,0.9021604166643092,0.8626562653663038,0.8721019211767618
92,0.009603377588602911,0.013348090841668714,,False,0.944070689828296,0.9370310355454907,0.8941519310554398,0.9055232251841948,0.9160642570281124,0.8978002998785912,0.8656479018404161,0.8745884124381589
93,0.009546809414226018,0.013270988084120736,,False,0.9439702781403755,0.9371526872910905,0.8919757631173363,0.9032579938640567,0.9180722891566265,0.9036023751228238,0.8641367590423247,0.8735970849013428
94,0.009488424853210279,0.013263169530487139,,False,0.9446731599558189,0.9371618718821,0.8934359623220816,0.904687283719286,0.9176706827309237,0.8999485330523821,0.863735103828456,0.872688198643959
95,0.009430235296663547,0.013281757957048348,,False,0.9448739833316598,0.9379661317705325,0.8957222758410689,0.9071554400162023,0.9168674698795181,0.8958253680065634,0.8663904423506059,0.8747819572668791
96,0.009385906723038457,0.013210870847133762,,False,0.9449743950195802,0.9381490968399595,0.8962713781164889,0.9077438322243927,0.9176706827309237,0.8991258246176748,0.8671674644573657,0.876040724730989
97,0.009337360537808313,0.013183665934258019,,False,0.9457776885229441,0.9390698644359597,0.8973993623326054,0.9088939284252296,0.9176706827309237,0.8992448140889368,0.8671668350449985,0.8760552331850309
98,0.009275051930125157,0.013159483895063766,,False,0.9458781002108645,0.9391806344541046,0.8974830123917632,0.908988972452149,0.9180722891566265,0.896924219724518,0.8674871493148774,0.8759074725781351
99,0.009224828664888515,0.013143808463715686,,False,0.945978511898785,0.9392537821331762,0.8975930582776898,0.9090912316364369,0.9188755020080321,0.900237765830763,0.8682231862434586,0.877135005658108
100,0.00917564349772041,0.01309825099593849,,False,0.9465809820263079,0.9397388447943276,0.8981307815098827,0.9096353468295403,0.9188755020080321,0.8975806611736387,0.8682463029195179,0.8766384313279248
101,0.009137369807947287,0.013011767514510065,,False,0.9463801586504669,0.9396777770398475,0.8983676159261734,0.909909762892857,0.9192771084337349,0.9005633522551914,0.8685896363024301,0.8775102989788182
102,0.009083513506469701,0.01297770169121124,,False,0.9464805703383874,0.9400438730449715,0.899309416538938,0.9108909109522172,0.9196787148594378,0.9009936604056793,0.8689592231720398,0.8779008028739692
103,0.009029877527459467,0.01300470016154455,,False,0.9470830404659102,0.9398177741006063,0.9002964774808072,0.9117094451465753,0.9192771084337349,0.8990190828331954,0.8703039160882422,0.8788451398091249
104,0.00898394723029386,0.012947032314440091,,False,0.948087157345115,0.9415824787916802,0.9012019382185977,0.912774845894201,0.9188755020080321,0.9012060723749765,0.8699066879269602,0.8789904190711183
105,0.008953818065286877,0.012897166089908367,,False,0.9485892157847173,0.9422065683532479,0.9020824838440409,0.9136808663362488,0.9200803212851406,0.9023523035338774,0.8710059141890529,0.880103923263634
106,0.008893251532611722,0.01289890652499346,,False,0.9481875690330355,0.9408788471397417,0.9013076530640807,0.9127206337028362,0.9204819277108434,0.9027335028118636,0.8713876871005266,0.8804614788675971
107,0.00884449841074157,0.012874354839122906,,False,0.9484888040967969,0.9411860977278916,0.902002688901753,0.9134273022036241,0.9216867469879518,0.9037026136865143,0.8725120353564703,0.8815812935051371
108,0.008799437748236702,0.01285744619191018,,False,0.9483883924088764,0.9411182058475064,0.9019179028891872,0.9133360199304718,0.9208835341365462,0.90298923201239,0.8717772623180418,0.8808195166963846
109,0.008755341967406223,0.012833336612632442,,False,0.9495933326639221,0.9424446980427853,0.9038725231462704,0.9153022896150479,0.921285140562249,0.9034343378764057,0.87214947201826,0.8812131790148867
110,0.008706936071469804,0.012812493535472097,,False,0.9493925092880812,0.942599431643359,0.9049446568796371,0.916388249635306,0.9204819277108434,0.900100397960565,0.8714006230525136,0.8799563596097302
111,0.0086666331005326,0.012776448261554253,,False,0.9498945677276835,0.9431804745096515,0.9058162140170336,0.917267894120216,0.921285140562249,0.9033500028872995,0.8721379238712477,0.8812061123098254
112,0.008648817973561795,0.012790345667684016,,False,0.9492920976001606,0.9423093630025083,0.9040228025826013,0.9154374500361304,0.9220883534136546,0.9041329098521848,0.8729002227690108,0.8819369025446612
113,0.008577618947842758,0.012725550535699527,,False,0.9504970378552063,0.9435325347047415,0.9055510479978675,0.9169978037925239,0.9220883534136546,0.9041493992844468,0.8728880282446626,0.8819488119004079
114,0.008545417176934906,0.012744844783983729,,False,0.9495933326639221,0.9429787011299344,0.9059800242409904,0.9174073813115522,0.921285140562249,0.9008099680159773,0.8721191549210662,0.8806439361438854
115,0.008498862597244486,0.012663515811883644,,False,0.9506978612310473,0.9423525102631576,0.9065670623458685,0.9176848258295875,0.9196787148594378,0.8993412680702657,0.8706472494711543,0.8792042353366134
116,0.008455562261722954,0.012648955804156557,,False,0.9505974495431269,0.9431413536148282,0.9069036555739127,0.9181926187843664,0.921285140562249,0.900788633019376,0.8721005628606197,0.8806493991116877
117,0.008413613512296043,0.012634592717182888,,False,0.9507982729189678,0.9432580742750135,0.906666447372026,0.9179479793410105,0.9216867469879518,0.9012255811745935,0.8724752918586592,0.881033125200884
118,0.008373838364806136,0.01260259842997658,,False,0.9513003313585702,0.9437947174821216,0.9075563603181332,0.9188321592181062,0.921285140562249,0.9008178105185026,0.8720896322264243,0.8806495131299318
119,0.008338604816176546,0.012574819863922667,,False,0.951902801486093,0.9440166278490056,0.9098095862419129,0.9208463982677717,0.921285140562249,0.9017805638683295,0.87378531995179,0.8824174113874846
120,0.008293036723757164,0.012546392392084112,,False,0.9525052716136159,0.9445829244705788,0.9103515088603008,0.9213912649856364,0.921285140562249,0.9008307255621766,0.8721133664153006,0.8806604809007946
121,0.008258576941342901,0.01249436272839874,,False,0.9527060949894568,0.9452801198344358,0.9096880714362174,0.920927139883581,0.9216867469879518,0.9037587343980736,0.8724727725608381,0.8815606016597338
122,0.008243384435171641,0.012453046788988363,,False,0.9523044482377748,0.9447900809352292,0.9088752170545182,0.920161857423968,0.9220883534136546,0.9040533634946074,0.8728218859670316,0.8819299643929307
123,0.00819376608976549,0.012469725302879984,,False,0.9525052716136159,0.9451748477115396,0.9099248055457418,0.9211652641162618,0.921285140562249,0.9042712039039075,0.8737693507219518,0.8829693186571892
124,0.008151776338157616,0.01248966073706254,,False,0.9529069183652977,0.9456330645764705,0.9107257599472823,0.9219133518634762,0.9228915662650602,0.9033004081849256,0.8752818600386403,0.8838907171331113
125,0.008108788770095542,0.012438366067063264,,False,0.9531077417411387,0.9459419465480471,0.9113159876389615,0.9225019299525035,0.923293172690763,0.9045483855046506,0.8773394732073645,0.8859846624989058
126,0.008074946086792448,0.012424997273504854,,False,0.9535093884928205,0.94698983868474,0.9117102827766378,0.9230421352747334,0.9224899598393574,0.9015211517989878,0.8766084927437374,0.8847204028947049
127,0.008042419188840095,0.012357711840153704,,False,0.9539110352445025,0.9472982864394758,0.9116434634486742,0.9230144291639445,0.9228915662650602,0.9074054299342542,0.8785974973119225,0.8878764093984917
128,0.008000605387001106,0.012375194130285478,,False,0.9539110352445025,0.9466268758447376,0.9120708177720014,0.9232412520949962,0.9224899598393574,0.9023858292205351,0.8782435574011069,0.8863620564199507
129,0.007967183794853717,0.01231237896280733,,False,0.9539110352445025,0.9474915500026123,0.9124796996921994,0.9238193016279528,0.9240963855421687,0.9091999842781109,0.881344946745672,0.8906033257398904
130,0.00793395165482397,0.012326623390669377,,False,0.953810623556582,0.9461513685516185,0.913226398578488,0.9241741675671106,0.9240963855421687,0.9047094755311681,0.8813694333573944,0.8894316335209853
131,0.007889780424045444,0.012333176913426707,,False,0.9544130936841049,0.9472932974691618,0.9133682776878407,0.924494201952776,0.923293172690763,0.904002236797317,0.8806816880736364,0.8887292185003722
132,0.007855247024257755,0.012297032738220881,,False,0.9543126819961844,0.9472086129263135,0.913277574739995,0.9244039590555823,0.9248995983935743,0.9062820543881648,0.8838197500717877,0.8917670155146644
133,0.007833190332781806,0.01222917549190176,,False,0.9547143287478662,0.9484917499736008,0.9144713678620298,0.9257341319043699,0.9253012048192771,0.9103628784805939,0.8824416537099434,0.8917251789777781
134,0.007788013430404343,0.012259974528146804,,False,0.9547143287478662,0.9484673102298111,0.9144901403377469,0.9257291414235591,0.9244979919678715,0.905906506928577,0.8834875242128059,0.8914382019257832
135,0.007748205263482526,0.0122554897360828,,False,0.9549151521237071,0.9485697264314782,0.9142564015336377,0.925519457767177,0.9244979919678715,0.9066924203409568,0.8851774319148902,0.8929839560626921
136,0.007718097888605015,0.012193912357107279,,False,0.95551762225123,0.9500006678936254,0.915640435325306,0.9270207281689843,0.9253012048192771,0.9087828267144782,0.884193940883719,0.8927798951932977
137,0.007690637464588372,0.012206286859303526,,False,0.95551762225123,0.9493180305053408,0.9156437629237038,0.9268652174187605,0.9257028112449799,0.9120256313114409,0.8862177163204863,0.8952859278772336
138,0.007660461734554688,0.012219447931628451,,False,0.9554172105633095,0.9492981396893919,0.9159818305440238,0.9271573388989344,0.9253012048192771,0.9074494719968889,0.8859256548853353,0.8937371730981261
139,0.007617784558809478,0.012187762524874596,,False,0.9556180339391506,0.9488755119739866,0.916583657222552,0.9275444286626564,0.9257028112449799,0.9078010306393774,0.8862632082449662,0.8941101400584527
140,0.007606943461559582,0.01217553915406205,,False,0.9560196806908324,0.9491887346233807,0.916530977730086,0.9275380074790246,0.9265060240963855,0.9106085964335541,0.8869922012601132,0.8954431462734433
141,0.007553963255591284,0.012124751870495316,,False,0.9561200923787528,0.9493520229318071,0.9170423506355456,0.9280122304290896,0.9269076305220884,0.9089251304798167,0.887357292378629,0.895212805802967
142,0.007521416330659674,0.01212559333789326,,False,0.9566221508183552,0.949786543140984,0.9175099562892345,0.9284739724841979,0.9248995983935743,0.9070307580536833,0.8855060514756328,0.8933676661768172
143,0.007492853542251096,0.012085277154903502,,False,0.9568229741941962,0.9506694050008977,0.9176896880362315,0.9288209226277583,0.9273092369477912,0.9093025401872504,0.8877352821021287,0.8955990405868585
144,0.007461319871778472,0.012110594738132212,,False,0.9571242092579576,0.9502547387187283,0.9179585094556848,0.9289259551371796,0.9257028112449799,0.9078038644630703,0.8862619443548134,0.8941178637939776
145,0.007434814582815463,0.012065822179711005,,False,0.9572246209458781,0.9503349898570941,0.918042553379116,0.9290248083212779,0.927710843373494,0.9103246479987521,0.8898185312447335,0.8974671349178441
146,0.007397334065023321,0.012050943488173142,,False,0.957425444321719,0.9505254307047336,0.9182412108373852,0.9292117948569278,0.927710843373494,0.9103582127080784,0.8898050813127169,0.8974768500396002
147,0.007370183679093493,0.012042803467147808,,False,0.95762626769756,0.9501170868234511,0.9188491143328422,0.9295934623348406,0.9281124497991968,0.9107232180803952,0.8901804566880922,0.8978351487296581
148,0.007343477448307194,0.012058366083601817,,False,0.9577266793854805,0.9508507355923955,0.9189387293472309,0.929841929841656,0.9269076305220884,0.9102832356990491,0.8907512821774843,0.8981938120161376
149,0.007308621983655453,0.012017539209245661,,False,0.9578270910734009,0.9530573387984013,0.9190351143466456,0.9304703014105546,0.9269076305220884,0.9095898179099796,0.8890677804939826,0.8967379689608913
150,0.007292544445528386,0.011972866169834923,,False,0.95762626769756,0.9514805832527968,0.918830805052374,0.9299449200374537,0.9289156626506024,0.9121767598140862,0.8925935892815926,0.9000491128036663
151,0.007250790627340615,0.011962867673461221,,False,0.9587307962646852,0.9539613835887631,0.9202805348825367,0.9316856241644798,0.927710843373494,0.9110090732772854,0.8914995051479296,0.8989476406392325
152,0.007229379289670821,0.01199281008847483,,False,0.9583291495130033,0.9523643401329738,0.9207474989564263,0.9317069057497093,0.9261044176706827,0.9095656170583474,0.8900030592070394,0.8974635079943947
153,0.00719966653773831,0.011964581786246192,,False,0.9588312079526057,0.9523232481996963,0.9220443925892803,0.9327307560688448,0.9285140562248996,0.9118576781662896,0.8922271477051054,0.8996792605250187
154,0.007169965894525701,0.011951940133532554,,False,0.9589316196405262,0.9518499580243911,0.922563709311536,0.9330220472624811,0.9273092369477912,0.910706164786046,0.891114471510996,0.8985717009580395
155,0.007154227849177384,0.011930747813557937,,False,0.959534089768049,0.9537280779341505,0.9231122750298384,0.9339305312589905,0.927710843373494,0.911095573938363,0.8914763969543547,0.8989433753544218
156,0.007117700994594291,0.011870579246383012,,False,0.9596345014559695,0.9532921738149636,0.9240451637202232,0.9345759650795726,0.927710843373494,0.9110090732772854,0.8914995051479296,0.8989476406392325
157,0.007087354107310957,0.011916304679062815,,False,0.9599357365197309,0.9529951947617946,0.9247536403646737,0.9350211512755207,0.9273092369477912,0.9106406641750241,0.891125393662707,0.8985763995378377
158,0.0070590934755980096,0.011893604676175102,,False,0.9602369715834923,0.9540709915819225,0.9258614823808546,0.9361966627879065,0.9273092369477912,0.9106406641750241,0.891125393662707,0.8985763995378377
159,0.007032671936612514,0.01185863179242857,,False,0.9603373832714128,0.9541584486949909,0.9259568015470988,0.9362907711205462,0.9269076305220884,0.910264136732231,0.8907448761589019,0.8981995912626721
160,0.007003530799350272,0.011883187860997721,,False,0.9602369715834923,0.9513294395491751,0.9271192224215695,0.9363600281868416,0.927710843373494,0.9110091508692756,0.8914752391097122,0.8989335230835588
161,0.006987254082656823,0.011804473442096524,,False,0.9604377949593332,0.9537179406172245,0.9264529656959974,0.9365570044258974,0.9285140562248996,0.9117770328997216,0.8922368059666638,0.8996954957852386
162,0.006955965976977854,0.011811110841184129,,False,0.9611406767747765,0.955056646656263,0.9275153331444123,0.937723021215013,0.9289156626506024,0.912147984264037,0.8925917935420986,0.9000477665537924
163,0.006932922668334396,0.011832074102186096,,False,0.9607390300230947,0.9521442383355405,0.929247918061486,0.9381744254344674,0.9281124497991968,0.9114013206268241,0.891874880523305,0.8993187363444728
164,0.006897904606618515,0.011823364689200155,,False,0.9611406767747765,0.9534154866218054,0.9283662940860103,0.9378926153260916,0.9281124497991968,0.9114055935007781,0.8918570205036702,0.8993025457469539
165,0.006882699700210046,0.01186894452000672,,False,0.961441911838538,0.9529771470812177,0.9307250010493967,0.9394792216957326,0.9285140562248996,0.9118180018648179,0.8922375380074753,0.8996803172085868
166,0.006859065295946911,0.011768191789620087,,False,0.9615423235264585,0.9545677198909662,0.929988135629594,0.9394425359763111,0.9281124497991968,0.911383012914829,0.8918544927233645,0.8993100636086186
167,0.006821352346676829,0.01176470775599906,,False,0.9617431469022995,0.9547690341592379,0.9301677185273517,0.9396302156636066,0.9281124497991968,0.9107026177990151,0.8901722549300156,0.8978349603591391
168,0.006797232844246997,0.011782906080317903,,False,0.9619439702781404,0.9541307952678802,0.9320332183041524,0.9407838519694212,0.9281124497991968,0.910728225943847,0.8901722549300156,0.8978357043187193
169,0.006777006290303693,0.011795352500132946,,False,0.9621447936539813,0.9543915049879457,0.9326295148057631,0.9412880835017643,0.9281124497991968,0.9107528205831225,0.8901786609485982,0.8978391679607345
170,0.006751152445636808,0.011775652887835329,,False,0.9627472637815042,0.9550477037688615,0.9335882723875449,0.942171158594395,0.927710843373494,0.9103562486340788,0.8897994073349458,0.8974558694488661
171,0.006725241193862762,0.011754303471640765,,False,0.9624460287177428,0.9550190717251128,0.9316364390350517,0.9407627840809913,0.9281124497991968,0.9107357231932216,0.8901613327783043,0.8978298935493778
172,0.006693968449760408,0.011741036700156585,,False,0.9625464404056632,0.9552319372439428,0.9325593405530879,0.9415007191146536,0.9281124497991968,0.9107130717141259,0.8901735188201685,0.8978296306952321
173,0.006675504874752876,0.011725339317056575,,False,0.9626468520935837,0.9554886352669052,0.9335155835834654,0.942265129420282,0.9285140562248996,0.9111243447975783,0.8905354442635269,0.8982005338113245
174,0.006650738024826505,0.011773002716961772,,False,0.9631489105331861,0.9564536883253653,0.933970270622797,0.9428766955320754,0.9281124497991968,0.9107947399278782,0.8901850669671807,0.8978373793087662
175,0.00662543074545131,0.011740513419961733,,False,0.9632493222211065,0.9571245614907343,0.934049556367089,0.943154716039374,0.927710843373494,0.910368717984724,0.8898058133535286,0.8974597638870149
176,0.006600873216204898,0.011739174590450086,,False,0.963349733909027,0.9556226200474123,0.9345657495358898,0.9430248660749722,0.9285140562248996,0.9111334848168582,0.8905515170261522,0.8982117439770432
177,0.0065766142971473715,0.011737169040051725,,False,0.9638517923486294,0.9572603333542227,0.9354466687565305,0.9441741052606069,0.9281124497991968,0.9108083243057666,0.890179924838751,0.8978295982304297
178,0.006550570142162525,0.011665603521213376,,False,0.9635505572848679,0.9559046102362129,0.9351633174763188,0.9435431728447153,0.9281124497991968,0.9107400332227414,0.8901786609485982,0.897840405268053
179,0.006530223127768621,0.011709908225214359,,False,0.9640526157244703,0.9574450019620218,0.9356306639891044,0.9443576054940803,0.9289156626506024,0.9115654872881515,0.8909114371517194,0.8985499518654135
180,0.006516198943966549,0.011643771205452838,,False,0.9634501455969475,0.9568225181917219,0.9346648724218825,0.9434972055701198,0.9289156626506024,0.9114999078875677,0.8908973697068857,0.8985588607988859
181,0.0064881290824577095,0.011633558497223483,,False,0.9640526157244703,0.9569040344381468,0.9356206932907922,0.9441849287692534,0.9285140562248996,0.9111144007768489,0.8905405863919569,0.8982112584833413
182,0.006456406564465942,0.011654152667916019,,False,0.9640526157244703,0.9575056812960815,0.9360536442001793,0.9446836586560791,0.927710843373494,0.9104082407880529,0.8898045494633755,0.8974650415170031
183,0.006436997626424151,0.011633795329751135,,False,0.9642534391003112,0.9572163721857723,0.9366589509823373,0.9450040478077726,0.9273092369477912,0.9100278191799135,0.8894240319595704,0.8970897962619251
184,0.00641214119532783,0.011654708018295983,,False,0.9643538507882318,0.9557769909059188,0.9367474683946624,0.9445693358473358,0.9285140562248996,0.911861191182952,0.8922375380074753,0.8996672510556463
185,0.006390961439542678,0.011626335208665992,,False,0.9643538507882318,0.956792349896018,0.9367535278690485,0.9449217157488233,0.9285140562248996,0.9118696006071298,0.8922240880754586,0.8996750377173662
186,0.006367992236444058,0.011635490947030164,,False,0.9644542624761522,0.9574028412009987,0.9368458973206165,0.9451902686638882,0.9285140562248996,0.911839514744823,0.8922350187096539,0.8996791443341893
187,0.0063538460970799905,0.011599249767770721,,False,0.9642534391003112,0.9572163614338868,0.936649453446263,0.945002814917152,0.9285140562248996,0.9118385672384913,0.8922311319888926,0.899666420524981
188,0.006327685009409125,0.01162618666082162,,False,0.9647554975399136,0.9576830596912322,0.9371204057107432,0.94546501832211,0.927710843373494,0.9111422956185025,0.8914880511468775,0.8989274035845618
189,0.006307612481790493,0.011573257741774664,,False,0.9645546741640727,0.9574999154299264,0.9369296737966027,0.9452816976351692,0.9285140562248996,0.911146301626922,0.8905219943315105,0.8982055177350389
190,0.006284582222428463,0.011600097354075037,,False,0.9645546741640727,0.9574932275298372,0.9369457213118442,0.9452837632343191,0.9285140562248996,0.9118779310806173,0.8922375380074753,0.8996534003960885
191,0.006261805918308715,0.011578855390350253,,False,0.9648559092278342,0.9578509758576721,0.937625512008981,0.945872989124987,0.9285140562248996,0.911855428148618,0.8922240880754586,0.8996735073714
192,0.006243065196495689,0.011581836610347484,,False,0.9650567326036751,0.9580456646460304,0.9378110761456075,0.9460598289150303,0.9293172690763052,0.9125893320813417,0.8929652756149539,0.900398071849263
193,0.006220880346207772,0.011592976533100773,,False,0.9653579676674365,0.9584389225666937,0.9389336801449222,0.9469557071913025,0.9285140562248996,0.9118974849461898,0.8922304940940412,0.8996734487014925
194,0.006201774532335333,0.011558764391144784,,False,0.965257555979516,0.9582906388289343,0.9384164795973108,0.9465557884348245,0.9285140562248996,0.911855428148618,0.8922240880754586,0.8996735073714
195,0.006187855690551021,0.011555725350316591,,False,0.9651571442915955,0.9582601258749326,0.938738805174621,0.9467695423856267,0.9285140562248996,0.9118668094402042,0.8922202013546973,0.8996477602783366
196,0.006169734930782496,0.011577888864759172,,False,0.9656592027311979,0.9587299116866898,0.9392126149631544,0.9472348722928545,0.9285140562248996,0.9119161556441967,0.8922330133918623,0.8996483439864262
197,0.006140812775753493,0.011539694953861783,,False,0.9654583793553569,0.958532013541599,0.9390223562112519,0.9470466541006073,0.9281124497991968,0.9115134191868752,0.8918646819299213,0.8992707337069247
198,0.006128905868207463,0.011516902738862987,,False,0.9654583793553569,0.9586036667496717,0.9394387864431599,0.9473611302582801,0.929718875502008,0.9128809633440448,0.893332981081594,0.900782176464729
199,0.006105647423875658,0.011514392190008849,,False,0.9654583793553569,0.9585430992409449,0.9390171884337377,0.9470511315602567,0.9285140562248996,0.9118712993744403,0.8922304940940412,0.8996744537077535
200,0.006088649271990647,0.01150606503535756,,False,0.9658600261070388,0.9589585020122929,0.939802350779746,0.9477208712731324,0.9293172690763052,0.9125728432499207,0.8929659135098054,0.9003979656543453
201,0.006064063375838103,0.011536907242945435,,False,0.9659604377949593,0.9590518691126173,0.9398974017588196,0.9478102723835146,0.9293172690763052,0.9146127688312775,0.8929921754789873,0.9009937008102857
202,0.006043585293863122,0.01151028124868604,,False,0.9657596144191184,0.9583655667734957,0.9397211312746854,0.9474548828888005,0.929718875502008,0.9149448353039491,0.8933541009223459,0.9013718654974952
203,0.006032038856451381,0.011536700433847465,,False,0.9659604377949593,0.9590672486824663,0.9398937094650663,0.9478143279056968,0.9293172690763052,0.9126295259113137,0.8929417331350638,0.9003577877356828
204,0.0060148843206088605,0.01153257746300582,,False,0.9660608494828798,0.9586509141997751,0.9399942898291163,0.9477263892348462,0.9305220883534137,0.9156539794231348,0.8940998130774541,0.9021004265852626
205,0.0059951786190995246,0.011445088484219983,,False,0.9660608494828798,0.9591385839533214,0.93998901374608,0.9479065710399076,0.9301204819277108,0.9132736923934325,0.8937116256649136,0.901133768672546
206,0.005968848172694002,0.01147349145359535,,False,0.9660608494828798,0.9586297796464621,0.9399907724404256,0.9477233877325004,0.929718875502008,0.9149076370062826,0.8933431702881506,0.9013369095995538
207,0.00595474133522035,0.011445929752890752,,False,0.9659604377949593,0.9590458886604635,0.9398859845552658,0.9478045062491112,0.9293172690763052,0.9144683308345799,0.892950676320779,0.9009756564975182
208,0.005933229494714986,0.011461723377353527,,False,0.9662616728587208,0.9588776161493003,0.940585231850813,0.9482093561855341,0.9293172690763052,0.9145094351935636,0.8929634026944685,0.9009861407455778
209,0.005919364584588378,0.011447735365380976,,False,0.9664624962345617,0.9590682782409535,0.9407672785987486,0.9483968879697566,0.9305220883534137,0.9155784625897024,0.8940589254623017,0.9020644703367137
210,0.0058975115913076385,0.011459083743560066,,False,0.9662616728587208,0.9588809425116036,0.9405805372355367,0.9482078759993884,0.9305220883534137,0.9156190316696754,0.8940615567753945,0.9020661862724165
211,0.005894702197368092,0.011445852260180779,,False,0.9666633196104026,0.9587271018533663,0.9409600193121361,0.9483987869661856,0.9305220883534137,0.9142800935863211,0.8958000169359482,0.9029427120331357
212,0.00586432926595467,0.011418216733545828,,False,0.9662616728587208,0.9594013860652848,0.9405773963395387,0.9483931476870081,0.929718875502008,0.9148487356633095,0.8932972525598397,0.9013102459786315
213,0.005852546637622047,0.011396748716977302,,False,0.9662616728587208,0.959906564801238,0.9405788578681936,0.9485740072564602,0.9313253012048193,0.9162469567809589,0.8947924430930616,0.9027988754202949
214,0.005832873053671602,0.011404687924658407,,False,0.9666633196104026,0.9597797239345626,0.9409498916296697,0.9487663497199937,0.9309236947791165,0.9159346792623145,0.8944061455659751,0.9024230094694023
215,0.005819867482070673,0.011456377691588627,,False,0.967165378050005,0.960251923976197,0.9414163252754213,0.94922614481762,0.9309236947791165,0.9159639729749506,0.894423482218753,0.9024257950444814
216,0.005796852398583175,0.011413935185678474,,False,0.9666633196104026,0.9597792552667139,0.9409431701328772,0.9487596193816263,0.9309236947791165,0.9159707930391513,0.8944125515845577,0.9024219332506535
217,0.005777592529198397,0.011416987493146293,,False,0.967165378050005,0.960215846286213,0.941418176350788,0.9492197643620249,0.9305220883534137,0.9156004741861737,0.8940538953491431,0.902081728097143
218,0.005764008352604213,0.01140429255861644,,False,0.9670649663620845,0.9601377009672556,0.9413176785107793,0.9491314973879119,0.9305220883534137,0.9155610938515265,0.8940551507568117,0.9020657559849421
219,0.005749959891707027,0.011381313366183494,,False,0.967165378050005,0.9607464284638118,0.9414028371884184,0.9494078526560474,0.9301204819277108,0.9151679222455239,0.8936758886606752,0.9016894598834888
220,0.005728675675354845,0.011420414657576577,,False,0.9674666131137665,0.9605069743452892,0.9416886210117568,0.9494951035922506,0.9305220883534137,0.9156381541667091,0.8940615567753945,0.9020717141578345
221,0.005711400343345422,0.011385452099949686,,False,0.967165378050005,0.9607343183420272,0.9414155870139057,0.9494047339504377,0.9305220883534137,0.9156381541667091,0.8940615567753945,0.9020717141578345
222,0.005697198008092081,0.01136516247476883,,False,0.967165378050005,0.9607428997849884,0.9414045958827637,0.9494047816269475,0.9301204819277108,0.9151766055851479,0.893631483736613,0.9016567128759717
223,0.005679164603465757,0.011398231820276113,,False,0.9676674364896074,0.9612186827417821,0.9418660515412941,0.9498643735912038,0.9309236947791165,0.9160046499206742,0.8943912633365549,0.9024133549580166
224,0.005665050431923543,0.011386168525503485,,False,0.9677678481775278,0.9613146454413677,0.9419503795763963,0.9499581249288533,0.9301204819277108,0.9152449973917712,0.893631483736613,0.901669225216132
225,0.005644320027369666,0.011368745164625875,,False,0.9677678481775278,0.9612976499348184,0.9419575851316768,0.949957924351402,0.9305220883534137,0.916198639022769,0.8957508384821773,0.9035114221466279
226,0.005643278627519729,0.011418378954151202,,False,0.9680690832412893,0.9615980171208557,0.9422400373385997,0.9502319434307923,0.9305220883534137,0.9162744748348496,0.8957328724170323,0.9034991508506194
227,0.005614729785482897,0.011374564961754615,,False,0.9681694949292098,0.9606339565787239,0.9423280535402918,0.9499565756683555,0.9309236947791165,0.9147045893469197,0.8960991371037844,0.9032486446381505
228,0.005610285548980761,0.011318742713052646,,False,0.9680690832412893,0.961566091821938,0.9422378869667877,0.9502384422460027,0.9313253012048193,0.9163112634907318,0.8948103115951808,0.9028336531902017
229,0.005583772666615932,0.011344707062015801,,False,0.9681694949292098,0.961680161554582,0.9423216140244155,0.9503278343753941,0.9313253012048193,0.9162961163996626,0.8947358521271356,0.9027681424548675
230,0.005572738486738008,0.01138601254310476,,False,0.9685711416808916,0.9616494280308926,0.9435357677290115,0.9511169628810868,0.9309236947791165,0.9128838133979377,0.8960869510619206,0.902664914050552
231,0.005549203578219514,0.011355573144079256,,False,0.9680690832412893,0.9615812706020588,0.9422320935218037,0.9502309657113462,0.9317269076305221,0.9153582675555432,0.8968043959300552,0.9039826864881826
232,0.005536584396399518,0.011365646539258364,,False,0.9682699066171302,0.9617857650592136,0.9424197629368238,0.9504210351162293,0.9321285140562249,0.9157795667012311,0.8971739827996651,0.9043551224422663
233,0.005518255785110096,0.01132766032013933,,False,0.9682699066171302,0.961757048482288,0.9424161671512553,0.9504131835588377,0.9313253012048193,0.9169142833708287,0.8964315398525012,0.9042102622702802
234,0.005507997813024522,0.011302974493244463,,False,0.9684707299929712,0.9619871842226563,0.9430269390670161,0.9509085786654321,0.9317269076305221,0.9172907978709647,0.8968113337979791,0.9046028116067468
235,0.005492546002903425,0.01132298510917737,,False,0.9684707299929712,0.9619376262139373,0.9426117613706784,0.9506012607506372,0.9313253012048193,0.9169299405348581,0.8964494083546204,0.9042300789047018
236,0.005477223009866278,0.011340425528655919,,False,0.9686715533688122,0.9617203878850115,0.943625352834756,0.9512039044080287,0.9301204819277108,0.9139312806867304,0.8953636320245444,0.9025176004658747
237,0.00545867077772228,0.01132558716628219,,False,0.969073200120494,0.9630245538643324,0.9431575780608478,0.9513364636606205,0.9313253012048193,0.9169584527997878,0.8964424704866966,0.9042240429742835
238,0.005442075686617793,0.011305071899155339,,False,0.9688723767446531,0.9623661657359579,0.9433919606146957,0.9512730893092329,0.9309236947791165,0.9165870325509862,0.8960874829112618,0.9038704099221364
239,0.005429840014683813,0.011294188787900915,,False,0.969274023496335,0.9628534402065847,0.944601008823757,0.9522533034883482,0.9313253012048193,0.9150189979449525,0.8964494083546204,0.9036259798835585
240,0.005412721284571374,0.011299550285325474,,False,0.9689727884325735,0.9625239477951221,0.9438975400751713,0.9516698243690931,0.9309236947791165,0.9146634992744114,0.8960428290731038,0.9032299814366301
241,0.005399187889220118,0.011300394309585727,,False,0.9693744351842555,0.9630258799615515,0.945105411057647,0.9526429750049024,0.9317269076305221,0.9172760045307883,0.8967666799598211,0.9045659035835266
242,0.005383832089580482,0.01131738064404794,,False,0.9694748468721759,0.963125031985552,0.9452005404335984,0.9527374021626316,0.9309236947791165,0.9147290205657538,0.8960301111818987,0.9032127591680577
243,0.005374923876533605,0.011273540515363816,,False,0.9694748468721759,0.9635370714407328,0.944786197397815,0.9526158508549231,0.9309236947791165,0.9146599345249535,0.8960984135454572,0.9032689545333099
244,0.005353541512158674,0.011277590531071146,,False,0.9696756702480168,0.9627777904147171,0.9453901393208634,0.9527366809107328,0.9309236947791165,0.9146599345249535,0.8960984135454572,0.9032689545333099
245,0.005354028357661675,0.011331071215212547,,False,0.9698764936238579,0.9634502656512751,0.9451466498169226,0.9528103501463515,0.9305220883534137,0.9144235173557305,0.8956815296250463,0.9028600732233846
246,0.005322693539446724,0.011276374802388361,,False,0.9697760819359373,0.962888669599926,0.9454696300402224,0.9528253620813598,0.9309236947791165,0.9146748353897889,0.8960606975752228,0.9032495898651454
247,0.0053095297212024176,0.011267946830305518,,False,0.9698764936238579,0.9639331508855585,0.9451448911225773,0.9529841354575059,0.9305220883534137,0.9143292600142229,0.8957121160183706,0.9028926579329108
248,0.005295215575659568,0.011258790120429725,,False,0.9696756702480168,0.962792189277998,0.9453763377554945,0.9527292691898379,0.9317269076305221,0.9153746944831431,0.8967776105940166,0.9039628347201756
249,0.005286389780697362,0.011304140255634018,,False,0.9698764936238579,0.9626159080567075,0.946411268940127,0.9533351694507558,0.9301204819277108,0.9128255401643561,0.8969833559601005,0.9032651929264515
250,0.005270556527723767,0.011297976849886334,,False,0.9698764936238579,0.9630994188092087,0.946411268940127,0.9535157514033042,0.9313253012048193,0.9139041142718267,0.8980813183320403,0.9043715639515388
251,0.005251900865019635,0.011263125743541201,,False,0.9700773169996988,0.9632851942292322,0.9465869878651451,0.9536986893936036,0.9317269076305221,0.9153586737704005,0.8967706727260926,0.9039460518865804
252,0.005239127328761406,0.011254055358285378,,False,0.9700773169996988,0.9628456089815113,0.9470165939949522,0.9538127895566658,0.9321285140562249,0.9157523741652744,0.8971639081211029,0.904350323258872
253,0.005223492111387808,0.011246749389266942,,False,0.9703785520634601,0.964111816899718,0.9472863144876946,0.9544550774815777,0.9317269076305221,0.9153985757138704,0.896808920545668,0.903996612555997
254,0.00520918485189405,0.01125293251076042,,False,0.9704789637513807,0.9646467625935053,0.9469627033782767,0.9544375214694314,0.9305220883534137,0.9143044217601547,0.8956796482220766,0.9028580788891492
255,0.005198524783876706,0.011261061847096838,,False,0.9702781403755397,0.9640124363378845,0.9472083142755099,0.9543658228062366,0.9313253012048193,0.9156869390630514,0.8981183107439471,0.9050216998277095
256,0.005182621978174468,0.01125435116423374,,False,0.9704789637513807,0.9642765444463155,0.9477995534628969,0.9548473130006292,0.9317269076305221,0.9160670187253748,0.8984797043379645,0.9053741731105368
257,0.0051687906774417125,0.011225640847674405,,False,0.9704789637513807,0.9642143365276871,0.9473796851693006,0.9545544941695618,0.9313253012048193,0.9150385513892861,0.8964156851506577,0.9036055484006698
258,0.005163489791190942,0.011258753138198054,,False,0.9705793754393012,0.9648055335950433,0.9474700415330977,0.9548251790872802,0.9313253012048193,0.9156810832752615,0.8980800629243717,0.9049827276626115
259,0.005145619525400204,0.011238190894511505,,False,0.9705793754393012,0.9638431920552937,0.9478899592450526,0.9547476304376874,0.9317269076305221,0.9142593333028203,0.8984854843612459,0.9047776062339443
260,0.005135794812239851,0.011204353080002274,,False,0.9706797871272216,0.964378196849535,0.9475593323706468,0.9547331313416719,0.9321285140562249,0.9146310775660041,0.898841003786022,0.9051636173268091
261,0.005115180276789465,0.011239150874644607,,False,0.9705793754393012,0.9648652776943671,0.9478934766337432,0.9551249700861634,0.9313253012048193,0.9150227282618215,0.896403499108794,0.9035887649962415
262,0.005105991237748587,0.011214346270232009,,False,0.9705793754393012,0.9642780691880033,0.9474718496458014,0.954639110414306,0.9321285140562249,0.9146043625530531,0.898841003786022,0.9051523096146431
263,0.005090217519629002,0.011235285425857054,,False,0.9706797871272216,0.9649033155410963,0.9475640431008218,0.9549218190185417,0.9309236947791165,0.9128638455231071,0.8960293876235714,0.9026372483656052
264,0.005078570683188049,0.011243520012057287,,False,0.9705793754393012,0.9647979833947444,0.9474668213100972,0.9548198083082688,0.9313253012048193,0.9122477795358397,0.8981088620606863,0.903822557713167
265,0.005065676505750061,0.011204176233720494,,False,0.9707801988151421,0.9644692795949373,0.9476459031585827,0.9548199776453679,0.9321285140562249,0.9145817616992997,0.8988084384267019,0.9051278471160737
266,0.005057665973077296,0.011219066634411396,,False,0.9707801988151421,0.9640324496330125,0.9480619759101915,0.9549241032568158,0.9313253012048193,0.912218324872874,0.8980736569057891,0.9038093140946766
267,0.005034347321971314,0.01121423992385783,,False,0.9708806105030625,0.9650647441297902,0.9477495127256714,0.9550990370063699,0.9321285140562249,0.9146138583243163,0.8988352237627405,0.9051453141280551
268,0.0050226352435460185,0.0112072270136226,,False,0.9710814338789036,0.9658133300713848,0.9483471923590593,0.9557655452229432,0.9313253012048193,0.9139195182275986,0.8981183107439471,0.9044332190728697
269,0.0050122348348390034,0.011188821664423716,,False,0.971181845566824,0.9658603759675556,0.9480145386031376,0.9555603241297218,0.9313253012048193,0.9132522396288488,0.8964156851506577,0.9030269960361209
270,0.004999434502942173,0.011216037950405289,,False,0.9714830806305854,0.9657338093440809,0.9491279210619058,0.9562375470274621,0.9313253012048193,0.912256608765991,0.8981037114497722,0.9038263255993054
271,0.004987076186017687,0.011190931259013564,,False,0.9716839040064263,0.9669379256027538,0.9493140999697517,0.9568067496036924,0.9309236947791165,0.9135337703790969,0.8977377932401419,0.904060174104306
272,0.004972119890689871,0.011170722784740524,,False,0.9713826689426649,0.9660948582709463,0.9486199420548408,0.9560427195531265,0.9317269076305221,0.9142648861274498,0.8984911668215013,0.9047987231316648
273,0.004957573489531916,0.011178568461403193,,False,0.9714830806305854,0.9661917389038476,0.9487086181211706,0.9561336691403868,0.9317269076305221,0.9142491595726044,0.8984720429117137,0.9047765455170614
274,0.00495708113899723,0.011213953018058363,,False,0.9714830806305854,0.9663906024953681,0.950387961090412,0.9572895666837434,0.9317269076305221,0.9126426164886909,0.8984893795644915,0.9041965633508084
275,0.004933609816354723,0.011183706287366162,,False,0.9718847273822673,0.9667465261357915,0.9507614438168359,0.9576636012783332,0.9321285140562249,0.9146449442561398,0.8988640228990553,0.9051729536699189
276,0.004922491536012805,0.01115593464447934,,False,0.9719851390701878,0.967250852598877,0.9500101279724229,0.9573692363353585,0.9305220883534137,0.9131629851505692,0.8973572757363368,0.9036935141644205
277,0.004912198909002113,0.011175914653419165,,False,0.9718847273822673,0.9667677811963057,0.9507541598646774,0.9576675272355976,0.9313253012048193,0.9138819058289962,0.8981061247020834,0.9044148092520251
278,0.004923059145571434,0.011141866444588188,,False,0.9719851390701878,0.9669122913789009,0.9516868625923885,0.9583219712050705,0.9337349397590361,0.9160554851926008,0.9003476568027806,0.9066682656024359
279,0.00488515568209407,0.011167437575671284,,False,0.9722863741339491,0.9672148103903498,0.951964888371206,0.958601304856487,0.9313253012048193,0.9138654111843135,0.8980997186835009,0.9044162863984297
280,0.004870592612518859,0.01116609845186071,,False,0.9722863741339491,0.9667746219639667,0.9523835504596972,0.9586936034615614,0.9309236947791165,0.9118849328796378,0.8977563853005885,0.903474683676108
281,0.004857055636218991,0.011160362677931968,,False,0.9724871975097902,0.9673922853064147,0.9521469351191416,0.9587852031791836,0.9321285140562249,0.9145916110409572,0.8988454308386089,0.9051565457623068
282,0.004846285426952019,0.011133337365748609,,False,0.9724871975097902,0.9678779013175214,0.9521433534268624,0.958971279295581,0.9313253012048193,0.9138946646428531,0.898102987891445,0.9044359012925837
283,0.004833730221128819,0.011172161511469037,,False,0.9724871975097902,0.967429668481369,0.9525573209000774,0.9590576903520662,0.9321285140562249,0.9129834798021305,0.8988749535332509,0.9045892059339342
284,0.004821204429344059,0.011171275621827818,,False,0.9724871975097902,0.9683713715143719,0.9521492463027273,0.9591560394411807,0.9317269076305221,0.9142756910523209,0.8984899114138327,0.9047984315549508
285,0.004806201500929097,0.011142227574654155,,False,0.9725876091977106,0.9680126607920898,0.9526616356229991,0.9593488215703945,0.9321285140562249,0.9146394844028476,0.8988640228990553,0.9051719480491579
286,0.004793868401457311,0.01115925677548944,,False,0.9726880208856311,0.9680988017475717,0.9527540972651902,0.9594332469471277,0.9321285140562249,0.9146449442561398,0.8988640228990553,0.9051729536699189
287,0.0047878480548452715,0.01116676091684206,,False,0.9725876091977106,0.9685000522686761,0.9526639468065847,0.959529575678838,0.9325301204819277,0.9150327782593545,0.8992445404028605,0.9055459049704475
288,0.0047720100584660325,0.011122780058955485,,False,0.9727884325735515,0.9677523477444656,0.953251668605281,0.9596180938904664,0.9317269076305221,0.9148512725820205,0.9001606010601692,0.9061604856582035
289,0.004763587335118962,0.011143637205503753,,False,0.9727884325735515,0.9681888276891342,0.9528448002130361,0.9595234701895647,0.9321285140562249,0.9136148527295843,0.900559710624421,0.9059368846223114
290,0.004752502489998402,0.011108083204493443,,False,0.973089667637313,0.9684884781034645,0.9531094633915548,0.9598091481466133,0.9329317269076305,0.9159321321843278,0.9012784193827083,0.907258355890408
291,0.004737387773524766,0.01113104228876596,,False,0.973089667637313,0.9685255090250651,0.9535298841743914,0.9600816918745346,0.9333333333333333,0.9163153894298978,0.9016564175886922,0.9076326815710443
292,0.004722615889745948,0.011126595604110424,,False,0.9733909027010744,0.9682976866832433,0.9538099962192094,0.9601680541171665,0.9321285140562249,0.9135883877415978,0.9005520491981698,0.9059344847550851
293,0.004708873296862221,0.011126684864592076,,False,0.9731900793252335,0.9686012813783985,0.9536232548559974,0.9601713009931241,0.9325301204819277,0.9139810338449084,0.900932566701975,0.9063091703521674
294,0.004694722439333723,0.011117204616411072,,False,0.9732904910131539,0.9686941620775834,0.9537167039344813,0.9602670215260807,0.9329317269076305,0.9159379411359182,0.9012835615111384,0.907256839152747
295,0.004682492788616687,0.01111565128363909,,False,0.9733909027010744,0.9687819664415839,0.9538099962192094,0.9603589111831392,0.9321285140562249,0.9152117539418063,0.9005411185639743,0.9065241208436624
296,0.0046716224866702235,0.011120002961297537,,False,0.9732904910131539,0.9686944888893569,0.9537166255376034,0.9602676909951122,0.9317269076305221,0.9148544039220882,0.9001606010601692,0.9061609150356751
297,0.0046644715071289524,0.011129528729134782,,False,0.9732904910131539,0.9687500511626008,0.9541352876260947,0.9605481594420157,0.9329317269076305,0.9159623379449319,0.901289350016904,0.907273475831671
298,0.004651872719611612,0.011131495857196293,,False,0.9735917260769154,0.9695034245809846,0.954415952160153,0.961013418016931,0.9329317269076305,0.9143432147371536,0.9013079420773502,0.9066766924776787
299,0.004637952680951757,0.011111947802071651,,False,0.9735917260769154,0.9690586224913083,0.9548340617594039,0.9611043098027563,0.9321285140562249,0.9152061839617591,0.9005359764355446,0.9065248042971279
300,0.0046349247038230245,0.011092963040415342,,False,0.9734913143889948,0.9694207024849497,0.9543157654699779,0.960927860152754,0.9333333333333333,0.9162956177258358,0.9016570554835438,0.9076476261013884
301,0.004617110950971502,0.011084403937346334,,False,0.9735917260769154,0.9690062502137403,0.9544153212740346,0.9608227483184173,0.9321285140562249,0.9152030526216914,0.9005359764355446,0.9065243749196562
302,0.00460747524909265,0.011115914897373777,,False,0.9740937845165177,0.9701013241305597,0.9561360457030186,0.9623133067472478,0.9329317269076305,0.9143354025292046,0.9013079420773502,0.9066751076835777
303,0.004598531697249605,0.011133802552214665,,False,0.9737925494527563,0.969329214612568,0.9558580489027205,0.9618392207576874,0.9325301204819277,0.9139732216369594,0.900932566701975,0.9063075855580662
304,0.004580476229776803,0.01109355920982848,,False,0.9741941962044381,0.9702153676613597,0.956648078473116,0.9626748418946808,0.9329317269076305,0.9159353693567441,0.901289350016904,0.9072627535042336
305,0.004570567105931667,0.011085895759269535,,False,0.9741941962044381,0.9701703802319958,0.9562294163846246,0.9624004599696137,0.9325301204819277,0.9155703601944976,0.9009088325130988,0.9068980563005632
306,0.004559158162729273,0.011092780371094634,,False,0.9743950195802792,0.9704215537217746,0.9572534819248192,0.9631266471236395,0.9329317269076305,0.9143354025292046,0.9013079420773502,0.9066751076835777
307,0.0045498851293537135,0.011105160661895834,,False,0.9743950195802792,0.969945288202498,0.9572529294355788,0.9629345165453648,0.9325301204819277,0.9139392357304372,0.900927424573545,0.9062984304139883
308,0.004537898845972437,0.011077470244888955,,False,0.9744954312681996,0.9709652730874944,0.9569255227841738,0.9631422181098392,0.9325301204819277,0.9155703601944976,0.9009088325130988,0.9068980563005632
309,0.004528408747688597,0.01106828844640451,,False,0.9744954312681996,0.970974412579381,0.9569259959464116,0.9631470626553345,0.9329317269076305,0.9159502647845333,0.9012707579564574,0.9072715876360952
310,0.004515829747314579,0.011087464432188701,,False,0.9744954312681996,0.9705311614054194,0.957347325768663,0.9632259387277092,0.9333333333333333,0.9147031960568994,0.9016698675207091,0.9070457809745776
311,0.004505718416740533,0.011077818289229836,,False,0.9745958429561201,0.9710989467055023,0.9574380287165088,0.9635095710915037,0.9329317269076305,0.9159502647845333,0.9012707579564574,0.9072715876360952
312,0.004501979871823182,0.01109688435258477,,False,0.9746962546440405,0.971242751816917,0.957944893709092,0.9638727835228208,0.9337349397590361,0.9166781089478149,0.9020196069222037,0.907996427151793
313,0.004485465370346822,0.01109680609962594,,False,0.9748970780198816,0.9718973282409991,0.9581321875615443,0.9642485360457211,0.9325301204819277,0.9139761116881279,0.900927424573545,0.906312094958868
314,0.004473522992672175,0.011072094783582669,,False,0.974796666331961,0.971799424568673,0.9580434321682121,0.9641582857095313,0.9325301204819277,0.9139638519639683,0.900927424573545,0.9063085735680857
315,0.004463775126437936,0.011074971345177561,,False,0.9748970780198816,0.9719033938649768,0.9581326607237821,0.9642518233301145,0.9337349397590361,0.9166760658519915,0.902013200903621,0.9080044791833554
316,0.0044542736158255875,0.011065322373441301,,False,0.9746962546440405,0.9703073217962719,0.9583709181466197,0.963752012328777,0.9325301204819277,0.9139761116881279,0.900927424573545,0.906312094958868
317,0.0044568865174157285,0.0110537664041545,,False,0.9748970780198816,0.9714246385562293,0.9585541794062019,0.9643189026964016,0.9333333333333333,0.9146711927395135,0.901655791593391,0.9070587501464862
318,0.004437280180882954,0.011083513682974626,,False,0.974997489707802,0.9715227781924427,0.9586520558429158,0.9644134643590613,0.9329317269076305,0.9149805462165865,0.9029850377422695,0.9080022579007981
319,0.004429764795335397,0.011071883856133592,,False,0.974796666331961,0.971800036695352,0.9580435114952146,0.9641580923652309,0.9345381526104418,0.9174355190362508,0.9027742359112315,0.9087445497858718
320,0.004412475275845591,0.011049860966575937,,False,0.974997489707802,0.9720091140246302,0.9586493881091557,0.9646094273899268,0.9325301204819277,0.9139761116881279,0.900927424573545,0.906312094958868
321,0.004405012487412615,0.011031835454433127,,False,0.9751983130836429,0.9722229351367656,0.9592547915608589,0.9650626554875044,0.9329317269076305,0.9143015223534205,0.9012707579564574,0.9066686503691348
322,0.004393230792005542,0.011071516175000176,,False,0.9751983130836429,0.9722360586228243,0.9592500969455826,0.9650660678353837,0.9329317269076305,0.9143561649399822,0.901289350016904,0.9066862896406502
323,0.00438325236216069,0.011045645626406,,False,0.9751983130836429,0.9722268406811868,0.9592500969455826,0.965061342522286,0.9325301204819277,0.9139876127698017,0.9009088325130988,0.9063107390664658
324,0.004373246753761906,0.011043317894021985,,False,0.9751983130836429,0.9722311072889264,0.9592500969455826,0.965063209844063,0.9329317269076305,0.9159925442562238,0.9012707579564574,0.9072774865822938
325,0.004364049145107658,0.011031845370195663,,False,0.9752987247715634,0.9723132791250266,0.9593454945087045,0.9651529326815184,0.9329317269076305,0.9159925442562238,0.9012707579564574,0.9072774865822938
326,0.004354450602685879,0.011043256771790725,,False,0.9752987247715634,0.9723107308741678,0.9593481622424649,0.9651531355882003,0.9325301204819277,0.9140020191450274,0.9009088325130988,0.90631483245906
327,0.004343773393850454,0.011038865129952202,,False,0.9754995481474044,0.9724927565337976,0.9595327090341544,0.9653368475044586,0.9325301204819277,0.9139876127698017,0.9009088325130988,0.9063107390664658
328,0.004338698352070437,0.011048306635833793,,False,0.9753991364594838,0.9724091829302028,0.9594346437372722,0.9652425701715361,0.9337349397590361,0.9150290893960269,0.902042723598263,0.907408608556048
329,0.00432506718356496,0.011047903313061963,,False,0.9751983130836429,0.972270360979133,0.9596714267678341,0.9653337659438306,0.9325301204819277,0.9140036530575711,0.900927424573545,0.9063138778721704
330,0.004317858078600238,0.011041857263623346,,False,0.9753991364594838,0.9719785243255337,0.9598528326635258,0.9653215719048488,0.9325301204819277,0.9139847583386782,0.9009152385316814,0.9063112266004764
331,0.0043091107203655716,0.011057658312916748,,False,0.9751983130836429,0.9713138510985512,0.9596682858718361,0.9649364566329872,0.9329317269076305,0.9150080875860296,0.9029850377422695,0.9080040408141006
332,0.004298650864292759,0.01101755379853789,,False,0.9753991364594838,0.9719800381353425,0.9598528326635258,0.9653215669130327,0.9337349397590361,0.9167183453236816,0.902013200903621,0.908010378129554
333,0.004291000794459332,0.010998574500747586,,False,0.9760016065870067,0.9725176637114639,0.960402665201086,0.9658717298483739,0.9333333333333333,0.9147182199636487,0.90164486944168,0.9070494058241327
334,0.004277104391871844,0.011022861008556943,,False,0.9754995481474044,0.9720726572997267,0.9599462033451318,0.9654157875775348,0.9329317269076305,0.9143861846875129,0.901289350016904,0.9066886671960666
335,0.004267637601895751,0.011016776152243913,,False,0.9758007832111658,0.9728175333439323,0.9602185122446318,0.9658840526881676,0.9329317269076305,0.9143861846875129,0.901289350016904,0.9066886671960666
336,0.004264417597703695,0.011016423515878889,,False,0.9757003715232453,0.9727362979432049,0.9601224738292655,0.9657932116919236,0.9333333333333333,0.9156960715576885,0.899955587734897,0.9062736671090664
337,0.004251202489451446,0.011026109680718883,,False,0.9757003715232453,0.9727283570171426,0.9601224738292655,0.9657890287393739,0.9333333333333333,0.9147346739289941,0.9016622060944578,0.9070613515186962
338,0.004240910175145495,0.011026906041236977,,False,0.9757003715232453,0.9722474661261745,0.960124668400788,0.965593225115634,0.9333333333333333,0.9153521832432339,0.9033469631856283,0.9083688883241936
339,0.004232202556100056,0.011030319870473114,,False,0.9757003715232453,0.9722452243556636,0.9601220006670279,0.9655899340175694,0.9337349397590361,0.9156958650552086,0.9037088886289868,0.9087290820735867
340,0.004222655143777226,0.011026396846291678,,False,0.9758007832111658,0.9723438389853977,0.9602185915716341,0.9656894071416482,0.9333333333333333,0.9153521832432339,0.9033469631856283,0.9083688883241936
341,0.004213304689185031,0.011014353236768063,,False,0.9758007832111658,0.972343809328237,0.9602185915716341,0.9656891210710877,0.9337349397590361,0.9157006724847151,0.9037198192631821,0.9087415726468233
342,0.0042065401236694696,0.010995985497877012,,False,0.9759011948990862,0.9724287294209985,0.96030929451948,0.9657756316972349,0.934136546184739,0.9160740345689283,0.9040939307484047,0.9091164859230842
343,0.004203072557362566,0.01102283928264889,,False,0.9759011948990862,0.971478312148111,0.9603119622532401,0.9653819795283007,0.9337349397590361,0.9147864180764343,0.9054020570565311,0.9094310213173631
344,0.004186060772073759,0.011002049488829834,,False,0.9761020182749272,0.9730845436289669,0.9604965090449298,0.966154856830054,0.9333333333333333,0.9153377768680081,0.9033469631856283,0.9083647949315995
345,0.004182733047408935,0.011017019348663745,,False,0.9757003715232453,0.9722492424590643,0.960122553156268,0.965591131493962,0.9337349397590361,0.9157006724847151,0.9037198192631821,0.9087415726468233
346,0.004172177239548912,0.010980426620257609,,False,0.9761020182749272,0.9726068515000724,0.9604991767786899,0.9659631937851878,0.9333333333333333,0.9153067160883442,0.9033380378692242,0.9083675948956357
347,0.00416091917119726,0.010987310420002077,,False,0.9760016065870067,0.9715868915379033,0.9604053329348461,0.9654858661019328,0.9333333333333333,0.9137850045021505,0.9033444438878067,0.9077788366868091
348,0.004151361559272634,0.010999015804180548,,False,0.9762024299628477,0.97223073613351,0.9605938329924033,0.9658622621432679,0.9333333333333333,0.9153155182582804,0.9033444438878067,0.9083666287559873
349,0.004148725711595653,0.010984874588135334,,False,0.9762024299628477,0.9722185160967081,0.9605938329924033,0.9658549749465382,0.9333333333333333,0.9137839258402245,0.9033380378692242,0.9077821306313665
350,0.004134055218051762,0.010976412123251454,,False,0.9760016065870067,0.9720487656333329,0.960402665201086,0.9656742397372747,0.934136546184739,0.9160199504310054,0.904081744706541,0.9090947400918407
351,0.004125333166303398,0.010962099755500809,,False,0.9761020182749272,0.9716751380960768,0.9604933681489318,0.9655731406339372,0.9337349397590361,0.9156467276129899,0.9037012272027359,0.9087237826344712
352,0.004116728336498971,0.010971775051641946,,False,0.9763028416507682,0.973276604263723,0.9606805826743816,0.9663453820288207,0.934136546184739,0.9160199504310054,0.904081744706541,0.9090947400918407
353,0.004111084610491867,0.010972785702451972,,False,0.9763028416507682,0.9732734769073341,0.960685009102487,0.9663447265628715,0.9337349397590361,0.9157006724847151,0.9037198192631821,0.9087415726468233
354,0.004102451654538203,0.01096524311556449,,False,0.9763028416507682,0.9718496821775646,0.9606872036740093,0.965758186999598,0.9337349397590361,0.9141276076521991,0.9036999633125828,0.9081423243807593
355,0.004091669605996874,0.010975941000751438,,False,0.9761020182749272,0.9716763027941051,0.9604940090011758,0.9655748109108079,0.9333333333333333,0.9137850045021505,0.9033444438878067,0.9077788366868091
356,0.004084371122517775,0.010963044504008455,,False,0.9763028416507682,0.9732679197012213,0.9606785557928654,0.9663398317270171,0.9333333333333333,0.9137464246236462,0.9033258518273605,0.9077650852089008
357,0.004080891501515617,0.01098465397798102,,False,0.9764032533386886,0.9724243274052077,0.9607705442728187,0.9660473438371349,0.9337349397590361,0.9156862661094893,0.9037198192631821,0.9087374792542291
358,0.004067264111056684,0.010959685719159288,,False,0.9764032533386886,0.9728890455903234,0.960775238888095,0.9662415143550471,0.934136546184739,0.9160596281937023,0.9040939307484047,0.90911239253049
359,0.004061464277541397,0.010967592777057361,,False,0.9762024299628477,0.9722405907485272,0.9605820442152615,0.9658608591299264,0.9337349397590361,0.9156862661094893,0.9037198192631821,0.9087374792542291
360,0.0040549015859822546,0.01095363850236752,,False,0.9765036650266091,0.9725107451213434,0.960868609569701,0.9661402703891702,0.934136546184739,0.9160740345689283,0.9040939307484047,0.9091164859230842
361,0.004046222899366058,0.010961121235932897,,False,0.9766040767145295,0.9721277627823895,0.9609599533697908,0.9660345123885838,0.9333333333333333,0.9137771609502094,0.9033380378692242,0.9077797479683072
362,0.00404126143155874,0.010933920807925948,,False,0.976905311778291,0.9733228105664019,0.9612328144589873,0.9666916702128877,0.9337349397590361,0.9141208427621841,0.9036999633125828,0.9081399417177001
363,0.0040315175063688775,0.010970687433251301,,False,0.97670448840245,0.9731585996919188,0.9610504995238808,0.9665149079600938,0.9333333333333333,0.9153087533682653,0.9033444438878067,0.908364246092928
364,0.004023891913514122,0.010944805170074519,,False,0.9771061351541319,0.973500290988303,0.961417093063506,0.966870021870149,0.9337349397590361,0.9156503979003189,0.9036999633125828,0.9087277886450286
365,0.004016613667166279,0.010972150288257794,,False,0.9770057234662115,0.9729885321921748,0.9617445790419138,0.966854820248644,0.9337349397590361,0.9141354512041404,0.9037063693311657,0.9081414130992612
366,0.004005989793365439,0.010944975086925376,,False,0.9771061351541319,0.9730681258651627,0.9618352819897596,0.9669397342723263,0.934136546184739,0.9145020483983384,0.904080480816388,0.9085139437124629
367,0.003999267118182272,0.010945494183383538,,False,0.9772065468420524,0.9736327894702637,0.9619317935673636,0.9672310413187309,0.934136546184739,0.916032562154468,0.904080480816388,0.909101735781641
368,0.003996968876186126,0.010962017125015822,,False,0.9771061351541319,0.9731103961698321,0.962256611812011,0.9672059678705414,0.9333333333333333,0.9123355708037764,0.9033444438878067,0.9071992858204135
369,0.003989563161047231,0.010912185994597343,,False,0.9773069585299728,0.9741873756540824,0.9620224965152094,0.9675141527304072,0.9337349397590361,0.9141208427621841,0.9036999633125828,0.9081399417177001
370,0.0039785099326400414,0.010936971121855725,,False,0.9772065468420524,0.9736310914254458,0.9619291258336035,0.9672285208795408,0.934136546184739,0.9160210392934002,0.9040682947745241,0.9090942189800116
371,0.003972049022492257,0.010933980486840264,,False,0.9773069585299728,0.9737141335902673,0.9620251642489696,0.9673182448954122,0.9337349397590361,0.9156887638709507,0.9037134132445996,0.9087345220328173
372,0.003965826708373417,0.010950791515919744,,False,0.9771061351541319,0.9735790921534004,0.9622570849742489,0.9674021075602908,0.934136546184739,0.9160154188183781,0.9040682947745241,0.909091386221273
373,0.003955701893263173,0.010931195275371218,,False,0.9772065468420524,0.9731980519746585,0.9623473147598569,0.9672951598529829,0.934136546184739,0.9160154188183781,0.9040682947745241,0.909091386221273
374,0.003955175283551149,0.010919491192295478,,False,0.9775077819058139,0.9734696618467557,0.962630094538435,0.9675761769657291,0.934136546184739,0.9160223344086109,0.9040740747978054,0.9090901032946923
375,0.003944312640057882,0.010938073057844194,,False,0.9774073702178934,0.9733786190944181,0.962536723856829,0.9674812910551557,0.9345381526104418,0.9140777417728833,0.9061329518566826,0.909582706658945
376,0.00393706135192044,0.010913560249143113,,False,0.9775077819058139,0.9734634218328281,0.9626274268046748,0.96757059051397,0.9349397590361446,0.917323725550152,0.90649235800222,0.9111281620484795
377,0.003928309091217792,0.010929484160344376,,False,0.9775077819058139,0.9739268456475636,0.9626305677006728,0.96776429892469,0.934136546184739,0.9166004601364452,0.9057575764813072,0.9103846606767826
378,0.003923568192408215,0.01093736070422704,,False,0.9774073702178934,0.9738535225278697,0.9625377495083072,0.967680810717432,0.934136546184739,0.9160746019549576,0.9040670308843713,0.9091081020510017
379,0.003914346478099892,0.010929345286591584,,False,0.9776081935937343,0.9740275718479086,0.9627218231377588,0.9678600504235109,0.9349397590361446,0.9173594992095678,0.9065012833186239,0.9111228778155732
380,0.003909519339037212,0.010937632503026177,,False,0.9773069585299728,0.9732965300301868,0.9624439056644634,0.9673936838206801,0.9345381526104418,0.9169638855609621,0.9061259079432484,0.9107501104036554
381,0.003900174772937145,0.010922110773067501,,False,0.9776081935937343,0.9735616462601722,0.9627213499755212,0.9676661790115636,0.9345381526104418,0.9169749495923342,0.9061259079432484,0.9107536358920856
382,0.003895804512802643,0.010901778708799782,,False,0.9775077819058139,0.9734620494543624,0.9626274268046748,0.9675691310823882,0.9349397590361446,0.9173414193147236,0.9064936134098885,0.9111250174570004
383,0.0038866703560393114,0.010907803328686658,,False,0.9776081935937343,0.9735639652710546,0.9627213499755212,0.9676672608630741,0.9349397590361446,0.9173472404369731,0.9065000194284711,0.9111286051479259
384,0.0038818734295166073,0.01090815126322318,,False,0.9775077819058139,0.9734733968161788,0.9626279792939152,0.967575059954613,0.9345381526104418,0.9169638855609621,0.9061259079432484,0.9107501104036554
385,0.0038737428571099155,0.010908196009733202,,False,0.9777086052816548,0.974113309478814,0.9628151938193648,0.9679505406320187,0.9349397590361446,0.9173502054578577,0.9064948773000412,0.9111231593320824
386,0.0038675685979244513,0.010911124743977946,,False,0.9775077819058139,0.973477131468373,0.9626306470276753,0.967577908055949,0.9345381526104418,0.9169918842008341,0.9061207658148187,0.9107549364626129
387,0.0038639148689533502,0.010899216278074008,,False,0.9777086052816548,0.9736517247326285,0.9628037766158113,0.9677533222119661,0.9345381526104418,0.9169976492615315,0.9061169826268445,0.9107727713044981
388,0.0038575268336237516,0.010883118373302747,,False,0.9778090169695752,0.9737403116866677,0.9629033967234568,0.9678482929176,0.9345381526104418,0.916954591809252,0.906119501924666,0.9107503919201646
389,0.0038500363900016415,0.01089660443169553,,False,0.9777086052816548,0.9736407268193299,0.9628100260418508,0.9677503138957163,0.9349397590361446,0.9173524833460956,0.9064936134098885,0.9111285429454306
390,0.0038435151022220247,0.010887449668420212,,False,0.9779094286574957,0.974283371125193,0.9629972405673004,0.9681277096017564,0.9353413654618474,0.9192790289128671,0.9068689887852638,0.9120885814132487
391,0.003835228591741779,0.010918321845534332,,False,0.9778090169695752,0.9737401749389056,0.962892452682141,0.9678410658352684,0.9345381526104418,0.9169749495923342,0.9061259079432484,0.9107536358920856
392,0.003830099541727114,0.01092077370056534,,False,0.9778090169695752,0.9737430293345655,0.962892452682141,0.9678429118571551,0.934136546184739,0.9166248750869913,0.9057505325678731,0.9103879437342068
393,0.0038224431607621337,0.01089115930733593,,False,0.9778090169695752,0.9742001498992254,0.962892452682141,0.9680342765160534,0.9353413654618474,0.9177330032319367,0.9068741309136937,0.9115032853100549
394,0.003821273568021793,0.010893358197228432,,False,0.9779094286574957,0.97383011278108,0.9629884910975071,0.9679363246384108,0.9353413654618474,0.9192868533020488,0.9068689887852638,0.912091554674373
395,0.003808282012235218,0.010893918171938941,,False,0.9779094286574957,0.9742880957056378,0.9629862965259848,0.9681242506443891,0.9353413654618474,0.9193061631169839,0.9068753948038464,0.9120983450791105
396,0.003802138012555999,0.01089584724230119,,False,0.9779094286574957,0.9738294241735933,0.9629858233637469,0.9679334255716692,0.9345381526104418,0.9170253423469672,0.9061182380345131,0.9107732068267423
397,0.003796363830885381,0.010887837440023028,,False,0.9780098403454162,0.9739196919130487,0.9630791940453529,0.9680262305250308,0.9353413654618474,0.9177669396371549,0.9068664694874425,0.9115173831268572
398,0.0037910065310733498,0.010883890299548598,,False,0.9781102520333367,0.9740519865611953,0.9635912268154502,0.9683827957726003,0.9345381526104418,0.9170088859975524,0.9061182465169976,0.9107677337088879
399,0.0037835280097574297,0.010887212515513339,,False,0.9781102520333367,0.9749539030390143,0.9631730378891967,0.9685127300800187,0.9345381526104418,0.9186054400337701,0.906119501924666,0.9113719143159845
400,0.0037766719010041186,0.010887633452952452,,False,0.9782106637212572,0.9741798875761098,0.9641032595855474,0.9687346977718251,0.9353413654618474,0.9177669396371549,0.9068664694874425,0.9115173831268572
401,0.0037741641172096443,0.010916187432840624,,False,0.9783110754091776,0.9743133305680983,0.9646185125786452,0.9690885835454216,0.934136546184739,0.9166769736178136,0.9057575764813072,0.9103947619669032
402,0.003762715290463293,0.010897186109645988,,False,0.9784114870970981,0.9744006183437958,0.964709215526491,0.9691777361826279,0.9349397590361446,0.9173955461895358,0.9065000194284711,0.9111332018722875
403,0.0037589619928310937,0.010917359753939324,,False,0.9781102520333367,0.9740859765881782,0.9640104413931818,0.9686379183063196,0.9357429718875502,0.9197325965579376,0.9072610544360814,0.9124853740203555
404,0.003752016702039939,0.010907529711924565,,False,0.9785118987850185,0.9749417004595574,0.9648030593703347,0.969461979470321,0.9345381526104418,0.9169841915349713,0.9061329518566826,0.9107402342423261
405,0.0037464095675517318,0.01088041587384344,,False,0.9783110754091776,0.9747328141533451,0.9641971827563938,0.9690235388251618,0.9345381526104418,0.9185777696073553,0.9061169826268445,0.9113763028228907
406,0.0037373630704321246,0.010882934076629495,,False,0.9784114870970981,0.9748567491499129,0.964709215526491,0.9693733421534707,0.934136546184739,0.9182196998978271,0.9057441265492905,0.9110020581830062
407,0.0037306230737495696,0.010888218346773315,,False,0.9785118987850185,0.9754108062482226,0.9648030593703347,0.969661781353276,0.9345381526104418,0.9186054400337701,0.906119501924666,0.9113719143159845
408,0.0037252875448685273,0.010879741072940534,,False,0.9785118987850185,0.9754028156168331,0.9648030593703347,0.9696579610706988,0.9353413654618474,0.9192988815683686,0.9068741309136937,0.9121013046749284
409,0.003720839292671821,0.010869572696539268,,False,0.9784114870970981,0.9743936867544546,0.964709215526491,0.9691756920112462,0.9345381526104418,0.9185983320939852,0.9061386258344536,0.911379682897083
410,0.0037133017448070017,0.010888604798074106,,False,0.9785118987850185,0.9749366948382188,0.9648030593703347,0.9694595175839237,0.9349397590361446,0.9173704151524122,0.906512205470335,0.9111241523258471
411,0.003705639340090874,0.01087381766773076,,False,0.9785118987850185,0.9744834215919695,0.9647999184743367,0.9692644711974927,0.9345381526104418,0.9170074257933235,0.9061316879665298,0.910749384626475
412,0.0037001293904993025,0.010895166387925655,,False,0.9784114870970981,0.9748622218292178,0.9647065477927307,0.9693732877513865,0.9357429718875502,0.9197379995374,0.9072610544360814,0.9124957553942937
413,0.0036945671046690314,0.010886184170856522,,False,0.9784114870970981,0.9743931646768316,0.964709215526491,0.9691746291661827,0.9345381526104418,0.9170164585029426,0.9061572178949001,0.9107685735062159
414,0.0036888804639620913,0.010905755355340701,,False,0.9786123104729391,0.9750373436831526,0.9648916570397864,0.9695533045984833,0.9353413654618474,0.9178095331214435,0.9068991289927227,0.9115186030452124
415,0.0036801329431863762,0.010893049258494403,,False,0.9786123104729391,0.9750446398399121,0.9648963516550627,0.9695610347414237,0.9353413654618474,0.9178095331214435,0.9068991289927227,0.9115186030452124
416,0.0036737781864477547,0.010871253247031204,,False,0.9786123104729391,0.9754993604826873,0.9648963516550627,0.9697534808783099,0.9345381526104418,0.9186077371715891,0.9061450318530362,0.9113900292077671
417,0.0036670846452512675,0.010871759901274907,,False,0.9787127221608595,0.9755934221630606,0.9649870546029086,0.9698456695551805,0.9349397590361446,0.9189704806988102,0.9065069572963947,0.9117581312348535
418,0.003662898601233404,0.010888850508943957,,False,0.9787127221608595,0.9751295251798583,0.9649850277213924,0.9696481371821579,0.9349397590361446,0.9179877582289868,0.9081957071538365,0.9123863925934739
419,0.0036549951745520476,0.010882573852566408,,False,0.9787127221608595,0.9751339613268752,0.9649850277213924,0.9696492244034154,0.9349397590361446,0.9174176239071037,0.9065186114889175,0.9111294699533237
420,0.0036491163168503897,0.010875944679279303,,False,0.97881313384878,0.9756954186465063,0.9650757306692382,0.9699407547149135,0.9349397590361446,0.9189781901410635,0.9065204072284114,0.9117602210867644
421,0.003647805412666136,0.0108576977620871,,False,0.9786123104729391,0.9750304161828461,0.9648963516550627,0.9695543476753726,0.9349397590361446,0.9179882519717495,0.9082148310636244,0.912395737847312
422,0.0036358463870907495,0.010864316891240403,,False,0.9786123104729391,0.9754967446739342,0.9648963516550627,0.9697526886120017,0.9345381526104418,0.9185860761242739,0.9061450318530362,0.9113803061793276
423,0.0036325890627200257,0.010868570305030373,,False,0.9787127221608595,0.9751446491494745,0.9649818868253944,0.9696533288303328,0.9345381526104418,0.9180032255345516,0.90442895632773,0.9100779798064852
424,0.003626446737279373,0.01086501825962239,,False,0.9790139572246209,0.9763381155809543,0.96525713656493,0.970316655255457,0.9345381526104418,0.9180076623795885,0.9044493441276705,0.9100814364375963
425,0.003624618019650089,0.010855834496155074,,False,0.9787127221608595,0.9755865244420371,0.9649870546029086,0.9698434935540781,0.9353413654618474,0.9177499055835372,0.9068932548234814,0.911513093635636
426,0.003611884593952789,0.010884955528559838,,False,0.9787127221608595,0.9755966862225676,0.9649850277213924,0.969846158935966,0.9349397590361446,0.917438045992475,0.9065441414172878,0.9111461400083574
427,0.0036074379622849312,0.010875845058210662,,False,0.9787127221608595,0.9755920384262158,0.9649850277213924,0.9698446100735187,0.9349397590361446,0.9180046485059248,0.9082148310636244,0.9124044625884697
428,0.0035984732419453947,0.010877589907604323,,False,0.97881313384878,0.9756822937312558,0.9650757306692382,0.9699342889033002,0.934136546184739,0.9166779205736211,0.9057831064096775,0.910399391954996
429,0.0035941584089754343,0.010894910036785381,,False,0.97881313384878,0.9752268391931478,0.9650757306692382,0.9697404523983537,0.9353413654618474,0.9183895285959783,0.9086017545860121,0.9127770662247037
430,0.0035887022642134827,0.010860426695910226,,False,0.97881313384878,0.9756778109385659,0.9650757306692382,0.9699322580694019,0.934136546184739,0.9166779205736211,0.9057831064096775,0.910399391954996
431,0.0035822724989974506,0.010873547669226305,,False,0.97881313384878,0.975674021883926,0.9650757306692382,0.9699299112242618,0.9345381526104418,0.9176294031771245,0.9078407195784018,0.9120303181713424
432,0.0035753993802167872,0.010863544081980179,,False,0.9790139572246209,0.9763341702180488,0.96525713656493,0.9703141105489314,0.9349397590361446,0.91741183638122,0.9065364799910367,0.9111472102379046
433,0.0035692933488699176,0.010865100787311276,,False,0.9789135455367005,0.9757756491513242,0.9651664336170841,0.9700254567305618,0.9349397590361446,0.9179976379814475,0.9082160949537771,0.9123999274171241
434,0.0035639607229684205,0.010871415347163993,,False,0.9789135455367005,0.9757792435864237,0.9651664336170841,0.9700275135423188,0.9353413654618474,0.9183569041347712,0.9085966124575822,0.9127641085983661
435,0.003558837219850045,0.010870515196424181,,False,0.9790139572246209,0.9763397562966466,0.96525713656493,0.9703159748438526,0.936144578313253,0.9185219292328595,0.907654298313576,0.9122589972584374
436,0.003553030876128212,0.010865297537585332,,False,0.9790139572246209,0.9758645036493636,0.9652598042986901,0.9701172710234363,0.936144578313253,0.9190921196976058,0.9093313939784949,0.9135165950167953
437,0.0035469098818119364,0.010869798542547776,,False,0.9790139572246209,0.9758773937575064,0.9652598042986901,0.9701236550885893,0.936144578313253,0.9191380390692958,0.9093499860389416,0.9135320011371254
438,0.0035427994594040566,0.010887196977631899,,False,0.9789135455367005,0.9757842146860598,0.9651664336170841,0.9700296481591774,0.9353413654618474,0.9183895285959783,0.9086017545860121,0.9127770662247037
439,0.003536397781238858,0.010867474462276185,,False,0.9790139572246209,0.9758677459106168,0.9652488602573742,0.9701131803555949,0.9349397590361446,0.9179853020241286,0.9082135756559558,0.9124046601111289
440,0.0035319334489342527,0.01086936585344931,,False,0.9790139572246209,0.9758766802272181,0.9652488602573742,0.9701169138186795,0.9365461847389558,0.9194727610797647,0.9097119114823001,0.9138979006593255
441,0.003527089280991205,0.010869506535129417,,False,0.9790139572246209,0.9763438173212822,0.96525713656493,0.9703183064922781,0.9349397590361446,0.9168661270290431,0.9048619036239389,0.9098736219775753
442,0.0035231067069184732,0.010850693002165316,,False,0.9790139572246209,0.9758601585542634,0.9652598042986901,0.9701167166195344,0.9357429718875502,0.9186883678611939,0.9089605432187324,0.9131493268499526
443,0.0035152528068180615,0.010846419727998647,,False,0.9791143689125414,0.9764273346227945,0.9653505072465359,0.9704088102879707,0.9353413654618474,0.9183220345766547,0.9085755010993145,0.9127704602713378
444,0.0035105740413896164,0.010871982597591178,,False,0.9791143689125414,0.975980806407677,0.9657608930274715,0.9704581555471875,0.9353413654618474,0.9183895285959783,0.9086017545860121,0.9127770662247037
445,0.003506032281289473,0.010876522901495779,,False,0.9790139572246209,0.9758717091275818,0.9652488602573742,0.9701147792018209,0.936144578313253,0.9196866020171538,0.9110347431301117,0.9147492847964709
446,0.0035003867890446355,0.010858810863412276,,False,0.9791143689125414,0.9764333441492372,0.9653458126312597,0.9704074802211456,0.9353413654618474,0.917178585505297,0.9052322404036717,0.910241203731421
447,0.0034946537996613275,0.010866297508757726,,False,0.9792147806004619,0.9760462235146206,0.96543090700531,0.9702951044976119,0.936144578313253,0.919613092478841,0.9110181563874568,0.9147566470867462
448,0.003493779545882695,0.010887091874935593,,False,0.9790139572246209,0.9758744862041626,0.9652551096834139,0.9701180614998572,0.936144578313253,0.9196469597320654,0.9110398852585414,0.9147390612365432
449,0.003484586314870706,0.010875232320840394,,False,0.9792147806004619,0.9765265232206838,0.9654391833128657,0.9705014871505574,0.9357429718875502,0.9181104153550105,0.907289853572396,0.9118887258380758
450,0.0034795177951126768,0.010880203452584036,,False,0.9793151922883824,0.9766189887618419,0.9655216099531558,0.9705887528100594,0.9365461847389558,0.9194628830364692,0.9097228421164956,0.9139026597672465
451,0.0034725577651993763,0.010853220122237595,,False,0.9793151922883824,0.9766093571651938,0.9655216099531558,0.9705845561081143,0.9357429718875502,0.9181569065414359,0.9072898535723959,0.9119019061680197
452,0.0034696069996727865,0.01087645605683454,,False,0.9792147806004619,0.9765258096903955,0.9654282392715499,0.9704947458806475,0.936144578313253,0.919110870499479,0.9093474667411202,0.9135334072720718
453,0.003462344325792756,0.010869479725118949,,False,0.9794156039763029,0.9767301266120475,0.9660336427232531,0.9709339675804932,0.936144578313253,0.91853405339002,0.907654298313576,0.9122667932523141
454,0.0034579436276161446,0.010866038042544957,,False,0.9794156039763029,0.9767338857894118,0.9660336427232531,0.9709362263254389,0.9357429718875502,0.9181569065414359,0.9072898535723959,0.9119019061680197
455,0.003451904210977811,0.01085365303249577,,False,0.9794156039763029,0.976729061740395,0.9660336427232531,0.9709341261078754,0.936144578313253,0.919110870499479,0.9093474667411202,0.9135334072720718
456,0.003447181435306277,0.01085632897498735,,False,0.9793151922883824,0.9766368713175105,0.9659402720416471,0.9708399616514133,0.9357429718875502,0.9181569065414359,0.9072898535723959,0.9119019061680197
457,0.0034452373308706957,0.010871081345866182,,False,0.9793151922883824,0.9766407067179652,0.9659402720416471,0.9708422193960268,0.9357429718875502,0.9191252577557832,0.9056076157790469,0.9112109731153654
458,0.0034405918905844424,0.010877306600252983,,False,0.9794156039763029,0.9767608625525904,0.9664523048117444,0.9711907973858356,0.9357429718875502,0.9191354468539706,0.9055941658470305,0.9112217434410455
459,0.0034320424602554364,0.010865046329858538,,False,0.9795160156642233,0.97684921757502,0.9665456754933504,0.9712827040976842,0.9357429718875502,0.9181569065414359,0.9072898535723959,0.9119019061680197
460,0.0034271140089079297,0.010865355442881792,,False,0.9794156039763029,0.9767291537726643,0.9660336427232531,0.9709342881743629,0.9357429718875502,0.9197038380305494,0.9072898535723959,0.9125087774275661
461,0.003422887188866682,0.010862744845533137,,False,0.9795160156642233,0.9768438707994671,0.9665456754933504,0.9712810362259948,0.936144578313253,0.919110870499479,0.9093474667411202,0.9135334072720718
462,0.0034181941716309233,0.010873511192091248,,False,0.9795160156642233,0.9768473319716655,0.9665456754933504,0.9712832218726413,0.9365461847389558,0.9194798874470833,0.9097215782263428,0.9139123726403832
463,0.0034132861681371424,0.010846433410706896,,False,0.9795160156642233,0.9768520004623777,0.9665456754933504,0.9712852835928099,0.936144578313253,0.9194819113278709,0.9059868693926995,0.9115827326949569
464,0.0034087924233091368,0.01084852777040319,,False,0.9795160156642233,0.9768431010988695,0.9665456754933504,0.971282006066532,0.9349397590361446,0.9183729878974949,0.904845316881284,0.9104732338491781
465,0.0034035299869333837,0.01084397088219517,,False,0.9795160156642233,0.9768431010988695,0.9665456754933504,0.971282006066532,0.9357429718875502,0.9196947960250063,0.9072834475538133,0.9125142664527554
466,0.0033986774217229696,0.010860292330302284,,False,0.9795160156642233,0.9768473319716655,0.9665456754933504,0.9712832218726413,0.9357429718875502,0.9191270058980991,0.9056063518888943,0.9112202922914617
467,0.003393360873836065,0.010852052662421549,,False,0.9795160156642233,0.9768473319716655,0.9665456754933504,0.9712832218726413,0.9365461847389558,0.9209950592915094,0.9097215782263428,0.9145255404476669
468,0.003391265121227502,0.010867902554820823,,False,0.9797168390400642,0.9766163911999324,0.9675697410335449,0.9717723008634024,0.936144578313253,0.9191018284939356,0.9093410607225376,0.913538896297261
469,0.003384616610991626,0.010854768329782915,,False,0.9796164273521438,0.976962749542884,0.9670577082634476,0.9716274369195834,0.9353413654618474,0.9187321380929371,0.905218790471655,0.9108420457313355
470,0.0033799597123324856,0.010863065723056184,,False,0.9796164273521438,0.9769619288111822,0.9670577082634476,0.9716277961671581,0.9357429718875502,0.9191165831963646,0.9056063518888943,0.911221141062753
471,0.0033774633292295883,0.01087112630245938,,False,0.9796164273521438,0.9769664579115056,0.9670577082634476,0.9716298230814631,0.9369477911646586,0.9213325137748885,0.9100835036697015,0.9148954293140983
472,0.0033713424580410966,0.01086601944999995,,False,0.9797168390400642,0.9770861106914062,0.9675697410335449,0.9719753312406423,0.936144578313253,0.9194716313769074,0.905968277332253,0.9115912314648461
473,0.003365046428321148,0.010856123724326702,,False,0.9797168390400642,0.9770772838538034,0.9675697410335449,0.9719714742774515,0.9365461847389558,0.920442341948594,0.9080393404329938,0.9132579716213082
474,0.003363887981252639,0.01088049401348873,,False,0.9797168390400642,0.9766271484769773,0.9675697410335449,0.971777078138104,0.9365461847389558,0.9194366561296798,0.9097215782263428,0.9138997442331801
475,0.0033559658645328674,0.010857951354283225,,False,0.9798172507279848,0.9776362872823348,0.9676584170998745,0.9722624591719862,0.936144578313253,0.9200642829954465,0.9076588229291888,0.9128844952781859
476,0.0033516368880975055,0.010867724709884096,,False,0.9798172507279848,0.9767225228626779,0.9676584170998745,0.9718680719415632,0.9365461847389558,0.9209707816916293,0.9097215782263428,0.9145266242361418
477,0.0033468361451044083,0.010848831372834293,,False,0.9798172507279848,0.9767120355801366,0.9676584170998745,0.9718654235388642,0.936144578313253,0.9206141079154645,0.9093462028509676,0.9141561911040021
478,0.003342762810796744,0.010846712109940097,,False,0.9798172507279848,0.9771636741554333,0.9676584170998745,0.9720607034789757,0.9357429718875502,0.9202410412909051,0.9089605432187324,0.9137784820053833
479,0.003339671870266917,0.010862199375059023,,False,0.9798172507279848,0.977175470210472,0.9676584170998745,0.9720660176930284,0.9349397590361446,0.9194704577561867,0.9082110563581344,0.913029330388865
480,0.0033323472956148276,0.010854174556637213,,False,0.9798172507279848,0.9771738699622579,0.9676584170998745,0.9720650987513024,0.9357429718875502,0.9196805047385586,0.9072885896822432,0.9125192004874465
481,0.00332989140349747,0.010842550457286607,,False,0.9798172507279848,0.9771636741554333,0.9676584170998745,0.9720607034789757,0.9357429718875502,0.9202410412909051,0.9089605432187324,0.9137784820053833
482,0.003324150717691179,0.010855404794226732,,False,0.9798172507279848,0.9767225228626779,0.9676584170998745,0.9718680719415632,0.9365461847389558,0.9209707816916293,0.9097215782263428,0.9145266242361418
483,0.0033190218081408933,0.010852316029919977,,False,0.9798172507279848,0.9776353144429516,0.9676584170998745,0.9722627797658558,0.9365461847389558,0.9204309430850438,0.9080393404329938,0.9132587786565417
484,0.0033142793485598414,0.010851096853613277,,False,0.9799176624159052,0.976802250071483,0.9677517877814805,0.9719560621697119,0.9365461847389558,0.9209950592915094,0.9097215782263428,0.9145255404476669
485,0.0033104622774448814,0.010845857125474274,,False,0.9799176624159052,0.977259323231934,0.9677517877814805,0.9721548332035174,0.9357429718875502,0.9196805047385586,0.9072885896822432,0.9125192004874465
486,0.0033077150178791944,0.010839772727000851,,False,0.9799176624159052,0.9767996496608222,0.9677517877814805,0.9719555000706769,0.9357429718875502,0.9202661967567948,0.9089860731471027,0.9137934971837518
487,0.003301910920202208,0.010842385556367153,,False,0.9799176624159052,0.9777212726415411,0.9677517877814805,0.9723529079429629,0.936144578313253,0.9200614561146035,0.9076639650576185,0.9128885498311112
488,0.003298092300327295,0.010841946378982958,,False,0.9800180741038257,0.9778154530802851,0.9678424907293264,0.972444905678047,0.936144578313253,0.9217198972280176,0.9076639650576185,0.9135082881960039
489,0.0032938032418435535,0.010832776225302492,,False,0.9800180741038257,0.9778195406590454,0.9678424907293264,0.9724468248529691,0.936144578313253,0.9217198972280176,0.9076639650576185,0.9135082881960039
490,0.003291446129337672,0.010865309947802205,,False,0.9800180741038257,0.9773542551981674,0.9678404638478102,0.9722460381362933,0.936144578313253,0.9206002530173186,0.9093462028509676,0.914156426121186
491,0.00328417464307601,0.01085465183995971,,False,0.9801184857917462,0.9769862624130629,0.967931166795656,0.9721376322347128,0.936144578313253,0.9200614561146035,0.9076639650576185,0.9128885498311112
492,0.003279882464388776,0.010839855493953556,,False,0.9800180741038257,0.9773456477232355,0.9678404638478102,0.9722421275946651,0.9357429718875502,0.9196805047385586,0.9072885896822432,0.9125192004874465
493,0.003277957252967105,0.010841129449374275,,False,0.9800180741038257,0.9773398730749887,0.9678404638478102,0.9722400231449788,0.9357429718875502,0.9202830032579185,0.9089912152755326,0.9137932310808403
494,0.003271920356335393,0.010835580601404564,,False,0.9800180741038257,0.9773425074290039,0.9678404638478102,0.9722407125340305,0.9353413654618474,0.9177735815399785,0.9069336021068083,0.9115507999838717
495,0.003267264385313968,0.010841537698735032,,False,0.9801184857917462,0.9774400383677809,0.967931166795656,0.9723344825078892,0.936144578313253,0.9190923814210422,0.9093665906509081,0.9135513769425876
496,0.0032635456691282026,0.010858156217866295,,False,0.9801184857917462,0.9774486458427128,0.967931166795656,0.9723383930495173,0.9353413654618474,0.9210105070960345,0.9069266642388845,0.9127645850388456
497,0.0032584911913283213,0.010849104961013219,,False,0.9801184857917462,0.9774452627967233,0.967931166795656,0.9723362425025126,0.936144578313253,0.9200614561146035,0.9076639650576185,0.9128885498311112
498,0.003255898702769644,0.010867530919450226,,False,0.9801184857917462,0.9774452627967233,0.967931166795656,0.9723362425025126,0.9357429718875502,0.9197663243977762,0.9073224274142004,0.9125242650610903
499,0.00325016720029654,0.01083891670721121,,False,0.9801184857917462,0.9774411063202942,0.967931166795656,0.9723343238796033,0.9357429718875502,0.9197116548334381,0.9073089774821838,0.9125299338892836
500,0.0032469295463094234,0.01085138130215556,,False,0.9803193091675871,0.9767346791928583,0.9681125726913477,0.9721304570404153,0.936144578313253,0.9184736491024229,0.9076639650576186,0.9122833804660596
501,0.0032430549902090298,0.010854393021646713,,False,0.9802188974796666,0.9775344031763274,0.9680250106395,0.9724280404755657,0.9353413654618474,0.9199167968828417,0.908629289832174,0.9134210400339894
502,0.0032377699271220195,0.010850991579692664,,False,0.9803193091675871,0.9772007339140755,0.968533902513599,0.9725736501905173,0.9349397590361446,0.9206607058148689,0.9065716766634496,0.9124059690970184
503,0.0032350218057139784,0.010830719188314228,,False,0.9802188974796666,0.9771071998816604,0.9684431995657534,0.9724823834012665,0.9349397590361446,0.9211737541814716,0.908243630199939,0.9136717372071915
504,0.0032296409436060407,0.010842811768990029,,False,0.9803193091675871,0.9772007339140755,0.968533902513599,0.9725736501905173,0.9357429718875502,0.9213926033718026,0.9073089774821838,0.9131464901182677
505,0.0032261655676957646,0.010832688393036936,,False,0.9803193091675871,0.9767546260924956,0.968533902513599,0.9723788507696819,0.9353413654618474,0.9193521360530093,0.906947052038825,0.9121595563237356
506,0.0032226011344708935,0.010853015641786395,,False,0.9803193091675871,0.9772096515926041,0.968533902513599,0.9725776376475486,0.9353413654618474,0.9193521360530093,0.906947052038825,0.9121595563237356
507,0.003218188036075494,0.01084392181120825,,False,0.9805201325434281,0.9773896556038567,0.9687184493052887,0.9727587482957849,0.9353413654618474,0.9177542983211175,0.9069336021068083,0.9115545302828463
508,0.0032146561478043623,0.010857827073879613,,False,0.9805201325434281,0.9773796301669431,0.9687211170390488,0.9727571720092129,0.9353413654618474,0.9199244599861753,0.908629289832174,0.9134233707168925
509,0.003209947162538892,0.010841908770053995,,False,0.9804197208555075,0.97728895917687,0.968627273195205,0.9726658056889761,0.9349397590361446,0.9189934188352346,0.9065716766634496,0.9117832878769107
510,0.0032056369169581513,0.010860531361406642,,False,0.9805201325434281,0.9773809840392668,0.9687211170390488,0.9727578380167985,0.9353413654618474,0.9199244599861753,0.908629289832174,0.9134233707168925
511,0.0032034977953908526,0.01084131025137425,,False,0.9805201325434281,0.9778481290585971,0.9687179761430509,0.9729603976823987,0.9357429718875502,0.921388268673446,0.9073224274142004,0.9131480921095526
512,0.0032002913908343107,0.010839986944558034,,False,0.9806205442313485,0.9774687000462161,0.9688144877206548,0.9728485533989697,0.9357429718875502,0.9214080792932755,0.9073211635240477,0.9131513643217232
513,0.003194146783887997,0.01085145589978409,,False,0.9806205442313485,0.9774828223690718,0.9688118199868947,0.9728526707308297,0.9353413654618474,0.9193764116544821,0.906947052038825,0.9121525732113294
514,0.0031893896065308324,0.0108441548149784,,False,0.9806205442313485,0.9774819142474086,0.9688118199868947,0.9728529118433438,0.9353413654618474,0.9177908341350663,0.906947052038825,0.9115486089181926
515,0.00318508222982291,0.010845950779068919,,False,0.9805201325434281,0.9773800685766147,0.9687211170390488,0.972758035347574,0.9353413654618474,0.9178045167058227,0.906947052038825,0.9115483120696418
516,0.0031816938599351302,0.010852913292283033,,False,0.9806205442313485,0.9774779501449267,0.9688118199868947,0.972851253483609,0.9349397590361446,0.9206607058148689,0.9065716766634496,0.9124059690970184
517,0.003183595832583966,0.01083720756171033,,False,0.9806205442313485,0.9774723539413066,0.9688144877206548,0.9728508331894089,0.9349397590361446,0.9174330829492576,0.9065601285164373,0.9111769231635147
518,0.003177364306250469,0.010866965422109335,,False,0.9806205442313485,0.9774867558329543,0.9688118199868947,0.9728550202878785,0.9353413654618474,0.9193595048776362,0.906947052038825,0.9121523218968142
519,0.0031705144260229996,0.010845363640369893,,False,0.9806205442313485,0.9774707583511171,0.9688144877206548,0.9728501818740827,0.9357429718875502,0.9219344506801056,0.9090046652075494,0.9144198544107786
520,0.003165925145111021,0.010856629975560991,,False,0.980720955919269,0.9775695326604552,0.9689051906685007,0.9729440278343016,0.9357429718875502,0.9214097368787928,0.9073224274142004,0.9131442839378773
521,0.003161543652440686,0.010851480923402759,,False,0.980720955919269,0.9775685931404298,0.9689051906685007,0.9729434876616776,0.9357429718875502,0.9214097368787928,0.9073224274142004,0.9131442839378773
522,0.0031596668588184966,0.010856471623404106,,False,0.9806205442313485,0.9774923260811045,0.9688118199868947,0.9728575839932346,0.9353413654618474,0.9193878271332632,0.9069495713366464,0.9121533119508977
523,0.0031550605119381207,0.01083485761658659,,False,0.980720955919269,0.9775649832437385,0.9689051906685007,0.9729430764585812,0.9353413654618474,0.9210287478812285,0.9069406460202425,0.9127772549678499
524,0.003150200088594603,0.010842223684847175,,False,0.980720955919269,0.9775696176833484,0.9689051906685007,0.9729452331363715,0.9353413654618474,0.9193577994943934,0.9069457881486722,0.9121593977671966
525,0.0031479105305794305,0.010842167976712393,,False,0.980720955919269,0.977571992540441,0.9689051906685007,0.9729456824420275,0.9353413654618474,0.9177726257987417,0.906947052038825,0.9115529690126082
526,0.0031419677225749286,0.010846352426975622,,False,0.9808213676071895,0.97766227643255,0.9689984829532288,0.9730382871379564,0.9349397590361446,0.9189934188352346,0.9065716766634496,0.9117832878769107
527,0.0031393997163239686,0.010857201185914328,,False,0.9808213676071895,0.9776714076517705,0.9689938667348303,0.973039229601282,0.9353413654618474,0.9177828814665276,0.9069087957367654,0.9115267473411228
528,0.0031336648398133647,0.010851193523218785,,False,0.9809217792951099,0.9777510233264088,0.9690871590195584,0.9731269986039135,0.9353413654618474,0.9210327330856395,0.9069266642388845,0.9127669832273173
529,0.0031306659022670713,0.010856251650431513,,False,0.9809217792951099,0.9777601115555936,0.9690871590195584,0.9731304923288054,0.9357429718875502,0.9181628614058369,0.9073020396142599,0.9119096230484917
530,0.0031265272163408385,0.010835883360515906,,False,0.9810221909830305,0.9778732756909024,0.9695991917896557,0.9734698743765667,0.936144578313253,0.9206532048127711,0.9093583888928314,0.9141581640545743
531,0.0031245807032131674,0.010834482535484245,,False,0.9809217792951099,0.9777757417481011,0.969510515723326,0.9733770470105543,0.9353413654618474,0.9199018461299533,0.9086228838135914,0.913423040570402
532,0.0031191110730884822,0.010860639032942621,,False,0.9809217792951099,0.9777590312754858,0.9690871590195584,0.9731298349034767,0.9353413654618474,0.919365446106005,0.9069266642388845,0.9121443020072095
533,0.0031143546392053386,0.010853961030487904,,False,0.9809217792951099,0.9777637976380488,0.9690871590195584,0.9731320266541155,0.9357429718875502,0.9213971137447984,0.9073007757241071,0.9131430931176033
534,0.003110677073402069,0.01084924126824543,,False,0.9809217792951099,0.9777543986690467,0.9690871590195584,0.9731284558808636,0.9357429718875502,0.9213921385154641,0.9073211635240477,0.9131510760607742
535,0.0031064186884155608,0.010850994262756751,,False,0.9809217792951099,0.977755433334808,0.9690871590195584,0.9731284220676772,0.936144578313253,0.9217825611413785,0.9076761510994825,0.913512973559474
536,0.0031031479100891183,0.010847621634226366,,False,0.9809217792951099,0.9777637976380488,0.9690871590195584,0.9731320266541155,0.936144578313253,0.9200959128075655,0.9076761510994825,0.9128894459173991
537,0.0030987960748965603,0.010847224052125775,,False,0.9810221909830305,0.9778732756909024,0.9695991917896557,0.9734698743765667,0.9357429718875502,0.9181589456132646,0.9073007757241071,0.9119161183228379
538,0.003094799721765544,0.010854409419138863,,False,0.9809217792951099,0.9777459388093668,0.9690871590195584,0.9731232780983604,0.9357429718875502,0.9197315321484066,0.9073020396142599,0.912513336027113
539,0.0030911292397728164,0.010832107217202003,,False,0.9809217792951099,0.977755650293165,0.9690871590195584,0.973129155505617,0.9357429718875502,0.9197298267651638,0.9073007757241071,0.9125204118974958
540,0.0030872355975177963,0.010841317832220145,,False,0.9809217792951099,0.977755433334808,0.9690871590195584,0.9731284220676772,0.9357429718875502,0.9197296839533917,0.9073007757241071,0.912524993039988
541,0.0030831381177829605,0.010847286970966263,,False,0.9809217792951099,0.9777459388093668,0.9690871590195584,0.9731232780983604,0.9357429718875502,0.9197298267651638,0.9073007757241071,0.9125204118974958
542,0.0030787546366457513,0.01084596094971263,,False,0.9811226026709509,0.9779517924513667,0.969681618429946,0.9735498864434745,0.936144578313253,0.9200959128075655,0.9076761510994825,0.9128894459173991
543,0.0030753598320085807,0.010836909326778927,,False,0.9811226026709509,0.9779604437092865,0.969681618429946,0.9735545320808671,0.9357429718875502,0.9197298267651638,0.9073007757241071,0.9125204118974958
544,0.003073163682484045,0.010826962607405122,,False,0.9811226026709509,0.9779627142585904,0.969681618429946,0.9735567311846837,0.9357429718875502,0.9213971137447984,0.9073007757241071,0.9131430931176033
545,0.0030672875148089218,0.01084069679373454,,False,0.9811226026709509,0.977952320522879,0.969681618429946,0.9735506979177031,0.9357429718875502,0.9197298267651638,0.9073007757241071,0.9125204118974958
546,0.0030645998254030674,0.010850831163672215,,False,0.9811226026709509,0.9779515754930098,0.969681618429946,0.9735491530055348,0.936144578313253,0.9222878657907874,0.9093583888928314,0.9147876930969446
547,0.003059754235466903,0.01084282868510038,,False,0.9811226026709509,0.977955275117517,0.969681618429946,0.9735513849873753,0.9357429718875502,0.9197298267651638,0.9073007757241071,0.9125204118974958
548,0.003057066751078232,0.01085958503582423,,False,0.9811226026709509,0.9779515754930098,0.969681618429946,0.9735491530055348,0.9365461847389558,0.9226549178322235,0.9097337642682066,0.9151566901704147
549,0.003052711076095867,0.010855030485923454,,False,0.9812230143588714,0.9780494596759056,0.9697702944962757,0.973642594311905,0.936144578313253,0.9217640229744626,0.9076761510994825,0.9135166713335658
550,0.0030502654040400297,0.010834086431219338,,False,0.9811226026709509,0.9779618750663044,0.969681618429946,0.9735558416720317,0.936144578313253,0.9200962410988622,0.9076748872093297,0.912896420283622
551,0.0030455121294965786,0.01084375603078228,,False,0.9812230143588714,0.9780452254607217,0.9697702944962757,0.9736413324451699,0.9357429718875502,0.9197298267651638,0.9073007757241071,0.9125204118974958
552,0.003042257352727074,0.010847875692401041,,False,0.9812230143588714,0.9780547993249861,0.9697702944962757,0.9736461727191783,0.9353413654618474,0.9193674007938095,0.9069279196465531,0.9121491527891215
553,0.0030382260666548624,0.010852560413900965,,False,0.9812230143588714,0.9780494596759056,0.9697702944962757,0.973642594311905,0.936144578313253,0.9200959128075655,0.9076761510994825,0.9128894459173991
554,0.003034186648357108,0.010835637839700691,,False,0.9812230143588714,0.97804591026372,0.9697702944962757,0.9736421835551285,0.936144578313253,0.9200957699957935,0.9076761510994825,0.9128940270598915
555,0.0030310690035890995,0.010847881372276616,,False,0.9812230143588714,0.9780496777939521,0.9697702944962757,0.9736433288350779,0.9357429718875502,0.9197298267651638,0.9073007757241071,0.9125204118974958
556,0.003028692762196654,0.010828213482810529,,False,0.9813234260467918,0.9781661035140152,0.970282327266373,0.97398324737757,0.9357429718875502,0.9197296839533917,0.9073007757241071,0.912524993039988
557,0.0030234232003489765,0.010843298110700905,,False,0.9812230143588714,0.9780452254607217,0.9697702944962757,0.9736413324451699,0.9357429718875502,0.9197298267651638,0.9073007757241071,0.9125204118974958
558,0.0030197740010389417,0.010842256018386889,,False,0.9814238377347123,0.9778132648170266,0.9703774566423243,0.9738777791773479,0.9357429718875502,0.9197298267651638,0.9073007757241071,0.9125204118974958
559,0.0030172447001003077,0.01083254345228815,,False,0.9814238377347123,0.9778141699859348,0.9703774566423243,0.9738794048430519,0.936144578313253,0.9200957699957935,0.9076761510994825,0.9128940270598915
560,0.0030126255573920367,0.010834327941314054,,False,0.9814238377347123,0.9778135617769323,0.9703774566423243,0.9738785529748447,0.9357429718875502,0.9197296839533917,0.9073007757241071,0.912524993039988
561,0.0030095213355238112,0.010845516931398364,,False,0.9814238377347123,0.9782550544215911,0.9703774566423243,0.9740743856117631,0.9365461847389558,0.9210166756145968,0.9097337642682066,0.9145312063972059
562,0.0030063334252504407,0.010845266071897851,,False,0.9814238377347123,0.9782556626305937,0.9703774566423243,0.9740752374799704,0.936144578313253,0.9200957699957935,0.9076761510994825,0.9128940270598915
563,0.003001796642741824,0.010842738317133581,,False,0.9814238377347123,0.9778176602258541,0.9703774566423243,0.973880909218074,0.9357429718875502,0.9197265749496695,0.9073007757241071,0.912529636092767
564,0.0029988953074696037,0.0108485528824668,,False,0.9814238377347123,0.9782593672460523,0.9703774566423243,0.9740763471244954,0.936144578313253,0.9200959128075655,0.9076761510994825,0.9128894459173991
565,0.002997014361317561,0.01083228335943365,,False,0.9814238377347123,0.97781350218187,0.9703774566423243,0.9738789861565641,0.936144578313253,0.9200959128075655,0.9076761510994825,0.9128894459173991
566,0.0029947881414802064,0.010824169920590121,,False,0.9814238377347123,0.9778141699859348,0.9703774566423243,0.9738794048430519,0.936144578313253,0.9201110554889728,0.9076684811907472,0.91290507669116
567,0.00298827729136011,0.01084310586287946,,False,0.9814238377347123,0.9778135617769323,0.9703774566423243,0.9738785529748447,0.936144578313253,0.9200948714014004,0.9076761510994825,0.9128992507087066
568,0.0029849006062801805,0.01083574814200904,,False,0.9815242494226328,0.9779263364940937,0.9708894894124216,0.9742129577754096,0.936144578313253,0.9200957699957935,0.9076761510994825,0.9128940270598915
569,0.0029812530676099425,0.010834078152326202,,False,0.9815242494226328,0.9779263364940937,0.9708894894124216,0.9742129577754096,0.936144578313253,0.9200957699957935,0.9076761510994825,0.9128940270598915
570,0.002978466405159558,0.010826081948013285,,False,0.9815242494226328,0.9779263364940937,0.9708894894124216,0.9742129577754096,0.9365461847389558,0.9204587919389482,0.9080380765428413,0.9132634483947039
571,0.002974581937809736,0.010834697611836213,,False,0.9815242494226328,0.9779204979029993,0.9708894894124216,0.9742100327866036,0.9357429718875502,0.9197265749496695,0.9073007757241071,0.912529636092767
572,0.0029714158255919193,0.010831129849709322,,False,0.9815242494226328,0.9779269447030963,0.9708894894124216,0.974213809643617,0.936144578313253,0.9200948714014004,0.9076761510994825,0.9128992507087066
573,0.002967552174328726,0.010837480198358769,,False,0.9815242494226328,0.9779204979029993,0.9708894894124216,0.9742100327866036,0.936144578313253,0.9200948714014004,0.9076761510994825,0.9128992507087066
574,0.0029645599625431397,0.010831315653538079,,False,0.9815242494226328,0.9779269447030963,0.9708894894124216,0.974213809643617,0.9357429718875502,0.9197265749496695,0.9073007757241071,0.912529636092767
575,0.0029618795919128266,0.010823422452844563,,False,0.9815242494226328,0.9779269447030963,0.9708894894124216,0.974213809643617,0.9357429718875502,0.9197193468925362,0.9073211635240477,0.912537666957243
576,0.0029583608740609306,0.010826300948423679,,False,0.9815242494226328,0.9779204979029993,0.9708894894124216,0.9742100327866036,0.9357429718875502,0.9208268361009105,0.905625475798682,0.9118573509031729
577,0.002954098622459546,0.010831496751692019,,False,0.9815242494226328,0.9779247358606903,0.9708894894124216,0.9742124239070087,0.9357429718875502,0.9197193468925362,0.9073211635240477,0.912537666957243
578,0.0029511685335144745,0.010839822278873435,,False,0.9815242494226328,0.9779202835274599,0.9708894894124216,0.9742104275171007,0.9369477911646586,0.9219112613153051,0.9118035634787949,0.9161405997656027
579,0.0029474082194966334,0.010827142401523231,,False,0.9815242494226328,0.9779202835274599,0.9708894894124216,0.9742104275171007,0.9365461847389558,0.9209779414848054,0.9097337642682066,0.9145263468108626
580,0.002945903864746595,0.010846335092923005,,False,0.9815242494226328,0.9779235953453915,0.9708894894124216,0.9742105468984986,0.936144578313253,0.9196308750276511,0.911054076618197,0.9147709903736518
581,0.0029408986803964093,0.010824313564596587,,False,0.9815242494226328,0.9779208917364625,0.9708894894124216,0.9742112793853082,0.9365461847389558,0.9199959818958823,0.9114294519935723,0.9151400605199856
582,0.0029374264977322607,0.010824378125179675,,False,0.9815242494226328,0.9774795586747049,0.9708894894124216,0.9740118436260816,0.936144578313253,0.9196162039103264,0.9110610144861209,0.9147789703299826
583,0.0029338444063667208,0.01083652633075076,,False,0.9815242494226328,0.9779202835274599,0.9708894894124216,0.9742104275171007,0.9369477911646586,0.9219112613153051,0.9118035634787949,0.9161405997656027
584,0.0029347451238179337,0.010809004571680741,,False,0.9817250727984738,0.9781114823717935,0.9710762307756335,0.9744011232957711,0.9369477911646586,0.9203689482902878,0.9117837075281956,0.9155253062716842
585,0.002927462518722832,0.01082213878865267,,False,0.9815242494226328,0.9779202835274599,0.9708894894124216,0.9742104275171007,0.9365461847389558,0.9215429648635739,0.9114281881034196,0.9157709851496629
586,0.0029243000241824953,0.01081847306456414,,False,0.9816246611105532,0.9775725764617964,0.9709828600940276,0.9741049528108997,0.9373493975903614,0.9222841437803603,0.9121654889221537,0.9165136467912064
587,0.0029201371718664197,0.010817247896936997,,False,0.9817250727984738,0.9776710398848447,0.9710761523787556,0.9742022672034447,0.9373493975903614,0.9222551207013969,0.9121724267900775,0.9165227120430052
588,0.002916107135244125,0.0108131489246857,,False,0.9817250727984738,0.9781119504136241,0.9710761523787556,0.9744004883631704,0.9373493975903614,0.922216740258287,0.912139852948273,0.9165046598529742
589,0.0029135069466814066,0.010814852989590099,,False,0.9817250727984738,0.9777044499327681,0.9714948928641248,0.9744465191768915,0.9365461847389558,0.9199906857584291,0.9114160020615556,0.9151405795677334
590,0.0029091474845312883,0.010814026229991728,,False,0.9816246611105532,0.9784570328022747,0.9709801923602672,0.9745008615799069,0.9377510040160643,0.9225840575358478,0.9125152283236484,0.916874310595344
591,0.002906005399418074,0.0108122592043075,,False,0.9818254844863942,0.9782255621098179,0.9715855174150926,0.9747321887204019,0.9373493975903614,0.9222205214782007,0.9121602407482136,0.9165155900143306
592,0.0029025005981790776,0.010812741664225063,,False,0.9818254844863942,0.9782156083992987,0.9715855174150926,0.9747273318674584,0.9381526104417671,0.9229863454297029,0.9128893398088711,0.9172562150881292
593,0.0028999543398286853,0.01080416582997171,,False,0.9818254844863942,0.9782318586930915,0.9715855958119705,0.9747356985284699,0.9369477911646586,0.9218422584101842,0.9117848653728381,0.9161430506152232
594,0.0028958988620889155,0.01080765803882737,,False,0.9819258961743147,0.9783141393030123,0.9716788880966986,0.9748236740486375,0.9369477911646586,0.9218422584101842,0.9117848653728381,0.9161430506152232
595,0.002892854193741564,0.010811867088010716,,False,0.9820263078622352,0.9792951354742753,0.9717695910445444,0.9753146508962671,0.9377510040160643,0.9226320825190116,0.9125274143655123,0.9168849194244704
596,0.002889972451961784,0.010816001770842614,,False,0.9821267195501556,0.9789388944965665,0.9718666551113887,0.9752077169059145,0.936144578313253,0.9211314276584736,0.9110610144861209,0.915398188581831
597,0.002887942939900383,0.010806083862562188,,False,0.9822271312380761,0.9790181408513146,0.9719600257929947,0.9752945042407671,0.9369477911646586,0.9218972516099756,0.9117901135467782,0.9161388136556293
598,0.0028832826683186825,0.010800080780657407,,False,0.9821267195501556,0.9789347223916596,0.9718634348883882,0.9752051483104945,0.9369477911646586,0.9218422584101842,0.9117848653728381,0.9161430506152232
599,0.0028799315026940935,0.010807139963264918,,False,0.9822271312380761,0.9794651686403514,0.9719573580592346,0.9754934064972601,0.9373493975903614,0.9222407404156124,0.9121533028802897,0.9165059035884227
600,0.0028791331012450096,0.010793515023725003,,False,0.9822271312380761,0.9799124766239942,0.9719568848969966,0.9756926120007231,0.9373493975903614,0.9217224542331321,0.9104685373066354,0.9152792148808042
