epoch,mse,validation_mse,accuracy,converged,training_accuracy,training_macro_precision_present,training_macro_recall_present,training_macro_f1_present,validation_accuracy,validation_macro_precision_present,validation_macro_recall_present,validation_macro_f1_present
0,0.40916063574777306,0.4104400130441294,,False,0.11336479566221508,0.10443899184868198,0.10595335057252638,0.09620155751620756,0.10281124497991968,0.09006013465845783,0.09470378760177195,0.08477267154040985
1,0.0737016462871175,0.07352096821402122,,False,0.4440204839843358,0.36877163538522306,0.39679034882846653,0.35624380881810025,0.44176706827309237,0.412031747927216,0.3940741329302982,0.35203433020269287
2,0.05900885752832285,0.05976984550156856,,False,0.5938347223616829,0.5652405964930085,0.5344162549452398,0.4939777958390509,0.5903614457831325,0.5628762348669256,0.5309477071401939,0.49020506324405744
3,0.0495362300347035,0.0508252880507745,,False,0.674565719449744,0.6668846334899625,0.6087129508412766,0.565297921572291,0.6630522088353413,0.6674671330859485,0.5979006647825946,0.5556234785863858
4,0.043866824759645685,0.04536090551877285,,False,0.7181443920072297,0.7322973223915895,0.6488716635136726,0.6112314517513167,0.7048192771084337,0.7086584482535606,0.6364717444434902,0.598967361344912
5,0.03893570737542216,0.040658399821291984,,False,0.76694447233658,0.7678949495198235,0.69421844114783,0.6774938007576101,0.7534136546184739,0.7542571029695404,0.6819457368546118,0.6662060069777166
6,0.0339551108610893,0.03598228980704131,,False,0.8079124410081333,0.8064230246256716,0.7321384220476674,0.722101966353696,0.7923694779116466,0.790946577937983,0.7180013110851674,0.7080758383543553
7,0.03074888902125305,0.03287199546515633,,False,0.8281956019680691,0.826120338926256,0.7510741387311366,0.7421041716055368,0.8100401606425702,0.8081593930880487,0.7344584687774112,0.7255057254290107
8,0.028348272426314897,0.0306065763080656,,False,0.8433577668440606,0.8426450371848351,0.7649744759330188,0.7565006644450802,0.8236947791164658,0.8225856992637464,0.746863659168705,0.7384789859416325
9,0.026540587065158185,0.028844838942910508,,False,0.8528968771965056,0.851632051317336,0.7738062378074914,0.765101075656439,0.8361445783132531,0.8348135145308055,0.7583296360284247,0.7498148381834747
10,0.02515042522255665,0.027462429545594354,,False,0.859122401847575,0.8581576673301949,0.7795401690218265,0.7708615399788323,0.8429718875502008,0.8417969232814432,0.7646840272238564,0.7559941768884171
11,0.024015029590476467,0.026412133792719283,,False,0.865448338186565,0.8646141233683774,0.7852994353881759,0.7765006184759264,0.8481927710843373,0.8470587033579857,0.769434414193311,0.7607037085026933
12,0.023025266740045965,0.025446899296208136,,False,0.8706697459584296,0.8697847765625175,0.7901499787682952,0.7812741252000247,0.8534136546184738,0.8523852718729154,0.7742476183378384,0.7655663851646703
13,0.022196815130642422,0.024704599866176864,,False,0.8743849784114871,0.8733682856743399,0.7935313584760891,0.7845920712960532,0.8566265060240964,0.8554449100714969,0.7771823670224338,0.7683523549792185
14,0.021448910126894087,0.023996512571000533,,False,0.8789035043679084,0.8780396787590699,0.7976689323486036,0.7887805877944202,0.857429718875502,0.8562187727677297,0.7778824752377906,0.7691630429091172
15,0.020808479810549608,0.023389721228425225,,False,0.8821166783813635,0.8811410825888617,0.800668945040712,0.7917157790260708,0.8610441767068273,0.8601168810447763,0.7813044446599875,0.772487886169856
16,0.02028414829281839,0.022908862042043582,,False,0.8849282056431369,0.8838327834055572,0.8032707595166113,0.7941561598256264,0.8622489959839358,0.8610007717597388,0.7824437489092766,0.7735468300023765
17,0.019748014724654234,0.02244701305655846,,False,0.888141379656592,0.8872597216461928,0.80620338381459,0.7971995045553177,0.8654618473895582,0.8647077733914963,0.785247106861799,0.7763553599609239
18,0.019268667295542087,0.022065244279081433,,False,0.8903504367908425,0.8895766615538553,0.8081824105606201,0.7991993102736841,0.8666666666666667,0.8656567918822874,0.7863015732402234,0.7774596805856319
19,0.018857179517491215,0.021713229851733143,,False,0.8924590822371724,0.8915395464039386,0.8101322275311289,0.801071487796753,0.8686746987951808,0.8676310634180855,0.7881717193147507,0.7792821630503953
20,0.0184634783653593,0.021371186860707613,,False,0.8946681393714229,0.9056480139433299,0.8125626690164252,0.8040581632425324,0.8690763052208835,0.868112159216329,0.7885121384493251,0.7796556495127202
21,0.018105096554111962,0.021093531956951767,,False,0.8965759614419119,0.9072841701984059,0.8143278830368363,0.8057613321898928,0.8686746987951808,0.8677892328387683,0.7881713243642342,0.779258393612549
22,0.01781046510602667,0.020879660976667155,,False,0.8981825484486394,0.9088818740319174,0.8158031793552862,0.8072004484521889,0.8726907630522088,0.8717553785330204,0.7918713530581895,0.782934667207824
23,0.017495182085298332,0.020594258997780317,,False,0.9002911938949694,0.9105863166670792,0.8177797672031183,0.8090969249704502,0.8730923694779117,0.8721130183266406,0.7922545222571219,0.7833201176183803
24,0.01721095196751906,0.02040757439106321,,False,0.901696957525856,0.9120276322619925,0.8190282731398082,0.810365158600482,0.8734939759036144,0.8726130520624347,0.7926073899867707,0.783669156794184
25,0.016945175234165902,0.020212277187015158,,False,0.9031027211567426,0.9133201528094279,0.820318834061316,0.8116995867287033,0.8751004016064257,0.8742537996748616,0.7940566712741659,0.7851518015086608
26,0.01671766625837768,0.02002204719150873,,False,0.9035043679084246,0.9134497856361611,0.8207148138663095,0.8121112211063989,0.876706827309237,0.875589516278767,0.7955856138758692,0.7865424697458973
27,0.016489623575243844,0.01982134569190081,,False,0.9057134250426749,0.9155619316639528,0.8227208384071458,0.814082222246557,0.8791164658634538,0.8778482963964682,0.7977620830520905,0.7886250225196683
28,0.016260718560437874,0.019664334273816093,,False,0.9060146601064364,0.9157805990976858,0.8230268699546931,0.8143625769470992,0.8775100401606426,0.8765061321051932,0.7963693457254691,0.787289800674493
29,0.01602993466832895,0.019463719750307328,,False,0.9069183652977206,0.9166256159134476,0.8238737176750206,0.8151886553661529,0.8799196787148594,0.8789391026244089,0.7985901565331067,0.789498948916906
30,0.015821272801284463,0.019288556373197364,,False,0.9081233055527663,0.9177184328456021,0.8249626966825413,0.816317552643368,0.8811244979919679,0.8801307533337155,0.7997194373391825,0.7906239244640441
31,0.015649126086245968,0.019165341610815755,,False,0.909328245807812,0.9189022878281258,0.8260786645776818,0.8173998088750613,0.8819277108433735,0.8810307248583105,0.8004586110784021,0.7913651464395904
32,0.015460759919781242,0.018992949017822065,,False,0.9099307159353349,0.9193564088534614,0.8266340478549918,0.8179501940657069,0.8823293172690763,0.8813106636087651,0.8008347278814161,0.7917460925577701
33,0.015311484391486524,0.018858434428036867,,False,0.9101315393111759,0.9196276936247144,0.8268355313920789,0.8181341675139129,0.8839357429718876,0.8829790157209136,0.8023267781869337,0.7932903341109108
34,0.015134173971765757,0.01878734836493366,,False,0.9103323626870168,0.919804846772047,0.8269753005264275,0.8183227815689318,0.8831325301204819,0.8822599607791741,0.8015830653798558,0.7925002257851445
35,0.014974812107453939,0.0186172093195536,,False,0.911436891254142,0.9207201901539999,0.8280161197366945,0.8193165156058487,0.8843373493975903,0.8832946051194152,0.8027091889932589,0.7936116731336235
36,0.014851313414689541,0.018553004277934885,,False,0.9120393613816649,0.9212843541276536,0.8286051427558649,0.8199378648377571,0.8839357429718876,0.8831335248210286,0.8023706546787205,0.7932932158095196
37,0.014696921817774211,0.018379057938499668,,False,0.9129430665729491,0.922097467534611,0.8294095752189469,0.8206715167788907,0.8847389558232932,0.8837457995764818,0.8031341114211261,0.7940206193725764
38,0.014588356002502583,0.018297638367445072,,False,0.9128426548850286,0.9221755541133478,0.8293048558968622,0.8205778560568882,0.885140562248996,0.8840200709915734,0.8034332400714466,0.7942968464714962
39,0.014428118299322874,0.018169480258604015,,False,0.9140475951400743,0.923210584621024,0.8304251992185794,0.8217939494559686,0.8883534136546185,0.8875482445889796,0.8063857134586699,0.797416881509604
40,0.014301218108346427,0.01814498769701803,,False,0.9154533587709609,0.9245975521364616,0.8316814859085677,0.8230569554873931,0.88714859437751,0.8863672833473175,0.805323744674418,0.7962817246355807
41,0.014176066371673283,0.018002277035234455,,False,0.9156541821468019,0.92476783454526,0.8318658019211408,0.8231918530986744,0.8879518072289156,0.8868406601889087,0.8060209043710566,0.7969073568143226
42,0.014043376477755267,0.017887855895578588,,False,0.9164574756501657,0.9253455492121544,0.8326142835686883,0.823940464110491,0.88714859437751,0.8862404181457931,0.8052838643659688,0.796221689330991
43,0.013929645180620124,0.017779445316162646,,False,0.9172607691535295,0.9260754796983436,0.8333656739130502,0.8246843163456128,0.8879518072289156,0.8869117960904801,0.8060785917242275,0.7969575461511671
44,0.013829308496300654,0.01775505633845886,,False,0.9174615925293704,0.9263591529237551,0.8335293153183022,0.8248855290467978,0.8879518072289156,0.887229630777988,0.8060521201767481,0.7970595913721765
45,0.013710724417036912,0.017615285557273094,,False,0.9173611808414499,0.9261252063197557,0.833883629803617,0.8257525639905653,0.8887550200803213,0.8878175762883878,0.8068112822638729,0.7977235474507344
46,0.013610053040881661,0.01755426551410441,,False,0.9187669444723365,0.9272445583883412,0.8356139730274139,0.8279345387763475,0.8867469879518072,0.8857767913140766,0.8050086785784791,0.7958696589455383
47,0.0134977797279438,0.017482676535504733,,False,0.9193694145998594,0.9280357530888467,0.8357160603457273,0.8275659790233431,0.8891566265060241,0.8882931847264299,0.8072014486424093,0.7981197060706546
48,0.013397194423948563,0.017394300387278665,,False,0.9194698262877798,0.9280482259667829,0.8362438865584103,0.8286284828183929,0.8891566265060241,0.8882727958571384,0.8072020840245376,0.7981547867314982
49,0.013317606622871419,0.017327744979612345,,False,0.9201727081032233,0.9285941775901324,0.8369280748495884,0.8292798722167941,0.8891566265060241,0.8882888588599571,0.8072059732580222,0.7981185434981536
50,0.013193846330986872,0.017238844115654347,,False,0.9201727081032233,0.9286548406215925,0.8373224621976808,0.8302014412791492,0.8891566265060241,0.8881115586687303,0.8071606730425284,0.7980529628439511
51,0.013119565744970713,0.0172138257088963,,False,0.9204739431669846,0.9289941790802535,0.837582267557218,0.8304953321606124,0.8907630522088353,0.8900825736312897,0.8086536665489726,0.7996443034804148
52,0.01302136289940787,0.0171165668836318,,False,0.9213776483582689,0.9112307930097643,0.8388368158459844,0.8322319714035938,0.8907630522088353,0.8898085729675922,0.8086501895979792,0.7995455649218667
53,0.012921350541947216,0.01701664301189794,,False,0.9216788834220303,0.9299740690749102,0.8391448695994543,0.8324983392320316,0.8911646586345382,0.8901375185440941,0.8090081307575504,0.7999058588744092
54,0.012850699598253624,0.016944897391690514,,False,0.922883823677076,0.9311593806984302,0.8406919376493855,0.8345328479493618,0.891566265060241,0.8905016228411613,0.8093816043479215,0.8002679186343736
55,0.01275745268689185,0.016878093075103646,,False,0.9229842353649965,0.9153121006796628,0.8407544974913476,0.8346386822546199,0.8923694779116466,0.8914835724676778,0.8101617836473542,0.8010363289914649
56,0.012660972401191208,0.016816232542127336,,False,0.9234862938045989,0.9177842884350519,0.8416200842570878,0.8360027992543859,0.8919678714859438,0.9030751841569086,0.8114194676115568,0.8045083767285021
57,0.012590000200604506,0.01678067695810778,,False,0.9235867054925193,0.9096776796283379,0.8421223028230848,0.8370299534814966,0.8927710843373494,0.9039127342071099,0.812161178517909,0.8053033724682849
58,0.012493012214662967,0.01668352644730013,,False,0.9242895873079626,0.90481668273771,0.8432174772371682,0.8385579241346186,0.8923694779116466,0.8481619594605143,0.8117948429869322,0.8049599153638475
59,0.0124229849770852,0.016669619405395245,,False,0.9252937041871674,0.9040125305168599,0.8449462186165851,0.8411914186492276,0.8927710843373494,0.8302843109904582,0.8121388999281716,0.8053609779390754
60,0.012335109526404391,0.01659444904764644,,False,0.9258961743146902,0.907957609807709,0.8463694033854163,0.8434573486691773,0.8923694779116466,0.8298256940167249,0.8118013550510251,0.8049457194652753
61,0.012280666921595565,0.016556966002073095,,False,0.9257957626267698,0.9063811255413395,0.8471035531504058,0.8450803078226553,0.8931726907630522,0.8308503372334275,0.8125390731911059,0.8058471301565819
62,0.012172659726038666,0.016471584194165792,,False,0.9263982327542926,0.9113349654385006,0.8493332435151602,0.848820201212997,0.8951807228915662,0.8401242494721515,0.81607675423202,0.8111688070057408
63,0.0121002752906608,0.016425846665883075,,False,0.9275027613214178,0.9133792576985038,0.8507691150702288,0.8506682065259805,0.8947791164658635,0.8232555087346696,0.8140336368246834,0.8073313140333682
64,0.01202254960754056,0.016364604176416706,,False,0.9279044080730997,0.9144042857110202,0.8532114377500429,0.854817301418144,0.8955823293172691,0.8404947158439477,0.8164451917394716,0.8115029409101753
65,0.011953796829506367,0.01627323374519761,,False,0.928808113264384,0.9152257832735476,0.8557492852649511,0.8585394237681064,0.8947791164658635,0.8396515443253878,0.8157448739458173,0.8107096389388135
66,0.01186196420603585,0.016196369199555492,,False,0.9291093483281454,0.9124560581679719,0.8555998576413193,0.8580452930758221,0.8967871485943775,0.8526426617171913,0.8192631248399631,0.8160409203335922
67,0.011787053793081243,0.01615605794131156,,False,0.9296114067677478,0.9113435053347724,0.8564931523619266,0.8591896999673376,0.8971887550200803,0.8419976336151183,0.8179267312448635,0.813011070838738
68,0.011719255975648244,0.01609802889638449,,False,0.9303142885831911,0.9141260273454369,0.860087125366163,0.8646503715019123,0.8963855421686747,0.8522655032058047,0.818921587196545,0.8156356665836568
69,0.011644693556315384,0.016048681281339773,,False,0.930515111959032,0.9147781858046492,0.8606824797226761,0.8655194369344934,0.8979919678714859,0.8461412226628475,0.8203663353858432,0.8171126638937581
70,0.011563416825826118,0.015969711087354614,,False,0.9313184054623959,0.9150979466615359,0.8609903435415183,0.8655850672940855,0.8983935742971888,0.8540557210692066,0.8207134519567294,0.8174488560008489
71,0.01149761743495236,0.015910947163689498,,False,0.9319208755899187,0.9179017044898536,0.8636514591914595,0.8694478179647841,0.8983935742971888,0.8604845888585047,0.8241131326983244,0.8237639971696447
72,0.01142545680284253,0.015871286942821698,,False,0.932623757405362,0.920273284307328,0.868076024179437,0.8756642002404575,0.8991967871485944,0.8604912539397348,0.826537187443536,0.8273723654707207
73,0.011362535194987413,0.015849060696758746,,False,0.9328245807812029,0.9209683219495012,0.867003947681028,0.8741111232627439,0.8991967871485944,0.8605709491126929,0.8265453807191283,0.8274275458177739
74,0.011288798756857392,0.01578627545839172,,False,0.93433075610001,0.9222969591654494,0.8721819560850541,0.8806426263825622,0.8991967871485944,0.8644857289447554,0.8282534631603125,0.8300917187839675
75,0.011208063875191474,0.015728998528005467,,False,0.9336278742845667,0.9234804139709332,0.8702596915228479,0.8784836261998155,0.9012048192771084,0.86998481475564,0.8317824181453878,0.8348211952877593
76,0.011141308371856113,0.015663420253360764,,False,0.9350336379154534,0.9240149821969452,0.8745048637427408,0.8835770277887652,0.8995983935742972,0.86314554816038,0.8319893213561139,0.8354525964469399
77,0.011111305407595296,0.015687765386076746,,False,0.9354352846671352,0.922540589205525,0.8756823949056624,0.8848254751414506,0.9004016064257028,0.861218036757649,0.8293524807484505,0.8311790046228568
78,0.010998603799235136,0.015555456654776393,,False,0.9355356963550557,0.9242586372359359,0.8766352258863795,0.8861001074694906,0.9028112449799197,0.8652903104630673,0.8383191705433993,0.8427544301990991
79,0.010930022261391134,0.015513475579759895,,False,0.9366402249221809,0.9257718860545037,0.8784793823628856,0.8881946292700912,0.9028112449799197,0.865280668892305,0.8383139223694591,0.8427901663319444
80,0.01087361507366074,0.015450708390565726,,False,0.9371422833617833,0.9235710682064404,0.8798054782387176,0.889342131700479,0.9028112449799197,0.867632622521429,0.8399917500751898,0.8450714970148415
81,0.010799733180780674,0.01542159221024824,,False,0.9374435184255447,0.9264598578804897,0.8813270882982523,0.8914348195696677,0.9044176706827309,0.8760240481501784,0.844866653384136,0.8514274879647836
82,0.010736498706399826,0.015383532946038888,,False,0.9380459885530675,0.9278394221745445,0.8835523062216248,0.8940059293625178,0.9048192771084337,0.873650214573384,0.845218912083452,0.8514345269846617
83,0.010677557134472885,0.015314507117100471,,False,0.9388492820564314,0.926726834538155,0.8880791344690707,0.8985405260273736,0.9056224899598394,0.8760664205467905,0.847661461326084,0.8543078887865594
84,0.010620975411521308,0.015274550854687029,,False,0.9389496937443519,0.9277179592597916,0.8864859539190579,0.8970289475099376,0.9048192771084337,0.8770753653299627,0.8486013622177793,0.8556406417766789
85,0.010549373059007765,0.015221061672229407,,False,0.9391505171201928,0.9277709370360198,0.8862627862934143,0.8967125669534857,0.9052208835341365,0.8757250588692408,0.8472816758630903,0.8539351134333508
86,0.010492206566626368,0.015214958599616319,,False,0.9394517521839542,0.9298313381100353,0.8886201112238874,0.8995164190156449,0.9060240963855422,0.876505516906311,0.8480138260709104,0.8546729626214828
87,0.010418342002554835,0.015138466723807377,,False,0.9404558690631589,0.929976062398969,0.8920801232845782,0.9028745206656935,0.906425702811245,0.8767983762133156,0.8484040103187582,0.855041729090228
88,0.01036458182240362,0.015080604751561628,,False,0.9412591625665228,0.9310462334494916,0.893654153789751,0.9044927356433069,0.9060240963855422,0.8795208021618391,0.8514090882424028,0.8587289139433202
89,0.010302590749857139,0.015028577182609647,,False,0.9416608093182046,0.9317588863392936,0.8948562193395073,0.9057277043561915,0.9068273092369478,0.8802671524523878,0.8521393451477027,0.8594708986497372
90,0.010238238784879061,0.014995326972885598,,False,0.9410583391906818,0.9270380923133948,0.8947098261685051,0.9047249309164882,0.9080321285140562,0.8804688301622792,0.854958631218889,0.8621042496742564
91,0.010187228088152051,0.014976056158561466,,False,0.9415603976302842,0.9304139990247801,0.895619193555254,0.9062099022838372,0.9080321285140562,0.885315330615961,0.8549451812868722,0.8629952228021112
92,0.010119392917292656,0.01492707306135467,,False,0.942162867757807,0.9311097574892696,0.8965875956911383,0.9071946733552763,0.908433734939759,0.8831545252156986,0.8553192927720948,0.8629214655679738
93,0.010067469304081771,0.014892323836443093,,False,0.9427653378853299,0.9296197463176382,0.8988098496451852,0.9088176708200044,0.9072289156626506,0.8802099403160227,0.8575819277485758,0.8646084815316539
94,0.010007262317645534,0.014860251101535738,,False,0.9433678080128527,0.9321493542232402,0.8993418044627557,0.9098075428570149,0.908433734939759,0.8844240679093548,0.8569976523271667,0.8648146824196629
95,0.009946818566443163,0.014802783752773756,,False,0.9433678080128527,0.9317588433966412,0.9002102744482501,0.9104780747516025,0.9088353413654618,0.8848999419777633,0.8607631392631205,0.8683298095059775
96,0.009897647385266084,0.014772604940438177,,False,0.9431669846370118,0.9330721336084101,0.8983308324346022,0.9091104559408778,0.9080321285140562,0.8840467073826803,0.856635726883808,0.8644379735316654
97,0.009838151552657435,0.014713724928686259,,False,0.944070689828296,0.9311063557116727,0.9025468380733442,0.9122936785252107,0.9088353413654618,0.8849026529067945,0.8607695452817031,0.8683474605142266
98,0.009785096761261306,0.014685961797253951,,False,0.9451752183954212,0.9335410795940847,0.9039616468024485,0.9139927360654639,0.9100401606425703,0.8881409338240824,0.8652466970625103,0.8729221299212647
99,0.009733706628088142,0.014664135595083876,,False,0.9439702781403755,0.9326042629223146,0.9016049411314006,0.9118455816544897,0.9092369477911647,0.8863666571868533,0.8628406083824441,0.8704570935683942
100,0.009677475058410897,0.014609736366613982,,False,0.9450748067075008,0.9352163673527863,0.9034645434059474,0.9139835272011889,0.908433734939759,0.8856497831293699,0.8621169343854616,0.8697661334360378
101,0.009624906175402953,0.014570333328330982,,False,0.9450748067075008,0.9352227746615674,0.9034480451282989,0.9139746437281837,0.9096385542168675,0.8898539839839457,0.8648527296266884,0.8730739970166579
102,0.009568391731553293,0.014544523509599415,,False,0.9452756300833417,0.9325196964767005,0.9061570724772002,0.9155411009073975,0.9104417670682731,0.8884790929307629,0.8689635373940345,0.8759965556712659
103,0.009514258493915578,0.014517736568374733,,False,0.9458781002108645,0.9343984276157885,0.9092446395672054,0.9184794788288512,0.9112449799196787,0.8901259422011276,0.8714396754545276,0.8783169504906372
104,0.009464954685676197,0.014458007778728263,,False,0.9462797469625465,0.9347724178382791,0.9096152193692352,0.9188550892896336,0.9108433734939759,0.8897470794487816,0.8710732253955561,0.8779441611862482
105,0.009416873840974987,0.014440764996366076,,False,0.9468822170900693,0.9343195068602207,0.9122494551555782,0.9207077509894981,0.9108433734939759,0.890580773199837,0.872759987804518,0.879473236323721
106,0.009369499037557783,0.014396829423787089,,False,0.9472838638417512,0.9350195467741561,0.9122230421829364,0.9208841439442479,0.9120481927710843,0.8916839995859152,0.873902178210785,0.8805663169738683
107,0.009309078468883365,0.014364910519956621,,False,0.9474846872175922,0.935719226901578,0.9140771620412441,0.922465600708158,0.9120481927710843,0.8924300655349899,0.8755798998710053,0.882042688278218
108,0.009285947620876731,0.014379286266309311,,False,0.9470830404659102,0.9354917302313834,0.9120124844728577,0.9208618308480108,0.91285140562249,0.8924511194563949,0.8745399154369343,0.8813011268854404
109,0.00921021024357488,0.014330871862710882,,False,0.9486896274726379,0.9372808578687574,0.9168583085218979,0.9249425066752023,0.9120481927710843,0.8924450653594084,0.8755670878338402,0.8820502157253834
110,0.009158200286297633,0.014288478550025643,,False,0.9491916859122402,0.9380873709880618,0.918590928803877,0.9264137058861253,0.9132530120481928,0.8943111137358684,0.8783857360101748,0.8846229661249143
111,0.009111571915053907,0.014236486374779653,,False,0.9493925092880812,0.9380547352693946,0.9179466477246206,0.9259244476427485,0.9132530120481928,0.8943085909880816,0.8783799559868934,0.884624611544401
112,0.009089905687787003,0.014259941931545093,,False,0.9492920976001606,0.9383726245104762,0.9174095046888995,0.9256825624182893,0.9136546184738956,0.895763382506794,0.8770187738910621,0.8841292907315573
113,0.009026084340385548,0.014202010468883199,,False,0.949994979415604,0.9390759728999117,0.9201631676181675,0.9278119879140773,0.9132530120481928,0.8936438397822476,0.8766394998953752,0.8832069242185246
114,0.008972013492471759,0.014164410810498884,,False,0.9501958027914449,0.9381359823726696,0.9215928397783707,0.9284742104997193,0.91285140562249,0.8940108025532386,0.8779726446645653,0.8842691802218154
115,0.008921940812604326,0.014124998750097812,,False,0.9501958027914449,0.9389368103198255,0.9211786917515289,0.9284724838549264,0.91285140562249,0.893971228625551,0.877986094596582,0.8842541184934041
116,0.008881967040713572,0.014116953792974146,,False,0.9503966261672858,0.9387605154720009,0.9217900454419721,0.9288270120117491,0.9132530120481928,0.8935367488689206,0.876702234326673,0.8831712457349796
117,0.008831309854749472,0.014050863376918365,,False,0.9511999196706497,0.9394695989746216,0.9242318998327091,0.930649779189639,0.9140562248995984,0.895752155517668,0.8808047427729164,0.8867671041592347
118,0.008792619567032239,0.014019663545803949,,False,0.9510995079827292,0.9389502680693229,0.9224492444620689,0.9292908607369014,0.9140562248995984,0.8958099461574608,0.8808047427729164,0.8867815688353914
119,0.008750194260558807,0.014009188523138469,,False,0.9514007430464906,0.9401603028069546,0.9248279665601115,0.9313149551922599,0.9140562248995984,0.8957213113077489,0.8807921796498472,0.8867676001674898
120,0.008703949148427398,0.0139826214238881,,False,0.9521036248619339,0.9406678507942904,0.9267253439140303,0.9327051682138392,0.9156626506024096,0.8985899887573657,0.8856237871567482,0.8909601047149517
121,0.008660940976941537,0.013954960697050843,,False,0.9521036248619339,0.9408276332625197,0.9254759243732025,0.9319643665358969,0.9144578313253012,0.8961540881145112,0.8811331939264085,0.8871158020089954
122,0.008627430874130804,0.013918905834737053,,False,0.9531077417411387,0.9417597243981706,0.9284969665416227,0.9342259677648881,0.9156626506024096,0.8985739568189687,0.8856429195490202,0.8909277301002336
123,0.008565614577901963,0.013892118186684978,,False,0.9528065066773772,0.9429607444951069,0.9265174946315557,0.9334222367548597,0.9152610441767068,0.8971955363874162,0.8784861547253612,0.8855755281536353
124,0.008530109433852535,0.01383859000276259,,False,0.9535093884928205,0.942838452223546,0.9280318553743113,0.9343479104855827,0.9152610441767068,0.8968573791303124,0.8818826807870066,0.8878347253962247
125,0.008480888544888512,0.013833103212436984,,False,0.9533085651169796,0.9426762330059886,0.9278404588480558,0.9341649079210552,0.914859437751004,0.8933678612622958,0.8814848266304234,0.8863592185482603
126,0.008452302603926107,0.01379387837017707,,False,0.953609800180741,0.9426733389078752,0.9289623925090196,0.9348778435752059,0.9152610441767068,0.8969080100264046,0.8818826807870066,0.8878453598794943
127,0.008402472868982611,0.013783319586280018,,False,0.9539110352445025,0.9427951283588565,0.9283671274374589,0.9345582411463214,0.914859437751004,0.8926904020092485,0.8798109916909642,0.8849930472627915
128,0.008361545018414155,0.013740078492009884,,False,0.9542122703082638,0.9428306604198328,0.9295158751696113,0.935269562865439,0.9164658634538153,0.8971826197570726,0.8846616170621425,0.8898049663627232
129,0.008321820376922794,0.013728161304005731,,False,0.9544130936841049,0.9433675720231154,0.9292724209907401,0.9353241817365673,0.9160642570281124,0.8945771278686334,0.8825866672406402,0.887522788352947
130,0.008286259498054581,0.013713419246248283,,False,0.9545135053720253,0.9441395881442863,0.9306165952750756,0.9364741750467663,0.9152610441767068,0.8932320254802243,0.8835399120188421,0.8875970811207352
131,0.008254251363442227,0.013663767988849416,,False,0.9549151521237071,0.944536151391357,0.9310089064751271,0.9368452869084573,0.9156626506024096,0.8949026445639168,0.8838838713970555,0.8884867452518533
132,0.00821092359441988,0.013648338307103677,,False,0.9554172105633095,0.9456339824891093,0.9323006976929604,0.9380888889842152,0.9156626506024096,0.8935210994990991,0.8838838713970555,0.8879602893247788
133,0.008171089536106827,0.013633570268684723,,False,0.9553167988753891,0.9463157079797663,0.931373221827704,0.9377676224093116,0.9164658634538153,0.8949329107219204,0.882924220600271,0.8879018673118905
134,0.008148672795953474,0.013610159918173048,,False,0.9561200923787528,0.9440751026790739,0.9346157337745774,0.9388680727981948,0.9164658634538153,0.8956779868317533,0.8880331450447587,0.8913148285229737
135,0.008088030353181223,0.01358713435669785,,False,0.9558188573149915,0.9465793478522389,0.9335107706233754,0.9392081466232275,0.9164658634538153,0.8942565325724549,0.8846564749337127,0.8886917253993073
136,0.008051935859161872,0.013562833274287325,,False,0.9558188573149915,0.9461367966139481,0.9335102190642596,0.9390326670228902,0.9172690763052209,0.8971203402494545,0.8870613082061105,0.8913453553627474
137,0.00802778055616114,0.013579005365699705,,False,0.9560196806908324,0.9463547410848587,0.9336709883736197,0.939233885685228,0.9172690763052209,0.8964835562582982,0.8853726559116947,0.8900327787851846
138,0.007984879880906655,0.013533637908436133,,False,0.9563209157545939,0.9476168195238266,0.934793719881248,0.9404275919831865,0.9168674698795181,0.8946954422014506,0.8850211292531902,0.8890834553711154
139,0.007948173211551068,0.013493246480932513,,False,0.9568229741941962,0.9473062105794932,0.9357009997723278,0.9408366746524004,0.9172690763052209,0.8971203402494545,0.8870613082061105,0.8913453553627474
140,0.007907726836630623,0.013468405786528704,,False,0.9567225625062757,0.9472000653547755,0.9355865245608008,0.9407338700765246,0.9176706827309237,0.8968585967352948,0.8857519180078313,0.8904041174167077
141,0.007872342312735255,0.013448209658404764,,False,0.9566221508183552,0.9466954561515598,0.935474266021083,0.9404678992483437,0.9176706827309237,0.8968388462745749,0.8857519180078313,0.8903948216451482
142,0.007839382115854065,0.013435327924595567,,False,0.9571242092579576,0.9467975673335035,0.9363593867522442,0.9410399566148515,0.9168674698795181,0.8947046383541506,0.885028067121114,0.8891052644368974
143,0.007816459392424242,0.01344230247734721,,False,0.9578270910734009,0.9476614402679745,0.938259249155541,0.9425261089332425,0.9176706827309237,0.8968529484054284,0.8891478180741755,0.8924554665495611
144,0.007771321877317607,0.013399035685250724,,False,0.9575258560096396,0.9475812551731582,0.9367223202027124,0.9415769881765874,0.9180722891566265,0.8971892268280277,0.8861260294930539,0.8907638474199698
145,0.007743050812652558,0.013382541340423828,,False,0.9579275027613214,0.947360930137472,0.9383513642136835,0.9424513854571135,0.9184738955823293,0.8968689327553557,0.8881754493861859,0.8919008361197179
146,0.007716565670742973,0.013366100651089972,,False,0.9582287378250829,0.9480406098713369,0.9386495153627696,0.9428844062213605,0.9188755020080321,0.8979455166551007,0.8902099458788508,0.8935532136812557
147,0.007670272538068628,0.01335187931275014,,False,0.9578270910734009,0.9476098406546635,0.9378396780276349,0.9422536859716674,0.9184738955823293,0.8975461654697641,0.886486699528744,0.8911494665152387
148,0.007642652134443456,0.01334198159152531,,False,0.9578270910734009,0.9488206401253287,0.9374310509410445,0.9425075976287896,0.9192771084337349,0.899773884349045,0.8872240003474782,0.8924428836937476
149,0.007613208001008728,0.013321305562912888,,False,0.9592328547042875,0.9499223785710483,0.9404117897008629,0.9447200727514612,0.9188755020080321,0.899383715150508,0.8868551370361957,0.8920431260823393
150,0.0075784397081028075,0.013287569782922616,,False,0.9594336780801286,0.9506396883009569,0.9410129706080428,0.9453730766224783,0.9188755020080321,0.8993912133748707,0.8868620749041195,0.8920669316688092
151,0.007550626226220643,0.013281587582863024,,False,0.9596345014559695,0.9516687436226535,0.9416262105011448,0.9461648808997525,0.9188755020080321,0.9016189951112372,0.888564274693578,0.8939374111635239
152,0.007524445938999399,0.0132906010775595,,False,0.959534089768049,0.949680391875896,0.9423469090947884,0.9457461020868981,0.9204819277108434,0.9022424175507516,0.89174422231797,0.8961670984906659
153,0.007492866898272242,0.013252672506448787,,False,0.9596345014559695,0.9513294534538603,0.9420348375877351,0.9462657692099259,0.9192771084337349,0.9026374491799624,0.8906218878623022,0.8956316524899149
154,0.007458503433322938,0.013231656422650633,,False,0.9600361482076514,0.9500813834953115,0.9424013194344015,0.9459382199553912,0.9192771084337349,0.8989575464302337,0.8889196880728439,0.8931993177989881
155,0.007432118414887933,0.013223947337081649,,False,0.9597349131438899,0.9518627922058143,0.9421395822106879,0.9465406770091475,0.9200803212851406,0.9020514183502762,0.8879625565738807,0.8937257583297499
156,0.007394636653382838,0.013187901025587628,,False,0.9606386183351742,0.9511304593566836,0.9433658436134031,0.9469351028901348,0.9196787148594378,0.9016669265141566,0.8875993757228534,0.8933614358899172
157,0.007387968894895541,0.013192749145197736,,False,0.9606386183351742,0.9523103845759608,0.9429628391938976,0.9471903481277791,0.9196787148594378,0.9001292127851899,0.8875999932356705,0.8927917982952247
158,0.007338632189286515,0.013171623803367515,,False,0.9609398533989356,0.9511414311368593,0.9444914918391706,0.9475698565799117,0.9200803212851406,0.9003996245030154,0.89132577675291,0.8952533729854056
159,0.007306056073827807,0.013145771502246759,,False,0.9609398533989356,0.9526219696831194,0.9436576709575895,0.9477415416537741,0.9204819277108434,0.9024176780979213,0.8883232266095709,0.8941157285542095
160,0.007279725938164126,0.01314232034130565,,False,0.9603373832714128,0.9505671768160529,0.9439290340617403,0.9470188869778374,0.9192771084337349,0.9004757445784366,0.8889318741147078,0.8937781705628485
161,0.007265797177628997,0.01314524397731821,,False,0.9603373832714128,0.9505036130949995,0.9434923759733697,0.9467520028243089,0.9204819277108434,0.9022618532366372,0.8917378162993875,0.8961695842365859
162,0.007231979408354715,0.013114083531219636,,False,0.9604377949593332,0.9520707766092978,0.9427671285528096,0.9470076750933365,0.9208835341365462,0.9027977640737327,0.888696180250151,0.8944587111415362
163,0.007196738039048712,0.013080281061588721,,False,0.9611406767747765,0.95321896045997,0.9438572405431667,0.948107438109975,0.9204819277108434,0.9023969125292067,0.8883418186700173,0.8941106743457381
164,0.0071710206734596285,0.013083875669640711,,False,0.9612410884626971,0.9533248033168965,0.9439477396074305,0.9482064738594516,0.921285140562249,0.9031627115996798,0.8890778555985988,0.8948667178339527
165,0.007144636337992608,0.013067930331863351,,False,0.9617431469022995,0.9531219527081117,0.9452350070970326,0.9488569430390533,0.9204819277108434,0.9009109287460524,0.8883469607984471,0.8935710602022231
166,0.007109007530419989,0.0130481971755773,,False,0.9612410884626971,0.9524901218319,0.9439213417807112,0.9478455983604377,0.9200803212851406,0.9020624301882708,0.8879543632982884,0.8937316297829603
167,0.007091441029683923,0.013060038565278374,,False,0.9613415001506175,0.9527380428633558,0.9448330232944835,0.9484827798192382,0.9200803212851406,0.9005786827484271,0.887946693389553,0.8931916071787676
168,0.007058253488978993,0.013022151877629439,,False,0.9612410884626971,0.9529055997105522,0.9439167898659014,0.9480257220376147,0.9204819277108434,0.9008986282098882,0.8883208048747756,0.8935404676595474
169,0.0070310638459724515,0.013011508189763932,,False,0.9615423235264585,0.9524902654048927,0.9450387780025117,0.9484880583382862,0.9208835341365462,0.9028223930130381,0.888696180250151,0.8944765160895778
170,0.007004281892637485,0.013001720959564407,,False,0.9615423235264585,0.9528553142724567,0.9446237760031776,0.9484078848446624,0.9208835341365462,0.9028441561704328,0.8887031181180748,0.8945060068999927
171,0.00698623296245666,0.012990790563601449,,False,0.9621447936539813,0.9531216115080494,0.9460305125068825,0.9493023206393575,0.9208835341365462,0.9019537226125856,0.8904045739671714,0.8952745515506566
172,0.006951523744706438,0.012972047195186586,,False,0.9622452053419018,0.9532030530951991,0.9461111804528275,0.9493894524809112,0.921285140562249,0.9032018321057215,0.8890456367164005,0.894845776183851
173,0.006928973910822742,0.012954876958694227,,False,0.9620443819660609,0.9530163684132587,0.9459235894346851,0.9492111836477081,0.921285140562249,0.9031846435985115,0.889076697753956,0.8948510850565268
174,0.006905723538999348,0.01293621092461613,,False,0.9621447936539813,0.9527233590230512,0.946014292382531,0.9491285198948126,0.9220883534136546,0.9039665589236464,0.8897556118672703,0.8955697482118831
175,0.006877323144285259,0.012929683285418452,,False,0.9621447936539813,0.9527017767802904,0.946013819220293,0.9491201292706894,0.9228915662650602,0.903039746703384,0.8939331031484158,0.8978601913920357
176,0.006849430184651386,0.012902268160046373,,False,0.9623456170298222,0.9528837778372389,0.9462294050466399,0.949314775647863,0.921285140562249,0.9008435343940692,0.8907722794338113,0.8950839331545097
177,0.006826111425509897,0.012889110221730237,,False,0.9621447936539813,0.9526796715487816,0.9460200043427438,0.9491158095873631,0.9224899598393574,0.905603168184284,0.8935533176854222,0.8986203960806799
178,0.006817352985899829,0.012894216687433784,,False,0.9624460287177428,0.9533863208544453,0.9463313354077465,0.9495811989635735,0.9220883534136546,0.9016566751736824,0.8914327931956652,0.8957522563428909
179,0.006775511369472447,0.012863401419884186,,False,0.9624460287177428,0.9529831629820996,0.946325085981707,0.949408695198787,0.9220883534136546,0.9039263885362018,0.8897747357770578,0.8955773438846575
180,0.0067522144966850415,0.01284330524555362,,False,0.9624460287177428,0.9529823796610495,0.9463360300230228,0.9494146945134523,0.9220883534136546,0.9045621534435233,0.8914512995926359,0.8968960453034893
181,0.00673196303354353,0.012857845642603151,,False,0.9625464404056632,0.9530802221516801,0.9464004778446158,0.9495093045354874,0.9236947791164659,0.9060947104156342,0.8929291534730797,0.8983996936834493
182,0.006729961106670274,0.012846160966479215,,False,0.9624460287177428,0.9526065827720078,0.9463139380568091,0.9492355034550474,0.9208835341365462,0.9017581130284729,0.8937138285236065,0.8972256327283239
183,0.006677669110933977,0.012826198264109571,,False,0.9629480871573451,0.9534566584060027,0.9467825501591842,0.9498797349960211,0.9224899598393574,0.9034332502704417,0.8918323489457821,0.8967269906696482
184,0.006654666199509538,0.012813521942300322,,False,0.9630484988452656,0.9535382224735268,0.9468487566751228,0.9499597466103081,0.9244979919678715,0.9074815169195526,0.8953672841456092,0.9004655487374809
185,0.006629961232283244,0.012811785870350888,,False,0.963349733909027,0.9538761140459816,0.9475528068914679,0.9504985363748933,0.9244979919678715,0.9065048470903315,0.8970507858291108,0.9011344257076305
186,0.006608630287288327,0.012798056370601132,,False,0.9637513806607089,0.9543659036519279,0.9487597498221351,0.9513871112263129,0.9236947791164659,0.9036962802169557,0.8979982421015469,0.9004883945619585
187,0.006585697353773987,0.012781792295527715,,False,0.9638517923486294,0.9548751094712696,0.948866169823451,0.9516747196224665,0.9244979919678715,0.905728706021134,0.8987546668300688,0.9018220552579843
188,0.006564034429717063,0.012758245067862353,,False,0.9638517923486294,0.954541404292218,0.9492769503697465,0.9517479172820011,0.9244979919678715,0.9057128475406123,0.8987286050523573,0.901777570908733
189,0.006539255897394725,0.012754878988512356,,False,0.9636509689727885,0.9546350474842248,0.9482485227050351,0.9512290572429445,0.9244979919678715,0.906496925985336,0.8970443798105282,0.9011383380324628
190,0.006517334727891879,0.012743514223551546,,False,0.9640526157244703,0.9550508534117407,0.94906577349705,0.9518666365883993,0.9240963855421687,0.9081824383032259,0.89836017602739,0.902604158335162
191,0.006491332466887692,0.01273077908907074,,False,0.9642534391003112,0.9553317631597097,0.9496560416699658,0.9523151116776608,0.9244979919678715,0.9057144468545312,0.8987291369016985,0.9018006795712777
192,0.006483356341126131,0.012739857244399744,,False,0.9643538507882318,0.9553945696680961,0.9497331138303421,0.9523917028632111,0.9257028112449799,0.9097245708886832,0.8998502159496977,0.9041061611882159
193,0.006457190431680893,0.01270482063361494,,False,0.9641530274123908,0.9556115496631661,0.9495744646846062,0.952387009370256,0.9236947791164659,0.9050005087932913,0.8979746020586309,0.9010371514317149
194,0.0064237681230009495,0.012697128241640303,,False,0.9642534391003112,0.9552590699902228,0.9492352643369547,0.9520482225683877,0.9253012048192771,0.9064817762957712,0.8994646419809386,0.9025336390795986
195,0.006399445690341296,0.012700975228887804,,False,0.9645546741640727,0.9555808546642398,0.9499287129688694,0.9525796104610903,0.9257028112449799,0.9068706784906352,0.8998451594847438,0.9029078971416501
196,0.006380952637087441,0.012674066485854113,,False,0.9643538507882318,0.955401110446267,0.9497529949739758,0.9524007626691896,0.9244979919678715,0.9057199038302828,0.8987164190104934,0.9017802240661393
197,0.0063581750991195726,0.01267579177305906,,False,0.9647554975399136,0.9557733484515675,0.9501068998712291,0.9527589099615389,0.9248995983935743,0.9061166574451937,0.8990969365142986,0.9021599065421504
198,0.006333892073010937,0.012645422138571269,,False,0.9650567326036751,0.9563925200657837,0.9499878874750336,0.952974061184977,0.9240963855421687,0.9053287077469263,0.8983359015066882,0.9014053836993651
199,0.0063309662703180105,0.012676005261558992,,False,0.9650567326036751,0.9567973773800461,0.9499849225755833,0.9531542899119057,0.9261044176706827,0.9100811344940628,0.9002230720272517,0.9044876960927177
200,0.006304300975037771,0.012653469789824236,,False,0.9648559092278342,0.9567570160869757,0.9506350141158093,0.9534878690386601,0.9236947791164659,0.9049614427049502,0.8979490721302604,0.9010132669352604
201,0.0062743756488952305,0.012642619467618077,,False,0.965257555979516,0.9566694649987681,0.950995544030708,0.9536592335742556,0.9261044176706827,0.9086450569860057,0.9002128649513838,0.9038662205890632
202,0.00624497354213959,0.012608455931926563,,False,0.9654583793553569,0.9568392544458411,0.9511844388536252,0.9538373179487599,0.9248995983935743,0.9061222660108896,0.899090530495716,0.9021639464209579
203,0.006228822306784847,0.012611523522071523,,False,0.9655587910432775,0.9570693455445358,0.9521180696331447,0.9544523873651222,0.9248995983935743,0.9060978530171173,0.8991096544055037,0.9021701295849104
204,0.006212319994472564,0.012592755307619415,,False,0.9657596144191184,0.9576045042083832,0.9518903120679045,0.9545610296069628,0.9240963855421687,0.9053245060660325,0.898323183615483,0.9013843076574664
205,0.006184781579485408,0.012581545754237028,,False,0.9660608494828798,0.9583380636681146,0.9525954611139574,0.9552845012729373,0.9244979919678715,0.9057199038302828,0.8987164190104934,0.9017802240661393
206,0.006167567151627306,0.012582749870190238,,False,0.9658600261070388,0.9577540647612511,0.9524016849733642,0.9549221765379414,0.9261044176706827,0.9086390294463497,0.9001930174832685,0.903877955881939
207,0.006140957262314537,0.012570616774115927,,False,0.9659604377949593,0.9578363713979969,0.9525095170849767,0.9550135555699346,0.9257028112449799,0.9082656086804428,0.8998387534661612,0.9034937325524292
208,0.006125018809840068,0.012557081058735731,,False,0.9658600261070388,0.9580891596164682,0.9519992430092247,0.9548445584813552,0.9261044176706827,0.9086022870757906,0.900181554999732,0.9038536682442031
209,0.006103407117766987,0.012539814822407961,,False,0.9657596144191184,0.9576489051920518,0.9523223025595269,0.9548262525776227,0.9269076305220884,0.9108126261176517,0.9009272671548403,0.9052040036707925
210,0.00608661456329846,0.012534960169138031,,False,0.9664624962345617,0.9580248135500349,0.9537997363108643,0.9557947563777732,0.9261044176706827,0.907213335582289,0.9001802995920634,0.903267203732492
211,0.00606054732169237,0.012528500390489469,,False,0.9665629079224822,0.9584339177442538,0.9534791395192553,0.955815041576071,0.9269076305220884,0.9093187749136704,0.9009285225625087,0.9045864766563414
212,0.006047295305075965,0.012513180799078968,,False,0.9664624962345617,0.958419093800817,0.9538124390465256,0.9559839038518887,0.9261044176706827,0.9072228136688744,0.9001802995920634,0.903271151818638
213,0.006021512573950212,0.012508360832193385,,False,0.9667637312983232,0.9586871246124099,0.9540676981092615,0.9562516522427253,0.9265060240963855,0.9089964624041281,0.9005544110772861,0.9042324280850055
214,0.006005361725203981,0.012507008546846013,,False,0.9663620845466412,0.9589933503210573,0.9528676302721037,0.9557377173902736,0.9269076305220884,0.9093092611297343,0.9009285225625087,0.9045782201112402
215,0.005985464301295247,0.012486910919449836,,False,0.9670649663620845,0.9593705654700303,0.9543474536039049,0.9567074504667583,0.9265060240963855,0.9090015481488829,0.9005544110772861,0.9042240583282203
216,0.005964760167885891,0.012485530948030822,,False,0.9668641429862436,0.9591318997406447,0.9537449860731324,0.9562738878393087,0.9273092369477912,0.9097105926929644,0.9012718559454209,0.9049702862334102
217,0.005943339899416913,0.012466922557078944,,False,0.9672657897379255,0.9591300383383435,0.954523250925801,0.956693369754307,0.9261044176706827,0.908591664186413,0.9001802995920634,0.9038406384875675
218,0.005931505409953401,0.012473358103006104,,False,0.9669645546741641,0.9592139366016945,0.9538383567547384,0.9563662465160101,0.9265060240963855,0.9089420128503956,0.9005665971191501,0.9041977210079182
219,0.0059066940391849215,0.012452969688570476,,False,0.967366201425846,0.9596886629711014,0.9550462277372141,0.9572381091750197,0.9269076305220884,0.9093354702799243,0.9009163365206447,0.9045937603134229
220,0.0058873477971324775,0.012444448829581381,,False,0.967366201425846,0.9600850689781747,0.9550526810468357,0.9574239170252545,0.9269076305220884,0.909309050946116,0.9009285225625087,0.9045920752193477
221,0.005873878096539123,0.012453932464615926,,False,0.967366201425846,0.9596383320429676,0.9546305305481732,0.9569839568400837,0.9261044176706827,0.9085913965905011,0.9001668496600467,0.9038631872338568
222,0.0058550675889138025,0.012426485054491525,,False,0.9675670248016869,0.9602524350669314,0.9552237837534556,0.9575893675631545,0.9269076305220884,0.9098933648388429,0.9026229548802056,0.9058116681108166
223,0.00583764855873163,0.012427240912753467,,False,0.9674666131137665,0.9597761218990833,0.955126895683159,0.9573258857477042,0.9273092369477912,0.9096933930877176,0.9013013786400629,0.904978458395387
224,0.005817306228972367,0.012429799626272674,,False,0.9678682598654483,0.9601474680424322,0.9555091718813095,0.9576877177096327,0.9257028112449799,0.9082023936697868,0.8998253120166285,0.9034995779234047
225,0.005798283247043107,0.012420151282483803,,False,0.9676674364896074,0.9599578097512911,0.9553189131294069,0.9575009796799565,0.9273092369477912,0.9102751094591842,0.9029918181914882,0.9062093665020304
226,0.005779417427101129,0.012404065064026672,,False,0.9674666131137665,0.960185735638371,0.9551540598488266,0.9575185442904068,0.927710843373494,0.91008233595686,0.9016633040834213,0.9053483648718914
227,0.005760630672021108,0.01239043495342317,,False,0.9675670248016869,0.9602785455574667,0.9552474305304326,0.9576145266304399,0.927710843373494,0.9106534686167167,0.9033455418767703,0.9065674643459933
228,0.0057443390287014815,0.012387622109482601,,False,0.9674666131137665,0.9601064823538381,0.9547244537190195,0.9572493574827301,0.9269076305220884,0.9093296682805325,0.9009463910646279,0.9046159802048879
229,0.00572649529824234,0.012366791399814586,,False,0.9674666131137665,0.9601826026900988,0.9551523011544814,0.9575197613610941,0.927710843373494,0.9106224828105471,0.9033403997483406,0.9065546762385076
230,0.005712348074551353,0.01236609496246869,,False,0.9677678481775278,0.9604525022341135,0.9554232278523287,0.9577880393010846,0.9273092369477912,0.90968559200032,0.9013083165079865,0.9049860498504495
231,0.005691247419735134,0.012351102932887171,,False,0.9678682598654483,0.9605407548814564,0.9555183572282799,0.9578819764788449,0.9273092369477912,0.9102761771859103,0.903004004233352,0.9062077163861095
232,0.005675534717637348,0.01234205055705727,,False,0.9678682598654483,0.9602290441199945,0.9559452956243268,0.9579630506306367,0.927710843373494,0.9100663332984917,0.9016498541514046,0.9053592980646413
233,0.005661500865844643,0.01233418089899549,,False,0.9675670248016869,0.9602621387287292,0.9552476987176033,0.9576056071078826,0.9273092369477912,0.910253199644165,0.903004004233352,0.9061901835958105
234,0.00564828753858224,0.012325421228120009,,False,0.9683703183050507,0.9607375544601412,0.9568205128508807,0.9586626972187362,0.9269076305220884,0.9099142308617536,0.902597318906325,0.9058293696051051
235,0.005628748523860718,0.012321507989263396,,False,0.9681694949292098,0.9612172300140727,0.9558016944152025,0.9583318458978035,0.9257028112449799,0.9075818757653507,0.8981271049934416,0.9022357534521382
236,0.00560555669703842,0.012312792201360905,,False,0.9682699066171302,0.9605847711120157,0.9563178693113359,0.9583258991759352,0.927710843373494,0.9106669323745259,0.9033455418767703,0.9065767405911911
237,0.005592302351211667,0.012310559016286547,,False,0.9685711416808916,0.9612906406874191,0.9570062518925696,0.9590218132522992,0.9269076305220884,0.9093311217295234,0.9009329411326112,0.9046199557881235
238,0.005578333058420275,0.012318919935675333,,False,0.9681694949292098,0.9612878908195202,0.9562056900986202,0.9586017364006284,0.9269076305220884,0.9093462817415059,0.9009260032646874,0.9046061853051381
239,0.0055568982555130216,0.012301432302284575,,False,0.9686715533688122,0.9610739743311201,0.9575166192504297,0.9591904455596953,0.9273092369477912,0.9102834007755326,0.9029726857992162,0.9062025909533633
240,0.005540113428148928,0.012289507806578776,,False,0.9687719650567326,0.9615663845637518,0.9576100692590381,0.9594755058262082,0.927710843373494,0.9100767088285076,0.9016498541514046,0.9053505872683952
241,0.005524733065326597,0.01227424130273764,,False,0.9688723767446531,0.9616620737354178,0.9576987453253678,0.9595651477725394,0.9273092369477912,0.9097230567458661,0.901287928708046,0.9049811079320657
242,0.005510188679755266,0.012280205004268036,,False,0.9688723767446531,0.9616526548203582,0.957703913102882,0.9595604959566282,0.9269076305220884,0.9092999631514164,0.9009138172228233,0.9045986235043753
243,0.00549337473783341,0.012276498947847079,,False,0.9687719650567326,0.9615730480701647,0.9576100692590381,0.9594767507836544,0.9269076305220884,0.9093176323854499,0.900902886588628,0.9046037474558073
244,0.005475794995810588,0.012260915953973389,,False,0.9687719650567326,0.9619344167604944,0.9576025343008912,0.9596480143508295,0.9269076305220884,0.9093311217295234,0.9009329411326112,0.9046199557881235
245,0.005460777300294256,0.012260168032464942,,False,0.9689727884325735,0.9621167911190392,0.9577910343584484,0.9598304649343097,0.9269076305220884,0.9093311217295234,0.9009329411326112,0.9046199557881235
246,0.005446383592109017,0.012249421892349219,,False,0.9688723767446531,0.9616442339752846,0.957703913102882,0.9595568888524322,0.9265060240963855,0.9089383197228194,0.9005478990131931,0.9042444236749664
247,0.005429967217680042,0.012237315604219463,,False,0.969274023496335,0.9620255103556735,0.958063311983477,0.9599262976542984,0.9273092369477912,0.9096931812280437,0.9012769980738506,0.904976437662091
248,0.005413119062096064,0.012226378000796902,,False,0.9691736118084145,0.9618980538264008,0.9579787789733079,0.9598347427347493,0.9269076305220884,0.9093311217295234,0.9009329411326112,0.9046199557881235
249,0.005400308384946675,0.012230639350746699,,False,0.9691736118084145,0.9622864433909702,0.9579774934412004,0.9600164935783868,0.9265060240963855,0.9089442892676721,0.9005600850550572,0.9042459823217608
250,0.005383012916427317,0.012232654350404864,,False,0.9693744351842555,0.9632830956821186,0.9581488000314022,0.9605675537880026,0.9269076305220884,0.9107710387499033,0.9009341965402798,0.9052082722868501
251,0.0053682625820080845,0.01222630962792888,,False,0.9695752585600964,0.96307928730629,0.9583209843865474,0.9605667976431234,0.9269076305220884,0.9093143662006091,0.9009150726304919,0.904602311279268
252,0.00535277122514885,0.01220896114645925,,False,0.9697760819359373,0.9628696300556394,0.9585086720742352,0.9605674506893234,0.9273092369477912,0.9096931812280437,0.9012769980738506,0.904976437662091
253,0.005335795323263514,0.012192302146018078,,False,0.9693744351842555,0.9624661312018552,0.9581503548421656,0.9601855653403842,0.9265060240963855,0.9089555728869296,0.9005588296473886,0.90424726558184
254,0.005322812609841191,0.012193717109635526,,False,0.9693744351842555,0.9632684580613454,0.9581597440727181,0.9605641697017671,0.9269076305220884,0.9107710387499033,0.9009341965402798,0.9052082722868501
255,0.005307745726560211,0.012192852541633754,,False,0.9697760819359373,0.9628495477329859,0.9585185913941974,0.9605675959064777,0.9269076305220884,0.9123068981911204,0.9009329411326112,0.905827736263041
256,0.005295842782984379,0.012175789310438131,,False,0.9699769053117783,0.9630393709440234,0.9586984435706108,0.9607468868307674,0.9265060240963855,0.9103931259011974,0.9005588296473886,0.9048468048746058
257,0.005277806519175719,0.012170848128969045,,False,0.9698764936238579,0.9633484884118269,0.9586144621195574,0.9608497358589668,0.9269076305220884,0.9107710387499033,0.9009341965402798,0.9052082722868501
258,0.00527553615795554,0.012179595534072227,,False,0.9696756702480168,0.9635381021631739,0.9584348973331065,0.9608480654277369,0.927710843373494,0.9130688079936274,0.9016799086953878,0.9065730342651519
259,0.005254374084095412,0.01217204918588206,,False,0.9704789637513807,0.9635523391119768,0.9595668460182638,0.9614506622656792,0.9265060240963855,0.9103616419916793,0.9005677464813083,0.9048097571800611
260,0.005235875297808559,0.012171458480150308,,False,0.9701777286876192,0.9640318032807321,0.9588831580523066,0.9613099791275358,0.9269076305220884,0.9107379648773427,0.9009150726304919,0.9051747355614705
261,0.0052183454940681094,0.012153536497198176,,False,0.9700773169996988,0.9635269612869372,0.9587918142522168,0.9610264536774564,0.9265060240963855,0.9103957405428272,0.9005600850550572,0.9048362523124818
262,0.005206044884371728,0.012133162917318233,,False,0.9703785520634601,0.9634130782842794,0.9590630102287201,0.9611172291779518,0.9269076305220884,0.9107061689342247,0.9009150726304919,0.9051761957328682
263,0.005193258874713014,0.012124578570512438,,False,0.9704789637513807,0.9635528393215126,0.9595745707667037,0.9614644658199067,0.9273092369477912,0.909624632582174,0.9012700602059268,0.9049330910352642
264,0.0051804276142631035,0.012157394581667492,,False,0.9705793754393012,0.9636420096929736,0.9596596642106296,0.9615501962949846,0.9273092369477912,0.9111606138378944,0.9012904395233831,0.9055542959283405
265,0.005164347034177447,0.0121450468432148,,False,0.9704789637513807,0.9639291070149361,0.9591558293512102,0.9614091404296876,0.9269076305220884,0.9107829717584086,0.9009341965402798,0.9052083954950064
266,0.005150228929980389,0.01211817103533343,,False,0.9705793754393012,0.9644268173276838,0.9592502256842942,0.9616855659273786,0.9273092369477912,0.9110727131606051,0.9012713156135954,0.9055063511988259
267,0.005135068080272749,0.0121219696544014,,False,0.9704789637513807,0.9647239123296456,0.9591563025134481,0.9617749253210083,0.9273092369477912,0.9110973986567991,0.9012713156135954,0.9055236453366189
268,0.0051209159524541956,0.01210347698506563,,False,0.9705793754393012,0.964848968886845,0.9596698106059455,0.9621128851662153,0.9273092369477912,0.912629815546263,0.9013070526178338,0.9061694415409502
269,0.005109146959374148,0.01209226235810107,,False,0.9707801988151421,0.9642469897809716,0.9598518573538812,0.9619325768523252,0.9273092369477912,0.9096745886185289,0.9012961219836383,0.9049702916660559
270,0.005094183668232284,0.012091316026305771,,False,0.9708806105030625,0.9643404324527748,0.9599457805247275,0.9620247248215485,0.9269076305220884,0.9107560958169643,0.9009341965402798,0.9051905204585942
271,0.0050784607465683106,0.012078291574851902,,False,0.970981022190983,0.9648079168999895,0.960039071879331,0.9622956972433718,0.9269076305220884,0.9107560958169643,0.9009341965402798,0.9051905204585942
272,0.005065410574695364,0.012084207394034374,,False,0.9710814338789036,0.9645002946755936,0.960118830785861,0.9621946088977654,0.9269076305220884,0.9107829717584086,0.9009341965402798,0.9052083954950064
273,0.00505403675316383,0.012076456311856679,,False,0.970981022190983,0.9644272409675312,0.9600255394312575,0.9621057301342858,0.9269076305220884,0.9107344309357404,0.9009163280381605,0.9051621248175243
274,0.0050393659932555825,0.012074379335822037,,False,0.971181845566824,0.9654003951217436,0.9602237773250256,0.9626627136074782,0.9269076305220884,0.9122985527555095,0.9009341965402798,0.9058010136438415
275,0.00503179170870465,0.012087315595215954,,False,0.970981022190983,0.964817520894525,0.9600364834725733,0.9622965588869007,0.9273092369477912,0.9127016091597377,0.9013070526178338,0.906200405259941
276,0.005016610376754538,0.012082828778573152,,False,0.9712822572547445,0.9647258532495504,0.9607351792090046,0.9626349026240482,0.927710843373494,0.91209941314536,0.9033646657865579,0.9071817246530741
277,0.004998906075397137,0.01207607750898078,,False,0.9714830806305854,0.9656850632146065,0.9604932607668852,0.9629418793514561,0.9269076305220884,0.9112715949831437,0.90261895363145,0.9063944140807482
278,0.004988025286827116,0.01206619121082849,,False,0.9715834923185058,0.9657673749094605,0.9605839637147309,0.9630301443046341,0.927710843373494,0.913022923096412,0.901687570121639,0.9065604084177132
279,0.0049753026890292295,0.01205722075687391,,False,0.9717843156943469,0.9663921997290813,0.9611893671664341,0.9636451266242632,0.9273092369477912,0.9126362546809079,0.9013070526178338,0.9061693524299665
280,0.004961521752108667,0.012049422718197226,,False,0.9716839040064263,0.9658838530777538,0.961095443995588,0.9633612737493996,0.9293172690763052,0.9150428136688207,0.9048458830209063,0.9092690379463519
281,0.004949344604187888,0.012048212774331608,,False,0.9717843156943469,0.9660088154861026,0.9611888940041964,0.9634665668751583,0.9269076305220884,0.9107915359883386,0.9009341965402798,0.9052088617986366
282,0.004936642559904069,0.012031470491512658,,False,0.9719851390701878,0.9657685883466175,0.9613760301327682,0.9634627035767261,0.9285140562248996,0.9143324769368019,0.9041103779416662,0.9085396107594234
283,0.004923142766796922,0.012015567814582951,,False,0.9719851390701878,0.9657830658834858,0.9613765826220084,0.9634638741252203,0.9281124497991968,0.9123562035163642,0.903727314788244,0.9075055028046629
284,0.004910141164000294,0.012013297485327938,,False,0.9720855507581082,0.9670931001008984,0.9614717903948377,0.9641146581772104,0.9281124497991968,0.9123551509454096,0.903727314788244,0.9075037593160622
285,0.0049010681354296854,0.012014333258339603,,False,0.9720855507581082,0.9662573519334264,0.9614694008143742,0.9637354798763587,0.927710843373494,0.9129991293459612,0.9017014458574866,0.9065748395881408
286,0.004884180667271904,0.011998331953268765,,False,0.9722863741339491,0.9668486192184792,0.9616590058504121,0.9641068839696625,0.9285140562248996,0.9143256845433958,0.9041359078700365,0.9085427465340441
287,0.004873146531508876,0.011981112275832479,,False,0.9720855507581082,0.9662707385859743,0.9614711595087194,0.9637388910029409,0.9289156626506024,0.9131043265396287,0.9044620963091567,0.9082530059962806
288,0.004863761235512445,0.011987235467132207,,False,0.9725876091977106,0.9671262897343337,0.9619287263431544,0.9643795992645692,0.9289156626506024,0.9146727800998461,0.904504771181319,0.9089286079979768
289,0.0048501083762887386,0.011991623660038472,,False,0.9727884325735515,0.9677501236452795,0.9621261746967994,0.964776548309335,0.9289156626506024,0.9146727800998461,0.904504771181319,0.9089286079979768
290,0.004838028410662367,0.01196404925265403,,False,0.9722863741339491,0.9660538758755484,0.9616576409913021,0.96374009343872,0.929718875502008,0.9153531344216659,0.9052147463321886,0.9096392021864249
291,0.004825558932378383,0.011967924104868799,,False,0.9723867858218697,0.9665615780426607,0.9617412738366973,0.9640175069203752,0.9293172690763052,0.913986646865017,0.9065317894742346,0.9098534086284893
292,0.004812047376397076,0.011960806157863253,,False,0.9727884325735515,0.966926325249917,0.962116335633964,0.9643896328157838,0.9293172690763052,0.9149735710152176,0.9048240217525154,0.9092380875068654
293,0.00479981092701576,0.011960124650658764,,False,0.972888844261472,0.9678425306066765,0.9622114650099154,0.9648608696276249,0.9281124497991968,0.9139192658841198,0.9037521211582872,0.9081592783260031
294,0.004788183466371811,0.01196183235398403,,False,0.9725876091977106,0.966741212037214,0.9619284892922716,0.9642060953895084,0.9313253012048193,0.9173369042909862,0.9083730592314558,0.9123230764480142
295,0.004778129222771139,0.01195417427668218,,False,0.9731900793252335,0.9689423894954109,0.9624921295439736,0.9655129855658894,0.929718875502008,0.915895046513219,0.9069352404275973,0.9108758722655106
296,0.004770296262582916,0.011965443652507918,,False,0.9727884325735515,0.9685999579632983,0.9621112690830746,0.9651580295106537,0.9309236947791165,0.9169727127906911,0.9079856038597272,0.911932616642972
297,0.004764054795580532,0.011946068165613099,,False,0.9729892559493926,0.9687484909736549,0.9623157797328372,0.9653329842058765,0.9309236947791165,0.9170015371835569,0.9080366637164676,0.9119733524916912
298,0.0047489664588838045,0.011944736351110746,,False,0.9732904910131539,0.9682043046065433,0.9625775853873029,0.965228043207512,0.9313253012048193,0.9173576611418791,0.9083916512919026,0.9123295551054552
299,0.004729367693795301,0.011919694878508094,,False,0.9733909027010744,0.9691314873960906,0.9626762031734254,0.965698857660585,0.9305220883534137,0.9166150527829342,0.9076452155784671,0.9115885504833058
300,0.004721160669227378,0.011944547467443112,,False,0.9735917260769154,0.9693282105796316,0.9628520004953215,0.9658886720977726,0.929718875502008,0.9154767235867511,0.9052262088157254,0.9096733697127739
301,0.004706929440042624,0.011917424103050965,,False,0.9733909027010744,0.9682996022600165,0.9626709560689088,0.9653202796918487,0.9305220883534137,0.9165996830905914,0.9076528770047181,0.9115912611565311
302,0.004694723103501612,0.011921367359337348,,False,0.9735917260769154,0.9697570530582637,0.9628582499213612,0.9660845415504298,0.9301204819277108,0.9162295538747066,0.9072659534823304,0.9112108261422629
303,0.004689352769256893,0.011917210027017976,,False,0.9737925494527563,0.9687649804847595,0.9638696266810002,0.9661798045129293,0.9301204819277108,0.9147559249010607,0.9072608885348922,0.9105735508245828
304,0.004674124624712128,0.011904746238213398,,False,0.9736921377648359,0.969007305769606,0.9629437057646903,0.965790649070049,0.9305220883534137,0.916588556018791,0.9076464709861356,0.9115891743064723
305,0.004661672587099329,0.011906185513934226,,False,0.9736921377648359,0.9689998499584139,0.9629384586601737,0.9657865588740704,0.9313253012048193,0.9173316006172093,0.9083743146391244,0.912323820808542
306,0.004651015279915563,0.011895491608067455,,False,0.9739933728285972,0.9701672253319686,0.9636383377719636,0.9666982681637398,0.9301204819277108,0.9162208357078482,0.9072659534823304,0.9112129530309022
307,0.004641956506264104,0.011895237543195132,,False,0.9738929611406768,0.9696036597981487,0.9631309996171427,0.9661636457266289,0.929718875502008,0.9158860105201772,0.9069364958352659,0.9108759541338025
308,0.004629872102899528,0.011896113739119432,,False,0.9739933728285972,0.9696991854597035,0.9632201488457102,0.9662523709189969,0.9305220883534137,0.916588556018791,0.9076464709861356,0.9115891743064723
309,0.004619120353299318,0.011884799779075304,,False,0.9741941962044381,0.9694995969870583,0.9638156105776206,0.9664890165958671,0.9309236947791165,0.9169321462712623,0.9080014585615704,0.9119339302359786
310,0.004605373316724548,0.011872640017845517,,False,0.9741941962044381,0.9703265948570472,0.9638203845198993,0.9668686317348695,0.9317269076305221,0.9176877801995728,0.9087471707166785,0.9126836629553586
311,0.004598031750672727,0.011882756304600338,,False,0.9741941962044381,0.9699210423653573,0.9638156105776206,0.9666803851039477,0.9309236947791165,0.9169517631225214,0.9079810707616299,0.9119261038985231
312,0.004585711960771995,0.011853972454205141,,False,0.9743950195802792,0.9705604664720364,0.9644168719032878,0.9673007545264577,0.9321285140562249,0.9180517489537299,0.9091021582921134,0.9130403479503025
313,0.004573804323633257,0.011858122012487657,,False,0.9746962546440405,0.9712304110851674,0.964278795951977,0.967527405313629,0.9317269076305221,0.9176838595156381,0.9087293022145594,0.9126614296668747
314,0.004567094949900795,0.011859313462311569,,False,0.9744954312681996,0.9706036618679903,0.9640900266157638,0.9671471393696857,0.9325301204819277,0.9184366695688261,0.9094941382794554,0.9134266847097869
315,0.004553844248128687,0.011865006669799021,,False,0.974796666331961,0.9709602556235181,0.9652141854258418,0.9679210963034147,0.9321285140562249,0.9180472759417585,0.9091021582921134,0.9130391409956309
316,0.0045487871909509784,0.011874110180874241,,False,0.974796666331961,0.9708771305460852,0.9643659172075433,0.9674183822866448,0.9305220883534137,0.9166098697137244,0.9076145350391828,0.9115548127730092
317,0.004532484872136391,0.011848682621095369,,False,0.9746962546440405,0.9716899754547601,0.9646969848782303,0.9679679203025011,0.9321285140562249,0.9180472759417585,0.9091021582921134,0.9130391409956309
318,0.0045209311830098015,0.011846990325240076,,False,0.9746962546440405,0.9712494349992576,0.9646959032297049,0.9677648141541206,0.9321285140562249,0.918061298367168,0.9091391507040204,0.9130710234257928
319,0.004512376545485135,0.011842666097735082,,False,0.974796666331961,0.971736524445779,0.9643706118228196,0.9678036574361657,0.9325301204819277,0.9184366695688261,0.9094941382794554,0.9134266847097869
320,0.004498262064367585,0.011840677556675864,,False,0.974796666331961,0.9709514595987326,0.9652141854258418,0.9679137460303804,0.9321285140562249,0.918045082280011,0.9091212822019011,0.9130543078861894
321,0.004493007869184697,0.011828008984236266,,False,0.974796666331961,0.970499850723768,0.9647972820316958,0.9674782781151209,0.9325301204819277,0.9184518644914328,0.9094571458675483,0.9134035667070357
322,0.004477903243151163,0.011819245348830684,,False,0.974796666331961,0.9713378530221356,0.9647955233373504,0.967862354140397,0.9329317269076305,0.9187813863370388,0.9098491258548902,0.913781385595851
323,0.004471323081379488,0.011812823361002936,,False,0.9750979013957225,0.97161345144838,0.9650612822576837,0.9681322260872999,0.9325301204819277,0.9184134864967205,0.9094571458675483,0.9133958181436318
324,0.004459511754453117,0.011810131138198168,,False,0.9748970780198816,0.9714705323180818,0.965309314801793,0.9682005471310098,0.9325301204819277,0.9183993552566376,0.9094750143696676,0.913412722819809
325,0.004446806893991348,0.011805116533620074,,False,0.974997489707802,0.971568714831065,0.9653962321737775,0.9682948791961375,0.9333333333333333,0.9191810805170285,0.9102117748565761,0.9141541949106008
326,0.00443697122276117,0.011795527875208324,,False,0.9748970780198816,0.9714793368750129,0.9653028614921715,0.9682027099101828,0.9329317269076305,0.9187857809200328,0.9098542679833199,0.9138033047868603
327,0.004435982746740453,0.01178889258850071,,False,0.974796666331961,0.9713853844113297,0.9652056085651588,0.968111275725236,0.9329317269076305,0.9187862839490327,0.9098351440735323,0.9137849404125339
328,0.004418835260575073,0.011788567312976452,,False,0.974997489707802,0.9715770970834515,0.9653928230906086,0.9682959701956625,0.9337349397590361,0.9195273387283649,0.9105593499198559,0.9145134849472433
329,0.004407710581796432,0.011770373452341326,,False,0.9752987247715634,0.9718595253049624,0.9660811263448399,0.9688002442389791,0.9329317269076305,0.9187649335606685,0.9098238448406158,0.9137680203515364
330,0.004399172868006133,0.0117763413926923,,False,0.9748970780198816,0.9714387585751142,0.9648859580980255,0.9679519439393103,0.9333333333333333,0.9191560057488852,0.910159708506263,0.9141140385472456
331,0.004386060607123544,0.011798859090864781,,False,0.9752987247715634,0.9717989343870982,0.9652357940474724,0.9683105175343686,0.9337349397590361,0.919574825106279,0.9105414814177367,0.9145118302487902
332,0.004376480957943336,0.011781484237895972,,False,0.9754995481474044,0.9720139186711347,0.9658411974991756,0.968740995984969,0.934136546184739,0.9199420272217735,0.9109143374952908,0.9148818087281414
333,0.004365874203280359,0.011767795475341892,,False,0.9753991364594838,0.9719269633195715,0.9657511403226783,0.9686485284876777,0.934136546184739,0.9199238780181219,0.9109143374952908,0.9148711609961298
334,0.0043552040474120444,0.01176070679100902,,False,0.9757003715232453,0.9721965949735879,0.9660202299293024,0.9689219734626404,0.934136546184739,0.9199045282528596,0.9109143374952908,0.9148679149554838
335,0.004344967743676002,0.011752994503948273,,False,0.9755999598353249,0.9721029813835398,0.9659268592476964,0.96882884159572,0.934136546184739,0.919935313446006,0.9109143374952908,0.9148800113125186
336,0.00433994305776447,0.011772943141903995,,False,0.9759011948990862,0.9723911721931859,0.9662043035587542,0.9691095909252376,0.9329317269076305,0.9188867918094582,0.9098027071305523,0.9137939137159738
337,0.004325044321753125,0.011756910544651897,,False,0.9759011948990862,0.9723766423354154,0.9662069712925143,0.9691061096829041,0.934136546184739,0.9199273014903997,0.9109143374952908,0.9148736382527171
338,0.004317042619336782,0.011742156271222878,,False,0.9758007832111658,0.9731441444043993,0.9657037673192129,0.969168479393199,0.9333333333333333,0.9187053205563084,0.908481348951191,0.912938338441834
339,0.004305954484693304,0.011755884194524292,,False,0.9759011948990862,0.9728192334657445,0.9662069722226388,0.9693075454757358,0.9337349397590361,0.9195684661335624,0.9105389621199154,0.9145155502010017
340,0.004296880210693708,0.011740320165790592,,False,0.9761020182749272,0.972966004113067,0.9659728569258371,0.9692433783191886,0.934136546184739,0.919935313446006,0.9109143374952908,0.9148800113125186
341,0.004288432584771948,0.01175281805762713,,False,0.9760016065870067,0.9729051518797172,0.9663003429042448,0.969398356180814,0.9337349397590361,0.9195794801705238,0.9105414814177367,0.9145049949129523
342,0.004275232273737995,0.0117477606753566,,False,0.9760016065870067,0.9724772699193781,0.9662971226812443,0.9692023559685692,0.934136546184739,0.9199490879815231,0.9109143374952908,0.9148774750727606
343,0.00426662181776321,0.011744829189517159,,False,0.9760016065870067,0.9724739601786284,0.9662971226812443,0.9692024240549569,0.934136546184739,0.9199273014903997,0.9109143374952908,0.9148736382527171
344,0.004257638456896142,0.011736109854768834,,False,0.9762024299628477,0.9730776516296746,0.9664848896959344,0.96957942646429,0.9333333333333333,0.9191731484071628,0.9101839745444804,0.9141523877047515
345,0.004247521981512851,0.011730470817657794,,False,0.9763028416507682,0.9732165535130987,0.9669969224660316,0.9699188200949332,0.934136546184739,0.9199538872849836,0.9109212753632145,0.914899864228319
346,0.004238163734436542,0.011730680367753587,,False,0.9762024299628477,0.9726867666561971,0.9669029992951855,0.9696290686162917,0.9337349397590361,0.9195512291851071,0.9105458999878392,0.9145279965225773
347,0.004229101511677918,0.011732289950790021,,False,0.9761020182749272,0.9725669700185233,0.9663857987475741,0.9692947124682776,0.934136546184739,0.920339180658688,0.9125965752886397,0.9160346479651129
348,0.004218497176931874,0.01172146679700462,,False,0.9763028416507682,0.9731899748837337,0.9665783397045428,0.9696797925489553,0.9337349397590361,0.9206456632233243,0.9088567243265664,0.9139273408363877
349,0.004211996323323713,0.011721598224182415,,False,0.9763028416507682,0.9727460525227661,0.9665783397045428,0.9694775129816424,0.934136546184739,0.9214913708599575,0.9109143374952908,0.9155038874048133
350,0.004199419559961207,0.011715727924262481,,False,0.9764032533386886,0.9732761693425955,0.9666717103861487,0.9697701996458427,0.9337349397590361,0.9206685143847824,0.9088432743945497,0.9139399676634518
351,0.004189484000634379,0.011714097507503744,,False,0.9763028416507682,0.9727839112939538,0.9669917546885175,0.9697233733068514,0.9337349397590361,0.9211119180264871,0.9105389621199154,0.9151364778146106
352,0.004181217243157722,0.011716801239722014,,False,0.9765036650266091,0.9733905845485233,0.9671727991149301,0.9700971447283074,0.9337349397590361,0.9211111811751453,0.9105389621199154,0.9151445952242505
353,0.004174071650872924,0.01171770345137781,,False,0.9761020182749272,0.9725276080123721,0.9659676891483229,0.9690457950160768,0.9345381526104418,0.9207401357139882,0.9129585007319984,0.91641472439571
354,0.004162397467339129,0.011701717965880803,,False,0.9764032533386886,0.9728818075152277,0.9670851253701235,0.9698178782238023,0.9345381526104418,0.921831101365801,0.9112762629386495,0.9158700160718438
355,0.004158393120919085,0.011709207264665216,,False,0.9765036650266091,0.9733355892164179,0.9663354749379476,0.969611702024707,0.9337349397590361,0.9206785335919447,0.908845793692371,0.9139242789307027
356,0.004143994567821906,0.011690065700186773,,False,0.97670448840245,0.9735773975034638,0.9673548458628658,0.9702835833700063,0.9345381526104418,0.921831101365801,0.9112762629386495,0.9158700160718438
357,0.004136070330727046,0.01168241170338861,,False,0.97670448840245,0.9731490004421717,0.9673560520679708,0.9700889324550249,0.9349397590361446,0.9226760557919865,0.9133338761073736,0.9174307752277705
358,0.0041303133931505105,0.011700872617908385,,False,0.9766040767145295,0.9734496003600602,0.9668475077080448,0.9699477074885345,0.9349397590361446,0.9226541308679715,0.9133338761073736,0.9174267783449425
359,0.004118807501052021,0.011695978298787631,,False,0.9768049000903705,0.973232893871189,0.9674367200139158,0.9701715366330453,0.9349397590361446,0.9226519240148122,0.9133338761073736,0.9174261394677244
360,0.00410991766292099,0.011699072265699648,,False,0.976905311778291,0.9738002268518309,0.9679587877859139,0.9707130364455744,0.9349397590361446,0.9206283444684331,0.9116516383140247,0.9156047597220613
361,0.0041022839559986335,0.011682467736377792,,False,0.9768049000903705,0.9736370411549835,0.96703648092784,0.9701327663088816,0.9345381526104418,0.921831101365801,0.9112762629386495,0.9158700160718438
362,0.0040952806163423085,0.011666126381473525,,False,0.9768049000903705,0.9736651040714498,0.9674482165444718,0.9703762435202908,0.9345381526104418,0.9207155951810968,0.9129585007319984,0.9163984347585993
363,0.004082959679419055,0.01168287464138396,,False,0.9770057234662115,0.9742934678982519,0.967634048868269,0.9707608868915469,0.934136546184739,0.9214491865989609,0.910900887563274,0.915502012688063
364,0.004075515937165977,0.011684951184517421,,False,0.9770057234662115,0.974270335488161,0.967217145474123,0.9705173143971764,0.9345381526104418,0.9214285143450289,0.9095991672737304,0.9146771197951007
365,0.004065883891404886,0.011675974681259832,,False,0.9770057234662115,0.9742973513362715,0.967634048868269,0.970760460833236,0.9345381526104418,0.9218552331429753,0.9112762629386495,0.9158746518318899
366,0.0040593394286865545,0.011683368517874711,,False,0.9772065468420524,0.9745116930410604,0.9682412110143175,0.971191680476837,0.9349397590361446,0.9221652284138552,0.9116516383140247,0.916245750940084
367,0.004050230448127282,0.01167870144453936,,False,0.9771061351541319,0.9743818769065457,0.9677291782442202,0.9708516981796862,0.9349397590361446,0.9206443322765492,0.9116567804424547,0.9155961858250146
368,0.0040420459707039185,0.011684690607859077,,False,0.9772065468420524,0.9740734282332598,0.9682406585250772,0.9709914599082031,0.9349397590361446,0.9221917600082613,0.9116541576118462,0.9162414797752828
369,0.004033580073578283,0.011676523927225815,,False,0.9772065468420524,0.9745045138824371,0.9682412110143175,0.9711874210957324,0.9353413654618474,0.9225621432037935,0.9120346751156513,0.916616791140659
370,0.004029792279119038,0.011691821436122275,,False,0.9772065468420524,0.9736355192617674,0.9682323822175216,0.9707862333023721,0.9353413654618474,0.9214611869596501,0.9137130261882389,0.9171262056784857
371,0.004019003084195957,0.01167584195568629,,False,0.9773069585299728,0.9745941078791497,0.9683345816959235,0.9712791349695264,0.9349397590361446,0.9221917600082613,0.9116541576118462,0.9162414797752828
372,0.004012368333242662,0.011668898663678475,,False,0.9773069585299728,0.9745833971894804,0.9683345816959235,0.9712768064382197,0.9353413654618474,0.9209615754574391,0.9120270136894002,0.915959465996544
373,0.004001645423348071,0.01167331533511361,,False,0.9773069585299728,0.974593845492937,0.9683345816959235,0.9712788794858818,0.9353413654618474,0.920996015312564,0.9120346751156513,0.9159659644263508
374,0.003995078914140757,0.011661960770667536,,False,0.9773069585299728,0.9745977068670856,0.9683345816959235,0.9712830847020305,0.9357429718875502,0.9229176089841711,0.9124075311932054,0.9169896848796348
375,0.003985139778906204,0.011646505599994654,,False,0.9773069585299728,0.9745901033747626,0.9683345816959235,0.9712789505911285,0.9357429718875502,0.9213514810929416,0.9124075311932054,0.9163388581653267
376,0.003978327659331577,0.011646974054248046,,False,0.9774073702178934,0.974677863725574,0.9684170083362136,0.9713645445761797,0.9349397590361446,0.9206436307395021,0.9116618190380973,0.9155947366429665
377,0.003971106453943745,0.011641366489956432,,False,0.9774073702178934,0.9746837036650694,0.9684279523775294,0.9713702279603653,0.9349397590361446,0.9206443322765492,0.9116567804424547,0.9155961858250146
378,0.003962345824970046,0.011651846388084523,,False,0.9774073702178934,0.9746778626520799,0.9684170083362136,0.9713630799290759,0.9357429718875502,0.9213514810929416,0.9124075311932054,0.9163388581653267
379,0.003956164087270078,0.011655142351808414,,False,0.9774073702178934,0.97423299167431,0.9684164558469733,0.9711635342408138,0.936144578313253,0.9221849435368876,0.9144651443619297,0.9178858574265549
380,0.0039482367965254775,0.01163804172852002,,False,0.9775077819058139,0.9747614319453677,0.9685103790178196,0.9714545259833213,0.9353413654618474,0.9214590945609776,0.9137117707805703,0.9171376523222029
381,0.0039405448478679285,0.01163481371126517,,False,0.9775077819058139,0.9747675923547621,0.9685103790178196,0.971456252545219,0.9349397590361446,0.9206383127048837,0.9116541576118462,0.915600435917302
382,0.003937232114653531,0.011629513334901137,,False,0.9775077819058139,0.9747852271515539,0.9684994349765037,0.9714561525798351,0.9353413654618474,0.9225962171981286,0.9120346751156513,0.9166311267027951
383,0.003930291348348822,0.011620843058006265,,False,0.9775077819058139,0.9747835935215932,0.9685186553253753,0.9714627019942699,0.936144578313253,0.9217194480512951,0.9127694566365641,0.916712060572801
384,0.003920176865696788,0.01163360405568784,,False,0.9774073702178934,0.9746342339303529,0.968004595673762,0.9711166235977539,0.9349397590361446,0.9206254485318589,0.9116727496722926,0.9155930956473473
385,0.003912044191447808,0.011629993789053744,,False,0.9774073702178934,0.9746838634730476,0.9684279523775294,0.9713699888382177,0.9349397590361446,0.9206082928116821,0.9116541576118462,0.9155871373302998
386,0.0039043518388512705,0.011646336261611517,,False,0.9772065468420524,0.9740477453482694,0.967821996436586,0.9707490599468501,0.9349397590361446,0.9206379174371517,0.9116618190380973,0.9155992107122207
387,0.0038975045583670275,0.011624132297165347,,False,0.9774073702178934,0.9746372458623297,0.968004595673762,0.9711185699874599,0.936144578313253,0.9221849435368876,0.9144651443619297,0.9178858574265549
388,0.003892822054089714,0.011631731496531132,,False,0.9776081935937343,0.9744274896837661,0.9686037496994255,0.9713524365000522,0.9353413654618474,0.9210068748796036,0.9120359305233199,0.9159620834905918
389,0.003883620580090999,0.011638604598638788,,False,0.9775077819058139,0.9747392258681339,0.9680917169293283,0.971210227409474,0.9349397590361446,0.9206201235913528,0.9116554130195147,0.9155832064836535
390,0.003876077647799631,0.011640455223729168,,False,0.9775077819058139,0.9747600307647891,0.9680890491955682,0.971217920379131,0.9345381526104418,0.9202877804880522,0.9112864436627218,0.9152366754350546
391,0.0038708136552469134,0.011646183048214546,,False,0.9776081935937343,0.9748469560537032,0.9685928056581097,0.9715390113812052,0.9353413654618474,0.9209627697834168,0.9120282690970688,0.9159469184699671
392,0.003860102832155848,0.01160884615250504,,False,0.9775077819058139,0.9747440939436083,0.9680807728880124,0.9712090079112985,0.9353413654618474,0.9209786760072143,0.9120346751156513,0.915962448695676
393,0.0038524791521817956,0.011617654185758407,,False,0.9778090169695752,0.975027435905209,0.9687639083647296,0.9717147593185954,0.9353413654618474,0.9209786760072143,0.9120346751156513,0.915962448695676
394,0.003846408187240561,0.011621946780080312,,False,0.9778090169695752,0.975015444250858,0.9683425785424782,0.9714734791852133,0.9357429718875502,0.9213651607154003,0.9123966005590101,0.9163391206889224
395,0.0038379121183704065,0.011600980468783342,,False,0.9778090169695752,0.9750586163843497,0.9687659352462457,0.9717270000436371,0.9357429718875502,0.9213321817663179,0.9124087866008739,0.9163222797462303
396,0.0038344861434937852,0.011610395915620615,,False,0.9778090169695752,0.9750160279478514,0.9683425785424782,0.9714754860803387,0.9357429718875502,0.9213341417875921,0.9124075311932054,0.9163353424346519
397,0.0038275141509752373,0.011603500182961171,,False,0.9779094286574957,0.9751161484439161,0.9684377079184294,0.9715712145880477,0.9353413654618474,0.9209786760072143,0.9120346751156513,0.915962448695676
398,0.003819415774085181,0.011609199493644029,,False,0.9778090169695752,0.9750517822866941,0.9687659352462457,0.9717251252945679,0.9357429718875502,0.9213772063937407,0.9123978559666784,0.9163351922672979
399,0.003813510288105167,0.011603074440144483,,False,0.9778090169695752,0.9750091858767667,0.9683343022349225,0.9714675621737966,0.9353413654618474,0.9209789542909625,0.9120468611575152,0.9159529266979016
400,0.003806009330722337,0.011595837397323408,,False,0.9778090169695752,0.9750051469284181,0.9683425785424782,0.9714713540791726,0.9357429718875502,0.9213341417875921,0.9124075311932054,0.9163353424346519
401,0.0038015815622314654,0.011598546466258089,,False,0.9779094286574957,0.9751127221287835,0.9684377079184294,0.9715686959888485,0.9357429718875502,0.9229369272382242,0.9123966005590101,0.9169835552157806
402,0.0037909407842995325,0.011600883190381814,,False,0.9779094286574957,0.9746733888308032,0.9684250051827683,0.9713646556072294,0.9357429718875502,0.9229489729165645,0.9123978559666784,0.9169796267941561
403,0.0037845629038596048,0.011588626022471292,,False,0.9780098403454162,0.9752333060205503,0.9689497406885267,0.9719049623278911,0.936144578313253,0.9232904329973276,0.9127707120442327,0.9173433862663349
404,0.003777979887513345,0.011565993099109398,,False,0.9779094286574957,0.9751237793999223,0.9688546113125754,0.9718068926168208,0.936144578313253,0.9217186664745037,0.9127707120442327,0.9166989517394768
405,0.0037725437299920843,0.011600211756964924,,False,0.9781102520333367,0.9748777789377241,0.9690304086344715,0.9717900126798741,0.936144578313253,0.9221829835156135,0.9144663997695981,0.9178727947381334
406,0.0037649725261820065,0.011580186272418271,,False,0.9779094286574957,0.9751118321012048,0.9688463350050197,0.9717981666288078,0.9353413654618474,0.9209786760072143,0.9120346751156513,0.915962448695676
407,0.0037576520665524,0.011578018667131212,,False,0.9780098403454162,0.9751968032725444,0.9685201345587195,0.9716514671143902,0.9357429718875502,0.9229369272382242,0.9123966005590101,0.9169835552157806
408,0.003751483626789454,0.011577727481374369,,False,0.9780098403454162,0.9751986836928089,0.9685201345587195,0.9716549957004263,0.9357429718875502,0.9229369272382242,0.9123966005590101,0.9169835552157806
409,0.0037475595096930076,0.01157078664453423,,False,0.9781102520333367,0.9753214554178958,0.9690321673288168,0.9719924402190946,0.9357429718875502,0.9229369272382242,0.9123966005590101,0.9169835552157806
410,0.0037381828464682814,0.011579472994923772,,False,0.9781102520333367,0.9753181713918782,0.9690321673288168,0.971990741727977,0.9357429718875502,0.9229369272382242,0.9123966005590101,0.9169835552157806
411,0.003734526213226891,0.011576720721988417,,False,0.9781102520333367,0.9752800841907274,0.9686116681491023,0.9717446961680112,0.936144578313253,0.9232904329973276,0.9127707120442327,0.9173433862663349
412,0.003725223418237648,0.011565582531726336,,False,0.9782106637212572,0.9754071664439251,0.9691255380104228,0.9720823099124711,0.9357429718875502,0.9229369272382242,0.9123966005590101,0.9169835552157806
413,0.003719483064935996,0.011566278018919178,,False,0.9783110754091776,0.975490664072769,0.9692188302951509,0.9721714845980584,0.936144578313253,0.9232904329973276,0.9127707120442327,0.9173433862663349
414,0.003713582736181234,0.01157099634582121,,False,0.9781102520333367,0.9752845478700224,0.9686134268434476,0.9717455426390283,0.9357429718875502,0.9229369272382242,0.9123966005590101,0.9169835552157806
415,0.0037055116046115764,0.011566576418897441,,False,0.9782106637212572,0.9753746303684814,0.9687067975250536,0.971837750714447,0.9357429718875502,0.9229369272382242,0.9123966005590101,0.9169835552157806
416,0.0036995002468205385,0.011559515787206954,,False,0.9783110754091776,0.9754930352641387,0.9692188302951509,0.9721732509903637,0.9353413654618474,0.9225973547794619,0.9120237444814558,0.9166202697464596
417,0.0036954514960471124,0.011562604778791353,,False,0.9783110754091776,0.9750618227699359,0.9692188302951509,0.9719773712428526,0.936144578313253,0.9237581888342267,0.9144663997695981,0.9185308286948379
418,0.0036876273043946564,0.011546076816061386,,False,0.9784114870970981,0.9755929805163177,0.9693122009767569,0.9722666876183185,0.9353413654618474,0.9225973547794619,0.9120237444814558,0.9166202697464596
419,0.003682345637053319,0.011569779517060355,,False,0.9784114870970981,0.9755668379457292,0.9688825948469497,0.9720168130011656,0.9353413654618474,0.9225973547794619,0.9120237444814558,0.9166202697464596
420,0.003675898922640984,0.011560770923489068,,False,0.9785118987850185,0.9756661330557823,0.9689732977947956,0.9721108702705603,0.9353413654618474,0.9225973547794619,0.9120237444814558,0.9166202697464596
421,0.0036683435224482324,0.011567545980438087,,False,0.9785118987850185,0.9756661330557823,0.9689732977947956,0.9721108702705603,0.9353413654618474,0.9225973547794619,0.9120237444814558,0.9166202697464596
422,0.0036642320463162277,0.011553375540078497,,False,0.9785118987850185,0.9756921445429521,0.969394627617047,0.9723569737704967,0.9357429718875502,0.9229489729165645,0.9123978559666784,0.9169796267941561
423,0.0036553062055356216,0.011552268581278363,,False,0.9784114870970981,0.9755734230046992,0.9688825948469497,0.9720209175030151,0.9357429718875502,0.9229369272382242,0.9123966005590101,0.9169835552157806
424,0.0036512368500516553,0.01156171356009912,,False,0.9783110754091776,0.9754674282108488,0.9688001682066596,0.9719302861387793,0.9357429718875502,0.9234046830751232,0.9140922882843755,0.9181709976442833
425,0.0036433259435116484,0.011548776751878544,,False,0.9785118987850185,0.9756700563850159,0.9689732977947956,0.9721127427414353,0.9353413654618474,0.9225973547794619,0.9120237444814558,0.9166202697464596
426,0.0036367392690185214,0.01153961341162736,,False,0.9784114870970981,0.9755694246445076,0.9688825948469497,0.9720209089842585,0.9357429718875502,0.9229369272382242,0.9123966005590101,0.9169835552157806
427,0.0036333431855637937,0.011540100759065515,,False,0.9785118987850185,0.975248644834282,0.969394627617047,0.9721567531908963,0.9357429718875502,0.9218714610474605,0.9140910243942229,0.9175162467223047
428,0.0036258662331641435,0.011533541177565646,,False,0.9785118987850185,0.9756702850658918,0.9689732977947956,0.9721132118551085,0.936144578313253,0.9232884756508357,0.9127515881344448,0.9173375307851356
429,0.003620539120589098,0.01154977256109173,,False,0.9786123104729391,0.9757880439851137,0.9694853305648928,0.972448499380186,0.936144578313253,0.9217186664745037,0.9127707120442327,0.9166989517394768
430,0.0036133661312077975,0.011533683197376883,,False,0.9785118987850185,0.9756661330557823,0.9689732977947956,0.9721108702705603,0.936144578313253,0.9217186664745037,0.9127707120442327,0.9166989517394768
431,0.003607282864362445,0.01154030842539296,,False,0.9785118987850185,0.9752283371167315,0.9689732977947956,0.9719131991631793,0.936144578313253,0.9238083075040672,0.9144651358794454,0.9185357512503006
432,0.0036026393778661172,0.011526221659221764,,False,0.9785118987850185,0.9756700563850159,0.9689732977947956,0.9721127427414353,0.9357429718875502,0.9229489031920737,0.9123787320568907,0.9169742453158148
433,0.0035951313929956205,0.011542141343929967,,False,0.9785118987850185,0.9756825195170679,0.9689732977947956,0.9721177223276342,0.9353413654618474,0.9210322660295139,0.9120224805913032,0.9159706532256008
434,0.003592191875962438,0.011543011490720905,,False,0.9787127221608595,0.9754117551648174,0.9691600391580075,0.9720990668586226,0.9365461847389558,0.9226475891559242,0.9147839118064104,0.9182309012731871
435,0.003582362226085411,0.011529582340054835,,False,0.9786123104729391,0.9757598977065088,0.9690666684764015,0.9722044375220222,0.9365461847389558,0.9220880403462901,0.9130800308054526,0.9170269147268244
436,0.0035772653353257095,0.01152892743835793,,False,0.9786123104729391,0.9757632505497766,0.9690666684764015,0.972206527172881,0.936144578313253,0.9217474981792745,0.9127071747278985,0.9166631422484696
437,0.0035733614499989476,0.01151389470113542,,False,0.9786123104729391,0.9757590897471518,0.9690666684764015,0.9722064796289082,0.9365461847389558,0.922073201285295,0.9131244442119988,0.9170666040449679
438,0.0035663844397729903,0.011523486672401086,,False,0.9786123104729391,0.9757592392446216,0.9690666684764015,0.9722047972630556,0.936144578313253,0.9222195637230237,0.9143964649171659,0.917841436489075
439,0.003558913870999197,0.01151871628627632,,False,0.9786123104729391,0.9757598977065088,0.9690666684764015,0.9722044375220222,0.936144578313253,0.921735452500934,0.91270591932023,0.9166670706700939
440,0.0035545556955423074,0.011517939037731106,,False,0.9786123104729391,0.9757558257517817,0.9690666684764015,0.9722048242590431,0.9353413654618474,0.9210181963108091,0.9119634763730661,0.9159252978303741
441,0.003548237187574391,0.011508221220138042,,False,0.9786123104729391,0.9757598977065088,0.9690666684764015,0.9722044375220222,0.936144578313253,0.921735452500934,0.91270591932023,0.9166670706700939
442,0.0035420970360732374,0.011511692140925968,,False,0.9786123104729391,0.9757723608385608,0.9690666684764015,0.9722094171082212,0.9353413654618474,0.9210458392430524,0.9119711377993173,0.9159350133378656
443,0.003538007050024303,0.011505120513901443,,False,0.9786123104729391,0.9757598977065088,0.9690666684764015,0.9722044375220222,0.936144578313253,0.9217448817160759,0.9127084386180512,0.9166688257364098
444,0.0035302353412614462,0.011513583436186919,,False,0.9787127221608595,0.9758622870015541,0.9691600391580075,0.9723015056948304,0.9357429718875502,0.9214243354233518,0.9123388432659573,0.9162908796553647
445,0.0035260069282005827,0.01151199426864125,,False,0.9786123104729391,0.9757723608385608,0.9690666684764015,0.9722094171082212,0.9357429718875502,0.9213965504177294,0.9123452492845399,0.9162943840534667
446,0.0035186878441066547,0.011505323149196263,,False,0.9786123104729391,0.9757598977065088,0.9690666684764015,0.9722044375220222,0.9357429718875502,0.9213967870045975,0.9123330632426759,0.9163037715328682
447,0.0035138530815482473,0.011508856897463532,,False,0.9786123104729391,0.9757723608385608,0.9690666684764015,0.9722094171082212,0.936144578313253,0.9217474981792745,0.9127071747278985,0.9166631422484696
448,0.0035089490457771797,0.011496816174811826,,False,0.9786123104729391,0.9757723608385608,0.9690666684764015,0.9722094171082212,0.9357429718875502,0.9213765251989189,0.9123279211142461,0.9162952818983418
449,0.003507726860613642,0.01151848284810107,,False,0.9789135455367005,0.9760919573508944,0.970184104698202,0.9729688966882305,0.936144578313253,0.9222801047255437,0.9143964564346815,0.9178425364402063
450,0.003496399119996741,0.011491169307282985,,False,0.9787127221608595,0.9758875547943148,0.9695787012464988,0.9725428635566183,0.9369477911646586,0.9224865591652597,0.9134566615884965,0.9173978546282533
451,0.003492034458375781,0.011494118863799828,,False,0.9787127221608595,0.9758863618799413,0.9695787012464988,0.9725427914784545,0.9357429718875502,0.9213765251989189,0.9123279211142461,0.9162952818983418
452,0.0034874838281206883,0.011507457290015217,,False,0.97881313384878,0.9759731562865959,0.9696720719281048,0.9726341966077534,0.9353413654618474,0.9210732313853174,0.9119634678905819,0.9159284054299969
453,0.0034793174013823414,0.011488286573130776,,False,0.9789135455367005,0.9760664286227883,0.969767201304056,0.972729556740746,0.936144578313253,0.9217810490698477,0.9127168414719411,0.9166651315012708
454,0.003474453891290837,0.011477837332515502,,False,0.9789135455367005,0.9760582124632988,0.969767201304056,0.9727241168700134,0.9369477911646586,0.9224809704493396,0.9134541422906752,0.9173964758925993
455,0.003468291575628514,0.011486162511089614,,False,0.9789135455367005,0.9760672759426056,0.969767201304056,0.9727277278726747,0.9357429718875502,0.9214243354233518,0.9123388432659573,0.9162908796553647
456,0.0034633256815948415,0.011478914557640864,,False,0.9790139572246209,0.9761522552705139,0.9698511827551095,0.9728139268091641,0.9357429718875502,0.9213707841561651,0.9123375878582887,0.9162851418871045
457,0.003459467884722543,0.011465230115284039,,False,0.97881313384878,0.9759806071831681,0.96967383062245,0.9726369720025052,0.936144578313253,0.921735452500934,0.91270591932023,0.9166670706700939
458,0.0034515587010701203,0.01146952184407344,,False,0.9792147806004619,0.9763303996455881,0.9700425403367198,0.9730022493193901,0.936144578313253,0.9217648775903674,0.9127116993435114,0.9166546521337197
459,0.003445477947184236,0.011466464732625144,,False,0.9791143689125414,0.9762555905154326,0.9699491696551138,0.9729145212127663,0.9357429718875502,0.9213707841561651,0.9123375878582887,0.9162851418871045
460,0.003440596598984223,0.011482072168782064,,False,0.9794156039763029,0.9765255229295361,0.9702292816999317,0.9731912289706026,0.9353413654618474,0.9210644590331961,0.9119609485927604,0.9159290250979301
461,0.0034342746635915643,0.011465025155329026,,False,0.9792147806004619,0.976341789497927,0.9700425403367198,0.9730052341269276,0.9357429718875502,0.9214137735523331,0.9123363239681359,0.9162921779083519
462,0.0034302725904263188,0.011451367226246343,,False,0.9793151922883824,0.9764402245702565,0.9701265217877731,0.9730964211141191,0.9365461847389558,0.9220667937570597,0.9130748886770229,0.9170184742290571
463,0.003426160563139872,0.011476149245094467,,False,0.9794156039763029,0.9765299859472043,0.9702198924693791,0.9731885840826104,0.9349397590361446,0.9207310387433423,0.9116312420316,0.9155933215513485
464,0.0034181285219614587,0.011454290288380641,,False,0.9792147806004619,0.9763423868292929,0.9700425403367198,0.9730052702215125,0.936144578313253,0.9217648775903674,0.9127116993435114,0.9166546521337197
465,0.003413303315106062,0.011467516173308425,,False,0.9794156039763029,0.9765313245287859,0.9702199708662571,0.9731883097373301,0.9353413654618474,0.9210751553726515,0.9119634678905819,0.9159283708796537
466,0.0034081437217313815,0.011463947166516985,,False,0.9796164273521438,0.9767102046380357,0.9704066338325911,0.9733737810801952,0.9353413654618474,0.9210751553726515,0.9119634678905819,0.9159283708796537
467,0.0034024929707385265,0.011441903590273271,,False,0.9793151922883824,0.9764399293187207,0.9701265217877731,0.9730964620696704,0.936144578313253,0.9217648775903674,0.9127116993435114,0.9166546521337197
468,0.0033968111384904613,0.01144774638888325,,False,0.9795160156642233,0.976622980045351,0.9703132631509851,0.9732830428822901,0.9353413654618474,0.9210751553726515,0.9119634678905819,0.9159283708796537
469,0.003395179257206971,0.011459939139198795,,False,0.9794156039763029,0.9765343798656778,0.9702245870846554,0.9731945929517543,0.936144578313253,0.9217634338814822,0.9126982494114946,0.9166604232788205
470,0.0033862358297160216,0.011431480646308181,,False,0.9795160156642233,0.976623729484398,0.9703132631509851,0.9732831175818772,0.9365461847389558,0.9221464947359005,0.9130870747188867,0.9170272831334818
471,0.0033813810003752174,0.011447683215862887,,False,0.9796164273521438,0.9767109540770829,0.9704066338325911,0.9733738557797823,0.936144578313253,0.921797447835319,0.9127116993435114,0.9166654151830065
472,0.003376065693590557,0.011443370242746354,,False,0.9796164273521438,0.9767102046380357,0.9704066338325911,0.9733737810801952,0.9353413654618474,0.9210751553726515,0.9119634678905819,0.9159283708796537
473,0.0033705186695496257,0.011442504108889438,,False,0.9796164273521438,0.9767062615219813,0.9704066338325911,0.9733737702530438,0.9349397590361446,0.9207310387433423,0.9116312420316,0.9155933215513485
474,0.003367405209737392,0.011439709022040893,,False,0.9796164273521438,0.9771417438589375,0.9704066338325911,0.9735701635480429,0.9365461847389558,0.9236987041538318,0.9130922168473165,0.9176742067221915
475,0.0033603532106108542,0.011421740389428852,,False,0.9796164273521438,0.9767062615219813,0.9704066338325911,0.9733737702530438,0.9357429718875502,0.9214156975396671,0.9123363239681359,0.9162921433580087
476,0.0033564171144186486,0.011434581770895246,,False,0.9797168390400642,0.9768059854261456,0.9704953098989209,0.973465747660826,0.9345381526104418,0.9203895786625793,0.911258385954046,0.9152295620791696
477,0.0033508369583825654,0.01143048617465676,,False,0.9796164273521438,0.9767068606079756,0.9704066338325911,0.9733738064588763,0.9353413654618474,0.9210822772498134,0.9120066174069754,0.9159564398114272
478,0.003345282311635253,0.011430183934279931,,False,0.9796164273521438,0.9767097576597226,0.9704066338325911,0.973373783479365,0.9353413654618474,0.9210822772498134,0.9120066174069754,0.9159564398114272
479,0.003340061906508495,0.0114269964838488,,False,0.9796164273521438,0.9767102046380357,0.9704066338325911,0.9733737810801952,0.9353413654618474,0.9210751553726515,0.9119634678905819,0.9159283708796537
480,0.0033351660731343086,0.01142231598231572,,False,0.9797168390400642,0.9768027892313774,0.9704953098989209,0.9734643713440969,0.936144578313253,0.9218072502391047,0.9127369803577857,0.9166736325312432
481,0.0033322388453090775,0.011434806680499704,,False,0.9796164273521438,0.9767093532887713,0.9704066338325911,0.9733747273690057,0.9353413654618474,0.9210822772498134,0.9120066174069754,0.9159564398114272
482,0.0033267199798215318,0.011429318172691093,,False,0.9796164273521438,0.9767096271801119,0.9704066338325911,0.9733742158487969,0.9349397590361446,0.9207408171690504,0.9116337613294214,0.9155926803392482
483,0.0033207349044385467,0.011411123617884088,,False,0.9797168390400642,0.9768027892313774,0.9704953098989209,0.9734643713440969,0.9353413654618474,0.9210822772498134,0.9120066174069754,0.9159564398114272
484,0.003318306936610656,0.01141845389832159,,False,0.9796164273521438,0.9767120046929647,0.9704066338325911,0.9733733729216252,0.936144578313253,0.9233795560971123,0.9127573681577261,0.9173387849908266
485,0.0033120426015588417,0.011402564691573549,,False,0.9797168390400642,0.9768008084498976,0.9704953098989209,0.9734646139624537,0.9353413654618474,0.9210822772498134,0.9120066174069754,0.9159564398114272
486,0.0033079470547899845,0.011410885605565677,,False,0.9796164273521438,0.9767081878833805,0.9704066338325911,0.9733736386643079,0.9357429718875502,0.9214640275454653,0.9123819927823509,0.916329711636425
487,0.0033020998873603837,0.011399263552310406,,False,0.9797168390400642,0.976809182428506,0.9704953098989209,0.9734676731520552,0.9353413654618474,0.9210751553726515,0.9119634678905819,0.9159283708796537
488,0.0032973299824566194,0.011406348552316323,,False,0.9797168390400642,0.9768020585498525,0.9704953098989209,0.9734647678551034,0.9357429718875502,0.9214254999434528,0.9123616049824103,0.9163003607062454
489,0.0032925572388214273,0.011396170593449566,,False,0.9797168390400642,0.9767988461153229,0.9704953098989209,0.9734643605169455,0.9357429718875502,0.9214254999434528,0.9123616049824103,0.9163003607062454
490,0.0032871714848378038,0.011400180162681217,,False,0.9797168390400642,0.9768061646719125,0.9704953098989209,0.973464817791558,0.9353413654618474,0.9211225674647022,0.9120091367047967,0.915965952164246
491,0.0032831446236738027,0.011396189209231654,,False,0.9796164273521438,0.9767026457221929,0.9704066338325911,0.973371929147205,0.936144578313253,0.9233323957252522,0.9127116993435114,0.9173011920774743
492,0.003279202231062238,0.01139223071232699,,False,0.9797168390400642,0.9768017460607132,0.9704953098989209,0.9734657777750595,0.9357429718875502,0.9214228917144666,0.9123253933339406,0.9162966508004655
493,0.003273856482069129,0.011382135882992465,,False,0.9797168390400642,0.9767988461153229,0.9704953098989209,0.9734643605169455,0.9357429718875502,0.9214640275454653,0.9123819927823509,0.916329711636425
494,0.0032693934328212183,0.011391259444678012,,False,0.9797168390400642,0.9767993128333207,0.9704953098989209,0.9734635041446942,0.936144578313253,0.9233323957252522,0.9127116993435114,0.9173011920774743
495,0.0032656926880010066,0.01137855363616165,,False,0.9798172507279848,0.9768907550337447,0.9705886805805268,0.9735545620368252,0.936144578313253,0.9218072502391047,0.9127369803577857,0.9166736325312432
496,0.0032608184821872137,0.011375681018099205,,False,0.9797168390400642,0.9768027892313774,0.9704953098989209,0.9734643713440969,0.936144578313253,0.9218072502391047,0.9127369803577857,0.9166736325312432
497,0.0032565636931124226,0.011382851641875231,,False,0.9798172507279848,0.9768877161144993,0.9705886805805268,0.9735537650597477,0.9365461847389558,0.9237227787907517,0.913112355733161,0.9176827058856448
498,0.003250866951821714,0.011380235862141893,,False,0.9798172507279848,0.9773353749226241,0.9705886805805268,0.9737542269807284,0.9365461847389558,0.92374554797958,0.913112355733161,0.9176821340926398
499,0.003247156620965778,0.01138558490498998,,False,0.9798172507279848,0.9768901562344383,0.9705886805805268,0.9735556461973416,0.936144578313253,0.9233794142342199,0.912739499655607,0.9173184702976681
500,0.0032428202021209003,0.011368271715597122,,False,0.9798172507279848,0.9768882191316534,0.9705886805805268,0.9735533312966561,0.9365461847389558,0.9237227787907517,0.913112355733161,0.9176827058856448
501,0.0032380230771064267,0.011367575657508068,,False,0.9798172507279848,0.9773233210037139,0.9705886805805268,0.9737517778744562,0.9365461847389558,0.923712976386966,0.9130870747188867,0.9176744885374082
502,0.003233046953694485,0.011380816331247094,,False,0.9799176624159052,0.977008920679816,0.9711007133506241,0.973888150515637,0.9365461847389558,0.9237227787907517,0.913112355733161,0.9176827058856448
503,0.0032293373387008197,0.011377490601834283,,False,0.9800180741038257,0.977096798498394,0.9711940840322301,0.973979921068255,0.9365461847389558,0.9237227787907517,0.913112355733161,0.9176827058856448
504,0.0032254018201557655,0.011375903213013027,,False,0.9799176624159052,0.9770082620662749,0.9711007133506241,0.9738885462879799,0.9353413654618474,0.9210742614369818,0.9119862296070349,0.9159372424461668
505,0.0032217631186264965,0.011377339805662606,,False,0.9799176624159052,0.9770099238630946,0.9711007133506241,0.9738876135654997,0.936144578313253,0.921830019427933,0.9127369803577857,0.916673060738238
506,0.0032180887699392023,0.011383080717766687,,False,0.9800180741038257,0.9770901967214406,0.9711940840322301,0.9739776325957696,0.9369477911646586,0.9240996811777298,0.9134490001622453,0.9180518638997643
507,0.0032126141928018703,0.011364820064055117,,False,0.9800180741038257,0.9770979855159726,0.9711940840322301,0.9739784832699068,0.936144578313253,0.9218072502391047,0.9127369803577857,0.9166736325312432
508,0.003208503563789562,0.011372080788920078,,False,0.9800180741038257,0.9770983094988398,0.9711940840322301,0.9739807568642923,0.936144578313253,0.923342198129038,0.9127369803577855,0.917309409425711
509,0.003203738107722828,0.011376447259254081,,False,0.9800180741038257,0.9770967802180469,0.9711940840322301,0.9739794906921142,0.9369477911646586,0.9241348096834697,0.9134742811765197,0.918060113292463
510,0.003198393588330231,0.011359823308930475,,False,0.9800180741038257,0.9770976578814565,0.9711940840322301,0.9739790552025396,0.9365461847389558,0.92374554797958,0.913112355733161,0.9176821340926398
511,0.0031937087008301604,0.011363152731763021,,False,0.9800180741038257,0.9770976578814565,0.9711940840322301,0.9739790552025396,0.9369477911646586,0.9241348096834697,0.9134742811765197,0.918060113292463
512,0.0031901921483115645,0.011349040362642329,,False,0.9800180741038257,0.977090160769131,0.9711940840322301,0.9739767714656067,0.9365461847389558,0.9237227787907517,0.913112355733161,0.9176827058856448
513,0.0031862222893524876,0.011351382218721904,,False,0.9800180741038257,0.9770975385376595,0.9711940840322301,0.9739784856690766,0.9365461847389558,0.9237673170814501,0.9131445746153593,0.9177199876204684
514,0.0031829423029893287,0.01134857387789053,,False,0.9800180741038257,0.9779673383425516,0.9711940840322301,0.9743735820451404,0.9365461847389558,0.92374554797958,0.913112355733161,0.9176821340926398
515,0.0031773168847982953,0.01135074164874798,,False,0.9800180741038257,0.977090160769131,0.9711940840322301,0.9739767714656067,0.9369477911646586,0.9241094835815156,0.9134742811765197,0.9180600812480011
516,0.003172845377245366,0.011349584797630327,,False,0.9800180741038257,0.9770984073205037,0.9711940840322301,0.9739791299021268,0.9369477911646586,0.9241263474914648,0.9134311316601261,0.9180315149241319
517,0.0031699433001049337,0.01134712771528254,,False,0.9800180741038257,0.9770975385376595,0.9711940840322301,0.9739784856690766,0.936144578313253,0.9233888097908882,0.9127895870399243,0.9173667193269098
518,0.003165131191565075,0.011339682893240714,,False,0.9801184857917462,0.9772061042790062,0.9717061168023273,0.9743077893845764,0.9373493975903614,0.9244794308818375,0.9138362066198782,0.9184272212553363
519,0.00316093215305312,0.011348620651454484,,False,0.9801184857917462,0.9772131544130187,0.9717061168023273,0.9743100755206792,0.936144578313253,0.9218731189195714,0.9127285690214116,0.9166773652726553
520,0.0031564730463736704,0.011362008426218482,,False,0.9801184857917462,0.9772130199773,0.9717061168023273,0.974310467669699,0.936144578313253,0.921866454771255,0.912739499655607,0.9166722785410764
521,0.00315261460230615,0.011344090390162133,,False,0.9801184857917462,0.9772073006963665,0.9717061168023273,0.9743078616849937,0.9369477911646586,0.9241186199345953,0.9134420622943217,0.9180257407409884
522,0.0031467599771771598,0.011344815114212039,,False,0.9801184857917462,0.9772065512573194,0.9717061168023273,0.9743077869854067,0.9365461847389558,0.9222055973621196,0.9130582755825721,0.917013094856099
523,0.0031434127671972957,0.011339832506103308,,False,0.9802188974796666,0.9773060039204098,0.9717994090870553,0.9744048395964958,0.9369477911646586,0.9241348096834697,0.9134742811765197,0.918060113292463
524,0.0031390159503834566,0.011348865384228326,,False,0.9803193091675871,0.9773974343491203,0.9718927013717834,0.9744990935435194,0.9365461847389558,0.9222141939501076,0.9131014250989655,0.9170423930143612
525,0.003134571759004258,0.011347849909993069,,False,0.9803193091675871,0.9773974343491203,0.9718927013717834,0.9744990935435194,0.9365461847389558,0.9222141939501076,0.9131014250989655,0.9170423930143612
526,0.0031310801776856653,0.011336702778524143,,False,0.9803193091675871,0.9774044059172731,0.9718927013717834,0.974502655761027,0.936144578313253,0.9218731189195714,0.9127285690214116,0.9166773652726553
527,0.0031268634450587413,0.011346917412693924,,False,0.9803193091675871,0.9774042714815542,0.9718927013717834,0.9745030479100468,0.9357429718875502,0.9215253797407189,0.9123666435780527,0.9163072507993706
528,0.0031223246788298804,0.011332230496339834,,False,0.9804197208555075,0.9774746101886603,0.9719860720533894,0.974586032003462,0.9369477911646586,0.9225457433800854,0.9134311316601261,0.9173781349361716
529,0.0031198418926475673,0.01131430878503992,,False,0.9804197208555075,0.9774805278378875,0.9719834043196293,0.9745864637572689,0.9369477911646586,0.9225144712949567,0.91343806952805,0.917391830910512
530,0.003117494915675944,0.011313662820402517,,False,0.9805201325434281,0.978010386465586,0.9720658309599194,0.9748738381258009,0.9369477911646586,0.9225144712949567,0.91343806952805,0.917391830910512
531,0.0031105794654166332,0.011319396720171461,,False,0.9804197208555075,0.977914463154078,0.9719751280120735,0.974782239944437,0.9365461847389558,0.9222141939501076,0.9131014250989655,0.9170423930143612
532,0.0031063048446107527,0.011329653395925931,,False,0.9804197208555075,0.9774870221742904,0.9719834043196293,0.97458854015226,0.9357429718875502,0.921492157051677,0.9123735814459768,0.9163235282952154
533,0.0031027078637965084,0.011336684051322501,,False,0.9805201325434281,0.9775674449245394,0.9720767750012352,0.9746766484499931,0.9369477911646586,0.9225522353783924,0.9134202010259307,0.9173807287635858
534,0.003098950526121391,0.01132619851373687,,False,0.9806205442313485,0.9780942094537914,0.9721592016415254,0.9749635575655472,0.9365461847389558,0.9222141939501076,0.9131014250989655,0.9170423930143612
535,0.0030958363733832113,0.011325267099566896,,False,0.9805201325434281,0.9779999177598473,0.9720658309599194,0.9748707759278764,0.9365461847389558,0.9221743252769907,0.913065213450496,0.9170267908304397
536,0.003090585136104387,0.011324796738838227,,False,0.980720955919269,0.978182227082585,0.9722525723231313,0.9750539161138599,0.9365461847389558,0.9222141939501076,0.9131014250989655,0.9170423930143612
537,0.003087817627361644,0.011317158906101481,,False,0.980720955919269,0.9781854812479962,0.9722525723231313,0.9750558438791584,0.9365461847389558,0.9222141939501076,0.9131014250989655,0.9170423930143612
538,0.003082860283043311,0.011307727573664226,,False,0.980720955919269,0.9781857840537618,0.9722525723231313,0.9750546858474107,0.9369477911646586,0.9225144712949567,0.91343806952805,0.917391830910512
539,0.003080098467821058,0.01131236065194125,,False,0.980720955919269,0.978186015181605,0.9722525723231313,0.9750554722530169,0.9365461847389558,0.9221799510106666,0.9131083629668895,0.9170555883323392
540,0.003075226597566383,0.011318899163223985,,False,0.980720955919269,0.9781892304899118,0.9722525723231313,0.9750567587989514,0.9357429718875502,0.9215213206359658,0.9123666435780527,0.9163067246211855
541,0.003071218898559423,0.011306581865169526,,False,0.9808213676071895,0.9791638111960607,0.9723464954939777,0.9755494518788803,0.9365461847389558,0.9221743252769907,0.913065213450496,0.9170267908304397
542,0.003067593718645543,0.011315160528501745,,False,0.980720955919269,0.9781926047719183,0.9722525723231313,0.9750592149052603,0.9365461847389558,0.9222141939501076,0.9131014250989655,0.9170423930143612
543,0.003063626897697032,0.011309114099865717,,False,0.9808213676071895,0.9791588032913485,0.9723464954939777,0.9755469119537837,0.9369477911646586,0.9225391222834052,0.9134271388938546,0.9174033503851131
544,0.0030608127712527153,0.011307463188479217,,False,0.980720955919269,0.9781945861517514,0.9722525723231313,0.9750597326823282,0.9369477911646586,0.9225391222834052,0.9134271388938546,0.9174033503851131
545,0.0030559549095864227,0.011317125693890286,,False,0.9808213676071895,0.9787283734140961,0.9723464954939777,0.9753546552802439,0.9369477911646586,0.922540727401888,0.9134311316601261,0.9173757994937642
546,0.0030510903993482465,0.011312747250484255,,False,0.9808213676071895,0.9787283734140961,0.9723464954939777,0.9753546552802439,0.936144578313253,0.9218255773415307,0.9127032880071373,0.9166592318417971
547,0.0030510760251709367,0.011300744564903714,,False,0.980720955919269,0.9786411501842038,0.9722531248123717,0.9752626860512547,0.936144578313253,0.9218453694005431,0.9127464375235308,0.9166958625408126
548,0.0030443793112157956,0.01131315894652541,,False,0.9808213676071895,0.9787243956482737,0.9723464954939777,0.9753523369909443,0.9365461847389558,0.9221981792777937,0.9131083629668895,0.9170657822601134
549,0.003041161442857894,0.011305620659650044,,False,0.9808213676071895,0.9787246018170634,0.9723464954939777,0.975351866297522,0.9365461847389558,0.9221778606778267,0.9130761440846913,0.9170315784257609
550,0.003036531705653729,0.011297940906009673,,False,0.9808213676071895,0.9787210491873162,0.9723464954939777,0.9753499802623418,0.9373493975903614,0.9228792683013712,0.9137999949714087,0.9177683904651857
551,0.003032099622703693,0.011303586735390806,,False,0.9808213676071895,0.9787283734140961,0.9723464954939777,0.9753546552802439,0.9365461847389558,0.9221920883289965,0.9131083629668895,0.9170628948362306
552,0.003030345725483346,0.011317915053190988,,False,0.9810221909830305,0.9789100202521431,0.9725332368571896,0.97553825344639,0.936144578313253,0.9218494285052962,0.9127464375235308,0.9166963887189977
553,0.0030246376478809483,0.011304500522865416,,False,0.9810221909830305,0.9789097460023373,0.9725332368571896,0.9755376087860088,0.9357429718875502,0.9214964668905379,0.912384512080172,0.9163257989866876
554,0.003021353618656068,0.011300759554353406,,False,0.9810221909830305,0.9789100202521431,0.9725332368571896,0.97553825344639,0.936144578313253,0.921878592089585,0.912739499655607,0.9166795850449678
555,0.0030175253495469618,0.01130340420196021,,False,0.9810221909830305,0.9789100202521431,0.9725332368571896,0.97553825344639,0.936144578313253,0.921878592089585,0.912739499655607,0.9166795850449678
556,0.0030140250463517055,0.011291853413379505,,False,0.9810221909830305,0.9793430603090053,0.9725332368571896,0.9757356411110292,0.9357429718875502,0.9214964668905379,0.912384512080172,0.9163257989866876
557,0.0030100401118350667,0.011292824185613146,,False,0.9811226026709509,0.9790013196725743,0.9726270807010334,0.9756301795304461,0.936144578313253,0.9218433375564992,0.9127464375235308,0.9166935012951148
558,0.003007128063232809,0.011295694937487742,,False,0.9811226026709509,0.9790013196725743,0.9726270807010334,0.9756301795304461,0.936144578313253,0.9218433375564992,0.9127464375235308,0.9166935012951148
559,0.0030037273723945547,0.011286267541137521,,False,0.9811226026709509,0.9789959302486653,0.9726239398050355,0.9756272125272224,0.9365461847389558,0.9221864625953207,0.913065213450496,0.917034097334331
560,0.003000288260885485,0.011296051467733074,,False,0.9811226026709509,0.9790025256123968,0.9726239398050355,0.9756293359788017,0.9365461847389558,0.9221920883289965,0.9131083629668895,0.9170628948362306
561,0.0029962563235684894,0.011280933531745443,,False,0.9810221909830305,0.9789030484727319,0.9725305691234295,0.9755358781892777,0.936144578313253,0.9218453694005431,0.9127464375235308,0.9166958625408126
562,0.002992824641516786,0.011284839118605845,,False,0.9811226026709509,0.9790024004970108,0.9726239398050355,0.9756293961895225,0.9365461847389558,0.9221920883289965,0.9131083629668895,0.9170628948362306
563,0.0029893199573204727,0.011279049504838616,,False,0.9811226026709509,0.9789959302486653,0.9726239398050355,0.9756272125272224,0.9369477911646586,0.9225266086132867,0.91343806952805,0.9173991374144035
564,0.0029859968754005666,0.011289180118764397,,False,0.9811226026709509,0.9790025230382869,0.9726239398050355,0.9756300026837555,0.9365461847389558,0.9221864625953207,0.913065213450496,0.917034097334331
565,0.0029844527943444056,0.011296723224296337,,False,0.9811226026709509,0.9790015008172384,0.9726270807010334,0.9756303181250748,0.936144578313253,0.9218377118228231,0.9127032880071373,0.9166647037932153
566,0.0029794907184231595,0.01128162791226715,,False,0.9811226026709509,0.9794373817007056,0.9726270807010334,0.9758275050271243,0.9369477911646586,0.9225266086132867,0.91343806952805,0.9173991374144035
567,0.0029762631059760025,0.011300532355296784,,False,0.9811226026709509,0.9790013196725743,0.9726270807010334,0.9756301795304461,0.936144578313253,0.9218453694005431,0.9127464375235308,0.9166958625408126
568,0.002972127686531291,0.011286962027545654,,False,0.9812230143588714,0.9790870833915797,0.9727177836488793,0.9757191399652488,0.936144578313253,0.9218453694005431,0.9127464375235308,0.9166958625408126
569,0.0029690085575556973,0.011291112260249838,,False,0.9812230143588714,0.9790936483601526,0.9727177836488793,0.9757218307440755,0.9365461847389558,0.9221778606778267,0.9130761440846913,0.9170315784257609
570,0.0029660901481145074,0.011295488113334867,,False,0.9813234260467918,0.9791857622961511,0.9728111543304853,0.9758146687667073,0.9365461847389558,0.9221864625953207,0.913065213450496,0.917034097334331
571,0.0029623057613549215,0.01128828525755708,,False,0.9814238377347123,0.979288540324847,0.9733231871005825,0.9761429584960462,0.936144578313253,0.9218453694005431,0.9127464375235308,0.9166958625408126
572,0.0029597520755705723,0.011274991362022466,,False,0.9812230143588714,0.9791058272946861,0.9731359725751327,0.9759583664149518,0.9369477911646586,0.9225125473076228,0.91343806952805,0.9173918654608555
573,0.002956720383947577,0.011280684717335251,,False,0.9812230143588714,0.9791120781432261,0.9731359725751327,0.9759609799514466,0.9365461847389558,0.9222263312684374,0.9131014250989655,0.9170496995182525
574,0.0029530086807640446,0.01127558149149144,,False,0.9812230143588714,0.9791120781432261,0.9731359725751327,0.9759609799514466,0.936144578313253,0.9218453694005431,0.9127464375235308,0.9166958625408126
575,0.002950487501031869,0.011274126899547363,,False,0.9812230143588714,0.9791122606284115,0.9731359725751327,0.9759604508383956,0.936144578313253,0.9218453694005431,0.9127464375235308,0.9166958625408126
576,0.00294741176931635,0.01126569548608346,,False,0.9814238377347123,0.9792950921841032,0.9733231871005825,0.9761441451003281,0.9365461847389558,0.9221920883289965,0.9131083629668895,0.9170628948362306
577,0.0029432800991290504,0.011275290812811003,,False,0.9814238377347123,0.9792914845536332,0.9733231871005825,0.976142857080216,0.9369477911646586,0.9225266086132867,0.91343806952805,0.9173991374144035
578,0.0029400348788569245,0.011269292477098685,,False,0.9813234260467918,0.9792026307589062,0.9732246486414624,0.9760500564475696,0.936144578313253,0.9218313080948791,0.9127464375235308,0.9166885905872646
579,0.0029368147832400577,0.011271321107909854,,False,0.9815242494226328,0.9793889867943268,0.9734118631669122,0.9762337009836153,0.936144578313253,0.9218313080948791,0.9127464375235308,0.9166885905872646
580,0.002934296430910187,0.011275064012910615,,False,0.9816246611105532,0.9799243535216622,0.9735052338485182,0.9765299233723623,0.9365461847389558,0.9222122699627735,0.9131014250989655,0.9170424275647046
581,0.0029300497508649684,0.011269612337417311,,False,0.9816246611105532,0.9799123218916928,0.9735052338485182,0.9765258623553174,0.9365461847389558,0.9221637993721628,0.9130761440846913,0.9170243064722128
582,0.0029283096856455326,0.011263592056639226,,False,0.9815242494226328,0.979821069155447,0.9734113900046744,0.9764344280096076,0.9369477911646586,0.9225278433228057,0.9134812190444435,0.9174288475821276
583,0.0029253371580458864,0.011259225395373216,,False,0.9815242494226328,0.9793795030833726,0.9734118631669122,0.9762316192473067,0.9365461847389558,0.9221780270233325,0.9131083629668895,0.9170556228826824
584,0.0029215386986709427,0.011263498171182579,,False,0.9816246611105532,0.9799143684485353,0.9735052338485182,0.9765267347796152,0.936144578313253,0.9218313080948791,0.9127464375235308,0.9166885905872646
585,0.0029178250122540235,0.011264228966134021,,False,0.9816246611105532,0.9799144872133758,0.9735052338485182,0.976527301338625,0.9365461847389558,0.9221780270233325,0.9131083629668895,0.9170556228826824
586,0.0029151720286856478,0.011268072279225572,,False,0.9817250727984738,0.980454217723531,0.9735985261332463,0.9768231456874289,0.9369477911646586,0.9225125473076228,0.91343806952805,0.9173918654608555
587,0.0029115150791531536,0.011269507235442504,,False,0.9817250727984738,0.9804532524920622,0.9735985261332463,0.9768240819168308,0.9373493975903614,0.9228936356922246,0.9138039877376802,0.9177513941859602
588,0.0029090302922049715,0.01127172869448599,,False,0.9817250727984738,0.980006739085324,0.9735985261332463,0.9766216545034934,0.9357429718875502,0.9214802704674548,0.912384512080172,0.9163179663046113
589,0.00290525745683657,0.011264992707947692,,False,0.9817250727984738,0.9800067721656021,0.9735985261332463,0.9766213772577328,0.936144578313253,0.9218313080948791,0.9127464375235308,0.9166885905872646
590,0.00290284527380905,0.01126567534168467,,False,0.9817250727984738,0.9800059216683822,0.9735985261332463,0.9766204670433676,0.9373493975903614,0.9228604702115,0.9138243755376207,0.9177620261689348
591,0.002899079630584077,0.011275128543830748,,False,0.9817250727984738,0.9800131823273814,0.9735985261332463,0.9766234580438766,0.936144578313253,0.9218313080948791,0.9127464375235308,0.9166885905872646
592,0.002896446408935524,0.01127604804478958,,False,0.9817250727984738,0.9804640767071271,0.9735985261332463,0.9768275905265228,0.936144578313253,0.9218313080948791,0.9127464375235308,0.9166885905872646
593,0.0028936241841231508,0.011272493597545064,,False,0.9817250727984738,0.9800144228386832,0.9735985261332463,0.9766249106600389,0.9365461847389558,0.9222122699627735,0.9131014250989655,0.9170424275647046
594,0.002890391182974668,0.01126665658442114,,False,0.9817250727984738,0.9800132433525636,0.9735985261332463,0.9766230290942427,0.936144578313253,0.9218313080948791,0.9127464375235308,0.9166885905872646
595,0.0028874171402352732,0.011270351817272524,,False,0.9817250727984738,0.9804640767071271,0.9735985261332463,0.9768275905265228,0.9369477911646586,0.9225084342337058,0.9134515194600668,0.9173882266022709
596,0.0028846425618232157,0.01125866629258949,,False,0.9817250727984738,0.9800059216683822,0.9735985261332463,0.9766204670433676,0.9369477911646586,0.9225279789342166,0.9134946689764603,0.9174263102839865
597,0.002881228398079724,0.011267322761627946,,False,0.9817250727984738,0.9804544884842734,0.9735985261332463,0.9768255323641127,0.9373493975903614,0.9228604702115,0.9138243755376207,0.9177620261689348
598,0.0028781368088191344,0.011266375426710976,,False,0.9817250727984738,0.9804611690242839,0.9735985261332463,0.9768282183815313,0.9369477911646586,0.9225279789342166,0.9134946689764603,0.9174263102839865
599,0.0028751257576331386,0.011267200644132605,,False,0.9817250727984738,0.9804544884842734,0.9735985261332463,0.9768255323641127,0.9369477911646586,0.9225204585895173,0.9134515194600668,0.9173976858787933
600,0.0028725387496706047,0.011274121577264977,,False,0.9817250727984738,0.980463202011647,0.9735985261332463,0.976827212003174,0.9365461847389558,0.9222158297937805,0.9131039443967869,0.9170413199530567
