epoch,mse,validation_mse,accuracy,converged,training_accuracy,training_macro_precision_present,training_macro_recall_present,training_macro_f1_present,validation_accuracy,validation_macro_precision_present,validation_macro_recall_present,validation_macro_f1_present
0,0.27752728370681806,0.28004008093202476,,False,0.11015162164875991,0.0919962531650494,0.11625109845496838,0.08575409873142074,0.10441767068273092,0.09712462635848775,0.10716887157611227,0.08373246294608572
1,0.1015828959764548,0.10184697409325834,,False,0.17019781102520334,0.1405549465723842,0.16211980299524756,0.13939789891988122,0.16947791164658635,0.1393434149088043,0.1560726661395673,0.13608073559285375
2,0.0950498618781005,0.0950583455770396,,False,0.23636911336479566,0.17162493348487015,0.21470860776789993,0.1737481924275173,0.2385542168674699,0.17577245485670098,0.2128491536656094,0.17351818633057045
3,0.09009299262498051,0.09005558353375369,,False,0.2856712521337484,0.19271056978505993,0.2532538535954192,0.1845647621642214,0.2883534136546185,0.20313275012429954,0.25346843170977784,0.1867104207451336
4,0.0856827196103953,0.08568576090413828,,False,0.3166984637011748,0.20872780470764363,0.28017600026986594,0.19678393141424322,0.3240963855421687,0.22916427942990245,0.2852350855385847,0.20156413140909152
5,0.08210862301610747,0.08210640604738959,,False,0.342805502560498,0.23061883729677993,0.3031487756650677,0.2124929067699185,0.348995983935743,0.2542285943862466,0.30788312963177344,0.21787169685523627
6,0.07923515890804571,0.07920505333563273,,False,0.358469725876092,0.24610554539522259,0.31746432029691013,0.22678262363210935,0.36626506024096384,0.2625170497379633,0.32356976608280674,0.23045623828209216
7,0.07686894945641917,0.07679189281334116,,False,0.37885329852394817,0.2646965033984558,0.3357458543939969,0.24840494558481835,0.3891566265060241,0.28428897376971246,0.3445192884666538,0.2540518408480349
8,0.07481213656638788,0.07469333764511922,,False,0.3969274023496335,0.2843054788594586,0.3519602169978122,0.2681059631137138,0.40240963855421685,0.28206140848869754,0.35660119351503616,0.2688156397303837
9,0.07291674723341503,0.0727471110179145,,False,0.41861632694045586,0.2964167704392592,0.371439351910857,0.29043099462848027,0.43092369477911646,0.3216861447346884,0.38287796322823237,0.29995311052608925
10,0.07100603864549046,0.07076131657326595,,False,0.44974395019580277,0.3279484674296568,0.39862260555518764,0.31993717791075643,0.4530120481927711,0.35277205238558884,0.4030805353381497,0.32387798103692594
11,0.0688410704171186,0.06852848455323032,,False,0.477758811125615,0.3634768162452551,0.4242553561040661,0.34749853936648234,0.4859437751004016,0.3804925107387709,0.43312882368123284,0.3560813819901434
12,0.0665287771942454,0.06622341314725218,,False,0.5018576162265288,0.3971900380319149,0.4462983077747281,0.36947423477881725,0.5100401606425703,0.40772576153452533,0.4535026083865531,0.3744758037048739
13,0.06434906613466254,0.06410898727757389,,False,0.5200321317401345,0.4171970183388497,0.4629128643274442,0.38695937340034803,0.5281124497991968,0.43099483227335283,0.47005816794395255,0.39251435558818115
14,0.06239230253931395,0.06222946921261767,,False,0.5386082940054222,0.4403230134620099,0.48003764717395137,0.4064139352405617,0.5477911646586345,0.46133611605218605,0.4881470734522254,0.4129260927614858
15,0.06061703249823295,0.060512799304710374,,False,0.5555778692639823,0.46478548473741693,0.49615259793762906,0.4262165677641978,0.5606425702811245,0.47251926865454025,0.5000200806646359,0.4279403797820567
16,0.05897087662874898,0.05891090508066986,,False,0.5686313886936439,0.47721024756942426,0.5077384628636221,0.4387905764466113,0.5734939759036145,0.4826192848289729,0.5119070654282076,0.4409825525898097
17,0.05744959285979093,0.05744223690094836,,False,0.583893965257556,0.48958224636841347,0.5218955039595168,0.45478243918074857,0.5815261044176707,0.4786732208285956,0.5194706002635985,0.44986050431286423
18,0.05603629882574877,0.05610017577207584,,False,0.5990561301335475,0.502663256714563,0.535961740498316,0.4702817397076717,0.5927710843373494,0.49618409475510705,0.5299537956642547,0.46273906909142554
19,0.054718142370276744,0.054863364969830644,,False,0.6089968872376744,0.5142013056134034,0.5451740991162278,0.48035823908273134,0.6016064257028112,0.5081855177468674,0.5381564800081696,0.4723140955635864
20,0.053517754738696986,0.05372872360902437,,False,0.6190380560297218,0.5251136750970633,0.5544560702674043,0.49113671154209637,0.6112449799196787,0.5273176257550264,0.5470132791095974,0.4850697314543788
21,0.052361667220758426,0.05265560972128931,,False,0.6286775780700874,0.5381934076288607,0.5634170663975511,0.5024760832181427,0.6224899598393574,0.5460032813769513,0.5574643438042544,0.49832995652897555
22,0.05128266681185605,0.051641951100183034,,False,0.6375138066070891,0.5471988593306222,0.5716338887044922,0.5135870771840867,0.6345381526104418,0.5604111761142755,0.5686758704861338,0.5135653057230933
23,0.050238244359246315,0.05065884688615322,,False,0.6481574455266593,0.5625015250209943,0.5815271162535963,0.5283250975018531,0.6449799196787148,0.5765172022136995,0.5783773454648806,0.528135085808453
24,0.049140543559531,0.04959314342888809,,False,0.6563912039361381,0.5680575168793935,0.5892259597057989,0.5424509874322933,0.6578313253012048,0.5768616450385299,0.590325982864888,0.5446454011534613
25,0.04789289667858844,0.04838734887004602,,False,0.6723566623154935,0.584261740592283,0.6042296164383831,0.567079703602132,0.6690763052208836,0.5832569392268363,0.6008817640488988,0.5626458871367362
26,0.04634407724989966,0.04685191006166736,,False,0.695350938849282,0.6095266011872901,0.6258314223534609,0.5986054009231166,0.6887550200803213,0.6039391987510582,0.6194014749936737,0.5903344105013313
27,0.044497774881772034,0.044970737156057795,,False,0.7168390400642635,0.6294564216144272,0.6460028296391228,0.6243245493877821,0.7120481927710843,0.6239004626467259,0.6412135676969768,0.6170863248449453
28,0.042631122145493514,0.04307624275640748,,False,0.730294206245607,0.6413777816730715,0.6586418391950438,0.6392489769688312,0.7289156626506024,0.6400840598789886,0.6571071329650585,0.6352782859869223
29,0.040983979466940254,0.041432961392127356,,False,0.744050607490712,0.6548463688269455,0.671567984142876,0.6548393262093373,0.7373493975903614,0.6484910026755472,0.6649788782580898,0.6464405875897158
30,0.039592112323615404,0.04007370411061925,,False,0.7529872477156341,0.6823863895800387,0.6803692632108311,0.665085693892252,0.744578313253012,0.657690363992899,0.6718612328319444,0.6557074021121687
31,0.03837479578877834,0.038861657416284424,,False,0.7621247113163973,0.6713601461990772,0.6885791044893513,0.6748493258329289,0.7566265060240964,0.6664549977760527,0.6831212668468435,0.6684549572805536
32,0.03730829330067406,0.03780079502401273,,False,0.7684506476553871,0.6774809164952575,0.6945328376388145,0.68189091112077,0.7630522088353414,0.6717354870558485,0.6891272452996513,0.6757113169652493
33,0.036327023256546596,0.03684233490998388,,False,0.7734712320514108,0.6831065156480761,0.6991848409021307,0.6869984791694415,0.7690763052208835,0.6794038619227901,0.6948324651259881,0.6822479970902818
34,0.035416115343280104,0.03592492348575854,,False,0.780098403454162,0.6891044494468634,0.7054302475482079,0.6944391844927215,0.7746987951807229,0.684151295962875,0.7001214708421694,0.6887677871569297
35,0.034566630638674094,0.03506649736081081,,False,0.7866251631689929,0.6951109001946264,0.7115736598411997,0.7011141972322948,0.7819277108433735,0.6908585079916099,0.7070048293968734,0.6965217916878168
36,0.03377640132793837,0.03427644388650314,,False,0.7931519228838236,0.701368691417736,0.7176925991626112,0.7078729684215319,0.7895582329317269,0.6984324554356224,0.71417451395156,0.7043779697752303
37,0.03303512072184475,0.03351733397896435,,False,0.7988753890952907,0.7065738953484146,0.7230968444845396,0.7137241648705709,0.7983935742971887,0.706710300305873,0.7224581207211973,0.7132364564379805
38,0.03235147955728218,0.03282787711105748,,False,0.8038959734913144,0.7113146118879689,0.7278035875992641,0.7187796962495082,0.8016064257028113,0.7092875290452443,0.7254728525849913,0.7162685106987232
39,0.03171408347195961,0.03220803611014504,,False,0.809117381263179,0.7158946599391072,0.7326207667303141,0.7234120435707124,0.8064257028112449,0.7140842938963048,0.729905808115691,0.7206408812798676
40,0.03112358126908981,0.03161376986448792,,False,0.8145396124108846,0.720949853838087,0.7376943973218408,0.7285837577147493,0.8088353413654619,0.7162578075293673,0.7321460550398581,0.7229805091549353
41,0.03057408610148931,0.031065806258156456,,False,0.8195601968069083,0.7256146614866384,0.7424108765133408,0.7334322127726278,0.8104417670682731,0.7179137001307185,0.7337485184101984,0.7247891721009324
42,0.03006600921999237,0.030552788793646632,,False,0.8242795461391706,0.7300915613908736,0.7468802666705375,0.7380396876136214,0.8136546184738955,0.8108247186124883,0.7367753302703461,0.7278649896927436
43,0.02958577085699456,0.030088413034830837,,False,0.8265890149613415,0.7322969000912647,0.7490014729510768,0.7401511851733986,0.8176706827309237,0.81469098470913,0.7404231497454025,0.7314002322685317
44,0.029147363703210662,0.029652559300512398,,False,0.8308063058540014,0.7364689304893155,0.7529314028058072,0.7442386812898947,0.8232931726907631,0.8211444486387005,0.7457160849352095,0.7370236201024029
45,0.02872139500496204,0.02922465638387847,,False,0.8335174214278542,0.7388140307350904,0.7554705449809949,0.7467274122804758,0.8261044176706828,0.8239218802391274,0.748293477284488,0.7395962500504567
46,0.02831417295650189,0.028835384090811947,,False,0.8374334772567527,0.7424089604942897,0.759123068475754,0.7503780076226403,0.8289156626506025,0.8267732883522851,0.7508936825855681,0.7421578891906867
47,0.027938110322025426,0.02847559052897822,,False,0.839843357766844,0.74466079510978,0.7613514436374899,0.7526409855214538,0.8301204819277108,0.8281436596838739,0.7520063502971932,0.7432845064035389
48,0.02757456490522254,0.028122706308915432,,False,0.842353649964856,0.7468569942677173,0.7637029240736183,0.7549505233094004,0.8329317269076305,0.8310018193122082,0.7546140197527551,0.7458872818117348
49,0.027234591486539263,0.02780805552431003,,False,0.8444622954111859,0.7488621189765605,0.7656512649548094,0.7569071902835532,0.8345381526104417,0.832853801820022,0.756176530790285,0.7474650058165797
50,0.02690675795785482,0.02749824627423657,,False,0.8466713525454362,0.7507726995333095,0.7676645319146113,0.7588619536673972,0.8365461847389558,0.8346905229545643,0.7580305777503916,0.749240721698619
51,0.026597329693094567,0.027185494387061603,,False,0.8482779395521639,0.7522969671053261,0.769185483617423,0.7604281109604929,0.8393574297188755,0.8375923074109759,0.7606755225531057,0.7519558057716855
52,0.026296044537778063,0.026911296707526202,,False,0.8496837031830505,0.7535128213372775,0.7704537930903548,0.7616518884770613,0.8417670682730923,0.8402900131716072,0.7629348933870603,0.7542632735389474
53,0.026008255388645693,0.026645246493248457,,False,0.851491113565619,0.755253759546822,0.7721109111349336,0.7633336567306185,0.844578313253012,0.8430331057019632,0.7655440240045444,0.7567844530348716
54,0.02573660043252887,0.02639754962156507,,False,0.8526960538206647,0.7563634914889628,0.773223134275854,0.7644410930777537,0.8457831325301205,0.8441929882484018,0.766672772961279,0.757855976088019
55,0.025467613074382296,0.026143573316964864,,False,0.8548046992669946,0.7582485361381125,0.7751972992656317,0.7663833067033305,0.8457831325301205,0.8442508618203083,0.766664465157692,0.7578926509775692
56,0.02521470351153183,0.025905748856675903,,False,0.8560096395220403,0.759323460116982,0.7763370659550283,0.7674913197124086,0.8485943775100402,0.8471229550639332,0.7693088781110649,0.7605360312642591
57,0.02496857462383726,0.025687378647312575,,False,0.8571141680891656,0.7604612159000816,0.7773746479086255,0.7685441405253038,0.8493975903614458,0.8481199130320696,0.7700724324164966,0.7613408165707025
58,0.024730629684062252,0.02546331227423032,,False,0.8581182849683703,0.8564772896795483,0.7783044594448942,0.7694589613255305,0.8514056224899599,0.8502020502262191,0.7719186262413658,0.7632125429985668
59,0.02450356230466467,0.02525925666549318,,False,0.8600261070388593,0.8585703374232186,0.7800676177394394,0.7712545220360503,0.8530120481927711,0.8518307886657851,0.7734260028164517,0.7647155514958428
60,0.02428717809988216,0.02506896064115992,,False,0.8615322823576664,0.8601312040509619,0.7814586652353017,0.7726512763989614,0.8546184738955823,0.8533580776701905,0.774919937942005,0.7662000666658604
61,0.024065211239571248,0.02486308889444093,,False,0.8628376343006325,0.8613845343707998,0.782672820071219,0.7738405795712228,0.8542168674698796,0.8528368672455413,0.7745265965014844,0.7657833420323539
62,0.023862091899342235,0.0246843013989238,,False,0.8644442213073602,0.8631251277595368,0.784179210653991,0.7753554230252324,0.8558232931726908,0.8545429459211111,0.776065909023523,0.7673676929818508
63,0.02365964593044607,0.024498559886888618,,False,0.8664524550657696,0.8650985515187847,0.7860327026055799,0.7771853175209676,0.8562248995983935,0.8548908947791121,0.7763928473727663,0.7677066799530015
64,0.023469318034337043,0.024324354036402346,,False,0.8675569836328949,0.8660922149258117,0.7870609526718177,0.77809436191591,0.8542168674698796,0.852951301656221,0.7745788690130289,0.7659059472451716
65,0.023270371890913896,0.024151240673546584,,False,0.8690631589517019,0.8676540759274939,0.7884453742563267,0.7795370131913925,0.8570281124497992,0.8557463066615236,0.7772008150847441,0.7685321381136657
66,0.02309895325493394,0.024014660854103094,,False,0.8695652173913043,0.8682269485675308,0.7889019059610756,0.7800236911461527,0.8570281124497992,0.8556506451397956,0.7772058715496981,0.768479234568193
67,0.022905790892871696,0.023834518441174884,,False,0.8712722160859524,0.8699816176950533,0.7904900086889232,0.781555401716946,0.8586345381526105,0.85756632849706,0.7787068123373397,0.7700175485446746
68,0.022733004732384893,0.0236887869550478,,False,0.8716738628376343,0.8704087667938146,0.7908673456123589,0.7819493843982215,0.8578313253012049,0.8567887816950033,0.7779886354283934,0.7693295167266845
69,0.022561418267097677,0.023533341590621586,,False,0.8723767446530776,0.8710883567494283,0.7915086965191112,0.7825563200298872,0.8598393574297188,0.85878787204517,0.7798585719246234,0.7711813882421718
70,0.022397908140924672,0.02339613689751879,,False,0.8730796264685209,0.8718714789307583,0.7921666787738131,0.7832530522427721,0.8606425702811245,0.8595970277565557,0.7806241315478465,0.7719529564558253
71,0.02223822376178256,0.02325216878255376,,False,0.8741841550356462,0.8730481977592699,0.7931886800474917,0.7842356726878842,0.8610441767068273,0.860089699053612,0.780994982307609,0.7723013457753194
72,0.022080848860933457,0.02312502494213753,,False,0.8750878602269304,0.8739609972977376,0.7939970038659027,0.7850684475757127,0.8614457831325302,0.8604544229602246,0.7813800244270269,0.7726810945808338
73,0.021925347810842766,0.02298134374359266,,False,0.8762928004819761,0.8751086821700143,0.79512532866175,0.7861677725784395,0.8622489959839358,0.8611889750084056,0.7821148059479397,0.7734153043493586
74,0.021777255703756403,0.022847775952814706,,False,0.8769956822974194,0.8758086680992736,0.7957864795539222,0.7868073345746935,0.8626506024096385,0.8615646445845722,0.7824876620254937,0.7737859164832269
75,0.021632809620946995,0.02273803564752951,,False,0.8776985641128627,0.8766149537929382,0.7964247822526207,0.7874754834307461,0.8634538152610441,0.8625148510745693,0.7832505903356242,0.7745641305719055
76,0.021496677299466544,0.022622913841808708,,False,0.878602269304147,0.8775730675872089,0.797258113518337,0.7883399856048569,0.8642570281124498,0.8632796805265337,0.7839686730986105,0.7752581948746013
77,0.021351249681977807,0.022490852035631708,,False,0.8791043277437494,0.8780232449165523,0.7977241585380984,0.7887694114481592,0.8642570281124498,0.8633388627100176,0.7839942886904566,0.7753184193150865
78,0.02121462735712104,0.02238132799545985,,False,0.8795059744954312,0.878413890873555,0.7980955549985218,0.7891261071899796,0.8666666666666667,0.8658376068088555,0.786228129596041,0.7774852518843479
79,0.02108190966716421,0.022264973665661422,,False,0.8796063861833517,0.8784557077666957,0.7981914366201321,0.7892104061410945,0.8666666666666667,0.8657143990476313,0.7862165814490285,0.7774708287391038
80,0.020953226794531234,0.022157512886452305,,False,0.8808113264383974,0.8796825522702945,0.7993250645175434,0.7903129513041784,0.8682730923694779,0.8673980225548874,0.7877271117997212,0.7789452272941182
81,0.020826929094878942,0.022050777166897514,,False,0.880911738126318,0.8798492482322097,0.7994193011667555,0.7904398851188768,0.8678714859437751,0.8669188433674143,0.7873318804737465,0.7785700571268953
82,0.020706544445547998,0.02195230757758257,,False,0.8818154433176022,0.880806534683136,0.8002909455557919,0.7912305541465128,0.870281124497992,0.8695299873480224,0.7895880966277515,0.7807689086683545
83,0.020581017432904934,0.021847979884723385,,False,0.8823175017572046,0.8813100824512632,0.8007429179693141,0.7917247907874669,0.8698795180722891,0.868975267960846,0.7891922477889599,0.780407893574616
84,0.02046964122112382,0.02174931914040443,,False,0.8827191485088864,0.8816664508858036,0.8011216624877078,0.7920372719442882,0.8726907630522088,0.8718776333754547,0.7918011811346745,0.7829388243682106
85,0.02034524938301597,0.021647689357987356,,False,0.8835224420122503,0.8824997028899839,0.8018626036298782,0.7928212216969679,0.8714859437751004,0.8704544994771369,0.7906455611784253,0.7817944588335572
86,0.02023012734425536,0.021549875937434213,,False,0.8842253238276936,0.8832334548832934,0.802519450690533,0.7934912606069895,0.8714859437751004,0.8704544994771369,0.7906455611784253,0.7817944588335572
87,0.020118216452999115,0.021453641686425978,,False,0.8847273822672959,0.8837091472661748,0.8029969066037147,0.7939480090690567,0.8722891566265061,0.8712550186201582,0.7914123846918013,0.7825387084470634
88,0.020007995407864812,0.021366039824758577,,False,0.8855306757706597,0.8845525634924152,0.8037419679358826,0.7946676117039,0.8718875502008032,0.870917646401546,0.791044670742677,0.7821877755793599
89,0.019900086024089034,0.021280800386728197,,False,0.8858319108344211,0.8848882413682913,0.8040147749945389,0.7949757050739689,0.8734939759036144,0.872515731868315,0.7925602575583236,0.7836703128134032
90,0.019797222048098483,0.02118084702743551,,False,0.8859323225223416,0.8849722454169151,0.8041019157475171,0.7950167868484779,0.87429718875502,0.8734180647152221,0.79330910652407,0.7844157878205125
91,0.019692092800022314,0.02111347293387146,,False,0.8876393212169896,0.8867457699301198,0.8056900786931308,0.7966384110552068,0.8734939759036144,0.8725874498226167,0.7925736990078561,0.7837084112578017
92,0.019589275218311105,0.02102946238835285,,False,0.8877397329049102,0.8867963623123487,0.8057831018605637,0.7967169620520579,0.87429718875502,0.8733281212061819,0.7933097444189215,0.7844112649486094
93,0.019485270945325137,0.020931551197290586,,False,0.8877397329049102,0.8867783314276612,0.805781753746933,0.7967056829969856,0.87429718875502,0.8733690003571632,0.7933027005054876,0.7844146709745742
94,0.019387360507514828,0.020858401285751078,,False,0.8876393212169896,0.8866826579577474,0.805670953647977,0.7965949254369252,0.8755020080321285,0.8745306483434758,0.7943880510317326,0.785462766048163
95,0.019291699994257536,0.020770804403226803,,False,0.888141379656592,0.8872659241831558,0.8061507475728739,0.7970688577121048,0.8771084337349397,0.8762685260783818,0.7959279895490724,0.7870059030156578
96,0.01919905192150205,0.02070420805887384,,False,0.8885430264082739,0.8876343489141998,0.8065119284777693,0.7974027573556915,0.8779116465863454,0.8770871070213113,0.7966596163900355,0.7876893340758592
97,0.01910348216766858,0.02062080604655689,,False,0.8890450848478763,0.8881533060878206,0.806966552312376,0.7978652206873305,0.8779116465863454,0.8770589938883733,0.7966596163900355,0.7876864945120139
98,0.019008581763486864,0.020540862317442826,,False,0.8893463199116377,0.8885006024427515,0.807251339029952,0.7981851712741412,0.8791164658634538,0.8781814526741276,0.7977755448271207,0.788804946989188
99,0.01891736421176716,0.020466678981899033,,False,0.8898483783512401,0.8889483293517901,0.8076972375166614,0.7986098988957706,0.8791164658634538,0.8780558071535065,0.7977959326270612,0.7887782386157525
100,0.01883271542510918,0.020397849391028712,,False,0.8904508484787629,0.8894780218309424,0.8082631464388367,0.79915791437036,0.8815261044176707,0.8803725647722862,0.7999788769265251,0.7909201010926139
101,0.018742943438401286,0.020314159367650915,,False,0.8909529069183653,0.7912347907729591,0.8087289629922152,0.7996795415838579,0.8803212851405623,0.8792323279660057,0.798911231651779,0.7898929524610977
102,0.018653973728233176,0.02025104049356479,,False,0.8906516718546039,0.8897822138024021,0.8084274200828685,0.799348255896894,0.8815261044176707,0.8805410667732231,0.8000220060608841,0.7909892531520826
103,0.01856994165702742,0.02019072772088679,,False,0.8908524952304449,0.8899431713756647,0.8086072079556932,0.799508866179676,0.8815261044176707,0.8805551448357843,0.7999788565444906,0.790949987586361
104,0.018487857810907313,0.020121564786963496,,False,0.8913545536700472,0.8904857228286034,0.8090957162251154,0.7999933549780295,0.8827309236947791,0.8817775815712088,0.8011088609088938,0.7920518286641318
105,0.018403816460834447,0.020051428184536924,,False,0.89195702379757,0.7921551094866311,0.809636175783181,0.800573744652061,0.8839357429718876,0.8829912389778001,0.8022299399568931,0.7931748167374191
106,0.018322681502436565,0.019987314163918312,,False,0.8923586705492519,0.792507050596393,0.8100120490201931,0.8009465923408434,0.8839357429718876,0.8830211485760772,0.8022120714547739,0.7931585899268501
107,0.018244925386014948,0.019928698645934804,,False,0.8925594939250929,0.8916624423567131,0.8101960732312863,0.8010793696815993,0.8843373493975903,0.8833724056816865,0.8025849275323279,0.7935309572047458
108,0.018167252140306622,0.019870085434983868,,False,0.8930615523646952,0.9041450537307762,0.8110702220340973,0.8025205714622283,0.8835341365461847,0.8825667357007692,0.8018437399928326,0.7928056705553663
109,0.018087219322510763,0.019789979854856716,,False,0.8936640224922181,0.8491794034773715,0.811641894925416,0.8030947887036616,0.8847389558232932,0.8837588134771228,0.802957783609882,0.7939006154960391
110,0.018012791085884536,0.019730852931849344,,False,0.8942664926197409,0.9052024558892082,0.8121754108304399,0.8036163975266302,0.8855421686746988,0.8845276352773201,0.8036886784100336,0.7946438950515292
111,0.017936315748569753,0.01967361868483121,,False,0.8942664926197409,0.9051930647046839,0.8121698855726267,0.8036017502403462,0.8855421686746988,0.8845800354039532,0.8036963398362846,0.7946498934538782
112,0.01786306401428301,0.019603801581397996,,False,0.8942664926197409,0.9052289102367528,0.8121927596931432,0.8036251557239898,0.8855421686746988,0.8846215149295784,0.8037027458548672,0.7946513203447064
113,0.017789296985188878,0.019557197517503035,,False,0.8948689627472638,0.8503133527919408,0.8127388891788833,0.804213880318023,0.8855421686746988,0.884633246986441,0.8036975952439531,0.7946612605875282
114,0.017717891116205454,0.01949184125363735,,False,0.8956722562506275,0.9064748057973886,0.8134710161025652,0.8049140828590319,0.8863453815261044,0.8853930096596021,0.8044534881231337,0.7954115238120488
115,0.017645938097671104,0.019433699258730473,,False,0.8958730796264686,0.9066314644681539,0.8136626769986386,0.8050742045690525,0.8855421686746988,0.8846392324938478,0.8037116711712711,0.7946423191772108
116,0.017576411269792636,0.01937704031249625,,False,0.8961743146902299,0.9069206007283985,0.8139354266944201,0.8053569306127567,0.8867469879518072,0.8858462359706398,0.8048404116455214,0.7957941980922774
117,0.01750730856053997,0.019324132771866422,,False,0.8963751380660709,0.9070761767716431,0.8141232036752359,0.8055426758010249,0.8875502008032129,0.8866139122155581,0.8055970544348249,0.7965499926021035
118,0.017439251983298067,0.019269538742657286,,False,0.8967767848177528,0.907455524885353,0.8144984450960052,0.8059182081368064,0.8883534136546185,0.887456941528237,0.8063139674536185,0.7972564375389939
119,0.01737135208101393,0.01921560696129428,,False,0.8972788432573552,0.9079248106100523,0.8149599929451586,0.8063786540748893,0.8879518072289156,0.8871441779738238,0.8059475173946471,0.7968981128402123
120,0.017304961645739556,0.019164595004289842,,False,0.897680490009037,0.9082999417892965,0.8153286242625505,0.8067544831179807,0.88714859437751,0.8863090012019695,0.8051941438132877,0.7961539821975303
121,0.017240906068607918,0.01911052050200075,,False,0.8987850185761622,0.853905211173465,0.8163485192353467,0.807829700528721,0.8883534136546185,0.887465626167579,0.8063164782689555,0.7972610833023146
122,0.017175834140417432,0.01904955757259905,,False,0.8981825484486394,0.8533099842666974,0.8158117933729924,0.8072685594748081,0.8887550200803213,0.8878977595229934,0.8066957403650923,0.7976355498091902
123,0.017111644196355517,0.01900622081098427,,False,0.8989858419520033,0.8540793135852505,0.8165423920454853,0.8080035254400983,0.8883534136546185,0.8876005465551862,0.8063228842875381,0.7972758441329943
124,0.017048580127630896,0.018958180661582655,,False,0.8994879003916055,0.9099835891107433,0.816997769956962,0.8084054464408573,0.8883534136546185,0.8877325969736801,0.8063356963247031,0.7972760024535183
125,0.016986235534876347,0.018907944698301392,,False,0.8996887237674466,0.9101769590951212,0.8176016829014907,0.8095677688777921,0.8879518072289156,0.8872346253726924,0.8059487728023155,0.7969005016125841
126,0.016924346147587584,0.018862337900163402,,False,0.8998895471432875,0.910335950171734,0.8177890057324624,0.8097407403991397,0.8887550200803213,0.8880811516288971,0.806683022473887,0.7976437053932258
127,0.016863272458847105,0.018813791179040314,,False,0.9002911938949694,0.8737370024270631,0.8181614961034892,0.8101520399083391,0.8887550200803213,0.8880108624865829,0.8066952085157509,0.7976494768385461
128,0.016803584482555915,0.018765212311461704,,False,0.9007932523345717,0.874231640148623,0.8186242995761063,0.8106270076586667,0.8895582329317269,0.8888064407317265,0.8074434314861961,0.7983980757156757
129,0.01674457342053998,0.018717582690978823,,False,0.9010944873983332,0.8837288283954784,0.8193297319941041,0.8118401754209852,0.8899598393574297,0.8892846661718987,0.8078239489900013,0.7987714011179695
130,0.016686823690749787,0.018668506926260226,,False,0.901696957525856,0.8842844081918586,0.8198815088891394,0.8124081343308467,0.8899598393574297,0.8892133937714485,0.8078175429714187,0.7987756367480305
131,0.016630284183013634,0.018624207324852128,,False,0.9015965458379356,0.9118832522778744,0.8197805561595602,0.8122781990840379,0.8895582329317269,0.9011302117991357,0.8091205271511153,0.8022298137344975
132,0.016570784972383734,0.018578798063816307,,False,0.9020986042775379,0.8846401482550421,0.8202624995551824,0.8127713255622487,0.8899598393574297,0.9015238267454436,0.8095010446549203,0.8026054945269556
133,0.016514592025802695,0.018536165947163546,,False,0.9018977809016969,0.8844623980592026,0.8200810342750063,0.8125786774173998,0.8899598393574297,0.9015783550112655,0.809495264631639,0.8026029381334183
134,0.016458675104981654,0.018494200575966065,,False,0.9027010744050608,0.885197736110511,0.8208163779112585,0.8133207196180688,0.8907630522088353,0.9022376602879876,0.8102620796625307,0.8033571834161891
135,0.016402387899517992,0.01844846497097389,,False,0.9022994276533789,0.8848133182775968,0.8204529542461505,0.8129461559902184,0.8903614457831325,0.9019001965960896,0.8098693761168616,0.802978019412594
136,0.016347620756531588,0.018401569861968867,,False,0.9035043679084246,0.8820058168683839,0.8224136323077692,0.8159590924644509,0.8903614457831325,0.9018810671691975,0.8098879681773081,0.8029834141244546
137,0.0162951085923505,0.018367279319859174,,False,0.9041068380359474,0.882573624463261,0.8229479589230783,0.8165105741379345,0.8899598393574297,0.9015170213885089,0.8095074506735029,0.8026151878350505
138,0.016241004066294588,0.01832296238041901,,False,0.9046088964755498,0.8830076334572226,0.8234199498930556,0.816971495867866,0.8903614457831325,0.901870384846117,0.8098815621587255,0.8029911373677743
139,0.016187503963607908,0.018286382914556518,,False,0.9044080730997088,0.8828234703680267,0.8232356270888265,0.8167693806699954,0.8899598393574297,0.8463210306242106,0.8094883267637152,0.8026806272686451
140,0.016135648287820683,0.01824615670149779,,False,0.9052113666030726,0.8905842622046095,0.8248077713913405,0.8193237958759512,0.8907630522088353,0.8470459092251197,0.8102161704167041,0.8034074545465667
141,0.016082487059994845,0.01819618128575148,,False,0.9058138367305955,0.8911489903849381,0.8253726116993748,0.8198991357875969,0.8903614457831325,0.8466102998456181,0.809880306751057,0.8030729650534119
142,0.01603067640507475,0.018153941432485807,,False,0.9058138367305955,0.891152188767945,0.8253710480139707,0.8198882703115863,0.8903614457831325,0.8466640034969357,0.809880306751057,0.8030877430141004
143,0.01598026221137033,0.018121685846363342,,False,0.9063158951701978,0.8915578170947054,0.825836567401659,0.820331731791798,0.8907630522088353,0.8470174758723508,0.8102352943264919,0.8034279754171939
144,0.01593051297823626,0.0180852296780608,,False,0.9071191886735616,0.8948055558768948,0.8269957012612856,0.8219638175300633,0.891566265060241,0.8477583772239978,0.8109777372736557,0.804157151533221
145,0.015880086951309134,0.018043894302127165,,False,0.9069183652977206,0.8946090421399264,0.8268036838150378,0.8217837945794646,0.8923694779116466,0.8484860332982163,0.8117068363343133,0.8049080206740845
146,0.01583176300784657,0.017998052321304026,,False,0.9071191886735616,0.8947538441680537,0.8270109290302402,0.8219578616534153,0.8923694779116466,0.8484957639982348,0.8117132423528958,0.8048989010539339
147,0.01578057458420715,0.017959292822348386,,False,0.9072196003614821,0.8968507887614849,0.8275093953164568,0.822948916300512,0.891566265060241,0.8477208780345666,0.8109899233155197,0.804187463835848
148,0.015732008400223117,0.01791948552491652,,False,0.9077216588010845,0.8898272214436455,0.8279817929946933,0.8234140823398728,0.8919678714859438,0.8665515602297961,0.8130730664126142,0.8081986077367292
149,0.015685666036938054,0.017887471944430113,,False,0.9077216588010845,0.8898106902866668,0.8279600286001347,0.8234159398798881,0.891566265060241,0.866220315873065,0.812692548908809,0.8078332862448823
150,0.01563650779341589,0.01784510833205465,,False,0.9078220704890049,0.8898682539534329,0.8280489295840496,0.8234806457428109,0.8923694779116466,0.8669509702888738,0.8134025240596788,0.8085480625612722
151,0.015588663333809028,0.017812263765005554,,False,0.9080228938648459,0.890063645324263,0.8282456126670544,0.8236766149775414,0.8919678714859438,0.8665981320226491,0.813047536484244,0.8081897203998317
152,0.015541782384902832,0.017779784512732634,,False,0.9087257756802892,0.8946513111022543,0.8297382309251398,0.8260571455015081,0.8923694779116466,0.8669780376735575,0.8134025240596788,0.8085461087311171
153,0.015495791851517775,0.017740572903686223,,False,0.9089265990561302,0.8948395413692963,0.8299128369271611,0.8262327149266762,0.8923694779116466,0.8669780376735575,0.8134025240596788,0.8085461087311171
154,0.015449902573806639,0.017700864603156143,,False,0.909328245807812,0.8952119770453185,0.8303007167800026,0.8266129046198463,0.8931726907630522,0.8676896082835244,0.8141635590672892,0.8092779835941051
155,0.015404320409906552,0.017672518627549816,,False,0.9092278341198916,0.8893589389775557,0.8301811552757327,0.8265091587980349,0.8923694779116466,0.8669509702888738,0.8134025240596788,0.8085480625612722
156,0.015359495856583328,0.017638052965399293,,False,0.9098303042474144,0.891755505641628,0.8311699538591727,0.8279113718007761,0.8927710843373494,0.8673322351630988,0.813783041563484,0.8089112895621997
157,0.015316166504328908,0.01760178039358494,,False,0.9100311276232553,0.8919543268146527,0.8313602126110753,0.828100168451334,0.8943775100401606,0.8688154489176015,0.8153051115787047,0.8103930706029758
158,0.015269782890296941,0.01756908768980291,,False,0.9101315393111759,0.895099578507375,0.8322869169187354,0.8298876384851318,0.893574297188755,0.8680214216732035,0.8145440765710944,0.8096464221988556
159,0.015225500194619554,0.017535359846649452,,False,0.9102319509990963,0.8951829049867626,0.8323650437091091,0.8299661984431134,0.8939759036144578,0.8684048570246896,0.814898340588202,0.8100220412598328
160,0.015181102614276189,0.017496931175358936,,False,0.9107340094386986,0.895641601867645,0.832831897117139,0.8304397062958542,0.8939759036144578,0.8684048570246896,0.814898340588202,0.8100220412598328
161,0.015138333907017324,0.01746761703178791,,False,0.9111356561903805,0.8960015838124331,0.8331979531909379,0.8307967558282328,0.8947791164658635,0.8691580921015786,0.8156593755958123,0.8107620745254196
162,0.015094854090068626,0.017444227396327543,,False,0.9111356561903805,0.8929760502019788,0.8336052623794641,0.8316125496300799,0.8943775100401606,0.868761440970632,0.8152724520734246,0.8103998328687454
163,0.015052287425364215,0.017405122311416447,,False,0.911436891254142,0.8932407191569776,0.8338839000320062,0.8318924818458497,0.8947791164658635,0.8690647511160295,0.8156453081509786,0.810759118579377
164,0.015008965610677428,0.017369271926581078,,False,0.911436891254142,0.8932641695244453,0.8338824385033511,0.8318886239953047,0.8959839357429719,0.8702201286154586,0.8167868606623941,0.8118768894519923
165,0.014967280383851568,0.01733878040981391,,False,0.9120393613816649,0.8938296341994713,0.8344378796147071,0.8324551744707614,0.8947791164658635,0.8690444721372692,0.8156453081509786,0.8107620690506434
166,0.014925741017174634,0.0173070492580626,,False,0.9130434782608695,0.8960771988927871,0.8357739690104218,0.834196856281407,0.8955823293172691,0.8698271522510767,0.8164063431585888,0.8115039517843246
167,0.01488352851048668,0.017274048309342035,,False,0.9126418315091877,0.8979642972581335,0.8362475723566063,0.8354509637437854,0.8955823293172691,0.8698558213841767,0.8164249352190355,0.8115072357909282
168,0.014842529849078578,0.017249344596363174,,False,0.9132443016367106,0.9004499604864665,0.8376386079291189,0.8376040316081399,0.8951807228915662,0.8513018438215548,0.8160444177152302,0.8111774383724709
169,0.01480134825433823,0.017213603487903184,,False,0.9134451250125515,0.9006176474504805,0.8378303282096766,0.8377836948307542,0.8955823293172691,0.8517021771640564,0.816431341237618,0.8115372165817146
170,0.014761808938659204,0.01718790859696824,,False,0.9138467717642333,0.902631399158174,0.8390364164383919,0.8397330356112032,0.8955823293172691,0.8516549398485915,0.8164210484982742,0.8115426500847721
171,0.014720150686412381,0.017154384048144858,,False,0.9138467717642333,0.8994851090582219,0.8390357996455626,0.839688452830252,0.8959839357429719,0.8631168570348442,0.8184914737041636,0.8153189088239677
172,0.014681359837867248,0.01711796022831702,,False,0.9144492418917562,0.9008424216317983,0.8400239524576543,0.8410084063483642,0.8971887550200803,0.864317611889422,0.8196330262155791,0.8164363673078169
173,0.014642110750519468,0.017089799954694094,,False,0.9145496535796767,0.900949430987454,0.8400963128215719,0.8411000554069556,0.8971887550200803,0.8643334993095233,0.8196439568497745,0.8164637427062408
174,0.014604133408064336,0.01705870356505055,,False,0.9141480068279948,0.9005656921946481,0.8397259709911462,0.8407183452956732,0.8975903614457831,0.8646556783193178,0.82001555751966,0.8168287202142385
175,0.0145621432257905,0.017032549077416324,,False,0.91525253539512,0.9037123585430101,0.8420148472116633,0.8440251946147446,0.8971887550200803,0.864276489190832,0.8196464761475959,0.8164272806794082
176,0.014523293951924901,0.017003266545163747,,False,0.9155537704588814,0.9045722256720398,0.8426997767077952,0.8450401827830185,0.8967871485943775,0.8529277663411183,0.819251891198957,0.816036144819697
177,0.014484270073644959,0.016972017268649383,,False,0.9159554172105633,0.9055268156039968,0.8434980282482832,0.8461565639761504,0.8971887550200803,0.8532944573083896,0.819624747276511,0.8164189222284582
178,0.014445990144263577,0.016947832120464194,,False,0.9161562405864042,0.9057238044719212,0.8436797184460444,0.8463323876539434,0.8979919678714859,0.8541749265254883,0.8203921883027039,0.8171699629962517
179,0.014408120857266563,0.016923359693983266,,False,0.9163570639622453,0.905896869608919,0.8438569921818259,0.8465077960846986,0.8975903614457831,0.8615644464813879,0.8216823604452353,0.820065507135937
180,0.014370003806648934,0.016890887875377073,,False,0.9165578873380862,0.9035455937752298,0.8440481599731433,0.8466475002253628,0.8979919678714859,0.8678515493307312,0.8237399736139596,0.8235879498554067
181,0.014333048632481816,0.016859991378096958,,False,0.9168591224018475,0.9038512926871013,0.8443221168041544,0.8469284904844339,0.8987951807228916,0.8686029947842958,0.8244946026029873,0.8243406988872223
182,0.014296596219719227,0.01683458963653946,,False,0.9170599457776886,0.9046129047440952,0.8449297521124408,0.8478357405721619,0.8995983935742972,0.8695262844021077,0.8252684496477629,0.8250714549257001
183,0.014259307321125183,0.016802067345097888,,False,0.9173611808414499,0.9054873516636951,0.8456327476987884,0.8488526891638076,0.9004016064257028,0.8746767234910275,0.827686106856876,0.8288551753143028
184,0.0142218036522789,0.016775431836261935,,False,0.9175620042172908,0.9062099410430989,0.8462334565352153,0.8497531331021481,0.9,0.8742831705240504,0.8273055893530709,0.8284828557251843
185,0.014185257188340595,0.016749375365159816,,False,0.9176624159052114,0.9068179053490601,0.8467454893053126,0.8505590916699254,0.9004016064257028,0.8746767234910275,0.827686106856876,0.8288551753143028
186,0.014152452702371372,0.016720550320890946,,False,0.9173611808414499,0.9074786600387278,0.8473006745559614,0.8516739583949261,0.9012048192771084,0.8756118024511433,0.8284344239732813,0.8295919816603448
187,0.014113451914177674,0.016690391251702352,,False,0.9182648860327343,0.9083135863477177,0.8481354070357239,0.8525157514490578,0.9016064257028112,0.87585618817903,0.8288021294399213,0.8299712662477737
188,0.01407756560386111,0.016663859097437585,,False,0.9181644743448137,0.9086548853919757,0.8484698837895797,0.8531187528760539,0.9016064257028112,0.87585618817903,0.8288021294399213,0.8299712662477737
189,0.014042419278395925,0.016643412345751542,,False,0.9182648860327343,0.9091714225874088,0.8489842277432627,0.8538974763880085,0.9016064257028112,0.87585618817903,0.8288021294399213,0.8299712662477737
190,0.014006707234136455,0.01661774978405929,,False,0.9187669444723365,0.9103955114242243,0.8502888784905129,0.8557156440630149,0.9020080321285141,0.8762083046796195,0.8291762409251439,0.8303514700372414
191,0.013973690827097896,0.01659053037569696,,False,0.9186665327844161,0.9106689634735928,0.8506147223866386,0.8562872229313556,0.9028112449799197,0.8771082724726909,0.8299759008335349,0.8311259330781736
192,0.013937777761893384,0.01656288564594866,,False,0.918867356160257,0.9115373940527481,0.8516382354375929,0.8578048194957727,0.9028112449799197,0.8770519597279387,0.8299694948149523,0.8311346925964135
193,0.013903939952780654,0.01654241649217543,,False,0.9192690029119389,0.9125083903740069,0.852851353524585,0.8594722549130394,0.9028112449799197,0.8771026174748717,0.8299880868753987,0.8311406617967643
194,0.01387012206907993,0.01652074419002602,,False,0.9195702379757004,0.9133572498709847,0.8539640951311092,0.8610320076503716,0.9020080321285141,0.8764125603236881,0.8292398639049536,0.8303868907422225
195,0.013834852133957265,0.016495840431548493,,False,0.9196706496636209,0.9137225486289632,0.8544761279012065,0.8617608021176612,0.9024096385542169,0.8767001074517057,0.8296075693715935,0.8307694761191741
196,0.013801361911953589,0.016463899456250042,,False,0.9197710613515413,0.9140777269979997,0.8549881606713038,0.8624839667784232,0.9028112449799197,0.8770519597279387,0.8299694948149523,0.8311346925964135
197,0.013768627156564206,0.0164362651508828,,False,0.9201727081032233,0.9144564072856836,0.8553636702792438,0.8628589925872716,0.9016064257028112,0.8689220105128839,0.8288580825109957,0.8298634614479711
198,0.013735707331853912,0.016413499672955387,,False,0.9201727081032233,0.9127783706148607,0.8553680967073493,0.8627615314252526,0.9016064257028112,0.8689220105128839,0.8288580825109957,0.8298634614479711
199,0.01370244755135402,0.01638287387756259,,False,0.9203735314790642,0.9129450423982901,0.8555489372501799,0.8629428403983465,0.9016064257028112,0.8688702983647413,0.8288516764924131,0.8298662320321755
200,0.013668574909129113,0.01636667763931322,,False,0.9202731197911437,0.9128403457054384,0.8554555665685739,0.8628473556574097,0.9020080321285141,0.8692591052187338,0.8292334578863712,0.8302215717850534
201,0.013636858726999795,0.016340381954543164,,False,0.9206747665428255,0.9132189117482644,0.855825956580311,0.8632226954289342,0.9012048192771084,0.8684923458186864,0.8284724228787607,0.8294956172618515
202,0.01360357113827189,0.01632138699377936,,False,0.9207751782307461,0.9135721675497138,0.8563416635328548,0.8639298792460122,0.9020080321285141,0.8692930070044569,0.8292334578863712,0.8302381009429329
203,0.01357103535005869,0.01630477571840084,,False,0.9212772366703484,0.9147756567228319,0.8580506875477005,0.8662157877301301,0.9016064257028112,0.8689113277708801,0.8288593464011486,0.8298473466394758
204,0.013539260505912417,0.016282007034906662,,False,0.9211768249824279,0.913146445103932,0.8579617432942,0.8660115518950471,0.9016064257028112,0.8689471398758729,0.8288593464011486,0.8298643739693158
205,0.013509332101335128,0.016258515980396113,,False,0.9215784717341099,0.9135101848370825,0.8583421040042496,0.8663773934195161,0.9020080321285141,0.8693519063665668,0.8292398639049536,0.8302353977987559
206,0.013475646498590994,0.0162346149910203,,False,0.9215784717341099,0.9135038047738261,0.8583349908299902,0.8663853830964867,0.9016064257028112,0.8688915848719703,0.8288529403825659,0.8298669066495195
207,0.01344382598218899,0.01620656532182903,,False,0.9220805301737122,0.9139743744984357,0.8587988199540855,0.866842302164755,0.9024096385542169,0.8735897731816251,0.8312846650365127,0.8335033365855159
208,0.013412560763097135,0.016187741671920636,,False,0.9221809418616327,0.9143171278540694,0.859312611418528,0.8675324067068204,0.9024096385542169,0.8769653298052673,0.8329490428102267,0.8362854112871494
209,0.01338160180811509,0.01616167045370956,,False,0.9222813535495532,0.9146678340780308,0.8598246441886253,0.8682244900814204,0.9028112449799197,0.8773093039628193,0.8333422782052371,0.8366758999159523
210,0.01335034976974032,0.016133936376298293,,False,0.9222813535495532,0.9118771968908163,0.8598246441886253,0.8680109518110112,0.9032128514056225,0.8776570240035526,0.8336972657806719,0.8370327240121411
211,0.013320303820267786,0.01611481544377171,,False,0.9224821769253941,0.9123477121508731,0.8604273799065685,0.8687807899389349,0.9032128514056225,0.8776570240035526,0.8336972657806719,0.8370327240121411
212,0.013289620704735328,0.016091066996274734,,False,0.9227834119891556,0.9126283774647143,0.8607080444406267,0.8690605528403624,0.9028112449799197,0.8772580987978967,0.8333167482768667,0.8366606461351329
213,0.013258963344822804,0.016074829604616484,,False,0.9227834119891556,0.9128853145999926,0.8611293742628781,0.8696457228647549,0.9028112449799197,0.8772580987978967,0.8333167482768667,0.8366606461351329
214,0.013228717065975592,0.016052840252436175,,False,0.922883823677076,0.9119901375308748,0.861636071565455,0.8702097851219287,0.9032128514056225,0.877664364295597,0.8336972657806719,0.8370270356733893
215,0.01320062825984051,0.016032824943060055,,False,0.9229842353649965,0.9123445131594706,0.8621589989585097,0.8708731138144535,0.9036144578313253,0.8780347489439987,0.8340765278768086,0.8373849321984415
216,0.013169442104867413,0.01601193523475555,,False,0.9236871171804398,0.9132624026874733,0.8632295032726702,0.872093554574342,0.9032128514056225,0.8777350418747543,0.8337036717992545,0.8370317010982093
217,0.013139403071995204,0.01598981257438428,,False,0.9236871171804398,0.9132636009635556,0.8632126522622001,0.8720957460102134,0.9028112449799197,0.8772788192198201,0.8333167482768667,0.836661381032401
218,0.013110161554157581,0.015962975410219002,,False,0.9237875288683602,0.9133468561101421,0.8633283208152116,0.8721993450506965,0.9036144578313253,0.8779783056019749,0.8340701218582259,0.8373866258385001
219,0.013080695704156396,0.015940253351689127,,False,0.9242895873079626,0.9140710615909023,0.8642099913513869,0.8732208557069971,0.9036144578313253,0.8779783056019749,0.8340701218582259,0.8373866258385001
220,0.013052058906436232,0.01592622208721346,,False,0.9243899989958831,0.9134802349144113,0.8651341245948321,0.8743140600064252,0.9024096385542169,0.8768922166818354,0.8329617607014319,0.8363022610049049
221,0.01302253672330161,0.015900888785315162,,False,0.9245908223717241,0.9136681343775612,0.8653243833467346,0.8744993858165366,0.9028112449799197,0.8718483055322882,0.8333532088394323,0.8364237662061709
222,0.012994198411870864,0.015882417523291472,,False,0.9245908223717241,0.9136459294396934,0.8653196103345804,0.874489067681101,0.9028112449799197,0.8718907239659354,0.8333340849296448,0.8364099310451155
223,0.012965500206189104,0.015855339122128692,,False,0.9249924691234059,0.9145219540686266,0.8665356933210231,0.8759591651784775,0.9032128514056225,0.8722938252888878,0.8337146024334499,0.8367817704641445
224,0.012936893809254406,0.015837091643320506,,False,0.9251932924992469,0.914932611905682,0.8671459963630697,0.8766824620429667,0.9032128514056225,0.8722443477604119,0.8337324709355691,0.8367885772484276
225,0.012908722085607307,0.01581716756192676,,False,0.9254945275630083,0.9154366294211239,0.8678453229856191,0.8775010061606591,0.9028112449799197,0.8718437634149933,0.8333519534317639,0.8364173194192277
226,0.012880524627422906,0.015798963853998822,,False,0.9255949392509288,0.9155348669883312,0.8679366568195831,0.8775898099835832,0.9028112449799197,0.8718437634149933,0.8333519534317639,0.8364173194192277
227,0.01285228186017391,0.01577666168352875,,False,0.9261974093784516,0.9165314762150989,0.8693318155057381,0.8792313763044857,0.9028112449799197,0.8717969941222452,0.8333455474131812,0.8364197842367498
228,0.012825099456030518,0.015767326458514946,,False,0.9260969976905312,0.9166270389571695,0.8696530132748214,0.8796543534720551,0.9028112449799197,0.8748351067006871,0.8350303045043516,0.8391030490580847
229,0.012796475524440732,0.01574414962860833,,False,0.9263982327542926,0.9171124562926326,0.8703614115223941,0.880455810897169,0.9032128514056225,0.8752138201831083,0.8354095666004882,0.8394546388209232
230,0.012769049164949146,0.01571861367487096,,False,0.9265990561301336,0.917292166015717,0.870548152885606,0.8806380831569575,0.9036144578313253,0.8755643563266797,0.8357836780857107,0.8398285394737762
231,0.012742018267156322,0.015700788557377263,,False,0.926699467818054,0.9165593740123009,0.8710601856557033,0.8811245328293604,0.9036144578313253,0.8781549718836579,0.8374607737506299,0.8424264059365522
232,0.01271452773459154,0.015684319728434367,,False,0.9267998795059745,0.9168711967963323,0.8715722184258008,0.8817360241773832,0.9040160642570281,0.8785154891308543,0.8378348852358525,0.8428006396608736
233,0.01268773098795547,0.015672434829943287,,False,0.9267998795059745,0.9168489868548035,0.8715656867193012,0.8817254266140686,0.9040160642570281,0.8784809773465546,0.8378348852358525,0.8427987737103648
234,0.012660537469613216,0.015651353737088584,,False,0.9271011145697359,0.9153824311573882,0.8722615249316795,0.8822529839368184,0.9040160642570281,0.878561454998852,0.8378412912544351,0.8427989936458451
235,0.012635204225623623,0.015637101245464465,,False,0.9276031730093383,0.915351737215604,0.8735586244697251,0.8835864379820247,0.9044176706827309,0.8790026589921448,0.838223072648393,0.8431787021043162
236,0.012607670308409164,0.015604043129667238,,False,0.9275027613214178,0.9162027962385815,0.8734821167611231,0.8836532531362358,0.9044176706827309,0.8788988964749743,0.8382102606112278,0.8431898340099129
237,0.012580671661925913,0.015583268480817963,,False,0.9276031730093383,0.9155757123334818,0.8739912136102893,0.8840970850923153,0.9048192771084337,0.8793324777214258,0.838590778115033,0.8435636989656542
238,0.012555720480463713,0.015561650184594886,,False,0.9280048197610202,0.9172705542768779,0.8751972475015416,0.8855803466452432,0.9044176706827309,0.8790239312307229,0.838223072648393,0.8431866788472224
239,0.012527964672800436,0.015549505072924042,,False,0.9281052314489406,0.9164443097479386,0.875281307349473,0.885523928098345,0.9052208835341365,0.8797520780126699,0.8389712956188382,0.8439322453961181
240,0.01250251819012613,0.01554108601367628,,False,0.9282056431368612,0.9174245067075114,0.8753673791936902,0.8857573834684307,0.9052208835341365,0.8796267556807217,0.838958483581673,0.8439376422574532
241,0.012475897877385636,0.015520465552160747,,False,0.928607289888543,0.9181810735448379,0.8765687184696662,0.8870932566695975,0.9052208835341365,0.8753598195643512,0.8389445018003152,0.843637980696696
242,0.012451289449812298,0.015500999776140537,,False,0.928607289888543,0.9181884558409847,0.8765781077002188,0.8871006251201154,0.9052208835341365,0.8753282951903629,0.8389572196915203,0.8436533388151798
243,0.012426259890838938,0.015477773868787778,,False,0.928808113264384,0.9174912089928954,0.8767665603610271,0.8871319231138624,0.9048192771084337,0.8750896302699069,0.8385767963336751,0.843247326375809
244,0.012398838308375421,0.015459604969330685,,False,0.9292097600160659,0.917850883922713,0.8771273403517897,0.8875023298734513,0.9056224899598394,0.8757822041381764,0.8393058953943324,0.8439828143168082
245,0.012373867046510195,0.015444244364900842,,False,0.9290089366402249,0.9176730727511748,0.8769407557823337,0.8873144922342056,0.9060240963855422,0.8786137513858426,0.8413635085630568,0.8468541853817881
246,0.012349079274643371,0.015426903463199592,,False,0.9294105833919069,0.9180410416984185,0.8773018349603962,0.8876745864764369,0.9060240963855422,0.8762139522173914,0.8396608829697674,0.8443645123402533
247,0.012323112277625978,0.015408693184559067,,False,0.9293101717039863,0.9170933590299126,0.8772219728056321,0.8874567388548422,0.906425702811245,0.8788657987233823,0.8417312140296969,0.8472123630287653
248,0.012299719648846826,0.01539286958085971,,False,0.928808113264384,0.9166244963237102,0.8767581275666383,0.8870086738315176,0.9072289156626506,0.8816910732668549,0.8441565326650612,0.8503735080816824
249,0.012273955989577269,0.015371418149380964,,False,0.9292097600160659,0.9170062815799788,0.8771379913545787,0.8873730523833824,0.906425702811245,0.8788052601715631,0.8417439319209019,0.8472258198325
250,0.012248770969991739,0.01535423752487867,,False,0.9300130535194296,0.9185968457173337,0.8778583910163582,0.8882323224677074,0.906425702811245,0.8789450577658006,0.8417184961384917,0.8472049478497834
251,0.012226091731480886,0.015338301726901525,,False,0.9300130535194296,0.918610520611696,0.8778619084050489,0.8882260223817492,0.9068273092369478,0.8814891144410771,0.843776109307216,0.8499772291364665
252,0.012199569810051733,0.015317553165298915,,False,0.9301134652073502,0.919556494881087,0.877946064761165,0.8884531391873751,0.908433734939759,0.8828428168341763,0.8452725552481064,0.8514635652532971
253,0.012174834668442292,0.015305536676982928,,False,0.9301134652073502,0.919560767618032,0.8779523141872045,0.8884601568873446,0.9080321285140562,0.8824914877108124,0.8448984437628838,0.8510915862471594
254,0.012150595543378636,0.015287410961926113,,False,0.9302138768952706,0.9187738206902281,0.8780330605300273,0.888413553031082,0.908433734939759,0.8847257594904797,0.8469496509130254,0.8537901491292295
255,0.012127414380707635,0.015269975825723127,,False,0.9303142885831911,0.9190511349195138,0.8785549556929151,0.8889886975972561,0.9092369477911647,0.8871796548961797,0.8493813755669724,0.856812014157032
256,0.012103166895717268,0.015249517723597589,,False,0.9306155236469525,0.9195505392184982,0.8792451902506022,0.8897350628735184,0.9096385542168675,0.8875864531300505,0.8497618930707775,0.8571897953940881
257,0.012079024820154646,0.015233285689341333,,False,0.9308163470227935,0.919703927691908,0.8794333147455914,0.8899236957975246,0.9092369477911647,0.8871951945221263,0.8493813755669724,0.8568178785786434
258,0.012056100619752453,0.015221803431873564,,False,0.9309167587107139,0.9200055638625864,0.8799383317507009,0.8904911459206369,0.9088353413654618,0.8868060203115128,0.8490008580631672,0.8564458576006112
259,0.012031522996258898,0.015201280232876174,,False,0.9311175820865549,0.9201948254809547,0.8801238958873273,0.8906709913259943,0.9100401606425703,0.8895230672405776,0.8518195062395019,0.859768912777785
260,0.012008256467114547,0.015187572166115878,,False,0.9313184054623959,0.9204022884499337,0.8803065079881239,0.890856270651848,0.9100401606425703,0.8895230672405776,0.8518195062395019,0.859768912777785
261,0.01198555883543307,0.015170733945762899,,False,0.9317200522140777,0.9209548452914382,0.881102644284092,0.8916938639403621,0.9092369477911647,0.8888220358055935,0.8510712832690567,0.8590203579588942
262,0.011962254437134319,0.015154469486451957,,False,0.9317200522140777,0.9209449067933525,0.8811042946729156,0.8916999641146958,0.9100401606425703,0.8895051494650692,0.8518195062395019,0.8597624748409562
263,0.01193872623464726,0.01514254849695345,,False,0.9319208755899187,0.9204965553488075,0.8817068415306903,0.8922097990034636,0.9092369477911647,0.8888220358055935,0.8510712832690567,0.8590203579588942
264,0.011915437058058096,0.015121088777812009,,False,0.9321216989657596,0.9206610820192466,0.8818935044970243,0.8923925623714499,0.9100401606425703,0.8909276564843304,0.8535030079230035,0.8618878602290252
265,0.011892221399877223,0.015109376378265595,,False,0.9321216989657596,0.920673865862338,0.8818940560561401,0.8923916653939532,0.9100401606425703,0.8909276564843304,0.8535030079230035,0.8618878602290252
266,0.011869712142604886,0.015098554599764344,,False,0.932422934029521,0.921126486021799,0.8825928301894493,0.8931363823797032,0.9096385542168675,0.8905368620597426,0.8531224904191982,0.8615166515761781
267,0.011848272851859763,0.015089567287380068,,False,0.9323225223416005,0.9212218502587969,0.8829151856754037,0.8934904199363187,0.9096385542168675,0.8906227603424891,0.8531353024563635,0.8615169505674479
268,0.011824609827396205,0.015063880073160875,,False,0.9323225223416005,0.9210311195664941,0.8824994595078434,0.8930407205884955,0.9096385542168675,0.8905368620597426,0.8531224904191982,0.8615166515761781
269,0.011802339073234634,0.01504866404713129,,False,0.932422934029521,0.9213003868096953,0.8830114922779406,0.8935929881274031,0.9096385542168675,0.8905368620597426,0.8531224904191982,0.8615166515761781
270,0.011779638141662836,0.015035186394794167,,False,0.9327241690932825,0.9217357075050935,0.8837026358750426,0.8943090796487989,0.9104417670682731,0.8913258889417757,0.8538835254268087,0.8622609800122849
271,0.011757588140913013,0.015023380546911918,,False,0.9327241690932825,0.921899718327142,0.8841195392691886,0.8947624892510755,0.9100401606425703,0.8908896641158631,0.8534978657945737,0.8618861433408378
272,0.011736313639237035,0.0150008387434974,,False,0.9333266392208053,0.922611402925685,0.8851017076453727,0.8957671516361719,0.9104417670682731,0.8913258889417757,0.8538835254268087,0.8622609800122849
273,0.011714153259767462,0.014990634848236655,,False,0.9331258158449643,0.922428431704926,0.8849116840841039,0.8955868933436419,0.9100401606425703,0.8909353900262482,0.8535030079230035,0.8618904443435687
274,0.01169295610839711,0.014970274441064425,,False,0.9334270509087258,0.9226865526652013,0.8851980142479097,0.8958663851238318,0.9100401606425703,0.8909353900262482,0.8535030079230035,0.8618904443435687
275,0.011670048108611181,0.01496046578071857,,False,0.9332262275328849,0.9227007623529312,0.8854245665091316,0.8961197897501726,0.9108433734939759,0.8916786909978962,0.854258900802184,0.8626304717769446
276,0.011649937050933689,0.014961386887037421,,False,0.9337282859724872,0.9232921114785975,0.8863089541974257,0.8970286172751314,0.9100401606425703,0.8908997666956588,0.8534978657945737,0.8618892987732224
277,0.01162693502077595,0.01493776828225857,,False,0.9338286976604077,0.9235554656467637,0.8868225888681125,0.8975554698989892,0.9104417670682731,0.8913262873972361,0.8538847893169614,0.8622585660304998
278,0.011605507996372265,0.014921754802031733,,False,0.9341299327241691,0.9238334323692299,0.8871026225160524,0.897843090377499,0.9104417670682731,0.8912881920823688,0.8538783832983788,0.8622599361082284
279,0.011585580513454959,0.01490237010246675,,False,0.9340295210362486,0.9237509697095851,0.886997882812204,0.8977316851268825,0.9104417670682731,0.8913262873972361,0.8538847893169614,0.8622585660304998
280,0.011563032069894928,0.014889759887192494,,False,0.93433075610001,0.9240114630575987,0.8872798962518339,0.8980149742011903,0.9108433734939759,0.8916786909978962,0.854258900802184,0.8626304717769446
281,0.011542765248100969,0.014869527269933737,,False,0.9344311677879306,0.9242680616243053,0.8878013182524838,0.898560563741027,0.9104417670682731,0.8912881920823688,0.8538783832983788,0.8622599361082284
282,0.0115212256251172,0.014857751836522189,,False,0.9347324028516919,0.9245442472567701,0.8880610970254332,0.8988227677849778,0.9104417670682731,0.8912881920823688,0.8538783832983788,0.8622599361082284
283,0.011499844970181665,0.014845586053009523,,False,0.934531579475851,0.9243598877583329,0.8878743556622213,0.8986322007584965,0.9108433734939759,0.8916786909978962,0.854258900802184,0.8626304717769446
284,0.011479392862669488,0.014830697018029361,,False,0.9346319911637715,0.9247603606277666,0.8888097451360861,0.899596202834616,0.9108433734939759,0.8916786909978962,0.854258900802184,0.8626304717769446
285,0.01145848029890889,0.014817255311142937,,False,0.9348328145396124,0.9249433789318504,0.8889964864992981,0.8997850057253631,0.9104417670682731,0.8912881920823688,0.8538783832983788,0.8622599361082284
286,0.01143828410014827,0.01480147424976711,,False,0.9350336379154534,0.9251250353492971,0.8891837803517504,0.8999723589931921,0.9104417670682731,0.8912881920823688,0.8538783832983788,0.8622599361082284
287,0.011418346665424618,0.01478888296992442,,False,0.9348328145396124,0.9249381834517398,0.8889931940281927,0.8997668057237291,0.9112449799196787,0.8920444559165261,0.8546126329699503,0.8629818095975216
288,0.011396648633251903,0.014778676179641802,,False,0.9351340496033739,0.9252077354119635,0.8892712791914944,0.9000487622221868,0.9112449799196787,0.8920660261740961,0.8546138883776189,0.8629915342631
289,0.011376640102622626,0.014763931253459118,,False,0.9355356963550557,0.9255697981004237,0.8896420941841582,0.9004192171989044,0.9112449799196787,0.8920200999022385,0.8545883584492486,0.8629762269369824
290,0.011357205383082356,0.014752030493311441,,False,0.9353348729792148,0.9253862257908048,0.8894609564756374,0.9002422756114369,0.9112449799196787,0.8920200999022385,0.8545883584492486,0.8629762269369824
291,0.011336240816885588,0.014740802350655485,,False,0.9355356963550557,0.9255675119354514,0.889650009022435,0.9004276513598831,0.9120481927710843,0.8866610592329427,0.855336589902178,0.8628514526576632
292,0.01131610603372771,0.014728806945143249,,False,0.9358369314188172,0.9259842744708009,0.8903414208067075,0.9011240610244275,0.9116465863453815,0.8863469854911796,0.854963733824624,0.8624917294196798
293,0.011296138674083415,0.014715594917613201,,False,0.9358369314188172,0.9259842744708009,0.8903414208067075,0.9011240610244275,0.9124497991967871,0.8870169720699285,0.8557094459797321,0.8632227547010802
294,0.011276476885961017,0.014702249254888932,,False,0.9359373431067376,0.9262159293030374,0.8908534535768049,0.9016404700702334,0.9124497991967871,0.8870169720699285,0.8557094459797321,0.8632227547010802
295,0.011257652583440305,0.014688344422217479,,False,0.9361381664825785,0.9263894158672239,0.8910401949400168,0.9018247459737369,0.9124497991967871,0.8870169720699285,0.8557094459797321,0.8632227547010802
296,0.011236609831446654,0.014671639608821365,,False,0.9358369314188172,0.9261194831817353,0.8907600828951989,0.9015453582083277,0.9124497991967871,0.887063426710258,0.8557171074059832,0.8632247368179554
297,0.01121769949398507,0.014651531620937311,,False,0.9357365197308967,0.9260486892037064,0.8906684709079382,0.9014505674657859,0.91285140562249,0.8874057449830229,0.8560899634835373,0.8635934112783983
298,0.011198119628602524,0.0146499138496296,,False,0.9358369314188172,0.9262632245161151,0.8911740503684141,0.9019590929035234,0.9120481927710843,0.8867127651527037,0.8553429959207606,0.8628527397244912
299,0.011178236567810336,0.014632493725245574,,False,0.93643940154634,0.9262172306815695,0.8921586568132955,0.9027830548158968,0.9124497991967871,0.887063426710258,0.8557171074059832,0.8632247368179554
300,0.01115910526970809,0.014619834932118627,,False,0.9363389898584196,0.926273523480606,0.8924839482201808,0.9031037719995731,0.9120481927710843,0.8867127651527037,0.8553429959207606,0.8628527397244912
301,0.011139670756275448,0.014613861850190635,,False,0.93643940154634,0.9263651488430731,0.8925773189017868,0.9031966594426374,0.9124497991967871,0.8884864111318375,0.8573942030709022,0.8652527146605097
302,0.011120279237266452,0.014598235604112038,,False,0.9365398132342605,0.926593131670253,0.8930841838943699,0.9037015807462832,0.9124497991967871,0.8884864111318375,0.8573942030709022,0.8652527146605097
303,0.011101593228904302,0.014590662424974777,,False,0.9366402249221809,0.9265459882983984,0.8927559565665537,0.9033756833940573,0.9124497991967871,0.8885245224873777,0.8574006090894848,0.8652513741443634
304,0.011083165037926865,0.014575346181797082,,False,0.9365398132342605,0.9264650966479905,0.8926552235359113,0.9032781052801031,0.9120481927710843,0.8882286395725956,0.8570264976042622,0.8648924551152305
305,0.011063510750933822,0.014565233426708539,,False,0.9368410482980218,0.926880716774387,0.8933522389748751,0.9039738341452873,0.91285140562249,0.8889226792241277,0.857756128514261,0.8656439376441133
306,0.011044643923517339,0.014540523781394659,,False,0.9368410482980218,0.9274500250385775,0.8929353355807292,0.9037151103144505,0.9132530120481928,0.8892621627488564,0.8581366460180662,0.8660023034596336
307,0.011026003003606996,0.014532526807999192,,False,0.9369414599859424,0.9276776165385756,0.8934456096564811,0.9042270297173507,0.91285140562249,0.8888310562035632,0.857756128514261,0.8656262813133155
308,0.011007811882058802,0.014524256817275618,,False,0.9370418716738629,0.9277634507083713,0.8935342857228109,0.9043173883074416,0.9132530120481928,0.889211512104262,0.8581111160896958,0.8659812654669676
309,0.010988986935048748,0.014508988955804863,,False,0.9373431067376242,0.9280395892624915,0.8938157205847972,0.9045862917006442,0.9124497991967871,0.8885274492172124,0.8573884230476209,0.8652478133709596
310,0.01097312903111264,0.014506800368439458,,False,0.9368410482980218,0.9269083380395282,0.8933457262807694,0.9039624152451751,0.91285140562249,0.8889052641022303,0.8577434106230558,0.8656086844740524
311,0.010951969128524329,0.014490137751264159,,False,0.9372426950497038,0.9279403624842915,0.8937188325145006,0.9044955337745171,0.9132530120481928,0.889211512104262,0.8581111160896958,0.8659812654669676
312,0.010933808521270726,0.014470857667713222,,False,0.9373431067376242,0.9280359691804025,0.8938095354623462,0.9045878476047595,0.91285140562249,0.8887812755112665,0.857756128514261,0.8656035341841535
313,0.010915651125783347,0.014458656250411164,,False,0.9373431067376242,0.9280359691804025,0.8938095354623462,0.9045878476047595,0.91285140562249,0.8887812755112665,0.857756128514261,0.8656035341841535
314,0.010896986846295137,0.01445329588012472,,False,0.9375439301134653,0.9282212332380294,0.8939997158173709,0.9047707844925887,0.91285140562249,0.8888185056100535,0.8577625345328435,0.8656022530415911
315,0.010879144955318826,0.014435700490679772,,False,0.9375439301134653,0.9282212332380294,0.8939997158173709,0.9047707844925887,0.9132530120481928,0.8891691671676075,0.8581366460180662,0.8659742501350555
316,0.010861290968181938,0.014422331005861507,,False,0.9376443418013857,0.9283041979999216,0.8940907753153914,0.9048677792765871,0.91285140562249,0.8887812755112665,0.857756128514261,0.8656035341841535
317,0.010843236930301363,0.014411610565061666,,False,0.9375439301134653,0.9283417327705032,0.8944160667222767,0.9051818105326359,0.9136546184738956,0.8894596111482984,0.8584852275749184,0.8663133523439712
318,0.010825177568634834,0.014400969049558728,,False,0.9380459885530675,0.9288251649026837,0.8948825635801322,0.9056500436802595,0.9136546184738956,0.8894596111482984,0.8584852275749184,0.8663133523439712
319,0.010807235420490268,0.014387113113165633,,False,0.9377447534893062,0.9285347350010436,0.8946018990460739,0.9053657196877106,0.9136546184738956,0.8895037307257359,0.858491633593501,0.866318032262217
320,0.010789625723985515,0.014375426315490311,,False,0.9378451651772266,0.9287565973808332,0.8951138534192933,0.9058670376533817,0.9124497991967871,0.8884157643693734,0.8573628931192506,0.865203163579563
321,0.010772618073512957,0.014366380440795877,,False,0.9377447534893062,0.928670122527292,0.8950204827376873,0.9057761743598667,0.91285140562249,0.8888057799588917,0.8577434106230558,0.8655737300611772
322,0.010754568147279533,0.014354875856969884,,False,0.9382468119289086,0.9291185334021588,0.8954855774513718,0.9062449224154706,0.9132530120481928,0.8891090280664486,0.8581111160896958,0.8659421037279587
323,0.010737219537048431,0.014339739963490888,,False,0.9384476353047495,0.9294386970172703,0.8960926612005424,0.906837855746623,0.9132530120481928,0.889149036411783,0.8581175221082784,0.8659412823424562
324,0.010720097643762189,0.01432178907014105,,False,0.9384476353047495,0.9294386970172703,0.8960926612005424,0.906837855746623,0.9140562248995984,0.8912149923104273,0.8605492467622252,0.8686701894384202
325,0.010703955144609369,0.014312187983386493,,False,0.9382468119289086,0.9292612620084382,0.8959059198373305,0.9066514620713089,0.9132530120481928,0.8905238525465295,0.85980102379178,0.8679310998207367
326,0.010685794282496752,0.014300809688294811,,False,0.9384476353047495,0.9294437467509761,0.8960899934667823,0.906836674996994,0.9136546184738956,0.8908671089994209,0.8601751352770026,0.8682986521020157
327,0.010667904789884988,0.01429180934939564,,False,0.9384476353047495,0.9294386970172703,0.8960926612005424,0.906837855746623,0.9136546184738956,0.8936111279225817,0.8601751352770026,0.8687576067048024
328,0.010651085112573651,0.01429029246550368,,False,0.9385480469926699,0.9289786451291797,0.8966044257834691,0.9071718959340684,0.9136546184738956,0.893635345202624,0.8601751352770026,0.8687612024928657
329,0.010632981128508886,0.014283615381623808,,False,0.9388492820564314,0.9294967473876729,0.897715408695648,0.9082455034918602,0.9132530120481928,0.8932463947875681,0.8597946177731974,0.8683905605315682
330,0.010615966234988762,0.014272534841376673,,False,0.9389496937443519,0.9294621357777539,0.8973901172887627,0.9079423380545537,0.9136546184738956,0.893593440111471,0.8601687292584201,0.8687615224324123
331,0.010599088913185345,0.014267512907666122,,False,0.9388492820564314,0.9295182709837034,0.8977159611848882,0.9082494078156791,0.9132530120481928,0.8932463947875681,0.8597946177731974,0.8683905605315682
332,0.01058195481813889,0.014253612109295476,,False,0.9388492820564314,0.9296406214152775,0.8981340707841393,0.9086459811794426,0.9136546184738956,0.893635345202624,0.8601751352770026,0.8687612024928657
333,0.010565909508330768,0.01423762092958657,,False,0.9389496937443519,0.9297341427171616,0.8982265324263303,0.9087361273753672,0.9140562248995984,0.8940179042589639,0.8605301228524376,0.8691176817069081
334,0.010548959442536837,0.014224890558644792,,False,0.9389496937443519,0.9297428716101727,0.8982265324263303,0.9087381367076025,0.9140562248995984,0.8940179042589639,0.8605301228524376,0.8691176817069081
335,0.010531131903749187,0.014217258347573484,,False,0.9390501054322723,0.9298264238465761,0.8983181444135909,0.908831695712925,0.9132530120481928,0.8932463947875681,0.8597946177731974,0.8683905605315682
336,0.010514430704088716,0.014208650725560308,,False,0.9392509288081132,0.9293346061858114,0.8984966094692474,0.9088479585700929,0.9132530120481928,0.8932463947875681,0.8597946177731974,0.8683905605315682
337,0.010498135240998034,0.014196585756132201,,False,0.9393513404960337,0.9290437800669429,0.899429972061596,0.909564622461494,0.9132530120481928,0.8932463947875681,0.8597946177731974,0.8683905605315682
338,0.010481572900488427,0.014183215677773956,,False,0.9393513404960337,0.9290573240895829,0.8994409161029119,0.909578767199091,0.9136546184738956,0.8935571612524513,0.8601687292584201,0.8687500868780956
339,0.010465230728245366,0.0141764597409172,,False,0.9394517521839542,0.9292791156491612,0.8999529488730091,0.910058777416836,0.9136546184738956,0.8935571612524513,0.8601687292584201,0.8687500868780956
340,0.010450176126329409,0.014166996144453136,,False,0.9397529872477156,0.9295428470570984,0.9002194491427511,0.9103252357522023,0.9136546184738956,0.8935263495460026,0.8601687292584201,0.8687434711413873
341,0.01043228475060321,0.014162167370663363,,False,0.9396525755597952,0.9295936070056469,0.9005491669777421,0.9106198492691752,0.9132530120481928,0.893209072640714,0.8597946177731974,0.8683791996880461
342,0.010415468611284787,0.014141985377540685,,False,0.9396525755597952,0.9295781182686186,0.9005491669777421,0.9106149054932141,0.9132530120481928,0.893209072640714,0.8597946177731974,0.8683791996880461
343,0.010399189474515517,0.01412887835863729,,False,0.9396525755597952,0.9295781182686186,0.9005491669777421,0.9106149054932141,0.9136546184738956,0.8935459191717597,0.8601674738507515,0.8687463461548101
344,0.010383891015259309,0.014120034490216933,,False,0.9400542223114771,0.9299511204411819,0.9009199819704057,0.9109912001313819,0.9136546184738956,0.8907605104001612,0.8601687292584201,0.8682712755431212
345,0.010366954507500512,0.014114808336888642,,False,0.9400542223114771,0.9300921712818826,0.901336538780503,0.9113723279731943,0.9132530120481928,0.8961918547539308,0.8597946177731974,0.8688509979475278
346,0.010351127010187618,0.014101977492699896,,False,0.9398533989356361,0.9299155385809598,0.9011471296835308,0.9111815673908771,0.9144578313253012,0.8942695679697389,0.8609029789299916,0.8694552785957708
347,0.010334790680940332,0.01408639919234702,,False,0.9404558690631589,0.9304423419647362,0.9017071969794108,0.9117367462659777,0.9144578313253012,0.8941638161210229,0.8609169607113495,0.869444638769387
348,0.01031891237587709,0.014077931919627744,,False,0.9404558690631589,0.9304477813744276,0.9017071969794108,0.9117383390858923,0.9140562248995984,0.8938294720948148,0.8605415853359741,0.8690955032208262
349,0.010303060568311075,0.014070968106663832,,False,0.9401546339993976,0.9301819124899287,0.9014271633314708,0.9114611169056344,0.9144578313253012,0.8941931621225003,0.860923366729932,0.8694418163557948
350,0.010288876094686749,0.014066384907318994,,False,0.9397529872477156,0.9298303040196715,0.9010564267356851,0.9110913163369525,0.9144578313253012,0.8915396448953895,0.8609054982278129,0.8689811528281702
351,0.010272486406587433,0.014055233674932676,,False,0.9399538106235565,0.9300167615802182,0.9012430897020192,0.9112815142755599,0.9144578313253012,0.8942660167521963,0.8609054982278129,0.8694367225904107
352,0.010255534518227827,0.014042904932757389,,False,0.9406566924389999,0.930756384393537,0.9023124436373582,0.9123054693572357,0.9144578313253012,0.8941818170744009,0.8608978368015617,0.8694272095477933
353,0.010239869892407959,0.014039182122752522,,False,0.9406566924389999,0.9307533743172706,0.9023124436373582,0.9123045340204116,0.9144578313253012,0.8941818170744009,0.8608978368015617,0.8694272095477933
354,0.010224100192957209,0.014019635295465975,,False,0.9407571041269204,0.9308465578175722,0.9024058143189642,0.9123987649916305,0.9144578313253012,0.8941818170744009,0.8608978368015617,0.8694272095477933
355,0.010208606105214032,0.014009274947016257,,False,0.9407571041269204,0.930849685128722,0.902406287481202,0.9123979640826213,0.9144578313253012,0.8941818170744009,0.8608978368015617,0.8694272095477933
356,0.010194219711090406,0.013998916053106304,,False,0.9412591625665228,0.9307104922651974,0.9028736933784722,0.9127089620135342,0.9144578313253012,0.8941638161210229,0.8609169607113495,0.869444638769387
357,0.0101776846457576,0.013993833738946033,,False,0.9411587508786022,0.9307256906553809,0.9031994579475955,0.9129790601078275,0.9144578313253012,0.8941638161210229,0.8609169607113495,0.869444638769387
358,0.010162671100473253,0.013993459258737228,,False,0.9410583391906818,0.930647315531323,0.9031061665929919,0.9128876325379705,0.9144578313253012,0.8941818170744009,0.8608978368015617,0.8694272095477933
359,0.010146621563971451,0.013980350322664556,,False,0.9412591625665228,0.930951936433927,0.9037063229401786,0.9134446539270635,0.914859437751004,0.8945296335073455,0.8612706928791157,0.8698015019339254
360,0.010131357314996724,0.013964954623542088,,False,0.9411587508786022,0.9307336553407166,0.9031942901700813,0.9129775572492128,0.914859437751004,0.8945296335073455,0.8612706928791157,0.8698015019339254
361,0.01011644971331757,0.01395997973926884,,False,0.9414599859423637,0.9311270378225256,0.9038940899548688,0.91362597288559,0.914859437751004,0.8945296335073455,0.8612706928791157,0.8698015019339254
362,0.01010074857081947,0.013947686746399911,,False,0.9416608093182046,0.9313210450416077,0.9040803581558428,0.9138206059709151,0.9144578313253012,0.8941567725753404,0.860915705303681,0.8694466079401254
363,0.010086004650720556,0.013938291515318823,,False,0.9414599859423637,0.9311384470002293,0.903897054854319,0.9136270894434231,0.914859437751004,0.8945296335073455,0.8612706928791157,0.8698015019339254
364,0.01007035504508099,0.01393181789615326,,False,0.9414599859423637,0.931129475855569,0.9038935374656284,0.9136295682212529,0.914859437751004,0.8945296335073455,0.8612706928791157,0.8698015019339254
365,0.010055404771569078,0.013916708280968077,,False,0.9418616326940455,0.9314960268778231,0.9042675726812927,0.9140058238169456,0.9152610441767068,0.8948681571653084,0.8616639282741262,0.8701910473602289
366,0.010040179636154584,0.013910842537963415,,False,0.9417612210061251,0.9314027006960317,0.9041742019996867,0.9139105150288478,0.9156626506024096,0.8952322901907244,0.8620176604418925,0.8705480925370941
367,0.010025993743444036,0.013900395347531772,,False,0.9415603976302842,0.9312374282151369,0.9039909780251654,0.9137217396828624,0.9160642570281124,0.8956160128650872,0.8623981779456976,0.8709183537146521
368,0.01001076587963158,0.013891381539710763,,False,0.9417612210061251,0.9314170040651971,0.9041777193883773,0.9139111498197189,0.9156626506024096,0.8952322901907244,0.8620176604418925,0.8705480925370941
369,0.009995604611906567,0.013886598585800143,,False,0.9420624560698866,0.931676893397865,0.9044554190229851,0.9141874940304636,0.9152610441767068,0.8948613277972363,0.8616626728664577,0.8701930807933468
370,0.00998096034941086,0.013874740316357433,,False,0.9422632794457275,0.9318704843962268,0.9046456777748877,0.9143749428723846,0.9156626506024096,0.8952322901907244,0.8620176604418925,0.8705480925370941
371,0.00996626053922865,0.013862099509623835,,False,0.9422632794457275,0.9324679377568956,0.9046423791550092,0.9145338433023696,0.9156626506024096,0.8952322901907244,0.8620176604418925,0.8705480925370941
372,0.009951425069866364,0.013857417959290855,,False,0.9425645145094889,0.9327377271889803,0.9049224128029493,0.914814998239633,0.9160642570281124,0.8955869108634984,0.8623917719271151,0.8709203243530971
373,0.009937005330094442,0.013849329033039225,,False,0.9425645145094889,0.9327433600704769,0.9049246446595325,0.914812139842689,0.9156626506024096,0.8952322901907244,0.8620176604418925,0.8705480925370941
374,0.009922333998648154,0.013834748544344985,,False,0.9425645145094889,0.9333478247141023,0.9049241714972945,0.9149780643763036,0.9156626506024096,0.8952322901907244,0.8620176604418925,0.8705480925370941
375,0.009908076088003035,0.013835403769337586,,False,0.9429661612611708,0.9337131172736678,0.9052957149757462,0.9153499412587193,0.9156626506024096,0.8952178524085773,0.8620367843516803,0.8705651969980567
376,0.009893150835906622,0.013825267048370038,,False,0.9427653378853299,0.9335265973585991,0.9051119385119848,0.9151583106947245,0.9156626506024096,0.8952322901907244,0.8620176604418925,0.8705480925370941
377,0.009878883428681267,0.013815529286734433,,False,0.9428657495732503,0.9336486609707477,0.9052059400797088,0.9152592118038422,0.9156626506024096,0.8952322901907244,0.8620176604418925,0.8705480925370941
378,0.0098647035308357,0.013808695598632686,,False,0.9430665729490912,0.9344541952699171,0.9053879868276444,0.9156108540857384,0.9160642570281124,0.8955954569897915,0.8623917719271151,0.8709272389848239
379,0.009850235453889914,0.013803268839022418,,False,0.9431669846370118,0.9340379695215955,0.9059000195977419,0.9159105955066834,0.9160642570281124,0.8955954569897915,0.8623917719271151,0.8709272389848239
380,0.009835582152189696,0.013795500210112735,,False,0.9432673963249322,0.9340951589284907,0.9060006742315063,0.9159994608880323,0.9160642570281124,0.8955954569897915,0.8623917719271151,0.8709272389848239
381,0.009821584039519814,0.013788668854034212,,False,0.9435686313886936,0.9337715833103485,0.9062698422350084,0.9161117224269828,0.9168674698795181,0.8974969333814548,0.8648234965810621,0.873620965394043
382,0.0098079561872053,0.013771799786794499,,False,0.9435686313886936,0.9337908092711413,0.9062781185425641,0.9161234446403643,0.9164658634538153,0.8971288909120676,0.8644685090056271,0.8732657655440949
383,0.00979286286114087,0.013762810014372554,,False,0.9432673963249322,0.9335096597965035,0.9059980064977462,0.9158372560050232,0.9160642570281124,0.8968012198384261,0.8640752736106169,0.872869573045344
384,0.009779099017581627,0.013754708532049735,,False,0.9436690430766141,0.93386531182742,0.9063605451828542,0.9162038083614762,0.9160642570281124,0.8940861629176824,0.8641065835622685,0.87241253448148
385,0.0097646285484096,0.013744985511858978,,False,0.9434682197007732,0.933678593734502,0.9061764715534024,0.9160166194233648,0.9168674698795181,0.8948354856798273,0.8648344272152575,0.8731356962612185
386,0.009750459964804175,0.013740882140776782,,False,0.9436690430766141,0.9338761396606969,0.9063537452891839,0.9162023918095445,0.9168674698795181,0.895994877135215,0.8665179288987591,0.875002769580282
387,0.009736793471638205,0.013738031052989793,,False,0.9436690430766141,0.9338719079998486,0.9063538236860619,0.9162017025255698,0.9168674698795181,0.895976218810189,0.8665179288987591,0.8750039870786543
388,0.009724193809192034,0.01372976077939883,,False,0.9438698664524551,0.9340393032429755,0.9065451812676721,0.9163899133536579,0.9180722891566265,0.8970404956675134,0.8676293412027157,0.8761160380447582
389,0.009708998111664584,0.01371402681592652,,False,0.9439702781403755,0.9335465002470268,0.9066430897707985,0.9163279633694875,0.9180722891566265,0.8991727765871664,0.8710072667214303,0.879731353557566
390,0.00969495333100971,0.01370869396514649,,False,0.944070689828296,0.9336345388388823,0.9067291765002461,0.9164158100346482,0.9180722891566265,0.8991727765871664,0.8710072667214303,0.879731353557566
391,0.009681058457051113,0.01369828776872083,,False,0.9441711015162165,0.9337339782912328,0.906806830128382,0.9165000688846854,0.9180722891566265,0.8991689550184119,0.871008530611583,0.8797293237459113
392,0.009667486069521197,0.013687828461129764,,False,0.9443719248920575,0.9339105254862443,0.906993493094716,0.9166850726535191,0.9180722891566265,0.8991689550184119,0.871008530611583,0.8797293237459113
393,0.009653668902983095,0.013683558049183718,,False,0.9444723365799779,0.934602429990158,0.9070841960425616,0.9169417032377419,0.9184738955823293,0.8995250304046049,0.8713704560549416,0.8800997880629066
394,0.00964046662424382,0.013676970128884369,,False,0.9443719248920575,0.934550803328633,0.906991706322938,0.9168563638452247,0.9188755020080321,0.9023679592539491,0.8717323814983003,0.8810021193439365
395,0.009626811443466225,0.013670781819513934,,False,0.9447735716437393,0.93515163720606,0.9081978186110682,0.9179623146202138,0.9188755020080321,0.9023679592539491,0.8717323814983003,0.8810021193439365
396,0.009613550223627532,0.013660817878724921,,False,0.9448739833316598,0.9340259254831756,0.9082981438419664,0.9177216774291838,0.9188755020080321,0.8998783434570906,0.8717445675401643,0.8804713782338343
397,0.009599648658592893,0.013654677415792037,,False,0.9450748067075008,0.9353911128524341,0.9084808363612505,0.918232191956181,0.9184738955823293,0.8995250304046049,0.8713704560549416,0.8800997880629066
398,0.009586191315374441,0.01364579051558199,,False,0.9451752183954212,0.9343016573306042,0.9085666730148338,0.91798805200872,0.9188755020080321,0.9023679592539491,0.8717323814983003,0.8810021193439365
399,0.009573064581630639,0.013641580781495442,,False,0.9451752183954212,0.9348830209653644,0.9085719985162284,0.9181569562229459,0.9184738955823293,0.8995250304046049,0.8713704560549416,0.8800997880629066
400,0.009559961210477795,0.013637265126900404,,False,0.9455768651471032,0.9353643058088605,0.9093500594853148,0.9188822466831819,0.9180722891566265,0.8991492460479316,0.8709899385511365,0.8797196536853185
401,0.009546560130497055,0.013633566811913191,,False,0.9458781002108645,0.9352932476555057,0.9104692544014605,0.9197133984660957,0.9188755020080321,0.899887814925319,0.8717001626161023,0.8804265747230875
402,0.009533278716374155,0.0136173656951415,,False,0.9457776885229441,0.9350930333092307,0.9099462775900474,0.9192580813230572,0.9188755020080321,0.899887814925319,0.8717001626161023,0.8804265747230875
403,0.009520531873125298,0.013618647186741611,,False,0.9458781002108645,0.9352888333747769,0.9104612462810757,0.9197128106260164,0.9184738955823293,0.8995057820938099,0.8713196451122971,0.8800555022072045
404,0.009507194451072799,0.013599133513503047,,False,0.9456772768350236,0.9355733605170307,0.9098576015237178,0.919332644554982,0.9192771084337349,0.9027286964406217,0.872062088059461,0.8813290245362115
405,0.009494225871419317,0.01359194695764064,,False,0.9457776885229441,0.9356672666236686,0.9099462775900474,0.9194224337713016,0.9192771084337349,0.9027286964406217,0.872062088059461,0.8813290245362115
406,0.009480792234057239,0.013588433197367385,,False,0.9460789235867055,0.936047647959286,0.9106450517233566,0.9200608151109775,0.9188755020080321,0.899887814925319,0.8717001626161023,0.8804265747230875
407,0.009468697112696333,0.01358325388231942,,False,0.9460789235867055,0.9360370057464329,0.9106479876442877,0.920067167707077,0.9188755020080321,0.8998601260687753,0.8716937565975198,0.8804270206008863
408,0.009455344532619633,0.01357463577270765,,False,0.9458781002108645,0.9353074931275324,0.9104577578709045,0.919712525292305,0.9184738955823293,0.8972328728761231,0.8713247872407268,0.8795491407990482
409,0.009442228144420447,0.013559908538062505,,False,0.9460789235867055,0.9354775005283655,0.9106491154525149,0.9199003910032673,0.9188755020080321,0.8975757249663052,0.871697643318281,0.8799155434326722
410,0.009429378821465705,0.013553872948808937,,False,0.9461793352746259,0.9356976467243031,0.9111537858735758,0.9203445446853957,0.9196787148594378,0.903050544473526,0.8724349441370151,0.8816789130016767
411,0.009416849373874766,0.013553717279811615,,False,0.9461793352746259,0.9357021020352696,0.9111538642704536,0.920347367902392,0.9192771084337349,0.902707692383344,0.872062088059461,0.8813125103680529
412,0.00940415067480015,0.013545907440192129,,False,0.9462797469625465,0.9359023287337062,0.9116658970405509,0.920792846508662,0.9184738955823293,0.8972108936389471,0.8713247872407268,0.8795326584268955
413,0.00939148380814882,0.013539958548489037,,False,0.9466813937142283,0.9363638873300251,0.9124470194172724,0.9215095030693052,0.9184738955823293,0.8971936921347962,0.8713171258144757,0.8795444709167891
414,0.009378565989015954,0.013523201930561701,,False,0.9464805703383874,0.9359527648331625,0.9114167044510383,0.9206082215373562,0.9196787148594378,0.903050544473526,0.8724349441370151,0.8816789130016767
415,0.00936572073089487,0.01351801987750958,,False,0.9466813937142283,0.9368066755188806,0.9120236627135048,0.9213146854383852,0.9196787148594378,0.903050544473526,0.8724349441370151,0.8816789130016767
416,0.009353355839253603,0.013507305748056551,,False,0.9467818054021488,0.9369005347167416,0.9121081162353111,0.9214034023299473,0.9196787148594378,0.903050544473526,0.8724349441370151,0.8816789130016767
417,0.009341215854397376,0.013501511871143096,,False,0.9468822170900693,0.9375688633234485,0.9121941245678806,0.921657191106263,0.9196787148594378,0.903050544473526,0.8724349441370151,0.8816789130016767
418,0.009328857563666798,0.013490570585393342,,False,0.9469826287779898,0.937549926742447,0.9118705918553405,0.9213937514253898,0.9196787148594378,0.903050544473526,0.8724349441370151,0.8816789130016767
419,0.009316329553277549,0.013488774300152951,,False,0.9466813937142283,0.936718883259888,0.9115932259411608,0.9209547298886542,0.9196787148594378,0.9030809713811441,0.8724349441370151,0.8816828830406083
420,0.009303962699829783,0.013487662183555037,,False,0.9471834521538307,0.9373834865311239,0.9128990838236406,0.922122634402504,0.9196787148594378,0.9030809713811441,0.8724349441370151,0.8816828830406083
421,0.009291219587395124,0.013480303549693274,,False,0.9472838638417512,0.9380301691089118,0.9129815104639307,0.9223754891348612,0.9192771084337349,0.9026685116420169,0.8720544266332099,0.8813078404857937
422,0.009280358988936034,0.01347055411073711,,False,0.9469826287779898,0.9381527009191988,0.9118587387746098,0.9215552680757462,0.9192771084337349,0.9027428669314637,0.8720595687616396,0.8813191867913027
423,0.009266917208944835,0.01346519899174693,,False,0.9473842755296716,0.9375732911485467,0.9130831574530924,0.9223122164024219,0.9196787148594378,0.9030809713811441,0.8724349441370151,0.8816828830406083
424,0.009254393216652685,0.013458082114915613,,False,0.9474846872175922,0.9387735202954938,0.9131637470021593,0.9227259169249287,0.9192771084337349,0.9026685116420169,0.8720544266332099,0.8813078404857937
425,0.009242155405267023,0.013453259780789695,,False,0.9473842755296716,0.9385940273977496,0.9126491248951797,0.9222801011120997,0.9192771084337349,0.9026980143311635,0.8720544266332099,0.8813118690109701
426,0.009229965174478537,0.013449134323474648,,False,0.9477859222813535,0.9391641491743263,0.9138622429821718,0.9233563076634792,0.9192771084337349,0.9026980143311635,0.8720544266332099,0.8813118690109701
427,0.009217966536789333,0.013450576058352258,,False,0.9477859222813535,0.9380515119475223,0.9138654632051723,0.9230278241317593,0.9188755020080321,0.8998571328158609,0.8716925011898512,0.8804094191978461
428,0.00920580504841041,0.013437021994603645,,False,0.9477859222813535,0.9380438678866211,0.9138654632051723,0.9230232603715456,0.9188755020080321,0.8998571328158609,0.8716925011898512,0.8804094191978461
429,0.009193589044811651,0.013427024731504403,,False,0.948087157345115,0.9388907502831404,0.9141427507224742,0.9234761720078666,0.9188755020080321,0.8998571328158609,0.8716925011898512,0.8804094191978461
430,0.00918182675923969,0.013421605729243027,,False,0.9477859222813535,0.9385081601184913,0.9134422962916976,0.9228451784924268,0.9188755020080321,0.8998571328158609,0.8716925011898512,0.8804094191978461
431,0.009169852977862311,0.013411278904695118,,False,0.9479867456571945,0.9388826724386907,0.9144728151415138,0.9237271968825542,0.9184738955823293,0.8972012155867665,0.8713171258144757,0.8795320170698129
432,0.00915785307061645,0.013405243023357704,,False,0.948087157345115,0.9389750701100268,0.9145614912078435,0.923819362340369,0.9184738955823293,0.8972012155867665,0.8713171258144757,0.8795320170698129
433,0.009146468710400207,0.013400446181942988,,False,0.9481875690330355,0.9387046583477829,0.9154995484154684,0.9244365939983994,0.9192771084337349,0.9002134337032491,0.8720666126750738,0.8807814479140242
434,0.009134609249414217,0.013396799553838337,,False,0.9482879807209559,0.9393507214669433,0.9155902513633143,0.9246994808106509,0.9188755020080321,0.8998571328158609,0.8716925011898512,0.8804094191978461
435,0.00912293024664995,0.013383482386336614,,False,0.9483883924088764,0.9394244609750437,0.9156835436480423,0.9247839977110252,0.9196787148594378,0.9005606799584872,0.8724419880504491,0.8811497785582497
436,0.009110968165934017,0.013380282834388326,,False,0.9483883924088764,0.9390059894389131,0.9161001788550175,0.9249635100472567,0.9192771084337349,0.9011556536135517,0.8737501143585754,0.8825050989611252
437,0.009099949169511765,0.013373859810193397,,False,0.9481875690330355,0.9392763782116008,0.915492186066432,0.9246023814047475,0.9192771084337349,0.900204379071099,0.8720678765652266,0.8807777498420717
438,0.009087394924112919,0.013366917541092465,,False,0.9482879807209559,0.9393519568672595,0.9155901729664363,0.9246962942185577,0.9192771084337349,0.900204379071099,0.8720678765652266,0.8807777498420717
439,0.009076011055850538,0.013362588228115544,,False,0.9482879807209559,0.9393694974766981,0.915585556748038,0.9246976088576009,0.9196787148594378,0.9015028998687897,0.8741254897339508,0.8828734296053506
440,0.009064150178498185,0.013356262009504797,,False,0.9482879807209559,0.9393515003524223,0.9155901729664363,0.9246973899327189,0.9192771084337349,0.900204379071099,0.8720678765652266,0.8807777498420717
441,0.009052627530151935,0.013348566500479098,,False,0.9483883924088764,0.9401080296773878,0.9161022057365336,0.9253092513353997,0.9192771084337349,0.9002193431946127,0.8720678765652266,0.8807914750071355
442,0.009041315339295494,0.013338360109079952,,False,0.9482879807209559,0.9399242192013426,0.9155854783511601,0.9248675455316546,0.9192771084337349,0.9002193431946127,0.8720678765652266,0.8807914750071355
443,0.00902970454692811,0.013330060524810002,,False,0.9483883924088764,0.9401045566279086,0.9161022057365336,0.9253069949797056,0.9192771084337349,0.9002193431946127,0.8720678765652266,0.8807914750071355
444,0.009018585274728728,0.013323495258491445,,False,0.9485892157847173,0.9402826954245798,0.9162887903059898,0.9254935440938628,0.9192771084337349,0.9002193431946127,0.8720678765652266,0.8807914750071355
445,0.009006899349306265,0.013319522118564697,,False,0.9486896274726379,0.940463568332507,0.916800823076087,0.9259258359860514,0.9196787148594378,0.9015155715087351,0.8741254897339508,0.8828866068528894
446,0.008995279734441515,0.013313128833395065,,False,0.9485892157847173,0.9403613196515104,0.9167075307913589,0.925827636399861,0.9200803212851406,0.9018862189112377,0.8744551962951114,0.8832297471603722
447,0.008984266758158633,0.013311253784124847,,False,0.9486896274726379,0.9399928395902027,0.9172200367236941,0.9260842854688155,0.9200803212851406,0.9018862189112377,0.8744551962951114,0.8832297471603722
448,0.0089733178787214,0.013306901117749487,,False,0.9491916859122402,0.9415418897748721,0.9176815546642038,0.9268887251986668,0.9200803212851406,0.9018862189112377,0.8744551962951114,0.8832297471603722
449,0.008961806039390207,0.013298986346555838,,False,0.9491916859122402,0.9409791702958645,0.917684065604208,0.9267130194648951,0.9200803212851406,0.9018862189112377,0.8744551962951114,0.8832297471603722
450,0.008950382266380343,0.013295526477579955,,False,0.9490912742243197,0.9403504320582677,0.9175881055857198,0.9264468016041221,0.9200803212851406,0.9018862189112377,0.8744551962951114,0.8832297471603722
451,0.008939112366338221,0.013285619013242274,,False,0.9490912742243197,0.9403504320582677,0.9175881055857198,0.9264468016041221,0.9200803212851406,0.9018862189112377,0.8744551962951114,0.8832297471603722
452,0.008928133981337742,0.013273148995644133,,False,0.9491916859122402,0.9415395323927184,0.9176787301366878,0.9268798328096012,0.9200803212851406,0.9018862189112377,0.8744551962951114,0.8832297471603722
453,0.008916759600913225,0.01327279260718417,,False,0.9490912742243197,0.9408973839779065,0.9175834109704435,0.9266151610499208,0.9200803212851406,0.9018862189112377,0.8744551962951114,0.8832297471603722
454,0.008905945800354247,0.013263763803760778,,False,0.9492920976001606,0.941639323342629,0.917764895263013,0.9269709508950889,0.9200803212851406,0.9018862189112377,0.8744551962951114,0.8832297471603722
455,0.00889493865777654,0.013255503546997095,,False,0.9491916859122402,0.9415459872411209,0.917671524581407,0.9268757322664803,0.9200803212851406,0.9018862189112377,0.8744551962951114,0.8832297471603722
456,0.008883740427713869,0.013254187622494615,,False,0.9493925092880812,0.9411764499848064,0.9178614861676194,0.9268929822778049,0.9200803212851406,0.9018862189112377,0.8744551962951114,0.8832297471603722
457,0.008872745497994397,0.013246421774378816,,False,0.9492920976001606,0.9410893701430596,0.9177680370891355,0.9268014696306983,0.9204819277108434,0.904674387641879,0.874829307780334,0.8841553352150652
458,0.00886185851228333,0.01323435620875352,,False,0.9493925092880812,0.9411781124681329,0.9178613293738636,0.9268938132530763,0.9200803212851406,0.9018862189112377,0.8744551962951114,0.8832297471603722
459,0.008851004754428184,0.013230161506142098,,False,0.9491916859122402,0.9410027241337827,0.9176747448044075,0.9267092413450505,0.9208835341365462,0.9050586773984993,0.8752046831557093,0.8845212513145373
460,0.008840002380640461,0.013221858751987064,,False,0.9492920976001606,0.9410948916364195,0.9177680370891355,0.9268038528517282,0.9208835341365462,0.9050586773984993,0.8752046831557093,0.8845212513145373
461,0.008829650126530413,0.013215492936546856,,False,0.9492920976001606,0.9416461513024001,0.9177654477522533,0.9269696608045314,0.9208835341365462,0.9050586773984993,0.8752046831557093,0.8845212513145373
462,0.00881920372173043,0.013210354371505518,,False,0.9491916859122402,0.9410009225211162,0.9176747448044075,0.9267064154570092,0.921285140562249,0.9039073142510402,0.8772687023430161,0.8860312628406946
463,0.008807797071389883,0.013204849442453181,,False,0.9491916859122402,0.9409951626843444,0.9176747448044075,0.9267049335660755,0.921285140562249,0.9062527887751899,0.8772622963244336,0.8865995891366837
464,0.008797936576991702,0.013206890085749066,,False,0.9495933326639221,0.941359792214748,0.9180487016231937,0.927080247421936,0.9216867469879518,0.9066088157882167,0.8776364078096562,0.8869709080519738
465,0.00878633140530841,0.013202113536299938,,False,0.9494929209760016,0.9412784641574069,0.9179552525447099,0.9269901741438529,0.921285140562249,0.9062527887751899,0.8772622963244336,0.8865995891366837
466,0.008775885839469538,0.01320066610759188,,False,0.9496937443518425,0.9414521762788353,0.9181419939079218,0.9271739549095288,0.921285140562249,0.9062527887751899,0.8772622963244336,0.8865995891366837
467,0.008765559453248709,0.013193930394567156,,False,0.9495933326639221,0.9413654081240976,0.9180487016231937,0.9270817352015597,0.921285140562249,0.9062527887751899,0.8772622963244336,0.8865995891366837
468,0.008754413439657719,0.013185917111040082,,False,0.9496937443518425,0.9415442588750533,0.9185606559964131,0.9275110624844961,0.921285140562249,0.9062527887751899,0.8772622963244336,0.8865995891366837
469,0.008744512802607454,0.013183752154899834,,False,0.9496937443518425,0.9415492425380663,0.9185560397780148,0.9275094655876549,0.921285140562249,0.9062527887751899,0.8772622963244336,0.8865995891366837
470,0.008733345870582042,0.01317798333898232,,False,0.9496937443518425,0.9415442588750533,0.9185606559964131,0.9275110624844961,0.9216867469879518,0.9066347149026908,0.8776428138282388,0.8869706749435675
471,0.008722896795808828,0.013172786082227635,,False,0.949794156039763,0.9416361412011187,0.9186493320627428,0.927601719280868,0.9220883534136546,0.90700722422232,0.8779978014036737,0.8873264197317808
472,0.008713733186334888,0.013165994811146236,,False,0.949794156039763,0.9416339328758967,0.9186446374474665,0.9275941587064259,0.9220883534136546,0.9070587910221077,0.8780029435321034,0.8873348197234032
473,0.008701980179198647,0.0131565612462553,,False,0.9496937443518425,0.9415492425380663,0.9185560397780148,0.9275094655876549,0.9216867469879518,0.9066347149026908,0.8776428138282388,0.8869706749435675
474,0.008691437284574414,0.0131502345600572,,False,0.9498945677276835,0.9418128060789862,0.91916136483284,0.9280276520543649,0.9216867469879518,0.9066347149026908,0.8776428138282388,0.8869706749435675
475,0.008681171355084696,0.013142395805306347,,False,0.9496937443518425,0.9415492425380663,0.9185560397780148,0.9275094655876549,0.9216867469879518,0.9066347149026908,0.8776428138282388,0.8869706749435675
476,0.0086708434396096,0.013132500859746312,,False,0.949794156039763,0.9416361412011187,0.9186493320627428,0.927601719280868,0.9216867469879518,0.9066347149026908,0.8776428138282388,0.8869706749435675
477,0.008660754019388204,0.013124310105414943,,False,0.949794156039763,0.9417180282973538,0.9190726887665104,0.9279375393905589,0.921285140562249,0.9062945812645423,0.8772860305133099,0.8866027691384671
478,0.008650296895037676,0.013122422746705675,,False,0.9498945677276835,0.9418128060789862,0.91916136483284,0.9280276520543649,0.9216867469879518,0.9066347149026908,0.8776428138282388,0.8869706749435675
479,0.008640182030360535,0.013123709470351259,,False,0.9500953911035245,0.9419878339031279,0.91934857935829,0.9282108531987743,0.9216867469879518,0.9066347149026908,0.8776428138282388,0.8869706749435675
480,0.008629996757287322,0.013119450757364511,,False,0.949994979415604,0.9419066789459178,0.9192500408991697,0.9281174596901656,0.9224899598393574,0.9073935801734007,0.8783783189074789,0.8876979685718579
481,0.008619549182919288,0.013115084691475183,,False,0.9498945677276835,0.9418128060789862,0.91916136483284,0.9280276520543649,0.9220883534136546,0.90700722422232,0.8779978014036737,0.8873264197317808
482,0.008609473164278288,0.013105345239964327,,False,0.949994979415604,0.9418981163112018,0.9192552880036864,0.9281150694318685,0.9224899598393574,0.9073935801734007,0.8783783189074789,0.8876979685718579
483,0.008599021761026907,0.013097503880930908,,False,0.949994979415604,0.9418952208556348,0.9192552880036864,0.9281156135644344,0.9224899598393574,0.9073935801734007,0.8783783189074789,0.8876979685718579
484,0.008588913938043752,0.01309445496117496,,False,0.9498945677276835,0.9418099106234192,0.91916136483284,0.9280281961869308,0.9224899598393574,0.9073935801734007,0.8783783189074789,0.8876979685718579
485,0.0085788514134524,0.0130856031001671,,False,0.9498945677276835,0.9418099106234192,0.91916136483284,0.9280281961869308,0.9220883534136546,0.90700722422232,0.8779978014036737,0.8873264197317808
486,0.008568823203765726,0.013078734209822229,,False,0.9498945677276835,0.9418099106234192,0.91916136483284,0.9280281961869308,0.9220883534136546,0.907004242470054,0.8780163934641201,0.8873222355554069
487,0.008559022361856834,0.013079712255558292,,False,0.949994979415604,0.9419909314574729,0.9196733976029373,0.9284544610516421,0.9220883534136546,0.90700722422232,0.8779978014036737,0.8873264197317808
488,0.00854852423816957,0.013069485702073376,,False,0.9501958027914449,0.9421782726116691,0.9198559968401133,0.9286361445594097,0.9220883534136546,0.907004242470054,0.8780163934641201,0.8873222355554069
489,0.00853862603566825,0.01306210512430085,,False,0.9500953911035245,0.9420817421717906,0.9197652938922675,0.9285445700563675,0.9220883534136546,0.907004242470054,0.8780163934641201,0.8873222355554069
490,0.008528845813368388,0.013055745774670358,,False,0.9500953911035245,0.9420888782295109,0.9197552717539872,0.9285436137949605,0.9224899598393574,0.9073935801734007,0.8783783189074789,0.8876979685718579
491,0.008519222250845265,0.013048793162565542,,False,0.9503966261672858,0.9424310635028008,0.9204618734540545,0.9291437767289368,0.9220883534136546,0.907004242470054,0.8780163934641201,0.8873222355554069
492,0.0085088001483371,0.013045255086217742,,False,0.9502962144793654,0.9422762051549635,0.9199493675217193,0.9287311871693801,0.9220883534136546,0.907004242470054,0.8780163934641201,0.8873222355554069
493,0.00849912565822869,0.013037275566825804,,False,0.9504970378552063,0.9424641172709651,0.9201224971098553,0.9289098720002783,0.9220883534136546,0.9069937047929597,0.8780163934641201,0.8873308422270538
494,0.008489345719171442,0.013038088691492252,,False,0.9504970378552063,0.9426164927777696,0.9209646042651178,0.9295683405909211,0.9220883534136546,0.9069937047929597,0.8780163934641201,0.8873308422270538
495,0.008479537724082631,0.013034629457256657,,False,0.9504970378552063,0.942624870415213,0.9209619365313577,0.9295670229510373,0.9224899598393574,0.9073840795722066,0.8783783189074789,0.887706515032788
496,0.008470031948731912,0.013024516892041734,,False,0.9506978612310473,0.9427864256082006,0.9211516619968118,0.9297482797860549,0.9220883534136546,0.9069937047929597,0.8780163934641201,0.8873308422270538
497,0.008460110613065907,0.013027623622240478,,False,0.9508986846068882,0.9429879959670076,0.9213337771754997,0.9299345307588699,0.9224899598393574,0.9073840795722066,0.8783783189074789,0.887706515032788
498,0.008450493372133595,0.013016188973641978,,False,0.9507982729189678,0.9428861757906541,0.9212455851676581,0.929845466525274,0.9220883534136546,0.9069937047929597,0.8780163934641201,0.8873308422270538
499,0.008440315303592733,0.01301603082144187,,False,0.9509990962948087,0.9431549217039366,0.9218483208856012,0.9303549703488194,0.9220883534136546,0.9069937047929597,0.8780163934641201,0.8873308422270538
500,0.008430740846758617,0.013008818100663675,,False,0.9511999196706497,0.9438759707217191,0.9220291752221771,0.9307144521693215,0.9220883534136546,0.9069937047929597,0.8780163934641201,0.8873308422270538
501,0.00842093952740491,0.013000509035436467,,False,0.9513003313585702,0.9439626683779161,0.922123019066021,0.9308047577687039,0.9220883534136546,0.9069844830894209,0.8780163934641201,0.8873255686907471
502,0.008412027624452855,0.012996293812141395,,False,0.9514007430464906,0.9440582918707435,0.9222181484419723,0.930898348778746,0.9220883534136546,0.9069844830894209,0.8780163934641201,0.8873255686907471
503,0.008401697655243762,0.012989912581462837,,False,0.9515011547344111,0.9441394513920217,0.9223101551945929,0.9309872221643322,0.9220883534136546,0.9069844830894209,0.8780163934641201,0.8873255686907471
504,0.008392556603700278,0.01298522806806307,,False,0.9516015664223315,0.9442285226137054,0.9224082204914752,0.9310857605461949,0.9224899598393574,0.9073365017217522,0.8783905049493428,0.8876971363270877
505,0.008383451499506573,0.012981110559734865,,False,0.9511999196706497,0.9438501184267598,0.9220367425462805,0.9307087971684818,0.9220883534136546,0.9069844830894209,0.8780163934641201,0.8873255686907471
506,0.008373487910885963,0.012976195629803788,,False,0.951701978110252,0.9443078056068634,0.9224987336490279,0.931168331313573,0.9224899598393574,0.9073365017217522,0.8783905049493428,0.8876971363270877
507,0.008363586202791476,0.012968619647606459,,False,0.9516015664223315,0.9442265904663937,0.9224053629674219,0.9310771431000681,0.9220883534136546,0.9069937047929597,0.8780163934641201,0.8873308422270538
508,0.008354289074432069,0.012961481005347678,,False,0.9518023897981726,0.9445048934425699,0.9230102148600096,0.9315980728034337,0.9228915662650602,0.9077306766904673,0.8787524303927015,0.8880731427327877
509,0.00834490047679919,0.01296260488979805,,False,0.951902801486093,0.9445892388784967,0.9231023000095081,0.9316901769827319,0.9228915662650602,0.9077214549869284,0.8787524303927015,0.888067869196481
510,0.008335195799487242,0.012959451063190608,,False,0.9518023897981726,0.9445078066244803,0.9230102148600096,0.9316005396820769,0.9224899598393574,0.9081264857802657,0.8800740066328445,0.889353788295745
511,0.008325942803556497,0.012946417925071894,,False,0.9520032131740135,0.9446771098061867,0.9231973509885815,0.9317810447190092,0.9220883534136546,0.9069844830894209,0.8780163934641201,0.8873255686907471
512,0.008317880989148875,0.012947768142716283,,False,0.9522040365498544,0.94539744524387,0.9233870282727243,0.9321513748080386,0.923293172690763,0.9088083920086056,0.8808413535130774,0.8901053363830359
513,0.008306931828602305,0.012942849282668346,,False,0.9520032131740135,0.944684505366374,0.9231974293854593,0.9317837807656042,0.923293172690763,0.9088659434591041,0.8808100435614257,0.8900966820930832
514,0.00829814031391052,0.012941950253907512,,False,0.9521036248619339,0.9448637046095302,0.9237093837586787,0.9322017032818624,0.9228915662650602,0.908503560448791,0.8804289942082792,0.8897100924597799
515,0.008288201421242303,0.01293659124058509,,False,0.9521036248619339,0.9448637046095302,0.9237093837586787,0.9322017032818624,0.923293172690763,0.9088490869441647,0.8808031056935018,0.8900767882784453
516,0.008278956221081575,0.012932514980331237,,False,0.9522040365498544,0.9444168085804215,0.9238027544402847,0.9321159092247385,0.923293172690763,0.9088490869441647,0.8808031056935018,0.8900767882784453
517,0.008269692531888693,0.0129228812025057,,False,0.9523044482377748,0.9450338187272718,0.9238960467250128,0.9323850066010831,0.923293172690763,0.9088490869441647,0.8808031056935018,0.8900767882784453
518,0.00826038301380386,0.012916297266420422,,False,0.9523044482377748,0.9455772662865454,0.9238960467250128,0.9325650682978383,0.923293172690763,0.9088490869441647,0.8808031056935018,0.8900767882784453
519,0.00825137283550402,0.012911990769437305,,False,0.9525052716136159,0.9457675272092521,0.9240801203544644,0.9327519886886174,0.923293172690763,0.9088490869441647,0.8808031056935018,0.8900767882784453
520,0.008241974759320656,0.012909959230642086,,False,0.9525052716136159,0.9453044244330465,0.9244988608398336,0.9328917056052908,0.923293172690763,0.9088490869441647,0.8808031056935018,0.8900767882784453
521,0.008232803339387649,0.012906950618388993,,False,0.9525052716136159,0.9452970007933027,0.9244988608398336,0.932889821366298,0.923293172690763,0.9088490869441647,0.8808031056935018,0.8900767882784453
522,0.008223899199917183,0.012904437863276708,,False,0.9525052716136159,0.9453044244330465,0.9244988608398336,0.9328917056052908,0.9236947791164659,0.9091868037497943,0.8811784810688772,0.8904260859237182
523,0.00821485477204338,0.012902344907318614,,False,0.9528065066773772,0.9455809057623357,0.9247789728846515,0.9331751667824957,0.923293172690763,0.9088490869441647,0.8808031056935018,0.8900767882784453
524,0.008205418966234548,0.012893017825788397,,False,0.9526056833015363,0.9453984553194109,0.9245922315214395,0.9329869860915933,0.9236947791164659,0.9091868037497943,0.8811784810688772,0.8904260859237182
525,0.008196442321373742,0.012887081261284883,,False,0.9528065066773772,0.9456383521093557,0.9251981090655053,0.9334831903553523,0.9236947791164659,0.9091868037497943,0.8811784810688772,0.8904260859237182
526,0.008187375143705143,0.012881625151770318,,False,0.9528065066773772,0.9456297353800335,0.9251981090655053,0.9334786073685623,0.9236947791164659,0.9091868037497943,0.8811784810688772,0.8904260859237182
527,0.008178441782660906,0.012876760350049542,,False,0.9531077417411387,0.9458475694222067,0.9250595590218319,0.9334508073967636,0.9240963855421687,0.9095366220762712,0.8815525925540998,0.8907970486001585
528,0.008169426322199512,0.012864653477638524,,False,0.9532081534290592,0.9459323724713085,0.9251528513065599,0.933540599341906,0.9236947791164659,0.9091868037497943,0.8811784810688772,0.8904260859237182
529,0.00816064031675727,0.012862665071356815,,False,0.9532081534290592,0.9459426431163721,0.9251528513065599,0.9335457526336443,0.923293172690763,0.9088490869441647,0.8808031056935018,0.8900767882784453
530,0.00815217262451054,0.01285510664551754,,False,0.9532081534290592,0.9459384992736951,0.9251528513065599,0.9335433547858979,0.9240963855421687,0.9095160456048319,0.8815717164638875,0.8908112330551111
531,0.008142464789070419,0.012853137218399792,,False,0.9533085651169796,0.9460132594744657,0.925246143591288,0.9336310448050555,0.9236947791164659,0.9091868037497943,0.8811784810688772,0.8904260859237182
532,0.008133379784578853,0.012850376831090537,,False,0.9531077417411387,0.9458539597269814,0.9250595590218319,0.9334528510183867,0.9236947791164659,0.9091868037497943,0.8811784810688772,0.8904260859237182
533,0.00812472661320408,0.012843249147329202,,False,0.9532081534290592,0.9459384992736951,0.9251528513065599,0.9335433547858979,0.9236947791164659,0.9091868037497943,0.8811784810688772,0.8904260859237182
534,0.008115923070485418,0.012845680427640241,,False,0.9533085651169796,0.9460973367170497,0.9256674734135396,0.9339569444868062,0.923293172690763,0.9087962106387789,0.8808165556255186,0.8900497447790252
535,0.00810706568674004,0.012832099655153282,,False,0.9534089768049001,0.9456587736182143,0.9257581763613852,0.9338636821966053,0.923293172690763,0.9087962106387789,0.8808165556255186,0.8900497447790252
536,0.00809800890075943,0.012830930036546331,,False,0.9533085651169796,0.9460230567446813,0.925246143591288,0.9336350860890088,0.923293172690763,0.9087962106387789,0.8808165556255186,0.8900497447790252
537,0.008089115438192115,0.012828742494355524,,False,0.9533085651169796,0.9455026936931057,0.925246143591288,0.9334601336915553,0.923293172690763,0.9087962106387789,0.8808165556255186,0.8900497447790252
538,0.008080333523669386,0.012824760561031759,,False,0.9535093884928205,0.9458422758971836,0.9262702091314825,0.9342784619626564,0.923293172690763,0.9087962106387789,0.8808165556255186,0.8900497447790252
539,0.00807245711540583,0.012820194846497851,,False,0.953609800180741,0.9459335511868212,0.9263641323023288,0.9343713773968604,0.9240963855421687,0.9094975557857476,0.8815647785959637,0.8907914731825364
540,0.008062862459576556,0.01281367537157689,,False,0.9535093884928205,0.9457792913571476,0.9258539366234548,0.9339664437308858,0.923293172690763,0.9087962106387789,0.8808165556255186,0.8900497447790252
541,0.008054321603534136,0.012808446163285022,,False,0.953609800180741,0.9459349770435198,0.9263659693935521,0.9343707093997432,0.923293172690763,0.9087962106387789,0.8808165556255186,0.8900497447790252
542,0.008045618885077883,0.012807311030349277,,False,0.9535093884928205,0.9458629658511365,0.9262662237992024,0.9342810041820943,0.923293172690763,0.9087962106387789,0.8808165556255186,0.8900497447790252
543,0.008036938008808928,0.01279552928284058,,False,0.953609800180741,0.9458757371805453,0.9259419818036663,0.9340579855676037,0.923293172690763,0.9087962106387789,0.8808165556255186,0.8900497447790252
544,0.008028478120832773,0.012796025605350222,,False,0.9535093884928205,0.9457881944766873,0.9258486895189382,0.933965747831788,0.923293172690763,0.9087962106387789,0.8808165556255186,0.8900497447790252
545,0.008019818534318816,0.012798868972024497,,False,0.9537102118686616,0.945539524888109,0.9264546454598818,0.9342925182728885,0.923293172690763,0.9087962106387789,0.8808165556255186,0.8900497447790252
546,0.008011298159778876,0.012780676134202095,,False,0.953609800180741,0.9453607860110778,0.9259426126897845,0.9338804239861843,0.923293172690763,0.9087962106387789,0.8808165556255186,0.8900497447790252
547,0.00800255335021084,0.012777370429062185,,False,0.953810623556582,0.9455401709548552,0.9261292756561185,0.9340676547153595,0.923293172690763,0.9087962106387789,0.8808165556255186,0.8900497447790252
548,0.007994117964721088,0.012769053397073545,,False,0.953810623556582,0.9455460930129183,0.9261292756561185,0.9340703769141019,0.923293172690763,0.9087962106387789,0.8808165556255186,0.8900497447790252
549,0.007985251531312278,0.012771983373442826,,False,0.953810623556582,0.9460569522330415,0.9261292756561185,0.9342436955747365,0.9228915662650602,0.9061395703024261,0.8804411802501433,0.8891157711342298
550,0.007977159888429302,0.012774216926696435,,False,0.9539110352445025,0.9457230127225859,0.9266366922078174,0.9344752740338331,0.9228915662650602,0.9061395703024261,0.8804411802501433,0.8891157711342298
551,0.007968691584956432,0.012772163684500421,,False,0.953810623556582,0.9456269047096308,0.9265480161414877,0.9343863145672192,0.923293172690763,0.9065301634134415,0.8808031056935018,0.8894921122789228
552,0.00796002323497415,0.012763302072660252,,False,0.9541118586203434,0.9459742925873981,0.9272420172626428,0.9349721962992142,0.923293172690763,0.9065301634134415,0.8808031056935018,0.8894921122789228
553,0.007951565524263463,0.012750303924087806,,False,0.9540114469324229,0.945810547762328,0.9267346007109438,0.9345732445760737,0.9236947791164659,0.9068791737531084,0.881175961771056,0.8898655161119784
554,0.007943408553517923,0.012752771614121722,,False,0.9540114469324229,0.9458807497298918,0.9271579574147114,0.9348879115300277,0.9240963855421687,0.9072097318143046,0.8815500732562787,0.8902369619644074
555,0.007934714600783458,0.012745837685580672,,False,0.9542122703082638,0.9460613441504991,0.9273399257657692,0.9350710585204715,0.9236947791164659,0.9068588493554555,0.881175961771056,0.8898660659665865
556,0.007926754982456452,0.012740506585922934,,False,0.9540114469324229,0.9458739998692578,0.9271579574147114,0.9348861183947084,0.9244979919678715,0.9075623163344831,0.8819241847415012,0.8906076624394369
557,0.00791803615211337,0.01273258150039919,,False,0.9543126819961844,0.9461610272859434,0.9274286018320989,0.9351623966505811,0.9236947791164659,0.9068791737531084,0.881175961771056,0.8898655161119784
558,0.007909736922377321,0.012730868192393411,,False,0.9544130936841049,0.9462509049788136,0.9275193047799447,0.9352520649432157,0.9236947791164659,0.9068791737531084,0.881175961771056,0.8898655161119784
559,0.007901388286777411,0.012727293495004333,,False,0.9544130936841049,0.9462513620196078,0.9275193047799447,0.9352524811025972,0.9236947791164659,0.9068588493554555,0.881175961771056,0.8898660659665865
560,0.007892989151669841,0.012726257886968599,,False,0.9546139170599458,0.9464318262092704,0.9277071511216373,0.9354354702919088,0.9236947791164659,0.9068588493554555,0.881175961771056,0.8898660659665865
561,0.007884874931950208,0.01271538046237983,,False,0.9545135053720253,0.9463444319669512,0.927613227950791,0.9353444575630765,0.9240963855421687,0.9072119684700125,0.8815488178486101,0.8902399159480558
562,0.0078765248838437,0.012717063547619081,,False,0.9545135053720253,0.9458471849187224,0.9276158956845512,0.9351749190943663,0.9240963855421687,0.9072119684700125,0.8815488178486101,0.8902399159480558
563,0.007868205642096232,0.012713720747768094,,False,0.9545135053720253,0.9458471849187224,0.9276158956845512,0.9351749190943663,0.9240963855421687,0.9072119684700125,0.8815488178486101,0.8902399159480558
564,0.007860468906098065,0.01272277127312778,,False,0.9547143287478662,0.9460486768904528,0.9278058572707635,0.9353727953957122,0.9240963855421687,0.9072119684700125,0.8815488178486101,0.8902399159480558
565,0.007852065218979704,0.012712351037380191,,False,0.9550155638116277,0.9469016085047173,0.9284992175396746,0.9361353119458542,0.9244979919678715,0.9083344804095587,0.8836064310173344,0.8922105435891817
566,0.00784393333014854,0.012703665419826655,,False,0.9551159754995482,0.9469991237279358,0.9285925882212805,0.9362298842862524,0.9240963855421687,0.9072119684700125,0.8815488178486101,0.8902399159480558
567,0.00783596170598311,0.012697298063475986,,False,0.9550155638116277,0.9469000652351609,0.9284992959365526,0.9361319376004352,0.9244979919678715,0.9083344804095587,0.8836064310173344,0.8922105435891817
568,0.00782733808876315,0.01269602442003686,,False,0.9550155638116277,0.9464051489023775,0.9285018852734347,0.9359617414279798,0.9244979919678715,0.9083344804095587,0.8836064310173344,0.8922105435891817
569,0.007819428999165602,0.012688895124022471,,False,0.9550155638116277,0.9464005249371876,0.9285018852734347,0.9359588163617142,0.9244979919678715,0.9083344804095587,0.8836064310173344,0.8922105435891817
570,0.007811200001966005,0.012686574632413895,,False,0.9550155638116277,0.9464047002567225,0.9285018852734347,0.9359613316013095,0.9244979919678715,0.9083344804095587,0.8836064310173344,0.8922105435891817
571,0.007803577500030145,0.01268252701169102,,False,0.9551159754995482,0.9464916032734444,0.928597014649386,0.9360500140510817,0.9240963855421687,0.905869976813753,0.8832323195321118,0.8912635842089666
572,0.00779618873897948,0.012684483189124712,,False,0.9552163871874686,0.9466649170890703,0.9291077618873759,0.9364539808863623,0.9244979919678715,0.9083344804095587,0.8836064310173344,0.8922105435891817
573,0.007787622423850092,0.012678944483670514,,False,0.9550155638116277,0.9464096566354632,0.9285018852734347,0.9359639203101777,0.9244979919678715,0.9083344804095587,0.8836064310173344,0.8922105435891817
574,0.007779587861086828,0.012675905640480978,,False,0.9551159754995482,0.9465808094208751,0.929013918043532,0.9363659143967649,0.9248995983935743,0.908685362868408,0.883980542502557,0.8925814395870025
575,0.0077717654645953075,0.012670065329636262,,False,0.9552163871874686,0.9466695773858427,0.92910721032826,0.9364579349031599,0.9240963855421687,0.905869976813753,0.8832323195321118,0.8912635842089666
576,0.007764082907867753,0.012660665940074003,,False,0.9554172105633095,0.9468629374236637,0.9292974690801626,0.9366479286881173,0.9240963855421687,0.905869976813753,0.8832323195321118,0.8912635842089666
577,0.007755957503160229,0.012664456699742586,,False,0.9552163871874686,0.9466734980885304,0.92910721032826,0.9364605157133502,0.9257028112449799,0.9093922547631261,0.884728765473002,0.8933226510223329
578,0.00774773814180383,0.012659511999224536,,False,0.9552163871874686,0.9466734980885304,0.92910721032826,0.9364605157133502,0.9240963855421687,0.905869976813753,0.8832323195321118,0.8912635842089666
579,0.007740059413164585,0.012649905468155774,,False,0.9553167988753891,0.9466876093187166,0.9287854363100654,0.9362434193619349,0.9240963855421687,0.905869976813753,0.8832323195321118,0.8912635842089666
580,0.007732255504028398,0.012652455000591051,,False,0.9554172105633095,0.9468629374236637,0.9292974690801626,0.9366479286881173,0.9240963855421687,0.905869976813753,0.8832323195321118,0.8912635842089666
581,0.007724479369575221,0.012646461880153817,,False,0.9552163871874686,0.9466734980885304,0.92910721032826,0.9364605157133502,0.9261044176706827,0.9097483059785153,0.8851028769582246,0.8936929784670126
582,0.007716144888428899,0.01264226868377298,,False,0.9553167988753891,0.9467681449884187,0.9292023397042113,0.9365542246576608,0.9244979919678715,0.906221111778589,0.8836064310173344,0.8916351907166664
583,0.007708437153921217,0.012639169508976087,,False,0.95551762225123,0.947037578023338,0.9298095018502599,0.9370504240361777,0.9244979919678715,0.906221111778589,0.8836064310173344,0.8916351907166664
584,0.007700481376916912,0.012637326275047083,,False,0.9554172105633095,0.946941896085892,0.9297143724743085,0.936956454322517,0.9244979919678715,0.906221111778589,0.8836064310173344,0.8916351907166664
585,0.007692710015368362,0.01263186735585908,,False,0.9554172105633095,0.946941896085892,0.9297143724743085,0.936956454322517,0.9244979919678715,0.906221111778589,0.8836064310173344,0.8916351907166664
586,0.007685189021922759,0.012636696469966464,,False,0.9554172105633095,0.9470229272872367,0.9301312758684546,0.9372628369652816,0.9244979919678715,0.906221111778589,0.8836064310173344,0.8916351907166664
587,0.007677629729439693,0.012634256870204147,,False,0.9553167988753891,0.9469292785002013,0.9300379835837265,0.9371679304743554,0.9244979919678715,0.906221111778589,0.8836064310173344,0.8916351907166664
588,0.007670083269729613,0.012625510294211778,,False,0.9556180339391506,0.9472869664849404,0.9307402751057263,0.9377518311339043,0.9240963855421687,0.905869976813753,0.8832323195321118,0.8912635842089666
589,0.007661813543940294,0.012619182332895398,,False,0.955718445627071,0.9473747028361292,0.9308341189495702,0.9378424800004894,0.9244979919678715,0.906221111778589,0.8836064310173344,0.8916351907166664
590,0.0076542081821448045,0.01261192369554802,,False,0.9556180339391506,0.9472825215285842,0.9307402751057263,0.9377492467106262,0.9244979919678715,0.906221111778589,0.8836064310173344,0.8916351907166664
591,0.007646659446104822,0.012610735000079264,,False,0.955718445627071,0.9473657976221193,0.9308341189495702,0.9378375286564419,0.9244979919678715,0.906221111778589,0.8836064310173344,0.8916351907166664
592,0.007639820652029329,0.012617316240175147,,False,0.95551762225123,0.9471810741822319,0.9306438601976676,0.9376527694568636,0.9244979919678715,0.906221111778589,0.8836064310173344,0.8916351907166664
593,0.007632279138592783,0.012615292619106218,,False,0.9556180339391506,0.9472709129246623,0.9307372308792736,0.9377453949851476,0.9253012048192771,0.9069598480283069,0.8843355300779917,0.89236765883641
594,0.007623740259199489,0.012597424616181333,,False,0.9558188573149915,0.9474554917177263,0.9309274896311762,0.9379301593171407,0.9248995983935743,0.9065739462193684,0.883980542502557,0.892006598088813
595,0.007617333479178192,0.012595933830590414,,False,0.9556180339391506,0.9472771851912025,0.9307372308792736,0.9377468803502101,0.9257028112449799,0.907284797034448,0.884728765473002,0.8927488395473419
596,0.007608905216869796,0.012590579704002184,,False,0.9556180339391506,0.9472705219809073,0.9307372308792736,0.9377450734758352,0.9253012048192771,0.906928500964299,0.8843546539877796,0.8923778123579201
597,0.007601334254506413,0.012581394606488478,,False,0.9558188573149915,0.9474598166692171,0.9309274896311762,0.9379324915830171,0.9257028112449799,0.907284797034448,0.884728765473002,0.8927488395473419
598,0.0075937387890220144,0.012576276385200352,,False,0.9559192690029119,0.9476329209723856,0.9314395224012735,0.9383285213805583,0.9253012048192771,0.906928500964299,0.8843546539877796,0.8923778123579201
599,0.00758611389556188,0.012575772237434767,,False,0.9559192690029119,0.947637501234905,0.9314395224012735,0.9383311404587293,0.9253012048192771,0.906928500964299,0.8843546539877796,0.8923778123579201
600,0.007578561848476199,0.012573613384096873,,False,0.9559192690029119,0.947637501234905,0.9314395224012735,0.9383311404587293,0.9248995983935743,0.9065739462193684,0.883980542502557,0.892006598088813
601,0.0075711529958482175,0.01256482420478566,,False,0.9559192690029119,0.9476385112771177,0.9314503880457115,0.9383395996023718,0.9253012048192771,0.906928500964299,0.8843546539877796,0.8923778123579201
602,0.007563592226610667,0.012567443743223368,,False,0.9558188573149915,0.9475447887261049,0.9313570957609834,0.9382446952193843,0.9248995983935743,0.9065739462193684,0.883980542502557,0.892006598088813
603,0.007556336603599509,0.012564843970252551,,False,0.9561200923787528,0.9478208967984502,0.9316261853676076,0.9385186714569418,0.9253012048192771,0.906928500964299,0.8843546539877796,0.8923778123579201
604,0.007548639802812218,0.012559394640873066,,False,0.9559192690029119,0.9476345355026149,0.9314504664425893,0.9383373197266707,0.9248995983935743,0.9065739462193684,0.883980542502557,0.892006598088813
605,0.007541570345942563,0.012561954944624074,,False,0.9559192690029119,0.947637501234905,0.9314395224012735,0.9383311404587293,0.9253012048192771,0.9069598480283069,0.8843355300779917,0.89236765883641
606,0.007534388629549365,0.012561750907615774,,False,0.9562205040666734,0.9479195671836285,0.931715412993053,0.9386098066042552,0.9253012048192771,0.9069598480283069,0.8843355300779917,0.89236765883641
607,0.007526495009388753,0.01255133580289729,,False,0.9560196806908324,0.947724115868312,0.9315443102864331,0.9384270433418208,0.9253012048192771,0.9069598480283069,0.8843355300779917,0.89236765883641
608,0.007519227516886853,0.012542582657578606,,False,0.9562205040666734,0.9479026689830898,0.9317309732527672,0.9386130111695307,0.9253012048192771,0.906928500964299,0.8843546539877796,0.8923778123579201
609,0.0075119718873855375,0.01253964537405987,,False,0.9562205040666734,0.9479127118515953,0.9317327319471125,0.9386156915804733,0.9253012048192771,0.9069402618906811,0.884353398580111,0.8923747209629604
610,0.007504772097119388,0.012535964244119463,,False,0.9563209157545939,0.9480025116290329,0.9318261026287185,0.9387083099747662,0.9253012048192771,0.9069402618906811,0.884353398580111,0.8923747209629604
611,0.007497195745577702,0.01253454136319641,,False,0.9563209157545939,0.9480795860314459,0.9322442915549719,0.9390115181951972,0.9253012048192771,0.9069402618906811,0.884353398580111,0.8923747209629604
612,0.0074899149537856185,0.012529698275654318,,False,0.9564213274425143,0.948168957000439,0.9323381353988158,0.9391012092212677,0.9257028112449799,0.9073250184046086,0.8847083861555459,0.8927358295620547
613,0.007482691251952469,0.012530547169508483,,False,0.9565217391304348,0.9482664933909195,0.9324268114651455,0.9391948930870821,0.9257028112449799,0.9073250184046086,0.8847083861555459,0.8927358295620547
614,0.007475689892082364,0.012517022509956139,,False,0.9564213274425143,0.9481736157001838,0.9323381353988158,0.9391038636238078,0.9257028112449799,0.9073250184046086,0.8847083861555459,0.8927358295620547
615,0.007469454236374629,0.012529179309300921,,False,0.9566221508183552,0.9483555882291353,0.9325075578079682,0.9392815119824411,0.9261044176706827,0.907667316432419,0.885101621550556,0.893122587056906
616,0.007461049481263732,0.012521444936256381,,False,0.9565217391304348,0.9482622975914885,0.9324268898620234,0.9391935730579958,0.9261044176706827,0.9076786712392219,0.8850824976407685,0.8931070802827689
617,0.0074541157871466715,0.012515021608409138,,False,0.9567225625062757,0.9485162487234022,0.9330321365199707,0.9396757571982024,0.9257028112449799,0.9073250184046086,0.8847083861555459,0.8927358295620547
618,0.007446518835176098,0.01250560554180549,,False,0.9566221508183552,0.9484222847319396,0.9329388442352428,0.9395817912304205,0.9261044176706827,0.9076786712392219,0.8850824976407685,0.8931070802827689
619,0.0074395812794949955,0.012501767820542742,,False,0.9568229741941962,0.9486071663862587,0.9331255855984547,0.9397695170043802,0.9261044176706827,0.9076786712392219,0.8850824976407685,0.8931070802827689
620,0.007432382271340583,0.012497308825149333,,False,0.9567225625062757,0.9485780290028463,0.93345087700534,0.9399659378534158,0.9257028112449799,0.9053631826539195,0.8847083861555459,0.8921885265440407
621,0.007425212676846647,0.01249128410661563,,False,0.9567225625062757,0.9485780290028463,0.93345087700534,0.9399659378534158,0.9261044176706827,0.905716835488533,0.8850824976407685,0.8925597772647548
622,0.007418111479481078,0.012491601012006174,,False,0.9568229741941962,0.9486737287567046,0.9335415799531859,0.9400576806776522,0.9261044176706827,0.905716835488533,0.8850824976407685,0.8925597772647548
623,0.00741145807325627,0.012484854729754495,,False,0.9569233858821167,0.9492365050002997,0.9336387233470325,0.9403316294277231,0.9261044176706827,0.905716835488533,0.8850824976407685,0.8925597772647548
624,0.007404026518457899,0.012482218558458479,,False,0.9571242092579576,0.9494280905712986,0.9338227969764843,0.940518372765928,0.9261044176706827,0.905716835488533,0.8850824976407685,0.8925597772647548
625,0.007396837555401493,0.012478854223370302,,False,0.9571242092579576,0.9494333387815507,0.9338222444872439,0.9405237168821299,0.9261044176706827,0.905716835488533,0.8850824976407685,0.8925597772647548
626,0.007390299166953072,0.01247070963743898,,False,0.9569233858821167,0.9492238839078835,0.9336374615747961,0.9403282925099332,0.9261044176706827,0.905716835488533,0.8850824976407685,0.8925597772647548
627,0.007382932926164176,0.012473415844270997,,False,0.957425444321719,0.949699161697889,0.9341021997383062,0.9408009433652285,0.9261044176706827,0.905716835488533,0.8850824976407685,0.8925597772647548
628,0.00737584834202506,0.012476791825647385,,False,0.9570237975700372,0.9488656371816275,0.933728873805638,0.9402489595340184,0.9257028112449799,0.9053631826539195,0.8847083861555459,0.8921885265440407
629,0.007368569246822676,0.012468818954690436,,False,0.9573250326337985,0.949138443761139,0.9340088290567002,0.9405285714900101,0.9261044176706827,0.905716835488533,0.8850824976407685,0.8925597772647548
630,0.00736159842373822,0.012466128844919338,,False,0.9575258560096396,0.9493234065595573,0.9341960445122743,0.9407162687184609,0.9261044176706827,0.905716835488533,0.8850824976407685,0.8925597772647548
631,0.0073546088341536605,0.012463880416320558,,False,0.95762626769756,0.9494233307371187,0.9342894151938803,0.9408139227921226,0.9261044176706827,0.905716835488533,0.8850824976407685,0.8925597772647548
632,0.007347713895057016,0.012461809630505501,,False,0.9575258560096396,0.9493293034598498,0.9341961229091523,0.940719234655181,0.9261044176706827,0.905716835488533,0.8850824976407685,0.8925597772647548
633,0.007341218748212143,0.012455310329992857,,False,0.9577266793854805,0.9495020560880456,0.9343844661729537,0.9409007273833309,0.9257028112449799,0.9053631826539195,0.8847083861555459,0.8921885265440407
634,0.0073338033503845095,0.012456272819136876,,False,0.9578270910734009,0.9495953030444677,0.9344713835449381,0.9409922996712639,0.9257028112449799,0.9053631826539195,0.8847083861555459,0.8921885265440407
635,0.007327021269319462,0.012447147927318419,,False,0.9580279144492418,0.9497638457735305,0.9346551889872191,0.9411683210164566,0.9261044176706827,0.9057547765391748,0.8850703115989044,0.8925708331844628
636,0.007320116573379917,0.012442825926096544,,False,0.9580279144492418,0.9497626735928341,0.9346551889872191,0.9411690996360842,0.9261044176706827,0.9057547765391748,0.8850703115989044,0.8925708331844628
637,0.0073132659890678495,0.012437481764586138,,False,0.9580279144492418,0.9497626735928341,0.9346551889872191,0.9411690996360842,0.9265060240963855,0.9061084293737882,0.885444423084127,0.8929420839051772
638,0.0073066148447668644,0.012439073330222527,,False,0.9580279144492418,0.9497626735928341,0.9346551889872191,0.9411690996360842,0.9257028112449799,0.9053631826539195,0.8847083861555459,0.8921885265440407
639,0.007299325230726478,0.012441975276885385,,False,0.9583291495130033,0.9500423323679816,0.9349358535212774,0.9414491148318908,0.9261044176706827,0.905716835488533,0.8850824976407685,0.8925597772647548
640,0.007292371795899432,0.012436386489818456,,False,0.9583291495130033,0.9500410883377199,0.9349358535212774,0.9414498944343376,0.9265060240963855,0.9061084293737882,0.885444423084127,0.8929420839051772
641,0.007285515045457514,0.01242861092507879,,False,0.9583291495130033,0.9500410883377199,0.9349358535212774,0.9414498944343376,0.9265060240963855,0.9061084293737882,0.885444423084127,0.8929420839051772
642,0.007279330724933223,0.012419205290497842,,False,0.9582287378250829,0.9499490456795561,0.9348419303504311,0.9413559986336578,0.9265060240963855,0.9061084293737882,0.885444423084127,0.8929420839051772
643,0.007272708122755052,0.012422456566438683,,False,0.9582287378250829,0.9499511119193167,0.9348424828396714,0.9413574207686349,0.9261044176706827,0.9057547765391748,0.8850703115989044,0.8925708331844628
644,0.007265490190371884,0.012419086522832376,,False,0.9584295612009238,0.950129699483926,0.9350291458060054,0.9415421062775794,0.9261044176706827,0.9057547765391748,0.8850703115989044,0.8925708331844628
645,0.0072586379215408845,0.012415205474646097,,False,0.9584295612009238,0.950129699483926,0.9350291458060054,0.9415421062775794,0.9265060240963855,0.9061084293737882,0.885444423084127,0.8929420839051772
646,0.007251503565728657,0.012416374045024044,,False,0.9584295612009238,0.950129699483926,0.9350291458060054,0.9415421062775794,0.9265060240963855,0.9061084293737882,0.885444423084127,0.8929420839051772
647,0.007244627776888169,0.01241188878884335,,False,0.9584295612009238,0.950129699483926,0.9350291458060054,0.9415421062775794,0.9265060240963855,0.9061084293737882,0.885444423084127,0.8929420839051772
648,0.007237983578913375,0.01240718209772352,,False,0.9584295612009238,0.950129699483926,0.9350291458060054,0.9415421062775794,0.9265060240963855,0.9061084293737882,0.885444423084127,0.8929420839051772
649,0.007231463416661548,0.012405593831642175,,False,0.9584295612009238,0.9501313921704,0.9350291458060054,0.9415416021400057,0.9265060240963855,0.9061084293737882,0.885444423084127,0.8929420839051772
650,0.0072244794894376725,0.01240142839292596,,False,0.9584295612009238,0.950129699483926,0.9350291458060054,0.9415421062775794,0.9265060240963855,0.9061084293737882,0.885444423084127,0.8929420839051772
651,0.007218274120452137,0.012397892166103182,,False,0.9585299728888442,0.950225558650231,0.9351198487538512,0.9416340569684007,0.9265060240963855,0.9061084293737882,0.885444423084127,0.8929420839051772
652,0.007211765634765142,0.01239030949947407,,False,0.9585299728888442,0.9502260763498014,0.9351198487538512,0.941633833093336,0.9261044176706827,0.9057544540301349,0.885071567006573,0.8925683016681345
653,0.007204489844694026,0.01239445169654793,,False,0.9585299728888442,0.9502247558348257,0.9351230689768517,0.9416347180378389,0.9265060240963855,0.9061084293737882,0.885444423084127,0.8929420839051772
654,0.007197899712972144,0.012392186789880537,,False,0.9587307962646852,0.9509463591446203,0.9357237778132786,0.9422909966850741,0.9265060240963855,0.9061084293737882,0.885444423084127,0.8929420839051772
655,0.007191452099646256,0.012393331532140879,,False,0.9587307962646852,0.9504731243865714,0.935728472428555,0.9421132641260743,0.9265060240963855,0.9061084293737882,0.885444423084127,0.8929420839051772
656,0.00718464770510654,0.012387553908377865,,False,0.9588312079526057,0.9505673755488705,0.9358191753764008,0.9422057586871957,0.9261044176706827,0.9057544540301349,0.885071567006573,0.8925683016681345
657,0.007178456092965724,0.012379370933932219,,False,0.9587307962646852,0.9504816281156349,0.9357258046947948,0.9421155524147561,0.9257028112449799,0.9054008011955216,0.8846974555213504,0.8921970509474204
658,0.007171643316643891,0.012382588926324578,,False,0.9589316196405262,0.9511263577401551,0.9359078514427305,0.9424736975186351,0.9265060240963855,0.9061084293737882,0.885444423084127,0.8929420839051772
659,0.007164749871756719,0.012368269673936621,,False,0.9589316196405262,0.9511266753042472,0.9359078514427305,0.9424734401899286,0.9261044176706827,0.9057544540301349,0.885071567006573,0.8925683016681345
660,0.007158282647045094,0.012369366493832738,,False,0.9589316196405262,0.9511266753042472,0.9359078514427305,0.9424734401899286,0.9265060240963855,0.9061084293737882,0.885444423084127,0.8929420839051772
661,0.0071512811643826895,0.012363166773895316,,False,0.9589316196405262,0.9511266753042472,0.9359078514427305,0.9424734401899286,0.9261044176706827,0.9057544540301349,0.885071567006573,0.8925683016681345
662,0.007145406348409847,0.012372986674188699,,False,0.9588312079526057,0.951032106577856,0.9358171484948846,0.9423812029575137,0.9261044176706827,0.9057544540301349,0.885071567006573,0.8925683016681345
663,0.007138306963806343,0.012359314169749256,,False,0.9589316196405262,0.9511266753042472,0.9359078514427305,0.9424734401899286,0.9261044176706827,0.9057544540301349,0.885071567006573,0.8925683016681345
664,0.007131854414319911,0.012354390310489132,,False,0.9590320313284466,0.9512212973492881,0.9360011437274586,0.9425681578303929,0.9261044176706827,0.9057544540301349,0.885071567006573,0.8925683016681345
665,0.007125188772519225,0.012348330566518878,,False,0.9589316196405262,0.9511266753042472,0.9359078514427305,0.9424734401899286,0.9261044176706827,0.9057544540301349,0.885071567006573,0.8925683016681345
666,0.007118764317468767,0.012340264717824246,,False,0.9590320313284466,0.9512212973492881,0.9360011437274586,0.9425681578303929,0.9261044176706827,0.9057544540301349,0.885071567006573,0.8925683016681345
667,0.007112103004685354,0.012343351691806434,,False,0.9590320313284466,0.9512212973492881,0.9360011437274586,0.9425681578303929,0.9261044176706827,0.9057544540301349,0.885071567006573,0.8925683016681345
668,0.007105570395984276,0.012344679370037897,,False,0.9591324430163671,0.9513814941467413,0.9365131764975558,0.9429543563325787,0.9265060240963855,0.9061208798141052,0.885444423084127,0.8929370805220214
669,0.007099043002700441,0.012341587182996017,,False,0.9592328547042875,0.9514664174885703,0.9366083058735071,0.9430442828687381,0.9261044176706827,0.9057544540301349,0.885071567006573,0.8925683016681345
670,0.0070926695355703435,0.012340589978876038,,False,0.9592328547042875,0.9514664174885703,0.9366083058735071,0.9430442828687381,0.9265060240963855,0.9061208798141052,0.885444423084127,0.8929370805220214
671,0.007086192270129469,0.012335513002149669,,False,0.9593332663922081,0.9515600294760443,0.9367034352494584,0.9431378938009429,0.9265060240963855,0.9061208798141052,0.885444423084127,0.8929370805220214
672,0.007079726107058316,0.012332871420599,,False,0.9593332663922081,0.9515590970612039,0.9367034352494584,0.9431379105943206,0.9265060240963855,0.9061208798141052,0.885444423084127,0.8929370805220214
673,0.007073617759934728,0.012334409567765384,,False,0.9593332663922081,0.9515598809558852,0.936702149717351,0.9431366821476046,0.9265060240963855,0.9061093427950117,0.885444423084127,0.8929392168305235
674,0.00706701329388259,0.012327317509811855,,False,0.9593332663922081,0.9515598809558852,0.936702149717351,0.9431366821476046,0.9265060240963855,0.9061093427950117,0.885444423084127,0.8929392168305235
675,0.007060535615451449,0.012324323816368376,,False,0.9594336780801286,0.9516534929433591,0.9367972790933022,0.9432302930798095,0.9265060240963855,0.9061208798141052,0.885444423084127,0.8929370805220214
676,0.007054028321334743,0.012318957997033824,,False,0.9594336780801286,0.9516525605285189,0.9367972790933022,0.9432303098731872,0.9265060240963855,0.9061208798141052,0.885444423084127,0.8929370805220214
677,0.0070477668744148,0.012314600259167635,,False,0.9594336780801286,0.9516534929433591,0.9367972790933022,0.9432302930798095,0.9265060240963855,0.9061208798141052,0.885444423084127,0.8929370805220214
678,0.007041434652597478,0.01231271577458902,,False,0.9594336780801286,0.9516534929433591,0.9367972790933022,0.9432302930798095,0.9269076305220884,0.9064951636544925,0.8858063485274857,0.8933078305220743
679,0.007035152197700223,0.012309803781340334,,False,0.9593332663922081,0.9506329075234164,0.9367065761454564,0.9427823426340323,0.9265060240963855,0.9061208798141052,0.885444423084127,0.8929370805220214
680,0.0070288740717593876,0.012311239904793115,,False,0.9594336780801286,0.9507210399376602,0.9367952522117862,0.9428710617130291,0.9265060240963855,0.9061208798141052,0.885444423084127,0.8929370805220214
681,0.007022596467327552,0.012304390171594471,,False,0.959534089768049,0.9512782633108348,0.936885955159632,0.9431412249055509,0.9269076305220884,0.9064951636544925,0.8858063485274857,0.8933078305220743
682,0.007016038046941039,0.012301364846582254,,False,0.959534089768049,0.9517516075819908,0.936885955159632,0.9433232770763968,0.9269076305220884,0.9064951636544925,0.8858063485274857,0.8933078305220743
683,0.00700994826960847,0.01230063693381163,,False,0.9598353248318104,0.9516245180894537,0.9375690906363491,0.9437026895228201,0.9269076305220884,0.9064951636544925,0.8858063485274857,0.8933078305220743
684,0.0070032804483270185,0.01229323042627483,,False,0.9597349131438899,0.9519826006626935,0.9374933070959734,0.9437920850310384,0.9269076305220884,0.9064812854513424,0.8858063485274857,0.8933093933633958
685,0.006997025826652078,0.012295858100092151,,False,0.9597349131438899,0.9510620531427799,0.9374830039069015,0.9434308236603981,0.9261044176706827,0.9039101739291762,0.8850824976407685,0.8920317913802494
686,0.006990821196363591,0.012292283436097734,,False,0.9598353248318104,0.9511605479552858,0.9375716799732312,0.943523653681082,0.9269076305220884,0.9064812854513424,0.8858063485274857,0.8933093933633958
687,0.00698448999697286,0.01228995650608476,,False,0.9599357365197309,0.9517028792963182,0.9376656031440775,0.9437905358780895,0.9265060240963855,0.9061093427950117,0.885444423084127,0.8929392168305235
688,0.006978394681830814,0.012279595099936355,,False,0.9600361482076514,0.9527433000586686,0.9377613621764785,0.9442482500530731,0.9269076305220884,0.9064812854513424,0.8858063485274857,0.8933093933633958
689,0.006971996158498289,0.012281365765366991,,False,0.9600361482076514,0.9517940718682044,0.9377563060919232,0.9438805590582819,0.9265060240963855,0.9042823201651289,0.885444423084127,0.892402635543132
690,0.0069661762874943965,0.012283347362750885,,False,0.9600361482076514,0.9518617967492806,0.9381776359141748,0.9441705535552143,0.9265060240963855,0.9042823201651289,0.885444423084127,0.892402635543132
691,0.006959868656558275,0.012275291888485118,,False,0.9601365598955719,0.9519546351321885,0.9382683388620205,0.9442631118675825,0.9265060240963855,0.9042823201651289,0.885444423084127,0.892402635543132
692,0.006953175505042433,0.012274864558882447,,False,0.9602369715834923,0.9519822082392503,0.9379409322106154,0.944064773929035,0.9265060240963855,0.9042823201651289,0.885444423084127,0.892402635543132
693,0.006947181701856099,0.012277297414370746,,False,0.9602369715834923,0.9519825544479537,0.9379518762519312,0.9440704808234739,0.9261044176706827,0.9039101739291762,0.8850824976407685,0.8920317913802494
694,0.006941290194864527,0.0122770101029528,,False,0.9604377949593332,0.9522334027087831,0.9385572797036345,0.9445464115867372,0.9261044176706827,0.9039101739291762,0.8850824976407685,0.8920317913802494
695,0.006934544397815618,0.012268343041941882,,False,0.9603373832714128,0.952549030463817,0.9380425791997768,0.944344634453181,0.9265060240963855,0.9042823201651289,0.885444423084127,0.892402635543132
696,0.00692843110483693,0.012264332503836881,,False,0.9605382066472538,0.9523276336410648,0.9386396279470467,0.9446343879948356,0.9261044176706827,0.9039101739291762,0.8850824976407685,0.8920317913802494
697,0.006922252605501486,0.012257347747456373,,False,0.9604377949593332,0.9526364079337805,0.938135871484505,0.9444373775307374,0.9261044176706827,0.9039101739291762,0.8850824976407685,0.8920317913802494
698,0.0069163062082155495,0.012253907726774392,,False,0.9604377949593332,0.952694671340423,0.9385546119698743,0.9447237326267831,0.9261044176706827,0.9039101739291762,0.8850824976407685,0.8920317913802494
699,0.00690998666319648,0.012249861021448111,,False,0.9605382066472538,0.9527273100721259,0.9382182981247951,0.9445234799789386,0.9265060240963855,0.9042823201651289,0.885444423084127,0.892402635543132
700,0.00690570856176511,0.012257917513845152,,False,0.9607390300230947,0.9539345009016382,0.9388302191897088,0.9453742817051773,0.9257028112449799,0.9035438041673068,0.8847275100653336,0.8916769061178843
701,0.006897857134415535,0.012249558576564401,,False,0.9606386183351742,0.9528955000413407,0.9387412749362084,0.9449179062303948,0.9265060240963855,0.9042823201651289,0.885444423084127,0.892402635543132
702,0.0068915671895245145,0.012242686976111588,,False,0.9606386183351742,0.9528971402937176,0.9387412749362084,0.9449172445303962,0.9265060240963855,0.9042823201651289,0.885444423084127,0.892402635543132
703,0.006885788000191297,0.012237529077217786,,False,0.9606386183351742,0.9537848274008667,0.9383199451139568,0.944989971883823,0.9265060240963855,0.9042823201651289,0.885444423084127,0.892402635543132
704,0.0068795904843102626,0.012239114863513256,,False,0.9607390300230947,0.9538747393821547,0.9384023717542469,0.9450761993712269,0.9265060240963855,0.9042823201651289,0.885444423084127,0.892402635543132
705,0.006873625435070144,0.0122393177463156,,False,0.9607390300230947,0.9529931866279129,0.9388237015764985,0.9450058762545789,0.9269076305220884,0.9046531820823426,0.8857994106595619,0.8927580781364832
706,0.006867466757326963,0.012234253397849448,,False,0.9607390300230947,0.9529814664626858,0.9388237015764985,0.9450014779392697,0.9265060240963855,0.9042823201651289,0.885444423084127,0.892402635543132
707,0.006861514627785717,0.012235006306416406,,False,0.9607390300230947,0.9529865466940886,0.9388237015764985,0.9450039701102253,0.9269076305220884,0.9046531820823426,0.8857994106595619,0.8927580781364832
708,0.006855330614363527,0.012230546931136904,,False,0.9607390300230947,0.9529865466940886,0.9388237015764985,0.9450039701102253,0.9269076305220884,0.9046531820823426,0.8857994106595619,0.8927580781364832
709,0.0068493355309537565,0.012226172788761114,,False,0.9608394417110152,0.9530748408957432,0.9389169938612265,0.9450960995373515,0.9269076305220884,0.9046531820823426,0.8857994106595619,0.8927580781364832
710,0.00684325036828812,0.012219647853968115,,False,0.9608394417110152,0.9530748408957432,0.9389169938612265,0.9450960995373515,0.9265060240963855,0.9042823201651289,0.885444423084127,0.892402635543132
711,0.006837442442675839,0.012219288192354832,,False,0.9608394417110152,0.9530734300468681,0.9389169938612265,0.9450967973033669,0.9269076305220884,0.9046531820823426,0.8857994106595619,0.8927580781364832
712,0.006831589656327942,0.012215427178256971,,False,0.9609398533989356,0.9536317796384856,0.9390076968090724,0.9453679823662094,0.9265060240963855,0.9042823201651289,0.885444423084127,0.892402635543132
713,0.006825289697735932,0.012208013031868893,,False,0.9608394417110152,0.9530737439915331,0.9389169938612265,0.9450965374454484,0.9269076305220884,0.9046531820823426,0.8857994106595619,0.8927580781364832
714,0.006819517850558977,0.012208917997396923,,False,0.9609398533989356,0.9531662888131215,0.9390056699275563,0.945186729167693,0.9269076305220884,0.9046531820823426,0.8857994106595619,0.8927580781364832
715,0.0068134098464347585,0.012207742048139548,,False,0.9610402650868561,0.9532501626678278,0.9390995137714001,0.9452749757230239,0.9269076305220884,0.9046531820823426,0.8857994106595619,0.8927580781364832
716,0.006807353167374999,0.012202600908938016,,False,0.9608394417110152,0.9530737439915331,0.9389169938612265,0.9450965374454484,0.9269076305220884,0.9046531820823426,0.8857994106595619,0.8927580781364832
717,0.006801634362652835,0.012201011583920776,,False,0.9609398533989356,0.9531625547931166,0.9390102861459546,0.9451883976225138,0.9269076305220884,0.9046531820823426,0.8857994106595619,0.8927580781364832
718,0.006795446217424795,0.012197968611559633,,False,0.9609398533989356,0.9531625547931166,0.9390102861459546,0.9451883976225138,0.9269076305220884,0.9046531820823426,0.8857994106595619,0.8927580781364832
719,0.00679007772446996,0.012200203341358616,,False,0.9611406767747765,0.9533416395725425,0.9391975006714044,0.9453720656138851,0.9269076305220884,0.9046531820823426,0.8857994106595619,0.8927580781364832
720,0.0067836787177269825,0.012194167237531502,,False,0.9610402650868561,0.9532459798395387,0.9391041299897984,0.9452768700373402,0.9269076305220884,0.9046531820823426,0.8857994106595619,0.8927580781364832
721,0.006777840842327637,0.0121894552891413,,False,0.9610402650868561,0.9537102196441105,0.9391041299897984,0.9454555535176764,0.9269076305220884,0.9046531820823426,0.8857994106595619,0.8927580781364832
722,0.006771908638312651,0.012184686055328187,,False,0.9610402650868561,0.9537106684523948,0.9391041299897984,0.945455327658181,0.9269076305220884,0.9046531820823426,0.8857994106595619,0.8927580781364832
723,0.00676618832013254,0.012179122126751955,,False,0.9611406767747765,0.954280133705811,0.9391961184697517,0.9457317775384941,0.9273092369477912,0.9049950769491121,0.8861722667371159,0.8931241238728168
724,0.0067604283638059755,0.012179013310430755,,False,0.9613415001506175,0.9540450075012937,0.9397999682021767,0.9460161992849615,0.9269076305220884,0.9046531820823426,0.8857994106595619,0.8927580781364832
725,0.006754304350390321,0.012174875136777504,,False,0.9613415001506175,0.9545170128562168,0.9397955417740711,0.946196838419158,0.9269076305220884,0.9046531820823426,0.8857994106595619,0.8927580781364832
726,0.006748766724260706,0.01216940427115773,,False,0.961441911838538,0.9550965552082142,0.9398906711500223,0.9464762563383425,0.927710843373494,0.9053860628695648,0.8865232615462794,0.8934934769218617
727,0.006742514849833465,0.01217556521831804,,False,0.9613415001506175,0.9540437700839396,0.9397999682021767,0.9460165976207809,0.9269076305220884,0.9046531820823426,0.8857994106595619,0.8927580781364832
728,0.006736918669110671,0.012178972635147178,,False,0.961441911838538,0.9541373430044489,0.9398886442685064,0.9461080302039995,0.9269076305220884,0.9046531820823426,0.8857994106595619,0.8927580781364832
729,0.006731032263741858,0.012176622711297987,,False,0.961441911838538,0.9541373430044489,0.9398886442685064,0.9461080302039995,0.9273092369477912,0.9050427541383788,0.8861613361029206,0.8931345376901726
730,0.006725457066552605,0.012172639216405247,,False,0.9616427352143789,0.9547970143543618,0.9400778856754722,0.9464760777652715,0.9273092369477912,0.9050427541383788,0.8861613361029206,0.8931345376901726
731,0.006719471841099212,0.012167614385922334,,False,0.9615423235264585,0.9546991719268735,0.9399858005259737,0.9463831167755161,0.9269076305220884,0.9046531820823426,0.8857994106595619,0.8927580781364832
732,0.006713689972438629,0.01216449594857573,,False,0.9615423235264585,0.954705748857159,0.9399858005259737,0.9463846911503863,0.927710843373494,0.9053860628695648,0.8865232615462794,0.8934934769218617
733,0.006707942464264556,0.012166867771451623,,False,0.9615423235264585,0.9542350520444118,0.9399824881123503,0.9462024683912724,0.9273092369477912,0.9050427541383788,0.8861613361029206,0.8931345376901726
734,0.006702451402802551,0.012167112506865757,,False,0.9616427352143789,0.9543307206608697,0.9400758587939563,0.9462977068331698,0.9273092369477912,0.9050427541383788,0.8861613361029206,0.8931345376901726
735,0.006697941061492306,0.012169519325477168,,False,0.9618435585902199,0.9550706210008428,0.9406768358175541,0.9469598904642686,0.9269076305220884,0.9046367185531753,0.8857877564670393,0.8927660050764124
736,0.006691312307651965,0.01216186298510979,,False,0.9618435585902199,0.9550630096293946,0.9406785945118994,0.94695699966169,0.927710843373494,0.9053860628695648,0.8865232615462794,0.8934934769218617
737,0.0066850791173080765,0.01215576185922362,,False,0.9619439702781404,0.9551591593094746,0.9407737238878506,0.9470526695020928,0.927710843373494,0.9053860628695648,0.8865232615462794,0.8934934769218617
738,0.0066793029132818805,0.012148668304200534,,False,0.9618435585902199,0.9550653877993819,0.940685047821521,0.9469614535761255,0.927710843373494,0.9053860628695648,0.8865232615462794,0.8934934769218617
739,0.006673616017548187,0.012146837867661395,,False,0.9620443819660609,0.9552470771120759,0.9408670945694566,0.9471458945032852,0.9281124497991968,0.9057268034232524,0.8868961176238334,0.8938595683346242
740,0.006667981247644407,0.012145438473826113,,False,0.9621447936539813,0.9553407686870015,0.940962223945408,0.947239542694426,0.927710843373494,0.9053860628695648,0.8865232615462794,0.8934934769218617
741,0.006662378864395807,0.012143032913116162,,False,0.9621447936539813,0.9554053127459914,0.9413808860338992,0.947525681780029,0.9273092369477912,0.9050052392863324,0.8861427440424742,0.893120874202583
742,0.006656845176965263,0.012143157132018249,,False,0.9621447936539813,0.9554099515001844,0.9413808860338992,0.9475271937228005,0.927710843373494,0.9053860628695648,0.8865232615462794,0.8934934769218617
743,0.006651084144174292,0.012138870940004091,,False,0.9622452053419018,0.9554997881003726,0.9414741783186273,0.9476204074289496,0.9273092369477912,0.9050052392863324,0.8861427440424742,0.893120874202583
744,0.006645833257702963,0.012137005904764027,,False,0.9624460287177428,0.9556836153964632,0.9416609196818393,0.9478081075821605,0.9269076305220884,0.9046367185531753,0.8857877564670393,0.8927660050764124
745,0.006640306190614925,0.01213550499373723,,False,0.9623456170298222,0.9555883316159337,0.9415675490002333,0.9477128981422696,0.927710843373494,0.9053860628695648,0.8865232615462794,0.8934934769218617
746,0.006634155421221798,0.012126286135329298,,False,0.9623456170298222,0.9555877804076024,0.9415675490002333,0.947713630649404,0.927710843373494,0.90534597984002,0.8865156001200282,0.8934869656153457
747,0.006628925301205846,0.01212694724292645,,False,0.9626468520935837,0.9558653255533892,0.9418476610450512,0.9479933848881653,0.9273092369477912,0.9050052392863324,0.8861427440424742,0.893120874202583
748,0.006622844723822101,0.012125171285127863,,False,0.9623456170298222,0.9555877804076024,0.9415675490002333,0.947713630649404,0.927710843373494,0.90534597984002,0.8865156001200282,0.8934869656153457
749,0.006617652593571087,0.01212154724800725,,False,0.9623456170298222,0.9555883316159337,0.9415675490002333,0.9477128981422696,0.927710843373494,0.90534597984002,0.8865156001200282,0.8934869656153457
750,0.006611809543103227,0.012117593877607339,,False,0.9624460287177428,0.9557474640417603,0.9420795817703306,0.9480942685366318,0.927710843373494,0.90534597984002,0.8865156001200282,0.8934869656153457
751,0.006606787999854487,0.012120749234311579,,False,0.9623456170298222,0.9556517865191486,0.9419862110887246,0.9479989864239271,0.927710843373494,0.90534597984002,0.8865156001200282,0.8934869656153457
752,0.0066013755765480615,0.012120690365894122,,False,0.9623456170298222,0.9551967373053744,0.9419862110887246,0.9478159571396181,0.9273092369477912,0.9049895354141582,0.8861427440424742,0.8931056381395375
753,0.006595324916658015,0.01211444029221961,,False,0.9624460287177428,0.955753964040982,0.9420795817703306,0.9480961816328397,0.9273092369477912,0.9049895354141582,0.8861427440424742,0.8931056381395375
754,0.006589654875336939,0.012114147685655878,,False,0.9624460287177428,0.9557428976158447,0.9420795817703306,0.9480927543427389,0.9273092369477912,0.9049895354141582,0.8861427440424742,0.8931056381395375
755,0.006584204360216781,0.01211357479444799,,False,0.9626468520935837,0.9559205321431844,0.9422663231335425,0.9482750646925786,0.9273092369477912,0.9049895354141582,0.8861427440424742,0.8931056381395375
756,0.006578600118659296,0.012107723916411916,,False,0.9626468520935837,0.955918198030404,0.9422663231335425,0.9482754370794856,0.927710843373494,0.9053302759678457,0.8865156001200282,0.8934717295523001
757,0.006573224252625344,0.012105774919038087,,False,0.9629480871573451,0.9561973363019978,0.9425462783846046,0.9485574273137135,0.927710843373494,0.9053302759678457,0.8865156001200282,0.8934717295523001
758,0.006567888181123198,0.012102111578952263,,False,0.9628476754694246,0.9565668430174801,0.9424529077029986,0.9486442776174915,0.927710843373494,0.9053302759678457,0.8865156001200282,0.8934717295523001
759,0.006562253247766,0.012103945806274741,,False,0.9629480871573451,0.9557416926285998,0.9425467515468424,0.9483744939019082,0.927710843373494,0.9053302759678457,0.8865156001200282,0.8934717295523001
760,0.006556791909310407,0.01209888616249241,,False,0.9630484988452656,0.9567561075632334,0.942637454494688,0.948828688510194,0.927710843373494,0.9053302759678457,0.8865156001200282,0.8934717295523001
761,0.006551359630470436,0.012099438375035555,,False,0.9631489105331861,0.9568521438703714,0.942730825176294,0.9489239207916006,0.927710843373494,0.9053302759678457,0.8865156001200282,0.8934717295523001
762,0.006545815269349879,0.01209348322832183,,False,0.9631489105331861,0.9568545673368969,0.942730825176294,0.9489235913930713,0.927710843373494,0.9053302759678457,0.8865156001200282,0.8934717295523001
763,0.006540614875866649,0.012088882036747777,,False,0.9631489105331861,0.9563896234098976,0.9427198811349784,0.9487342227008315,0.927710843373494,0.9053302759678457,0.8865156001200282,0.8934717295523001
764,0.006535070918179263,0.012091986051792441,,False,0.9632493222211065,0.9564814985346798,0.9428132518165844,0.9488272069814901,0.927710843373494,0.9053302759678457,0.8865156001200282,0.8934717295523001
765,0.006529566642323381,0.01208515113999347,,False,0.9632493222211065,0.9560253172133284,0.9428215281241399,0.9486513301766427,0.9269076305220884,0.9046220063632879,0.8857673686670987,0.8927375169581888
766,0.006524487922081812,0.012075935597435108,,False,0.963349733909027,0.9565695350915596,0.9429174881426281,0.9489274492932258,0.927710843373494,0.9052923292476035,0.8865156001200282,0.8934610052500109
767,0.006519139371753078,0.012078027235988793,,False,0.963349733909027,0.9565553351187064,0.9429080989120755,0.9489136964528743,0.9273092369477912,0.9049850308603795,0.8861402247446528,0.893105769288172
768,0.006513479364780977,0.012075548474445783,,False,0.9632493222211065,0.9564194120236783,0.9424007607572545,0.9485468350140775,0.927710843373494,0.9053302759678457,0.8865156001200282,0.8934717295523001
769,0.006508237958059273,0.012081645297072266,,False,0.9635505572848679,0.9567632235488964,0.9430859231154878,0.9491048295527305,0.9273092369477912,0.9049672514707541,0.8861427440424742,0.8931034772223172
770,0.006502928480754468,0.012068280723210286,,False,0.9634501455969475,0.9565924767044207,0.9425736221582199,0.9487181845636101,0.9269076305220884,0.9046220063632879,0.8857673686670987,0.8927375169581888
771,0.006497477402840232,0.012066930968839604,,False,0.9634501455969475,0.9566079571392417,0.9425738903453905,0.9487256676604867,0.9273092369477912,0.9049672514707541,0.8861427440424742,0.8931034772223172
772,0.006492256532075916,0.012065688962374602,,False,0.9635505572848679,0.9566854929351388,0.9426690197213419,0.9488125291233211,0.9269076305220884,0.9046220063632879,0.8857673686670987,0.8927375169581888
773,0.006487012750983897,0.012063341247953102,,False,0.9636509689727885,0.9563320522165173,0.9427623904029478,0.9487343246137523,0.9273092369477912,0.9058160323563877,0.887824981835823,0.8946331610429787
774,0.0064820760640406,0.012065723562604982,,False,0.963349733909027,0.9564925056494354,0.9424911955179296,0.9486292884070253,0.927710843373494,0.9062439542415603,0.8881978379133771,0.895017578336705
775,0.006476752087708359,0.012054706531853787,,False,0.9635505572848679,0.956687370204755,0.9426643251060656,0.9488100445070763,0.9273092369477912,0.9058809297444689,0.887824981835823,0.894649326006722
776,0.006470990956471066,0.012058649323602868,,False,0.9638517923486294,0.9569781712929546,0.9429444371508835,0.9490977388230308,0.927710843373494,0.9061744918048683,0.8881990933210456,0.8950052956833859
777,0.006465814548787567,0.012059748749767752,,False,0.9639522040365499,0.9566125073570695,0.9430378078324895,0.9490116145872592,0.927710843373494,0.9061744918048683,0.8881990933210456,0.8950052956833859
778,0.006460459291302285,0.012059775990033822,,False,0.9638517923486294,0.9569714173019624,0.9429444371508835,0.9490957413374237,0.9273092369477912,0.9058551333897119,0.887824981835823,0.8946438396688386
779,0.006455824993346655,0.012053356287783083,,False,0.9637513806607089,0.95688720717551,0.9428557610845538,0.9490080067045267,0.9273092369477912,0.905809768832752,0.8878441057456107,0.8946502599476182
780,0.006450191110174307,0.012053776969864163,,False,0.9639522040365499,0.9570743753236162,0.9430378078324895,0.9491922064033838,0.927710843373494,0.9062115907054508,0.8881990933210456,0.8950154545920905
781,0.006444455060399424,0.012051438451722006,,False,0.9637513806607089,0.9569497739252161,0.9432697285577688,0.9492889589838251,0.9273092369477912,0.9058809297444689,0.887824981835823,0.894649326006722
782,0.006440262904634226,0.012050142912376228,,False,0.9638517923486294,0.9570152253518702,0.9433629424456189,0.949369504707875,0.9273092369477912,0.9058809297444689,0.887824981835823,0.894649326006722
783,0.006434441818537796,0.012048820410454807,,False,0.9638517923486294,0.9570329490946753,0.9433630208424968,0.9493772000564934,0.9273092369477912,0.9058809297444689,0.887824981835823,0.894649326006722
784,0.006429251326637446,0.012045329175007988,,False,0.9641530274123908,0.9573143526890271,0.9436431328873147,0.949659117104344,0.927710843373494,0.9062115907054508,0.8881990933210456,0.8950154545920905
785,0.006423637438820211,0.012041490303592778,,False,0.9639522040365499,0.9571106597580806,0.9434563131272249,0.9494646669869423,0.9273092369477912,0.9058809297444689,0.887824981835823,0.894649326006722
786,0.006418525948300021,0.012038647400737673,,False,0.9639522040365499,0.9571174192425015,0.9434563131272249,0.9494667058327065,0.9273092369477912,0.9058809297444689,0.887824981835823,0.894649326006722
787,0.006413335365304747,0.012036362335598058,,False,0.9639522040365499,0.9571106597580806,0.9434563131272249,0.9494646669869423,0.9273092369477912,0.9058809297444689,0.887824981835823,0.894649326006722
788,0.006408300864765282,0.012033045230583189,,False,0.9641530274123908,0.9573124481591032,0.9436430544904368,0.9496592141733736,0.927710843373494,0.9061952511656407,0.8881990933210456,0.8950098088772537
789,0.006403010128207761,0.012029406587352893,,False,0.9640526157244703,0.9572070362353848,0.9435496838088309,0.9495589957624964,0.927710843373494,0.9061952511656407,0.8881990933210456,0.8950098088772537
790,0.006397937439279728,0.012028860667415696,,False,0.9641530274123908,0.9572962658870596,0.9436430544904368,0.9496514715861628,0.9273092369477912,0.9058272695826461,0.8878441057456107,0.8946542337209495
791,0.006392611890496227,0.012027086429847527,,False,0.9641530274123908,0.9573007361626572,0.9436436069796772,0.9496522775605148,0.927710843373494,0.9061952511656407,0.8881990933210456,0.8950098088772537
792,0.006387518098901572,0.012028134020613694,,False,0.9642534391003112,0.9573833424421532,0.9437369776612832,0.9497427493997646,0.927710843373494,0.9061952511656407,0.8881990933210456,0.8950098088772537
793,0.00638226430175988,0.012025459590143825,,False,0.9641530274123908,0.9573007361626572,0.9436436069796772,0.9496522775605148,0.927710843373494,0.9061952511656407,0.8881990933210456,0.8950098088772537
794,0.006377820099106803,0.012017573653287997,,False,0.9640526157244703,0.9572111191697736,0.9435502362980712,0.949559987630725,0.9281124497991968,0.906578345649804,0.8885796108248507,0.8953829969911621
795,0.006372023719303487,0.012019061535834865,,False,0.9641530274123908,0.9573007361626572,0.9436436069796772,0.9496522775605148,0.9281124497991968,0.906578345649804,0.8885796108248507,0.8953829969911621
796,0.006367528879339712,0.012023070485062884,,False,0.9645546741640727,0.9576878289830947,0.9440170897061011,0.9500345875186602,0.9273092369477912,0.9058654501723942,0.8878441057456107,0.8946649463551469
797,0.0063619600184343286,0.012018589752564578,,False,0.9643538507882318,0.957495681254025,0.9438303483428891,0.9498450082221839,0.927710843373494,0.9062343521989649,0.8881990933210456,0.8950204875031136
798,0.006356828480910925,0.012013770433436466,,False,0.9644542624761522,0.9575886442201303,0.9439236406276171,0.9499394665956006,0.927710843373494,0.9062343521989649,0.8881990933210456,0.8950204875031136
799,0.006351898745196936,0.012011972430021547,,False,0.9644542624761522,0.9575820959159371,0.9439236406276171,0.9499374610172624,0.927710843373494,0.9061952511656407,0.8881990933210456,0.8950098088772537
800,0.006346711469405758,0.012007989389797002,,False,0.9643538507882318,0.9574861086761535,0.943825575330735,0.9498375949524882,0.927710843373494,0.9062343521989649,0.8881990933210456,0.8950204875031136
801,0.006341754946596928,0.012006695657052433,,False,0.9642534391003112,0.9573904442114541,0.943732204649129,0.949742394321558,0.9281124497991968,0.9066174466831279,0.8885796108248507,0.8953936756170222
802,0.006336526930737832,0.012005104573205536,,False,0.9645546741640727,0.9576753721823211,0.9440122382970689,0.950026342110346,0.927710843373494,0.9062343521989649,0.8881990933210456,0.8950204875031136
803,0.006331416006329468,0.01200120356814929,,False,0.9646550858519932,0.9577645216965054,0.9441056089786749,0.9501187782872679,0.9281124497991968,0.906578345649804,0.8885796108248507,0.8953829969911621
804,0.006326554097949665,0.012002915379360135,,False,0.9648559092278342,0.9579432525981668,0.9442923503418869,0.9503043081825948,0.927710843373494,0.9061952511656407,0.8881990933210456,0.8950098088772537
805,0.006321456056267728,0.011994824751924878,,False,0.9647554975399136,0.9578537997102106,0.9441989796602809,0.9502112076203088,0.9281124497991968,0.906578345649804,0.8885796108248507,0.8953829969911621
806,0.006316626029243969,0.011993178716047324,,False,0.9645546741640727,0.9576686940107848,0.9440122382970689,0.9500239226827714,0.9281124497991968,0.9066174466831279,0.8885796108248507,0.8953936756170222
807,0.006311502071725325,0.011993081316110363,,False,0.9645546741640727,0.9576685842060597,0.9440122382970689,0.9500245615527592,0.9285140562248996,0.9077436986458205,0.890637223993575,0.897237355110787
808,0.006306489762647772,0.01199902086030534,,False,0.9648559092278342,0.9579432525981668,0.9442923503418869,0.9503043081825948,0.9285140562248996,0.9077827996791444,0.890637223993575,0.8972480337366471
809,0.006301399055620337,0.011993760084335057,,False,0.9649563209157546,0.9580391910620227,0.9443857210234928,0.95039937855308,0.9285140562248996,0.9077436986458205,0.890637223993575,0.897237355110787
810,0.006296811766481933,0.011994617527892631,,False,0.9651571442915955,0.9582374919925974,0.9445724623867048,0.9505907271324134,0.9285140562248996,0.9077436986458205,0.890637223993575,0.897237355110787
811,0.006291658918631245,0.011991148711616086,,False,0.9651571442915955,0.9582374919925974,0.9445724623867048,0.9505907271324134,0.9285140562248996,0.9077436986458205,0.890637223993575,0.897237355110787
812,0.006286502319352148,0.011983466407171801,,False,0.9650567326036751,0.9581416155222815,0.9444790917050988,0.9504964188346664,0.9289156626506024,0.9098726926283613,0.8909991494369337,0.8981645551412468
813,0.006281648835662303,0.011985399783642487,,False,0.9650567326036751,0.9581416155222815,0.9444790917050988,0.9504964188346664,0.9289156626506024,0.9098726926283613,0.8909991494369337,0.8981645551412468
814,0.006276699570760707,0.01198335077120403,,False,0.965257555979516,0.9583872241230912,0.945084495156802,0.950965747490197,0.9289156626506024,0.9098726926283613,0.8909991494369337,0.8981645551412468
815,0.006271706894190177,0.011981882264976563,,False,0.9651571442915955,0.9582913476527755,0.9449911244751961,0.9508714391924502,0.9289156626506024,0.9081385386604965,0.8910125993689504,0.8976097327015763
816,0.006266763529233842,0.01197699930103413,,False,0.9651571442915955,0.9582913476527755,0.9449911244751961,0.9508714391924502,0.9289156626506024,0.9098726926283613,0.8909991494369337,0.8981645551412468
817,0.006261893765807368,0.01196940457122211,,False,0.9651571442915955,0.9582913476527755,0.9449911244751961,0.9508714391924502,0.9293172690763052,0.9102273841210674,0.8913745248123092,0.8985263090265503
818,0.006256993859763718,0.011970112770910304,,False,0.9651571442915955,0.9582851475046178,0.9449911244751961,0.9508695018888584,0.9293172690763052,0.9102273841210674,0.8913745248123092,0.8985263090265503
819,0.0062522600814498815,0.011962813956513326,,False,0.965257555979516,0.9583798766826876,0.9450862538511474,0.9509635369643819,0.9293172690763052,0.9102273841210674,0.8913745248123092,0.8985263090265503
820,0.006247249287014494,0.011965350946838158,,False,0.9651571442915955,0.9582913476527755,0.9449911244751961,0.9508714391924502,0.9293172690763052,0.9102273841210674,0.8913745248123092,0.8985263090265503
821,0.006242337748921378,0.01196514583411217,,False,0.9651571442915955,0.9582913476527755,0.9449911244751961,0.9508714391924502,0.9293172690763052,0.9102273841210674,0.8913745248123092,0.8985263090265503
822,0.006237670179436988,0.011966435905751487,,False,0.9649563209157546,0.9581126069619079,0.9448043831119841,0.9506873455088011,0.9293172690763052,0.9102664851543913,0.8913745248123092,0.8985369876524102
823,0.006232592822912965,0.0119613834358203,,False,0.9651571442915955,0.9582851475046178,0.9449911244751961,0.9508695018888584,0.9293172690763052,0.9102273841210674,0.8913745248123092,0.8985263090265503
824,0.006227784285071848,0.01195978891873341,,False,0.9651571442915955,0.9582913476527755,0.9449911244751961,0.9508714391924502,0.9293172690763052,0.9102273841210674,0.8913745248123092,0.8985263090265503
825,0.006223324713712315,0.011962212305471481,,False,0.9650567326036751,0.9581957137084218,0.9448977537935901,0.9507774588123556,0.9289156626506024,0.9081385386604965,0.8910125993689504,0.8976097327015763
826,0.006218291628483126,0.011964504095387227,,False,0.9650567326036751,0.9581957137084218,0.9448977537935901,0.9507774588123556,0.9293172690763052,0.9102664851543913,0.8913745248123092,0.8985369876524102
827,0.006213391304722255,0.011958521356490597,,False,0.965257555979516,0.9583798766826876,0.9450862538511474,0.9509635369643819,0.9289156626506024,0.9099287180670864,0.8910016687347552,0.8981753993152028
828,0.006208507682989731,0.011956281481070394,,False,0.9651571442915955,0.9582913476527755,0.9449911244751961,0.9508714391924502,0.9289156626506024,0.9099287180670864,0.8910016687347552,0.8981753993152028
829,0.006204043807673618,0.011951613591290254,,False,0.9651571442915955,0.9582965346825145,0.9449911244751961,0.9508740200835256,0.9289156626506024,0.9098884552940341,0.8910016687347552,0.8981647676923039
830,0.006198930836067868,0.01194870771245091,,False,0.965257555979516,0.9583736765345302,0.9450862538511474,0.9509615996607901,0.9289156626506024,0.9098884552940341,0.8910016687347552,0.8981647676923039
831,0.006194597588835141,0.011949885219433614,,False,0.9651571442915955,0.9582841079620744,0.9449928831695414,0.9508695225272168,0.9289156626506024,0.9098884552940341,0.8910016687347552,0.8981647676923039
832,0.006189462536315967,0.011945117283190174,,False,0.9650567326036751,0.9581957137084218,0.9448977537935901,0.9507774588123556,0.9293172690763052,0.9102273841210674,0.8913745248123092,0.8985263090265503
833,0.006184696160139835,0.01193490629390247,,False,0.965257555979516,0.9583787267939508,0.9450862538511474,0.9509641456056972,0.9293172690763052,0.9102273841210674,0.8913745248123092,0.8985263090265503
834,0.006179926078536216,0.011945274654595247,,False,0.9651571442915955,0.9582851475046178,0.9449911244751961,0.9508695018888584,0.9289156626506024,0.9098884552940341,0.8910016687347552,0.8981647676923039
835,0.006175179495275614,0.011937986393746002,,False,0.9651571442915955,0.9582954951399711,0.9449928831695414,0.950874040721884,0.9289156626506024,0.9098884552940341,0.8910016687347552,0.8981647676923039
836,0.006170450675910174,0.01193874419326134,,False,0.965257555979516,0.9583787267939508,0.9450862538511474,0.9509641456056972,0.9289156626506024,0.9098884552940341,0.8910016687347552,0.8981647676923039
837,0.006165589754151576,0.011938673820086027,,False,0.965257555979516,0.9583736765345302,0.9450862538511474,0.9509615996607901,0.9289156626506024,0.9098884552940341,0.8910016687347552,0.8981647676923039
838,0.006160918788487353,0.01193188255235871,,False,0.965257555979516,0.9583899193094955,0.9450815592358711,0.9509646710554601,0.9289156626506024,0.9098884552940341,0.8910016687347552,0.8981647676923039
839,0.006156247549574494,0.011932858755668387,,False,0.965257555979516,0.9583899193094955,0.9450815592358711,0.9509646710554601,0.9289156626506024,0.9099287180670864,0.8910016687347552,0.8981753993152028
840,0.006152237646038472,0.011933306098979277,,False,0.9654583793553569,0.9585754550383301,0.9452683005990831,0.9511510957018934,0.9289156626506024,0.9099287180670864,0.8910016687347552,0.8981753993152028
841,0.006146803441376467,0.01192426900969544,,False,0.9653579676674365,0.9584794228156436,0.9451749299174771,0.9510567492506977,0.9289156626506024,0.9098884552940341,0.8910016687347552,0.8981647676923039
842,0.006142244440983035,0.011921825493194428,,False,0.965257555979516,0.9588527519733017,0.9450862538511474,0.9511508861097655,0.9289156626506024,0.9098884552940341,0.8910016687347552,0.8981647676923039
843,0.0061374788556905185,0.011919528835038913,,False,0.965257555979516,0.9583850637124267,0.9450862538511474,0.9509661178554573,0.9289156626506024,0.9098884552940341,0.8910016687347552,0.8981647676923039
844,0.006132797364505195,0.011918650695439776,,False,0.9653579676674365,0.9584794228156436,0.9451749299174771,0.9510567492506977,0.9289156626506024,0.9098884552940341,0.8910016687347552,0.8981647676923039
845,0.006128128711357149,0.011917076984743077,,False,0.965257555979516,0.9583834270356386,0.9450815592358711,0.9509626607005873,0.9289156626506024,0.9098884552940341,0.8910016687347552,0.8981647676923039
846,0.006123786642635381,0.011914603704113963,,False,0.9654583793553569,0.9585737649850006,0.945265632865323,0.9511492178652597,0.9289156626506024,0.9098884552940341,0.8910016687347552,0.8981647676923039
847,0.006119224321255686,0.01192059728317905,,False,0.9654583793553569,0.9585825394491871,0.945265632865323,0.9511529487474656,0.9289156626506024,0.9099287180670864,0.8910016687347552,0.8981753993152028
848,0.00611402438238532,0.011914288419531047,,False,0.965257555979516,0.9583834270356386,0.9450815592358711,0.9509626607005873,0.9289156626506024,0.9098884552940341,0.8910016687347552,0.8981647676923039
849,0.006109598569485664,0.01191248385064818,,False,0.965257555979516,0.9583834270356386,0.9450815592358711,0.9509626607005873,0.9289156626506024,0.9098884552940341,0.8910016687347552,0.8981647676923039
850,0.0061050587036756135,0.011907125471906156,,False,0.965257555979516,0.9583834270356386,0.9450815592358711,0.9509626607005873,0.9289156626506024,0.9098884552940341,0.8910016687347552,0.8981647676923039
851,0.006100270401678291,0.011906920828610598,,False,0.9653579676674365,0.9584777045052993,0.945172262183717,0.951055130850677,0.9289156626506024,0.9098884552940341,0.8910016687347552,0.8981647676923039
852,0.0060957388490100834,0.011907467741506101,,False,0.9653579676674365,0.9584842614788526,0.945172262183717,0.9510571396700224,0.9289156626506024,0.9098884552940341,0.8910016687347552,0.8981647676923039
853,0.00609110062680536,0.011905542362213337,,False,0.9653579676674365,0.9584777045052993,0.945172262183717,0.951055130850677,0.9289156626506024,0.9098884552940341,0.8910016687347552,0.8981647676923039
854,0.006086479710652113,0.011908060108310864,,False,0.9653579676674365,0.9584777045052993,0.945172262183717,0.951055130850677,0.9289156626506024,0.9099287180670864,0.8910016687347552,0.8981753993152028
855,0.006082339041180029,0.011907528954095744,,False,0.9653579676674365,0.9584777045052993,0.945172262183717,0.951055130850677,0.9289156626506024,0.9099287180670864,0.8910016687347552,0.8981753993152028
856,0.006077405306646212,0.011899518087033984,,False,0.9653579676674365,0.9584777045052993,0.945172262183717,0.951055130850677,0.9289156626506024,0.9099287180670864,0.8910016687347552,0.8981753993152028
857,0.0060726742272876715,0.011898841239239804,,False,0.9653579676674365,0.9584842614788526,0.945172262183717,0.9510571396700224,0.9289156626506024,0.9099287180670864,0.8910016687347552,0.8981753993152028
858,0.006068567677165611,0.011897667376408589,,False,0.9653579676674365,0.9584777045052993,0.945172262183717,0.951055130850677,0.9285140562248996,0.9095053608098708,0.89062115123095,0.8977915795783955
859,0.006063802977990111,0.01189125071152721,,False,0.9653579676674365,0.9584842614788526,0.945172262183717,0.9510571396700224,0.9289156626506024,0.9098884552940341,0.8910016687347552,0.8981647676923039
860,0.0060593704848059165,0.01189193762031417,,False,0.9653579676674365,0.9584842614788526,0.945172262183717,0.9510571396700224,0.9285140562248996,0.9095053608098708,0.89062115123095,0.8977915795783955
861,0.0060547164429806954,0.011884999851310002,,False,0.9653579676674365,0.9584777045052993,0.945172262183717,0.951055130850677,0.9289156626506024,0.9098884552940341,0.8910016687347552,0.8981647676923039
862,0.006049977807544031,0.011887957361943795,,False,0.9654583793553569,0.9585638751194249,0.9452546888240071,0.9511401141852702,0.9289156626506024,0.9098884552940341,0.8910016687347552,0.8981647676923039
863,0.0060454868631202125,0.011887092525080072,,False,0.9654583793553569,0.9585638751194249,0.9452546888240071,0.9511401141852702,0.9289156626506024,0.9099287180670864,0.8910016687347552,0.8981753993152028
864,0.006041180664550179,0.011889999100429111,,False,0.9655587910432775,0.9587131039291079,0.9457667215941044,0.9515135422569452,0.9289156626506024,0.9099287180670864,0.8910016687347552,0.8981753993152028
865,0.006036604157026545,0.011883857083414454,,False,0.9655587910432775,0.9587131039291079,0.9457667215941044,0.9515135422569452,0.9289156626506024,0.9098884552940341,0.8910016687347552,0.8981647676923039
866,0.006032569314278176,0.011890260527212383,,False,0.9655587910432775,0.9587131039291079,0.9457667215941044,0.9515135422569452,0.9285140562248996,0.9095053608098708,0.89062115123095,0.8977915795783955
867,0.006027668523711862,0.011885918249673928,,False,0.9655587910432775,0.9587131039291079,0.9457667215941044,0.9515135422569452,0.9289156626506024,0.9099287180670864,0.8910016687347552,0.8981753993152028
868,0.006023165021608922,0.0118845340800419,,False,0.9656592027311979,0.9592653629668454,0.9458606447649507,0.9517892051663611,0.9289156626506024,0.9099287180670864,0.8910016687347552,0.8981753993152028
869,0.006018675289799082,0.011881779131149744,,False,0.9656592027311979,0.9592653629668454,0.9458606447649507,0.9517892051663611,0.9289156626506024,0.9099287180670864,0.8910016687347552,0.8981753993152028
870,0.006014199968127544,0.01188016752855373,,False,0.9655587910432775,0.9587193874604485,0.9457667215941044,0.9515154811673039,0.9285140562248996,0.9095456235829233,0.89062115123095,0.8978022112012943
871,0.006009651188162965,0.01187578447613393,,False,0.9655587910432775,0.9587131039291079,0.9457667215941044,0.9515135422569452,0.9289156626506024,0.9099287180670864,0.8910016687347552,0.8981753993152028
872,0.006005742803089285,0.011876020424797453,,False,0.9658600261070388,0.9594564879846593,0.9460473077312846,0.9519790199861394,0.9285140562248996,0.9095053608098708,0.89062115123095,0.8977915795783955
873,0.006001774404279556,0.011877897305201049,,False,0.9659604377949593,0.9595461906523336,0.9461406784128906,0.9520710887761796,0.9285140562248996,0.9095053608098708,0.89062115123095,0.8977915795783955
874,0.0059964249358823605,0.011868762185699485,,False,0.9657596144191184,0.9598407767111029,0.9459539370496787,0.952072778201095,0.9289156626506024,0.9098884552940341,0.8910016687347552,0.8981647676923039
875,0.005991856297916871,0.01186323521994841,,False,0.9657596144191184,0.9593696135553196,0.9459539370496787,0.9518866050788444,0.9289156626506024,0.9098884552940341,0.8910016687347552,0.8981647676923039
876,0.005987502629278678,0.01186469939878113,,False,0.9657596144191184,0.9593535397859227,0.9459539370496787,0.9518808155182117,0.9285140562248996,0.9095053608098708,0.89062115123095,0.8977915795783955
877,0.005983716585436871,0.011862733110157125,,False,0.9658600261070388,0.9594508707300656,0.9460426131160085,0.9519721338258886,0.9289156626506024,0.9098884552940341,0.8910016687347552,0.8981647676923039
878,0.00597867744659055,0.011859155940677478,,False,0.9657596144191184,0.9593631316633687,0.9459539370496787,0.9518845947178676,0.9285140562248996,0.9095053608098708,0.89062115123095,0.8977915795783955
879,0.005974310359911267,0.011861040365451393,,False,0.9657596144191184,0.9593580937149646,0.9459539370496787,0.9518821277398322,0.9289156626506024,0.9098884552940341,0.8910016687347552,0.8981647676923039
880,0.005969967693167249,0.011859624782138534,,False,0.9657596144191184,0.9593644390507321,0.9459539370496787,0.9518841031675562,0.9289156626506024,0.9098884552940341,0.8910016687347552,0.8981647676923039
881,0.005965606785586053,0.011859179956015892,,False,0.9658600261070388,0.9594623905704207,0.9460426131160085,0.9519766111649007,0.9289156626506024,0.9099287180670864,0.8910016687347552,0.8981753993152028
882,0.0059611855275202965,0.011858556339798978,,False,0.9657596144191184,0.9593631316633687,0.9459539370496787,0.9518845947178676,0.9285140562248996,0.9095053608098708,0.89062115123095,0.8977915795783955
883,0.005956872793622416,0.011855803673863262,,False,0.9657596144191184,0.9593696135553196,0.9459539370496787,0.9518866050788444,0.9285140562248996,0.9095053608098708,0.89062115123095,0.8977915795783955
884,0.005952572402524692,0.011855273400034281,,False,0.9657596144191184,0.9593696135553196,0.9459539370496787,0.9518866050788444,0.9285140562248996,0.9095053608098708,0.89062115123095,0.8977915795783955
885,0.005948218603456906,0.011849522117821162,,False,0.9658600261070388,0.9594559086784697,0.9460426131160085,0.951974600803924,0.9285140562248996,0.9095053608098708,0.89062115123095,0.8977915795783955
886,0.005943918878096234,0.01184873235724789,,False,0.9657596144191184,0.9598407767111029,0.9459539370496787,0.952072778201095,0.9285140562248996,0.9095053608098708,0.89062115123095,0.8977915795783955
887,0.00593955031305827,0.011850708582976837,,False,0.9658600261070388,0.9594623905704207,0.9460426131160085,0.9519766111649007,0.9285140562248996,0.9095053608098708,0.89062115123095,0.8977915795783955
888,0.0059352660081999215,0.011851822732781845,,False,0.9659604377949593,0.9595583384282627,0.9461333160638543,0.9520686266566086,0.9285140562248996,0.9095456235829233,0.89062115123095,0.8978022112012943
889,0.005930817972005881,0.011844779907883877,,False,0.9658600261070388,0.9594559086784697,0.9460426131160085,0.951974600803924,0.9285140562248996,0.9095053608098708,0.89062115123095,0.8977915795783955
890,0.00592679170994233,0.011838566439079028,,False,0.9659604377949593,0.9600295659726866,0.9461333160638543,0.9522547982470573,0.9293172690763052,0.910275228261635,0.8913770441101304,0.898531340644248
891,0.005922479291353129,0.011840966590721636,,False,0.9659604377949593,0.9595583384282627,0.9461333160638543,0.9520686266566086,0.9289156626506024,0.9099349007450503,0.8909965266063252,0.8981693818395953
892,0.005917969757945164,0.01184374134759229,,False,0.9659604377949593,0.9595516364427991,0.9461333160638543,0.952066579675922,0.9285140562248996,0.9095456235829233,0.89062115123095,0.8978022112012943
893,0.005913618597478585,0.011838355043113574,,False,0.9660608494828798,0.9596398026980503,0.9462266083485823,0.9521581854997628,0.9285140562248996,0.9095053608098708,0.89062115123095,0.8977915795783955
894,0.005909333336316237,0.011837433932513637,,False,0.9662616728587208,0.9598157042529886,0.9464041643648238,0.952334419501104,0.9293172690763052,0.9121333628608063,0.8913584520496839,0.8991007316223745
895,0.005905166155208544,0.011833329333422555,,False,0.9663620845466412,0.9603848147107937,0.9464865910051139,0.9526090213108288,0.9293172690763052,0.9121333628608063,0.8913584520496839,0.8991007316223745
896,0.005900985461195669,0.011826976246716064,,False,0.9663620845466412,0.9603780519290273,0.9464865910051139,0.9526069379440687,0.929718875502008,0.913166943785558,0.8934160652184082,0.900937982621905
897,0.00589650655341794,0.011830311722184404,,False,0.9662616728587208,0.9602935585646376,0.9464041643648238,0.9525226395803573,0.9293172690763052,0.9121333628608063,0.8913584520496839,0.8991007316223745
898,0.005892301445831614,0.01182936173778075,,False,0.9662616728587208,0.9602867957828711,0.9464041643648238,0.9525205562135972,0.9289156626506024,0.9117465898932053,0.8909830766743085,0.8987341586704305
899,0.005888184790880199,0.011831073784143442,,False,0.9662616728587208,0.9602935585646376,0.9464041643648238,0.9525226395803573,0.929718875502008,0.913166943785558,0.8934160652184082,0.900937982621905
900,0.005883927167563164,0.011827632150512477,,False,0.9662616728587208,0.9602935585646376,0.9464041643648238,0.9525226395803573,0.929718875502008,0.913166943785558,0.8934160652184082,0.900937982621905
901,0.005879708395236319,0.011823124293992031,,False,0.9664624962345617,0.9604717660818797,0.9465817203810651,0.9527007479988582,0.9293172690763052,0.9121333628608063,0.8913584520496839,0.8991007316223745
902,0.005875355289027388,0.011818489639249216,,False,0.9662616728587208,0.9602935585646376,0.9464041643648238,0.9525226395803573,0.929718875502008,0.913166943785558,0.8934160652184082,0.900937982621905
903,0.005871602833501425,0.011821332066221414,,False,0.9663620845466412,0.9603893861091337,0.9464975350464297,0.9526170746926914,0.9293172690763052,0.9121333628608063,0.8913584520496839,0.8991007316223745
904,0.005866882534744976,0.011819383869089685,,False,0.9663620845466412,0.9603871193932102,0.946499293740775,0.9526164119321988,0.9293172690763052,0.9121333628608063,0.8913584520496839,0.8991007316223745
905,0.005862852619697307,0.011819760650591636,,False,0.9662616728587208,0.9602935585646376,0.9464041643648238,0.9525226395803573,0.929718875502008,0.913166943785558,0.8934160652184082,0.900937982621905
906,0.005858663684296737,0.011817362150550934,,False,0.9665629079224822,0.9605723909196988,0.9466768497570164,0.9527966371457423,0.9301204819277108,0.9135040327075389,0.8937914405937837,0.9012978717962687
907,0.005854570092069589,0.011821021264947978,,False,0.9662616728587208,0.9602935585646376,0.9464041643648238,0.9525226395803573,0.929718875502008,0.9132077086203947,0.8934160652184082,0.9009486922140054
908,0.005850229049982237,0.011815573006015592,,False,0.9665629079224822,0.9605723909196988,0.9466768497570164,0.9527966371457423,0.9293172690763052,0.9121333628608063,0.8913584520496839,0.8991007316223745
909,0.0058462379131936065,0.011813199669184888,,False,0.9663620845466412,0.9603803566114437,0.946499293740775,0.9526143285654387,0.9289156626506024,0.9117523682841724,0.8909779345458788,0.8987274341848948
910,0.0058417987736191735,0.011810481055531563,,False,0.9666633196104026,0.9606604545134582,0.9467719791329677,0.952888797188221,0.9301204819277108,0.9135040327075389,0.8937914405937837,0.9012978717962687
911,0.0058377540450395725,0.011808964746181597,,False,0.9666633196104026,0.9606673729238779,0.9467719791329677,0.9528909187271211,0.9301204819277108,0.9135040327075389,0.8937914405937837,0.9012978717962687
912,0.0058335833775778395,0.011807598782888014,,False,0.9666633196104026,0.9606604545134582,0.9467719791329677,0.952888797188221,0.929718875502008,0.9124684308212109,0.8917338274250594,0.899460098612571
913,0.005829594416305189,0.011807422767923277,,False,0.9665629079224822,0.9605711281114133,0.9466768497570164,0.9527963896437119,0.9301204819277108,0.9135040327075389,0.8937914405937837,0.9012978717962687
914,0.005825507730909862,0.011813219662992515,,False,0.9668641429862436,0.9609130137931385,0.947377382584671,0.953359771621461,0.9293172690763052,0.9127441170621926,0.8930304055861734,0.9005511612096336
915,0.005821202389552976,0.011806954994074574,,False,0.9667637312983232,0.9608170933582654,0.947284011903065,0.9532652541881499,0.929718875502008,0.9125091956560476,0.8917338274250594,0.8994708082046715
916,0.00581712181347632,0.011804038672249977,,False,0.9667637312983232,0.9608155188949853,0.947284011903065,0.9532649302934177,0.9301204819277108,0.9135040327075389,0.8937914405937837,0.9012978717962687
917,0.00581362133138547,0.011801172810645135,,False,0.9667637312983232,0.9608225933317465,0.947284011903065,0.9532670900528797,0.9301204819277108,0.9135040327075389,0.8937914405937837,0.9012978717962687
918,0.005808756604444379,0.011802933066162207,,False,0.9667637312983232,0.9608170933582654,0.947284011903065,0.9532652541881499,0.9289156626506024,0.9117523682841724,0.8909779345458788,0.8987274341848948
919,0.0058045637002643825,0.011799600466429402,,False,0.9667637312983232,0.9608170933582654,0.947284011903065,0.9532652541881499,0.9293172690763052,0.9120874362445769,0.8913533099212542,0.8990868011750912
920,0.005800574101890663,0.011800441671733953,,False,0.9667637312983232,0.9608170933582654,0.947284011903065,0.9532652541881499,0.9293172690763052,0.9127441170621926,0.8930304055861734,0.9005511612096336
921,0.005796486249810845,0.011801228196182767,,False,0.9667637312983232,0.9608155188949853,0.947284011903065,0.9532649302934177,0.9289156626506024,0.9117951352517506,0.8909779345458788,0.8987386634941505
922,0.005792223786298261,0.011793728159355456,,False,0.9667637312983232,0.9608100189215043,0.947284011903065,0.9532630944286881,0.929718875502008,0.9131230381309048,0.8934109230899785,0.9009245743587891
923,0.005788240658858873,0.01179077206129833,,False,0.9667637312983232,0.9608170933582654,0.947284011903065,0.9532652541881499,0.9289156626506024,0.9117085151758649,0.8909727924174491,0.8987133880259357
924,0.005784102295413293,0.011786172202200415,,False,0.9667637312983232,0.9608170933582654,0.947284011903065,0.9532652541881499,0.929718875502008,0.9131230381309048,0.8934109230899785,0.9009245743587891
925,0.005780300167443969,0.01178780833303484,,False,0.9667637312983232,0.9608225933317465,0.947284011903065,0.9532670900528797,0.929718875502008,0.9131617820041653,0.8934109230899785,0.9009347617667223
926,0.0057759732633824125,0.011783474104190433,,False,0.9668641429862436,0.9609154995705114,0.9473747148509108,0.9533569692657602,0.9293172690763052,0.9127441170621926,0.8930304055861734,0.9005511612096336
927,0.005771873826937229,0.011788356354502592,,False,0.9668641429862436,0.9609154995705114,0.9473747148509108,0.9533569692657602,0.9293172690763052,0.9127828609354531,0.8930304055861734,0.9005613486175668
928,0.005768003746469539,0.01178620005751939,,False,0.9668641429862436,0.9609134912470272,0.9473747148509108,0.9533573464224071,0.9289156626506024,0.9123321751678297,0.892649888082368,0.9001626419299197
929,0.005763831410975878,0.011786625483134028,,False,0.9668641429862436,0.9609593588701668,0.9477960446731623,0.9536350374983679,0.9293172690763052,0.9127828609354531,0.8930304055861734,0.9005613486175668
930,0.005759891326086768,0.011779057320822548,,False,0.9669645546741641,0.9610609358176812,0.9478867476210081,0.9537297098727261,0.9293172690763052,0.9127441170621926,0.8930304055861734,0.9005511612096336
931,0.005755697401931887,0.01177676658245159,,False,0.9668641429862436,0.9609134912470272,0.9473747148509108,0.9533573464224071,0.9293172690763052,0.9127441170621926,0.8930304055861734,0.9005511612096336
932,0.005751870354554938,0.01177907171641655,,False,0.9670649663620845,0.961152198078089,0.9479806707918544,0.9538203713095645,0.9293172690763052,0.9127828609354531,0.8930304055861734,0.9005613486175668
933,0.005747965289372523,0.011781691792929545,,False,0.9670649663620845,0.961157457439896,0.9479806707918544,0.9538224719268698,0.9293172690763052,0.9127828609354531,0.8930304055861734,0.9005613486175668
934,0.005743689065802953,0.011777175341685953,,False,0.9670649663620845,0.9611558057779024,0.9479800399057362,0.9538236725674716,0.9293172690763052,0.9127441170621926,0.8930304055861734,0.9005511612096336
935,0.0057402829116293096,0.01176968238300904,,False,0.9670649663620845,0.9611558057779024,0.9479800399057362,0.9538236725674716,0.9293172690763052,0.9127090488387343,0.8930304055861734,0.900536177182672
936,0.005735849173829468,0.011770514165266506,,False,0.9670649663620845,0.961152198078089,0.9479806707918544,0.9538203713095645,0.9293172690763052,0.9127090488387343,0.8930304055861734,0.900536177182672
937,0.005731871445915145,0.01177171350589079,,False,0.967165378050005,0.9612395293759209,0.9480739630765824,0.9539121753904983,0.9293172690763052,0.9127090488387343,0.8930304055861734,0.900536177182672
938,0.0057279863603788735,0.011769353310399867,,False,0.967165378050005,0.9612395293759209,0.9480739630765824,0.9539121753904983,0.9293172690763052,0.9127090488387343,0.8930304055861734,0.900536177182672
939,0.005723869415954967,0.011765956105560482,,False,0.9670649663620845,0.9611558057779024,0.9479800399057362,0.9538236725674716,0.9293172690763052,0.9127090488387343,0.8930304055861734,0.900536177182672
940,0.005719928100443439,0.011763279345353778,,False,0.9670649663620845,0.9611503058044213,0.9479800399057362,0.9538218367027418,0.9293172690763052,0.9127090488387343,0.8930304055861734,0.900536177182672
941,0.005716287195049233,0.011760227972596623,,False,0.967165378050005,0.96125024267149,0.9480739630765824,0.9539168131929991,0.9293172690763052,0.9127441170621926,0.8930304055861734,0.9005511612096336
942,0.005712571340740937,0.011758386956699634,,False,0.967165378050005,0.96125024267149,0.9480739630765824,0.9539168131929991,0.9293172690763052,0.9127828609354531,0.8930304055861734,0.9005613486175668
943,0.0057080395788325685,0.011760366922845903,,False,0.967165378050005,0.96125024267149,0.9480739630765824,0.9539168131929991,0.9293172690763052,0.9127828609354531,0.8930304055861734,0.9005613486175668
944,0.005704096107433304,0.01175958060755703,,False,0.967165378050005,0.9612355326678907,0.9480739630765824,0.9539109432971018,0.9293172690763052,0.9127441170621926,0.8930304055861734,0.9005511612096336
945,0.005700095011679262,0.01176065227009745,,False,0.9672657897379255,0.961317776433662,0.9481678069204263,0.9539992260059221,0.9293172690763052,0.9127441170621926,0.8930304055861734,0.9005511612096336
946,0.005696215397872258,0.011759077262517573,,False,0.9672657897379255,0.961317776433662,0.9481678069204263,0.9539992260059221,0.9293172690763052,0.9127441170621926,0.8930304055861734,0.9005511612096336
947,0.005692400393166187,0.011752390247602638,,False,0.967366201425846,0.9614158188465515,0.9482610992051543,0.9540953989227696,0.9293172690763052,0.9127441170621926,0.8930304055861734,0.9005511612096336
948,0.005689008252523945,0.011757680593398642,,False,0.9674666131137665,0.961506650652115,0.9483544698867603,0.9541882001680191,0.9289156626506024,0.912367243391288,0.892649888082368,0.9001776259568813
949,0.0056846269019679,0.01175425707329478,,False,0.967366201425846,0.9614103383046361,0.9482610992051543,0.9540935667844325,0.9293172690763052,0.9127441170621926,0.8930304055861734,0.9005511612096336
950,0.0056806623514006034,0.011753409692233905,,False,0.9674666131137665,0.961506650652115,0.9483544698867603,0.9541882001680191,0.9293172690763052,0.9127090488387343,0.8930304055861734,0.900536177182672
951,0.005676718666990643,0.011755984774193616,,False,0.967366201425846,0.9614158188465515,0.9482610992051543,0.9540953989227696,0.9293172690763052,0.9127828609354531,0.8930304055861734,0.9005613486175668
952,0.00567307275781236,0.011745415293266214,,False,0.967366201425846,0.9614104410061672,0.9482610992051543,0.9540932662469042,0.9293172690763052,0.9127090488387343,0.8930304055861734,0.900536177182672
953,0.005668990120054136,0.011742388611933134,,False,0.967366201425846,0.9614187750466728,0.9482610992051543,0.9540964407699362,0.9293172690763052,0.9127090488387343,0.8930304055861734,0.900536177182672
954,0.005665119835955488,0.01174553082746405,,False,0.967366201425846,0.9614250483082353,0.9482610992051543,0.9540994366803298,0.9293172690763052,0.9127090488387343,0.8930304055861734,0.900536177182672
955,0.005661174355290794,0.011743033288952837,,False,0.967366201425846,0.9614103383046361,0.9482610992051543,0.9540935667844325,0.929718875502008,0.9137452852550878,0.8950880187548975,0.9023534968923497
956,0.005657415474581041,0.011742138752916057,,False,0.9674666131137665,0.9615005120675334,0.9483544698867603,0.954185238329914,0.929718875502008,0.9137452852550878,0.8950880187548975,0.9023534968923497
957,0.005653435315050921,0.011742228580837039,,False,0.967366201425846,0.9614103383046361,0.9482610992051543,0.9540935667844325,0.929718875502008,0.9137452852550878,0.8950880187548975,0.9023534968923497
958,0.005649805497747955,0.011738807474711737,,False,0.967366201425846,0.9614103383046361,0.9482610992051543,0.9540935667844325,0.929718875502008,0.9137452852550878,0.8950880187548975,0.9023534968923497
959,0.005645790385522325,0.011740403870718003,,False,0.967366201425846,0.9614103383046361,0.9482610992051543,0.9540935667844325,0.929718875502008,0.9137452852550878,0.8950880187548975,0.9023534968923497
960,0.005642024654027151,0.01173747855738575,,False,0.967366201425846,0.9614034269582121,0.9482610992051543,0.9540914304909326,0.9301204819277108,0.9141109420445913,0.8954608748324515,0.9027236461185966
961,0.005638100339611954,0.011733724335869965,,False,0.967366201425846,0.9613972883736301,0.9482610992051543,0.9540884686528275,0.9301204819277108,0.9141109420445913,0.8954608748324515,0.9027236461185966
962,0.005634587975391059,0.011735280433245381,,False,0.967366201425846,0.9614041997200542,0.9482610992051543,0.9540906049463272,0.929718875502008,0.9137340683736868,0.8950803573286463,0.9023501108658443
963,0.0056304153363809645,0.011733710442443913,,False,0.967366201425846,0.9614041997200542,0.9482610992051543,0.9540906049463272,0.929718875502008,0.9137340683736868,0.8950803573286463,0.9023501108658443
964,0.0056265588983077765,0.011732161253029198,,False,0.967366201425846,0.9613972883736301,0.9482610992051543,0.9540884686528275,0.9301204819277108,0.9141109420445913,0.8954608748324515,0.9027236461185966
965,0.005622920819960775,0.011734549007483393,,False,0.967366201425846,0.9614026342385653,0.9482610992051543,0.9540902667188759,0.9301204819277108,0.9141109420445913,0.8954608748324515,0.9027236461185966
966,0.005619256640670718,0.011736269740075085,,False,0.967366201425846,0.9609437431846382,0.9482610992051543,0.9539067721498107,0.9301204819277108,0.9141109420445913,0.8954608748324515,0.9027236461185966
967,0.005615592322446308,0.011725991215232066,,False,0.967366201425846,0.9614026342385653,0.9482610992051543,0.9540902667188759,0.9301204819277108,0.9141109420445913,0.8954608748324515,0.9027236461185966
968,0.005611543936033733,0.011721104673498494,,False,0.967366201425846,0.9614146579475437,0.9482610992051543,0.9540949493939063,0.9301204819277108,0.9141109420445913,0.8954608748324515,0.9027236461185966
969,0.005607675944088682,0.011717477713467664,,False,0.9674666131137665,0.9615040713532577,0.9483518021530002,0.9541846159074695,0.9301204819277108,0.9141109420445913,0.8954608748324515,0.9027236461185966
970,0.005603825528364654,0.01171886396091642,,False,0.9674666131137665,0.9614988604857084,0.9483518021530002,0.9541828519543686,0.929718875502008,0.9137452852550878,0.8950880187548975,0.9023534968923497
971,0.005599956252224761,0.011719895382092843,,False,0.9674666131137665,0.9614988941588989,0.9483518021530002,0.9541820709858686,0.9301204819277108,0.9141109420445913,0.8954608748324515,0.9027236461185966
972,0.005596176269609176,0.011718177674673593,,False,0.9674666131137665,0.9615101770814845,0.9483518021530002,0.9541879138153211,0.9301204819277108,0.9141109420445913,0.8954608748324515,0.9027236461185966
973,0.005592572432979983,0.011721233907696546,,False,0.9674666131137665,0.9615100240683943,0.9483518021530002,0.9541886649922827,0.929718875502008,0.9137340683736868,0.8950803573286463,0.9023501108658443
974,0.005588739050246689,0.011719115081194232,,False,0.9674666131137665,0.9615155046103099,0.9483518021530002,0.9541904971306199,0.9293172690763052,0.9134192706991916,0.8947151626773435,0.901998802648031
975,0.0055848759887638065,0.011714214904844323,,False,0.9675670248016869,0.9616030348401883,0.9484450944377283,0.9542822901893984,0.9301204819277108,0.9141484609296341,0.8954608748324515,0.9027392428057097
976,0.005581167397099967,0.011721740799878047,,False,0.9676674364896074,0.9617446940278269,0.9489571272078255,0.9546520763172833,0.929718875502008,0.9137715872587293,0.8950803573286463,0.9023657075529575
977,0.005577397765493563,0.011716175905836864,,False,0.9675670248016869,0.9616030348401883,0.9484450944377283,0.9542822901893984,0.9301204819277108,0.9141484609296341,0.8954608748324515,0.9027392428057097
978,0.00557377449676657,0.011715666515230176,,False,0.9675670248016869,0.9616030325380284,0.9484450944377283,0.9542830798084329,0.9293172690763052,0.9134059304692257,0.8947075012510923,0.9019955583267105
979,0.0055697984172872125,0.01171551208330341,,False,0.9676674364896074,0.9617501745697423,0.9489571272078255,0.9546539084556203,0.929718875502008,0.9137452852550878,0.8950880187548975,0.9023534968923497
980,0.00556615342728141,0.011712132217205707,,False,0.9676674364896074,0.9617501745697423,0.9489571272078255,0.9546539084556203,0.9293172690763052,0.913368411584183,0.8947075012510923,0.9019799616395974
981,0.00556267159917066,0.0117047007840098,,False,0.9676674364896074,0.9617385906017599,0.9489571272078255,0.9546479887903973,0.929718875502008,0.9137452852550878,0.8950880187548975,0.9023534968923497
982,0.005558772674729656,0.011707482276072576,,False,0.9676674364896074,0.9617501745697423,0.9489571272078255,0.9546539084556203,0.929718875502008,0.9137452852550878,0.8950880187548975,0.9023534968923497
983,0.005554957369920256,0.01170558605760109,,False,0.9676674364896074,0.9617501745697423,0.9489571272078255,0.9546539084556203,0.929718875502008,0.9137452852550878,0.8950880187548975,0.9023534968923497
984,0.0055516856660710765,0.011701180761241268,,False,0.9676674364896074,0.9617495359586415,0.9489571272078255,0.9546527824822449,0.9301204819277108,0.9141079681999525,0.8954430063303325,0.9027080079612995
985,0.005547643195688677,0.011702880783563942,,False,0.9676674364896074,0.9617439013081799,0.9489571272078255,0.9546509125452266,0.9301204819277108,0.9141109420445913,0.8954608748324515,0.9027236461185966
986,0.005543983191348109,0.011705068918666588,,False,0.9676674364896074,0.9617495359586415,0.9489571272078255,0.9546527824822449,0.9301204819277108,0.9141109420445913,0.8954608748324515,0.9027236461185966
987,0.005540142086128252,0.01170361286341814,,False,0.9678682598654483,0.9619384883009937,0.9491429595316225,0.9548411933160185,0.929718875502008,0.9137452852550878,0.8950880187548975,0.9023534968923497
988,0.005536721362478022,0.011706507152207574,,False,0.9677678481775278,0.9618449781446271,0.9490478301556712,0.9547465008047848,0.9293172690763052,0.913368411584183,0.8947075012510923,0.9019799616395974
989,0.005532886239002788,0.011702053402514002,,False,0.9678682598654483,0.9619442573090436,0.9491429595316225,0.9548430972847307,0.9301204819277108,0.9141352107750005,0.895463394130273,0.9027259737689456
990,0.005529302484822601,0.0116985016153642,,False,0.9679686715533689,0.9620346507900744,0.9492363302132285,0.9549358299915691,0.929718875502008,0.9137574191699408,0.8950701502527784,0.9023310333576904
991,0.005526067333211193,0.011698131370081796,,False,0.9678682598654483,0.9619442573090436,0.9491429595316225,0.9548430972847307,0.929718875502008,0.9137574191699408,0.8950701502527784,0.9023310333576904
992,0.0055219125470531575,0.011696017602532506,,False,0.9678682598654483,0.9619442573090436,0.9491429595316225,0.9548430972847307,0.929718875502008,0.9137574191699408,0.8950701502527784,0.9023310333576904
993,0.005518160745334243,0.011694972256173407,,False,0.9679686715533689,0.9620346507900744,0.9492363302132285,0.9549358299915691,0.9293172690763052,0.9133782429543609,0.8946896327489731,0.9019569282881537
994,0.00551465055496027,0.011690932474137545,,False,0.9678682598654483,0.9619322898187312,0.9491429595316225,0.9548381960389852,0.9301204819277108,0.9141483029517347,0.8954455256281536,0.9027034818422105
995,0.005510948632149966,0.011694259591810635,,False,0.9679686715533689,0.9620346507900744,0.9492363302132285,0.9549358299915691,0.9289156626506024,0.9130178625541713,0.8943346451735383,0.9016029870359882
996,0.005507236240811638,0.011687995198906858,,False,0.9678682598654483,0.9619322898187312,0.9491429595316225,0.9548381960389852,0.9293172690763052,0.9133782429543609,0.8946896327489731,0.9019569282881537
997,0.00550390237777099,0.01168384959893936,,False,0.9678682598654483,0.9619379244691929,0.9491429595316225,0.9548400659760036,0.9301204819277108,0.9141483029517347,0.8954455256281536,0.9027034818422105
998,0.005500421415761485,0.01168783702699863,,False,0.9678682598654483,0.9619442573090436,0.9491429595316225,0.9548430972847307,0.9301204819277108,0.9141483029517347,0.8954455256281536,0.9027034818422105
999,0.005496329587859757,0.011686331786890934,,False,0.9678682598654483,0.9619384883009937,0.9491429595316225,0.9548411933160185,0.9289156626506024,0.9130178625541713,0.8943346451735383,0.9016029870359882
1000,0.005492662821766743,0.011687865445951228,,False,0.9678682598654483,0.9619442573090436,0.9491429595316225,0.9548430972847307,0.9293172690763052,0.9134087463359651,0.8947100205489136,0.9019754355205083
1001,0.005489073878720958,0.011683944092591915,,False,0.9678682598654483,0.9619322898187312,0.9491429595316225,0.9548381960389852,0.9293172690763052,0.9134087463359651,0.8947100205489136,0.9019754355205083
1002,0.005485538568382058,0.011679212108003373,,False,0.9678682598654483,0.9619322898187312,0.9491429595316225,0.9548381960389852,0.929718875502008,0.9137856200068699,0.8950905380527188,0.9023489707732606
1003,0.0054819007995975,0.01168427002742938,,False,0.9678682598654483,0.9619442573090436,0.9491429595316225,0.9548430972847307,0.929718875502008,0.9137691267361545,0.8950650081243485,0.902329376772674
1004,0.005478331836499883,0.011682769524502895,,False,0.9678682598654483,0.9619384883009937,0.9491429595316225,0.9548411933160185,0.929718875502008,0.9137493430209251,0.8950637442341957,0.9023340877956806
1005,0.0054747629883895735,0.011683398468672664,,False,0.9678682598654483,0.9619384883009937,0.9491429595316225,0.9548411933160185,0.9301204819277108,0.9141349400378161,0.8954378642019025,0.9027002181724595
1006,0.005471240484546416,0.011681272175392762,,False,0.9678682598654483,0.9619269439537964,0.9491429595316225,0.9548363979729368,0.9301204819277108,0.9141466751006866,0.8954569881116904,0.9027233724873409
1007,0.005467598321746316,0.011675073733371394,,False,0.9678682598654483,0.9619384883009937,0.9491429595316225,0.9548411933160185,0.9301204819277108,0.9141349400378161,0.8954378642019025,0.9027002181724595
1008,0.0054639598882485355,0.011672932624432832,,False,0.9679686715533689,0.9620258288292491,0.9492316355979522,0.9549283545029095,0.9301204819277108,0.9141349400378161,0.8954378642019025,0.9027002181724595
1009,0.005461035729261486,0.011680409409475269,,False,0.9678682598654483,0.9619330077590784,0.9491429595316225,0.9548393611776815,0.9305220883534137,0.9145207865859093,0.895831099596913,0.9031003545764587
1010,0.005456904170409075,0.011670693378220234,,False,0.9679686715533689,0.9620258288292491,0.9492316355979522,0.9549283545029095,0.9301204819277108,0.9141514333085313,0.895463394130273,0.902719812173046
1011,0.00545359119737199,0.01166620685191109,,False,0.9680690832412893,0.9621219176201983,0.9493250062795582,0.9550229930935933,0.9301204819277108,0.9141483029517347,0.8954455256281536,0.9027034818422105
1012,0.005449938083967868,0.011668171901164547,,False,0.9680690832412893,0.96211642626752,0.9493250062795582,0.9550211563322714,0.9301204819277108,0.9141466751006866,0.8954569881116904,0.9027233724873409
1013,0.005446279913105937,0.011666107248805953,,False,0.9679686715533689,0.9620258288292491,0.9492316355979522,0.9549283545029095,0.9305220883534137,0.9145141162533962,0.8958183817057078,0.9030743232419959
1014,0.005442729136135419,0.011671193825213647,,False,0.9680690832412893,0.9621281809704365,0.9493250062795582,0.9550259893393631,0.9305220883534137,0.9145060401043804,0.8958119756871251,0.9030773776799863
1015,0.005439137779140243,0.0116602516571574,,False,0.9679686715533689,0.9620258288292491,0.9492316355979522,0.9549283545029095,0.9305220883534137,0.9145141162533962,0.8958183817057078,0.9030743232419959
1016,0.005435630660963502,0.011661630047869924,,False,0.9679686715533689,0.9620258288292491,0.9492316355979522,0.9549283545029095,0.9301204819277108,0.9141466751006866,0.8954569881116904,0.9027233724873409
1017,0.005432160195880655,0.011662886339503869,,False,0.9681694949292098,0.9622161295810666,0.9494183769611642,0.9551178854991504,0.9305220883534137,0.9145060401043804,0.8958119756871251,0.9030773776799863
1018,0.00542853437970946,0.011660950306021968,,False,0.9679686715533689,0.962031682850372,0.9492316355979522,0.9549302612553334,0.9305220883534137,0.9145060401043804,0.8958119756871251,0.9030773776799863
1019,0.005425132075773539,0.011656687828360076,,False,0.9680690832412893,0.9621263108526387,0.9493250062795582,0.9550262847831839,0.9305220883534137,0.9145060401043804,0.8958119756871251,0.9030773776799863
1020,0.005421759360725838,0.011653591595667133,,False,0.9680690832412893,0.9626011289214339,0.9493250062795582,0.9552161774284441,0.9309236947791165,0.9148831969393524,0.8961924931909304,0.9034516040761295
1021,0.00541859095568468,0.011658342323674544,,False,0.9679686715533689,0.9620441219905383,0.9492316355979522,0.9549348996853568,0.9305220883534137,0.9145060401043804,0.8958119756871251,0.9030773776799863
1022,0.005414797540902917,0.011651014722395533,,False,0.9681694949292098,0.9626850334350406,0.9494183769611642,0.9553058354722404,0.9305220883534137,0.9145060401043804,0.8958119756871251,0.9030773776799863
1023,0.00541120525039221,0.011649758002012924,,False,0.9681694949292098,0.9621983912322872,0.9494200572586315,0.9551098517991802,0.9305220883534137,0.9145060401043804,0.8958119756871251,0.9030773776799863
1024,0.005407675294292301,0.011648545076698895,,False,0.9682699066171302,0.9622926099054389,0.9495134279402375,0.955204785833685,0.9305220883534137,0.9145060401043804,0.8958119756871251,0.9030773776799863
1025,0.005404058157200269,0.011646431427024321,,False,0.9682699066171302,0.9618498096633888,0.9495135063371154,0.9550243196835156,0.9309236947791165,0.9148831969393524,0.8961924931909304,0.9034516040761295
1026,0.005400679679724187,0.01164261090597169,,False,0.9682699066171302,0.9622982863337547,0.9495134279402375,0.9552063230386122,0.9305220883534137,0.9145060401043804,0.8958119756871251,0.9030773776799863
1027,0.005397457160837712,0.011644933801367548,,False,0.9683703183050507,0.9619366168888431,0.9496103160105341,0.9551141425224198,0.9305220883534137,0.9145141162533962,0.8958183817057078,0.9030743232419959
1028,0.005393754426058167,0.01165262411048463,,False,0.9682699066171302,0.96184779581569,0.9495134279402375,0.9550245389626986,0.9305220883534137,0.9145060401043804,0.8958119756871251,0.9030773776799863
1029,0.005390223378998073,0.011644341179885597,,False,0.9684707299929712,0.9624922824586517,0.9497018496009169,0.9553964346259493,0.9309236947791165,0.9149329246614393,0.8961924931909304,0.9034690107566141
1030,0.005386921656019009,0.011639806715348363,,False,0.9684707299929712,0.9624993587204916,0.9497036866921401,0.9553985100447634,0.9309236947791165,0.9149329246614393,0.8961924931909304,0.9034690107566141
1031,0.005383975860065922,0.011644500923167515,,False,0.9685711416808916,0.9625882273065667,0.9497969789768681,0.9554897744111377,0.9305220883534137,0.9145638439754832,0.8958183817057078,0.9030917299224807
1032,0.005379994387827201,0.01164382493103385,,False,0.9684707299929712,0.9625022542564737,0.9497019279977947,0.9553989152341591,0.9309236947791165,0.9149731104345589,0.8961924931909304,0.903479243438174
1033,0.005376489150810557,0.011636189138976537,,False,0.9685711416808916,0.9625906728812544,0.9497970573737461,0.9554897046309312,0.9309236947791165,0.9149329246614393,0.8961924931909304,0.9034690107566141
1034,0.005373216887985003,0.011634266758521935,,False,0.9684707299929712,0.9624902591753549,0.9497019279977947,0.9553939640571745,0.9305220883534137,0.9145557678264673,0.8958119756871251,0.9030947843604711
1035,0.0053697009314820805,0.011637316221080888,,False,0.9685711416808916,0.9625789284882202,0.9497952986794007,0.9554863150231658,0.9305220883534137,0.9145557678264673,0.8958119756871251,0.9030947843604711
1036,0.005366290859508204,0.011638593546693778,,False,0.9685711416808916,0.9630347436623364,0.9497978880162832,0.9556728903130703,0.9309236947791165,0.9149288698960647,0.8961860871723477,0.9034718290073784
1037,0.00536276930976453,0.011635829401174138,,False,0.9686715533688122,0.9626714605984326,0.9498930173922344,0.9555821846342363,0.9309236947791165,0.9149288698960647,0.8961860871723477,0.9034718290073784
1038,0.005359295956012851,0.01163485159073644,,False,0.9685711416808916,0.9625824321020906,0.9497952202825228,0.9554884160202354,0.9309236947791165,0.9149288698960647,0.8961860871723477,0.9034718290073784
1039,0.00535590092381906,0.01163016290247842,,False,0.9687719650567326,0.9627726737064294,0.94998372034008,0.9556768094547604,0.9305220883534137,0.9145557678264673,0.8958119756871251,0.9030947843604711
1040,0.005352499206641928,0.011629089283763881,,False,0.9687719650567326,0.9627666339616615,0.94998372034008,0.9556738092230407,0.9309236947791165,0.9149329246614393,0.8961924931909304,0.9034690107566141
1041,0.005349102719524718,0.011628153364774354,,False,0.9687719650567326,0.9623040225835585,0.94998372034008,0.9554870820100775,0.9309236947791165,0.9149329246614393,0.8961924931909304,0.9034690107566141
1042,0.005345730459070984,0.011628257910192976,,False,0.9686715533688122,0.9626852332201218,0.9498904280553521,0.9555850594810507,0.9305220883534137,0.9145557678264673,0.8958119756871251,0.9030947843604711
1043,0.005342460885440807,0.01162728930263112,,False,0.9686715533688122,0.9626768904716391,0.9498903496584741,0.955582205648727,0.9309236947791165,0.9149329246614393,0.8961924931909304,0.9034690107566141
1044,0.00533907076490525,0.011624998159788813,,False,0.9686715533688122,0.9626704716496539,0.9498903496584741,0.9555791226859296,0.9309236947791165,0.9149329246614393,0.8961924931909304,0.9034690107566141
1045,0.00533551080293027,0.011630129691942869,,False,0.9687719650567326,0.9627687488860285,0.94998372034008,0.9556742077865823,0.9309236947791165,0.9149288698960647,0.8961860871723477,0.9034718290073784
1046,0.00533226090101337,0.011629982438688081,,False,0.9687719650567326,0.9627692822568021,0.94998372034008,0.9556743295863994,0.9309236947791165,0.9149288698960647,0.8961860871723477,0.9034718290073784
1047,0.0053288736531481775,0.011625825554811156,,False,0.9686715533688122,0.9626681027859773,0.9498930173922344,0.955580718280037,0.9309236947791165,0.9149288698960647,0.8961860871723477,0.9034718290073784
1048,0.005325394219080466,0.011623274225630203,,False,0.9687719650567326,0.9627687488860285,0.94998372034008,0.9556742077865823,0.9309236947791165,0.9149288698960647,0.8961860871723477,0.9034718290073784
1049,0.005322026436288808,0.011620253922259854,,False,0.9687719650567326,0.9627687488860285,0.94998372034008,0.9556742077865823,0.9305220883534137,0.9145557678264673,0.8958119756871251,0.9030947843604711
1050,0.005318696826496435,0.011622412492658734,,False,0.9687719650567326,0.9627782880846968,0.94998372034008,0.9556783802980822,0.9313253012048193,0.915303999279397,0.8965666046761531,0.9038461745593701
1051,0.005315442364583447,0.011617799038832831,,False,0.9687719650567326,0.9627782880846968,0.94998372034008,0.9556783802980822,0.9309236947791165,0.9149288698960647,0.8961860871723477,0.9034718290073784
1052,0.005312250880488531,0.011620163093568737,,False,0.9686715533688122,0.9626681027859773,0.9498930173922344,0.955580718280037,0.9309236947791165,0.9149288698960647,0.8961860871723477,0.9034718290073784
1053,0.005308829322862775,0.011622623500688488,,False,0.9686715533688122,0.9622239258436223,0.9498930173922344,0.9554024991841372,0.9313253012048193,0.915303999279397,0.8965666046761531,0.9038461745593701
1054,0.005305445371519878,0.011615861419827478,,False,0.9686715533688122,0.9626828944632773,0.9498930173922344,0.9555867191439221,0.9309236947791165,0.9149288698960647,0.8961860871723477,0.9034718290073784
1055,0.005302024965562896,0.011617313766751602,,False,0.9687719650567326,0.9627782880846968,0.94998372034008,0.9556783802980822,0.9309236947791165,0.9149288698960647,0.8961860871723477,0.9034718290073784
1056,0.00529877798620947,0.011617296911327424,,False,0.9686715533688122,0.9626828944632773,0.9498930173922344,0.9555867191439221,0.9309236947791165,0.9149288698960647,0.8961860871723477,0.9034718290073784
1057,0.005295433779920797,0.011616607664297533,,False,0.9686715533688122,0.9626828944632773,0.9498930173922344,0.9555867191439221,0.9309236947791165,0.9149288698960647,0.8961860871723477,0.9034718290073784
1058,0.005292107523119172,0.011615268431149095,,False,0.9686715533688122,0.9626828944632773,0.9498930173922344,0.9555867191439221,0.9309236947791165,0.9149288698960647,0.8961860871723477,0.9034718290073784
1059,0.005288797989370055,0.01161224295595926,,False,0.9686715533688122,0.9626828944632773,0.9498930173922344,0.9555867191439221,0.9309236947791165,0.9149288698960647,0.8961860871723477,0.9034718290073784
1060,0.005285579767060839,0.011615527897055559,,False,0.9686715533688122,0.9622202113441196,0.9498930173922344,0.955399955491708,0.9309236947791165,0.9149288698960647,0.8961860871723477,0.9034718290073784
1061,0.005282330022361916,0.011609862504509317,,False,0.9686715533688122,0.9622202113441196,0.9498930173922344,0.955399955491708,0.9309236947791165,0.9149288698960647,0.8961860871723477,0.9034718290073784
1062,0.005279103607488531,0.011609592567589345,,False,0.9688723767446531,0.9620032879560614,0.9504983424470598,0.9556756315883743,0.9309236947791165,0.9149288698960647,0.8961860871723477,0.9034718290073784
1063,0.005275922533334257,0.0116122387481954,,False,0.9687719650567326,0.9619102976448567,0.9504050501623317,0.9555813772304936,0.9309236947791165,0.9149288698960647,0.8961860871723477,0.9034718290073784
1064,0.005272562975555252,0.011610137372975234,,False,0.9687719650567326,0.9623641875443703,0.9504050501623317,0.9557671626410121,0.9309236947791165,0.9149288698960647,0.8961860871723477,0.9034718290073784
1065,0.005269203822108868,0.011606120105634748,,False,0.9688723767446531,0.9629170663896238,0.9504983424470598,0.9560483799798186,0.9309236947791165,0.9149288698960647,0.8961860871723477,0.9034718290073784
1066,0.005265967105950179,0.01160248875639221,,False,0.9688723767446531,0.9629170663896238,0.9504983424470598,0.9560483799798186,0.9305220883534137,0.9145438553569174,0.895831099596913,0.9031105488260379
1067,0.0052628064460269195,0.011599490565604484,,False,0.9689727884325735,0.9630129167085619,0.9505890453949056,0.9561391835368842,0.9305220883534137,0.9145479101222921,0.8958375056154956,0.9031077305752739
1068,0.005259422699519015,0.01159984745664644,,False,0.9688723767446531,0.9629170663896238,0.9504983424470598,0.9560483799798186,0.9305220883534137,0.9145438553569174,0.895831099596913,0.9031105488260379
1069,0.005256133578780618,0.011598966257499599,,False,0.9688723767446531,0.9629170663896238,0.9504983424470598,0.9560483799798186,0.9305220883534137,0.9145438553569174,0.895831099596913,0.9031105488260379
1070,0.0052529784196515645,0.011598037267330833,,False,0.9688723767446531,0.962917432324975,0.9504983424470598,0.9560474829082176,0.9301204819277108,0.9141707532873201,0.8954569881116904,0.9027335041791306
1071,0.005249772913828644,0.01159601386190673,,False,0.9689727884325735,0.963006210305262,0.9505917131286657,0.9561398662696122,0.9305220883534137,0.9145557678264673,0.8958119756871251,0.9030947843604711
1072,0.00524663738794203,0.011593586524987902,,False,0.969073200120494,0.9631477342314712,0.951103745898763,0.9565049170002217,0.9305220883534137,0.9145479101222921,0.8958375056154956,0.9031077305752739
1073,0.005243280148126729,0.011592502935145615,,False,0.969073200120494,0.9631470596049758,0.951103745898763,0.9565057299506834,0.9305220883534137,0.9145438553569174,0.895831099596913,0.9031105488260379
1074,0.005240228035351068,0.011590255921838979,,False,0.9689727884325735,0.9630059189964074,0.9505917131286657,0.9561407615559498,0.9305220883534137,0.9145438553569174,0.895831099596913,0.9031105488260379
1075,0.005236933037273195,0.011586054898686554,,False,0.969073200120494,0.9631413280550488,0.951103745898763,0.9565028078065249,0.9305220883534137,0.9145438553569174,0.895831099596913,0.9031105488260379
1076,0.005233514559687806,0.01158831845757901,,False,0.969073200120494,0.9631470596049758,0.951103745898763,0.9565057299506834,0.9305220883534137,0.9145438553569174,0.895831099596913,0.9031105488260379
1077,0.005230571775852582,0.011583732131017948,,False,0.9689727884325735,0.963006210305262,0.9505917131286657,0.9561398662696122,0.9305220883534137,0.9145438553569174,0.895831099596913,0.9031105488260379
1078,0.005227965660578575,0.011586651632311056,,False,0.9689727884325735,0.9629998972883695,0.9505917131286657,0.9561387336605426,0.9301204819277108,0.9141737757816316,0.8954557242215375,0.9027524116969832
1079,0.005224414107546834,0.011589952646553593,,False,0.969073200120494,0.9631407465880835,0.951103745898763,0.9565045973416137,0.9305220883534137,0.9145438553569174,0.895831099596913,0.9031105488260379
1080,0.005220792919443948,0.011590583498107265,,False,0.969073200120494,0.9631470596049758,0.951103745898763,0.9565057299506834,0.9305220883534137,0.9145438553569174,0.895831099596913,0.9031105488260379
1081,0.005217566115153029,0.011583691255537192,,False,0.969073200120494,0.9631470596049758,0.951103745898763,0.9565057299506834,0.9305220883534137,0.9145438553569174,0.895831099596913,0.9031105488260379
1082,0.0052145755851968735,0.011585688839300511,,False,0.969073200120494,0.9631470596049758,0.951103745898763,0.9565057299506834,0.9305220883534137,0.9145438553569174,0.895831099596913,0.9031105488260379
1083,0.005211224129520574,0.011582745528840655,,False,0.969073200120494,0.9631470596049758,0.951103745898763,0.9565057299506834,0.9305220883534137,0.9145438553569174,0.895831099596913,0.9031105488260379
1084,0.005208093606689787,0.011586295559289993,,False,0.969073200120494,0.9631470596049758,0.951103745898763,0.9565057299506834,0.9305220883534137,0.9145805592029264,0.895831099596913,0.9031202115671532
1085,0.005204958143744839,0.011583058465811591,,False,0.969073200120494,0.9631470596049758,0.951103745898763,0.9565057299506834,0.9305220883534137,0.9145438553569174,0.895831099596913,0.9031105488260379
1086,0.00520188585144581,0.011579275923937623,,False,0.969073200120494,0.9631470596049758,0.951103745898763,0.9565057299506834,0.9305220883534137,0.9145438553569174,0.895831099596913,0.9031105488260379
1087,0.005198635015318675,0.011577946613913204,,False,0.969073200120494,0.9636056821348026,0.951103745898763,0.9566907067576006,0.9305220883534137,0.9145438553569174,0.895831099596913,0.9031105488260379
1088,0.005195324244933114,0.011573459298397055,,False,0.969073200120494,0.9636056821348026,0.951103745898763,0.9566907067576006,0.9305220883534137,0.9145438553569174,0.895831099596913,0.9031105488260379
1089,0.005192369371009934,0.011569151640521417,,False,0.969073200120494,0.9631470596049758,0.951103745898763,0.9565057299506834,0.9301204819277108,0.9141737757816316,0.8954557242215375,0.9027524116969832
1090,0.005189153650952872,0.011568003659205786,,False,0.969073200120494,0.963605007508307,0.951103745898763,0.9566915197080623,0.9301204819277108,0.9141737757816316,0.8954557242215375,0.9027524116969832
1091,0.0051860679766857565,0.011567328289339096,,False,0.969073200120494,0.9631477342314712,0.951103745898763,0.9565049170002217,0.9301204819277108,0.9141737757816316,0.8954557242215375,0.9027524116969832
1092,0.0051828673395442615,0.011569572815153896,,False,0.969073200120494,0.9631477342314712,0.951103745898763,0.9565049170002217,0.9305220883534137,0.9145438553569174,0.895831099596913,0.9031105488260379
1093,0.005179863506584692,0.011571568526736459,,False,0.969073200120494,0.9631477342314712,0.951103745898763,0.9565049170002217,0.9301204819277108,0.9141760490874097,0.8954557242215375,0.9027501094147
1094,0.005176623432698327,0.011570389440605547,,False,0.969073200120494,0.9631477342314712,0.951103745898763,0.9565049170002217,0.9301204819277108,0.9141737757816316,0.8954557242215375,0.9027524116969832
1095,0.005173485926798217,0.011570563811080063,,False,0.969073200120494,0.9636056821348026,0.951103745898763,0.9566907067576006,0.9301204819277108,0.9141760490874097,0.8954557242215375,0.9027501094147
1096,0.0051708907962549275,0.011572450394701318,,False,0.969073200120494,0.9631467682961213,0.951103745898763,0.956506625237021,0.9301204819277108,0.9141737757816316,0.8954557242215375,0.9027524116969832
1097,0.005167299832025382,0.011568175337349452,,False,0.9691736118084145,0.9636935910389877,0.9511970381834911,0.9567824784978897,0.9305220883534137,0.9145461286626956,0.895831099596913,0.9031082465437549
1098,0.005164397221454456,0.0115680583117646,,False,0.9691736118084145,0.963230851067041,0.9511970381834911,0.9565942423056314,0.9305220883534137,0.9145461286626956,0.895831099596913,0.9031082465437549
1099,0.005161108516155984,0.011569208299512905,,False,0.9691736118084145,0.9636935910389877,0.9511970381834911,0.9567824784978897,0.9305220883534137,0.9145828325087044,0.895831099596913,0.9031179092848701
1100,0.0051580741327446975,0.011568193192590639,,False,0.9691736118084145,0.9636929164124923,0.9511970381834911,0.9567832914483516,0.9301204819277108,0.9141760490874097,0.8954557242215375,0.9027501094147
1101,0.00515484235102377,0.011562215198287791,,False,0.9691736118084145,0.9636935910389877,0.9511970381834911,0.9567824784978897,0.9301204819277108,0.9141760490874097,0.8954557242215375,0.9027501094147
1102,0.005151875574851567,0.011556493019231494,,False,0.969274023496335,0.9637809155590544,0.9512903304682191,0.9568737341067509,0.9301204819277108,0.9141760490874097,0.8954557242215375,0.9027501094147
1103,0.005148707743427099,0.01155667768087971,,False,0.969274023496335,0.9637809155590544,0.9512903304682191,0.9568737341067509,0.9301204819277108,0.9141760490874097,0.8954557242215375,0.9027501094147
1104,0.005145651827505145,0.011555475291105342,,False,0.969274023496335,0.9637809155590544,0.9512903304682191,0.9568737341067509,0.9301204819277108,0.9141760490874097,0.8954557242215375,0.9027501094147
1105,0.005142714607217169,0.011556868456422212,,False,0.9693744351842555,0.964339248034361,0.951381033416065,0.9571532413336578,0.9301204819277108,0.9141760490874097,0.8954557242215375,0.9027501094147
1106,0.005139788002047773,0.011559518753778975,,False,0.9693744351842555,0.964339248034361,0.951381033416065,0.9571532413336578,0.9301204819277108,0.9142127529334186,0.8954557242215375,0.9027597721558153
1107,0.005136511642248127,0.011554338751848197,,False,0.969274023496335,0.9637809155590544,0.9512903304682191,0.9568737341067509,0.9301204819277108,0.9141760490874097,0.8954557242215375,0.9027501094147
1108,0.005133541338441157,0.011557846331013095,,False,0.9693744351842555,0.964339248034361,0.951381033416065,0.9571532413336578,0.9301204819277108,0.9142127529334186,0.8954557242215375,0.9027597721558153
1109,0.00513056605907963,0.011554772374044895,,False,0.9693744351842555,0.964339248034361,0.951381033416065,0.9571532413336578,0.9301204819277108,0.9142127529334186,0.8954557242215375,0.9027597721558153
1110,0.005127460724188438,0.011550414950757312,,False,0.9693744351842555,0.964339248034361,0.951381033416065,0.9571532413336578,0.9301204819277108,0.9141760490874097,0.8954557242215375,0.9027501094147
1111,0.005124502121301922,0.011549468562317285,,False,0.969274023496335,0.9637809155590544,0.9512903304682191,0.9568737341067509,0.9301204819277108,0.9141760490874097,0.8954557242215375,0.9027501094147
1112,0.005121359079163796,0.011547909953435326,,False,0.9693744351842555,0.964339248034361,0.951381033416065,0.9571532413336578,0.9301204819277108,0.9141760490874097,0.8954557242215375,0.9027501094147
1113,0.005118451005770666,0.0115490890416412,,False,0.9693744351842555,0.963918776187708,0.9518023632383164,0.9572382895120602,0.9301204819277108,0.9141760490874097,0.8954557242215375,0.9027501094147
1114,0.005115490890068565,0.011552411913151048,,False,0.9694748468721759,0.9640118307505685,0.9518847898786065,0.9573255132718855,0.9301204819277108,0.9142127529334186,0.8954557242215375,0.9027597721558153
1115,0.0051123961532953096,0.011548116241801102,,False,0.9693744351842555,0.963918776187708,0.9518023632383164,0.9572382895120602,0.9301204819277108,0.9142127529334186,0.8954557242215375,0.9027597721558153
1116,0.005109706738885089,0.01154901306380314,,False,0.9695752585600964,0.9645673683865214,0.9519754928264523,0.9576052424421518,0.9305220883534137,0.9145745462179329,0.8958298357067602,0.9031308650092159
1117,0.005106495631083886,0.011543499209650986,,False,0.9696756702480168,0.9646601228841857,0.9520687851111804,0.957699415200123,0.9301204819277108,0.9142127529334186,0.8954557242215375,0.9027597721558153
1118,0.005103335465771113,0.011539861365183412,,False,0.9695752585600964,0.9645671445064564,0.9519863584708903,0.9576121902185959,0.9301204819277108,0.9141760490874097,0.8954557242215375,0.9027501094147
1119,0.0051007205249670425,0.011536162157281237,,False,0.9694748468721759,0.9635516725942761,0.9518956555230444,0.9571440377047031,0.9301204819277108,0.9141760490874097,0.8954557242215375,0.9027501094147
1120,0.005097498148317078,0.01153648206439996,,False,0.9695752585600964,0.9641012126052705,0.9519863584708903,0.9574226120512593,0.9301204819277108,0.9141760490874097,0.8954557242215375,0.9027501094147
1121,0.005094449374384922,0.011537359655228346,,False,0.9695752585600964,0.9641012126052705,0.9519863584708903,0.9574226120512593,0.9301204819277108,0.9141760490874097,0.8954557242215375,0.9027501094147
1122,0.005091464064770163,0.01153834525172651,,False,0.9695752585600964,0.9641012126052705,0.9519863584708903,0.9574226120512593,0.9301204819277108,0.9141760490874097,0.8954557242215375,0.9027501094147
1123,0.005088462995856015,0.011538140694643331,,False,0.9696756702480168,0.964194190983,0.9520687851111804,0.9575098370327867,0.9305220883534137,0.9164902664349223,0.8958176496648963,0.9037376576230266
1124,0.005085555642068166,0.011537601250406544,,False,0.9695752585600964,0.9645671445064564,0.9519863584708903,0.9576121902185959,0.9305220883534137,0.9164902664349223,0.8958176496648963,0.9037376576230266
1125,0.005082537359023922,0.011534980602453317,,False,0.9696756702480168,0.9646601228841857,0.9520687851111804,0.957699415200123,0.9305220883534137,0.9164902664349223,0.8958176496648963,0.9037376576230266
1126,0.0050795576542450056,0.011533909173912072,,False,0.9697760819359373,0.9642870888594192,0.9521620773959084,0.9576039290165084,0.9301204819277108,0.9141760490874097,0.8954557242215375,0.9027501094147
1127,0.005077074764935103,0.011534133280856722,,False,0.9697760819359373,0.9647487436997864,0.9521683268219481,0.9577950813813843,0.9301204819277108,0.9142127529334186,0.8954557242215375,0.9027597721558153
1128,0.005073813765238284,0.011533562911498976,,False,0.9698764936238579,0.9648416460182693,0.9522507534622382,0.9578823075663527,0.9305220883534137,0.9164902664349223,0.8958176496648963,0.9037376576230266
1129,0.005070978556603457,0.011535449675450499,,False,0.9696756702480168,0.964194190983,0.9520687851111804,0.9575098370327867,0.9309236947791165,0.9168520597194367,0.8961917611501187,0.9041087504764269
1130,0.005067846388158041,0.011531675105425859,,False,0.9697760819359373,0.9642870888594192,0.9521620773959084,0.9576039290165084,0.9301204819277108,0.9142127529334186,0.8954557242215375,0.9027597721558153
1131,0.005065416452107179,0.01153524450072539,,False,0.9697760819359373,0.964286642101645,0.9521620773959084,0.9576047862733704,0.9305220883534137,0.9145399017054269,0.8958298357067602,0.9031217294333318
1132,0.005062006920605,0.01153041850946314,,False,0.9697760819359373,0.9642870888594192,0.9521620773959084,0.9576039290165084,0.9309236947791165,0.9168520597194367,0.8961917611501187,0.9041087504764269
1133,0.005059178717371874,0.011529130311559927,,False,0.9698764936238579,0.9648416460182693,0.9522507534622382,0.9578823075663527,0.9305220883534137,0.9164902664349223,0.8958176496648963,0.9037376576230266
1134,0.005056092595307864,0.01152750899008796,,False,0.9698764936238579,0.9648416460182693,0.9522507534622382,0.9578823075663527,0.9305220883534137,0.9164902664349223,0.8958176496648963,0.9037376576230266
1135,0.005053315123588777,0.011525050965868413,,False,0.9698764936238579,0.9648486128388788,0.9522572067718598,0.9578878969515429,0.9309236947791165,0.9168520597194367,0.8961917611501187,0.9041087504764269
1136,0.005050402939231045,0.011524038217620672,,False,0.9699769053117783,0.964937238096543,0.9523458828381894,0.9579766973340509,0.9305220883534137,0.9164902664349223,0.8958176496648963,0.9037376576230266
1137,0.00504750226473931,0.011523875309272472,,False,0.9699769053117783,0.964937238096543,0.9523458828381894,0.9579766973340509,0.9305220883534137,0.9164902664349223,0.8958176496648963,0.9037376576230266
1138,0.005044704963934823,0.011525256726335644,,False,0.9699769053117783,0.964937238096543,0.9523458828381894,0.9579766973340509,0.9309236947791165,0.9168520597194367,0.8961917611501187,0.9041087504764269
1139,0.0050416969622479125,0.011522027128358429,,False,0.9699769053117783,0.964937238096543,0.9523458828381894,0.9579766973340509,0.9305220883534137,0.9164902664349223,0.8958176496648963,0.9037376576230266
1140,0.0050387295538898945,0.011520020494150289,,False,0.9699769053117783,0.964937238096543,0.9523458828381894,0.9579766973340509,0.9309236947791165,0.9168520597194367,0.8961917611501187,0.9041087504764269
1141,0.005035848140847004,0.011520536987196156,,False,0.9699769053117783,0.964937238096543,0.9523458828381894,0.9579766973340509,0.9305220883534137,0.9164902664349223,0.8958176496648963,0.9037376576230266
1142,0.005033135372315362,0.0115167632272803,,False,0.9699769053117783,0.964937238096543,0.9523458828381894,0.9579766973340509,0.9305220883534137,0.9164902664349223,0.8958176496648963,0.9037376576230266
1143,0.005030152524306594,0.011515161424339332,,False,0.9699769053117783,0.964937238096543,0.9523458828381894,0.9579766973340509,0.9309236947791165,0.9168520597194367,0.8961917611501187,0.9041087504764269
1144,0.005027520974686597,0.011516125260914783,,False,0.9699769053117783,0.964936717303437,0.9523458828381894,0.9579775558972702,0.9309236947791165,0.9168520597194367,0.8961917611501187,0.9041087504764269
1145,0.005024403273325522,0.011514945719891052,,False,0.9699769053117783,0.964937238096543,0.9523458828381894,0.9579766973340509,0.9309236947791165,0.9188439874605131,0.8961662312217484,0.9047089868816509
1146,0.0050217992322289275,0.01151412117293175,,False,0.9699769053117783,0.964937238096543,0.9523458828381894,0.9579766973340509,0.9301204819277108,0.916089495998621,0.8954371321610911,0.9033560284917341
1147,0.005018830328168625,0.011509888884971484,,False,0.9699769053117783,0.9654091988348337,0.9523458828381894,0.9581674403614867,0.9305220883534137,0.9164681772137637,0.8958176496648963,0.9037315847153538
1148,0.005015923786902017,0.01151569839225231,,False,0.9699769053117783,0.964937238096543,0.9523458828381894,0.9579766973340509,0.9305220883534137,0.9164512892831351,0.8958112436463135,0.9037271213451346
1149,0.0050130333284599095,0.011507999230870921,,False,0.9699769053117783,0.964937238096543,0.9523458828381894,0.9579766973340509,0.9309236947791165,0.918810883125675,0.8961662312217484,0.9047004790653079
1150,0.005010219165958319,0.011512810570214268,,False,0.9699769053117783,0.964937238096543,0.9523458828381894,0.9579766973340509,0.9309236947791165,0.9188439874605131,0.8961662312217484,0.9047089868816509
1151,0.005007661417721788,0.011512747524387417,,False,0.9699769053117783,0.9649365059961311,0.9523458828381894,0.9579784915431647,0.9309236947791165,0.9188439874605131,0.8961662312217484,0.9047089868816509
1152,0.005004588448038871,0.011510996080237652,,False,0.9699769053117783,0.964937238096543,0.9523458828381894,0.9579766973340509,0.9309236947791165,0.9188439874605131,0.8961662312217484,0.9047089868816509
1153,0.005001726207351808,0.01150596840643482,,False,0.9699769053117783,0.964937238096543,0.9523458828381894,0.9579766973340509,0.9309236947791165,0.918810883125675,0.8961662312217484,0.9047004790653079
1154,0.0049988456419273125,0.01150532839298724,,False,0.9699769053117783,0.964937238096543,0.9523458828381894,0.9579766973340509,0.9309236947791165,0.918810883125675,0.8961662312217484,0.9047004790653079
1155,0.004996088187026573,0.011502032316870026,,False,0.9699769053117783,0.964937238096543,0.9523458828381894,0.9579766973340509,0.9313253012048193,0.9191885318068286,0.8965467487255536,0.9050760949667089
1156,0.004993348249569617,0.011504641288666895,,False,0.9699769053117783,0.964936717303437,0.9523458828381894,0.9579775558972702,0.9309236947791165,0.9188439874605131,0.8961662312217484,0.9047089868816509
1157,0.004990509288506818,0.011497535246706464,,False,0.9699769053117783,0.9654091988348337,0.9523458828381894,0.9581674403614867,0.9313253012048193,0.9192216361416666,0.8965467487255536,0.9050846027830518
1158,0.004987770313258811,0.011495207305746774,,False,0.9699769053117783,0.9654086780417279,0.9523458828381894,0.958168298924706,0.9313253012048193,0.9191885318068286,0.8965467487255536,0.9050760949667089
1159,0.004984942727515564,0.011493992017018697,,False,0.9699769053117783,0.9654091988348337,0.9523458828381894,0.9581674403614867,0.9313253012048193,0.9191885318068286,0.8965467487255536,0.9050760949667089
1160,0.00498213598763379,0.011495166330843437,,False,0.9699769053117783,0.964936717303437,0.9523458828381894,0.9579775558972702,0.9313253012048193,0.9191885318068286,0.8965467487255536,0.9050760949667089
1161,0.004979418737800424,0.011493856757603966,,False,0.9699769053117783,0.9654086780417279,0.9523458828381894,0.958168298924706,0.9309236947791165,0.918810883125675,0.8961662312217484,0.9047004790653079
1162,0.004976630391148463,0.011496994533464259,,False,0.9699769053117783,0.964937238096543,0.9523458828381894,0.9579766973340509,0.9313253012048193,0.9192216361416666,0.8965467487255536,0.9050846027830518
1163,0.004973863918930418,0.011496756083932278,,False,0.9699769053117783,0.964937238096543,0.9523458828381894,0.9579766973340509,0.9313253012048193,0.9192216361416666,0.8965467487255536,0.9050846027830518
1164,0.004971084806602061,0.011497693022710498,,False,0.9699769053117783,0.964936717303437,0.9523458828381894,0.9579775558972702,0.9313253012048193,0.9192216361416666,0.8965467487255536,0.9050846027830518
1165,0.004968299240818942,0.011497830780913522,,False,0.9700773169996988,0.9650282740342474,0.9524283094784796,0.9580651160907254,0.9313253012048193,0.9192216361416666,0.8965467487255536,0.9050846027830518
1166,0.0049656412398485835,0.011496043725081265,,False,0.9700773169996988,0.9650282740342474,0.9524283094784796,0.9580651160907254,0.9313253012048193,0.9192216361416666,0.8965467487255536,0.9050846027830518
1167,0.0049628348859622065,0.011498145120450245,,False,0.9700773169996988,0.9650282740342474,0.9524283094784796,0.9580651160907254,0.9309236947791165,0.9188439874605131,0.8961662312217484,0.9047089868816509
1168,0.004960110710585111,0.011494702630685388,,False,0.9700773169996988,0.9650282740342474,0.9524283094784796,0.9580651160907254,0.9313253012048193,0.9192216361416666,0.8965467487255536,0.9050846027830518
1169,0.004957176963600679,0.011490817956025032,,False,0.9700773169996988,0.9650282740342474,0.9524283094784796,0.9580651160907254,0.9313253012048193,0.9191885318068286,0.8965467487255536,0.9050760949667089
1170,0.004954512700879434,0.011489522642240551,,False,0.9700773169996988,0.9650282740342474,0.9524283094784796,0.9580651160907254,0.9313253012048193,0.9192216361416666,0.8965467487255536,0.9050846027830518
1171,0.004951827023274441,0.011492457481347463,,False,0.9700773169996988,0.9650282740342474,0.9524283094784796,0.9580651160907254,0.9313253012048193,0.9192216361416666,0.8965467487255536,0.9050846027830518
1172,0.00494893848439401,0.011488478762185755,,False,0.9700773169996988,0.9650282740342474,0.9524283094784796,0.9580651160907254,0.9313253012048193,0.9191885318068286,0.8965467487255536,0.9050760949667089
1173,0.004946183777652582,0.011490514284785983,,False,0.9700773169996988,0.9650282740342474,0.9524283094784796,0.9580651160907254,0.9313253012048193,0.9192216361416666,0.8965467487255536,0.9050846027830518
1174,0.004943654442431987,0.011492474028646128,,False,0.9700773169996988,0.9650282740342474,0.9524283094784796,0.9580651160907254,0.9313253012048193,0.9192216361416666,0.8965467487255536,0.9050846027830518
1175,0.004940859448996892,0.011485638265670178,,False,0.9700773169996988,0.9650282740342474,0.9524283094784796,0.9580651160907254,0.9313253012048193,0.9192216361416666,0.8965467487255536,0.9050846027830518
1176,0.004938329325399705,0.011484594422732948,,False,0.9700773169996988,0.9650280627269415,0.9524283094784796,0.9580660517366201,0.9309236947791165,0.9188439874605131,0.8961662312217484,0.9047089868816509
1177,0.004935470032050763,0.01148528812870515,,False,0.9700773169996988,0.9655002347725383,0.9524283094784796,0.9582558591181614,0.9313253012048193,0.9192216361416666,0.8965467487255536,0.9050846027830518
1178,0.004932715463491456,0.011487434826910153,,False,0.9700773169996988,0.9650282740342474,0.9524283094784796,0.9580651160907254,0.9313253012048193,0.9192216361416666,0.8965467487255536,0.9050846027830518
1179,0.004930440486514733,0.01148766532227981,,False,0.9701777286876192,0.9651224365029916,0.9525169855448092,0.9581554374095573,0.9313253012048193,0.9192216361416666,0.8965467487255536,0.9050846027830518
1180,0.004927906138296373,0.01148126150299892,,False,0.9701777286876192,0.9651224365029916,0.9525169855448092,0.9581554374095573,0.9313253012048193,0.9192216361416666,0.8965467487255536,0.9050846027830518
1181,0.004924533963683245,0.011484153493602246,,False,0.9700773169996988,0.9650282740342474,0.9524283094784796,0.9580651160907254,0.9313253012048193,0.9192216361416666,0.8965467487255536,0.9050846027830518
1182,0.004921807561392792,0.011482976356202395,,False,0.9700773169996988,0.9650282740342474,0.9524283094784796,0.9580651160907254,0.9313253012048193,0.9192216361416666,0.8965467487255536,0.9050846027830518
1183,0.004919164053119324,0.011483818129493667,,False,0.9700773169996988,0.9650282740342474,0.9524283094784796,0.9580651160907254,0.9313253012048193,0.9192216361416666,0.8965467487255536,0.9050846027830518
1184,0.004916439916099015,0.011480745016676456,,False,0.9700773169996988,0.9650282740342474,0.9524283094784796,0.9580651160907254,0.9313253012048193,0.9192216361416666,0.8965467487255536,0.9050846027830518
1185,0.004913992132573419,0.01148325105844663,,False,0.9701777286876192,0.9651220697467662,0.9525169855448092,0.9581563350259764,0.9317269076305221,0.9201112701605444,0.898604361894278,0.9068751345380637
1186,0.004911220728337768,0.011477951580533984,,False,0.9701777286876192,0.9651224365029916,0.9525169855448092,0.9581554374095573,0.9317269076305221,0.9201112701605444,0.898604361894278,0.9068751345380637
1187,0.004908678092834157,0.011478493004078607,,False,0.9700773169996988,0.9650280627269415,0.9524283094784796,0.9580660517366201,0.9317269076305221,0.9201112701605444,0.898604361894278,0.9068751345380637
1188,0.004905710461629546,0.011473121238519728,,False,0.9700773169996988,0.9650282740342474,0.9524283094784796,0.9580651160907254,0.9317269076305221,0.9201112701605444,0.898604361894278,0.9068751345380637
1189,0.0049032359836974505,0.01147258540462613,,False,0.9701777286876192,0.9651224365029916,0.9525169855448092,0.9581554374095573,0.9317269076305221,0.9201112701605444,0.898604361894278,0.9068751345380637
1190,0.0049004234359350295,0.011472446112938529,,False,0.9701777286876192,0.9651224365029916,0.9525169855448092,0.9581554374095573,0.9317269076305221,0.9181149383929529,0.898604361894278,0.9062434571423092
1191,0.004897831009231589,0.011472213381661824,,False,0.9701777286876192,0.9651224365029916,0.9525169855448092,0.9581554374095573,0.9317269076305221,0.9201112701605444,0.898604361894278,0.9068751345380637
1192,0.004895095269875257,0.011467752220244704,,False,0.9701777286876192,0.9651224365029916,0.9525169855448092,0.9581554374095573,0.9317269076305221,0.9181149383929529,0.898604361894278,0.9062434571423092
1193,0.004892489061122193,0.011462177462628268,,False,0.9700773169996988,0.9650282740342474,0.9524283094784796,0.9580651160907254,0.9317269076305221,0.9201112701605444,0.898604361894278,0.9068751345380637
1194,0.004889913503154117,0.011462566040952863,,False,0.9700773169996988,0.9650282740342474,0.9524283094784796,0.9580651160907254,0.9317269076305221,0.9201112701605444,0.898604361894278,0.9068751345380637
1195,0.004887467156257291,0.011462501797588006,,False,0.9700773169996988,0.9650280627269415,0.9524283094784796,0.9580660517366201,0.9317269076305221,0.9200781658257063,0.898604361894278,0.9068666267217209
1196,0.004884674764191214,0.011460431775836853,,False,0.9700773169996988,0.9650282740342474,0.9524283094784796,0.9580651160907254,0.9317269076305221,0.9200781658257063,0.898604361894278,0.9068666267217209
1197,0.004881899882526367,0.011463865533535903,,False,0.9701777286876192,0.9651224365029916,0.9525169855448092,0.9581554374095573,0.9317269076305221,0.9201112701605444,0.898604361894278,0.9068751345380637
1198,0.004879399005566245,0.011462595399225733,,False,0.9701777286876192,0.9651224365029916,0.9525169855448092,0.9581554374095573,0.9317269076305221,0.9201112701605444,0.898604361894278,0.9068751345380637
1199,0.004876696984970018,0.011463204457530431,,False,0.9701777286876192,0.9651224365029916,0.9525169855448092,0.9581554374095573,0.9317269076305221,0.9201112701605444,0.898604361894278,0.9068751345380637
1200,0.004874011506669994,0.011462324306865388,,False,0.9701777286876192,0.9651224365029916,0.9525169855448092,0.9581554374095573,0.9317269076305221,0.9201112701605444,0.898604361894278,0.9068751345380637
