epoch,mse,validation_mse,accuracy,converged,training_accuracy,training_macro_precision_present,training_macro_recall_present,training_macro_f1_present,validation_accuracy,validation_macro_precision_present,validation_macro_recall_present,validation_macro_f1_present
0,0.3729892751175626,0.37276621173254126,,False,0.1352545436288784,0.10688998377304279,0.12326955111673679,0.09137422031078449,0.13413654618473897,0.0931785788430443,0.12289726605807674,0.09068019551158317
1,0.051712032185815576,0.052278451933284974,,False,0.6463500351440907,0.5681098855397556,0.5824566769953423,0.5448360622883509,0.6461847389558233,0.673894438425118,0.5812429189698585,0.5417356617025278
2,0.03614414540624192,0.037779526939414006,,False,0.7563008334170097,0.7076141943400613,0.6845682488590442,0.635746275040407,0.7453815261044177,0.7546162723249592,0.673921691795718,0.6246947361518032
3,0.03176631263506522,0.03339848904117529,,False,0.7753790541218998,0.6902359621671513,0.7019536513367948,0.6524623188774025,0.7690763052208835,0.6602477354888481,0.6954662362066705,0.6460186179569765
4,0.026414691789653978,0.02751003490032208,,False,0.8440606486595039,0.7856640368760035,0.7659642730514142,0.7555973742285501,0.8377510040160643,0.8353516419614001,0.7595819822876492,0.7476399472310542
5,0.02145089084749224,0.02335793551351026,,False,0.8768952706094989,0.7786276499920702,0.7958008527030017,0.7869269283099583,0.8650602409638555,0.8635377294463434,0.7849193878548,0.7759459263567172
6,0.019017152744988778,0.021426880931206715,,False,0.8903504367908425,0.8649411246422285,0.8088263924128074,0.8007745537754664,0.8686746987951808,0.8676797174310467,0.7881734505168128,0.7790868057717971
7,0.017296385199969136,0.01976911987095077,,False,0.8989858419520033,0.843117567487705,0.8169283179021134,0.808760339182604,0.87429718875502,0.8733736670804093,0.7934986669505583,0.784339315255724
8,0.01644749974436027,0.01904112814039221,,False,0.9028014860929813,0.8766493641447607,0.8206069235048579,0.8126307234959353,0.8779116465863454,0.8915051731791532,0.7985193509880254,0.7917573250428129
9,0.015938948690706514,0.018640344489346202,,False,0.9038056029721859,0.8643480211997728,0.8235773729453979,0.817611090008445,0.8839357429718876,0.8975776794125654,0.8059065911773633,0.8003240463338162
10,0.014645064353617784,0.017486666497823707,,False,0.9118385380058239,0.8749638422032892,0.8375622296341907,0.8379308182497857,0.8903614457831325,0.8650929098245442,0.815021977295206,0.813245453363602
11,0.014192392283568434,0.017223408268519633,,False,0.9140475951400743,0.8810241183321376,0.8403628114358296,0.8414478417923842,0.8911646586345382,0.8428384017639313,0.815690331208294,0.8137285307132771
12,0.013313463044192172,0.016236663813583883,,False,0.9214780600461894,0.8945833554412488,0.8506232149698469,0.8540423093159908,0.8959839357429719,0.8470023695525821,0.82017410936773,0.8184516453496147
13,0.012854761158707501,0.015888315560690335,,False,0.9238879405562808,0.904443431577937,0.8575091727546694,0.8636058795108228,0.8995983935742972,0.86039239911927,0.828639962500659,0.8304388051103614
14,0.012828612950996139,0.016213235505575543,,False,0.9252937041871674,0.9083851861618437,0.8620917312071219,0.8693281422693039,0.8959839357429719,0.8545769362024357,0.8252393800005059,0.8265432477501848
15,0.011950581162244532,0.015207948052317146,,False,0.9291093483281454,0.9115234440267783,0.8686311651969759,0.8768848624517018,0.9056224899598394,0.8593736169304864,0.8358819787903594,0.8380501186543458
16,0.011775213696751692,0.015284089095496346,,False,0.9308163470227935,0.9108174381199107,0.875272030199208,0.8838791242700847,0.9056224899598394,0.8701847385733092,0.8460087432172886,0.8513560522167564
17,0.011344674549065056,0.01477341890477969,,False,0.9336278742845667,0.9151516615639174,0.8756697062719598,0.884440550470819,0.9068273092369478,0.8736876875632604,0.8453137544238652,0.8510617827283472
18,0.011188543373676616,0.014766166280684301,,False,0.9340295210362486,0.9247310732043387,0.87650707594889,0.8863612311766365,0.906425702811245,0.8752874341396828,0.8416051030465246,0.8465461492809935
19,0.01108823658182086,0.0147288705632964,,False,0.9347324028516919,0.9197471315208047,0.8834599683769124,0.8930563318261646,0.9092369477911647,0.8778987164727885,0.851007998350419,0.8570523816548613
20,0.01060460995173554,0.014397401831959037,,False,0.9380459885530675,0.9198099073341592,0.8894519025916886,0.8985183997439354,0.91285140562249,0.8831985146186504,0.8594153464258896,0.8660194175046857
21,0.01031607410925363,0.014187058429357639,,False,0.9391505171201928,0.9251358834990643,0.8891194928424123,0.8991437028352398,0.9088353413654618,0.8802875672646882,0.8538487089222975,0.8607439594544815
22,0.010652629456983904,0.014361077320269937,,False,0.9388492820564314,0.925945158622485,0.8888742125105283,0.8992348610213278,0.9116465863453815,0.8895535846469768,0.8581847677742823,0.8663613828059122
23,0.009758590900267004,0.013667376116903829,,False,0.9426649261974094,0.9266373717138833,0.8936706375937157,0.9034014381895532,0.91285140562249,0.8830193312742076,0.8593208044639791,0.8660348906096436
24,0.009604503159429612,0.013611106255041104,,False,0.9430665729490912,0.9287762435656783,0.8932021351337721,0.9032531723274211,0.9168674698795181,0.893498892707211,0.8630261101963933,0.8709845728757329
25,0.009278336794201328,0.013264114570482929,,False,0.945978511898785,0.931066194324671,0.9000799938826428,0.9099234480238538,0.9192771084337349,0.8911097775186675,0.8736652248241182,0.8798533802838123
26,0.009096117158686925,0.013204137168863168,,False,0.9476855105934331,0.9324824318758598,0.9041314090136878,0.9136512143260034,0.9184738955823293,0.8916866034399832,0.8745431626611258,0.8807538164054315
27,0.008978497763629854,0.013294021050615976,,False,0.9481875690330355,0.932460290225522,0.9062926302316578,0.915400824054247,0.9168674698795181,0.8902849157409994,0.8730155043316097,0.8791908051921649
28,0.008736381818841092,0.012945031067216627,,False,0.9493925092880812,0.9362235000795268,0.9065818985829961,0.9165070882742492,0.9180722891566265,0.8911418349706897,0.8741236737794177,0.8803066746818843
29,0.00862833291086311,0.012792213340945529,,False,0.9507982729189678,0.9390899374682908,0.9129376043305611,0.9224219150994301,0.923293172690763,0.900137096583067,0.8807198117070683,0.8877335390931312
30,0.008473022369118406,0.012965042988643748,,False,0.9528065066773772,0.9362837474078867,0.9193651827695474,0.9262251546017853,0.9192771084337349,0.8937212682973897,0.8803354931459775,0.8855722517346443
31,0.008332194436861068,0.01261685741348947,,False,0.9518023897981726,0.9406581917246645,0.9159721832877938,0.9251717197437022,0.9248995983935743,0.9043158695781605,0.8838875732895964,0.8913263817384398
32,0.008133704984475392,0.012467576680808667,,False,0.9524048599256953,0.9434756637398133,0.9140170696895438,0.9243598672588108,0.923293172690763,0.9047215751523454,0.8823047562915579,0.8903428345586083
33,0.008012191650004425,0.012518190283288025,,False,0.9537102118686616,0.9430650352047536,0.9159811819446335,0.9257653095719375,0.923293172690763,0.9028901906881577,0.8823200961090287,0.8898042182500324
34,0.007861440779168116,0.01239493566242255,,False,0.9549151521237071,0.9466458683153454,0.9175418014506262,0.927895068270559,0.9265060240963855,0.9113730674137722,0.8836376880653843,0.8928920400668571
35,0.007917909698056466,0.01238432304082016,,False,0.9550155638116277,0.9425635517090011,0.9247269588721873,0.9320341337354042,0.9228915662650602,0.9041447341189297,0.8853638529083941,0.8924866831507566
36,0.007616518719120868,0.01231970892734214,,False,0.9552163871874686,0.9471253471966021,0.9186619322791526,0.9289206629451121,0.9261044176706827,0.916637733302255,0.8849807790967961,0.8953596053810027
37,0.007719691525367972,0.012237850047509222,,False,0.9558188573149915,0.9460483793050144,0.9217724634555867,0.9309622863436304,0.9248995983935743,0.9100018828602399,0.8822187948150915,0.891417785909682
38,0.007437065962238792,0.012162998163829777,,False,0.9573250326337985,0.9477036654628735,0.9243553651417531,0.9333762135404565,0.9248995983935743,0.905388798504371,0.8854231273292945,0.8929259366627055
39,0.007370871684726117,0.012130099628679123,,False,0.9589316196405262,0.9503771781803635,0.9266921594692755,0.9358407849527508,0.9240963855421687,0.9124957399382261,0.8830483740483328,0.8928804349027684
40,0.0074432501317778475,0.012509959214616336,,False,0.9573250326337985,0.9467062691609959,0.9285318330620176,0.9359029362705551,0.9196787148594378,0.8992320441691256,0.880592387180212,0.8873642232704451
41,0.007060033558663201,0.012021869539383228,,False,0.9598353248318104,0.9526722641543832,0.9296169389502603,0.9386922501375038,0.9269076305220884,0.9124974610688619,0.8856616900454174,0.8948803662015611
42,0.006889389378731362,0.0119358081046624,,False,0.9607390300230947,0.9511763493506586,0.9321325946361336,0.9399275450411663,0.9269076305220884,0.9109741386423976,0.8873206015844094,0.8958133888317708
43,0.006864830599355203,0.011892717161130124,,False,0.9611406767747765,0.9498405630953332,0.93545378656835,0.9416506068693484,0.9293172690763052,0.9072560132962482,0.8929361521010253,0.8987568639196574
44,0.006780705455849477,0.011947543278111972,,False,0.9619439702781404,0.9511912774473696,0.9370761635644467,0.9431687907625445,0.9248995983935743,0.896670166486826,0.8872529578068407,0.8912420477167609
45,0.006585672380259467,0.011870286459609402,,False,0.963349733909027,0.9530812180764181,0.939166833553015,0.9452027640468097,0.9265060240963855,0.9038881729077237,0.8886988099615253,0.894653889213955
46,0.0065056931443947695,0.011877870662063562,,False,0.9642534391003112,0.9534879140069487,0.9399813044429391,0.9458614655606254,0.9269076305220884,0.9096434145719674,0.889034987415732,0.8967408302599547
47,0.006433334340171509,0.011822041081526069,,False,0.9640526157244703,0.9550991304175843,0.9398321318514894,0.9463789467133211,0.9285140562248996,0.9073424713686242,0.8939363707546417,0.8993923489063567
48,0.006394837729790923,0.011764096804424331,,False,0.9645546741640727,0.9566502673292407,0.9411101218211431,0.9477792922770938,0.9285140562248996,0.9107589613857322,0.8938714308140818,0.9006151153861975
49,0.0065397200038732305,0.011721277368925231,,False,0.9631489105331861,0.9542032356058736,0.9406458078280089,0.9465552077465501,0.9289156626506024,0.9091336800294185,0.8976862201186283,0.9025222421741075
50,0.006180615259459824,0.011680548862112089,,False,0.9650567326036751,0.9547976348385847,0.943659246041987,0.948647778200252,0.929718875502008,0.9090975861202233,0.9000674930418244,0.9040029351583841
51,0.006195066554000735,0.011857660692997917,,False,0.9658600261070388,0.9553460511495858,0.9456649485031284,0.9500464028938682,0.9261044176706827,0.9031783599909249,0.8968173814376994,0.89954018759589
52,0.006045020558138215,0.011732691428904346,,False,0.9665629079224822,0.9581955929224681,0.9437384752445506,0.9500215734853644,0.9285140562248996,0.9131604046640613,0.8955664916398034,0.9025625281344642
53,0.005973625708440914,0.011719865911778793,,False,0.9667637312983232,0.9546922362150535,0.9468846384627579,0.9504912122131317,0.9289156626506024,0.9071241829269145,0.8992903975781168,0.9026960512714167
54,0.005905426113921403,0.011721389776655357,,False,0.9667637312983232,0.9604127064383113,0.9447688127409875,0.9515198851596954,0.9293172690763052,0.9176696968865594,0.8963091526477489,0.9045443847765233
55,0.005878923103850382,0.011745350955906122,,False,0.9674666131137665,0.9588309790542914,0.9462463942500795,0.9518249908346148,0.9285140562248996,0.911420114722731,0.895560806666825,0.901992261283202
56,0.005924421696349755,0.01167857787270636,,False,0.9658600261070388,0.9559615423292325,0.94649107487885,0.9507891038171074,0.929718875502008,0.9091416018578623,0.9001060958210062,0.903995391216355
57,0.005758172826472831,0.011591387703458902,,False,0.9682699066171302,0.9598821080103223,0.9486542899979042,0.9537192213955942,0.9301204819277108,0.9175248186271303,0.9003886598502705,0.9073904229210383
58,0.005623846858415256,0.011585717159464028,,False,0.9683703183050507,0.9587861329454319,0.9495941842967525,0.9538060547807707,0.9301204819277108,0.9114795969486786,0.90210896857346,0.9061858339178692
59,0.005617462445704258,0.011591376432618655,,False,0.9693744351842555,0.9606005254214135,0.9509547943844545,0.9553522053611148,0.929718875502008,0.9142092654128273,0.9017279900645383,0.9070559093622239
60,0.005563719710712084,0.01167435697483383,,False,0.9694748468721759,0.9604229413007987,0.9514463082717687,0.9555671658353615,0.9313253012048193,0.9174791226013603,0.9031138391767668,0.9090550687699004
61,0.005517389462065572,0.0116523790227682,,False,0.9693744351842555,0.9607120636167351,0.9513583842606997,0.9556334329774574,0.929718875502008,0.9153710920937583,0.9000136924094146,0.9063830697578852
62,0.005437421944520588,0.011474147724122497,,False,0.9698764936238579,0.9628844891037774,0.9518140835950588,0.9568245031237814,0.9329317269076305,0.9223229010241929,0.9047182760806789,0.9119465949791342
63,0.0053781884740113466,0.011446501987924691,,False,0.9693744351842555,0.962641299765107,0.9496789978576243,0.9554445239357163,0.9305220883534137,0.9172872467916265,0.8991214041923281,0.9064365318245196
64,0.0053197437371103155,0.011454917930793023,,False,0.9699769053117783,0.9638492211548305,0.951917420417898,0.9572669577945905,0.9317269076305221,0.9176224853850441,0.903582846652601,0.9094921047558613
65,0.005274131492882028,0.011546480719219761,,False,0.9702781403755397,0.9590843278973095,0.9542939593797303,0.9565735173073746,0.9301204819277108,0.9087590785479216,0.9021350303511715,0.9050911713874036
66,0.005217211295326791,0.011426051196652215,,False,0.9702781403755397,0.9642145827419828,0.9526117607466846,0.9578448710645225,0.9333333333333333,0.9191062333678741,0.9050436676045241,0.9109768817404658
67,0.005156232098537474,0.01149001726588737,,False,0.970981022190983,0.9644870198061136,0.9541070168298863,0.9588350406707673,0.9325301204819277,0.9151711101570865,0.9043764470195312,0.9090288188422588
68,0.00511975131209862,0.01143451891994016,,False,0.9710814338789036,0.9629993301627182,0.9550402065135805,0.9587464586948307,0.9321285140562249,0.9148232421661552,0.9039832210113483,0.9086761867667236
69,0.005338759697361692,0.011462758048123068,,False,0.9700773169996988,0.9638286297211123,0.9536457897200987,0.9582876002976213,0.9321285140562249,0.9199236038010985,0.9039231238229323,0.9105350873249779
70,0.005038322512056428,0.011445570712797332,,False,0.9715834923185058,0.9668215845129667,0.9542155566172466,0.959863742906795,0.9321285140562249,0.9227888169156311,0.9005860655373356,0.9092191225537779
71,0.004970657155340576,0.011549416162748502,,False,0.9716839040064263,0.9624146926798384,0.9564152419602219,0.9592458954882341,0.9289156626506024,0.9103579316728835,0.9010667675636085,0.9051133213430843
72,0.004900565647775165,0.01153390793675445,,False,0.9723867858218697,0.9634660759117827,0.9570676595048782,0.9600778528494904,0.9289156626506024,0.9104114599074092,0.9010114235228668,0.9051132625106035
73,0.004882948730492535,0.011511413829443413,,False,0.9721859624460287,0.9632521812654424,0.9564554690231252,0.9596456890167145,0.9301204819277108,0.9178824715186749,0.9021117767762876,0.908651702581986
74,0.004832947575957571,0.011623220713244104,,False,0.9720855507581082,0.9628141853625293,0.9567836241028365,0.9596202708265555,0.9309236947791165,0.9136298076747339,0.9028397086054755,0.9074745438070434
75,0.0047985387040736785,0.011504239885095406,,False,0.9724871975097902,0.9652346635207594,0.9571471352008236,0.9609073612386777,0.9321285140562249,0.9197378861790256,0.9039501708078388,0.910513089548817
76,0.004742243886049653,0.011455624968152844,,False,0.9724871975097902,0.9648172219357404,0.9571531162783319,0.9607302083966894,0.9325301204819277,0.9151918648014848,0.9043261107211181,0.9089880792426972
77,0.004819134183769119,0.011423076577272984,,False,0.972888844261472,0.9655601347449133,0.9571070946377511,0.9610219676821833,0.9313253012048193,0.9141609080903067,0.903260698889247,0.9079604619335035
78,0.004694117416900278,0.011425046449749066,,False,0.972888844261472,0.9651774359791414,0.9575195138788914,0.9611003453675827,0.9317269076305221,0.9194225925025378,0.9036204087590419,0.9101638851784366
79,0.004606721417131511,0.011469069286090976,,False,0.973089667637313,0.9661806529988178,0.9572823110860514,0.9613855536935216,0.9313253012048193,0.9189890628718964,0.903200160580384,0.9097484291216491
80,0.0045554734367727456,0.011479645829682547,,False,0.9735917260769154,0.965864590537476,0.9581757414208494,0.9617653987240465,0.9313253012048193,0.9140761298354776,0.9032111887776052,0.9078751653430195
81,0.0045452072585376166,0.011371032602097798,,False,0.9735917260769154,0.9671068036318979,0.9577390049356007,0.9620598209053737,0.9333333333333333,0.9203537417719411,0.9033648410745746,0.9103265944126644
82,0.0044855393742585705,0.011418101198176931,,False,0.9737925494527563,0.9660805853873892,0.9587735865844503,0.9621959947696863,0.9313253012048193,0.9140117221775031,0.9032839097112664,0.9079270112059292
83,0.004456302147549284,0.011409726345994107,,False,0.9738929611406768,0.9677940539181608,0.9580295608409687,0.9625076106631014,0.9321285140562249,0.9163678550388344,0.9039906241366761,0.9092580005896421
84,0.004404667712378858,0.011423846045782648,,False,0.9741941962044381,0.9673484105178317,0.9595659273384314,0.9632015720445052,0.9337349397590361,0.9178607445015748,0.9054858061874137,0.910760230376271
85,0.004386327427611154,0.011488823608279486,,False,0.9743950195802792,0.9667288321437321,0.9597482583884366,0.9630259687761615,0.9321285140562249,0.9164421106425489,0.9039263060569047,0.9092023561383549
86,0.004341105401998036,0.011386031622112233,,False,0.9742946078923587,0.9661882438248927,0.9596520240340046,0.9627317357884669,0.9329317269076305,0.9155158580073954,0.9047497692588323,0.9094008134240035
87,0.004305323605392452,0.011409839443756757,,False,0.9742946078923587,0.9661906590478052,0.9596525765232449,0.9627320639951904,0.9329317269076305,0.9155322583221938,0.9047197231973334,0.909368780492736
88,0.004298175522137345,0.011406338909795765,,False,0.9745958429561201,0.9681066860378762,0.9595110815226392,0.9634981591776229,0.9305220883534137,0.9148382768523111,0.9024686397849313,0.907732016855031
89,0.004270811906803872,0.011452462788735343,,False,0.974997489707802,0.9658995723596681,0.9619792559630478,0.9638598514755246,0.9333333333333333,0.9150644803346408,0.9068291316806761,0.9104225959155892
90,0.004235185903895961,0.0114557323889544,,False,0.974997489707802,0.9677743932815674,0.9611372381009134,0.9642634123324149,0.9325301204819277,0.9137295900400795,0.904373959597142,0.9083970587596742
91,0.00417484273928624,0.011468727776841681,,False,0.9748970780198816,0.9672291249597824,0.9606316586404378,0.9637398277228062,0.9329317269076305,0.9187433563112405,0.904720978605002,0.9106129589349279
92,0.004232996940386826,0.01154944903061427,,False,0.9751983130836429,0.9664390563017261,0.9617486599151859,0.9639849236326494,0.9285140562248996,0.9100640146952428,0.9006275965709758,0.9046808029783752
93,0.004147591051334429,0.011391897546043821,,False,0.9752987247715634,0.9676179844208319,0.9614211357215928,0.964349822444909,0.9305220883534137,0.914868165281303,0.902537665706817,0.9077529765345701
94,0.004179171582429492,0.01133738584959345,,False,0.9752987247715634,0.9684727137374707,0.9614180130982621,0.9647339832057867,0.9321285140562249,0.9148833760133179,0.9039868528482524,0.9086561570266745
95,0.004130991755494848,0.011594028936564246,,False,0.9757003715232453,0.9677907807241846,0.9630486151170354,0.9653049212089814,0.9285140562248996,0.9121487554692087,0.9023310517681029,0.9065108354032831
96,0.0040594562084948944,0.011402546941340717,,False,0.9758007832111658,0.9682458206178427,0.9631426114661112,0.9655752831630756,0.9321285140562249,0.9139232263686671,0.9056896701505277,0.9092767564944144
97,0.0040164155898849505,0.011357977412848238,,False,0.9754995481474044,0.9695138219252368,0.9616086666155247,0.9652975239329904,0.9337349397590361,0.9194834277405494,0.9054065816721439,0.911312348564501
98,0.0039865224521170774,0.011433030643067853,,False,0.9757003715232453,0.9673472618550574,0.9626333621117129,0.9648778769126505,0.9325301204819277,0.9142725447864805,0.9060381277925583,0.9096415470772493
99,0.003947156085491448,0.011358981307269115,,False,0.9755999598353249,0.9683827430527912,0.9621190190881546,0.9650793842163039,0.9321285140562249,0.9185280584359313,0.9056709541752596,0.9111199800368013
100,0.003928321912234595,0.011371411378533062,,False,0.9759011948990862,0.96784972844624,0.9623902150646578,0.9649810308202116,0.9313253012048193,0.9125804696370748,0.9032355523788489,0.9072655487181576
101,0.003914039849531668,0.011303230322240735,,False,0.9759011948990862,0.9699171463042722,0.9623999990605703,0.9659205642701344,0.9329317269076305,0.9161062786665882,0.9063873532140233,0.9106305267158556
102,0.003879548874490782,0.01139486779858255,,False,0.9766040767145295,0.9682718528284229,0.9642992818273187,0.9661999834875107,0.9305220883534137,0.9124205698382966,0.9041708310919054,0.9077736304383036
103,0.0038733204482324325,0.01134306419074259,,False,0.9761020182749272,0.9688283007356634,0.9625737371349938,0.9655275727604737,0.9321285140562249,0.91805897651999,0.9039542526546521,0.9098388626548031
104,0.0038415564729220287,0.011314442814779462,,False,0.9763028416507682,0.9698171487576559,0.962346549240176,0.9658451988022979,0.9325301204819277,0.9183180173339033,0.9043155486856436,0.9101911328800225
105,0.003829824145003659,0.011347657235540622,,False,0.9765036650266091,0.9692491638760897,0.9629426418582047,0.9659235101037981,0.9321285140562249,0.9163297260071038,0.9039332354423443,0.9091992984552566
106,0.003778686201901558,0.011373065335338616,,False,0.9770057234662115,0.9701896277720093,0.964245108930183,0.9670593285286281,0.9305220883534137,0.9133148616947694,0.902498251560115,0.9071025477021776
107,0.003752352392641976,0.011368557535326071,,False,0.97670448840245,0.9698989154259449,0.9639673803170559,0.9667737470725868,0.9313253012048193,0.914634633072174,0.904924834085632,0.9090995071504577
108,0.003755180815661669,0.011255618193019555,,False,0.9768049000903705,0.9708387266447571,0.9640653672170603,0.9672546790045473,0.9321285140562249,0.9139227609921807,0.9056730655385614,0.9092501935066021
109,0.0037072291225032474,0.011389922624758386,,False,0.9772065468420524,0.9691830732030405,0.9648507805690572,0.9669266036039408,0.9321285140562249,0.9153957231448252,0.9056807269648126,0.9098409178745575
110,0.0036853875439769967,0.01141612719776368,,False,0.9775077819058139,0.9690695897584666,0.9651232620776677,0.9670161014366467,0.9301204819277108,0.9120240701105131,0.9038101610562153,0.9073749640905514
111,0.0036663786314393852,0.01127557221531594,,False,0.9774073702178934,0.9702221384056485,0.9650281327017165,0.9675040920999207,0.9321285140562249,0.9144431618634405,0.9073225199118082,0.9104931858633338
112,0.003637769614185236,0.011306650096207193,,False,0.9773069585299728,0.9716392325524169,0.9641038127558716,0.9676315444242837,0.9313253012048193,0.9146453767750182,0.904924834085632,0.9090901649470672
113,0.0036080864995727555,0.011367998163589783,,False,0.9780098403454162,0.9711358241727438,0.9655829590418529,0.9682190359826502,0.9309236947791165,0.9128162086467942,0.9045392601168728,0.9081227815340855
114,0.00364421293579356,0.011356563269536293,,False,0.9778090169695752,0.9705435387835285,0.965408068737762,0.9678536376362921,0.9321285140562249,0.913191222575819,0.9073392220868008,0.9098655025031014
115,0.0035814700292572275,0.011382843989979746,,False,0.9784114870970981,0.9708068190089006,0.9667821439279991,0.9687135873961003,0.9309236947791165,0.9128781916661168,0.9045315902081374,0.9081247834057664
116,0.0035447383339286148,0.011310427262793816,,False,0.9783110754091776,0.9707309039733533,0.9666887732463931,0.9686287157192148,0.9321285140562249,0.9131299105720156,0.9073239848977743,0.9098792808794811
117,0.0035393834239017415,0.011349409599800787,,False,0.9784114870970981,0.9723758023556971,0.9659351994569936,0.968969767795348,0.9301204819277108,0.9114664698575269,0.9020818994890453,0.9061324533146448
118,0.0035156950874593333,0.011392955944279127,,False,0.9786123104729391,0.9710091129930343,0.9669711964747967,0.9689071217257735,0.9317269076305221,0.9136317838570851,0.9052912577928078,0.9088481853969456
119,0.0034651560353590963,0.011318192230031662,,False,0.9786123104729391,0.9725259037680378,0.966131126167176,0.9691522780377615,0.9309236947791165,0.9122152733009747,0.9028423085013544,0.9068655623276389
120,0.003469725671152328,0.01139574266240624,,False,0.9789135455367005,0.9713354483369303,0.9680886326965972,0.9696551315983465,0.9309236947791165,0.9128883945659216,0.9045507141179251,0.9081266703443457
121,0.003435184348667803,0.01127973321959925,,False,0.9789135455367005,0.9724735993305542,0.9672491139480923,0.9697398729174963,0.9325301204819277,0.9162440776618682,0.9076762435970903,0.9114429738239345
122,0.00342093942853224,0.01129323765872188,,False,0.9793151922883824,0.9729324927999213,0.9684603156168586,0.9706005779963677,0.9329317269076305,0.9151955358637279,0.9080503550823129,0.9111947631206001
123,0.0033849365145166756,0.011327019439241357,,False,0.9792147806004619,0.9724722305731708,0.9687845823023904,0.9705611236338315,0.9317269076305221,0.9141099333132529,0.9069466042046075,0.910083989085943
124,0.0033745903530201632,0.011338139766435112,,False,0.9791143689125414,0.9723262036407431,0.9682752172660533,0.9702225305351604,0.9325301204819277,0.9147985609966889,0.9076986103630268,0.9107868037732021
125,0.0033530404765814057,0.011308780677017469,,False,0.9790139572246209,0.9719260427692856,0.9685999561836982,0.9702055158407809,0.9329317269076305,0.9152328873632994,0.9080798777769549,0.9112102115933437
126,0.003343239823782935,0.011364001650629976,,False,0.9792147806004619,0.9728038952766167,0.9683703466420046,0.9704921731172212,0.9321285140562249,0.9144562606173585,0.9073329102141783,0.9104259722575327
127,0.0033387365037402727,0.011349162335310685,,False,0.9792147806004619,0.9717274162527298,0.9687896386864896,0.9702081236380757,0.9321285140562249,0.9150511334720015,0.9090087419889445,0.9116512646371492
128,0.0032910669340082814,0.011301989445574553,,False,0.9794156039763029,0.9730665229275268,0.9689730823599477,0.970942538446707,0.9317269076305221,0.9141739826133155,0.9069414535936934,0.9100810223503676
129,0.003284049270131239,0.0112991815631513,,False,0.9797168390400642,0.9729724494504445,0.9692426451288098,0.9710376108140378,0.9325301204819277,0.9153125491514058,0.9093572259827708,0.912013087064363
130,0.0033057486508355563,0.011265925203679594,,False,0.9791143689125414,0.972804243426158,0.9686945093105384,0.9706740787944127,0.9317269076305221,0.9142353662023032,0.9069273861488598,0.910091050695287
131,0.0032442400521542672,0.011295256081400694,,False,0.9795160156642233,0.9727539639852864,0.9690700670997896,0.9708447143872875,0.9321285140562249,0.9150744262872098,0.9090035998605148,0.9116458228916928
132,0.003231589970848187,0.011292183539499793,,False,0.9795160156642233,0.9727404783430471,0.9690700670997896,0.9708385704728273,0.9321285140562249,0.9150289426278674,0.9090010805626935,0.9116341474237343
133,0.003234925201940208,0.011253386178928291,,False,0.9797168390400642,0.9737527133501528,0.9692514729954811,0.9714116818360359,0.9325301204819277,0.9147747556370197,0.9076377955860446,0.9108168201886253
134,0.0032076530306187796,0.011322007447774009,,False,0.9797168390400642,0.9725441963190753,0.9692558994235865,0.9708426995642954,0.9329317269076305,0.9158210914147877,0.9097646348681252,0.9123947018639983
135,0.0031994211756989775,0.011313176762334877,,False,0.9796164273521438,0.9724380855843519,0.9691524937400797,0.9707402527784592,0.9317269076305221,0.9147499226967503,0.9086218184665569,0.9112723233987725
136,0.003171230643303032,0.011329129066506146,,False,0.9797168390400642,0.9729476916897752,0.9692514729954811,0.9710294601051841,0.9329317269076305,0.9157467847826829,0.9097274507472322,0.912376420632558
137,0.0031639537919550607,0.011330789004643443,,False,0.9799176624159052,0.9727645915831703,0.9694271919204992,0.971037108627659,0.9325301204819277,0.9148475793896205,0.9076603804127628,0.9108005277500596
138,0.0031503156783279935,0.01130965750371421,,False,0.9799176624159052,0.9727018478791132,0.9694298596542595,0.9710093963056666,0.9313253012048193,0.9143225030112847,0.9082553684075854,0.9108939654812424
139,0.003157555584259579,0.0113933815090463,,False,0.9797168390400642,0.9713976021600713,0.969240617317169,0.9702824254407604,0.9321285140562249,0.9156290482776634,0.9106941369749664,0.9127951594205521
140,0.0031358023604404115,0.01128662196185843,,False,0.9802188974796666,0.9741891535669966,0.9697096151489029,0.9718571955754918,0.9333333333333333,0.9166201379167825,0.9117844260211049,0.9139217352420358
141,0.0031118163372697853,0.011282180144365715,,False,0.9801184857917462,0.9733480509104737,0.9696035417316357,0.971406091749557,0.9333333333333333,0.9161100288516203,0.9101028261226075,0.912739983240887
142,0.003095819399666571,0.011294138221063399,,False,0.9800180741038257,0.9736458923106484,0.9695205626021052,0.9715053193540731,0.9321285140562249,0.9150238186679651,0.9089715578680515,0.9116373074971784
143,0.003081015660161946,0.011313572560402156,,False,0.9801184857917462,0.9732979990844124,0.9696156919780565,0.9713898275540566,0.9313253012048193,0.9142975298153977,0.9082367763471387,0.9108850646436323
144,0.003092452004177859,0.011465924202737033,,False,0.9804197208555075,0.9732312138141227,0.969894626796289,0.9714967101801315,0.9325301204819277,0.9158760180384403,0.9110049906620341,0.9131380796596331
145,0.0030651758328562205,0.011353251127015686,,False,0.9803193091675871,0.9735316581896192,0.9697855884795713,0.9715853235853777,0.9321285140562249,0.9150162130118163,0.908982488502247,0.9116327611360158
146,0.0030490096920679044,0.011294145733961746,,False,0.9801184857917462,0.9736886399702254,0.9696189122010571,0.9715745970823865,0.9321285140562249,0.9150427249347702,0.9089837439099155,0.9116353737242986
147,0.003046991913850049,0.01133131609571888,,False,0.9801184857917462,0.9732811835585705,0.9696156919780565,0.9713808928808597,0.9321285140562249,0.9155223738938888,0.910674183461341,0.9128197057337515
148,0.003018668261863933,0.011329151530472065,,False,0.9804197208555075,0.9739634497399058,0.9698998739008053,0.9718502128284316,0.9325301204819277,0.9153779609163699,0.9093494525412483,0.9119893874215097
149,0.00302146940631646,0.011310269119555863,,False,0.980720955919269,0.9747148479494183,0.9701552262456494,0.9723376222054048,0.9333333333333333,0.916050264731534,0.9100459777601012,0.9126934486188666
150,0.0030039247440937452,0.01136965852294297,,False,0.9804197208555075,0.9739595966197047,0.9698978470192894,0.9718475404219267,0.9325301204819277,0.9154575173920532,0.9093603746929594,0.9119920927551975
151,0.002983370212435589,0.011294271578671335,,False,0.9808213676071895,0.9748060184240644,0.9702503556216008,0.9724250257823699,0.9321285140562249,0.9144530889670608,0.9072701961649149,0.9104169828180455
152,0.0029873827807326363,0.011360284280569101,,False,0.9809217792951099,0.9748864164962039,0.970345484997552,0.9725140655778252,0.9329317269076305,0.9156631932375036,0.9097063300021371,0.9123348210973578
153,0.0029729333460927158,0.011372184721483254,,False,0.9809217792951099,0.9744923947751007,0.970345484997552,0.9723282946887313,0.9337349397590361,0.9169706371379086,0.9121382642343815,0.9142701862856168
154,0.002954688455546107,0.01140387867871354,,False,0.9808213676071895,0.9735578393664479,0.9702515618267059,0.9718430523940133,0.9321285140562249,0.9154869688506074,0.9106387038536828,0.9127737383110109
155,0.002956443576910121,0.011344158931237748,,False,0.9809217792951099,0.9748864729424045,0.970345484997552,0.9725176156647036,0.9321285140562249,0.9162564229180555,0.908890786527384,0.9121620097063956
156,0.0029490531749013994,0.011283864874248022,,False,0.9810221909830305,0.9757735602472088,0.9704370969848127,0.9729809998845909,0.9329317269076305,0.9157101080160142,0.9097351385252789,0.9123894932789965
157,0.0029273142519195532,0.011318059870117601,,False,0.9811226026709509,0.9754478657293811,0.970532226360764,0.9728791083214584,0.9325301204819277,0.9158407025007614,0.9110361173871839,0.913182351999819
158,0.0029137975655515016,0.011379388146167336,,False,0.9810221909830305,0.9745883039054364,0.970438855679158,0.9724240180308114,0.9337349397590361,0.9164547949779654,0.9104450958068371,0.9130851612151629
159,0.0028947914527061493,0.01133293835775093,,False,0.9811226026709509,0.975448400260219,0.970532226360764,0.9728803519442555,0.9317269076305221,0.9146959318752733,0.90864347015665,0.9112732274527134
160,0.0028954665418918116,0.011366122042980051,,False,0.9811226026709509,0.9750301090303939,0.970532226360764,0.9726842802182615,0.9329317269076305,0.9157178186609249,0.9097039654724518,0.9123604626327355
161,0.002876699007153007,0.011364345386456398,,False,0.9810221909830305,0.974961093476107,0.970438855679158,0.9726011439589508,0.9333333333333333,0.9160398506799654,0.9100462351566816,0.9126978288696664
162,0.002867408820943693,0.01140299823850354,,False,0.9811226026709509,0.9742760691212524,0.970532226360764,0.9723283057363283,0.934136546184739,0.9173307410618669,0.9124493787350956,0.9146026253589206
163,0.0028569782972467533,0.01135633901756743,,False,0.9812230143588714,0.9755368715235863,0.97062559704237,0.972972529855599,0.9329317269076305,0.9157002846886991,0.9097104775365447,0.912349989131303
164,0.0028479128730768233,0.011406561346904712,,False,0.9811226026709509,0.9754925148055459,0.970532226360764,0.9728960658589086,0.9333333333333333,0.9179455667039002,0.9117537624467889,0.914512232630536
165,0.002845494853353109,0.011359144169305432,,False,0.9812230143588714,0.9763884502289015,0.9706229293086098,0.9733584157104035,0.9325301204819277,0.915844175906164,0.9110425234057664,0.9131838026619611
166,0.002829755883425369,0.011362709851908232,,False,0.9813234260467918,0.9752834734035493,0.9711376298124672,0.9731309681298423,0.9333333333333333,0.9161188003238921,0.9100629458141584,0.912722708356552
167,0.0028210901326793107,0.01136483350006816,,False,0.9812230143588714,0.9751809625452665,0.9710442591308612,0.9730300636798062,0.9333333333333333,0.9160691993222253,0.910076821550006,0.9127389383921748
168,0.00281683110630104,0.011426344759967658,,False,0.9813234260467918,0.9744568910981768,0.9711376298124672,0.9727394294034182,0.9325301204819277,0.9158738920336398,0.9110364723467903,0.913171010557419
169,0.002797804993362085,0.011381691578387386,,False,0.9814238377347123,0.9757561845744753,0.9712327591884186,0.9734001884590585,0.9329317269076305,0.9157491055564245,0.9096957721968596,0.9123617846866965
170,0.0027980143959642485,0.011384840881182122,,False,0.9815242494226328,0.9763146413705273,0.9713123142113665,0.9736997136661307,0.9345381526104418,0.9171597878780547,0.9111361102985396,0.9137903559566278
171,0.002821035031779355,0.011353104504236673,,False,0.9815242494226328,0.9771142929566765,0.971321703441919,0.974077275293443,0.9321285140562249,0.9150223441539003,0.9089775952879133,0.911633551841699
172,0.0027724160563559557,0.011408034551561518,,False,0.9815242494226328,0.9763008413783605,0.9713187675209881,0.9736939277411898,0.9329317269076305,0.9156721591277667,0.90964533833542,0.9123312831079211
173,0.002773114539055873,0.011367121353600287,,False,0.9816246611105532,0.9767742762642876,0.9714185915122157,0.9739730881170391,0.9333333333333333,0.9160935613401551,0.9100698836820822,0.9127316026844063
174,0.002797995316860279,0.011512373101600746,,False,0.9818254844863942,0.976560473271587,0.9715959436448751,0.973965838700005,0.9337349397590361,0.9164195262051182,0.9103949193419781,0.9130367795376484
175,0.002748322132564713,0.011370978181855505,,False,0.9815242494226328,0.9763015525838143,0.9713170088266428,0.973696783780321,0.9333333333333333,0.9160483855433372,0.9100711475722348,0.9127240936171978
176,0.002743990677346177,0.011478454333624507,,False,0.9816246611105532,0.9751837640533453,0.9714148059363542,0.9732254176356143,0.9337349397590361,0.9164055474099122,0.9104057473477292,0.9130732153356634
177,0.0027369405469758346,0.01141380658966338,,False,0.9817250727984738,0.9760878078707456,0.9715072675785454,0.973699053648203,0.9333333333333333,0.9174286983214075,0.9100259618847356,0.9133010512495061
178,0.00272144787247261,0.011416891528867774,,False,0.9819258961743147,0.9770880081223984,0.9721126710302487,0.9744915535034219,0.9329317269076305,0.9156869866887107,0.9096957721968596,0.9123569860104139
179,0.0027135006349289265,0.011488122788501344,,False,0.9819258961743147,0.9758471974546388,0.9721126710302487,0.9739088941548175,0.9333333333333333,0.9160140081476853,0.9100393057712419,0.9126811550225666
180,0.0027270945104349176,0.011416429983184047,,False,0.9818254844863942,0.9769928433676349,0.9720239949639189,0.9744010089764742,0.9325301204819277,0.9153104731169304,0.9093420400290932,0.9119977712812083
181,0.0027097848333936625,0.011403944152021641,,False,0.9820263078622352,0.9767591863436729,0.9722060417118547,0.9743920544101177,0.9321285140562249,0.9150111650597003,0.9089910452199299,0.9116312271689174
182,0.0026973957183159293,0.011460700280836032,,False,0.9821267195501556,0.976096579245507,0.9727180744819519,0.9743493870272347,0.9329317269076305,0.9157819155293923,0.9096875704387829,0.912351375267277
183,0.002691778323827593,0.011423488944267436,,False,0.9820263078622352,0.976739946535209,0.9722060417118547,0.974382097475284,0.9313253012048193,0.9142403195129565,0.9082350462952391,0.9108972921391708
184,0.0026743070598158505,0.011561631694049624,,False,0.9821267195501556,0.9761165458687224,0.9727133798666756,0.9743506345975997,0.9317269076305221,0.9146688498738575,0.9085659680239269,0.911216654010626
185,0.0026623281879538945,0.011514875086780391,,False,0.9821267195501556,0.9756690554980523,0.9727180744819519,0.9741469519050994,0.9321285140562249,0.9149063122986492,0.9089392414228273,0.9116169042162774
186,0.0026491701809933954,0.011493646919296144,,False,0.9821267195501556,0.9769091337196265,0.9727180744819519,0.9747314428950722,0.9329317269076305,0.9156898091913411,0.909669710419148,0.9123227450865049
187,0.0026469757220609616,0.011503780904465888,,False,0.9822271312380761,0.9762159714507739,0.9732301072520492,0.9746747910274208,0.9325301204819277,0.915300726533097,0.9093203968214841,0.9119917630492256
188,0.002639347457294094,0.01143306308843243,,False,0.9821267195501556,0.9764674754445833,0.9722994123934606,0.9743040662862307,0.9337349397590361,0.91635864013162,0.9104248712575171,0.9130818524377003
189,0.002637357663968627,0.011476310794238179,,False,0.9820263078622352,0.9772142684889216,0.9722060417118547,0.9746007544955424,0.9325301204819277,0.9166423490177357,0.9092885550204913,0.9125696554061804
190,0.0026226854727815583,0.011497381030895235,,False,0.9822271312380761,0.977817363758802,0.9728114451635579,0.9752030202750827,0.9325301204819277,0.9153588654183934,0.9093065210856365,0.9119602362546831
191,0.0026197556984533243,0.01152539993642851,,False,0.9822271312380761,0.9778379388245049,0.9728114451635579,0.9752129916942661,0.9333333333333333,0.9160517566120103,0.9099981530901557,0.912659143169171
192,0.0026168696686024416,0.01150948090182203,,False,0.9822271312380761,0.9765962382517342,0.9728113667666799,0.9746310687365045,0.9317269076305221,0.9145171255366523,0.9085428513478675,0.9112002573597621
193,0.002605667787530046,0.011476158332535484,,False,0.9824279546139171,0.9764070833916202,0.9734168486152611,0.9748638069300269,0.9337349397590361,0.9163967383630693,0.9104261266651855,0.9130818343001762
194,0.0025957285893346248,0.011457226429576412,,False,0.9824279546139171,0.977225918662757,0.973414180881501,0.9752517612417013,0.9329317269076305,0.917041904605553,0.9096322348805255,0.9129238005323399
195,0.0025871099297711947,0.011470128997938854,,False,0.9824279546139171,0.9764324756999075,0.973414180881501,0.9748733977077418,0.9333333333333333,0.9160251653715333,0.9099872224559604,0.912675306149244
196,0.0025863017303042156,0.011507663655666524,,False,0.9825283663018375,0.9764872538944189,0.973507473166229,0.9749499896099546,0.9333333333333333,0.9147695852525494,0.9100994063767242,0.9121332147889558
197,0.0025748965516363747,0.011417296620174084,,False,0.982628777989758,0.9773802619462822,0.9731795140255834,0.9752000030374499,0.9337349397590361,0.9177285723163321,0.9103625978313357,0.9136450699285423
198,0.0025704002456141866,0.01150889718811393,,False,0.9827291896776785,0.9770908452496487,0.9736915467956808,0.9753372009359498,0.9329317269076305,0.9156305112622812,0.9096444209223894,0.9123173129706988
199,0.0025669210293173916,0.011563496962013111,,False,0.9825283663018375,0.9761342698650116,0.973507473166229,0.974776069694919,0.9321285140562249,0.9136414833000212,0.9089001992007001,0.9109569443422222
200,0.002555473089337392,0.011502504583021586,,False,0.9827291896776785,0.9771051348607634,0.9736895199141647,0.975339155158816,0.9337349397590361,0.9163518109727633,0.9103817217411235,0.9130473056100163
201,0.002548681709634856,0.011522755285987356,,False,0.982628777989758,0.9770064892861389,0.973600843847835,0.9752477754587829,0.9337349397590361,0.9178021388849178,0.9103735199830469,0.9136483340856463
202,0.0025388549913536837,0.011518386931055776,,False,0.9827291896776785,0.976712938313772,0.9736915467956808,0.9751518158381622,0.9329317269076305,0.9156233537377787,0.9096118555630692,0.9122947077698443
203,0.002534669451485918,0.011527990103360655,,False,0.982628777989758,0.9766224756267076,0.9735981761140748,0.9750593639678079,0.9329317269076305,0.9170422552075225,0.9096118555630692,0.9129108398373058
204,0.002526984376249925,0.011546938962770134,,False,0.9827291896776785,0.9771095248862957,0.9736915467956808,0.9753391532879159,0.9333333333333333,0.9146877315293955,0.9100070784065597,0.9120631759751345
205,0.0025244997865308907,0.011425299647134034,,False,0.9829300130535195,0.9785288826457708,0.9738709258098565,0.9761031931827406,0.9337349397590361,0.9177478676484776,0.9104008456509113,0.9136897705464749
206,0.0025121297209630784,0.01150795350086687,,False,0.9830304247414399,0.9769898710257523,0.9739596018761861,0.9754252692118778,0.9337349397590361,0.9163918242976289,0.9103625893488516,0.9130415777337458
207,0.0025126615622315346,0.011451105866992953,,False,0.9829300130535195,0.9780974137452537,0.9738709258098565,0.9759045666828432,0.9333333333333333,0.9188899694970232,0.9100202221015957,0.913971448683814
208,0.0024998977087345624,0.011520875100844447,,False,0.9830304247414399,0.9769919011270447,0.9739596018761861,0.9754258200467335,0.9337349397590361,0.9151282180516347,0.9104035745270301,0.9124697032046603
209,0.0024983290758457395,0.011590953808845169,,False,0.9830304247414399,0.9766205198255437,0.9739627427721841,0.9752440216636921,0.9337349397590361,0.9151542740229872,0.9104088311834544,0.9124483955926233
210,0.0024881235362499694,0.011570946020441243,,False,0.9830304247414399,0.9769996870125267,0.9739596018761861,0.9754279701452041,0.9333333333333333,0.9160242204163505,0.9099948838822116,0.9126720857345281
211,0.0024900526735311614,0.011563526416476266,,False,0.9830304247414399,0.9769495735969179,0.9739596018761861,0.9754057727860932,0.9333333333333333,0.914812383378398,0.9100864089673397,0.9120954745649872
212,0.0024726298843236578,0.01155608175043788,,False,0.9831308364293604,0.9770418532812077,0.9740482779425158,0.9754950364292352,0.9329317269076305,0.9156604173548699,0.9096526141979818,0.9123302458063784
213,0.0024698357179233576,0.011497283046241919,,False,0.9831308364293604,0.9774617708561109,0.9740482779425158,0.9756955381340935,0.9337349397590361,0.9164662377095224,0.9104117678026226,0.9130853596378508
214,0.0024653248870828916,0.011476351121933836,,False,0.9831308364293604,0.9778815292515763,0.9740482779425158,0.9758960940426449,0.9353413654618474,0.9179228407751925,0.9118729195080737,0.9145762968059015
215,0.00246563827290272,0.011575353345153645,,False,0.9831308364293604,0.9775087265916169,0.9740482779425158,0.975712066792716,0.9337349397590361,0.9192255470314797,0.9103491563818031,0.9142805883200038
216,0.0024471069497056584,0.011591312403651787,,False,0.9831308364293604,0.977095607252805,0.9740482779425158,0.9755188965414955,0.934136546184739,0.9167801488971086,0.9107098179350093,0.9134275786050545
217,0.0024498861289445352,0.011590199103800835,,False,0.9832312481172808,0.9775771384421039,0.9741369540088455,0.9757936678450524,0.9333333333333333,0.917393397001486,0.9099923730668744,0.9132873792806124
218,0.002436720406051824,0.011495862569919626,,False,0.9832312481172808,0.9779965788929513,0.9741389808903614,0.9759961221329204,0.936144578313253,0.9214795339389893,0.9125828946589435,0.9165223242318472
219,0.002427315581556845,0.011503109577244751,,False,0.9833316598052013,0.9789018837440396,0.9742328247342054,0.9764661482597448,0.9353413654618474,0.9207270249912403,0.9118359270961669,0.9157695279193797
220,0.0024146513045914153,0.011606299308870315,,False,0.9832312481172808,0.9771410475423823,0.9741389808903614,0.975589810695894,0.9333333333333333,0.9147390546736555,0.9100485869515952,0.9120955697368685
221,0.002406570153952132,0.011539874569032754,,False,0.9832312481172808,0.9775663067139048,0.9741389808903614,0.9757933473874014,0.9337349397590361,0.9151150782053195,0.91039832635309,0.912490015402577
222,0.0024053813499235487,0.011573080729312195,,False,0.9834320714931218,0.9777700508417028,0.974321500800535,0.9759790648254598,0.9337349397590361,0.9150558774895272,0.9103625893488516,0.9124464962236013
223,0.0023969214459375757,0.011569972242418609,,False,0.9834320714931218,0.9781620354432324,0.974321500800535,0.97616900025572,0.9345381526104418,0.9171322713528678,0.9110986262774328,0.9137892101259012
224,0.0023895930572234735,0.011582794434369586,,False,0.9834320714931218,0.9777204382187874,0.974321500800535,0.9759599643038516,0.9333333333333333,0.9147282199005125,0.9100145396413405,0.9121124835229444
225,0.0023999598294774964,0.011652999457958,,False,0.9835324831810422,0.9770254930213539,0.9744147930852631,0.9756745763239825,0.9333333333333333,0.9147208273560119,0.9100416490836714,0.9120740910264316
226,0.002380898973565386,0.011631807229264634,,False,0.9835324831810422,0.9778293838068569,0.9744101768668647,0.9760548634605501,0.9325301204819277,0.9139576545487,0.909251185527379,0.9113249029805929
227,0.0023726435170244144,0.011626912999916271,,False,0.9835324831810422,0.9778494028391113,0.9744101768668647,0.9760636743481975,0.9325301204819277,0.9126968005188077,0.9092499216372263,0.9107514177611452
228,0.0023771549847836785,0.01147332711086162,,False,0.9835324831810422,0.9786551968061126,0.9744090628523829,0.9764502652567119,0.9345381526104418,0.9185549122238,0.9111099827154592,0.9144635433770149
229,0.0023668336985587057,0.01159277154684053,,False,0.9836328948689628,0.9787399985277518,0.9745023551371109,0.9765332781731045,0.9321285140562249,0.91230801177948,0.908893678654123,0.9103848147288319
230,0.002362219824504451,0.01163737823102983,,False,0.9837333065568832,0.9780314744006158,0.9745941720994387,0.9762468354547786,0.9317269076305221,0.9119446254974974,0.9085248153428405,0.9099873315540017
231,0.0023507909029338706,0.011552030752303944,,False,0.9837333065568832,0.9784181774974194,0.9745910312034406,0.9764340725154703,0.9329317269076305,0.9131039269282832,0.9096732115762198,0.9111614629705352
232,0.002345754270965021,0.011582807303707018,,False,0.9837333065568832,0.9784123867610695,0.9745961989809548,0.9764320643475091,0.9329317269076305,0.9130748734704817,0.9096610255343559,0.9111601999725774
233,0.0023381903394279167,0.011545986992248703,,False,0.9837333065568832,0.978414509125276,0.9745961989809548,0.9764326524999708,0.9333333333333333,0.9160281763412012,0.9100120203435191,0.9127095198811195
234,0.0023480479541203355,0.011493444805547455,,False,0.9837333065568832,0.9792460088331527,0.9745961989809548,0.9768234175122282,0.9337349397590361,0.9178345981589803,0.9104041063763711,0.913677963874489
235,0.0023342005419157777,0.01151431799689637,,False,0.9838337182448037,0.9789177310219601,0.9746848750472845,0.9767179494392495,0.9353413654618474,0.9239934483410478,0.9118582141683886,0.917117387610758
236,0.002324879385565493,0.011549122135702188,,False,0.9838337182448037,0.9789218955096745,0.9746848750472845,0.9767199622319238,0.934136546184739,0.9196676748625462,0.910758987906296,0.9146993974119947
237,0.002318750410343123,0.011603256791242128,,False,0.9837333065568832,0.9784239806150496,0.9745961989809548,0.9764342156299021,0.9321285140562249,0.9135773700162875,0.9089140579715793,0.9109917664154571
238,0.002316998340707404,0.011529437543636993,,False,0.9837333065568832,0.9788425409495937,0.9745961989809548,0.9766349187032264,0.9353413654618474,0.9223609007460402,0.9118447642363718,0.9164750513978945
239,0.0023086520598877423,0.011564401265521633,,False,0.9837333065568832,0.9796726454963339,0.9745961989809548,0.9770178196676125,0.9333333333333333,0.91890276867972,0.9100107649358508,0.9139419834899406
240,0.002301936285992636,0.011559386594210203,,False,0.9837333065568832,0.9788324827564967,0.9745961989809548,0.9766296198278859,0.9349397590361446,0.920385224392651,0.9114706527511492,0.9154422590180378
241,0.0022954953990756643,0.011550764117347219,,False,0.9837333065568832,0.9792480841057605,0.9745961989809548,0.9768207967217258,0.9333333333333333,0.9174177729333485,0.9100107649358508,0.9133235369136846
242,0.002295591966079562,0.011580616538685775,,False,0.9838337182448037,0.9797858013740416,0.9746848750472845,0.9771178786574405,0.9337349397590361,0.9192270013983131,0.9103426358352262,0.9143009748885168
243,0.0022865417018617705,0.011569653633098791,,False,0.9838337182448037,0.9797244545712636,0.9746848750472845,0.9770915979975021,0.9333333333333333,0.9160337337286042,0.9100351370195785,0.9127113549601782
244,0.002292860223005471,0.011674154012534636,,False,0.9838337182448037,0.9784835418994224,0.9746848750472845,0.9765113087933437,0.9325301204819277,0.9127220983976552,0.9093112861328613,0.9107794354088159
245,0.0022776676138828987,0.011647401223560656,,False,0.9837333065568832,0.9792486750772478,0.9745961989809548,0.9768220580753368,0.9329317269076305,0.9170436022936406,0.909644314876879,0.9129478494807063
246,0.0022695880641050137,0.011585549820702812,,False,0.9837333065568832,0.9792427747562922,0.9745961989809548,0.9768207900525385,0.9321285140562249,0.9163122853904887,0.908920995839503,0.9122148867042161
247,0.002266281310574691,0.011573301758128896,,False,0.9839341299327242,0.9798821993266807,0.9751969078173818,0.9774415869675619,0.9333333333333333,0.9189890289916386,0.9100165449591321,0.913980026026535
248,0.002258809789380047,0.011640739434899341,,False,0.9840345416206446,0.9795575442813944,0.9752855838837114,0.9773350136834106,0.934136546184739,0.9181951182556585,0.910758987906296,0.9140740903194435
249,0.00225699193345145,0.011629579459311687,,False,0.9839341299327242,0.9798852540975105,0.9751969078173818,0.9774392087568865,0.9333333333333333,0.9174250480970395,0.9100229509777146,0.9133230189350646
250,0.002257851022316966,0.011722926191100514,,False,0.9840345416206446,0.9783427619850864,0.9752855838837114,0.9767566934172964,0.9313253012048193,0.9115921197184238,0.9081844270615805,0.9096599556711991
251,0.0022446981425973374,0.011666484169415693,,False,0.9840345416206446,0.9795487617874432,0.9752855838837114,0.9773298151872662,0.9313253012048193,0.9156176154713351,0.9081825456586107,0.9114539282652606
252,0.0022361112099137923,0.011631025481323257,,False,0.9840345416206446,0.979547192336321,0.9752855838837114,0.9773316700018735,0.9337349397590361,0.9178351910200053,0.9103784704024905,0.913708791853861
253,0.0022317308702832347,0.011675302663220446,,False,0.9840345416206446,0.9791413255145405,0.9752855838837114,0.977139961987802,0.9317269076305221,0.9160198891153684,0.9085566571438333,0.9118408708239522
254,0.002235447672908847,0.011778336292885473,,False,0.9840345416206446,0.9775613464586923,0.9752855838837114,0.9763841160263765,0.9321285140562249,0.9136009375902123,0.9089006165220468,0.9110052414549918
255,0.0022224061733061296,0.011715256106504849,,False,0.9840345416206446,0.9791325131006864,0.9752855838837114,0.9771345403638286,0.9321285140562249,0.9136065749374258,0.9089018719297154,0.9110018426322612
256,0.0022147584021004053,0.011696731489693845,,False,0.9840345416206446,0.9787432152969401,0.9752855838837114,0.9769496904240549,0.9321285140562249,0.9149165085318293,0.9088954659111326,0.9116023810680629
257,0.0022171552347422323,0.011655823369242438,,False,0.9840345416206446,0.9795604590181747,0.9752855838837114,0.977337584244347,0.9329317269076305,0.9156669287463717,0.9096448467262204,0.9123649877407336
258,0.002206467940410202,0.01165509514015433,,False,0.9840345416206446,0.9791499428819755,0.9752855838837114,0.9771429501662018,0.9325301204819277,0.9153318595405623,0.9092805080305507,0.9119813811398613
259,0.002201031627044282,0.01165090945539037,,False,0.9840345416206446,0.9791466180273992,0.9752855838837114,0.9771425899831789,0.9329317269076305,0.9157251635048288,0.9096436888815779,0.9123621310758762
260,0.002197394014638783,0.0116258685536144,,False,0.9840345416206446,0.9795547174000383,0.9752855838837114,0.9773345807386404,0.9325301204819277,0.9167343281804459,0.9092805080305507,0.912590981076395
261,0.0021962387303597762,0.011695569331502047,,False,0.9840345416206446,0.9795783048217712,0.9752855838837114,0.9773423525728554,0.9317269076305221,0.914565636079053,0.9085219804212112,0.9112383926180443
262,0.0021932013234420766,0.011632848730230261,,False,0.9841349533085652,0.979635425350485,0.9753789545653174,0.9774259837990478,0.9337349397590361,0.9164583984866184,0.9103784704024905,0.9131041973192465
263,0.002187738353917753,0.011730773171477905,,False,0.9841349533085652,0.9796610761282653,0.9753743383469191,0.9774284868082963,0.9313253012048193,0.9142130138857915,0.908165835001134,0.9108582461364336
264,0.0021855244849582414,0.01171021758503636,,False,0.9841349533085652,0.9792716069126123,0.9753743383469191,0.977243627524785,0.9317269076305221,0.9146043530028609,0.9085444711019695,0.9112334593930191
265,0.0021740811581191146,0.011632364507405233,,False,0.9842353649964856,0.9797383146145182,0.9754676306316471,0.9775146046422027,0.9333333333333333,0.9160862712169754,0.9100165449591321,0.9127297081014739
266,0.0021704043444754012,0.011634494798689023,,False,0.9841349533085652,0.9796568839940618,0.9753789545653174,0.9774309872891711,0.9337349397590361,0.9164228425286005,0.9103675397682953,0.9131009510495495
267,0.0021641382474613044,0.01170033045931042,,False,0.9841349533085652,0.9792370608174209,0.9753789545653174,0.9772342745762967,0.9317269076305221,0.9145901545022651,0.9085399464863566,0.9112322813314554
268,0.002161143803888348,0.01167785047114597,,False,0.9843357766844061,0.9798243011366343,0.9755610013132531,0.9776078987203574,0.9325301204819277,0.915353981026279,0.9092805080305507,0.9119858212724581
269,0.0021584682972440373,0.011671075334257121,,False,0.9842353649964856,0.9797414032158923,0.9754676306316471,0.9775171825314115,0.9325301204819277,0.9152911008466434,0.909263797373074,0.9119851172260763
270,0.002157704809089754,0.011773593866126832,,False,0.9844361883723265,0.9791566958049237,0.9764916961718417,0.9777829243940851,0.9329317269076305,0.9131855108489483,0.9096744669838883,0.9111738671739354
271,0.002150730136310621,0.011744371112514132,,False,0.9843357766844061,0.9790518698324053,0.9759796634017444,0.9774624732858115,0.9325301204819277,0.9153595121106347,0.9092881694568019,0.9119803714351212
272,0.0021457046173174563,0.011699298634360939,,False,0.9843357766844061,0.9798378289359574,0.9759791902395065,0.9778355031012234,0.9317269076305221,0.9145552866421234,0.9085290158521612,0.9112296411130468
273,0.0021395207543549837,0.011678049352349092,,False,0.9843357766844061,0.9794435772671383,0.9759796634017444,0.9776471628941716,0.9329317269076305,0.915711271629069,0.909651350307829,0.9123580079526453
274,0.002142132322120897,0.011730128279986216,,False,0.9843357766844061,0.9778774394399838,0.9764030201055119,0.9771194234243813,0.9329317269076305,0.9143762021400507,0.9097005287615999,0.9117818245237339
275,0.002133461632453203,0.011767354261567579,,False,0.984536600060247,0.9788902228678312,0.976586825547793,0.9776987114937007,0.9317269076305221,0.91327674191001,0.9085572831391345,0.9106487926023258
276,0.0021792233156430222,0.011978098788849863,,False,0.984536600060247,0.9777454766788194,0.977003728941939,0.97735262661546,0.9313253012048193,0.9088583934775257,0.909896825444423,0.9091419402035813
277,0.0021286082184348203,0.011717459267670736,,False,0.9843357766844061,0.9791089364816964,0.9763978523279978,0.977705512467155,0.9317269076305221,0.9145658274897163,0.9085277604444928,0.9112287817257033
278,0.00212283531428161,0.011700473712476404,,False,0.984536600060247,0.9788443331142006,0.976586825547793,0.9776800244711689,0.9329317269076305,0.9144211467930532,0.9096732115762198,0.9117686195131982
279,0.002116361862472504,0.01167020043786567,,False,0.9846370117481675,0.9797457677818591,0.976680196229399,0.9781642488194756,0.9349397590361446,0.9175841371546805,0.911527058344856,0.9142190837414963
280,0.0021171001696636826,0.011656030676034549,,False,0.9846370117481675,0.9801447049799629,0.976680196229399,0.9783519856452734,0.9337349397590361,0.9151543677936069,0.9104296278222574,0.9125199828789327
281,0.0021101618534879662,0.011698133870780674,,False,0.9846370117481675,0.9797203967983685,0.9766796446702831,0.9781529441520607,0.9325301204819277,0.9153152588240742,0.9093072933665896,0.9119909671458704
282,0.002103840133388388,0.011695094344626894,,False,0.9846370117481675,0.9801540621512869,0.9766796446702831,0.9783555766700148,0.9325301204819277,0.9139859888811743,0.909295830883053,0.9113842949975736
283,0.0021149715186336367,0.01182674907889102,,False,0.9847374234360879,0.9794451129953126,0.976773488514127,0.9780627566720894,0.9329317269076305,0.9119800645959116,0.9096975836599478,0.9105986381281169
284,0.0020983946287821114,0.011731776380102645,,False,0.9847374234360879,0.9802331298049319,0.976770347618129,0.9784418115642194,0.9309236947791165,0.9124968085439479,0.9078185088519503,0.9099109730734612
285,0.0020949812400411346,0.011656735417646173,,False,0.9848378351240085,0.9803398745009151,0.976863718299735,0.9785447044559188,0.934136546184739,0.9168373171161807,0.9107660233372457,0.9134611339031085
286,0.002091920915600066,0.011782329968489913,,False,0.9849382468119289,0.9804536470133457,0.9769575621435789,0.9786403403990072,0.9309236947791165,0.9125305968407146,0.9078225016182218,0.9098909066700736
287,0.0020856769143204647,0.011731233699378858,,False,0.9848378351240085,0.9803226244700594,0.976863718299735,0.9785345678643176,0.9321285140562249,0.9136361039046622,0.9089326500320257,0.9110070450555044
288,0.0020810797693416624,0.011678481644657228,,False,0.9848378351240085,0.9803470260095697,0.976863718299735,0.9785447712971066,0.9337349397590361,0.9151279374548918,0.9104278405652475,0.9125050565315465
289,0.002080163794742173,0.0117215929709156,,False,0.9848378351240085,0.9803108197654962,0.976863718299735,0.978530171548122,0.9317269076305221,0.9132512321049823,0.9085667318223956,0.9106551587545128
290,0.00207311911258709,0.011657540578232945,,False,0.9848378351240085,0.9803680476642227,0.976863718299735,0.9785530479004841,0.9333333333333333,0.9147491157261598,0.9100537290800249,0.9121324033599991
291,0.00207045170170872,0.011688995244681243,,False,0.9848378351240085,0.9803565056008452,0.976863718299735,0.9785457785867199,0.9309236947791165,0.9124716893668575,0.9078294394861456,0.9099116597372985
292,0.0020645156584547285,0.01168434070591249,,False,0.9848378351240085,0.9803132848420275,0.976863718299735,0.9785293623894908,0.9325301204819277,0.9139690606110703,0.9093258854270361,0.9114009952093747
293,0.0020601018044480485,0.011732477855715857,,False,0.9848378351240085,0.9795215451545105,0.976863718299735,0.978153345511229,0.9317269076305221,0.9132427560609693,0.9085776624565908,0.9106578090097484
294,0.0020573798491104398,0.011690908133585724,,False,0.9848378351240085,0.9803432886009844,0.976863718299735,0.9785408203549619,0.9321285140562249,0.9135772087957229,0.9089274018580856,0.9110292950659146
295,0.002050411400953566,0.011715007435681367,,False,0.9849382468119289,0.9804515130577192,0.9773757510698322,0.9788634285077276,0.9317269076305221,0.9132320456080879,0.9085776624565908,0.9106568443342843
296,0.0020480437559487275,0.01166451229877752,,False,0.9849382468119289,0.9804878107785042,0.9773757510698322,0.9788785718592062,0.934136546184739,0.9154909197353187,0.9108032074581387,0.9128721532953394
297,0.002042614238445096,0.0116911379935341,,False,0.9849382468119289,0.9800486878914761,0.9773757510698322,0.978669662235114,0.9317269076305221,0.9132320456080879,0.9085776624565908,0.9106568443342843
298,0.0020408977161229407,0.011701712398623148,,False,0.9850386584998494,0.9805228408520308,0.9774691217514382,0.9789487915943652,0.9337349397590361,0.915130117518745,0.9104482198827039,0.9125179045880102
299,0.002038744182136487,0.01174640769449966,,False,0.9849382468119289,0.9804333244687347,0.9773757510698322,0.9788575651661888,0.9317269076305221,0.9132469015299479,0.9085649445653856,0.9106414565091949
300,0.00203542985734732,0.011636071812108231,,False,0.9849382468119289,0.9804767220161954,0.9773757510698322,0.9788758797537775,0.9337349397590361,0.9150945010159744,0.9104238477989761,0.9125277332389129
301,0.0020289686816488814,0.011694404621187555,,False,0.9850386584998494,0.9805204986342662,0.9774691217514382,0.9789491849752218,0.9321285140562249,0.9136210171079973,0.9089395878999496,0.9110340784405851
302,0.0020278512893147503,0.011732943363736122,,False,0.9849382468119289,0.9804814026060156,0.9773757510698322,0.9788767042803137,0.9317269076305221,0.9132143672794351,0.9085527585235218,0.9106374639098979
303,0.0020189625507048285,0.011727266298754521,,False,0.9850386584998494,0.9805327761457586,0.9774691217514382,0.9789533955822248,0.9321285140562249,0.913610306655116,0.9089395878999496,0.9110331137651211
304,0.0020154170524410843,0.011766048319222575,,False,0.9852394818756903,0.9804024136105411,0.9784931872916327,0.9794210243221853,0.9321285140562249,0.9123286217270772,0.9089395878999496,0.9104490173906754
305,0.002010840217769646,0.011740622274192813,,False,0.9851390701877698,0.98026725159476,0.9779811545215354,0.9790915311805252,0.9329317269076305,0.9130627432288035,0.9096692188099483,0.9111897069264437
306,0.0020090663514303344,0.011786008634841432,,False,0.9852394818756903,0.9804153695935438,0.9784931872916327,0.9794263369489337,0.9329317269076305,0.9130433135454376,0.9096565009187432,0.911173778588612
307,0.0020060416573343615,0.011823760541149036,,False,0.9853398935636108,0.9808742920299797,0.9785870311354766,0.9796977967717133,0.9321285140562249,0.9123629599839957,0.9089485132163533,0.9104478725317247
308,0.0020002269839450013,0.011690118132817019,,False,0.9852394818756903,0.9807846635056428,0.9784931872916327,0.979608397882259,0.9333333333333333,0.9147279052203638,0.9100497363137534,0.9121558805164091
309,0.0019976050405598887,0.011677242224962742,,False,0.9852394818756903,0.9807678051133052,0.9780718574693812,0.9793794998632666,0.9333333333333333,0.9146938503061222,0.9100400695697108,0.9121485520136711
310,0.001990751901623554,0.011739398913880511,,False,0.9854403052515313,0.9809844061991593,0.9786777340833225,0.9797986234535152,0.9329317269076305,0.9143514344996923,0.9096967361867985,0.9117751202420301
311,0.0019907819557070435,0.011701528743127698,,False,0.9854403052515313,0.980974438363484,0.9786777340833225,0.9797954283331425,0.9329317269076305,0.9156938706402536,0.9096582881757528,0.9123768866508014
312,0.0019831017060562553,0.011764957487237581,,False,0.9854403052515313,0.9809773774438825,0.9786777340833225,0.9797957915021949,0.9325301204819277,0.9139870616341644,0.9093213608114232,0.9114047289419394
313,0.0019863109185420907,0.011775442991082618,,False,0.9853398935636108,0.9808743108929107,0.9785870311354766,0.9797000357152064,0.9317269076305221,0.9120437481464827,0.9085725118456769,0.9100753041498189
314,0.0019796901574103912,0.011700120710767608,,False,0.9854403052515313,0.980979591490304,0.9786777340833225,0.9797972647946166,0.9337349397590361,0.9150946992110612,0.9104327731153798,0.9125257800332314
315,0.001971529306580169,0.01174498778063083,,False,0.9853398935636108,0.9808786958560609,0.9785838902394786,0.9797008690082115,0.9321285140562249,0.913623422576364,0.9089350632843366,0.9110395237204835
316,0.0019677709163827737,0.011791563890928967,,False,0.9853398935636108,0.9804832436615813,0.9785838902394786,0.9795085943102801,0.9313253012048193,0.9104090194687087,0.9081926203371729,0.9091336416133216
317,0.0019692386744316797,0.011726550716692949,,False,0.9854403052515313,0.9809869791786663,0.9786777340833225,0.9798010113100002,0.9329317269076305,0.913080855974829,0.9096717381077695,0.9111926317807159
318,0.001964764118752667,0.011790003091559925,,False,0.9853398935636108,0.9804669685278573,0.9785870311354766,0.979502731095321,0.9321285140562249,0.911154895898431,0.9089408433076182,0.9098774813181567
319,0.0019595938234758695,0.01175450715723303,,False,0.9856411286273722,0.9811466815129504,0.9788667866301198,0.979976031849457,0.9325301204819277,0.9139754018210908,0.9092918465992655,0.9114069811848309
320,0.0020567211285859237,0.012111417712415987,,False,0.9853398935636108,0.9801077555131733,0.9785862014230641,0.9793215256221625,0.9289156626506024,0.9082351604178657,0.9059434268102246,0.9068907341766457
321,0.0019578571309827476,0.01171684411068324,,False,0.9856411286273722,0.9815633913246992,0.9788667866301198,0.9801777250176501,0.9329317269076305,0.913093472063842,0.9096717381077695,0.9111934897673579
322,0.0019499252658373518,0.011754656143406698,,False,0.9855407169394518,0.9806844968056266,0.9787728634592737,0.979701106669882,0.9317269076305221,0.910774185397666,0.9085494036521017,0.9095084907802513
323,0.0019504854522445463,0.011812502377246906,,False,0.9856411286273722,0.9811473990841293,0.9788667866301198,0.9799766193376378,0.9313253012048193,0.9116432335150397,0.9082112123976194,0.9097057027783456
324,0.0019500275754033506,0.01170058443251775,,False,0.9855407169394518,0.9802555720238826,0.9787728634592737,0.9794946494401893,0.9337349397590361,0.9151065217831091,0.9104077750363508,0.9125193800487786
325,0.0019431494945959186,0.011772659249284135,,False,0.9856411286273722,0.981136850782951,0.9788667866301198,0.9799711344670268,0.9317269076305221,0.910770938280211,0.9085558096706843,0.9095036991839228
326,0.002000112350844095,0.012017250513720264,,False,0.9856411286273722,0.9807511545312388,0.978866708233242,0.9797821025878439,0.929718875502008,0.9089555855690339,0.9067038443050178,0.9076422763448178
327,0.0019375521150943413,0.011746044422943283,,False,0.9856411286273722,0.9811751551240933,0.9788667866301198,0.979986214812637,0.9321285140562249,0.9136042734179303,0.9089113290954605,0.9110323917873351
328,0.0019326447224876102,0.011757092272537201,,False,0.9857415403152927,0.9816419554221868,0.9789600789148479,0.980262700859472,0.9321285140562249,0.9136101896308363,0.908917735114043,0.9110350896358901
329,0.0019301460990206972,0.011762894730302773,,False,0.9855407169394518,0.9810644690773833,0.978772942786276,0.9798878521678088,0.9317269076305221,0.9132375944466001,0.908535953720085,0.9106614093584119
330,0.001928801349982927,0.011725758590874024,,False,0.9858419520032132,0.9821823904766934,0.9790533711995761,0.9805669799353597,0.9321285140562249,0.9135704585512239,0.9088991430535965,0.9110265503343243
331,0.0019234851948928668,0.011780277128962605,,False,0.9855407169394518,0.9806396570592403,0.978772942786276,0.9796821197225548,0.9321285140562249,0.9136167778994704,0.908917735114043,0.9110356036946704
332,0.0019207620184941141,0.011731437446127885,,False,0.9856411286273722,0.9815710244834883,0.978866235071004,0.9801787316810591,0.9321285140562249,0.9135935918872656,0.9088978791634437,0.9110311089450261
333,0.0019192206559839851,0.011762198664609189,,False,0.9855407169394518,0.9810568947142835,0.978772942786276,0.9798847675713755,0.9329317269076305,0.9130674353636756,0.9096582881757528,0.9111921794286191
334,0.0019141861279464581,0.011754054003743164,,False,0.9856411286273722,0.9815710244834883,0.978866235071004,0.9801787316810591,0.9317269076305221,0.9132371138642598,0.9085372176102378,0.9106606171246102
335,0.0019120243010153852,0.011741875483111612,,False,0.9855407169394518,0.9810615285215868,0.978772942786276,0.9798851551975556,0.9321285140562249,0.9135940915794067,0.9088991430535965,0.9110302608768068
336,0.0019106273826379754,0.011746816119698234,,False,0.9855407169394518,0.9810801115529926,0.978772942786276,0.9798922666885209,0.9317269076305221,0.91322987354077,0.9085250315683739,0.9106583248020422
337,0.0019079607561973122,0.011738710608178158,,False,0.9856411286273722,0.9815549872972174,0.978866235071004,0.9801717539978613,0.9325301204819277,0.9139617568697973,0.9092719906486663,0.911402840160495
338,0.0019138603765108282,0.011853760915214784,,False,0.9856411286273722,0.9811887357152587,0.978866235071004,0.979991205468149,0.9321285140562249,0.9136510413630548,0.9089119550907616,0.9110453588689312
339,0.0019034823770993116,0.011736303896760534,,False,0.9857415403152927,0.9812446865870462,0.9789595273557323,0.9800714679335838,0.9313253012048193,0.9128925027950017,0.9082075110490772,0.9103243771908343
340,0.0019018148231127814,0.011738050435097647,,False,0.9857415403152927,0.9812398868749894,0.9789595273557323,0.9800688896041121,0.9317269076305221,0.9132469249998988,0.9085436236288204,0.910663091751995
341,0.0018998338492339031,0.011745975490613535,,False,0.9856411286273722,0.9815682168452502,0.978866235071004,0.9801776602107949,0.9313253012048193,0.9128925027950017,0.9082075110490772,0.9103243771908343
342,0.0018986059244645963,0.011716349473756148,,False,0.9857415403152927,0.9816433755772714,0.9789595273557323,0.9802638305463284,0.9333333333333333,0.9146986112569577,0.9100214775092643,0.9121454608163655
343,0.0018960730479142891,0.01177668667662093,,False,0.9857415403152927,0.981250111508343,0.9789595273557323,0.9800725042965686,0.9325301204819277,0.9139863434663419,0.9092860665759842,0.9114080416254315
344,0.0018944637292274797,0.011698679862578184,,False,0.9857415403152927,0.9820607677107535,0.9789595273557323,0.9804632547158734,0.9333333333333333,0.9146986112569577,0.9100214775092643,0.9121454608163655
345,0.0018945716754572768,0.011769428085627963,,False,0.9857415403152927,0.9812615422505583,0.9789595273557323,0.980077328651944,0.9325301204819277,0.9140083867098332,0.9092860665759842,0.9114177014616749
346,0.0018918776457185593,0.011797496572045325,,False,0.9857415403152927,0.9812377899058978,0.9789595273557323,0.9800675491658587,0.9313253012048193,0.9104361922627944,0.9081752921668791,0.909138466364923
347,0.0018867334276456934,0.011726100736037448,,False,0.9858419520032132,0.9813469442980239,0.9790533711995761,0.9801674439635109,0.9329317269076305,0.9143429679585596,0.9096473660240417,0.9117825069572947
348,0.001884208890324372,0.011746395434434485,,False,0.9858419520032132,0.9813285443008088,0.9790533711995761,0.9801607243647779,0.9321285140562249,0.9136584420888665,0.9089685460566874,0.9110823485356454
349,0.0018827660187086435,0.01171990329190416,,False,0.9858419520032132,0.9813172782308567,0.9790533711995761,0.980155581241532,0.9329317269076305,0.9143559316842642,0.9096595520659057,0.9117838272831533
350,0.0018802264489933805,0.011774173448670874,,False,0.9859423636911336,0.9814345127412918,0.9791472150434198,0.9802579261441559,0.9325301204819277,0.9140083867098332,0.9092860665759842,0.9114177014616749
351,0.0018763899097875081,0.011769304042388552,,False,0.9858419520032132,0.9813276125993734,0.9790533711995761,0.9801602588417945,0.9321285140562249,0.913626886750012,0.9089055490721791,0.911042332458855
352,0.0018739241586281125,0.011752867755590018,,False,0.9859423636911336,0.9814285771972912,0.9791472150434198,0.9802553882885614,0.9325301204819277,0.9140162578180698,0.9093253208891322,0.9114408068621979
353,0.001871067201336902,0.011713202162104211,,False,0.9859423636911336,0.9814154453896108,0.9791472150434198,0.9802504751132717,0.9333333333333333,0.9147165402898969,0.9100278835278469,0.9121583415709059
354,0.0018690439234870639,0.011728311542840876,,False,0.9858419520032132,0.9813377157270463,0.9790533711995761,0.9801638431479857,0.9321285140562249,0.913626886750012,0.9089055490721791,0.911042332458855
355,0.0018659992916101327,0.011743467531452638,,False,0.9859423636911336,0.9814145136881751,0.9791472150434198,0.9802500095902883,0.9329317269076305,0.9143802558948239,0.9096659580844881,0.9117874570538772
356,0.0018634546055903319,0.011736090468930536,,False,0.9859423636911336,0.9814235535877293,0.9791472150434198,0.9802535441843498,0.9321285140562249,0.9136338319665254,0.90891321049843,0.9110369108068758
357,0.0018618850462662302,0.011761377320644884,,False,0.9859423636911336,0.9814261694226324,0.9791472150434198,0.9802539703936706,0.9321285140562249,0.9136338319665254,0.90891321049843,0.9110369108068758
358,0.001859506596270846,0.011721331513932632,,False,0.9858419520032132,0.9813237843331161,0.9790533711995761,0.9801579042581374,0.9321285140562249,0.9136135823914923,0.9089068044798475,0.9110336517175457
359,0.001856753532504604,0.01174630714520556,,False,0.9859423636911336,0.9814232445508667,0.9791472150434198,0.9802532340339682,0.9321285140562249,0.913626886750012,0.9089055490721791,0.911042332458855
360,0.0018552388722743846,0.011720361736857117,,False,0.9858419520032132,0.9813250050749949,0.9790533711995761,0.9801594862515886,0.9329317269076305,0.9143513469317814,0.9096537720426243,0.9117864433057675
361,0.0018543036078895038,0.011688079086673974,,False,0.9859423636911336,0.9814185147350726,0.9791472150434198,0.980251463373039,0.9337349397590361,0.9164188860116131,0.9103898089712055,0.9131261450208561
362,0.0018562611059286837,0.011802432938453646,,False,0.9859423636911336,0.9814596454756841,0.9791472150434198,0.9802667288727172,0.9325301204819277,0.914022882702901,0.9092860665759842,0.91141677846259
363,0.0018505496552215083,0.011731041868773957,,False,0.9858419520032132,0.9813347467217832,0.9790533711995761,0.9801635067542875,0.9321285140562249,0.913626886750012,0.9089055490721791,0.911042332458855
364,0.001847984085596159,0.011747396531555342,,False,0.9859423636911336,0.9814168711195275,0.9791472150434198,0.9802513182858255,0.9329317269076305,0.9143617820055694,0.9096550274502927,0.9117770367694482
365,0.0018468887424751151,0.01176109394056262,,False,0.9859423636911336,0.9814477115187616,0.9791472150434198,0.9802635987987214,0.9317269076305221,0.9132981342443975,0.9085758425110184,0.910705751343239
366,0.0018458965541274844,0.011775984726789774,,False,0.9859423636911336,0.9814235535877293,0.9791472150434198,0.9802535441843498,0.9325301204819277,0.914022882702901,0.9092860665759842,0.91141677846259
367,0.0018436844784655766,0.011764530948552307,,False,0.9859423636911336,0.9814195525408318,0.9791472150434198,0.9802520904015992,0.9329317269076305,0.9143701410903599,0.9096537720426243,0.9117859821566019
368,0.0018417036453254973,0.01173514971553881,,False,0.9859423636911336,0.9814333855492197,0.9791472150434198,0.9802582396674825,0.9325301204819277,0.9140246169028605,0.9093240654814636,0.9114497522493513
369,0.001842777584953611,0.011713708470542178,,False,0.9860427753790542,0.9811230349129278,0.9792405857250258,0.9801561960224805,0.9337349397590361,0.9151073613453078,0.9103955889944869,0.9125257491826608
370,0.0018403972972081083,0.011741481608878395,,False,0.9859423636911336,0.9814205714817609,0.9791472150434198,0.9802513826009385,0.9325301204819277,0.9140083867098332,0.9092860665759842,0.9114177014616749
371,0.0018379064420226295,0.011746413555439348,,False,0.9859423636911336,0.9814326086634859,0.9791472150434198,0.9802578127996586,0.9325301204819277,0.9140083867098332,0.9092860665759842,0.9114177014616749
372,0.0018365373404135425,0.011742841642142671,,False,0.9859423636911336,0.9814396467597182,0.9791472150434198,0.9802592679234488,0.9325301204819277,0.914022882702901,0.9092860665759842,0.91141677846259
373,0.001834391797178161,0.0117234856944099,,False,0.9859423636911336,0.9814258168886918,0.9791472150434198,0.9802547101791755,0.9333333333333333,0.9147363367488772,0.9100278835278469,0.9121578274242474
374,0.0018360191258128629,0.011755755410052974,,False,0.9859423636911336,0.9814128911386596,0.9791472150434198,0.9802509610594262,0.9333333333333333,0.9147494362216327,0.9100400695697108,0.9121591547915696
375,0.0018319744737502204,0.01175446202010941,,False,0.9859423636911336,0.981420836776208,0.9791472150434198,0.9802518161390776,0.9333333333333333,0.9147363367488772,0.9100278835278469,0.9121578274242474
376,0.0018303609239053147,0.011721872355549195,,False,0.9859423636911336,0.9814211848741444,0.9791472150434198,0.9802530819367387,0.9337349397590361,0.916437558762142,0.9103898089712055,0.9131256820583218
377,0.0018296253090890877,0.011768380409732975,,False,0.9860427753790542,0.981526080237497,0.9792405857250258,0.9803511734490835,0.9321285140562249,0.9136436584318969,0.9089055490721791,0.9110419812504895
378,0.0018278036513307188,0.01175649816640583,,False,0.9860427753790542,0.9815211902345765,0.9792405857250258,0.9803485147858674,0.9321285140562249,0.9136436584318969,0.9089055490721791,0.9110419812504895
379,0.0018272178248613543,0.011767698925647259,,False,0.9859423636911336,0.9814265175205689,0.9791472150434198,0.9802552361913318,0.9325301204819277,0.914022882702901,0.9092860665759842,0.91141677846259
380,0.0018251937037343869,0.011742700180404133,,False,0.9860427753790542,0.9815298733967973,0.9792405857250258,0.9803512387594312,0.9333333333333333,0.9147363367488772,0.9100278835278469,0.9121578274242474
381,0.0018238509589064856,0.011755598083562493,,False,0.9860427753790542,0.9819309052524926,0.9792405857250258,0.9805455856404198,0.9325301204819277,0.9140069092866219,0.9092809159650701,0.9114132208448549
382,0.0018235695030457426,0.011703644374113309,,False,0.9860427753790542,0.9815184311724168,0.9792405857250258,0.9803478815661217,0.9333333333333333,0.914741302688503,0.9100291389355153,0.9121568163194745
383,0.0018223146852506887,0.011750328132009042,,False,0.9861431870669746,0.9820102907709098,0.9793345088958721,0.9806335236320911,0.9329317269076305,0.9157081312998867,0.9096428414084288,0.9123810754789292
384,0.0018206497212792582,0.011745899787139929,,False,0.9860427753790542,0.9815387204996865,0.9792405857250258,0.9803554205313184,0.9325301204819277,0.9140297197991415,0.9093253208891322,0.9114493735242876
385,0.0018196767213922316,0.011764852715995084,,False,0.9861431870669746,0.9820170921492417,0.9793345088958721,0.9806343682966515,0.9329317269076305,0.914373104945139,0.9096550274502927,0.9117850661125004
386,0.001817834783559286,0.01175376671183102,,False,0.9860427753790542,0.981525437033501,0.9792405857250258,0.9803486956509704,0.9329317269076305,0.914373104945139,0.9096550274502927,0.9117850661125004
387,0.0018165434209154588,0.01173923819157369,,False,0.9861431870669746,0.982016132927036,0.9793345088958721,0.980634994453914,0.9333333333333333,0.9147363367488772,0.9100278835278469,0.9121578274242474
388,0.0018163565861077442,0.011748461756756635,,False,0.9860427753790542,0.9815281292270215,0.9792405857250258,0.9803511642945892,0.9321285140562249,0.91496600066799,0.9088946184379836,0.9116373745970583
389,0.0018142421334019143,0.011752846185748785,,False,0.9862435987548951,0.9821064047388833,0.979428352739716,0.9807268707734593,0.9325301204819277,0.9140170240910859,0.9092931020069341,0.9114146957421302
390,0.0018147816612409623,0.011776164575376459,,False,0.9861431870669746,0.9812224066453794,0.9793344295688696,0.9802506132379101,0.9321285140562249,0.912419726468268,0.9089633954457734,0.9104960371829858
391,0.0018184166405082573,0.011839032149346708,,False,0.9861431870669746,0.9816532303498955,0.9793344295688696,0.9804554310102938,0.9317269076305221,0.9133012706893062,0.9085390990132074,0.9106717307540796
392,0.0018130368936511785,0.011773171609901151,,False,0.9862435987548951,0.9821317534623799,0.979428352739716,0.9807372291213815,0.9325301204819277,0.9153475006278113,0.9092751359417888,0.912012743599878
393,0.0018085045497938461,0.011731228746886733,,False,0.9862435987548951,0.982115725559772,0.979428352739716,0.9807303197154662,0.9333333333333333,0.916074326958404,0.9100169528936514,0.9127529207465748
394,0.0018082357743204919,0.011742374272673427,,False,0.9863440104428155,0.982612228120594,0.9795217234213219,0.9810171882438805,0.9333333333333333,0.914741302688503,0.9100291389355153,0.9121568163194745
395,0.0018057787039794456,0.011782568549051582,,False,0.9863440104428155,0.9822068438425412,0.9795217234213219,0.9808221954595288,0.9329317269076305,0.914373104945139,0.9096550274502927,0.9117850661125004
396,0.0018043861408485662,0.011743544716926436,,False,0.9863440104428155,0.9822013525421119,0.9795217234213219,0.9808199623118341,0.9333333333333333,0.916074326958404,0.9100169528936514,0.9127529207465748
397,0.0018025664897672725,0.011765283926183551,,False,0.9863440104428155,0.9821937274227324,0.9795217234213219,0.9808174618722152,0.9333333333333333,0.914741302688503,0.9100291389355153,0.9121568163194745
398,0.0018003890946770619,0.011785312107629757,,False,0.9863440104428155,0.982212629272134,0.9795217234213219,0.9808245021243636,0.9329317269076305,0.914373104945139,0.9096550274502927,0.9117850661125004
399,0.0017981476702387587,0.011792733352267323,,False,0.986444422130736,0.9823225203964623,0.9800337561914192,0.9811448071875587,0.9329317269076305,0.914373104945139,0.9096550274502927,0.9117850661125004
400,0.001796226901856326,0.011764999166002404,,False,0.986444422130736,0.9819113247221899,0.9800337561914192,0.9809462595995997,0.9329317269076305,0.914373104945139,0.9096550274502927,0.9117850661125004
401,0.0017938972892166554,0.011777127599238378,,False,0.9863440104428155,0.9826234138227529,0.9795217234213219,0.9810217391236746,0.9329317269076305,0.9157309418124066,0.9096872463324909,0.9124172281583619
402,0.001791753407478078,0.01175145714340113,,False,0.986444422130736,0.9827402343002536,0.9800337561914192,0.981345327140156,0.9329317269076305,0.9157309418124066,0.9096872463324909,0.9124172281583619
403,0.0017886563026444915,0.011788877087917055,,False,0.986444422130736,0.9827453008126563,0.9800337561914192,0.9813472019509477,0.9333333333333333,0.916074326958404,0.9100169528936514,0.9127529207465748
404,0.0017884541768819838,0.011857882956241303,,False,0.986444422130736,0.9827453008126563,0.9800337561914192,0.9813472019509477,0.9317269076305221,0.9120525424671667,0.9085892839605508,0.9101242456818164
405,0.001784944001088296,0.011790972478725521,,False,0.986444422130736,0.9819327019337025,0.9800337561914192,0.980955045185635,0.9325301204819277,0.9140297197991415,0.9093253208891322,0.9114493735242876
406,0.0017818136211171609,0.011773283165741218,,False,0.986444422130736,0.9827346052428396,0.9800337561914192,0.9813430592234087,0.9329317269076305,0.9157235340674154,0.9096619653182165,0.912397233182859
407,0.0017794267305424165,0.011796962063020484,,False,0.986444422130736,0.9827337488958785,0.9800337561914192,0.9813425926417706,0.9325301204819277,0.9153698010816067,0.9093000398748577,0.9120280953262002
408,0.0017781719575144675,0.01177284687988397,,False,0.986444422130736,0.9827298972530684,0.9800337561914192,0.9813414144500836,0.9329317269076305,0.9157483207404044,0.9097063702422786,0.912433267181683
409,0.001776931741155362,0.011796009233527806,,False,0.986444422130736,0.9819113247221899,0.9800337561914192,0.9809462595995997,0.9325301204819277,0.9140385693350636,0.9093122259167219,0.911431216472192
410,0.0017742736336736405,0.01184137839602779,,False,0.986444422130736,0.9827284135717493,0.9800337561914192,0.9813403981932183,0.9313253012048193,0.9117131314051508,0.908234296385116,0.9097617357529294
411,0.001772584681010216,0.011803269261255965,,False,0.986444422130736,0.9827292699187105,0.9800337561914192,0.9813408647748564,0.9329317269076305,0.915765439051571,0.9096941842004147,0.9124271342233184
412,0.0017702988385315428,0.011820638144664818,,False,0.986444422130736,0.9823344314706439,0.9800337561914192,0.9811498972412289,0.9317269076305221,0.9146648070105736,0.9085962218284747,0.9113127073193509
413,0.0017687771121115644,0.011820410383220013,,False,0.986444422130736,0.9827233719146145,0.9800337561914192,0.9813382772055221,0.9313253012048193,0.9129579945496025,0.9082355517927846,0.9103343833734852
414,0.0017672920737101612,0.011840252552594665,,False,0.986444422130736,0.9831650817772855,0.9800337561914192,0.9815468013112757,0.9317269076305221,0.9120581347456569,0.9085974772361433,0.9101218960663007
415,0.0017645539620897693,0.011810041652939448,,False,0.986444422130736,0.9823277884894739,0.9800337561914192,0.9811471233986163,0.9317269076305221,0.9146582286296456,0.9085974772361433,0.9113029584322315
416,0.0017639629894526583,0.01183588258274629,,False,0.986444422130736,0.9827332049330969,0.9800337561914192,0.9813422040583986,0.9309236947791165,0.9139343677966926,0.9078556602842807,0.9105611072451052
417,0.0017616085122967341,0.011856943883117622,,False,0.986444422130736,0.98232880241323,0.9800337561914192,0.9811476293244817,0.9309236947791165,0.9113394452624386,0.9078556602842807,0.909380443426996
418,0.0017598899610313447,0.011841386814336654,,False,0.986444422130736,0.9831597213918912,0.9800337561914192,0.9815448530171653,0.9313253012048193,0.9117065530242228,0.9082355517927846,0.9097519868658099
419,0.0017575077689966172,0.01183026978511547,,False,0.986444422130736,0.9827272144536777,0.9800337561914192,0.9813393623440818,0.9313253012048193,0.9117065530242228,0.9082355517927846,0.9097519868658099
420,0.0017557774681608988,0.011817107259144494,,False,0.986444422130736,0.9827225843945436,0.9800337561914192,0.9813376895054601,0.9329317269076305,0.91573624655309,0.9096510346840212,0.9123812593637671
421,0.0017569696980663555,0.01185760608023357,,False,0.986444422130736,0.981512028476816,0.9800337561914192,0.9807523243316386,0.9317269076305221,0.9120767023147669,0.9086096632780072,0.9101236313720135
422,0.0017521329786279519,0.011811002572480656,,False,0.986444422130736,0.9823190503780711,0.9800337561914192,0.981143862820733,0.9325301204819277,0.9140543626180596,0.9093012952825263,0.9114133006858184
423,0.0017494974007369799,0.011825452042292536,,False,0.986444422130736,0.9831468371661375,0.9800337561914192,0.9815392667757101,0.9325301204819277,0.9153552155985444,0.9092891092406625,0.9120078104394216
424,0.0017485950385481314,0.011800927107760064,,False,0.986444422130736,0.9831650761248137,0.9800337561914192,0.981546407352063,0.9321285140562249,0.9150108219447248,0.908959402679502,0.9116721467005529
425,0.0017482061694245351,0.0118231298793083,,False,0.986444422130736,0.982721991459583,0.9800337561914192,0.9813371981466281,0.9329317269076305,0.9144343878789911,0.9096632207258851,0.9117874659092757
426,0.0017450266842285657,0.011846248256978446,,False,0.986444422130736,0.9823143921833173,0.9800337561914192,0.9811406740451089,0.9321285140562249,0.9150026222834653,0.9089271837973038,0.9116386221711001
427,0.001744101087049475,0.011850468453460342,,False,0.986444422130736,0.9819113247221899,0.9800337561914192,0.9809462595995997,0.9313253012048193,0.9117065530242228,0.9082355517927846,0.9097519868658099
428,0.0017419534151199667,0.011819415347901657,,False,0.986444422130736,0.9819161642419019,0.9800337561914192,0.9809480752915533,0.9317269076305221,0.9146582286296456,0.9085974772361433,0.9113029584322315
429,0.001740083811645435,0.011848055253131973,,False,0.986444422130736,0.9823329407795232,0.9800337561914192,0.9811488804184497,0.9325301204819277,0.9153918528992704,0.9093213281228605,0.9120455956248986
430,0.0017386219103890973,0.011823982370078805,,False,0.986444422130736,0.9819112609993026,0.9800337561914192,0.980945989156023,0.9317269076305221,0.9146582286296456,0.9085974772361433,0.9113029584322315
431,0.001738152867745673,0.011796692211898479,,False,0.986444422130736,0.9823215696014818,0.9800337561914192,0.9811439718393324,0.9329317269076305,0.9157515666109192,0.9096954396080831,0.912412514932518
432,0.0017359718939020424,0.011820739394072553,,False,0.986444422130736,0.9823343677477566,0.9800337561914192,0.9811496267976525,0.9321285140562249,0.9149991048328745,0.908959402679502,0.9116667883112177
433,0.0017341839142149837,0.011858298851457255,,False,0.986444422130736,0.9819100890981325,0.9800337561914192,0.9809454438359803,0.9317269076305221,0.9120750054624391,0.9085974772361433,0.9101214650015081
434,0.0017332600084361816,0.011844124380183993,,False,0.986444422130736,0.9819112609993026,0.9800337561914192,0.980945989156023,0.9317269076305221,0.9120767023147669,0.9086096632780072,0.9101236313720135
435,0.0017308885427256553,0.01180987508013751,,False,0.986444422130736,0.9823141704830162,0.9800337561914192,0.9811403642073545,0.9321285140562249,0.9149991048328745,0.908959402679502,0.9116667883112177
436,0.0017289042105616175,0.011838407771202725,,False,0.986444422130736,0.981914992340732,0.9800337561914192,0.9809475299715102,0.9325301204819277,0.9153801357874202,0.9093213281228605,0.9120402372355633
437,0.0017272265328640197,0.011854612546271844,,False,0.9865448338186565,0.9820236465412836,0.9801271268730252,0.9810478408458206,0.9321285140562249,0.9136795399941442,0.908959402679502,0.9110698719503257
438,0.0017261924135556826,0.011860973103452625,,False,0.9865448338186565,0.9820243594016296,0.9801271268730252,0.9810483910013283,0.9317269076305221,0.9133398196736956,0.9085974772361433,0.9107059924407463
439,0.001724815516801017,0.011824371181804773,,False,0.9865448338186565,0.9820048439692438,0.9801271268730252,0.9810406165440164,0.9325301204819277,0.9153800022715335,0.9093335141647246,0.9120438444382454
440,0.001723828723049773,0.011814970491056696,,False,0.986444422130736,0.9823181270329773,0.9800337561914192,0.9811418226545139,0.9329317269076305,0.9171498361346023,0.9096832535662193,0.9130218626813537
441,0.0017224264750426278,0.011876715230048905,,False,0.9865448338186565,0.9820111970992755,0.9801271268730252,0.9810427161810643,0.9317269076305221,0.9146731634160523,0.9085795111709979,0.9113041429855939
442,0.0017212380068068643,0.011825853608484368,,False,0.9865448338186565,0.9820144814150924,0.9801271268730252,0.9810447865723939,0.9321285140562249,0.9136932286587918,0.9089529966609194,0.9110721111250223
443,0.001719203791339611,0.011838974561674542,,False,0.9865448338186565,0.9820021169016727,0.9801271268730252,0.9810390572071975,0.9325301204819277,0.9140594224433036,0.9093213281228605,0.9114433692287152
444,0.0017182000628879826,0.011862184532575452,,False,0.9865448338186565,0.9816261787568293,0.9801271268730252,0.9808541533196199,0.9321285140562249,0.9150017851383639,0.9089658086980845,0.9116689385823435
445,0.0017185449358218098,0.011886526723560649,,False,0.9865448338186565,0.9820086685935246,0.9801271268730252,0.9810422139441217,0.9317269076305221,0.9146538806505371,0.9085795111709979,0.9112971227104241
446,0.001716158073335425,0.011821096254658166,,False,0.9865448338186565,0.982013236499967,0.9801271268730252,0.9810438497761456,0.9321285140562249,0.9149991048328745,0.908959402679502,0.9116667883112177
447,0.0017152523563833328,0.01185382264302367,,False,0.9865448338186565,0.9824065315289034,0.9801271268730252,0.9812355699146611,0.9317269076305221,0.9120261272029992,0.9085518084219285,0.910081045601721
448,0.0017145637005332901,0.011884664467595354,,False,0.9865448338186565,0.9824226105344519,0.9801271268730252,0.9812421118404338,0.9317269076305221,0.9120550481650567,0.908602619364573,0.9101205210378436
449,0.0017132845470415982,0.01180913648494112,,False,0.9865448338186565,0.9828397007508671,0.9801271268730252,0.9814413589592069,0.9321285140562249,0.9149976104265107,0.908959402679502,0.9116654084746139
450,0.001712514425617904,0.011858975515715738,,False,0.9865448338186565,0.9824260832824001,0.9801271268730252,0.9812435951512083,0.9317269076305221,0.912044923227443,0.9085974772361433,0.9101151578403616
451,0.001710882595172266,0.011818158219969488,,False,0.9865448338186565,0.9820059206672673,0.9801271268730252,0.9810405171297558,0.9321285140562249,0.9149976104265107,0.908959402679502,0.9116654084746139
452,0.0017104751174217042,0.011841189971051077,,False,0.9865448338186565,0.9820240568672095,0.9801271268730252,0.9810484346181406,0.9321285140562249,0.9136780455877805,0.908959402679502,0.9110684921137219
453,0.0017088963234705918,0.011842785112565684,,False,0.9865448338186565,0.9820028481987352,0.9801271268730252,0.9810396263094413,0.9321285140562249,0.9149976104265107,0.908959402679502,0.9116654084746139
454,0.0017077171700273636,0.011851629084885693,,False,0.9865448338186565,0.9824217541874908,0.9801271268730252,0.9812416452587956,0.9321285140562249,0.9149976104265107,0.908959402679502,0.9116654084746139
455,0.0017072777463930013,0.011833434804939973,,False,0.9865448338186565,0.9820032888028426,0.9801271268730252,0.9810396025272404,0.9321285140562249,0.9136780455877805,0.908959402679502,0.9110684921137219
456,0.0017059774490640464,0.011849660249632495,,False,0.986645245506577,0.9825047045302908,0.9802158029393548,0.9813282413080613,0.9329317269076305,0.9157519559969336,0.9097018456266657,0.9124139965739505
457,0.0017048898998997801,0.01184309768683848,,False,0.986645245506577,0.9825200494805301,0.9802158029393548,0.9813341785106642,0.9321285140562249,0.9149976104265107,0.908959402679502,0.9116654084746139
458,0.0017041131922408887,0.011844747816624476,,False,0.986645245506577,0.9825234332225169,0.9802158029393548,0.9813360173971094,0.9325301204819277,0.9153709250423875,0.9093399201833071,0.9120405476496047
459,0.001703330438173669,0.011841627939936079,,False,0.986645245506577,0.9825261193050624,0.9802158029393548,0.9813365589782792,0.9321285140562249,0.9149976104265107,0.908959402679502,0.9116654084746139
460,0.001702177802542053,0.011832946710016938,,False,0.986645245506577,0.9825209188472799,0.9802158029393548,0.9813347674475195,0.9321285140562249,0.9149976104265107,0.908959402679502,0.9116654084746139
461,0.0017012669707819135,0.011876405521867283,,False,0.986645245506577,0.9825165070510232,0.9802158029393548,0.9813331703478563,0.9317269076305221,0.912054019804683,0.9086038832547259,0.9101183398405842
462,0.0017002834570192561,0.011866580100741186,,False,0.986645245506577,0.9825173633979843,0.9802158029393548,0.9813336369294944,0.9321285140562249,0.9136871421650208,0.9089658086980845,0.9110716741139444
463,0.001699317322725194,0.011845499937658023,,False,0.986645245506577,0.9825173633979843,0.9802158029393548,0.9813336369294944,0.9321285140562249,0.915006707003751,0.9089658086980845,0.9116685904748364
464,0.0016979967776830464,0.011850555026840109,,False,0.986645245506577,0.9825054129907911,0.9802158029393548,0.9813287896279669,0.9321285140562249,0.9136780455877805,0.908959402679502,0.9110684921137219
465,0.0016964938680542757,0.011831390501020238,,False,0.986645245506577,0.9821133361609269,0.9802158029393548,0.9811376091182304,0.9321285140562249,0.9136780455877805,0.908959402679502,0.9110684921137219
466,0.0016941180616387532,0.01183598491944686,,False,0.986645245506577,0.9825152988532303,0.9802158029393548,0.9813324992077214,0.9321285140562249,0.9149976104265107,0.908959402679502,0.9116654084746139
467,0.0016926077995692856,0.011856431493062754,,False,0.986645245506577,0.9825173633979843,0.9802158029393548,0.9813336369294944,0.9329317269076305,0.914429560586679,0.9096949077587418,0.9118036535400529
468,0.0016902525687439779,0.011859226620361284,,False,0.986645245506577,0.9825097978571509,0.9802158029393548,0.9813300039952656,0.9321285140562249,0.9136871421650208,0.9089658086980845,0.9110716741139444
469,0.001688546839525019,0.011836113011426489,,False,0.986645245506577,0.982498814707345,0.9802158029393548,0.9813255330914011,0.9321285140562249,0.9149788144020674,0.9089137338652871,0.9116312962359735
470,0.0016871784287221846,0.011850976670638716,,False,0.986645245506577,0.982498814707345,0.9802158029393548,0.9813255330914011,0.9325301204819277,0.9153721840659172,0.9093118709571155,0.9120312438286972
471,0.0016868590835562752,0.011862219385495663,,False,0.986645245506577,0.9825165070510232,0.9802158029393548,0.9813331703478563,0.9317269076305221,0.914659469468011,0.9085713094129214,0.9112867761374636
472,0.001685187862728136,0.011866512134879735,,False,0.986645245506577,0.9825097978571509,0.9802158029393548,0.9813300039952656,0.9329317269076305,0.914429560586679,0.9096949077587418,0.9118036535400529
473,0.0016841819238351625,0.011865819573379857,,False,0.9867456571944975,0.9826098152032325,0.9803091736209608,0.9814265095027284,0.9321285140562249,0.9150217177085094,0.908945420898144,0.9116588367486673
474,0.0016828833186235705,0.011855626754527414,,False,0.9867456571944975,0.982610834296707,0.9803091736209608,0.9814273688508464,0.9321285140562249,0.9136930562925392,0.9089390148795614,0.9110587383875528
475,0.0016819353295957488,0.011852799787195207,,False,0.9868460688824179,0.9831100299718799,0.9803998765688067,0.981714823794404,0.9321285140562249,0.9150217177085094,0.908945420898144,0.9116588367486673
476,0.0016807853239219177,0.011845194328232044,,False,0.9868460688824179,0.9831100299718799,0.9803998765688067,0.981714823794404,0.9321285140562249,0.9150126211312694,0.9089390148795614,0.9116556547484448
477,0.0016800749815516468,0.01183226410276108,,False,0.9868460688824179,0.9830938125115171,0.9803998765688067,0.9817081212441366,0.9325301204819277,0.9153560062772664,0.9092687214407219,0.9119913473366577
478,0.001679028063806414,0.011827822026139816,,False,0.9868460688824179,0.9831130320297109,0.9803998765688067,0.9817157962544637,0.9321285140562249,0.9136930562925392,0.9089390148795614,0.9110587383875528
479,0.001677861205242377,0.011834499964641443,,False,0.9868460688824179,0.9831160226170107,0.9803998765688067,0.981717204927222,0.9321285140562249,0.9150126211312694,0.9089390148795614,0.9116556547484448
480,0.0016768393744970276,0.011857313639978806,,False,0.9868460688824179,0.983104330784713,0.9803998765688067,0.9817125161412732,0.9321285140562249,0.9124194968668493,0.9089499455137567,0.9104809931944448
481,0.0016756879076101764,0.011837585261743678,,False,0.9868460688824179,0.9831143575918888,0.9803998765688067,0.9817167337510164,0.9321285140562249,0.9150126211312694,0.9089390148795614,0.9116556547484448
482,0.0016744995451918134,0.011853543210535927,,False,0.9868460688824179,0.9831100299718799,0.9803998765688067,0.981714823794404,0.9325301204819277,0.9153780773319554,0.909318276975698,0.9120339077182703
483,0.001673100111390153,0.011849755066595757,,False,0.9868460688824179,0.983104330784713,0.9803998765688067,0.9817125161412732,0.9321285140562249,0.9150217177085094,0.908945420898144,0.9116588367486673
484,0.0016717842061530813,0.011814844481183633,,False,0.9869464805703384,0.9831943348097413,0.9804932472504126,0.9818049042990454,0.9321285140562249,0.9150126211312694,0.9089390148795614,0.9116556547484448
485,0.0016702982070732142,0.011817376730019966,,False,0.9869464805703384,0.9832063777843517,0.9804932472504126,0.9818103069402362,0.9321285140562249,0.9150018174837484,0.9089313534533103,0.911655916320281
486,0.001668235853023576,0.011826482691874482,,False,0.9869464805703384,0.9831971309947305,0.9804932472504126,0.9818066368307115,0.9325301204819277,0.9153721840659172,0.9093118709571155,0.9120312438286972
487,0.001666455248806767,0.0118179800544389,,False,0.9869464805703384,0.9832025978044493,0.9804932472504126,0.9818089064464639,0.9325301204819277,0.9153721840659172,0.9093118709571155,0.9120312438286972
488,0.0016644259028994468,0.011836056021628013,,False,0.9870468922582588,0.983300020967254,0.9805866179320186,0.9819035531761975,0.9321285140562249,0.9150126211312694,0.9089390148795614,0.9116556547484448
489,0.0016624907686471331,0.011842546131013064,,False,0.9870468922582588,0.983300020967254,0.9805866179320186,0.9819035531761975,0.9325301204819277,0.9153721840659172,0.9093118709571155,0.9120312438286972
490,0.0016615788044953381,0.01190680799360352,,False,0.9870468922582588,0.9828760124951863,0.9805866179320186,0.9817001799648369,0.9317269076305221,0.9120800163060397,0.9085822400471167,0.9101104678751759
491,0.0016581248362246039,0.011860944017403553,,False,0.9869464805703384,0.9832046602891621,0.9804933256472906,0.9818098367632503,0.9321285140562249,0.9150324296883426,0.9089364955817401,0.9116614284162049
492,0.0016539375908196327,0.011846548226880253,,False,0.9870468922582588,0.983300020967254,0.9805866179320186,0.9819035531761975,0.9325301204819277,0.9153721840659172,0.9093118709571155,0.9120312438286972
493,0.0016518031784771802,0.011877322214932054,,False,0.9869464805703384,0.9831972503584239,0.9804933256472906,0.9818055640505425,0.9317269076305221,0.9120847927374736,0.9085880200703981,0.9101099649417118
494,0.001647826103009057,0.011875679587475681,,False,0.9869464805703384,0.9828059609806419,0.9804933256472906,0.9816166621690703,0.9321285140562249,0.912394816299912,0.9089499455137567,0.9104803728120286
495,0.0016446878089165003,0.011833901489963128,,False,0.9869464805703384,0.9832026407663618,0.9804933256472906,0.9818078343281454,0.9325301204819277,0.9153721840659172,0.9093118709571155,0.9120312438286972
496,0.0016424896916995518,0.01186399379442371,,False,0.9869464805703384,0.9832083237163355,0.9804933256472906,0.9818101780050286,0.9321285140562249,0.9124138827363922,0.9089499455137567,0.9104798175473605
497,0.001640314291399891,0.011833227248589097,,False,0.9871473039461793,0.9833837808421203,0.9806773208798645,0.9819911555048725,0.9317269076305221,0.9132772984914609,0.9085694280099516,0.910687392960069
498,0.00163958180464639,0.011885199962709026,,False,0.9869464805703384,0.9836380213030258,0.9804933256472906,0.9820142940734089,0.9313253012048193,0.9116943256661971,0.9082081285618941,0.9097395760089056
499,0.0016357007556012683,0.011842552360051417,,False,0.9870468922582588,0.9837132383664888,0.9805840285951365,0.9820995909844422,0.9317269076305221,0.9132840118815033,0.9085758340285341,0.9106939636992375
500,0.0016343951057391027,0.011806424172975085,,False,0.9870468922582588,0.9841316209729806,0.9805840285951365,0.982299072703181,0.9329317269076305,0.9185782608013989,0.9096552043400276,0.9136349266805449
501,0.001648163856760251,0.011777361966201676,,False,0.9870468922582588,0.9837122131355223,0.9805840285951365,0.982099889746865,0.9329317269076305,0.9185996583915015,0.9096616103586102,0.9136473827434924
502,0.0016303724375943038,0.011873888631162568,,False,0.9870468922582588,0.9828932208288279,0.9805840285951365,0.9817061919226793,0.9309236947791165,0.9125766139293988,0.9078263471679363,0.9099509962319223
503,0.0016293137486577038,0.011846176011039416,,False,0.9870468922582588,0.9824801146369688,0.9805840285951365,0.9815070425789223,0.9313253012048193,0.9129375441138864,0.9081940526345763,0.9103175775475769
504,0.001628747410271826,0.011877331688391961,,False,0.9870468922582588,0.9824855009285814,0.9805840285951365,0.9815089988792813,0.9325301204819277,0.9127884408241851,0.9093304630175619,0.9108555843182479
505,0.001627504221201327,0.011815923722398336,,False,0.9870468922582588,0.9828719386560744,0.9805840285951365,0.9816974943347113,0.9321285140562249,0.913718136247702,0.9089486816236041,0.9110724438537932
506,0.0016259444492330325,0.011835310150367088,,False,0.9870468922582588,0.9828777100967581,0.9805840285951365,0.9816991042933617,0.9317269076305221,0.9133101213562023,0.9085745701383815,0.9106934716719333
507,0.001624683813643189,0.011835030882492352,,False,0.9870468922582588,0.9824855009285814,0.9805840285951365,0.9815089988792813,0.9317269076305221,0.9133030783179836,0.9085758340285341,0.9106934084345691
508,0.0016238732230159144,0.011848454221941404,,False,0.9870468922582588,0.9828932208288279,0.9805840285951365,0.9817061919226793,0.9313253012048193,0.9129542003326636,0.9082068646717415,0.9103265991174901
509,0.0016229760041278401,0.011783121801714728,,False,0.9870468922582588,0.9824855009285814,0.9805840285951365,0.9815089988792813,0.9317269076305221,0.9145939839019235,0.9085572419680877,0.9112863871714898
510,0.0016214141255164597,0.01182953673474503,,False,0.9870468922582588,0.9828932208288279,0.9805840285951365,0.9817061919226793,0.9317269076305221,0.9133030783179836,0.9085758340285341,0.9106934084345691
511,0.0016199516481566823,0.011838409629142035,,False,0.9870468922582588,0.9824796433551803,0.9805840285951365,0.9815066123994856,0.9317269076305221,0.9132954667445152,0.908536571232902,0.9106617569493954
512,0.0016188696837495643,0.011805466510346413,,False,0.9870468922582588,0.9824688091101201,0.9805840285951365,0.9815020600479922,0.9317269076305221,0.9133323473458073,0.9085745701383815,0.9106935233704679
513,0.0016157914078924166,0.011820197274308077,,False,0.9870468922582588,0.9828872260415333,0.9805840285951365,0.9817037707287748,0.9309236947791165,0.9125610892578067,0.9078263471679363,0.9099519740891577
514,0.0016142396103456219,0.011802338220678929,,False,0.9870468922582588,0.9824688091101201,0.9805840285951365,0.9815020600479922,0.9321285140562249,0.9149830738192529,0.9088920906576781,0.9116342054664024
515,0.0016116690843237657,0.011817376244188599,,False,0.9870468922582588,0.9824855009285814,0.9805840285951365,0.9815089988792813,0.9313253012048193,0.9116891980700639,0.9082004586531589,0.9097412340143486
516,0.0016101240171491644,0.011789023378088286,,False,0.9870468922582588,0.9824980973244168,0.9805840285951365,0.9815139924849979,0.9321285140562249,0.9150006282214562,0.9089377594718928,0.9116683077823211
517,0.0016083399975013318,0.011799285236496173,,False,0.9870468922582588,0.9824796433551803,0.9805840285951365,0.9815066123994856,0.9317269076305221,0.9133125566611908,0.9085301652143194,0.9106643983999331
518,0.0016067065817325428,0.011808337488708907,,False,0.9870468922582588,0.9828998203141691,0.9805840285951365,0.9817090369642756,0.9317269076305221,0.9132928695694817,0.908536571232902,0.910669425163094
519,0.0016048199097730424,0.011803973947371323,,False,0.9870468922582588,0.982887537339254,0.9805840285951365,0.9817041210717016,0.9321285140562249,0.9136699101770217,0.9089030212918734,0.9110379565538191
520,0.0016034204659562444,0.011787936719902086,,False,0.9870468922582588,0.982887537339254,0.9805840285951365,0.9817041210717016,0.9313253012048193,0.9129412017364379,0.9081496477105142,0.9102891246579929
521,0.0016021630874624283,0.011789358730252547,,False,0.9870468922582588,0.9828945434536427,0.9805840285951365,0.9817073622188617,0.9317269076305221,0.9133031875000087,0.9085225037880682,0.9106677200916445
522,0.0016007627498742908,0.011786621970393924,,False,0.9870468922582588,0.9832959893536716,0.9805840285951365,0.9819009723710247,0.9321285140562249,0.9149845144451818,0.908884429231427,0.911635417305837
523,0.001602078593167097,0.011739341536548644,,False,0.9870468922582588,0.9837140518637632,0.9805840285951365,0.9821003001875552,0.9333333333333333,0.9161128688309645,0.9100080275772476,0.9127511096148706
524,0.0015994101667048397,0.011767272515026576,,False,0.9870468922582588,0.9828781351133659,0.9805840285951365,0.9817003730159841,0.9329317269076305,0.915719153305931,0.9096403221106075,0.9123811008866686
525,0.0015984703230725811,0.01179989282613424,,False,0.9870468922582588,0.9828898679016125,0.9805840285951365,0.9817054227799843,0.9325301204819277,0.9140194499884099,0.9092835387956786,0.9114213370652481
526,0.0015973560698849202,0.011791276260040354,,False,0.9870468922582588,0.9828840103282113,0.9805840285951365,0.9817030363001885,0.9325301204819277,0.9140194499884099,0.9092835387956786,0.9114213370652481
527,0.00159700820971802,0.011810903343105512,,False,0.9870468922582588,0.9828995090164485,0.9805840285951365,0.9817086866213486,0.9325301204819277,0.9153680368166339,0.9092713527538147,0.9120137092634454
528,0.001595729615254175,0.011768872178618524,,False,0.9870468922582588,0.982887537339254,0.9805840285951365,0.9817041210717016,0.9321285140562249,0.9136432280414974,0.9088978791634437,0.9110374563098548
529,0.0015951321614597978,0.011775112525038762,,False,0.9870468922582588,0.982887537339254,0.9805840285951365,0.9817041210717016,0.9329317269076305,0.915719153305931,0.9096403221106075,0.9123811008866686
530,0.0015943802238041357,0.011787359635988263,,False,0.9870468922582588,0.9824743907357762,0.9805840285951365,0.9815046498011353,0.9329317269076305,0.9144089293642396,0.909658914171054,0.9117879805976911
531,0.0015941854018636124,0.011752935344608867,,False,0.9870468922582588,0.9828831590462104,0.9805840285951365,0.9817026708451676,0.9325301204819277,0.9140149116040533,0.9092719906486663,0.9114103998302046
532,0.001593163475136684,0.011780502967596427,,False,0.9870468922582588,0.982887537339254,0.9805840285951365,0.9817041210717016,0.9321285140562249,0.9136432280414974,0.9088978791634437,0.9110374563098548
533,0.0015929655686692057,0.011769163371286334,,False,0.9870468922582588,0.9833022954386867,0.9805840285951365,0.9819037439078563,0.9333333333333333,0.9160947278659235,0.9100208396144127,0.9127568154376946
534,0.0015920930664005027,0.01177498355736837,,False,0.9870468922582588,0.9824743907357762,0.9805840285951365,0.9815046498011353,0.9321285140562249,0.9136642468180405,0.9088978791634437,0.9110375625456126
535,0.0015915445483193078,0.011787252278958393,,False,0.9870468922582588,0.9828932208288279,0.9805840285951365,0.9817061919226793,0.9325301204819277,0.9140356017427934,0.9092783966672489,0.9114128362875528
536,0.001591089715665703,0.011783758891884573,,False,0.9870468922582588,0.9828932208288279,0.9805840285951365,0.9817061919226793,0.9329317269076305,0.9157408928941879,0.9096454642390372,0.9123871919898693
537,0.0015904308678575641,0.011786170566824287,,False,0.9870468922582588,0.9828932208288279,0.9805840285951365,0.9817061919226793,0.9329317269076305,0.9157336685478916,0.9096454642390372,0.9123869729837263
538,0.0015899705561377411,0.01176023695891088,,False,0.9870468922582588,0.9824858122263022,0.9805840285951365,0.9815093492222083,0.9321285140562249,0.9149845144451818,0.908884429231427,0.911635417305837
539,0.0015891942223247855,0.01176129819084726,,False,0.9870468922582588,0.9828818358817953,0.9805840285951365,0.9817017733748905,0.9325301204819277,0.9153455737632137,0.9092598046068024,0.912005259759805
540,0.0015887843462861814,0.011790489718346408,,False,0.9870468922582588,0.9828935321265485,0.9805840285951365,0.9817065422656063,0.9329317269076305,0.9143996064905038,0.909658914171054,0.9117892309938873
541,0.001588187707932483,0.011759788564274938,,False,0.9870468922582588,0.9828815245840747,0.9805840285951365,0.9817014230319635,0.9325301204819277,0.9153455737632137,0.9092598046068024,0.912005259759805
542,0.001587660836819599,0.01177279568303599,,False,0.9870468922582588,0.9824740794380555,0.9805840285951365,0.9815042994582082,0.9329317269076305,0.9143923821442073,0.909658914171054,0.9117890119877443
543,0.0015871299230755575,0.01175880966434333,,False,0.9870468922582588,0.982887537339254,0.9805840285951365,0.9817041210717016,0.9333333333333333,0.9160947278659235,0.9100208396144127,0.9127568154376946
544,0.0015869201628265432,0.011756202351987087,,False,0.9870468922582588,0.9828764276860489,0.9805840285951365,0.98169949916765,0.9325301204819277,0.9153455737632137,0.9092598046068024,0.912005259759805
545,0.0015862047830825815,0.011759756720838163,,False,0.9870468922582588,0.9828818358817953,0.9805840285951365,0.9817017733748905,0.9321285140562249,0.9136432280414974,0.9088978791634437,0.9110374563098548
546,0.001585685137473798,0.011767132474557107,,False,0.9870468922582588,0.982887537339254,0.9805840285951365,0.9817041210717016,0.9325301204819277,0.9140356017427934,0.9092783966672489,0.9114128362875528
547,0.0015852788619414217,0.011781180113237807,,False,0.9870468922582588,0.982887537339254,0.9805840285951365,0.9817041210717016,0.9325301204819277,0.914020773076946,0.9092783966672489,0.9114130014594495
548,0.0015849181170592575,0.011798467450157803,,False,0.9870468922582588,0.9828872260415333,0.9805840285951365,0.9817037707287748,0.9329317269076305,0.9131588247179381,0.909658914171054,0.9112047122153855
549,0.0015841361071287188,0.011770304693348168,,False,0.9870468922582588,0.9828872260415333,0.9805840285951365,0.9817037707287748,0.9333333333333333,0.9161019522122198,0.9100208396144127,0.9127570344438374
550,0.0015837644515545922,0.011770822143917123,,False,0.9870468922582588,0.9828815245840747,0.9805840285951365,0.9817014230319635,0.9325301204819277,0.9140373202969783,0.9092783966672489,0.9114119700693961
551,0.0015835270995958632,0.011779906836292993,,False,0.9870468922582588,0.982887537339254,0.9805840285951365,0.9817041210717016,0.9321285140562249,0.9124091873841755,0.9088978791634437,0.9104546482732159
552,0.0015827523236903271,0.011766077979029307,,False,0.9870468922582588,0.9828935321265485,0.9805840285951365,0.9817065422656063,0.9321285140562249,0.9136642468180405,0.9088978791634437,0.9110375625456126
553,0.001582461561540701,0.011779282357863324,,False,0.9870468922582588,0.9824740794380555,0.9805840285951365,0.9815042994582082,0.9329317269076305,0.9143996064905038,0.909658914171054,0.9117892309938873
554,0.0015816747003884219,0.011771181164355765,,False,0.9870468922582588,0.9828872260415333,0.9805840285951365,0.9817037707287748,0.9325301204819277,0.914020773076946,0.9092783966672489,0.9114130014594495
555,0.0015817164068702414,0.011728476780228961,,False,0.9870468922582588,0.9828887047822907,0.9805840285951365,0.9817049798079418,0.9329317269076305,0.9157172573257694,0.909633916092025,0.9123782032801547
556,0.0015808922524579727,0.011743457297492994,,False,0.9870468922582588,0.9824688091101201,0.9805840285951365,0.9815020600479922,0.9325301204819277,0.9153620594806304,0.9092649467352322,0.9120109624554316
557,0.00158016715061955,0.011743169854713329,,False,0.9870468922582588,0.9828815245840747,0.9805840285951365,0.9817014230319635,0.9329317269076305,0.9157231187986622,0.9096403221106075,0.9123808049093997
558,0.0015799298147756706,0.011786364520632846,,False,0.9870468922582588,0.9828872260415333,0.9805840285951365,0.9817037707287748,0.9325301204819277,0.9127822608631134,0.9092783966672489,0.9108290557969995
559,0.001579081215771713,0.011751396519701886,,False,0.9870468922582588,0.9824740794380555,0.9805840285951365,0.9815042994582082,0.9329317269076305,0.9157231187986622,0.9096403221106075,0.9123808049093997
560,0.0015784308577260558,0.01175166104111765,,False,0.9870468922582588,0.9828872260415333,0.9805840285951365,0.9817037707287748,0.9329317269076305,0.9157231187986622,0.9096403221106075,0.9123808049093997
561,0.001578215579844133,0.011786143860533184,,False,0.9870468922582588,0.9824796433551803,0.9805840285951365,0.9815066123994856,0.9329317269076305,0.9131588247179381,0.909658914171054,0.9112047122153855
562,0.0015763464847763958,0.011730425322745671,,False,0.9870468922582588,0.9828887047822907,0.9805840285951365,0.9817049798079418,0.9325301204819277,0.9153455737632137,0.9092598046068024,0.912005259759805
563,0.0015756774129256693,0.011761932125883487,,False,0.9870468922582588,0.9828872260415333,0.9805840285951365,0.9817037707287748,0.9325301204819277,0.9140356017427934,0.9092783966672489,0.9114128362875528
564,0.0015735230107514488,0.011697812331198154,,False,0.9870468922582588,0.9828920244289073,0.9805840285951365,0.9817059910364774,0.9325301204819277,0.9153455737632137,0.9092598046068024,0.912005259759805
565,0.0015729017960579405,0.01174199728475534,,False,0.9870468922582588,0.9828872260415333,0.9805840285951365,0.9817037707287748,0.9329317269076305,0.9157408928941879,0.9096454642390372,0.9123871919898693
566,0.0015692849819010151,0.011704488956084249,,False,0.9871473039461793,0.9821781357472847,0.9806773992767425,0.9814078798321848,0.9325301204819277,0.9127818592893154,0.9092719906486663,0.9108275380270895
567,0.001572355795391918,0.011805159409575805,,False,0.9870468922582588,0.9824835879894496,0.9805840285951365,0.9815086523507214,0.9329317269076305,0.9131776870337445,0.909644932389696,0.9111948571695865
568,0.0015760367804926753,0.011666353568460783,,False,0.9871473039461793,0.9825899916832463,0.9806773992767425,0.981607832216703,0.9329317269076305,0.9143828853878774,0.909633916092025,0.9117862003479986
569,0.0015956286828542159,0.011632795781168654,,False,0.9871473039461793,0.9826003277303946,0.9806773992767425,0.9816123006846605,0.9333333333333333,0.913485562227988,0.9100214775092643,0.911576236597373
570,0.001562872912524136,0.011742072970188474,,False,0.9871473039461793,0.9825744963893731,0.9806773992767425,0.9816009990070315,0.9337349397590361,0.9164541378551778,0.9103758271898477,0.9131135389476489
571,0.0015621520616244647,0.011728906105711744,,False,0.9871473039461793,0.9825690092672651,0.9806773992767425,0.9815986854527687,0.9325301204819277,0.9153455737632137,0.9092598046068024,0.912005259759805
572,0.0015615761228295114,0.011751646541846399,,False,0.9871473039461793,0.9829879968066487,0.9806773992767425,0.9818005791273967,0.9333333333333333,0.9160895431998204,0.9100017157046251,0.9127402224791464
573,0.0015609686584693845,0.011732749773250329,,False,0.9871473039461793,0.9829834834302571,0.9806773992767425,0.9817990555914871,0.9329317269076305,0.9143739480147364,0.9096333842426838,0.911769447830621
574,0.001560205453359815,0.011761937282122117,,False,0.9871473039461793,0.9825744963893731,0.9806773992767425,0.9816009990070315,0.9333333333333333,0.9147517921334616,0.9100139017464889,0.9121457354976987
575,0.0015640460113024342,0.01171646651626619,,False,0.9871473039461793,0.9821748162519055,0.9806773992767425,0.9814069084357909,0.9321285140562249,0.9136432280414974,0.9088978791634437,0.9110374563098548
576,0.001559683954442943,0.011721085495625056,,False,0.9871473039461793,0.9829834834302571,0.9806773992767425,0.9817990555914871,0.9333333333333333,0.9174725653650593,0.9099767176255958,0.9133430296572139
577,0.001558701931565181,0.01176395180856607,,False,0.9871473039461793,0.9829820790757261,0.9806773992767425,0.9817981573363205,0.9337349397590361,0.916463654685043,0.9103758271898477,0.913114333964369
578,0.001558362005706501,0.011775212563389457,,False,0.9871473039461793,0.9829820790757261,0.9806773992767425,0.9817981573363205,0.9333333333333333,0.9147613089633269,0.9100139017464889,0.9121465305144189
579,0.001557730065152133,0.011750395667930185,,False,0.9871473039461793,0.9829820790757261,0.9806773992767425,0.9817981573363205,0.9337349397590361,0.916463654685043,0.9103758271898477,0.913114333964369
580,0.0015572097516145288,0.011744539065746445,,False,0.9871473039461793,0.9829834834302571,0.9806773992767425,0.9817990555914871,0.9325301204819277,0.9140010919371824,0.9092528667388786,0.911392799996346
581,0.0015568236318707154,0.011759596025656795,,False,0.9871473039461793,0.9825638154739832,0.9806773992767425,0.9815964454137949,0.9333333333333333,0.9147613089633269,0.9100139017464889,0.9121465305144189
582,0.001556383955724989,0.01175303810231648,,False,0.9871473039461793,0.9825690092672651,0.9806773992767425,0.9815986854527687,0.934136546184739,0.9182357527949134,0.9107377526332061,0.9140965237087629
583,0.0015559640107871292,0.011749503598501963,,False,0.9871473039461793,0.9829834834302571,0.9806773992767425,0.9817990555914871,0.9337349397590361,0.9178546268977872,0.910357235129401,0.913719718163748
584,0.0015555388507063025,0.011732583765908813,,False,0.9871473039461793,0.9829728376365046,0.9806773992767425,0.981794509833395,0.9337349397590361,0.9178546268977872,0.910357235129401,0.913719718163748
585,0.0015551118755042096,0.011750627955032423,,False,0.9871473039461793,0.9829711227521913,0.9806773992767425,0.9817935341905256,0.9325301204819277,0.9140176391572145,0.9092528667388786,0.9113917686062928
586,0.001554790284536467,0.011757718058310154,,False,0.9871473039461793,0.9829711227521913,0.9806773992767425,0.9817935341905256,0.9337349397590361,0.916463654685043,0.9103758271898477,0.913114333964369
587,0.0015542345702864507,0.011760863766974643,,False,0.9871473039461793,0.9829764544132842,0.9806773992767425,0.9817958090265242,0.9333333333333333,0.9147732941410575,0.9100139017464889,0.9121443499977365
588,0.0015538259805771572,0.011741200637397016,,False,0.9871473039461793,0.9829820790757261,0.9806773992767425,0.9817981573363205,0.9337349397590361,0.9178546268977872,0.910357235129401,0.913719718163748
589,0.0015535915459844439,0.011765340018887824,,False,0.9871473039461793,0.9829820790757261,0.9806773992767425,0.9817981573363205,0.9329317269076305,0.9143944607274999,0.9096333842426838,0.9117681204632988
590,0.0015529996182776788,0.011749971923265259,,False,0.9871473039461793,0.9829711227521913,0.9806773992767425,0.9817935341905256,0.9337349397590361,0.916463654685043,0.9103758271898477,0.913114333964369
591,0.001553012221932703,0.011775176018277784,,False,0.9871473039461793,0.9829820790757261,0.9806773992767425,0.9817981573363205,0.9329317269076305,0.914400249645295,0.9096385263711135,0.9117766880604508
592,0.0015527252334704708,0.01173353307349069,,False,0.9871473039461793,0.9829728376365046,0.9806773992767425,0.981794509833395,0.9325301204819277,0.9140010919371824,0.9092528667388786,0.911392799996346
593,0.0015519555030613292,0.011748627192096605,,False,0.9871473039461793,0.9829764544132842,0.9806773992767425,0.9817958090265242,0.934136546184739,0.9182357527949134,0.9107377526332061,0.9140965237087629
594,0.0015516348673236754,0.011727078932798153,,False,0.9871473039461793,0.9829820790757261,0.9806773992767425,0.9817981573363205,0.9333333333333333,0.917475535768769,0.9099767176255958,0.9133427931906901
595,0.001552322820365543,0.011714497025614144,,False,0.9871473039461793,0.9829834834302571,0.9806773992767425,0.9817990555914871,0.9337349397590361,0.9178429357354297,0.9103508291108184,0.9137152611852242
596,0.001550950561533552,0.01175964946451022,,False,0.9871473039461793,0.9825690092672651,0.9806773992767425,0.9815986854527687,0.9325301204819277,0.9140095433939717,0.9092580088673083,0.9114026260574849
597,0.0015506887114952526,0.011753204919829969,,False,0.9871473039461793,0.9829834834302571,0.9806773992767425,0.9817990555914871,0.9325301204819277,0.9140176391572145,0.9092528667388786,0.9113917686062928
598,0.0015501319442732917,0.011751072468627707,,False,0.9871473039461793,0.9829820790757261,0.9806773992767425,0.9817981573363205,0.934136546184739,0.9182357527949134,0.9107377526332061,0.9140965237087629
599,0.0015509919980021569,0.011713927946183325,,False,0.9871473039461793,0.9829780142288302,0.9806773992767425,0.9817967459999548,0.9337349397590361,0.9178429357354297,0.9103508291108184,0.9137152611852242
600,0.001550654917770848,0.011709015611358769,,False,0.9871473039461793,0.9829728376365046,0.9806773992767425,0.981794509833395,0.9337349397590361,0.9178429357354297,0.9103508291108184,0.9137152611852242
