epoch,mse,validation_mse,accuracy,converged,training_accuracy,training_macro_precision_present,training_macro_recall_present,training_macro_f1_present,validation_accuracy,validation_macro_precision_present,validation_macro_recall_present,validation_macro_f1_present
0,0.27752728370681806,0.28004008093202476,,False,0.11015162164875991,0.0919962531650494,0.11625109845496838,0.08575409873142074,0.10441767068273092,0.09712462635848775,0.10716887157611227,0.08373246294608572
1,0.07759048408822972,0.07751593038492328,,False,0.3656993674063661,0.2517301648821742,0.3220254140463351,0.2207871045363684,0.37269076305220883,0.2865699444191787,0.32783114903722305,0.22841757148115238
2,0.06345689102039212,0.0630043838206398,,False,0.5379054121899789,0.43299320491835114,0.4797779973217102,0.4107622603173399,0.5369477911646586,0.43439810437886905,0.478775908461927,0.4100894007113258
3,0.0505456768385841,0.05073268474522476,,False,0.650868561100512,0.5644433285725952,0.5842090478056278,0.5386635885066382,0.6506024096385542,0.5693853972049557,0.5836724179194237,0.5380937613377954
4,0.03809473115358641,0.03843959432179493,,False,0.7604177126217492,0.6754852980509249,0.6869188379406288,0.6727682253572417,0.7606425702811245,0.675562666705705,0.6868691940695291,0.6720100870849907
5,0.03195722451038412,0.032450408947333115,,False,0.8074103825685309,0.7186389501601629,0.7307775986844188,0.7201807055121452,0.802008032128514,0.8028745624344931,0.7255508509123684,0.7151284826314366
6,0.02813708305898639,0.028606091132577893,,False,0.8386384175117984,0.7439483676629002,0.7602065359444957,0.7517465110622692,0.8321285140562249,0.830125276394006,0.753835946292988,0.7454820996679064
7,0.02580300055623375,0.02637136714606525,,False,0.8538005823877899,0.7578406558979823,0.7744451551084631,0.7657767797237169,0.8485943775100402,0.8469869682983002,0.769501436879309,0.7608291461033141
8,0.02389318990418265,0.024722991887592204,,False,0.8647454563711215,0.8635456545406912,0.7845152617085928,0.7757121059164391,0.857429718875502,0.8561016697449781,0.7776270191808634,0.7688961401862253
9,0.02287833028340186,0.023917014824549394,,False,0.8683602771362586,0.8704246238969247,0.7879212876455565,0.7786583862550187,0.8570281124497992,0.8596699562657223,0.7772637503345715,0.7684026677852642
10,0.021260342739074657,0.022578884471921662,,False,0.8793051511195903,0.8785870007739707,0.7978722050143489,0.7889682039780828,0.8578313253012049,0.8570545191357593,0.7778933041293492,0.7691775786386277
11,0.02034391584555776,0.02175004646015283,,False,0.8833216186364092,0.882798833716091,0.8017700826913893,0.7926821660519813,0.8710843373493976,0.8707679552667489,0.7903641380953693,0.7813951013767564
12,0.01947700974212093,0.020986360879034667,,False,0.8898483783512401,0.8897377239739375,0.8077754367067304,0.7988810942470349,0.8755020080321285,0.8750483041673587,0.7945159297030108,0.7856707878451714
13,0.018731824996847713,0.02039670022081801,,False,0.89195702379757,0.8915518094136266,0.8097316395750035,0.8005240536599885,0.880722891566265,0.8937241934633201,0.8011495298680253,0.7942069120706386
14,0.018029027436733,0.01989456537642088,,False,0.8945677276835023,0.8940132986867539,0.8120440077773968,0.8029471933531719,0.8839357429718876,0.8962219224842768,0.8039313873235054,0.7971335957405219
15,0.017476099993497682,0.019403322322886885,,False,0.8981825484486394,0.7981269804192946,0.8154616121086843,0.80639611935678,0.8863453815261044,0.8984544522358667,0.80625754771677,0.7994273396975392
16,0.017118822758799408,0.019190227210874333,,False,0.8986846068882418,0.7990290262559615,0.8158063159708315,0.8065321539097825,0.8899598393574297,0.9028442053336394,0.8094572992499436,0.8024998170007916
17,0.016501547943657296,0.01868075508904594,,False,0.9023998393412993,0.9128956153942277,0.8196797788554534,0.8111762661576541,0.8911646586345382,0.9029518289014169,0.8105806838563914,0.8037685423532981
18,0.016077118163852093,0.018231969931180095,,False,0.9052113666030726,0.9153906429508307,0.8231937182621328,0.8156766445350888,0.8955823293172691,0.9066382371636603,0.8147566643877933,0.8078848847099813
19,0.01568551214940154,0.01797469585997668,,False,0.9067175419218797,0.9166657830317261,0.8254119683968049,0.8188766833766715,0.8939759036144578,0.9050203933234465,0.813260139120194,0.8062817353532671
20,0.015470989364835057,0.017843803339466092,,False,0.9080228938648459,0.906013809061772,0.8278379665171354,0.8229247971124293,0.893574297188755,0.9051479639534639,0.814577479085831,0.8097539915481454
21,0.014982799897409464,0.01742541204992526,,False,0.9109348328145396,0.8890768296151664,0.8313783510930541,0.827332949380983,0.8963855421686747,0.9072632617520827,0.8172260137857152,0.812304789726181
22,0.01466959179853759,0.01721765590639217,,False,0.9130434782608695,0.8992699078649271,0.8354007590699872,0.8333982878715572,0.8975903614457831,0.8809361373557739,0.8199962240315748,0.8167973545541661
23,0.014518337331846817,0.017068773480834493,,False,0.9137463600763129,0.9023686324052996,0.8368295285552997,0.8358664978622967,0.8979919678714859,0.8812271304140122,0.8203383232931959,0.8173457255552468
24,0.0140959703334869,0.01677125083044835,,False,0.9164574756501657,0.8960550095460843,0.8435172013535903,0.8456930915156138,0.8971887550200803,0.8600706032662688,0.8229630371706755,0.8227216014687158
25,0.013866042778331807,0.016597140993906804,,False,0.9183652977206547,0.9027572136463439,0.8457832560407824,0.8483321567729695,0.8995983935742972,0.8739998643400755,0.8270084660205419,0.8282458015488072
26,0.013539071734739314,0.01628975705904365,,False,0.920976001606587,0.909227222597964,0.849474610453968,0.8528919750852885,0.9004016064257028,0.8747049072367435,0.827768348248928,0.8288865864942584
27,0.01329226560732569,0.016176716644630117,,False,0.9235867054925193,0.9065137977753888,0.8606747031602254,0.8681018039152333,0.9004016064257028,0.8695781094954379,0.8311377419335128,0.8341771580903391
28,0.013074139755523618,0.015932281616687426,,False,0.9232854704287579,0.9076983215404495,0.8579126564504542,0.8644614403644173,0.9056224899598394,0.8941489890220153,0.8360045766256975,0.839686029587683
29,0.012810213024705553,0.015765749153801658,,False,0.9254945275630083,0.9097529157244089,0.8641194244504578,0.8721880974099927,0.9040160642570281,0.8783828628900037,0.8343968506291717,0.8377116850294093
30,0.01269326610028967,0.01570073029696742,,False,0.9252937041871674,0.9147242361942687,0.8663695913908577,0.8757661852509931,0.9028112449799197,0.8835347634476408,0.8332464703643783,0.8369062066117064
31,0.012376648112744306,0.015511662415096212,,False,0.9295109950798273,0.9159041492754185,0.8744269763956422,0.8841687352249713,0.9052208835341365,0.8821041289471304,0.8405014938172962,0.8463176268110474
32,0.012206326571202223,0.015324120409232355,,False,0.930715935334873,0.9188501499485083,0.8760467520153559,0.8860234292504456,0.9080321285140562,0.8870905534626217,0.8415411147180643,0.8466596555176124
33,0.011974599295443254,0.01516522857519399,,False,0.9315192288382368,0.9211287186448465,0.8775718622181716,0.8878836681075288,0.9076305220883534,0.8869732134546932,0.8411247541645105,0.8463304913184869
34,0.011856758484189045,0.015126162180842598,,False,0.9332262275328849,0.9212620531535785,0.8833113251240822,0.8936813553207171,0.9100401606425703,0.8949050164667928,0.8534060260165429,0.8621442516935025
35,0.011580104317123774,0.014875838688544113,,False,0.9346319911637715,0.9231544059373922,0.8829534680308698,0.8934435810117662,0.9100401606425703,0.898121429778093,0.8534468144203173,0.8627439187703544
36,0.011412254641864478,0.014718155393223952,,False,0.9353348729792148,0.9234103678384865,0.88446074292568,0.8949346360165552,0.9108433734939759,0.8972219514112201,0.8575580479914942,0.8671661684656162
37,0.0113290519372075,0.014644680335379287,,False,0.9348328145396124,0.9246239325756022,0.885721080448141,0.8965149873872635,0.9124497991967871,0.8975988862918337,0.857371420565437,0.8666096870994683
38,0.01108996967112693,0.014535880701847173,,False,0.9374435184255447,0.9273017369436172,0.8910094591567845,0.901767836925829,0.9132530120481928,0.897515207166752,0.8615143704409673,0.870871981191863
39,0.010940305820890674,0.014366615678526866,,False,0.9374435184255447,0.9270220548220932,0.8906376769771102,0.9013928427953692,0.9156626506024096,0.9024642361383195,0.8637257623342057,0.8735718433106336
40,0.010798877897375101,0.014357162791748708,,False,0.9386484586805904,0.9273437603332562,0.8937929613390493,0.9042953275415407,0.9132530120481928,0.9037843450817689,0.8614997830463429,0.8718591270685063
41,0.010643496471147143,0.014213453466982757,,False,0.9392509288081132,0.9315727553011528,0.8939400096055525,0.9051757967824889,0.91285140562249,0.9066724024782619,0.8594170478837676,0.8700016054497486
42,0.01059207932361046,0.014283088308918328,,False,0.9413595742544432,0.9262901468913838,0.9025400162857101,0.9111338846323351,0.914859437751004,0.9010739245619663,0.8663295735273722,0.8759298561585134
43,0.010344941935492076,0.014017439258890227,,False,0.9414599859423637,0.9302968788359434,0.899330511332499,0.9095841351605851,0.9164658634538153,0.9066559057721553,0.8644573891751689,0.8748016302423012
44,0.010262994556748022,0.01393508856376416,,False,0.9409579275027613,0.9320295218961474,0.8967871552758524,0.9077332975295879,0.9160642570281124,0.9075391559439083,0.8658019471813421,0.8764911611147982
45,0.010111154303342298,0.013843861131013244,,False,0.9425645145094889,0.932698542639917,0.8998956559803032,0.9105462343241046,0.9160642570281124,0.9080483023230196,0.8673979369280216,0.8783202873802325
46,0.00997957952772485,0.013715068808658392,,False,0.9426649261974094,0.9349374958478163,0.9004470829157913,0.9115139453803683,0.9184738955823293,0.9085558943168466,0.8662800201381134,0.8766404680948903
47,0.00985226154460424,0.01366939971965595,,False,0.9434682197007732,0.933476666544685,0.9033206975315454,0.9135943793023973,0.9172690763052209,0.9082554478828327,0.8668884759342642,0.8775235190035932
48,0.009771432987057349,0.013724376863522141,,False,0.9454764534591826,0.9375914877609477,0.906318440667884,0.917040965150803,0.9168674698795181,0.9087035487505477,0.868126658907474,0.8790418857485087
49,0.00966132369255742,0.013630317768123361,,False,0.9449743950195802,0.9361291552365222,0.9041868272444079,0.9148222361027004,0.9180722891566265,0.9100636882075452,0.8692357402055291,0.88008814920536
50,0.009520763046486302,0.013530242097065893,,False,0.9458781002108645,0.9367276679082818,0.9092574591473114,0.9191535402654334,0.9172690763052209,0.9073016378941774,0.8718962000670967,0.8823720557033947
51,0.009414455224219385,0.01344949832996932,,False,0.945978511898785,0.9360075394138505,0.9085057233698564,0.9183248044561526,0.9188755020080321,0.9082227013531479,0.8717335214736314,0.8820908571355786
52,0.009291169346867124,0.013367737140991414,,False,0.9473842755296716,0.9378205926743127,0.9119109542252668,0.9214732784151454,0.9188755020080321,0.9065633800226569,0.8750730193633347,0.8849848057128625
53,0.009253457470330344,0.013357713380811997,,False,0.9467818054021488,0.9380550490620454,0.9092149335434195,0.9194036939871063,0.9184738955823293,0.9087445465844353,0.8730187491664801,0.8835147207068551
54,0.009154021076949159,0.013302270715120813,,False,0.9487900391605583,0.9416824015781258,0.9140363931612426,0.9241746157197057,0.9204819277108434,0.9079287731138087,0.8765377782713681,0.8864829479216427
55,0.009014024209965716,0.013192801729733932,,False,0.9498945677276835,0.9401275845431059,0.9187974963961213,0.9272459506416931,0.9216867469879518,0.9065233844470149,0.8776634760809403,0.8869975003496595
56,0.009115034724224312,0.013349460709087673,,False,0.9494929209760016,0.9409851597898685,0.9184058509286221,0.9271337468050359,0.9196787148594378,0.9053885166759683,0.8757855311839718,0.8850347349156318
57,0.008840316104781613,0.013080624776731609,,False,0.9508986846068882,0.942536779491896,0.9193075593023335,0.9283102670130705,0.9220883534136546,0.9076677999373263,0.8797204598372973,0.8889896357487452
58,0.008757267386048054,0.013034892415078577,,False,0.9504970378552063,0.9417043727731929,0.9189339586053974,0.9278134709508993,0.921285140562249,0.9062059381198796,0.877284848462589,0.886637833918044
59,0.008662844884072917,0.013031888971613581,,False,0.9518023897981726,0.945068069592295,0.9201114424089513,0.9296767095342658,0.9216867469879518,0.906464996872194,0.8776206094997918,0.8869620605141194
60,0.008659269851391945,0.013068625463465865,,False,0.9524048599256953,0.9448179032434615,0.9223832892407192,0.9312454566109073,0.9216867469879518,0.9073100129195382,0.8793104230559162,0.8886480920365105
61,0.008489711404190999,0.01292051432198075,,False,0.9520032131740135,0.9449146523287629,0.9215488218678567,0.9306690363255888,0.9224899598393574,0.9079582944921452,0.8800261748130012,0.8893342356900413
62,0.0084135866087906,0.012869460742681185,,False,0.9526056833015363,0.9466297448850758,0.922556639619277,0.9319297942146139,0.9236947791164659,0.9098178819767492,0.8828575408805409,0.8920882636027542
63,0.00843840678147543,0.01291259515151317,,False,0.9528065066773772,0.9484792706716217,0.9219093532946295,0.9320199690141072,0.9244979919678715,0.9106152961996621,0.8835980082787751,0.8928670149540887
64,0.008301467734051726,0.012907031449387558,,False,0.9537102118686616,0.9417338396673931,0.9281692216288726,0.9340286996108629,0.9236947791164659,0.9105168265815734,0.8844986250884607,0.8935929170572996
65,0.008179251950662086,0.012730822769900023,,False,0.9540114469324229,0.9488569227401471,0.9259394731910869,0.9350309625393888,0.9236947791164659,0.909893353986835,0.882869821068365,0.8920526019191188
66,0.008103735994568933,0.01271297455025033,,False,0.9544130936841049,0.9486744192135677,0.9262990104220068,0.9352164708595129,0.9244979919678715,0.9114035333726448,0.8852970295891832,0.894370321718382
67,0.008046548419621479,0.012635476560834967,,False,0.9542122703082638,0.9500251680301484,0.9248831847666088,0.9346203523459626,0.9244979919678715,0.9106030824732749,0.8836071134046146,0.892818791639568
68,0.00798267731999946,0.012642438961006053,,False,0.9552163871874686,0.9507272697462587,0.928741867308867,0.9376148586697963,0.9265060240963855,0.9130813957900509,0.8871257277408512,0.8962400739838964
69,0.007917905217201369,0.01259555532650733,,False,0.95551762225123,0.9509333479513116,0.9285980792517807,0.9375522381870093,0.9257028112449799,0.9124275187209592,0.8864138105648356,0.895427432000342
70,0.007871898979258916,0.012630429577618764,,False,0.9554172105633095,0.9514365903218334,0.928505654280852,0.937663581400268,0.9236947791164659,0.9104229267256542,0.8845027005985071,0.8936348006301521
71,0.0078083838897699456,0.012544381979515143,,False,0.95551762225123,0.9515580319953298,0.9286129986144149,0.9377707829749258,0.9261044176706827,0.9127613977646519,0.8868100801420401,0.8959025258940846
72,0.0077239786898902945,0.012534931049871125,,False,0.9562205040666734,0.9512910631382773,0.9300622547695868,0.9386889443014508,0.9253012048192771,0.9119686298465004,0.8860247790962121,0.8951397466603385
73,0.007687324922596001,0.012525180950492815,,False,0.9568229741941962,0.951931068840496,0.9318817324207413,0.9401200140032393,0.9244979919678715,0.9114559800007775,0.8852818008826409,0.8943171688037683
74,0.007641191723751164,0.012477851382183448,,False,0.9567225625062757,0.950616928052348,0.9314163543153187,0.93937080141551,0.9253012048192771,0.9118415983933684,0.8860700971810175,0.8951356016980588
75,0.007519042435609795,0.012464277321300973,,False,0.9573250326337985,0.9522873465731371,0.9319255576267833,0.94027986547595,0.9265060240963855,0.9130636449946342,0.8871331402530063,0.8962347606127116
76,0.007475566696310725,0.012467039888779678,,False,0.95762626769756,0.9528111192710723,0.9338738946319677,0.9417888007194478,0.9265060240963855,0.9142508589966878,0.890488586990513,0.8992586976053077
77,0.007472235384556956,0.012456108991389861,,False,0.9575258560096396,0.9529990241871698,0.9312657127463938,0.9400674966827283,0.927710843373494,0.9154554283511044,0.8915887772425448,0.9003893257873812
78,0.007370893325475354,0.012438322856104437,,False,0.9582287378250829,0.9519487644692699,0.9352695646955459,0.9423798334253911,0.9253012048192771,0.9130764951397761,0.88935858262611,0.8981206060542751
79,0.007329195401484549,0.012370381782448614,,False,0.9585299728888442,0.954446686484414,0.9330455535144354,0.9417645523529035,0.9281124497991968,0.915751037181738,0.891997112927757,0.9007747261351392
80,0.007333791058778245,0.012397719725674607,,False,0.9586303845767647,0.9546189319893796,0.9339956689160416,0.942474379771597,0.9261044176706827,0.9132438445374191,0.8884617149832491,0.897403448688779
81,0.00722196563600511,0.01232569622730606,,False,0.9592328547042875,0.9528367466129395,0.93620813959712,0.9432724773935716,0.9265060240963855,0.9142863049684665,0.8904743392388783,0.8991682263956705
82,0.007141219536498943,0.012291141383055391,,False,0.959534089768049,0.954688229524964,0.9369030568439661,0.9444174411946832,0.927710843373494,0.9153554815512697,0.891584479170198,0.9003261880699339
83,0.007135071898085676,0.012330595900363058,,False,0.9593332663922081,0.9549572555894734,0.935863837942715,0.9438412868102652,0.9281124497991968,0.9157836848188483,0.8919695776815951,0.9007449492127397
84,0.0070796403908139575,0.012278477339166764,,False,0.9598353248318104,0.9529090616149928,0.9372084064910945,0.9439341794478344,0.9289156626506024,0.9164000853746627,0.8927478072865286,0.9014190622790557
85,0.007006326939736583,0.01216926773481032,,False,0.9606386183351742,0.9571048415213566,0.9366645406457557,0.9450931673050995,0.9289156626506024,0.9186876686670724,0.8927334072529186,0.902129974325248
86,0.006987278544487119,0.01219397563653801,,False,0.9601365598955719,0.9567716530077581,0.937040582696064,0.9452259412206221,0.9265060240963855,0.9165447149806139,0.8904754886010365,0.8998408732903285
87,0.006917516634156039,0.012161260797886556,,False,0.9604377949593332,0.9544474151915335,0.9377383680301526,0.9448636700181693,0.9289156626506024,0.916492939216385,0.8927270012343358,0.9015006206792725
88,0.006866739513899573,0.012177339322482007,,False,0.9602369715834923,0.9568468012721311,0.9371177555149656,0.9453154539919245,0.927710843373494,0.9153876710038299,0.8915722931283341,0.900326292689241
89,0.0068395639134028905,0.012204375190738173,,False,0.9607390300230947,0.9530075125088489,0.9392920487165521,0.9452817741214044,0.9293172690763052,0.9153618349836778,0.8947419480133824,0.9026294480623857
90,0.006760391946712275,0.012122107991879088,,False,0.9613415001506175,0.9543952915641507,0.9389902418756656,0.9456423229090584,0.9289156626506024,0.9164471728416532,0.8926671102071515,0.9014513439011996
91,0.006734103870061538,0.012132287336449575,,False,0.9617431469022995,0.9571532871594083,0.9389508961328958,0.9466347932231456,0.9305220883534137,0.9225298227957176,0.8941839439479823,0.9042403406171141
92,0.006719520752092713,0.012127755790272926,,False,0.9616427352143789,0.9591205057843626,0.9379971463006197,0.9466942079615536,0.9293172690763052,0.921485948227763,0.8930551093277719,0.9031405966784499
93,0.0066462897104894265,0.012017934168626085,,False,0.9624460287177428,0.9573585610004819,0.940004830352082,0.9473685154632319,0.9293172690763052,0.9190110165110039,0.8930545655788804,0.9024584737185628
94,0.006597912591818511,0.012034415082029983,,False,0.9622452053419018,0.95871859098634,0.9398141136227157,0.9477375503084333,0.9289156626506024,0.9205826681211607,0.8909994801904618,0.9012067918183434
95,0.00654677110728722,0.012032609225989418,,False,0.9629480871573451,0.956424513486763,0.9413098086709876,0.947858704084489,0.9305220883534137,0.9205874057815454,0.8958743834994078,0.9050364515860291
96,0.006509596067606855,0.01203133800373924,,False,0.9629480871573451,0.958840378657723,0.9404538628266557,0.9482052993563124,0.9293172690763052,0.9214196199494137,0.8930302910581788,0.9031110277336207
97,0.006475759865549158,0.011974580158529589,,False,0.963349733909027,0.9602520784006364,0.941265284578111,0.9492369277823148,0.9289156626506024,0.9181057437803712,0.89100913845202,0.9005859654819118
98,0.006479962565163249,0.012034493675474066,,False,0.9632493222211065,0.9591513245949691,0.9411738337095468,0.94879660927008,0.9289156626506024,0.9187198997372277,0.8927186077672733,0.9021361767496366
99,0.006419855178132497,0.011939079151950641,,False,0.9631489105331861,0.9571368075569892,0.941483174072959,0.9482269651630397,0.9293172690763052,0.9168355653736557,0.8930622354876159,0.9018047348825424
100,0.00637379958877757,0.011941631969336106,,False,0.9641530274123908,0.9579941415430212,0.9424427092031338,0.9491566655983328,0.9305220883534137,0.9144875193486318,0.8959039061940497,0.9031478311341371
101,0.006332578573397991,0.011887711901012022,,False,0.9645546741640727,0.9603695778046539,0.9423562876497608,0.9499710048896747,0.9289156626506024,0.9210556067749879,0.8926791986859892,0.9027492553728769
102,0.006323126727774937,0.011946881606641062,,False,0.9643538507882318,0.9586870750227118,0.9421687949710145,0.9492231426647412,0.9281124497991968,0.9143095169182658,0.8936152009573731,0.9015159546832413
103,0.006261029517437974,0.011932092009998813,,False,0.9645546741640727,0.9579412443952905,0.9427838840792341,0.9493464763849475,0.9293172690763052,0.9105936854561583,0.8964459410296117,0.9022739891097158
104,0.006197999524620107,0.011876794504140392,,False,0.9648559092278342,0.961181774379123,0.9430634345988105,0.9507351367774715,0.9289156626506024,0.9129847323590159,0.8943888597102286,0.9016670702956756
105,0.006183961346778324,0.011917866599704442,,False,0.9651571442915955,0.9630019052778089,0.9424868675950688,0.9510035869364413,0.9301204819277108,0.9192133031833083,0.8921051243706875,0.9016620924665681
106,0.006145111744597777,0.011884557925325346,,False,0.9653579676674365,0.9616823482282988,0.9435029560150073,0.9511944200029006,0.9293172690763052,0.9173892812529806,0.894746375065969,0.9032662011972832
107,0.006115054337752702,0.011888269162217305,,False,0.9651571442915955,0.961408522173183,0.9429104240552552,0.9507213434611617,0.9301204819277108,0.9197800918793414,0.8938200310561436,0.9032157885307702
108,0.0060879328024115035,0.011804353571507298,,False,0.965257555979516,0.9636974513348995,0.9429978635105147,0.9515805718432042,0.9285140562248996,0.9177887170576826,0.8906202265768093,0.9001818284512927
109,0.006049967371695484,0.011782530740295855,,False,0.9653579676674365,0.962196015487231,0.9439502976024955,0.9516736690567329,0.929718875502008,0.9131301384049717,0.893459995498239,0.9009889876328424
110,0.006022318180620692,0.011854496941206128,,False,0.9656592027311979,0.9629387218913616,0.9433586244888841,0.9515643414225621,0.9301204819277108,0.9221855611114312,0.8937874572143392,0.9038686167004083
111,0.005993512931091795,0.011786409044744255,,False,0.9659604377949593,0.9648880242608531,0.9431947521516872,0.9521277765488136,0.9309236947791165,0.9205191075501662,0.8944856831223833,0.9039103174422972
112,0.005986104786696608,0.011749480230893871,,False,0.9656592027311979,0.9610206982817632,0.9450469617777559,0.9519269488546426,0.9273092369477912,0.9091336748124217,0.8912379029311371,0.8981598877588594
113,0.0059418743994246875,0.01180056784863439,,False,0.9668641429862436,0.965169598309029,0.9444690998129379,0.9530595909259567,0.9301204819277108,0.9176667365423131,0.8938098324627598,0.9025901348305901
114,0.005885949786073518,0.011783196634715208,,False,0.9670649663620845,0.9648577640017771,0.9454628903614714,0.9536095121715982,0.9289156626506024,0.9131677131614551,0.8943314879808655,0.9016871158398977
115,0.0058637824268968405,0.011720379562551777,,False,0.9664624962345617,0.9647842340777036,0.944082250359052,0.952683892726779,0.9301204819277108,0.919856013770199,0.8937591984098501,0.9032345698408394
116,0.005813740014497201,0.01170469715276498,,False,0.967366201425846,0.9646326161716858,0.9461732039879995,0.9539918822572879,0.9293172690763052,0.9133831744235601,0.8947138012241646,0.902013376691974
117,0.005786754345673162,0.011777797760596934,,False,0.9667637312983232,0.9629729184887695,0.9452061800647878,0.9527674355263596,0.9289156626506024,0.9130415840488938,0.8943660586579772,0.9016577115707288
118,0.005748328295202902,0.011731744126352178,,False,0.9675670248016869,0.9639004581174883,0.9476181014982122,0.9546539097918938,0.9305220883534137,0.9127541954571361,0.8958566295252832,0.9025331822055382
119,0.005734338027998609,0.011724636864875095,,False,0.9675670248016869,0.9633871897474174,0.9480594739727505,0.9547409704779027,0.9289156626506024,0.9080079689224836,0.8944438181872809,0.8999919243569501
120,0.005703089327692232,0.011738922128974547,,False,0.9678682598654483,0.9646916013313417,0.9478845233710762,0.9551211414421427,0.9301204819277108,0.9091671329725565,0.8954761120214781,0.9010575445287389
121,0.005663272600206959,0.011633835566220099,,False,0.9679686715533689,0.9657857972688748,0.9475711470199779,0.9553234656330193,0.9317269076305221,0.9175295188660813,0.8969462925761206,0.9048440038402913
122,0.005639865546730161,0.01165714579206309,,False,0.9678682598654483,0.9637030287948883,0.9487425310525897,0.9552869699306221,0.9285140562248996,0.9091517852520116,0.8940557249207003,0.90014570072267
123,0.005628659168601422,0.011639144133903684,,False,0.9683703183050507,0.9661768720628324,0.9492152985066465,0.956526148138382,0.929718875502008,0.910276331925564,0.8951607312060743,0.9012475961255979
124,0.005583080978076826,0.011618618883116008,,False,0.9684707299929712,0.9667792463622258,0.9479993607657872,0.955957587563177,0.9301204819277108,0.9181259016394017,0.8954511020428987,0.9039878364801415
125,0.005579821392137146,0.011649313134948276,,False,0.9685711416808916,0.965919164027215,0.9493543275163311,0.9565014352772879,0.9285140562248996,0.9127839406379302,0.893961159683617,0.9012542081046652
126,0.005525448144067958,0.01164785238248658,,False,0.9689727884325735,0.9657965937750225,0.9501405943406116,0.9569572661675063,0.9285140562248996,0.9092998520253389,0.8940008809716427,0.9001204583784599
127,0.005481831902284676,0.01161060329844178,,False,0.9686715533688122,0.9664768180940589,0.9494710135504381,0.9567971053056135,0.9285140562248996,0.9075415547089912,0.8940518466824234,0.8995657735861161
128,0.005455931094152731,0.011619812130568912,,False,0.9693744351842555,0.9671625631077756,0.9505203498230301,0.957715292871574,0.9289156626506024,0.9096090599612717,0.8943614305095772,0.9004576722665154
129,0.005466247705952549,0.011588352324995865,,False,0.969073200120494,0.9668705320315382,0.950686436672243,0.9577187606826794,0.9313253012048193,0.9118314099149791,0.8966788288370579,0.9027559059867669
130,0.005410510859661358,0.011613198524397702,,False,0.9695752585600964,0.9654257371974997,0.9515573402551352,0.9576887983346085,0.929718875502008,0.9094282865812833,0.8968314114655838,0.9020433462205448
131,0.005379051907588963,0.011541443166172049,,False,0.9697760819359373,0.9681085967719169,0.9517264941775729,0.9588400270014206,0.9301204819277108,0.9112538170148822,0.8971582522518009,0.9029649660103224
132,0.005359433070419225,0.0115992350715247,,False,0.9696756702480168,0.9669379602954878,0.9512335241706502,0.9580792203010886,0.929718875502008,0.9087089052209946,0.8951779643260651,0.9006804561407695
133,0.005321076577400629,0.011579972495888189,,False,0.9698764936238579,0.9676873515543354,0.9518202275581262,0.9587316025210887,0.9293172690763052,0.9090427021858196,0.896423462248404,0.9016591983382869
134,0.005344526275214029,0.011606840719723769,,False,0.9694748468721759,0.9653295028142295,0.9514587233991372,0.9575795554102603,0.9281124497991968,0.9072612627298111,0.8936471488038763,0.8991798952389038
135,0.005279299396103603,0.011461086322477778,,False,0.9698764936238579,0.9687126675281844,0.9518216235535242,0.9591259596639774,0.9305220883534137,0.9144775879101101,0.8958712373019425,0.9031097537710997
136,0.005251779246217157,0.01150474585207348,,False,0.9699769053117783,0.9677850144607683,0.9523529079469645,0.9591091886530203,0.9309236947791165,0.9105309253382106,0.8979785522912943,0.9031764131439048
137,0.0052126735762843485,0.011490717812943484,,False,0.9702781403755397,0.9680856773346215,0.9526116531239196,0.9593801628356954,0.929718875502008,0.9086536844139332,0.8951275304646258,0.9006417595939106
138,0.005215550188175082,0.011563972111730228,,False,0.9702781403755397,0.9660938036109569,0.9526273241464681,0.9586034696404843,0.9317269076305221,0.9113093884627909,0.8987128995258922,0.9039078921268349
139,0.005204907718961836,0.011500983690987374,,False,0.9705793754393012,0.9688950899908464,0.952876431984377,0.9598494746193853,0.9301204819277108,0.9160455117463899,0.8954740006581763,0.9033493716244505
140,0.005139714901408932,0.011499873285448119,,False,0.9706797871272216,0.968449138136319,0.9529865553370569,0.9597522535942823,0.9313253012048193,0.9108429526747714,0.8982940366394855,0.9035057017235432
141,0.00512126928254007,0.011472032483378136,,False,0.9706797871272216,0.9684410093623124,0.9529845284555409,0.9597435744573646,0.9313253012048193,0.9123860962745847,0.8983087419791708,0.9040510791719291
142,0.005110362869040268,0.011502885922914846,,False,0.9706797871272216,0.9684998515664359,0.9533891056067184,0.9600219297675125,0.9305220883534137,0.9101126581165353,0.8975254258690997,0.9027734017899256
143,0.005102872884276421,0.011435355479417748,,False,0.9706797871272216,0.9689726047768428,0.9529702758282208,0.9599338024316173,0.929718875502008,0.9109292443101721,0.8968129135510973,0.9025871436331746
144,0.005058904758415597,0.011421885622856,,False,0.970981022190983,0.968742039356559,0.9536743070321726,0.9602894318339403,0.9317269076305221,0.9111647122286245,0.8986732987356221,0.9038749991200485
145,0.005035057673831519,0.011477129143867964,,False,0.971181845566824,0.9689755525096303,0.954283574456615,0.9607574901232235,0.929718875502008,0.9093204480801567,0.8968167061258985,0.9020248106775381
146,0.004997857539977042,0.011437911614862694,,False,0.9712822572547445,0.9690439579798649,0.9539514831560596,0.9605793785437954,0.9305220883534137,0.9100392221087706,0.8975445497788874,0.9027497009818829
147,0.004980541637058671,0.011418103476277522,,False,0.9713826689426649,0.9701467819697148,0.9540422645007831,0.9610663488525998,0.9325301204819277,0.9187967470383759,0.8993855929928427,0.9069953851145303
148,0.004970785058607112,0.011435930403643,,False,0.9712822572547445,0.9690086035560369,0.9539660401641262,0.9605740663206119,0.9321285140562249,0.9132114792097532,0.8990888067506086,0.9048317247029589
149,0.004947513597949157,0.011407642608542072,,False,0.9719851390701878,0.9697354458910546,0.9554413362711132,0.9617654761819912,0.9317269076305221,0.9111751156098445,0.8986427123422978,0.9038360350344224
150,0.0049373423329827516,0.0114115841563304,,False,0.9714830806305854,0.9702324232872657,0.9541384143095643,0.9611632311418725,0.9333333333333333,0.9158788064477531,0.9001663898050923,0.906490988891483
151,0.004901455104892811,0.011408932422835971,,False,0.9717843156943469,0.970527396283597,0.954827645615604,0.961694875747463,0.9309236947791165,0.9119796925103212,0.8979288419881826,0.903686138409259
152,0.004917433242213481,0.01138559476398407,,False,0.9717843156943469,0.9700386527404192,0.9548240797386792,0.9614965361400346,0.9309236947791165,0.9104148208289051,0.8979123493914875,0.9030975803532189
153,0.004855311340650373,0.01143521265996563,,False,0.9719851390701878,0.9702326331431398,0.9554303922297974,0.9619572642192319,0.9317269076305221,0.9126893725291593,0.8986490242149203,0.904403720125312
154,0.004832566321203343,0.011417851429413133,,False,0.9721859624460287,0.969400042353144,0.9556197229298916,0.9617461576624753,0.9329317269076305,0.9123673232269857,0.8998006811737596,0.9050019610118402
155,0.004817339947229657,0.011436104955942541,,False,0.9721859624460287,0.9689175065730006,0.9556196445330136,0.9615514993773338,0.9317269076305221,0.9097267348044844,0.8986770828279389,0.903338480889706
156,0.0047900239590567256,0.011397993505913499,,False,0.9720855507581082,0.9698088702206606,0.9555297613314545,0.9618549889605958,0.9329317269076305,0.9122859038951978,0.8997840765617932,0.9049671030257327
157,0.004762228793000458,0.011345067338398965,,False,0.9721859624460287,0.9709241029297266,0.9556170551961315,0.9623449320374304,0.9313253012048193,0.9122559438036091,0.8982550567790984,0.9040090198367992
158,0.004762181015857209,0.011345995838208936,,False,0.9722863741339491,0.9705020067550111,0.9557129259214913,0.9622350084371603,0.9321285140562249,0.910058705531338,0.8990390082712977,0.9036908218497821
159,0.00472693571644747,0.011314681751519022,,False,0.9725876091977106,0.9717908514822133,0.9555715192838894,0.9626488217804025,0.9329317269076305,0.9138305189172503,0.8997700947804351,0.9055334040210179
160,0.004715981262510917,0.011374597532901128,,False,0.9725876091977106,0.9712912356018479,0.9559872164729304,0.9627177478144833,0.9325301204819277,0.9134564450139224,0.8993895857591142,0.9051559127639257
161,0.004684903203075126,0.011327645546777513,,False,0.9723867858218697,0.9716316211109045,0.9558049015378239,0.9627349812343083,0.9317269076305221,0.9142772645957946,0.8986495645467458,0.9049631362646442
162,0.0046931784027604735,0.01144949952748834,,False,0.9726880208856311,0.9698850321530694,0.9560695637862181,0.9622098078521214,0.9325301204819277,0.9119796150480197,0.8994283569455468,0.904620115801413
163,0.004664009637099563,0.011390828107823688,,False,0.9729892559493926,0.9716595182945125,0.9563468192371075,0.9630820555254179,0.9337349397590361,0.9162432244246036,0.900511920214782,0.9068593772452732
164,0.004650259994615738,0.011368913633590839,,False,0.973089667637313,0.972259471816832,0.9564406630809513,0.9633735814499464,0.934136546184739,0.9165994978086821,0.9008795196359117,0.907227787101814
165,0.004660818615892204,0.011308770821848176,,False,0.9729892559493926,0.9721680864173204,0.9563547951203161,0.9632761040461622,0.9329317269076305,0.9137349105366924,0.8997758713866505,0.9055074111745517
166,0.0045905582889211455,0.011352758411249338,,False,0.9731900793252335,0.9723505294954057,0.9565350047770286,0.9634657245782565,0.9337349397590361,0.9145561058614577,0.9004972148750967,0.906276476374416
167,0.00457535941380231,0.011356256256527688,,False,0.972888844261472,0.9710859256351747,0.9566738693383381,0.9630546665143161,0.9329317269076305,0.912206796816458,0.8997566533309027,0.9049498533576759
168,0.004572513885264005,0.0113132106222356,,False,0.9727884325735515,0.9714987623592263,0.9561630427733459,0.962898188260566,0.9329317269076305,0.9137704327864014,0.8997707292582208,0.9055158205523425
169,0.004549510846883232,0.011343154186470122,,False,0.9731900793252335,0.9713220413301633,0.9565357140600247,0.9630616063590831,0.9337349397590361,0.9115160330445767,0.9005240002111355,0.9051551804854429
170,0.004534152240014822,0.011328488887254363,,False,0.9731900793252335,0.9723704740700084,0.9565334038065636,0.963474816254435,0.9333333333333333,0.9176088960724008,0.9001159559436529,0.9070687361413469
171,0.004522386150706286,0.011340971231122626,,False,0.9732904910131539,0.9714365429622972,0.956630843435976,0.9631601795875466,0.9333333333333333,0.9125882970992291,0.9001575501521641,0.9053253813302393
172,0.004492796552967941,0.01130629707835023,,False,0.9735917260769154,0.9732345547137675,0.9569089615958148,0.9640364749652056,0.9337349397590361,0.9161534070436057,0.9004939541496366,0.906831499795513
173,0.0045439190387019735,0.01130169445160831,,False,0.9732904910131539,0.9724919759387066,0.9566222986417056,0.9635692523396825,0.9321285140562249,0.9148329727355156,0.8989708085361833,0.9053682129695252
174,0.00446001671877478,0.011350756044750235,,False,0.9736921377648359,0.97229470625011,0.9570017023214271,0.9637296750568102,0.9337349397590361,0.9145406644784215,0.9005048847838322,0.9062652995623508
175,0.004463534979185403,0.011378294558541755,,False,0.9736921377648359,0.9728088808010512,0.9570024890711767,0.9639344428307121,0.9337349397590361,0.9179993590599322,0.900506672040842,0.9074649365686288
176,0.0044302469619203946,0.011355468414492122,,False,0.9737925494527563,0.9724044907191541,0.9575138134884023,0.9640905781325757,0.9325301204819277,0.9134744195660451,0.8993870664612929,0.9051811612808479
177,0.004416488518711054,0.011312956712488468,,False,0.9740937845165177,0.9721552486144311,0.9577943202985801,0.9641619627278077,0.9349397590361446,0.9178726271336589,0.9032972794734692,0.909308123288344
178,0.004403189134832161,0.011264134392169585,,False,0.9738929611406768,0.9730011700533018,0.9571882429980959,0.9641174082370222,0.934136546184739,0.9183101219162554,0.9008668102271908,0.9078238564757667
179,0.00438061668819991,0.011296245505781097,,False,0.9738929611406768,0.973500129790435,0.9571907539381002,0.9643130646957966,0.9349397590361446,0.9190233418287984,0.9016150416801203,0.9085449792380024
180,0.0043698092558698935,0.011310072645794509,,False,0.9737925494527563,0.9714053284943882,0.9575144434443961,0.9636928351811707,0.934136546184739,0.9171609739252369,0.9025503034282083,0.9085725001500329
181,0.004355207715700719,0.011234958141710005,,False,0.9738929611406768,0.9724872252538364,0.9576094160265914,0.9641796655535317,0.9345381526104418,0.9169137070558792,0.9012396578222606,0.9075989485693436
182,0.00435297469330813,0.011384798317196004,,False,0.9741941962044381,0.9712728879212966,0.9578829963649098,0.9638599987320892,0.934136546184739,0.9155458879916806,0.9025560919339739,0.9079652913285101
183,0.004313432855795493,0.011261061877560138,,False,0.9741941962044381,0.9722350512891834,0.9574661713676418,0.9639873051795591,0.9337349397590361,0.9161584100596473,0.9004914348518154,0.9068393224892701
184,0.0043085416635250465,0.011286199396152533,,False,0.9742946078923587,0.9728840839735925,0.9579756148008569,0.9645576851725477,0.9337349397590361,0.9185128403970122,0.9021774558331386,0.9088096691459682
185,0.004307237583009315,0.011383137878747873,,False,0.9743950195802792,0.9710322734719798,0.9584850691303222,0.964124326987373,0.9333333333333333,0.9160426689859733,0.9051761192557163,0.9098450109271555
186,0.004299392632338279,0.011220222938861577,,False,0.9741941962044381,0.9722676745529998,0.9578846766623772,0.9642549181691541,0.9353413654618474,0.9199255654632889,0.9036790608674272,0.9102546109014565
187,0.004354121312425914,0.01137001711168481,,False,0.9739933728285972,0.972075220387159,0.9577074331421626,0.9640798975662521,0.9345381526104418,0.9177707132620139,0.9029714939034503,0.9090013928037206
188,0.004267367466960884,0.01131139771985271,,False,0.9743950195802792,0.9719254233199537,0.9580744323433981,0.9642400084197301,0.9369477911646586,0.9197640829154072,0.905162686288668,0.9111501412394537
189,0.004240816522972784,0.011245027376302818,,False,0.9746962546440405,0.9727317762743167,0.9583441677213708,0.9647209393493187,0.9349397590361446,0.9201575127786873,0.9049299702143263,0.911224519943265
190,0.004290878368321369,0.011303091530876932,,False,0.974997489707802,0.9730184054277148,0.9586351967889767,0.9650013877708561,0.9345381526104418,0.9149274068245846,0.9046508773240409,0.9090385205798808
191,0.004213227163246862,0.011219515127009595,,False,0.9744954312681996,0.9735544195793341,0.958164304648707,0.9649377916841271,0.9345381526104418,0.9197103693002151,0.9046079250794167,0.9108597504152828
192,0.004194820767896982,0.01126390675718797,,False,0.9745958429561201,0.9731178860928043,0.9582602646671953,0.9648274737826795,0.9357429718875502,0.9180451650962139,0.9023620007604127,0.9087119151579047
193,0.0041827922404924335,0.011257133653092603,,False,0.974997489707802,0.9730624498745818,0.9590361310647594,0.9652700454514024,0.9337349397590361,0.9190209976961903,0.9038545514980577,0.9101083263312572
194,0.004158040002037232,0.01128051524850751,,False,0.9746962546440405,0.972271558283052,0.9587582919883416,0.9647887084329498,0.9349397590361446,0.9207136287831096,0.9066591322295585,0.912545812058487
195,0.004169140697803532,0.011258316112063918,,False,0.974796666331961,0.9738142329708948,0.9584396436813708,0.9652101546977403,0.936144578313253,0.9213487494772247,0.9060726839874503,0.912383328008565
196,0.00415357011213902,0.011265999117684986,,False,0.9748970780198816,0.9739216491063368,0.9585266876315442,0.9653005781065929,0.9345381526104418,0.9191986599920704,0.9028748763434231,0.9094905156836466
197,0.004152007184706675,0.011294780670358773,,False,0.974997489707802,0.9729919252673666,0.958628143738928,0.9650008143296556,0.9349397590361446,0.9191417799265196,0.9016200896625901,0.9085846352870681
198,0.004121976855086563,0.011214329378617535,,False,0.9748970780198816,0.9739127323883299,0.958532746175806,0.9653027183055597,0.9345381526104418,0.9197214175613286,0.904625793581536,0.9108737260331178
199,0.004099855778661778,0.011265658901100387,,False,0.9750979013957225,0.9726242234844578,0.9591338497775929,0.9651564192138122,0.9353413654618474,0.921007123774984,0.9070454382391292,0.9128864994925746
200,0.004079175110035432,0.01125032026332951,,False,0.9751983130836429,0.972705429872667,0.9592267472969609,0.9652477968702916,0.9357429718875502,0.9214426319061378,0.9073642141660945,0.9132541516226463
201,0.0040773612168131645,0.011252686182461466,,False,0.9753991364594838,0.9733628973567967,0.9594151689576402,0.965620790739266,0.9345381526104418,0.9185863718226285,0.9063010935069611,0.9115369344794565
202,0.004082372514269792,0.01127288864029602,,False,0.9751983130836429,0.9717615484852256,0.959225995051302,0.9648592239035091,0.9353413654618474,0.9194248571755053,0.906981794877285,0.9122798504935695
203,0.004043800904906394,0.011295555283443202,,False,0.9752987247715634,0.9723249425184035,0.9593174502448067,0.9651471848280043,0.936144578313253,0.9218312064191273,0.9077370617611642,0.913645934029906
204,0.004062705723506764,0.011258899498593856,,False,0.9753991364594838,0.9729011610153511,0.9594174008142234,0.9654307905658691,0.9349397590361446,0.9189556903623655,0.9066892809195016,0.9118927552500183
205,0.004023497321431479,0.011273944514176603,,False,0.9751983130836429,0.9722148118647362,0.9592267472969609,0.9650491989423615,0.9357429718875502,0.9214400782449135,0.9073820741857295,0.9132753376966805
206,0.004006063325161748,0.011244430929732345,,False,0.9753991364594838,0.9728959915975367,0.9594125796207581,0.9654335594865988,0.9357429718875502,0.9213695681704288,0.9073751448002897,0.9132440177740807
207,0.0039906302106289294,0.011208238081733123,,False,0.9754995481474044,0.9729951396542591,0.9595064234646019,0.9655262377922317,0.9353413654618474,0.9210097801304501,0.906988838790719,0.9128675870972837
208,0.003988431748105184,0.011261429403909281,,False,0.9754995481474044,0.9729820547095858,0.9595095643606,0.9655221922205354,0.9349397590361446,0.9206039728119058,0.9066281772375133,0.91247767623131
209,0.003968864749843973,0.011258401436271492,,False,0.9754995481474044,0.9724992559473766,0.9595077089967093,0.9653286121091548,0.9357429718875502,0.9213872649193566,0.907361694868273,0.9132475169965932
210,0.003987087087425024,0.011215103418733897,,False,0.9754995481474044,0.9744885242331455,0.9594994076996142,0.9661211260328693,0.9365461847389558,0.92212079786282,0.9081221038805823,0.9140011010868483
211,0.003949384604881758,0.011208462069446944,,False,0.9753991364594838,0.9734034730625533,0.9594144167119814,0.9656373535271641,0.936144578313253,0.9217538377168221,0.9077236203116317,0.9136176262723245
212,0.003937117816267284,0.011236245954225383,,False,0.9755999598353249,0.9730684616971905,0.9596015528405533,0.9656133978229913,0.9353413654618474,0.9210306762151927,0.9070658175565856,0.9129061368196972
213,0.003919970796984739,0.011250344949902803,,False,0.9753991364594838,0.9728975754572473,0.9594125796207581,0.9654352904528065,0.936144578313253,0.921750258304754,0.9077358063534956,0.913623632778602
214,0.003913004132702914,0.011260931684986488,,False,0.9755999598353249,0.9726111878539252,0.9595958226076728,0.9654248666799218,0.936144578313253,0.9217677193353038,0.9077236203116317,0.9136314488738333
215,0.0039038896323953702,0.011255851051921145,,False,0.9757003715232453,0.973179211551974,0.9601117485194273,0.9659677077092818,0.9357429718875502,0.9213600780067266,0.9073790230385668,0.9132540519180128
216,0.003926488747910352,0.011276140968432888,,False,0.9759011948990862,0.9724709702837286,0.960720747756699,0.9660343274011498,0.936144578313253,0.9200489754592075,0.9077428383673796,0.9129727739246023
217,0.0038875047516517217,0.011280980042069733,,False,0.9758007832111658,0.9737782164847751,0.9602025298641509,0.9662658143158956,0.9365461847389558,0.9221395546372434,0.9081246231784035,0.9139856602879388
218,0.003886485973113318,0.011269958006914597,,False,0.9760016065870067,0.9744652945254604,0.9608133060684355,0.9669067403626358,0.9349397590361446,0.9206494700495901,0.9066460372571482,0.9125174997513058
219,0.003853454408583948,0.011266901616396761,,False,0.9760016065870067,0.9730152981278037,0.9608071026733174,0.9663160520904841,0.936144578313253,0.921767454280736,0.9077427442214197,0.9136393439298822
220,0.003840359538776841,0.01125899938630878,,False,0.9760016065870067,0.9730205568182111,0.9608088613676627,0.966316614151715,0.936144578313253,0.9217545238446472,0.9077248757193003,0.9136158607781358
221,0.0038328775758697652,0.011272319307478,,False,0.9761020182749272,0.9731278791470223,0.9613217247802969,0.9666700560953964,0.9357429718875502,0.9213834588048583,0.9073942687100777,0.9132592184019059
222,0.003822716706200847,0.011268689998515293,,False,0.9761020182749272,0.9731346678523658,0.9613217247802969,0.9666740348364655,0.9353413654618474,0.9210429462374906,0.9069985055347617,0.9129070991180718
223,0.0038076604738417016,0.011242273427336568,,False,0.9763028416507682,0.9733295065018238,0.9615075571040941,0.9668598394220028,0.9357429718875502,0.9213900252470429,0.9073604309781204,0.913260646069744
224,0.003801764687565441,0.011242867440340516,,False,0.9762024299628477,0.9732368763968771,0.961414264819366,0.9667660993783053,0.936144578313253,0.9217677193353038,0.9077236203116317,0.9136314488738333
225,0.003787988643980178,0.01126302108719042,,False,0.9762024299628477,0.9727706073836541,0.961414264819366,0.9665710888954719,0.9357429718875502,0.9197281037693615,0.907361694868273,0.9126319723515832
226,0.0037752513461581485,0.011267978816175842,,False,0.9762024299628477,0.9727836434571544,0.9618381839784996,0.9668281034345974,0.9357429718875502,0.9213738417887485,0.9073642141660945,0.9132303522076415
227,0.0037727347888247475,0.011300060476481223,,False,0.9764032533386886,0.9725156626335204,0.9620195898741913,0.9668226731114284,0.9345381526104418,0.9170286289382745,0.9062637324963332,0.9109029578362523
228,0.0037699188435982023,0.011312656786321302,,False,0.9765036650266091,0.9740138741571371,0.9621065072461755,0.9675031035138334,0.9349397590361446,0.9190192655476199,0.9066192434386251,0.9118909946677074
229,0.003744966253225074,0.011218966866013739,,False,0.9763028416507682,0.9733433541653036,0.9619288869263455,0.9671156511795788,0.9357429718875502,0.9196952589284252,0.9073854290571494,0.9126420973141346
230,0.0037350738286101555,0.011272069722706146,,False,0.9766040767145295,0.9741209410699221,0.9622016366221268,0.9675997323826153,0.9353413654618474,0.9193605817032336,0.9069985055347617,0.9122659031279556
231,0.003730934917656389,0.011227517652298643,,False,0.97670448840245,0.9746539127235114,0.9618735990846035,0.967622765286083,0.9365461847389558,0.9220705144593055,0.9081144220722965,0.9140052216730759
232,0.0037127783425176283,0.011249893970136171,,False,0.9764032533386886,0.9729803640902612,0.9620195898741913,0.967015375631534,0.9349397590361446,0.9173836545450276,0.9066007455241386,0.9112608369483899
233,0.003736191956626126,0.011257651582265979,,False,0.97670448840245,0.9746882472792786,0.9622876773206528,0.9678772193713479,0.9349397590361446,0.9173961351984465,0.9066257520856519,0.9112430250346686
234,0.003689520125699418,0.011255923686951429,,False,0.9768049000903705,0.9738226914810382,0.962379460825539,0.96758240059587,0.9349397590361446,0.9189731015037731,0.9066121995251909,0.9118918314506802
235,0.003691177980177824,0.011270627307034311,,False,0.97670448840245,0.9742150559808097,0.9622872834854174,0.9676902652460231,0.9357429718875502,0.919706546409356,0.9073425624760011,0.9126128732889202
236,0.003682759035294374,0.011231123606209698,,False,0.97670448840245,0.9737202697624467,0.962286168540811,0.9674854108712173,0.9349397590361446,0.9189872359771546,0.90663006802731,0.9119152740970929
237,0.003660397142902198,0.011247192875601403,,False,0.9771061351541319,0.9745633516227509,0.962655352347443,0.9680526254411023,0.9353413654618474,0.9193376721585348,0.907001024832583,0.9122485083879452
238,0.0036506545947659944,0.01122748795428025,,False,0.9768049000903705,0.973363640052376,0.9623800133147794,0.9673860252548785,0.9349397590361446,0.9173831888611637,0.9066441439546282,0.9112940889389916
239,0.0036348400583549314,0.011241208442238684,,False,0.9771061351541319,0.9745736517522461,0.962655352347443,0.9680533738697908,0.934136546184739,0.9182397923994559,0.9058940310987289,0.911173112930399
240,0.0036285318394110233,0.011240705095280416,,False,0.976905311778291,0.9743861236451694,0.9624713571148692,0.9678704655052157,0.9353413654618474,0.9193368341145892,0.9070265547609533,0.9122604778154838
241,0.0036243267958422816,0.011219944502322369,,False,0.9774073702178934,0.9754164286104461,0.9641805066164191,0.969308123291401,0.9357429718875502,0.919704496832847,0.9073477130869152,0.9126245653367846
242,0.0036092486754678425,0.011239294249975593,,False,0.9774073702178934,0.9744310486591014,0.9637618445279278,0.96864628537968,0.9349397590361446,0.9189847064315028,0.9066325873251314,0.9118996994161515
243,0.0036026015211391097,0.011215990576182744,,False,0.9773069585299728,0.9752792517608628,0.9636794178876377,0.9689535876431203,0.9357429718875502,0.9196968965296798,0.9073719791251327,0.9126480908612624
244,0.003586420223633461,0.011220147608300517,,False,0.9774073702178934,0.9753699073281721,0.9637618445279278,0.9690414127370988,0.9349397590361446,0.9189534140422251,0.9066134634153435,0.9118818971442268
245,0.0036062104036700374,0.011220245845682543,,False,0.9775077819058139,0.9749843622938824,0.9638651718145569,0.9689337804554581,0.9349397590361446,0.9173554888232108,0.9066110382634824,0.9112600402390569
246,0.0035795530390766643,0.011205048762710883,,False,0.9776081935937343,0.9755661348846072,0.9639476768517249,0.9692270096829958,0.9357429718875502,0.9196972016955889,0.907374498422954,0.9126343792732785
247,0.0035606067164919743,0.011219383747261233,,False,0.9776081935937343,0.9750792667894649,0.9639476768517249,0.9690256934566772,0.9349397590361446,0.9189768975135468,0.9066364740458925,0.9119185001880129
248,0.0035502057868928606,0.011227995580711218,,False,0.9776081935937343,0.9746040282491174,0.9639476768517249,0.9688256276229532,0.9345381526104418,0.9186168308490209,0.9062559565420875,0.9115447365364376
249,0.0035460265840919084,0.011220116487742782,,False,0.9775077819058139,0.9754589379709133,0.963856973903879,0.9691336398445269,0.9345381526104418,0.9186377940505379,0.9062630004555216,0.9115446599373208
250,0.003535139484818225,0.011214658477171057,,False,0.9776081935937343,0.9750801431795306,0.9639476768517249,0.9690248369213506,0.9357429718875502,0.9196671302949212,0.907374498422954,0.9126223856849295
251,0.003528200067233112,0.011229817927113252,,False,0.9776081935937343,0.9746165213422591,0.9639476768517249,0.968830302134296,0.9353413654618474,0.9193477515952162,0.906993980919149,0.9122674049988176
252,0.0035169437549127107,0.01122036544476784,,False,0.9776081935937343,0.9755608636745353,0.9639476768517249,0.9692270631444395,0.9349397590361446,0.9189702654336398,0.9066109441175223,0.9118995744488321
253,0.0035112455501315224,0.011228229619036143,,False,0.9776081935937343,0.9746020749549699,0.9639476768517249,0.9688249930481234,0.9349397590361446,0.9189994921630171,0.9066447733669953,0.9119100788092245
254,0.003500350157915893,0.01125619528813551,,False,0.9776081935937343,0.9746170768745279,0.9639476768517249,0.9688338277277873,0.9349397590361446,0.9189976105204423,0.906607057396761,0.9118832252025761
255,0.0035012029939468278,0.011221896717591997,,False,0.9776081935937343,0.9750625937893767,0.9639476768517249,0.9690196738675882,0.9357429718875502,0.9197700626432324,0.9073731488693255,0.9126573615454414
256,0.003484915185387612,0.011225955959397557,,False,0.9778090169695752,0.9748268708087413,0.9645535534656661,0.969266805177342,0.9349397590361446,0.918932774901093,0.9066129315660025,0.9118690431791422
257,0.003477183583885681,0.011232393719141785,,False,0.9776081935937343,0.9746182024044645,0.9639476768517249,0.9688320608372738,0.9345381526104418,0.9186564167420718,0.9062508059311735,0.9115449326084372
258,0.0034639661197796204,0.011241879940808563,,False,0.9778090169695752,0.9748736291679508,0.9649717423919194,0.9695347240692844,0.9357429718875502,0.9181549176125589,0.9073400431781798,0.9120276472098057
259,0.003458233800715484,0.011202802858214756,,False,0.9777086052816548,0.9756660970428831,0.9644597096218221,0.9695722018392912,0.9349397590361446,0.9190113676372209,0.90663006802731,0.9119280469853541
260,0.003445695485813325,0.011207114041303702,,False,0.9778090169695752,0.975768332209284,0.9645535534656661,0.9696678410365196,0.9353413654618474,0.9193754920062869,0.907006698810354,0.9122817522828919
261,0.0034523178394061617,0.011269652971786826,,False,0.9778090169695752,0.974863959156074,0.9649717423919194,0.9695304846349551,0.936144578313253,0.9201523882718189,0.9077497796523694,0.9130176353050098
262,0.0034275087900397065,0.01120897395844246,,False,0.9777086052816548,0.974738878288727,0.9644597096218221,0.9691784565414279,0.9349397590361446,0.9190175673534772,0.9066422540691741,0.911927781154746
263,0.003425463005009842,0.011201734350655397,,False,0.9777086052816548,0.9751888239887911,0.9644597096218221,0.9693695396159114,0.9365461847389558,0.9204828846939017,0.9081393260053656,0.9134151536351544
264,0.003414002066678351,0.011208182520234228,,False,0.9780098403454162,0.97499982418586,0.9647419751263454,0.9694445124912355,0.9345381526104418,0.9185829655366086,0.9062770679003553,0.911529196341696
265,0.0034129066342922696,0.011230557619848397,,False,0.9778090169695752,0.9753010122313689,0.9645535534656661,0.9694690408183495,0.9353413654618474,0.9193902154489836,0.9070002927917713,0.9122768489117133
266,0.0033998772992726643,0.011231859024758203,,False,0.9777086052816548,0.9747393787446672,0.9644597096218221,0.9691794407361048,0.9353413654618474,0.9193902154489836,0.9070002927917713,0.9122768489117133
267,0.0033919381795722153,0.011217833979160347,,False,0.9780098403454162,0.9750231409653859,0.9647438122175687,0.9694554378345797,0.934136546184739,0.916653274400249,0.9059151424569966,0.9105579859033767
268,0.0033783169426992144,0.011203285677264073,,False,0.9779094286574957,0.9763516493816762,0.9646486828416173,0.9699624374785526,0.9349397590361446,0.9189730233685268,0.9066511793855779,0.9119119867257035
269,0.0033709232441567166,0.011215814927471727,,False,0.9778090169695752,0.9748387825180962,0.9645535534656661,0.9692754144144211,0.9353413654618474,0.919931581458255,0.9086876811960344,0.9135743847220584
270,0.00336397014196648,0.011185641699296964,,False,0.9779094286574957,0.9758699110575014,0.9646486828416173,0.9697627439878994,0.9349397590361446,0.9189894703173803,0.9066377294535611,0.9119213804449107
271,0.0033610617270782624,0.011247829283817408,,False,0.9779094286574957,0.9749408277153125,0.9646486828416173,0.969371621697284,0.9353413654618474,0.9193589215465902,0.9069946188140003,0.9122530973508142
272,0.0033477701002629966,0.011228821120783477,,False,0.9780098403454162,0.9750323880823427,0.9647419751263454,0.9694633580169266,0.9353413654618474,0.9198622111541768,0.9086775886481608,0.9135138695464343
273,0.0033482017354397537,0.011213428075968535,,False,0.9781102520333367,0.9760596069069316,0.9648371045022966,0.9699505476977941,0.9353413654618474,0.9198868322910914,0.9086802114787693,0.9135455426444017
274,0.0033334328361895784,0.01119868931320079,,False,0.9780098403454162,0.9754730987505713,0.9647419751263454,0.9696497666596202,0.9357429718875502,0.920252242821921,0.9090963539715415,0.9139174366906921
275,0.0033249539533481967,0.011236038138809513,,False,0.9779094286574957,0.9749301168409436,0.9646486828416173,0.9693647560364275,0.9353413654618474,0.9199086122806079,0.9087158364677363,0.9135467198520235
276,0.0033347154347421726,0.011265589903083621,,False,0.9779094286574957,0.9749316653747451,0.9646481312825015,0.9693726105806455,0.9353413654618474,0.9199233357233046,0.9087094304491539,0.913541816480845
277,0.0033107071464885686,0.011212781844082552,,False,0.9780098403454162,0.975503682545637,0.9647419751263454,0.9696628450544128,0.9345381526104418,0.9191700472374982,0.9079528996751216,0.9128217099573782
278,0.003308228028430238,0.011242595446249346,,False,0.9782106637212572,0.9751883728194508,0.9649303967870247,0.9696354026959223,0.9353413654618474,0.9183544399476996,0.9087344285281829,0.9129295582805721
279,0.003299249470067826,0.011226671578111885,,False,0.9780098403454162,0.9750231535681217,0.9647438122175687,0.9694568049580585,0.9345381526104418,0.9176055144976001,0.9079676134972912,0.9121847216488332
280,0.0032903951437476195,0.011217797555621644,,False,0.9784114870970981,0.9758609183792851,0.9651123651380824,0.9700254987076834,0.9345381526104418,0.9191341347455206,0.9079606756293673,0.9127872756751305
281,0.0032927164472641673,0.011187141031707773,,False,0.9782106637212572,0.9761557221027027,0.9653473001811707,0.970293206217742,0.936144578313253,0.9207059325100774,0.9094480902083435,0.914325227171758
282,0.0032759603973621094,0.011218912023218423,,False,0.9784114870970981,0.975873906067124,0.96553572184185,0.9702769873365489,0.9353413654618474,0.9198786978953427,0.9087222424863189,0.913548115208548
283,0.00326868326345331,0.011211008437152366,,False,0.9782106637212572,0.9756859045429152,0.9649303967870247,0.9698479062035652,0.936144578313253,0.9206356696521942,0.9094704654567641,0.9142898415998554
284,0.0032593245626045615,0.01120587501973282,,False,0.9784114870970981,0.9758824762490459,0.96553572184185,0.9702821762672281,0.934136546184739,0.9187941084054061,0.9075909742317629,0.9124500654126189
285,0.00325494135626861,0.011207008018630355,,False,0.9783110754091776,0.9757947179491286,0.965442429557122,0.970189935725002,0.9365461847389558,0.9210136745948136,0.9098323909001227,0.9146609783613481
286,0.0032499695723179423,0.011171087013468516,,False,0.9783110754091776,0.975797625633934,0.965442429557122,0.9701907700532164,0.9357429718875502,0.9202606062332822,0.9090880461679546,0.9139380294522136
287,0.003243776992092914,0.011210937447663664,,False,0.9787127221608595,0.976224940779239,0.9666484634483743,0.9710711634386077,0.9365461847389558,0.9210011593272536,0.9097872052126235,0.9146215235330969
288,0.0032359590432786325,0.011190665282720193,,False,0.9784114870970981,0.9758835069023224,0.9655311056234517,0.9702789577086293,0.936144578313253,0.9206211667893491,0.90946342154333,0.9143002377899264
289,0.0032289927251047765,0.011188452727166722,,False,0.9787127221608595,0.9762176787425442,0.9666484634483743,0.971068751809972,0.9349397590361446,0.9195680088460162,0.9083206051417617,0.9131881643616302
290,0.0032268790551934308,0.011174754034339991,,False,0.9784114870970981,0.9759037081656508,0.9659544623272193,0.9705342366370324,0.9353413654618474,0.9199233357233046,0.9087094304491539,0.913541816480845
291,0.0032232999853586785,0.01120170296310048,,False,0.9784114870970981,0.9758934772531447,0.9659544623272193,0.9705315014105876,0.9357429718875502,0.9202860077819572,0.909089947952959,0.9139158108789321
292,0.0032062251164414347,0.011208030238550288,,False,0.9786123104729391,0.976101249649164,0.9661318144598786,0.9707200749887878,0.9349397590361446,0.9195277680781495,0.9083213371825732,0.9131696285097273
293,0.0032013685844249143,0.011185651045157773,,False,0.9786123104729391,0.9765595275580399,0.9661318144598786,0.9709143452074426,0.9353413654618474,0.9198358547726423,0.9086778375622568,0.9135196974036679
294,0.0031947658039047067,0.011190139910201277,,False,0.9787127221608595,0.9761914625008653,0.9662251067446067,0.9708124031328489,0.9353413654618474,0.9199122938294122,0.9087145725775836,0.9135532759971721
295,0.0031908256165093527,0.011201893626927877,,False,0.9786123104729391,0.9760943942668736,0.9661318144598786,0.9707171609807861,0.9353413654618474,0.9199541237764789,0.908708166559001,0.9135572748923272
296,0.0031802930942006523,0.0111658616324182,,False,0.97881313384878,0.9767452649551013,0.9663137828109364,0.9710948058597949,0.9353413654618474,0.9183187504519861,0.9087031185765313,0.912914338311497
297,0.0031753678600445036,0.011176866462415322,,False,0.9787127221608595,0.9761837984423798,0.9662251067446067,0.9708077764170048,0.9357429718875502,0.9202860077819572,0.909089947952959,0.9139158108789321
298,0.003172288276557913,0.011191700137002655,,False,0.9791143689125414,0.9765865321139644,0.9670124001504897,0.9714319733458026,0.9357429718875502,0.9187007044275083,0.9090389822421783,0.9132575827345099
299,0.0031613005220654227,0.0111717221226421,,False,0.9789135455367005,0.9763658452661981,0.9664070750956645,0.9709893088301383,0.9365461847389558,0.920971123503229,0.9097746420895544,0.9146151337755506
300,0.0031562829359033356,0.011171111086622353,,False,0.97881313384878,0.9762817819199198,0.9663137828109364,0.970898187897579,0.9353413654618474,0.9182962279784521,0.9086587136524691,0.9128876841836016
301,0.003151441883595043,0.011178914348430812,,False,0.9790139572246209,0.9764526696590923,0.9665003673803925,0.9710795937656422,0.934136546184739,0.9172255177953892,0.9075795202307106,0.9118104295949715
302,0.003152925779272624,0.01118221558960764,,False,0.9791143689125414,0.9765737612657998,0.9670124001504897,0.9714239985445222,0.9345381526104418,0.9161112160250396,0.9079600377345157,0.9115779244921396
303,0.0031382605583415287,0.011151607449694066,,False,0.9789135455367005,0.9768338228839162,0.9664070750956645,0.9711885324136647,0.936144578313253,0.920598365233739,0.9094069366229144,0.9142508293651912
304,0.0031307422795399335,0.011150341589038538,,False,0.9790139572246209,0.9764526696590923,0.9665003673803925,0.9710795937656422,0.9365461847389558,0.9209687683524912,0.9097663427684517,0.9146363114875573
305,0.003140867269602705,0.011130028692386669,,False,0.9790139572246209,0.9769156825628088,0.9665003673803925,0.9712749987232253,0.9357429718875502,0.9186558006198096,0.9090117994428998,0.9132731314294236
306,0.003127562557289302,0.011167912167672949,,False,0.9789135455367005,0.9768156546046295,0.9664070750956645,0.9711851160082018,0.9357429718875502,0.9202556304734285,0.9090314755840632,0.9138822494829382
307,0.003115139035435457,0.011134707728184163,,False,0.9789135455367005,0.9768251422734815,0.9664070750956645,0.9711860943677555,0.9357429718875502,0.9202369202398688,0.9090226359311351,0.9138968389363811
308,0.0031163188408348096,0.011179900960274705,,False,0.9789135455367005,0.9768419701225908,0.9664070750956645,0.9711968170978754,0.936144578313253,0.9206315492333681,0.9093864631594981,0.9142462793448883
309,0.0031035788693082452,0.011188506428986366,,False,0.9791143689125414,0.9770061713354584,0.9665936596651206,0.9713699565077635,0.9357429718875502,0.9202255078134185,0.9090309437347219,0.9138714892089035
310,0.0031022554241043995,0.011166024871037511,,False,0.9791143689125414,0.9770674631851316,0.967431140635859,0.9718771351104238,0.9349397590361446,0.917932534510989,0.9082820828694254,0.9125309392251185
311,0.003093046444511505,0.01112455736995666,,False,0.9790139572246209,0.9769268767361667,0.9665003673803925,0.9712840081012976,0.9353413654618474,0.9198411576660107,0.9086549304644951,0.9135439396893307
312,0.0030856166124266643,0.011112218094570912,,False,0.9791143689125414,0.9770250728040888,0.9670124001504897,0.9716185006336195,0.9357429718875502,0.9202306145344205,0.90900991803993,0.9138962830229089
313,0.003080309861973435,0.01115050673255336,,False,0.9791143689125414,0.977035474546216,0.9670015345060519,0.9716167961976533,0.9353413654618474,0.9182858372270783,0.908651052226218,0.9128853529649751
314,0.003076294995043341,0.011147934732728097,,False,0.9790139572246209,0.9769374078675008,0.9669191078657617,0.9715270031749651,0.9353413654618474,0.9198186386028134,0.9086446462076354,0.9134977311381045
315,0.003069113951097338,0.011135646391989919,,False,0.9791143689125414,0.9770305921202951,0.9670015345060519,0.9716193954620069,0.9373493975903614,0.921696543409549,0.9105280156709136,0.9153647726370553
316,0.003065697970640895,0.011142628676002636,,False,0.9792147806004619,0.977133143648437,0.9671057708320957,0.9717221804875403,0.9365461847389558,0.9209735577646351,0.9097408128400813,0.9146315771038128
317,0.003056072029862304,0.011145514013564268,,False,0.9793151922883824,0.9772183380423497,0.967188119075508,0.9718039921674243,0.9353413654618474,0.9183011466166311,0.9086255222978478,0.9128770002094454
318,0.003057348897778532,0.01114707728975118,,False,0.9793151922883824,0.9772658093948602,0.9676069379577551,0.972068818298122,0.9365461847389558,0.9209796848619379,0.9097529988819453,0.9146306684283806
319,0.0030546852523961584,0.011173344402321941,,False,0.9793151922883824,0.9772065058293271,0.967188119075508,0.9717972913910358,0.9353413654618474,0.9183101480020414,0.9086568322494993,0.9128829900398616
320,0.003046165819811163,0.011172101849488993,,False,0.9794156039763029,0.9773395145229542,0.9677001518456052,0.9721507034157312,0.9353413654618474,0.9183011466166311,0.9086255222978478,0.9128770002094454
321,0.0030382272783581075,0.011153682781801661,,False,0.9794156039763029,0.9772859797343776,0.9672814897571139,0.9718869063765426,0.936144578313253,0.9206033273803372,0.9093859313101569,0.9142381446617543
322,0.0030313464429043567,0.01113301999406483,,False,0.9793151922883824,0.9772134756585521,0.9671881974723858,0.9718048696116344,0.9369477911646586,0.9213449330873164,0.9101283742573207,0.9149888399822669
323,0.0030336784220840653,0.011136827178708088,,False,0.9793151922883824,0.9772021913702194,0.967188119075508,0.9717952681343761,0.936144578313253,0.9190361454861902,0.909386557305458,0.9136240754286873
324,0.003023794102956451,0.011171087021958367,,False,0.9795160156642233,0.97743110726684,0.9677935225272112,0.9722432931418751,0.9365461847389558,0.9194295732759392,0.9097542627720981,0.9140003408132252
325,0.003016731121018318,0.011140013990563942,,False,0.9793151922883824,0.9772637992516496,0.9676069379577551,0.9720679869038238,0.9365461847389558,0.9194371811281149,0.9097408128400813,0.9140094787175573
326,0.003016932575780482,0.011144742196822448,,False,0.9796164273521438,0.977543748568329,0.9683055552973084,0.9725853159770855,0.936144578313253,0.9190440156264713,0.9093731073734416,0.9136480634640187
327,0.0030145825107210046,0.011127271046104592,,False,0.9794156039763029,0.9772957672032382,0.9672814897571139,0.9718887244888516,0.9357429718875502,0.9186531469635377,0.9090175879486654,0.913261411004982
328,0.003007791407528223,0.011151389892002537,,False,0.9793151922883824,0.9772406891818893,0.9676069379577551,0.972054192809038,0.9369477911646586,0.9213449330873164,0.9101283742573207,0.9149888399822669
329,0.0029963428132534333,0.011132959820289667,,False,0.9796164273521438,0.9775187657802361,0.9678759491675015,0.9723300473309897,0.936144578313253,0.9190338043173397,0.9093724898606244,0.9136239999548432
330,0.0029948807741501295,0.011156771700448155,,False,0.9795160156642233,0.9774379185312002,0.9677826568827732,0.9722452850799923,0.9365461847389558,0.9209704064813486,0.9097478567535155,0.9146094763371388
331,0.0029866813289688974,0.011151454925047554,,False,0.9796164273521438,0.9775585534591804,0.9682946896528706,0.9725871188070904,0.9353413654618474,0.9183129527775257,0.9086306644262775,0.9128942752520752
332,0.0029810817566155294,0.01114122342522457,,False,0.9796164273521438,0.9775290353113635,0.9678759491675015,0.972336368662304,0.936144578313253,0.9190924009900405,0.9093788873967227,0.9136505274904577
333,0.0029761138493744036,0.011149397500661885,,False,0.9797168390400642,0.9776406347991197,0.9683879819375988,0.9726761433353843,0.9365461847389558,0.9194220797702146,0.909746601345847,0.9139971649996532
334,0.0029718319681962995,0.011154916597120932,,False,0.9797168390400642,0.9776355533643378,0.9683879819375988,0.9726728494638363,0.9357429718875502,0.9186991170161036,0.9090047759115001,0.9132675626041452
335,0.0029704704032067018,0.01113859209374426,,False,0.9796164273521438,0.9775493653556472,0.9682946896528706,0.9725808916317763,0.9353413654618474,0.9183129527775257,0.9086306644262775,0.9128942752520752
336,0.002971336914134606,0.01115767352942022,,False,0.9796164273521438,0.9775641786582278,0.9682946896528706,0.9725924804314475,0.9373493975903614,0.9217629000738654,0.9104838936820967,0.9153724354259803
337,0.0029629901016861894,0.011148092151382627,,False,0.9796164273521438,0.9775380892114889,0.9682946896528706,0.9725806026613161,0.9365461847389558,0.9209704064813486,0.9097478567535155,0.9146094763371388
338,0.0029520410654928345,0.011134537683391026,,False,0.9797168390400642,0.9776380997611679,0.9683879819375988,0.9726760923837191,0.9365461847389558,0.9194371811281149,0.9097408128400813,0.9140094787175573
339,0.002947903592290322,0.011141831535581601,,False,0.9797168390400642,0.9776380297342138,0.9683879819375988,0.9726770383184488,0.9365461847389558,0.9194242892092367,0.9097356707116515,0.9139922294628057
340,0.0029462288788318653,0.011168864245241866,,False,0.9797168390400642,0.9776503478249116,0.9683879819375988,0.9726822393547097,0.9369477911646586,0.9213374395815916,0.9101207128310695,0.9149856641686949
341,0.0029421106554693957,0.011174066760813232,,False,0.9797168390400642,0.9776579491663756,0.9683879819375988,0.9726867230201504,0.936144578313253,0.9190882196462898,0.9093602953362763,0.9136423687403243
342,0.0029378561497221426,0.011159968397787882,,False,0.9797168390400642,0.9776377615332409,0.9683879819375988,0.9726772144010388,0.9373493975903614,0.9217165167922334,0.9104902997006792,0.9153606746173393
343,0.0029308619199241207,0.01115470445106785,,False,0.9797168390400642,0.9776352244111199,0.9683879819375988,0.9726752356948825,0.936144578313253,0.9190567020860727,0.9093724898606244,0.9136270361215997
344,0.002937755931393441,0.011173533973501607,,False,0.9796164273521438,0.977501490534779,0.9678759491675015,0.9723268206327822,0.9377510040160643,0.9221298593747554,0.9108701912091833,0.9157351168198734
345,0.002921928489325853,0.01113969328599733,,False,0.9798172507279848,0.9777345596217448,0.9684818257814425,0.9727685006912417,0.9365461847389558,0.9194248739599347,0.909734415303983,0.9139983335518215
346,0.002916491430466698,0.011138032821793013,,False,0.9796164273521438,0.9775566280518445,0.9682946896528706,0.972587715823784,0.9365461847389558,0.9194731242831171,0.9097408128400813,0.914028503159671
347,0.002911329291671772,0.011123592882488749,,False,0.9796164273521438,0.9775321777222378,0.9678759491675015,0.9723373930253175,0.9369477911646586,0.9198314282447675,0.9101161882154566,0.9143855967429931
348,0.002907431264064097,0.01114539972308542,,False,0.9797168390400642,0.977650502628185,0.9683879819375988,0.9726813921966744,0.9365461847389558,0.9194671267243648,0.9097408128400813,0.9140362845095464
349,0.0029032582261005143,0.011145611299688265,,False,0.9797168390400642,0.9776442265191031,0.9683879819375988,0.9726773173532843,0.9365461847389558,0.919467452392026,0.9097408128400813,0.914022900012253
350,0.0028982236211479197,0.011145817719432809,,False,0.9797168390400642,0.9776433240438064,0.9683879819375988,0.9726784766753056,0.936144578313253,0.9191020747078841,0.9093667013548588,0.9136527711341995
351,0.0028936946232395924,0.011150381156180578,,False,0.9798172507279848,0.9777279992769731,0.9684818257814425,0.9727656270864757,0.9369477911646586,0.9197955357107792,0.9101271188496521,0.9143765737802944
352,0.0028913535507463584,0.011120706316172358,,False,0.9796164273521438,0.9775031285412753,0.9678759491675015,0.97232393124389,0.9373493975903614,0.921721943620907,0.9104941864214405,0.9153874229464392
353,0.0028875200574564356,0.011173882689704212,,False,0.9797168390400642,0.9776501010684915,0.9683879819375988,0.9726812150194386,0.9373493975903614,0.9202258661513402,0.9104902997006792,0.9147651949984669
354,0.002886217605998773,0.011130271098012259,,False,0.9798172507279848,0.9776966213757355,0.9680649223872965,0.9725131262291676,0.9377510040160643,0.9221125396359121,0.9108695533143317,0.9157723630730253
355,0.002876852465324072,0.011142261344058936,,False,0.9797168390400642,0.9776144857851171,0.9679697930113451,0.9724257374632492,0.9369477911646586,0.9198218625978737,0.9101072628990529,0.9143853127018422
356,0.0028750256871886318,0.01114282578965802,,False,0.9796164273521438,0.9775251327415072,0.9678759491675015,0.9723372942526711,0.9377510040160643,0.9221452000063286,0.9108695533143317,0.9157863726201361
357,0.002871730741170761,0.011159483875106577,,False,0.9799176624159052,0.977837518156243,0.9689938585515399,0.973102594134896,0.9373493975903614,0.9201994853787063,0.9104954503115934,0.9147744056602873
358,0.0028691273465422037,0.01116489598038736,,False,0.9798172507279848,0.9777394674215105,0.968900014707696,0.9730139462762194,0.9369477911646586,0.9198675621896899,0.9101149243253039,0.9144081014151448
359,0.0028597919748398716,0.011134048612635304,,False,0.9799176624159052,0.9778207984708716,0.968576955157394,0.9728609101591706,0.9377510040160643,0.9205648630628482,0.910869561796816,0.9151445345383409
360,0.0028591208384523004,0.011166383400349042,,False,0.9800180741038257,0.9779301382027159,0.9690889879274912,0.9731983246803766,0.9377510040160643,0.9205921641579532,0.9108708172044846,0.9151472760808511
361,0.0028536726246338215,0.011154171045711373,,False,0.9799176624159052,0.9778562720673946,0.9689938585515399,0.9731142615602655,0.9373493975903614,0.9202126589824263,0.9104826382744283,0.9147608897493473
362,0.002850065007612625,0.011148018683992207,,False,0.9799176624159052,0.9778176265052669,0.968576955157394,0.9728594246515063,0.9365461847389558,0.9194268537582568,0.9097517434742767,0.9140178420237933
363,0.002846380751726305,0.011145828680314385,,False,0.9800180741038257,0.9779206363755719,0.9690889879274912,0.9731920156057399,0.9373493975903614,0.9201703151987588,0.9104954503115934,0.9147609408932298
364,0.0028418162756277173,0.01115407588078914,,False,0.9800180741038257,0.9779264073732191,0.9690889879274912,0.9731962105180563,0.9373493975903614,0.9202167941491631,0.9105012303348747,0.9147690523525331
365,0.0028448120799040347,0.01112661263267614,,False,0.9800180741038257,0.9784043743706599,0.9690889879274912,0.9734097066163346,0.9381526104417671,0.922557064105201,0.9112385226711246,0.916152108329511
366,0.002837981151768425,0.01113138245346024,,False,0.9800180741038257,0.9779357864481868,0.9690889879274912,0.9731997508154886,0.936144578313253,0.9190470159784994,0.9093705880756199,0.9136520105531287
367,0.002830186263315394,0.011133647044505783,,False,0.9800180741038257,0.977946755903749,0.9695058913216372,0.9734407536675622,0.9369477911646586,0.9198400647694503,0.9101200749362179,0.9144173547039518
368,0.0028344868738749557,0.011136650545166148,,False,0.9802188974796666,0.9781449726294391,0.9696917236454343,0.9736314512741193,0.9365461847389558,0.9194380499254157,0.9097511055794253,0.9140384036632128
369,0.0028232765445270758,0.011156676049509828,,False,0.9799176624159052,0.9778296562761926,0.9689938585515399,0.9731019114801861,0.9369477911646586,0.9198203469415598,0.9101393048915161,0.9143887119814309
370,0.002819533397229152,0.011145367884568855,,False,0.9800180741038257,0.9779136743242218,0.9690889879274912,0.9731884776191113,0.9369477911646586,0.9198085210466395,0.9101200749362179,0.9144033025298547
371,0.0028142155677935137,0.011145231630859448,,False,0.9800180741038257,0.977951191948457,0.969087781722386,0.9732085272383879,0.9373493975903614,0.9202195684940772,0.910487780402858,0.9147866289939051
372,0.002809906952290516,0.01113889501390336,,False,0.9800180741038257,0.9779397067739334,0.9690889879274912,0.9732030202822073,0.9373493975903614,0.9202152062856206,0.9104902997006792,0.9147718591965162
373,0.002805800976832231,0.011132474464568378,,False,0.9801184857917462,0.9780334861833566,0.9691796908753371,0.9732944431865876,0.9381526104417671,0.920978381557761,0.9112302233500219,0.9155400242561902
374,0.0028049848800494196,0.011116818326337024,,False,0.9801184857917462,0.9784819482639541,0.9691784846702318,0.973487146679789,0.9365461847389558,0.9194027110206101,0.9097139214585321,0.914013851832562
375,0.0028003009761671973,0.011134849860688405,,False,0.9802188974796666,0.9781247663090641,0.9692736140461832,0.9733855067196101,0.936144578313253,0.919061098394972,0.9093654459471902,0.9136483573405921
376,0.0027994613005477083,0.01113218584208616,,False,0.9801184857917462,0.9780252293073683,0.9691796908753371,0.9732886082420246,0.9365461847389558,0.9194184570982463,0.9097325135189789,0.9140231878072016
377,0.0027953224441351265,0.011138081901401337,,False,0.9802188974796666,0.9781426090251529,0.9692736140461832,0.9733965466883965,0.9377510040160643,0.9205897460333511,0.9108375198043528,0.9151550675275364
378,0.002788581471328575,0.011151178775436853,,False,0.9801184857917462,0.9780394439079233,0.9691784846702318,0.9732974267356246,0.9373493975903614,0.9202316803264482,0.9104755943609941,0.9147894819102089
379,0.002785807201751761,0.011138151078749105,,False,0.9802188974796666,0.9781395007554329,0.9692736140461832,0.9733925772978009,0.9385542168674699,0.9213487122041408,0.9115934126835332,0.9159037079026482
380,0.0027816807158516066,0.011131722296329255,,False,0.9802188974796666,0.978135073451019,0.9692736140461832,0.9733924232608957,0.9385542168674699,0.9213743445690673,0.9116081180232185,0.9158988602735268
381,0.0027764122838703467,0.011137703021670069,,False,0.9802188974796666,0.9781299384110032,0.9692736140461832,0.9733880853581458,0.9369477911646586,0.9198492321037042,0.9101124050274826,0.9144202152360192
382,0.002775023254370213,0.011125660849181186,,False,0.9802188974796666,0.9785650892587646,0.9692736140461832,0.9735784268038139,0.9369477911646586,0.9198249055924789,0.9101124050274826,0.9144034425155385
383,0.0027701784513656457,0.011143700805803524,,False,0.9802188974796666,0.9781242490793614,0.9692736140461832,0.9733848868231575,0.9385542168674699,0.9213389338004259,0.9116055987253974,0.9159022079592177
384,0.002765579206283244,0.011136486230139341,,False,0.9802188974796666,0.9781156860222084,0.9692736140461832,0.9733820485794398,0.9377510040160643,0.9206046039710178,0.9108497058462167,0.9151615212618699
385,0.0027669303903590427,0.011163985106615551,,False,0.9803193091675871,0.9782226257157733,0.9697856468162804,0.9737167551880445,0.9357429718875502,0.9186981182172906,0.9090022566136788,0.9132830439475688
386,0.0027614051103003767,0.011151851077532582,,False,0.9802188974796666,0.9781106369183965,0.9692736140461832,0.9733795003141594,0.9365461847389558,0.9194579338080054,0.909750479584124,0.914032771081096
387,0.002761108397912843,0.011152637995209554,,False,0.9804197208555075,0.9783382012967395,0.9698790174978864,0.9738261257721599,0.9385542168674699,0.9213743445690673,0.9116081180232185,0.9158988602735268
388,0.002753838670046326,0.011139424283623169,,False,0.9802188974796666,0.9785742601559227,0.9692736140461832,0.973581903461214,0.9373493975903614,0.9202211261748489,0.910496088206445,0.9147618510806276
389,0.0027497963347065625,0.011141917222184973,,False,0.9803193091675871,0.978234499740436,0.9697856468162804,0.9737236799735887,0.9385542168674699,0.9213471242656099,0.9115953144685377,0.9158729124322466
390,0.0027474255112034654,0.011129284342929925,,False,0.9802188974796666,0.9785840593186226,0.9692736140461832,0.9735881956878257,0.9381526104417671,0.9209912769767384,0.9112250812215922,0.9155262866449454
391,0.0027425593906112255,0.01113921386656802,,False,0.9803193091675871,0.9782338735168246,0.9697856468162804,0.9737224147139177,0.936144578313253,0.9190718995151445,0.9093590399286077,0.9136432109538417
392,0.0027383221719085747,0.011127103611380742,,False,0.9802188974796666,0.9785767616259071,0.9692736140461832,0.9735836289635288,0.9373493975903614,0.9202238274336013,0.9104826382744283,0.9147685152786769
393,0.002734171487111632,0.011124555139499292,,False,0.9802188974796666,0.9785761531999633,0.9692736140461832,0.9735827949909301,0.9365461847389558,0.9194356016698162,0.9097209653719663,0.9140118255105631
394,0.002730698784781752,0.011118903020562579,,False,0.9803193091675871,0.978690706086046,0.9693560406864733,0.9736807202657674,0.9377510040160643,0.9206036210472262,0.910832377675923,0.9151405688373444
395,0.0027306591073677634,0.011109781175701647,,False,0.9803193091675871,0.9786868558009968,0.9693560406864733,0.9736798627787877,0.9389558232931727,0.9232810825150415,0.9119547121315907,0.9168774324037771
396,0.002725042515689418,0.011132918716045787,,False,0.9805201325434281,0.9784239893516608,0.9695432552119231,0.9736711410131718,0.9389558232931727,0.9232865099230803,0.9119681620636074,0.9168738629740003
397,0.002722208742835582,0.011111746847855777,,False,0.9806205442313485,0.9789622831441316,0.9696338797628911,0.9739496552068034,0.9373493975903614,0.9201455309212085,0.9104634083191302,0.9147449401862493
398,0.002716048235789608,0.011114109049033588,,False,0.9806205442313485,0.9789964068146101,0.9700520686891445,0.9742068760701689,0.9377510040160643,0.9205706575502701,0.910832377675923,0.9151298597415448
399,0.0027124680607381914,0.011117023304882564,,False,0.9806205442313485,0.9789844661169158,0.9696338797628911,0.9739611153832395,0.9381526104417671,0.9209524116176284,0.911212895179728,0.9155116635294056
400,0.002711052298003577,0.011136435288981268,,False,0.980720955919269,0.979088458728274,0.9701459125329883,0.9743017132839685,0.9385542168674699,0.9213671789962063,0.9115806006463681,0.9158902277660439
401,0.0027050105150884466,0.011130354868799448,,False,0.9808213676071895,0.9787283789121773,0.9702392832145943,0.9741927648615495,0.9385542168674699,0.921311889774285,0.9115882705551035,0.9158738929391919
402,0.002704705048701313,0.011108346232716382,,False,0.9808213676071895,0.978732889400049,0.9702392832145943,0.974198174123813,0.9385542168674699,0.9213550278335512,0.9115438571485573,0.9158599006329057
403,0.0027005432006260185,0.011133291209091012,,False,0.980720955919269,0.9790903829892197,0.9701485802667484,0.9743038009379722,0.9389558232931727,0.923305363424929,0.9119733041920374,0.9168935829177731
404,0.0026941830973222715,0.011114221345043546,,False,0.9809217792951099,0.9792757908229982,0.9703217098548844,0.9744758048344269,0.9385542168674699,0.9213000381428126,0.9115934126835332,0.9158781140543797
405,0.0026919124783334695,0.011136851466550256,,False,0.9810221909830305,0.9789205262635721,0.9704103859212141,0.9743701648804568,0.9381526104417671,0.9209301357069266,0.9112077530512983,0.9154920891513311
406,0.00268793185070189,0.01112960210421882,,False,0.9810221909830305,0.9793807325777961,0.9704103859212141,0.974572893948291,0.9381526104417671,0.9209540442793666,0.9111684902556662,0.9154859186495558
407,0.0026855695402771356,0.011117852634550923,,False,0.9808213676071895,0.9791743746034602,0.9698049824695109,0.9741435635815294,0.9393574297188755,0.9236569659770342,0.9123300875069662,0.9172437286498335
408,0.0026785281481893413,0.011118378090543097,,False,0.9810221909830305,0.9793745555010995,0.9704103859212141,0.9745716734408272,0.9385542168674699,0.9212937319590802,0.911537459612459,0.9158359382551434
409,0.0026769830033531675,0.011108037283131124,,False,0.9811226026709509,0.9794285604104704,0.9705055152971654,0.9746466839842939,0.9385542168674699,0.9212724548350302,0.9115998187021158,0.9158734041831633
410,0.002672403386685349,0.0111039368671738,,False,0.9810221909830305,0.9793603558717491,0.9704103075243362,0.9745637864217824,0.9369477911646586,0.9198266371130028,0.9100841547054779,0.9143867400536221
411,0.0026678382597074947,0.011117117382975607,,False,0.9811226026709509,0.9794634890382576,0.9705036782059422,0.9746648125541029,0.9369477911646586,0.9198266371130028,0.9100841547054779,0.9143867400536221
412,0.002665104279115134,0.011114828935539507,,False,0.9811226026709509,0.9799220270272083,0.9705036782059422,0.9748598744361416,0.9377510040160643,0.9205374687925207,0.9108336415660757,0.9151080111255904
413,0.002659620872470492,0.011117934587613273,,False,0.9811226026709509,0.9794652012544043,0.9705036782059422,0.9746651269795529,0.9389558232931727,0.9232328039914844,0.9119167132261113,0.9168446623370546
414,0.0026573993411999892,0.011106024147481405,,False,0.9811226026709509,0.9794635864411865,0.9705036782059422,0.9746671501712493,0.9389558232931727,0.9232450515939399,0.9119675241687558,0.9168774788221676
415,0.002653004008391771,0.011114292556644648,,False,0.9811226026709509,0.9794560973146608,0.9705036782059422,0.97465829377707,0.9373493975903614,0.9202062716466953,0.9104582661907004,0.9147596723772463
416,0.0026502631430425526,0.011099450871210637,,False,0.9811226026709509,0.9799032921433768,0.9700867748117962,0.9746153572997766,0.9377510040160643,0.9205094252302085,0.9108451897130883,0.9151149169431095
417,0.002646260221859344,0.011107542930170015,,False,0.9812230143588714,0.9795496240011062,0.9705988075818934,0.9747574416942612,0.9377510040160643,0.9205744097456738,0.9107943787704436,0.9151129863259315
418,0.0026426626852731395,0.011101330180156454,,False,0.9811226026709509,0.9794560504942214,0.9705036782059422,0.9746607980001833,0.9377510040160643,0.9220835499478368,0.9107956341781122,0.9157090761108984
419,0.0026394907493011007,0.011111451980228684,,False,0.9812230143588714,0.9795546187233585,0.9705988075818934,0.9747584558550917,0.9377510040160643,0.9205603656710293,0.9107956341781122,0.9151032902175749
420,0.002633239893013353,0.011101689491438674,,False,0.9812230143588714,0.9800017498184229,0.9705988075818934,0.9749508937494649,0.9381526104417671,0.9224500147355492,0.9111697456633348,0.9160797931547298
421,0.002634777642980203,0.011097596497141822,,False,0.9812230143588714,0.9800069369092161,0.9705988075818934,0.9749562415559705,0.9401606425702811,0.9243293187841002,0.9130454537003617,0.9179541063645238
422,0.002626238028908934,0.011116919812924462,,False,0.9812230143588714,0.9795430866273409,0.9705988075818934,0.9747532066181837,0.9381526104417671,0.9209116873617423,0.9111684902556662,0.9154705181879493
423,0.002626371579336952,0.011098549128230856,,False,0.9812230143588714,0.980003881459101,0.9705988075818934,0.9749514274786303,0.9373493975903614,0.9200984849000299,0.910433070839902,0.9147094673631658
424,0.0026202094723873927,0.011105071202638143,,False,0.9812230143588714,0.9804703246907595,0.9705988075818934,0.9751531618175628,0.9389558232931727,0.9231990798077498,0.9119179686337799,0.9168226981533996
425,0.0026163007415288563,0.01110587968002429,,False,0.9812230143588714,0.9804724284003865,0.9705988075818934,0.9751540877007927,0.9397590361445783,0.9239284283340307,0.9126790036413903,0.9175701953173435
426,0.0026133090172582385,0.011112100667149113,,False,0.9812230143588714,0.9800052920527906,0.9705988075818934,0.974953973360531,0.9389558232931727,0.9231990798077498,0.9119179686337799,0.9168226981533996
427,0.002611554021543757,0.01111951260271435,,False,0.9812230143588714,0.9800009803758232,0.9705988075818934,0.9749511658951975,0.9385542168674699,0.9228033710592999,0.9115438571485573,0.9164431098029484
428,0.0026078471767593116,0.011115431546074818,,False,0.9812230143588714,0.9800120881786807,0.9705988075818934,0.9749564062644043,0.9385542168674699,0.922851220600411,0.9115489992769871,0.9164723867481374
429,0.0026042877057271697,0.011095978393348603,,False,0.9812230143588714,0.9800017521271376,0.9705988075818934,0.9749510681427567,0.9381526104417671,0.9224518365782556,0.9111697456633348,0.9160812403869986
430,0.0026045496579739495,0.01111835758536268,,False,0.9812230143588714,0.9800057660635991,0.9705988075818934,0.9749572206833117,0.9393574297188755,0.9235830604341795,0.9122984861375851,0.9172043926835829
431,0.002603686268813085,0.011106377645192327,,False,0.9812230143588714,0.9800094525063593,0.9705988075818934,0.97495654664265,0.9389558232931727,0.9232028056109063,0.9119231107622097,0.9168354144170543
432,0.0025960069318167454,0.011102130022229532,,False,0.9813234260467918,0.9796515583804474,0.9706895105297393,0.9748497991848016,0.9385542168674699,0.9228238871663788,0.9115489992769871,0.9164645249573395
433,0.0025942924567267656,0.011139478492171586,,False,0.9812230143588714,0.9800168687610279,0.9705988075818934,0.9749585356135169,0.9385542168674699,0.9228107316399892,0.9115489992769871,0.9164563866884995
434,0.0025919785273986295,0.01111528029250865,,False,0.9813234260467918,0.9805642080615947,0.9706926514257374,0.9752452870195418,0.9385542168674699,0.922817666781677,0.9115425932584045,0.9164537688617366
435,0.0025876178218018075,0.011106314448396118,,False,0.9814238377347123,0.9801924385233751,0.9707833543735832,0.9751364055584558,0.9385542168674699,0.922817666781677,0.9115425932584045,0.9164537688617366
436,0.002585817354584514,0.011113136273950731,,False,0.9813234260467918,0.9801098020678671,0.9706895105297393,0.9750480556329324,0.9369477911646586,0.9212993655658376,0.9100461473175143,0.9149595953488289
437,0.0025809704406837774,0.011097867166160435,,False,0.9814238377347123,0.980192370977783,0.9707833543735832,0.9751365800774295,0.9381526104417671,0.9224106665392038,0.9111812938103471,0.9160792770112494
438,0.0025791527321271258,0.011105235604998166,,False,0.9814238377347123,0.9802059791369562,0.9707833543735832,0.9751453595731725,0.9385542168674699,0.9228238871663788,0.9115489992769871,0.9164645249573395
439,0.002575262675994492,0.011097022150586807,,False,0.9814238377347123,0.9801884599316788,0.9707833543735832,0.9751366772803249,0.9381526104417671,0.9224387483371496,0.9111684817731819,0.9160828794020216
440,0.002575392114981197,0.011095255406591753,,False,0.9814238377347123,0.9806610509815984,0.9707833543735832,0.9753367131617439,0.9373493975903614,0.921647210040422,0.9104266648213195,0.915326007579351
441,0.0025705605237177523,0.011103597765262306,,False,0.9815242494226328,0.9802877922182335,0.9708767250551892,0.9752331190541406,0.9385542168674699,0.9228238871663788,0.9115489992769871,0.9164645249573395
442,0.0025680976411623924,0.011107662144498398,,False,0.9814238377347123,0.980198209458991,0.9707833543735832,0.9751399748466779,0.9381526104417671,0.9224249547977832,0.9111812938103471,0.916088016685536
443,0.0025660293301540283,0.011102881893043546,,False,0.9814238377347123,0.9806486451068914,0.9707833543735832,0.9753321026337934,0.9377510040160643,0.9220618607147588,0.9107943702879593,0.9157118653394762
444,0.002564938145083947,0.01109005736181182,,False,0.9815242494226328,0.9802813845170173,0.9708767250551892,0.9752308416831441,0.9381526104417671,0.9224387483371496,0.9111684817731819,0.9160828794020216
445,0.0025593511425590293,0.011098926649655226,,False,0.9814238377347123,0.9801911088711976,0.9707833543735832,0.9751372539890322,0.9389558232931727,0.9231704058909203,0.9119295167807923,0.9168302800017616
446,0.0025573412988645094,0.011087448711872384,,False,0.9815242494226328,0.9798257811738461,0.9708767250551892,0.975031994798745,0.9385542168674699,0.9228238871663788,0.9115489992769871,0.9164645249573395
447,0.0025545900477268206,0.011106450116411029,,False,0.9815242494226328,0.9798392049036807,0.9708767250551892,0.9750381347549377,0.9377510040160643,0.9220704235521827,0.9107943702879593,0.9157123110953354
448,0.0025530122232119393,0.011114616339153633,,False,0.9815242494226328,0.9807456583468682,0.9708767250551892,0.9754298218178605,0.9381526104417671,0.9224387483371496,0.9111684817731819,0.9160828794020216
449,0.0025489689358705885,0.011097210083247443,,False,0.9815242494226328,0.9798232803506113,0.9708767250551892,0.9750288853591902,0.9373493975903614,0.9216932972440125,0.9104202588027367,0.9153406160857958
450,0.0025465674385879637,0.011097671163939433,,False,0.9815242494226328,0.980735587711385,0.9708767250551892,0.9754239689810489,0.9373493975903614,0.9216932972440125,0.9104202588027367,0.9153406160857958
451,0.0025445275438571537,0.01110989100997508,,False,0.9816246611105532,0.9808347465110878,0.9709718544311404,0.9755186223000644,0.9389558232931727,0.9231704058909203,0.9119295167807923,0.9168302800017616
452,0.0025413598916977833,0.01109185687457978,,False,0.9815242494226328,0.9807530667387641,0.9708767250551892,0.9754307496638401,0.9377510040160643,0.9220400001005044,0.9108007763065419,0.9157070781718153
453,0.0025385170408729497,0.01109905641162667,,False,0.9816246611105532,0.9799122158324631,0.9709718544311404,0.9751192393580779,0.9381526104417671,0.9224249547977832,0.9111812938103471,0.916088016685536
454,0.002536056089389503,0.011099141491177645,,False,0.9815242494226328,0.9798206312113362,0.9708767250551892,0.9750280953094594,0.9377510040160643,0.9220618607147588,0.9107943702879593,0.9157118653394762
455,0.002537433009497281,0.011088362874748335,,False,0.9816246611105532,0.9803799464799025,0.9709674280030348,0.9753208095193653,0.9369477911646586,0.9212465856696637,0.9100589593546794,0.9149465291428179
456,0.0025327870201757156,0.011107447299351337,,False,0.9815242494226328,0.9802835557316725,0.9708767250551892,0.9752291592452951,0.9377510040160643,0.9220618607147588,0.9107943702879593,0.9157118653394762
457,0.0025282994467062344,0.0110832786606147,,False,0.9817250727984738,0.9804881112338886,0.9714794607731323,0.9756584133250065,0.9377510040160643,0.9220400001005044,0.9108007763065419,0.9157070781718153
458,0.0025263709059129215,0.011086739575462013,,False,0.9818254844863942,0.9796552672001894,0.9715745901490835,0.9753484363562381,0.9385542168674699,0.92279351826853,0.9115554052955697,0.9164592659392162
459,0.002525024757954187,0.011086560433083002,,False,0.9817250727984738,0.9800238146302545,0.9714794607731323,0.9754601539291534,0.9389558232931727,0.9231639617876427,0.9119295167807923,0.91683036900221
460,0.00251921326221699,0.011099180932323196,,False,0.9817250727984738,0.9804766998988088,0.9714794607731323,0.9756531943791037,0.9377510040160643,0.9220400001005044,0.9108007763065419,0.9157070781718153
461,0.0025191307046945315,0.011074414609385921,,False,0.9817250727984738,0.9800292183419954,0.9714794607731323,0.9754610195817782,0.9381526104417671,0.9224085635712509,0.9111748877917645,0.9160783274254956
462,0.002518343036214695,0.011095294690227698,,False,0.9817250727984738,0.9804898037494778,0.9714794607731323,0.975659915025068,0.9369477911646586,0.9212465856696637,0.9100589593546794,0.9149465291428179
463,0.0025126786032440523,0.011070795134416648,,False,0.9817250727984738,0.9804857413249609,0.9714794607731323,0.9756597596082401,0.9381526104417671,0.9224323042338719,0.9111684817731819,0.91608296840247
464,0.002510964798573372,0.011101817548580754,,False,0.9817250727984738,0.9795813689264635,0.9714794607731323,0.9752628287758706,0.9369477911646586,0.9213181746109907,0.9100461473175143,0.9149687869147649
465,0.0025066616831491205,0.011110789192222581,,False,0.9817250727984738,0.9809515600931736,0.9714794607731323,0.9758594959465038,0.9369477911646586,0.9212718438835048,0.9100525533360968,0.9149534905715134
466,0.002503350578847525,0.011102009663097151,,False,0.9817250727984738,0.9795695617723873,0.9714794607731323,0.9752573453608692,0.9377510040160643,0.9220252028677037,0.9108007763065419,0.9156998678243684
467,0.002502397603655952,0.011110646795624365,,False,0.9817250727984738,0.9800339939872558,0.9714794607731323,0.9754634728844742,0.9381526104417671,0.9224387483371496,0.9111684817731819,0.9160828794020216
468,0.002499920839463974,0.011108280532000662,,False,0.9818254844863942,0.9792080305758536,0.9715745901490835,0.9751482059268848,0.9377510040160643,0.922012055134574,0.9108071823251246,0.9157016666145338
469,0.002494321048858906,0.01109330482220553,,False,0.9817250727984738,0.980498457124985,0.9714794607731323,0.9756643353006716,0.9377510040160643,0.9220336820268857,0.9108007763065419,0.9157071826348049
470,0.0024922049355834463,0.011092539062076193,,False,0.9817250727984738,0.9795812791855022,0.9714794607731323,0.9752626760630617,0.9389558232931727,0.9231699603073703,0.9119231107622097,0.9168315233817914
471,0.0024896253322421193,0.01108830279148328,,False,0.9817250727984738,0.9795827146095668,0.9714794607731323,0.9752645293407546,0.9385542168674699,0.9228250037961154,0.9115489992769871,0.9164739055281442
472,0.002486797905477452,0.011092008122701513,,False,0.9817250727984738,0.979582747993506,0.9714794607731323,0.9752614291198205,0.9377510040160643,0.9220400001005044,0.9108007763065419,0.9157070781718153
473,0.002484070024440665,0.011086197906862015,,False,0.9817250727984738,0.9800373815875439,0.9714794607731323,0.9754639107494358,0.9377510040160643,0.9220576613752863,0.9107943702879593,0.9157125045587736
474,0.0024820068762009453,0.01109671862627944,,False,0.9817250727984738,0.9800305174284634,0.9714794607731323,0.9754613784863978,0.9385542168674699,0.9227790070903639,0.9115489992769871,0.9164494304884896
475,0.002478117909339448,0.011091527135363728,,False,0.9817250727984738,0.9800388283696844,0.9714794607731323,0.9754626616041752,0.9381526104417671,0.9224085635712509,0.9111748877917645,0.9160783274254956
476,0.002476396522057555,0.011085884209929325,,False,0.9817250727984738,0.9804849627473244,0.9714794607731323,0.9756601705486921,0.9385542168674699,0.9228186857224967,0.9115489992769871,0.9164740099911339
477,0.0024735415134385214,0.011091106260955559,,False,0.9817250727984738,0.9795677093598092,0.9714794607731323,0.9752558009064926,0.9385542168674699,0.9228250037961154,0.9115489992769871,0.9164739055281442
478,0.0024717838500230888,0.011095655901379932,,False,0.9818254844863942,0.9805506968314042,0.9715745901490835,0.975740632275801,0.9389558232931727,0.9231930922663533,0.9119231107622097,0.9168437962982554
479,0.0024708480369491637,0.011094366657722052,,False,0.9817250727984738,0.9795677987561435,0.9714794607731323,0.9752585193992837,0.9389558232931727,0.9231930922663533,0.9119231107622097,0.9168437962982554
480,0.0024669250146501617,0.011086411321970116,,False,0.9818254844863942,0.9805807566415121,0.9715727530578603,0.9757558894029681,0.9385542168674699,0.9227790070903639,0.9115489992769871,0.9164494304884896
481,0.0024636642264291232,0.011102096139474271,,False,0.9819258961743147,0.979754489511548,0.9716678824338116,0.975443257012926,0.9381526104417671,0.9224251102444008,0.9111748877917645,0.9160906340116759
482,0.002462033598276734,0.01109159852434057,,False,0.9819258961743147,0.980653356710245,0.9716678824338116,0.9758366711792019,0.9377510040160643,0.9220166400302803,0.9108007763065419,0.9156994220685094
483,0.00245910786330064,0.011101074900390489,,False,0.9818254844863942,0.9805871155207435,0.9715727530578603,0.9757582242940798,0.9389558232931727,0.9231930922663533,0.9119231107622097,0.9168437962982554
484,0.0024584544559124307,0.011107685777331396,,False,0.9819258961743147,0.9797502250533748,0.9716678824338116,0.9754430668458473,0.9389558232931727,0.9231930922663533,0.9119231107622097,0.9168437962982554
485,0.0024550650216459214,0.0110860892279892,,False,0.9820263078622352,0.9807432261532667,0.9717611747185396,0.9759307506978764,0.9377510040160643,0.9220584373965591,0.9108007763065419,0.9157245363274615
486,0.002454817077572226,0.011092434249677392,,False,0.9820263078622352,0.9798313669185735,0.9717611747185396,0.9755313260693074,0.9377510040160643,0.9220139733794651,0.9108071823251246,0.9157068038728862
487,0.0024508705085678063,0.011088129740697037,,False,0.9820263078622352,0.9798403801011131,0.9717611747185396,0.9755355495879269,0.9389558232931727,0.9231862056432918,0.9119295167807923,0.9168482569151178
488,0.002449172872035991,0.011069915055804474,,False,0.9818254844863942,0.9796792884780956,0.9715727530578603,0.9753593471386002,0.9385542168674699,0.9228186857224967,0.9115489992769871,0.9164740099911339
489,0.0024463835547217714,0.01108736493197302,,False,0.9820263078622352,0.9798327451088488,0.9717611747185396,0.9755333719740267,0.9385542168674699,0.9228250037961154,0.9115489992769871,0.9164739055281442
490,0.00244643905462895,0.01108907259937616,,False,0.9818254844863942,0.9805666943347694,0.9715727530578603,0.975751576762933,0.9389558232931727,0.9231930922663533,0.9119231107622097,0.9168437962982554
491,0.0024423518065980073,0.011089791861339541,,False,0.9820263078622352,0.980299484029215,0.9717611747185396,0.9757367222918975,0.9377510040160643,0.9220565467736545,0.9108007763065419,0.9157193847579954
492,0.0024406862669970704,0.01109508964535565,,False,0.9820263078622352,0.9807501485507841,0.9717611747185396,0.9759353408387285,0.9385542168674699,0.9228250037961154,0.9115489992769871,0.9164739055281442
493,0.002438220837862135,0.011079232716130668,,False,0.9820263078622352,0.9807530836164915,0.9717611747185396,0.9759367865761865,0.9381526104417671,0.9224333189409243,0.9111748877917645,0.9160956811181522
494,0.002437644504536215,0.011097508029360739,,False,0.9820263078622352,0.9802785011330903,0.9717611747185396,0.9757274930267307,0.9389558232931727,0.9231782950335526,0.9119231107622097,0.9168365859508089
495,0.0024349660668160624,0.01109081998492971,,False,0.9820263078622352,0.9807619079228458,0.9717611747185396,0.9759383852325794,0.9377510040160643,0.9220565467736545,0.9108007763065419,0.9157193847579954
496,0.002432788610285359,0.01108402193508494,,False,0.9820263078622352,0.9807391930903838,0.9717611747185396,0.9759260046389746,0.9385542168674699,0.9228186857224967,0.9115489992769871,0.9164740099911339
497,0.002432099112861649,0.0111006753542746,,False,0.9819258961743147,0.980679416917267,0.9716660453425884,0.9758532693727633,0.9389558232931727,0.9231930922663533,0.9119231107622097,0.9168437962982554
498,0.002430178926250963,0.011081627779803994,,False,0.9820263078622352,0.9812126151101064,0.9717611747185396,0.976136166343109,0.9381526104417671,0.9224216451764831,0.9111812938103471,0.9160987735855143
499,0.0024290210659734576,0.011094633100749991,,False,0.9820263078622352,0.9798207140353323,0.9717611747185396,0.9755266754889083,0.9389558232931727,0.9231798875696732,0.9119295167807923,0.9168483613781075
500,0.0024251021849524147,0.01108424167566994,,False,0.9820263078622352,0.980284107486209,0.9717611747185396,0.9757298730358721,0.9381526104417671,0.9224216451764831,0.9111812938103471,0.9160987735855143
501,0.0024227903873221958,0.011096173528993057,,False,0.9820263078622352,0.9812120398205804,0.9717611747185396,0.9761352055661666,0.9381526104417671,0.9224123724390468,0.9111748877917645,0.9160886162533141
502,0.0024224975304583166,0.011090805119223517,,False,0.9820263078622352,0.9812030578944526,0.9717611747185396,0.9761290410702055,0.9381526104417671,0.9224070167482243,0.9111812938103471,0.9160916042576867
503,0.0024191541889032686,0.011070762191672884,,False,0.9820263078622352,0.9798343625797978,0.9717611747185396,0.975532405337085,0.9385542168674699,0.9228186857224967,0.9115489992769871,0.9164740099911339
504,0.002416313626367427,0.011087551406338691,,False,0.9820263078622352,0.9802847914231513,0.9717611747185396,0.9757309462040672,0.9385542168674699,0.9228186857224967,0.9115489992769871,0.9164740099911339
505,0.0024141595940560404,0.011098208474724806,,False,0.9820263078622352,0.9798335304116933,0.9717611747185396,0.9755310561253082,0.9389558232931727,0.9231930922663533,0.9119231107622097,0.9168437962982554
506,0.002412106226419462,0.01109314704854116,,False,0.9821267195501556,0.9799251100392087,0.9718545454001456,0.9756256660930601,0.9385542168674699,0.9228143876973749,0.9115502546846557,0.916466261853608
507,0.0024099356331797684,0.011081499112609864,,False,0.9820263078622352,0.9798419396739111,0.9717611747185396,0.9755348924511718,0.9377510040160643,0.9220584373965591,0.9108007763065419,0.9157245363274615
508,0.002407720833981628,0.011089704222481697,,False,0.9821267195501556,0.9799204073870299,0.9718545454001456,0.9756253326374096,0.9381526104417671,0.9224503609375299,0.9111748877917645,0.9161034416844477
509,0.002406094071345003,0.011097948380189413,,False,0.9821267195501556,0.9803831133558221,0.9718545454001456,0.9758288944507965,0.9385542168674699,0.9228186857224967,0.9115489992769871,0.9164740099911339
510,0.0024046169703318214,0.011109924832121415,,False,0.9821267195501556,0.9808357719220753,0.9718545454001456,0.9760248302337329,0.9381526104417671,0.9224070167482243,0.9111812938103471,0.9160916042576867
511,0.002401238114235213,0.011118428938825751,,False,0.9821267195501556,0.9808302327024518,0.9718545454001456,0.9760202037178901,0.9377510040160643,0.9220438089683003,0.9108007763065419,0.9157173669996338
512,0.002398165341039168,0.011109652873010493,,False,0.9821267195501556,0.9803807006280104,0.9718545454001456,0.9758274108572235,0.9385542168674699,0.9228186857224967,0.9115489992769871,0.9164740099911339
513,0.002395957661948326,0.011099402067276899,,False,0.9821267195501556,0.9803866084884036,0.9718545454001456,0.975829642864632,0.9385542168674699,0.9228186857224967,0.9115489992769871,0.9164740099911339
514,0.0023953934180829745,0.011119406819568103,,False,0.9821267195501556,0.9813099571688143,0.9718545454001456,0.9762291865410765,0.9381526104417671,0.9224123724390468,0.9111748877917645,0.9160886162533141
515,0.002393647115099619,0.011110559363984933,,False,0.9821267195501556,0.9803869510767272,0.9718545454001456,0.9758290624314707,0.9377510040160643,0.9220584373965591,0.9108007763065419,0.9157245363274615
516,0.002390354258704767,0.011117124850227143,,False,0.9821267195501556,0.980379839138458,0.9718545454001456,0.9758281609278209,0.9385542168674699,0.9228186857224967,0.9115489992769871,0.9164740099911339
517,0.002389197218910212,0.011129342444646046,,False,0.9822271312380761,0.9804682278801415,0.9719479160817516,0.9759174290166723,0.9381526104417671,0.9224123724390468,0.9111748877917645,0.9160886162533141
518,0.002387057658120754,0.011102801988331462,,False,0.9822271312380761,0.980007467184153,0.9719479160817516,0.9757186995302833,0.9385542168674699,0.9228186857224967,0.9115489992769871,0.9164740099911339
519,0.0023866745318786996,0.011107183529084292,,False,0.9822271312380761,0.9813729885629972,0.9719479160817516,0.9763135570952863,0.9385542168674699,0.9227736701755975,0.9115368132351231,0.9164529579639736
520,0.00238260125021983,0.011118310821516911,,False,0.9822271312380761,0.9800126284103935,0.9719479160817516,0.9757181122794635,0.9381526104417671,0.9224399811535182,0.9111761431994331,0.9160964755464863
521,0.0023804358019082384,0.01110859168937693,,False,0.9822271312380761,0.9800157553721563,0.9719479160817516,0.9757210547168282,0.9381526104417671,0.9224399811535182,0.9111761431994331,0.9160964755464863
522,0.0023792170751599467,0.011105743632990791,,False,0.9822271312380761,0.9800235936368433,0.9719479160817516,0.9757237023457098,0.9385542168674699,0.9228186857224967,0.9115489992769871,0.9164740099911339
523,0.0023764944133477326,0.011104034735035287,,False,0.9822271312380761,0.980461498123291,0.9719479160817516,0.9759161024381515,0.9381526104417671,0.9224399811535182,0.9111761431994331,0.9160964755464863
524,0.002374825054036169,0.01110142674986915,,False,0.9822271312380761,0.9809376707582234,0.9719479160817516,0.97612466931596,0.9381526104417671,0.9224399811535182,0.9111761431994331,0.9160964755464863
525,0.0023734985631907323,0.011123455780415238,,False,0.9822271312380761,0.9804698192581883,0.9719479160817516,0.9759167838300269,0.9377510040160643,0.9220314044908875,0.9108020317142105,0.915711168784333
526,0.002371393730219552,0.011126907289030232,,False,0.9822271312380761,0.9804655721153398,0.9719479160817516,0.9759147278695719,0.9381526104417671,0.9224217994861833,0.9111761431994331,0.9160887580414057
527,0.00236879084431636,0.011114513690664985,,False,0.9822271312380761,0.9804676934452274,0.9719479160817516,0.9759170282379745,0.9385542168674699,0.9228023032231609,0.9115380686427917,0.9164607704937269
528,0.0023663267379231676,0.011107787834766382,,False,0.9822271312380761,0.9804694326792437,0.9719479160817516,0.9759197685217758,0.9385542168674699,0.9228023032231609,0.9115380686427917,0.9164607704937269
529,0.0023647443504287687,0.011108998249341763,,False,0.9822271312380761,0.9804711556167168,0.9719479160817516,0.975921504736444,0.9381526104417671,0.9224094786972405,0.9111639571575691,0.9160825891449496
530,0.002363604173946292,0.011120610761717683,,False,0.9822271312380761,0.980010590912774,0.9719479160817516,0.9757161404506396,0.9385542168674699,0.922783097222734,0.9115380686427917,0.9164530997520652
531,0.0023617045893049265,0.011132607240881592,,False,0.9823275429259966,0.9805700718899466,0.9724599488518488,0.9762507808285972,0.9393574297188755,0.9235363416097103,0.912286291613237,0.9171937428615239
532,0.0023583713411070243,0.011131655337951837,,False,0.9822271312380761,0.9804736267314339,0.9719479160817516,0.9759201732408539,0.9381526104417671,0.9223927022274382,0.9111639571575691,0.9160755104949926
533,0.0023570518008592814,0.011106791480823419,,False,0.9824279546139171,0.9806549989666392,0.9725533195334548,0.976341256594029,0.9381526104417671,0.9224106514578609,0.9111639571575691,0.9160842657009515
534,0.0023531199137232553,0.011124347750242423,,False,0.9823275429259966,0.9801227803072704,0.9724599488518488,0.9760528549096514,0.9385542168674699,0.9228023032231609,0.9115380686427917,0.9164607704937269
535,0.0023531688589189938,0.011123890410688394,,False,0.982628777989758,0.9804199821798361,0.9731586445882802,0.9765763362793738,0.9393574297188755,0.9235357417361985,0.912286291613237,0.9172019706096592
536,0.0023487872023688207,0.01113709191318617,,False,0.9825283663018375,0.9807434817117687,0.9726466118181829,0.9764333038683364,0.9385542168674699,0.922770204225777,0.9115380686427917,0.9164553504973397
537,0.002346965839949803,0.011117694556287458,,False,0.9825283663018375,0.9803037948648713,0.9726466118181829,0.9762401988056454,0.9385542168674699,0.9227881534561999,0.9115380686427917,0.9164641057032986
538,0.0023438175092597565,0.011139485089230388,,False,0.9825283663018375,0.9802966660042155,0.9726466118181829,0.9762366925414597,0.9385542168674699,0.922770204225777,0.9115380686427917,0.9164553504973397
539,0.0023436439686000256,0.011140349669509213,,False,0.9827291896776785,0.9809329639210537,0.9728333531813949,0.9766230369655285,0.9389558232931727,0.9231650923541578,0.9119057741094316,0.916821439978997
540,0.002339811764914679,0.011131454855630723,,False,0.982628777989758,0.9804121861939259,0.9731586445882802,0.9765718659416349,0.9381526104417671,0.9223811780891364,0.9111639571575691,0.9160794801114824
541,0.0023379252550624835,0.011138854767095826,,False,0.982628777989758,0.9803894166312153,0.9727399824997889,0.9763280451346206,0.9385542168674699,0.922770204225777,0.9115380686427917,0.9164553504973397
542,0.002334450430363702,0.011133210739076431,,False,0.9828296013655989,0.980597497702044,0.9733453859514921,0.9767600197088782,0.9381526104417671,0.9223811780891364,0.9111639571575691,0.9160794801114824
543,0.002333029355830313,0.011124977142251876,,False,0.9828296013655989,0.981036210521083,0.9733453859514921,0.9769547132265584,0.9381526104417671,0.9223977584609043,0.9111639571575691,0.916086516446226
544,0.002331405443047513,0.011140438198912556,,False,0.9828296013655989,0.9810464084138784,0.9733453859514921,0.9769601031851332,0.9389558232931727,0.9231304094194637,0.9119121801280143,0.916820373259312
545,0.002327925450718727,0.011135262859007422,,False,0.9828296013655989,0.9805960528609776,0.9733453859514921,0.9767573174693559,0.9381526104417671,0.9223811780891364,0.9111639571575691,0.9160794801114824
546,0.0023252847303443444,0.011140322286098268,,False,0.9828296013655989,0.9805987868355525,0.9733453859514921,0.976761045169435,0.9385542168674699,0.9227547966146302,0.9115380686427917,0.916449990718598
547,0.0023247475142337995,0.011146716430558893,,False,0.9829300130535195,0.9806823019564332,0.9734387566330981,0.9768512036426189,0.9389558232931727,0.9231595730429218,0.9119057741094316,0.9168214681068165
548,0.0023207991724093803,0.011148806198301586,,False,0.9828296013655989,0.9806007882459044,0.9733453859514921,0.9767626279585612,0.9389558232931727,0.9231304094194637,0.9119121801280143,0.916820373259312
549,0.0023185062244626096,0.011150503456440234,,False,0.9828296013655989,0.9810286688046111,0.9733453859514921,0.976951786668164,0.9389558232931727,0.9231304094194637,0.9119121801280143,0.916820373259312
550,0.0023163402773168575,0.011150075834609871,,False,0.9828296013655989,0.9806040276776634,0.9733453859514921,0.9767614682075229,0.9389558232931727,0.9231304094194637,0.9119121801280143,0.916820373259312
551,0.0023140133199884617,0.011152551602702301,,False,0.9829300130535195,0.9811346320440403,0.9734387566330981,0.9770514237500824,0.9385542168674699,0.9227710785659065,0.911531662624209,0.9164458741584112
552,0.00231241211227754,0.011155299763922894,,False,0.9828296013655989,0.9805968931345225,0.9733453859514921,0.9767582836236968,0.9393574297188755,0.9240095964199695,0.9139697932967386,0.9184256514125457
553,0.0023094314425860067,0.011154052616468768,,False,0.9828296013655989,0.9810510140362729,0.9733453859514921,0.9769604969115567,0.9389558232931727,0.9231304094194637,0.9119121801280143,0.916820373259312
554,0.0023172930987721894,0.011180333504768316,,False,0.9829300130535195,0.9815843504004622,0.9734387566330981,0.9772513069568737,0.9385542168674699,0.922776181850216,0.911543848666073,0.9164448074649493
555,0.0023055950496011545,0.011157539060788969,,False,0.9829300130535195,0.9806718807997848,0.9734387566330981,0.9768453886198345,0.9393574297188755,0.9240095964199695,0.9139697932967386,0.9184256514125457
556,0.002303529190913748,0.01115086607721228,,False,0.9829300130535195,0.9806870318442817,0.9734387566330981,0.9768523815832837,0.9385542168674699,0.9227710785659065,0.911531662624209,0.9164458741584112
557,0.002301431365909828,0.01114708008453669,,False,0.9829300130535195,0.980681306729092,0.9734387566330981,0.9768502402111771,0.9381526104417671,0.9223811780891364,0.9111639571575691,0.9160794801114824
558,0.0022995617960224115,0.011137846140370776,,False,0.9829300130535195,0.9806880858839419,0.9734387566330981,0.9768525076623847,0.9381526104417671,0.9223977584609043,0.9111639571575691,0.916086516446226
559,0.0022975114727008025,0.011136286610901257,,False,0.9830304247414399,0.9807566327946972,0.9735320489178262,0.9769345731930211,0.9381526104417671,0.9223811780891364,0.9111639571575691,0.9160794801114824
560,0.0022953486776714246,0.011157388779994214,,False,0.9829300130535195,0.9806873196068986,0.9734387566330981,0.976850225567277,0.9385542168674699,0.9227710785659065,0.911531662624209,0.9164458741584112
561,0.0022928300815476285,0.011148882053298753,,False,0.9830304247414399,0.9807768359937002,0.9735320489178262,0.9769438203156631,0.9385542168674699,0.9227710785659065,0.911531662624209,0.9164458741584112
562,0.0022925670330235523,0.011150272349176996,,False,0.9829300130535195,0.9806851141581139,0.9734387566330981,0.976849983489263,0.9381526104417671,0.9223811780891364,0.9111639571575691,0.9160794801114824
563,0.0022888841247741,0.011147110985551415,,False,0.9829300130535195,0.9806850581555353,0.9734387566330981,0.9768501884227534,0.9385542168674699,0.9227547966146302,0.9115380686427917,0.916449990718598
564,0.002292574955548487,0.011176297004603448,,False,0.9829300130535195,0.9806911314222376,0.9734387566330981,0.9768539072967811,0.9385542168674699,0.9232679272611121,0.9132273503495747,0.9176744464118555
565,0.0022858048518772855,0.011140988768050137,,False,0.9831308364293604,0.980851542370015,0.9736253412025542,0.9770285760770698,0.9377510040160643,0.9204648099184097,0.9108020317142105,0.9150990618459054
566,0.002282908107549576,0.01113203765000576,,False,0.9831308364293604,0.9808578165413849,0.9736253412025542,0.9770319209195077,0.9385542168674699,0.9227590524492446,0.9115380686427917,0.9164578102141253
567,0.002281048418085084,0.011130421088895975,,False,0.9830304247414399,0.9807817488838995,0.9735320489178262,0.9769457106078472,0.9385542168674699,0.9227590524492446,0.9115380686427917,0.9164578102141253
568,0.0022792544965034634,0.01113799371914516,,False,0.9831308364293604,0.98131648557099,0.9736253412025542,0.9772338763425963,0.9385542168674699,0.9212161040846569,0.9115502546846557,0.9158398622155725
569,0.002278112323888002,0.011123325335136196,,False,0.9831308364293604,0.9808582891422959,0.9736253412025542,0.9770311764211682,0.9381526104417671,0.9223710622774826,0.9111639571575691,0.9160808100533523
570,0.0022757706512606564,0.011132404918767543,,False,0.9830304247414399,0.9807755674085222,0.9735320489178262,0.9769431182840835,0.9377510040160643,0.9204780163559647,0.9107956256956277,0.9150951331493185
571,0.002273829207315625,0.0111346933108913,,False,0.9831308364293604,0.9808559900459913,0.9736253412025542,0.9770297388429293,0.9385542168674699,0.9212161040846569,0.9115502546846557,0.9158398622155725
572,0.002273301347962812,0.011149813773319976,,False,0.9831308364293604,0.9808590448301339,0.9736253412025542,0.9770324147647974,0.9381526104417671,0.9213819380691243,0.9128654249062161,0.9166868491177053
573,0.0022707276517429462,0.011144863008897186,,False,0.9831308364293604,0.9813106825366774,0.9736253412025542,0.9772326307172096,0.9385542168674699,0.9212161040846569,0.9115502546846557,0.9158398622155725
574,0.0022691301393899807,0.01113693556318547,,False,0.9830304247414399,0.9807684737271783,0.9735320489178262,0.9769392282713846,0.9385542168674699,0.9217423942156737,0.9132459424100213,0.9170612974924064
575,0.002267900112081184,0.011147994377675519,,False,0.9830304247414399,0.9807697710611768,0.9735320489178262,0.9769422352966731,0.9381526104417671,0.9213845406310907,0.912853238864352,0.9166933680219321
576,0.0022670544746811456,0.011137930441645532,,False,0.9830304247414399,0.9807843102023059,0.9735320489178262,0.9769477064409303,0.9385542168674699,0.9217459770521214,0.9132337563681572,0.9170677605622157
577,0.0022650101033090996,0.011147922627611441,,False,0.9830304247414399,0.9807872458013835,0.9735320489178262,0.9769461098557213,0.9381526104417671,0.9213819380691243,0.9128654249062161,0.9166868491177053
578,0.002263247748468531,0.011144761735758285,,False,0.9830304247414399,0.9807770633701993,0.9735320489178262,0.9769428991805942,0.9385542168674699,0.9217459770521214,0.9132337563681572,0.9170677605622157
579,0.0022621803054627292,0.011136833306115852,,False,0.9831308364293604,0.9808698239663547,0.9736253412025542,0.9770352489023999,0.9389558232931727,0.9221094315447718,0.9136142738719624,0.9174420141333255
580,0.0022602857969717363,0.011136568684410698,,False,0.9830304247414399,0.9807804586614485,0.9735320489178262,0.9769446848460469,0.9381526104417671,0.9208394527769954,0.9111761431994331,0.9154695256896019
581,0.0022599840371512318,0.01112899761043848,,False,0.9831308364293604,0.9808539796398777,0.9736253412025542,0.9770302127276622,0.9385542168674699,0.9217570796014927,0.9132337563681572,0.9170737466604434
582,0.002257692786813214,0.011134757003113003,,False,0.9831308364293604,0.9808557647346743,0.9736253412025542,0.9770307913664199,0.9377510040160643,0.9210009800082276,0.9124913134209935,0.9163160619627404
583,0.002256128354978165,0.011151972154399538,,False,0.9831308364293604,0.9808665254811937,0.9736253412025542,0.9770347998831053,0.9381526104417671,0.9213819380691243,0.9128654249062161,0.9166868491177053
584,0.0022549771385971095,0.01114882089367391,,False,0.9831308364293604,0.980861519367743,0.9736253412025542,0.9770334408465301,0.9385542168674699,0.9217644393500994,0.9132273503495747,0.9170642016472296
585,0.002254948302042881,0.011146114446633886,,False,0.9831308364293604,0.9808636983021797,0.9736253412025542,0.9770326004708235,0.9389558232931727,0.9221094315447718,0.9136142738719624,0.9174420141333255
586,0.00225345474529607,0.01115491730066128,,False,0.9831308364293604,0.9808603978142061,0.9736253412025542,0.9770317672856468,0.9389558232931727,0.9221094315447718,0.9136142738719624,0.9174420141333255
587,0.002250462066666585,0.011139228859649537,,False,0.9831308364293604,0.9808646449570548,0.9736253412025542,0.9770338232461017,0.9381526104417671,0.9213624164292583,0.9128718309247987,0.916690454503024
588,0.002248987341743881,0.011143827331673224,,False,0.9831308364293604,0.9808558062454035,0.9736253412025542,0.9770289817932901,0.9381526104417671,0.9213624164292583,0.9128718309247987,0.916690454503024
589,0.00224780126904304,0.011139521827477074,,False,0.9831308364293604,0.980856448827691,0.9736253412025542,0.9770308954126468,0.9385542168674699,0.9217644393500994,0.9132273503495747,0.9170642016472296
590,0.002246200691396605,0.011132006674243168,,False,0.9831308364293604,0.9808550313162885,0.9736253412025542,0.977029461382776,0.9385542168674699,0.9217423942156737,0.9132459424100213,0.9170612974924064
591,0.002245085327341217,0.011144919867694655,,False,0.9832312481172808,0.9805160419469716,0.9737187118841601,0.9769276968195878,0.9377510040160643,0.9210009800082276,0.9124913134209935,0.9163160619627404
592,0.002243783439691352,0.011151397985425976,,False,0.9832312481172808,0.9809631050002996,0.9737187118841601,0.977130858892234,0.9377510040160643,0.9210009800082276,0.9124913134209935,0.9163160619627404
593,0.0022439099716146577,0.011149568352199537,,False,0.9832312481172808,0.98095224178115,0.9737187118841601,0.9771262860775933,0.9381526104417671,0.9213819380691243,0.9128654249062161,0.9166868491177053
594,0.0022409101519550606,0.011137947900224224,,False,0.9832312481172808,0.9809581061788007,0.9737187118841601,0.9771287328497742,0.9377510040160643,0.9204720873152445,0.9108078117374918,0.9150881077816797
595,0.0022394945164637262,0.01114129108851196,,False,0.9833316598052013,0.9810375733650295,0.9738120825657661,0.9772168175278837,0.9385542168674699,0.9217644393500994,0.9132273503495747,0.9170642016472296
596,0.002237838657194557,0.011141175470397007,,False,0.9833316598052013,0.9810360072255749,0.9738120825657661,0.9772153452113215,0.9381526104417671,0.9213819380691243,0.9128654249062161,0.9166868491177053
597,0.0022368240006561007,0.011142806582001346,,False,0.9833316598052013,0.9810360072255749,0.9738120825657661,0.9772153452113215,0.9381526104417671,0.9213819380691243,0.9128654249062161,0.9166868491177053
598,0.002235642538913276,0.011145334409405147,,False,0.9833316598052013,0.9810300619582217,0.9738120825657661,0.9772146576294413,0.9385542168674699,0.9217423942156737,0.9132459424100213,0.9170612974924064
599,0.0022341735580315306,0.011147757795710004,,False,0.9833316598052013,0.9810263160631469,0.9738120825657661,0.9772105806214978,0.9385542168674699,0.9217423942156737,0.9132459424100213,0.9170612974924064
600,0.002233251532017966,0.011161655272739547,,False,0.9833316598052013,0.9810441750572871,0.9738120825657661,0.9772202660672148,0.9381526104417671,0.9213819380691243,0.9128654249062161,0.9166868491177053
