epoch,mse,validation_mse,accuracy,converged,training_accuracy,training_macro_precision_present,training_macro_recall_present,training_macro_f1_present,validation_accuracy,validation_macro_precision_present,validation_macro_recall_present,validation_macro_f1_present
0,0.35800097040643447,0.3569165096047622,,False,0.051009137463600765,0.08730167765442216,0.06034084740948104,0.05489275873168008,0.04939759036144578,0.08117372788562041,0.05803942655621351,0.05130465944363588
1,0.09395938162326285,0.095298574133729,,False,0.24600863540516116,0.188909075349182,0.22024886656606024,0.18661614167988208,0.2421686746987952,0.17521566451208112,0.21949256716958543,0.17993285785887295
2,0.08188642075444949,0.08325902390418329,,False,0.362084546641229,0.25496905427221983,0.3213828475690765,0.2520690480011126,0.35943775100401604,0.2355777663680501,0.31661685426661823,0.24144994924271432
3,0.0741246966518939,0.0754112728871578,,False,0.4189175620042173,0.3008041378130135,0.37166567379408766,0.2857983246560297,0.41526104417670684,0.2897108239058208,0.3672384594637756,0.2783349464572649
4,0.06924227924721404,0.0704296646556909,,False,0.4482377748769957,0.3357104938853313,0.397910700057446,0.3099089241572425,0.4465863453815261,0.3198944067245114,0.3955951356413289,0.30354918525033736
5,0.066007552824765,0.06717170825732431,,False,0.47454563711215986,0.3676862084730334,0.42153540868294354,0.33864267357720373,0.4642570281124498,0.34044530939117323,0.41178501573427045,0.32253565776387677
6,0.06351318514503482,0.06466282239835307,,False,0.5001506175318807,0.4031873543353753,0.44572449212198934,0.3706257461738017,0.4899598393574297,0.3773232876049496,0.4354591686825554,0.3525416959788059
7,0.06118083823307669,0.06239941003300901,,False,0.5258560096395221,0.43378348216153584,0.469667940939733,0.40205199695155913,0.5216867469879518,0.43146550835217834,0.4634506934503589,0.39244496603065715
8,0.058415004029458026,0.05982393927446113,,False,0.5628075107942565,0.474764347680575,0.5030964564550694,0.4471145938648726,0.5626506024096386,0.47226212971757087,0.5019677425942843,0.4437628768395596
9,0.05447702302321356,0.056022712328308216,,False,0.6119088261873682,0.5196523217727677,0.5490726926700965,0.5049522895465473,0.6140562248995984,0.5212131116929166,0.5504015790489599,0.5046840302077321
10,0.04912475750990567,0.05056175258692592,,False,0.6755698363289487,0.5878159461903134,0.608830339624483,0.572948462092752,0.6755020080321286,0.5809205571507738,0.6078626747331435,0.5718162377942666
11,0.044348207095192736,0.04562798769665436,,False,0.7119188673561603,0.6354825353740399,0.6427403774696626,0.6094480764518986,0.7124497991967872,0.6734363230930387,0.6441891521252411,0.6127329641832315
12,0.041263450113453726,0.042455147164756867,,False,0.7380259062154835,0.677795940737782,0.6675922663250566,0.6414239955594837,0.7377510040160643,0.7012215528826355,0.6679074414198305,0.6440624240386762
13,0.038905682252257476,0.04004897163164548,,False,0.7565016567928506,0.6925334976234621,0.6847685280749158,0.6655503312094552,0.7578313253012048,0.7219530194702819,0.6865737810423977,0.6697975357158066
14,0.03691073549391615,0.038053648228915625,,False,0.7701576463500351,0.6994089945607169,0.6975156950862289,0.6820677899597619,0.7730923694779116,0.7384801002741667,0.7009194603760412,0.6884312929204645
15,0.0351270890028623,0.03632308045795164,,False,0.7873280449844362,0.7169180887503954,0.7134169759613065,0.7024251573360506,0.7887550200803213,0.7336049089900443,0.7154448308065477,0.7063270850257918
16,0.03351299964875074,0.03476118194755474,,False,0.7982729189677679,0.7276136064462975,0.7235576400601891,0.714187014162901,0.8024096385542169,0.7378597981938726,0.7281293261643341,0.7205841791375602
17,0.032114331968067365,0.033409047596817676,,False,0.8102219098303043,0.7393006186534022,0.7346772981009312,0.7259181020886806,0.8104417670682731,0.7460850932975721,0.7356603569009084,0.7287225876133372
18,0.03086692509287748,0.03222365447328841,,False,0.8196606084948288,0.7507446859309191,0.7434113950176008,0.7352855025061293,0.8164658634538152,0.7518755991671978,0.7413053880367764,0.734679249304113
19,0.029754392360742343,0.03120297463769234,,False,0.8293001305351942,0.7681619358113703,0.752753991785656,0.7456751766157258,0.8236947791164658,0.7583975837555306,0.7479985589548791,0.7417614269038497
20,0.02877744129420191,0.03028544519297547,,False,0.8356260668741842,0.7775858564051978,0.758590903880714,0.7514991509609354,0.827710843373494,0.7786946512527098,0.7534028988015947,0.7488710379023377
21,0.0279051989716813,0.029476232149620894,,False,0.840044181142685,0.7763211718441517,0.7622647494404106,0.7546637224315283,0.8309236947791164,0.7817173499940325,0.7564079936902078,0.7519540719538305
22,0.027135155683768553,0.028746062658573653,,False,0.8455668239783111,0.7815695237004862,0.767411736772655,0.7598224072971879,0.8345381526104417,0.7854403274139029,0.7597421368630956,0.7552880859270967
23,0.026420797990863304,0.0281097550865682,,False,0.8498845265588915,0.7855311978025232,0.77143658701046,0.7639059959230229,0.8385542168674699,0.789016682338107,0.7635354495585978,0.7591239960273061
24,0.025784086700622492,0.027529414447493624,,False,0.853398935636108,0.7891752860470036,0.7746150071347815,0.7673120126798486,0.840562248995984,0.7910102772592,0.765376304480633,0.7612438647991728
25,0.02521516260030297,0.027009346923026166,,False,0.8562104628978813,0.7972210295860758,0.7772040813006934,0.7699406765935205,0.8449799196787149,0.8061157865076966,0.7694344080028144,0.765373850860256
26,0.024640960335219,0.026453914653586798,,False,0.8608294005422231,0.8008097570713553,0.7815287617515472,0.7738943866743846,0.8489959839357429,0.8093654371875084,0.7731998668182585,0.7686961539960435
27,0.024130597194024796,0.025993237510807444,,False,0.8636409278039964,0.8106799871776106,0.7841783931847695,0.7764567565112931,0.851004016064257,0.8293736657685097,0.7751648338089759,0.7705506326156271
28,0.023642336883576087,0.025546858989875784,,False,0.8653479264986444,0.8051643775752625,0.7857633997377764,0.7783005067479348,0.8550200803212852,0.8694516950257234,0.7788623585217263,0.7742668708234473
29,0.023205890215656985,0.025153595402271595,,False,0.8680590420724973,0.8075899808160567,0.7882614499032824,0.780735075314183,0.857429718875502,0.871667020122449,0.781089510473483,0.7764464619495957
30,0.02279158247928304,0.024789515874659985,,False,0.8704689225825886,0.7947866746984449,0.7900827347481773,0.7819049900989997,0.8602409638554217,0.8741321799016712,0.7854027956403429,0.7824391331830668
31,0.02241413740266136,0.024438095892133235,,False,0.8732804498443619,0.8122639654889654,0.7926542052484072,0.7845497308639955,0.8614457831325302,0.8753361189513418,0.7848410024172079,0.7801248965491294
32,0.022035598884021637,0.0241284332909482,,False,0.8754895069786123,0.8050365318219861,0.7947455149718367,0.786626220941546,0.8626506024096385,0.8764309790352769,0.7860025877689576,0.7812299828692137
33,0.021686386898804394,0.02380235103930162,,False,0.8777989758007833,0.8070760127355473,0.7968653409035934,0.7887059172035877,0.8662650602409638,0.8796778157535488,0.7892960490809463,0.7845014846629215
34,0.02136272712659641,0.02351509805297411,,False,0.8791043277437494,0.8082425384384836,0.7980794643710838,0.7898945208002438,0.8686746987951808,0.8818663954795599,0.7915408121382419,0.7867161782661313
35,0.021058697818928253,0.02325634077006238,,False,0.880510091374636,0.8093820735020717,0.7993635142181109,0.7911094299491652,0.8698795180722891,0.8829540664465945,0.7926639049865171,0.7878753650767898
36,0.020764781176085382,0.022981020889021694,,False,0.8822170900692841,0.8108444155246021,0.8009364720892207,0.7926087161841436,0.8698795180722891,0.8830665806701953,0.7909580101852833,0.7841810991502144
37,0.02048941398407491,0.02273850448932185,,False,0.8840245004518525,0.8125509188812969,0.8026304416184556,0.7943080946961844,0.8706827309236947,0.8837652553814315,0.7917478443292083,0.7849391638176885
38,0.020230307128494458,0.022509351033297324,,False,0.8855306757706597,0.8306219313722781,0.8044525705665252,0.7966737589653755,0.8718875502008032,0.8849320920646515,0.7929362269165472,0.7861115430919078
39,0.019976542265799483,0.022270193728072464,,False,0.8873380861532283,0.8323284724087454,0.8061091410409681,0.798350374560706,0.8722891566265061,0.8852383768142129,0.7933292218799458,0.7865072472516452
40,0.019748613870255144,0.022073359510810596,,False,0.8882417913445125,0.8440853820859836,0.8069474941511399,0.7990776083527344,0.8726907630522088,0.8856469352991903,0.793676004280238,0.7868028005465966
41,0.01951303356949113,0.021864538286951344,,False,0.8897479666633196,0.8640075496726394,0.8083640712515038,0.8005114489065905,0.8734939759036144,0.8311504412287979,0.7944202463839619,0.7876812807473447
42,0.01929446084648652,0.02167055650557254,,False,0.8899487900391606,0.8640784410837259,0.8085379893114548,0.800634027304602,0.8738955823293173,0.8314238372979611,0.7947052991069644,0.7879536329985569
43,0.019096042568004096,0.021509893200804615,,False,0.8917562004217291,0.8657349201812553,0.8102551840949553,0.8023241668945205,0.8771084337349397,0.8896658552204,0.7977823900604153,0.7908016655189135
44,0.01888887575378272,0.021318864603897567,,False,0.8924590822371724,0.8664651276160867,0.8108823205253103,0.8029912055194557,0.8759036144578313,0.8332341714829357,0.7966100713462398,0.7897971702795151
45,0.018707454095962535,0.021162764504698457,,False,0.8930615523646952,0.8669108497531874,0.8114511667023065,0.8034939373434506,0.8775100401606426,0.8347085759509709,0.7981322355074205,0.7912379875395108
46,0.01851042320303738,0.020968503434245857,,False,0.8948689627472638,0.8686420450040434,0.813137141633459,0.8052042733606066,0.8779116465863454,0.8350677323802912,0.7984555360499984,0.7915750574402604
47,0.01833669391203655,0.02082389285877983,,False,0.8948689627472638,0.8687181275080597,0.8131088808574702,0.8052340773383849,0.8791164658634538,0.8361548202849837,0.7995702090794151,0.7927269464073082
48,0.018162707402793573,0.020679477400578482,,False,0.895973491314389,0.8789314060774193,0.8145730240454739,0.8071806341511754,0.8795180722891566,0.8366014666683133,0.7999635386203855,0.7931087779508892
49,0.01799775824388864,0.020540477831115924,,False,0.897680490009037,0.8804401822690434,0.816173532000902,0.8087245369584819,0.8799196787148594,0.8369524358725152,0.8002996512001287,0.7934425335515226
50,0.017843187127504614,0.020392087281912663,,False,0.897881313384878,0.8641324209169986,0.8163365988978799,0.8089850753612134,0.880722891566265,0.8376421016652932,0.8011024861705038,0.7942836725342235
51,0.017691850663453704,0.020278077329725183,,False,0.8991866653278442,0.8619597433087575,0.8179954361956348,0.8110080372441614,0.8819277108433735,0.838754812393985,0.8021606623799546,0.7952880930286236
52,0.017552901841144757,0.02014738075904561,,False,0.899588312079526,0.8623307092910829,0.818365172491507,0.811383167874882,0.8823293172690763,0.8390937697881803,0.8025225878233133,0.7956418662165375
53,0.017397196756146354,0.020035619597020174,,False,0.9001907822070488,0.8628885148922906,0.8189327168882378,0.8119452242107092,0.8819277108433735,0.838807939652119,0.8021606623799546,0.7952845963658889
54,0.017255427937775573,0.019905864436874948,,False,0.9012953107741741,0.8639225999334854,0.819934194077267,0.8129617161880742,0.8819277108433735,0.8388119088038821,0.8021676002478784,0.795305985172918
55,0.017129621671939328,0.019802067992738787,,False,0.9014961341500151,0.8641531132145008,0.820129549476214,0.813195981384743,0.8823293172690763,0.8390840644650202,0.8025456103534127,0.7957318601504508
56,0.01698325395837252,0.019667986385710892,,False,0.9020986042775379,0.8646687758490051,0.8206634186830217,0.813713861443779,0.8827309236947791,0.8394812458312944,0.8029081617920725,0.7960665332024894
57,0.016859644299875597,0.019572315590911517,,False,0.9028014860929813,0.8653066075318612,0.8212955672593982,0.8143507140137902,0.8831325301204819,0.8398397284681411,0.8032631493675074,0.7964163872184955
58,0.016734678555332075,0.019488715228977646,,False,0.9026006627171402,0.8650937785744549,0.8211349977064568,0.8141604829421848,0.8831325301204819,0.8398621592130753,0.8032631493675074,0.7964184471324843
59,0.016610918678405782,0.01935478681555194,,False,0.9035043679084246,0.8659617195151593,0.8219696599345225,0.8150112518477516,0.8835341365461847,0.8402337792183333,0.8036372608527299,0.7967946868762938
60,0.016504512920711954,0.019263004059059816,,False,0.9045084847876292,0.8773651683797568,0.8237206266274294,0.8177312326329261,0.8847389558232932,0.8413121468249838,0.8047436430435282,0.7979112686861886
61,0.01638105891017755,0.019171068203518316,,False,0.9041068380359474,0.8724108486169664,0.822947859093325,0.8164627364361672,0.8839357429718876,0.8406800325697152,0.8040241843751177,0.7971569373788681
62,0.01626922758528316,0.01906273957238728,,False,0.9047093081634703,0.8843498294113972,0.8247503029085913,0.819751366407817,0.885140562248996,0.8417071536237436,0.8051011414343001,0.7982781492302039
63,0.01615864348876051,0.018978645888430973,,False,0.9054121899789136,0.8874707049530521,0.8257973891807132,0.8212585213210927,0.8855421686746988,0.842085482617009,0.8054491911418112,0.7986286592028479
64,0.016054247722371982,0.01891976863019281,,False,0.9062154834822773,0.8881348955519801,0.826572102417378,0.8219757313261447,0.8875502008032129,0.8439305522047993,0.8073364558083349,0.8004712864683237
65,0.015946621778886807,0.018794192613238347,,False,0.9067175419218797,0.8886672259627603,0.8270139842721344,0.8224621594993226,0.8883534136546185,0.844586956762467,0.8080043536239778,0.8011778326762203
66,0.015859436431629455,0.018739879300553295,,False,0.9067175419218797,0.8887444628766931,0.8270078345838985,0.8224645485246154,0.8883534136546185,0.8446111840732626,0.8080139083527489,0.8011874147842781
67,0.015745398738550437,0.018647636322651123,,False,0.9073200120494026,0.8967096497666271,0.8275851585518588,0.8230025394223197,0.8887550200803213,0.8449490718247783,0.8083970571696469,0.8015452247352557
68,0.015647145913138993,0.018569544888230365,,False,0.9082237172406868,0.8974902487711023,0.8284242088472822,0.8238270535101911,0.8899598393574297,0.8460557010012058,0.8095123561943649,0.8026561379042046
69,0.015552913509770928,0.018495017109310386,,False,0.9088261873682096,0.9011161184797272,0.829817643966384,0.8261297637740912,0.8903614457831325,0.8464880529046996,0.80989287369817,0.803047695732609
70,0.015457583295257232,0.018406839423544485,,False,0.9083241289286073,0.900711017123348,0.829352008896757,0.825695532718669,0.8899598393574297,0.846058575296748,0.8095194001077989,0.802685174670183
71,0.015363759055064322,0.018322976546868708,,False,0.9091274224319711,0.9014315041138785,0.8300811460405948,0.8264142019709867,0.8899598393574297,0.8460629697144698,0.8095072140659351,0.8026694469798106
72,0.015275900184236921,0.018265583149355037,,False,0.909529069183653,0.9003786276190399,0.8300589342715503,0.8259278436165253,0.8907630522088353,0.846813053424269,0.8102727736891582,0.803458585004175
73,0.015185617627277383,0.018186353960612314,,False,0.9098303042474144,0.9006494459261662,0.8303266228357552,0.8261943077174492,0.8907630522088353,0.8468382471249846,0.8102605876472943,0.8034416993197149
74,0.015102148378678923,0.018128406252194775,,False,0.9102319509990963,0.901048348247481,0.8307003599556045,0.8265730986692832,0.8919678714859438,0.8478379622341151,0.8113867052909361,0.8045267629783527
75,0.015022577467724216,0.01806369354029826,,False,0.9111356561903805,0.9019045526063392,0.8315008730524792,0.8273975240969542,0.891566265060241,0.8474607787180319,0.8110061877871311,0.8041473274156262
76,0.014930531351471859,0.01800566259441369,,False,0.911236067878301,0.9033339146322038,0.8320331958248592,0.8283456576809068,0.8919678714859438,0.8478514704712534,0.8113867052909361,0.8045241893806329
77,0.014850950681506306,0.017936297322598348,,False,0.9122401847575058,0.9054995310328864,0.8333932443770533,0.8301602931702577,0.8911646586345382,0.8471587668682692,0.8106506683623549,0.803800397954459
78,0.014771920225258552,0.017868367548760807,,False,0.9122401847575058,0.9054176115665923,0.8333764334129798,0.8301116946856504,0.8923694779116466,0.8482832315839814,0.8117492567295961,0.8048605468742551
79,0.014691887450307094,0.017810352551604118,,False,0.9132443016367106,0.9051290318817187,0.8338780227431596,0.8301777384457385,0.8923694779116466,0.8482052636644585,0.8117583059608218,0.8049060589232796
80,0.014615839769840107,0.017770499470652238,,False,0.9127422431971082,0.9046550650541614,0.8334336366047594,0.8296979127003667,0.8923694779116466,0.8482663203742528,0.8117684866848941,0.8048913622662519
81,0.014534679284049487,0.017680179510229238,,False,0.9140475951400743,0.9071453305528574,0.8350490354801879,0.8317990109733624,0.8927710843373494,0.8670331848613752,0.8138049884953505,0.8088798073266542
82,0.014462418364337148,0.017633870023215308,,False,0.9145496535796767,0.9075403684610593,0.8355311182084743,0.8322450203960741,0.8947791164658635,0.8688829689752681,0.8156947724596955,0.8107207143072765
83,0.014392078873459275,0.017594590227381596,,False,0.9144492418917562,0.9084665226055608,0.8358441629989374,0.8329820475617767,0.8943775100401606,0.8686148082093879,0.8153347284193067,0.8103255227201054
84,0.0143161673241536,0.017537896332498724,,False,0.915051712019279,0.9090201231151549,0.8363828938038819,0.8335411063022172,0.8951807228915662,0.8693515903303822,0.8160656232194581,0.811069295913367
85,0.014241948959056259,0.017469115750352433,,False,0.9159554172105633,0.9099042542038277,0.8372223290441017,0.8343879016570201,0.8963855421686747,0.8704286535032135,0.8171892215652786,0.8121881332279325
86,0.014172248687200116,0.017417816729310646,,False,0.9161562405864042,0.9100569941220089,0.8374086454263869,0.8345709852855825,0.8955823293172691,0.8697010950228585,0.8164397347046806,0.8114466067841964
87,0.014102534724723795,0.017375987632182763,,False,0.9164574756501657,0.9103358453859559,0.837687644548208,0.8348504465452435,0.8959839357429719,0.8700525453340096,0.8168138461899033,0.8118249945172924
88,0.014034863141394386,0.017303716144054977,,False,0.916959534089768,0.9108075124784862,0.8381402893830657,0.8353230987095213,0.8963855421686747,0.8703949674989743,0.8171867022674574,0.81219793328282
89,0.013966695471485744,0.017265577638778375,,False,0.9170599457776886,0.910907103727088,0.8382469927563266,0.8354212410413109,0.8963855421686747,0.8703949674989743,0.8171867022674574,0.81219793328282
90,0.013902845102335552,0.01722373168885037,,False,0.9175620042172908,0.911305033289184,0.8387005335765801,0.8358455292040858,0.8963855421686747,0.8704158762679912,0.8171675783576695,0.8121730588052197
91,0.01383844548132195,0.017160309398089997,,False,0.9177628275931319,0.9115557538503347,0.8388885496046871,0.8360646294090543,0.8963855421686747,0.8703225558681462,0.817175154120445,0.8121960006886817
92,0.01377564567050885,0.017130668132552623,,False,0.9184657094085752,0.9121718555157654,0.8395518658994638,0.8366943711356594,0.8955823293172691,0.8697023729894848,0.8164557039345187,0.811418682286756
93,0.013713722210340841,0.017074734749400668,,False,0.9185661210964956,0.9122826588075788,0.8396494763067756,0.8367973413322427,0.8963855421686747,0.870385433696509,0.8172187442599206,0.8121992797954823
94,0.01365272125555167,0.017043042666843568,,False,0.9184657094085752,0.9121055927463507,0.8395190207737122,0.8366569385306981,0.8955823293172691,0.8696994864308506,0.8164353161345782,0.8114096668982189
95,0.013596616618754219,0.016989904722544566,,False,0.9187669444723365,0.9133992012080375,0.8402452112831446,0.8378243488246775,0.8963855421686747,0.8704866365060497,0.8172103329235465,0.8121878459646118
96,0.013532825873198125,0.01696268101146144,,False,0.9193694145998594,0.9138776697387642,0.8408013363707678,0.838354289032742,0.8963855421686747,0.8703733428347873,0.8172212635577418,0.812173440868865
97,0.01347132153670436,0.016893398842450197,,False,0.9193694145998594,0.9146807522190112,0.8411834778691777,0.8391826748969463,0.8971887550200803,0.8711366750867356,0.8179465879129094,0.8129270705664696
98,0.013410904387720945,0.01685645551105366,,False,0.9196706496636209,0.9149593580885015,0.8414730446778055,0.8394615812337537,0.8967871485943775,0.8524615814807306,0.8175966389331173,0.8125547640265007
99,0.01335888733552659,0.016798828427118405,,False,0.9203735314790642,0.9148566607982053,0.8416774311311106,0.8392798092870222,0.8975903614457831,0.8531987908647506,0.8183135519519107,0.8132899867267596
100,0.013298064399104524,0.01676811677129891,,False,0.9203735314790642,0.909150370468295,0.841678022564996,0.8392405244625765,0.8979919678714859,0.8535846655740499,0.818679470161541,0.8136466980767266
101,0.013244017293270804,0.016750827491745144,,False,0.9210764132945075,0.9097402101881946,0.8423342418004124,0.8398616218421081,0.8987951807228916,0.8653749949505959,0.8210920709057001,0.817792428310144
102,0.013187234778079588,0.01669932650679917,,False,0.9214780600461894,0.9051376156123203,0.8426822671090646,0.8402235056391294,0.8991967871485944,0.865732078304784,0.8214661823909227,0.8181731148878875
103,0.013133261481675172,0.016661496091477584,,False,0.9215784717341099,0.9064920972862619,0.8431972937571316,0.8411381687731754,0.8991967871485944,0.8657472395957244,0.8214470584811351,0.8181553140063991
104,0.013088534360636433,0.01661809340424952,,False,0.9219801184857918,0.90911815070735,0.8443966646162178,0.8431664516341382,0.8991967871485944,0.8550016918755677,0.8214470584811351,0.8181479525018065
105,0.013027565094145778,0.01658454532053274,,False,0.9221809418616327,0.9082244552573786,0.8441707242287204,0.8425301094259785,0.8995983935742972,0.8552904575297153,0.8218402938761453,0.8185396140623526
106,0.01297497385302879,0.016536397968122663,,False,0.9227834119891556,0.9098221703450585,0.8451657852400041,0.8439050522299181,0.8983935742971888,0.854288361662255,0.8207192148281461,0.8174139899457156
107,0.012923578445530336,0.016502969941272063,,False,0.9224821769253941,0.9113674728840271,0.8457161333726869,0.8452475683503169,0.8987951807228916,0.8545749977315957,0.8211099309253351,0.8178237275444159
108,0.012870671707454347,0.01648310416840121,,False,0.9230846470529169,0.9110149114671844,0.8458749991067003,0.8449831185459996,0.8991967871485944,0.8549782814583451,0.8214470584811351,0.8181313779214183
109,0.01282300619744144,0.01645523052778043,,False,0.9240887639321217,0.9168825656312491,0.8472150801448285,0.8467297986660525,0.8995983935742972,0.8632799714188929,0.8235046716498593,0.8217649871375224
110,0.01277008747321927,0.016403276699382494,,False,0.9238879405562808,0.9179852533533158,0.8478648122121837,0.8481635504757004,0.8983935742971888,0.8542933199855763,0.8207166955303248,0.8174360249593393
111,0.012722290498150752,0.016369936848404085,,False,0.9244904106838036,0.9195527840781276,0.849270670082439,0.8502735316001433,0.8991967871485944,0.8629159728800047,0.8231484201842716,0.8214396593657965
112,0.012675541624384922,0.016341175051638603,,False,0.9246912340596446,0.91971403873037,0.8494397318142535,0.8504472912798255,0.9008032128514056,0.8643183734257062,0.8246244868077057,0.8229089733583635
113,0.012623905834355893,0.016312561804252907,,False,0.9250928808113265,0.9205764534229353,0.8502203578704087,0.8515890141202095,0.8995983935742972,0.8632712473787907,0.8235034077597065,0.8217773124467285
114,0.012577281668257698,0.01627961326575978,,False,0.9255949392509288,0.9209860009293147,0.850678069193675,0.8520358065111133,0.8995983935742972,0.8632712473787907,0.8235034077597065,0.8217773124467285
115,0.01253067216322236,0.016248741307720856,,False,0.9265990561301336,0.9223763292073498,0.8520118443803923,0.8537302631481241,0.9004016064257028,0.8640087580493461,0.8242325068203641,0.8225120724483692
116,0.012483967450830608,0.016235298912254788,,False,0.9259965860026107,0.9213589910166393,0.8510494406645588,0.8523966254854712,0.8995983935742972,0.8632970511586296,0.8234842838499188,0.8217505390920601
117,0.012438613707333407,0.016185882706992533,,False,0.9270007028818155,0.9231737728958136,0.852791300414752,0.8548624208386338,0.9004016064257028,0.8640087580493461,0.8242325068203641,0.8225120724483692
118,0.012388515934977697,0.016155535428273155,,False,0.9269002911938949,0.9234255851156534,0.853139704520225,0.8555257301698993,0.9012048192771084,0.8647315328276421,0.8249807297908092,0.8232629268058762
119,0.012345007560075298,0.016120535614855276,,False,0.9270007028818155,0.9203716389777828,0.8532311276473172,0.8555650785994564,0.9012048192771084,0.86469116455896,0.8249929158326731,0.8232735741698387
120,0.012297982318869981,0.016088565887061243,,False,0.9270007028818155,0.9203760127862795,0.8532220987945586,0.8555585794742666,0.9008032128514056,0.8643779726472927,0.8246078737132552,0.8228873611229671
121,0.01225537091191156,0.016060952617766768,,False,0.9274023496334973,0.9207533901714657,0.8536019326738551,0.8559298966552137,0.9012048192771084,0.8647134609925641,0.8249998537005969,0.8232874541942539
122,0.01221119246495974,0.016036395345401452,,False,0.9277035846972588,0.918053537808407,0.8538707689785388,0.856138314531826,0.9008032128514056,0.8643448737973631,0.8246053544154337,0.822901244629149
123,0.01217073051184014,0.016017435874663703,,False,0.9277035846972588,0.9153095408750818,0.8538646128346072,0.8560851918214047,0.9008032128514056,0.8643508827857631,0.8245862305056462,0.8228825231313154
124,0.012127167579292622,0.015975974179325288,,False,0.9283060548247816,0.9220254363513009,0.854852330266843,0.8575072304269454,0.9004016064257028,0.8639253037898236,0.8242625528818627,0.8225529424558227
125,0.012077565371436682,0.015952373280568036,,False,0.9283060548247816,0.916987935941856,0.8552700659733766,0.8581076838626027,0.9016064257028112,0.8709872454497958,0.827017955159593,0.8267783766631354
126,0.012043175860923913,0.01594160367035421,,False,0.9287077015764635,0.9173420304557263,0.8556307212077584,0.8584550551013354,0.9012048192771084,0.8706270871963687,0.8266438436743704,0.8263980836584465
127,0.011992189783333076,0.015886502408288865,,False,0.9290089366402249,0.9207292238161604,0.8563308485642008,0.8595444476737489,0.9020080321285141,0.8713491675142393,0.8273920666448155,0.8271584919858221
128,0.011948800973960678,0.01586195620515343,,False,0.9290089366402249,0.9186489520472014,0.856746842918932,0.8601960498533672,0.9016064257028112,0.8709872454497958,0.827017955159593,0.8267783766631354
129,0.011910758458818208,0.015849349191648914,,False,0.9289085249523045,0.9190175317710781,0.8570828845878604,0.8608266676039591,0.9016064257028112,0.8709250757521195,0.8270492651112445,0.8268027019437784
130,0.011868266327348732,0.015810247304587424,,False,0.9292097600160659,0.9217442435668443,0.8573628398389226,0.8611760591627752,0.9020080321285141,0.8713011635574617,0.8274111905546033,0.8271800523278502
131,0.011825736734285663,0.01577675946659394,,False,0.9299126418315092,0.9176569281499378,0.8580004381737292,0.8616935741054838,0.9032128514056225,0.8723946567186037,0.8284830911488316,0.8282555268347127
132,0.011784508785722209,0.015760082248243074,,False,0.9302138768952706,0.9167464644003025,0.8591150650527879,0.8632896013977949,0.9032128514056225,0.880688510569937,0.8318500945158349,0.8342251719118567
133,0.011747538594069533,0.015742313349124768,,False,0.9306155236469525,0.9176162799801979,0.8599007565580815,0.8643591964445441,0.9040160642570281,0.8814607280557909,0.8325791935764923,0.8349635022099772
134,0.011702812180989735,0.01570892889125053,,False,0.9304147002711115,0.915470235372617,0.8597281774375763,0.8641103539455531,0.9040160642570281,0.8813714797375147,0.8326169095467267,0.8349828765151096
135,0.011662158482628294,0.015690000139086686,,False,0.9309167587107139,0.9177683460729072,0.8618759436490246,0.8672726720068825,0.9036144578313253,0.8810064269378274,0.8322619219712918,0.834631033809143
136,0.011622539877890367,0.01567739624211349,,False,0.9312179937744753,0.9194746814264071,0.8617289706417925,0.8669446384991688,0.9044176706827309,0.8847560877249179,0.834662336673587,0.8381864499001105
137,0.01158163881813574,0.01564437745823817,,False,0.9311175820865549,0.9175226732841099,0.8616328156143631,0.8667840954318988,0.9040160642570281,0.8843896910444428,0.8343004112302284,0.8378241372198839
138,0.011544407473194325,0.015613554317607341,,False,0.9315192288382368,0.918346029866005,0.8624171431906713,0.8678277764525777,0.9052208835341365,0.8854945736955208,0.8353914357342445,0.8389198261220567
139,0.011503862964558017,0.015601543761789119,,False,0.9316196405261572,0.9184235581524612,0.8625267191113988,0.8679219964130499,0.9040160642570281,0.8843621352456122,0.8343195351400161,0.8378475511930833
140,0.011464635227362277,0.015567738019347795,,False,0.9318204639019982,0.9186260923113225,0.8627111692335432,0.868111433013898,0.9044176706827309,0.8783331671839899,0.834662336673587,0.8379369493758486
141,0.011424948554615226,0.015550792215757685,,False,0.9321216989657596,0.9201019661264598,0.8642309701140904,0.8703582683111571,0.9052208835341365,0.8854660480372188,0.8353914357342445,0.8389184258583131
142,0.011387211005805085,0.015532812776884905,,False,0.9327241690932825,0.9206458222404326,0.8647994434927541,0.8709036168709636,0.9052208835341365,0.8854660480372188,0.8353914357342445,0.8389184258583131
143,0.011349801163071561,0.015515034906059516,,False,0.932623757405362,0.9209266460197809,0.8651203977646621,0.8714642319814717,0.9056224899598394,0.879556936541203,0.8357719532380496,0.8390595074807137
144,0.01131316781102166,0.01549786082164474,,False,0.9331258158449643,0.9217237466754133,0.8660064474777562,0.8725641603234335,0.9044176706827309,0.8783538874815885,0.8346630602319143,0.8379143709133835
145,0.011277824712048882,0.015455298901026142,,False,0.9332262275328849,0.92184101189203,0.8661011241219057,0.8726647604003275,0.9052208835341365,0.8791062604873872,0.8354528002298793,0.8387450907312932
146,0.01123937959331957,0.015429481171762037,,False,0.9335274625966462,0.9224772439151709,0.8667995044199794,0.8735886058075779,0.9048192771084337,0.8787247350403348,0.8350799441523252,0.8383706604896036
147,0.01119755785856686,0.015416653509957674,,False,0.9338286976604077,0.9230507746496492,0.8674950150607026,0.8744794326086187,0.9060240963855422,0.8744737702041236,0.8361448093156038,0.8391869399447843
148,0.011167086382598444,0.015374418869185884,,False,0.9336278742845667,0.9225720695340262,0.8668881804863092,0.8736819079015671,0.9052208835341365,0.8723474879694665,0.8371375573210496,0.8409429505717142
149,0.011121919146672267,0.015369512860539497,,False,0.9341299327241691,0.9236677183134829,0.868189538762454,0.8753914393019615,0.9060240963855422,0.877530943385315,0.8378417524486379,0.841882336618945
150,0.011085985571993551,0.015353133162728393,,False,0.9342303444120895,0.9240432008237254,0.8687030749033465,0.8760950687085363,0.9068273092369478,0.873844185509983,0.8385765339695506,0.8423715852041148
151,0.01104832515031269,0.01533194403680069,,False,0.9346319911637715,0.9249990740700089,0.869911469396543,0.877696052320057,0.9068273092369478,0.8738437450299983,0.8385765339695506,0.8423703625336043
152,0.01101139684249407,0.01529942774471132,,False,0.9346319911637715,0.9238056650590661,0.8703223832452787,0.8782021030000265,0.9080321285140562,0.8822562642592329,0.8447724901517828,0.8509615906298416
153,0.010974966864009084,0.015282899391253732,,False,0.9354352846671352,0.9237043897065923,0.8719089047316922,0.8800202005739564,0.9068273092369478,0.883065997649958,0.8453731606068607,0.85219654195883
154,0.01094045563868685,0.015273588544385212,,False,0.9359373431067376,0.9244549977269703,0.8728030630549571,0.8810705059304671,0.9068273092369478,0.8795933137861389,0.8453239821530898,0.8517622639693205
155,0.010899608342810075,0.015237712576937549,,False,0.9361381664825785,0.9249128162000413,0.8734078057118982,0.8818448112832488,0.9072289156626506,0.8799531869836896,0.845726892774627,0.8521838711086644
156,0.010869452158628126,0.015239727286272958,,False,0.9361381664825785,0.9265145872587897,0.8738146951381464,0.8825290417557511,0.9076305220883534,0.8803689548938733,0.846060019081671,0.8525182506525985
157,0.010829988419982575,0.015199317802177018,,False,0.9363389898584196,0.9256394785462079,0.8744242901342442,0.8831911138490659,0.9072289156626506,0.8799947658835254,0.8457102796801763,0.8521626317844592
158,0.010791908623978145,0.015182650641885094,,False,0.9370418716738629,0.9280139895629443,0.8759156337564724,0.8850812078899756,0.9076305220883534,0.880321137605292,0.8460818803500618,0.852535639064163
159,0.010753906786277698,0.015161979576899265,,False,0.9369414599859424,0.9268987252750372,0.8762439394811666,0.8854373739241089,0.9072289156626506,0.879996065093126,0.8457090242725078,0.8521655629960224
160,0.010717987024740335,0.015127716997529189,,False,0.9373431067376242,0.9279491358192191,0.8778754353545806,0.8874724480879777,0.9068273092369478,0.8796272926443376,0.8453540366970729,0.8518138389155915
161,0.010681838707380011,0.015107963172884297,,False,0.9380459885530675,0.929391656255989,0.8801991104427005,0.8902768663841449,0.9072289156626506,0.879996065093126,0.8457090242725078,0.8521655629960224
162,0.010645781754667382,0.015089511888791773,,False,0.9379455768651471,0.9293047129255321,0.8801027565889767,0.8901870528650053,0.9072289156626506,0.879996065093126,0.8457090242725078,0.8521655629960224
163,0.010608594506715497,0.015059348710556366,,False,0.938146400240988,0.9306490580549437,0.8802923554762417,0.8905048038102404,0.9072289156626506,0.8799960840381147,0.8457281481822956,0.8521940656342246
164,0.010575064912300858,0.015053093523950197,,False,0.9390501054322723,0.9319878098418373,0.8823841618480129,0.8929176909879301,0.9072289156626506,0.880011873974418,0.8457090242725078,0.8521630238388473
165,0.010540886797624067,0.015035877912713212,,False,0.9393513404960337,0.9324285663034383,0.8830901275524593,0.8937124865658492,0.9072289156626506,0.880011873974418,0.8457090242725078,0.8521630238388473
166,0.010500218092750044,0.015008219337164171,,False,0.9393513404960337,0.9325758364072342,0.8835094015146753,0.8942314312231733,0.9076305220883534,0.8803929068911805,0.8461022596675182,0.852566811553098
167,0.010470627121527272,0.014975636017197308,,False,0.9389496937443519,0.933188884786299,0.8827079116689176,0.8934836129879898,0.908433734939759,0.8810862874762724,0.8468504826379634,0.8533170593624148
168,0.010426751609601647,0.01494816344120017,,False,0.9401546339993976,0.9336179726471572,0.8850854710252588,0.8959914240055658,0.9072289156626506,0.8799669185340229,0.8457281481822956,0.852178655254362
169,0.0103927686151261,0.014925296857351021,,False,0.9403554573752385,0.9342181419836635,0.8865259667973615,0.8976756742022594,0.9080321285140562,0.8806757641796753,0.8464763711527408,0.8529163960430399
170,0.010354884163388148,0.01490415325426717,,False,0.9406566924389999,0.9347717153801423,0.8876469204078526,0.8989395504834593,0.9076305220883534,0.879081687156424,0.8477979473928837,0.8544005326895568
171,0.010321223711589866,0.014892576885372807,,False,0.9412591625665228,0.9354629395047179,0.8886314774343756,0.8999867099258978,0.9068273092369478,0.8783445537434087,0.8470497244224385,0.8536419710047521
172,0.010282116460024096,0.014867685315353865,,False,0.9410583391906818,0.9342758882255724,0.8884410288921802,0.8996547070017353,0.9072289156626506,0.8787092623659216,0.8474238359076611,0.8540217974662094
173,0.010246736477124627,0.01483401338172168,,False,0.9416608093182046,0.9352108554196147,0.8902527344223066,0.9016382476423641,0.9080321285140562,0.8811724582782084,0.849855560561608,0.8569199657138419
174,0.010211711356490613,0.014817895016450072,,False,0.942162867757807,0.9368676041421655,0.8915464420583655,0.9031860487757677,0.908433734939759,0.8815586049586391,0.8502296720468306,0.8572955883451528
175,0.010175993047895376,0.014796872016276637,,False,0.9426649261974094,0.9366087995576395,0.8928504628496222,0.9044261263245313,0.908433734939759,0.8815586049586391,0.8502296720468306,0.8572955883451528
176,0.010140664958644555,0.014774777294289925,,False,0.9428657495732503,0.9370272882790415,0.8938776692858149,0.905528530335056,0.908433734939759,0.8815586049586391,0.8502296720468306,0.8572955883451528
177,0.010106045965541747,0.01476288249511437,,False,0.9432673963249322,0.9376235935763854,0.8950840796697599,0.9067988160277157,0.9080321285140562,0.8811774983818699,0.8498364366518203,0.8568932659072632
178,0.010071523599946461,0.014732397478118052,,False,0.9437694547645346,0.9375524874510691,0.8968015938418691,0.9084347340070875,0.908433734939759,0.8831300957839883,0.8518940498205445,0.8593519425531432
179,0.010035379293618071,0.014704823843502078,,False,0.9439702781403755,0.9384979408241337,0.8965611324494827,0.9083328681252342,0.9076305220883534,0.8807891416309443,0.8494814490763853,0.8565283803003105
180,0.01000824081488627,0.014698043228361945,,False,0.9438698664524551,0.9376584391610007,0.8968913877503001,0.9085262152915151,0.908433734939759,0.8831169788009086,0.8518805998885279,0.8593512893764158
181,0.00996762910784037,0.01465263638691018,,False,0.944070689828296,0.9387919015785956,0.8974805710776516,0.9092998076707354,0.9088353413654618,0.8849003925894766,0.8539707868990566,0.8617735998710465
182,0.00993770847083654,0.014661813297467265,,False,0.9446731599558189,0.9385799657929526,0.8984539942725659,0.9101157747946618,0.908433734939759,0.8819757303051152,0.8535897375459103,0.8609411123584946
183,0.00989656822353221,0.01462010206878972,,False,0.9449743950195802,0.939792899135151,0.8991545271002204,0.9109888577158052,0.908433734939759,0.8833720752762103,0.8552923631391995,0.8629296850381778
184,0.009864630277523741,0.014592478823231671,,False,0.9448739833316598,0.9388722389890692,0.8990654421752416,0.9107419915983217,0.9088353413654618,0.8837122352206599,0.8556664746244222,0.8633009484062074
185,0.009830691873391346,0.014586936465028937,,False,0.9449743950195802,0.9381498619017451,0.8991537857508118,0.9106697838175363,0.9088353413654618,0.8837168270171046,0.8556677385145749,0.8632802193411907
186,0.009797037477181015,0.014552542036474669,,False,0.9450748067075008,0.938460588598172,0.9000891752246767,0.9116185379670908,0.9092369477911647,0.8840931550089317,0.8560405861096448,0.8636811888321096
187,0.009764756096797028,0.014527589711522952,,False,0.9454764534591826,0.9390391138183833,0.9012972359974452,0.9128282853196755,0.9096385542168675,0.8844072121832575,0.8564025115530034,0.8640275382136806
188,0.009735172236995437,0.014506939771414123,,False,0.9456772768350236,0.9392154639456055,0.9014801917847957,0.913011966371482,0.9092369477911647,0.8840428140628024,0.8560475239775687,0.863674900349341
189,0.009700536318049225,0.014494730853615141,,False,0.9457776885229441,0.9396168293726517,0.9028375568522604,0.9143452070643472,0.9092369477911647,0.8840400167178257,0.8560284000677808,0.8636486636171946
190,0.009666825483270448,0.014473886692398987,,False,0.9460789235867055,0.9398922733561574,0.9031040571220024,0.9146152984307881,0.9096385542168675,0.8844072121832575,0.8564025115530034,0.8640275382136806
191,0.00963714347357525,0.014452750952958967,,False,0.9463801586504669,0.9402571416756894,0.9037990456794502,0.9153043168420955,0.9100401606425703,0.8860968872129424,0.858458860831575,0.8663369824921054
192,0.009605002130626742,0.01443494467523758,,False,0.9461793352746259,0.9399723136908619,0.9032049951277118,0.9147062027660642,0.9104417670682731,0.8864384342580575,0.8588220501650865,0.8666800104823369
193,0.009578273183510868,0.014444434613255657,,False,0.9463801586504669,0.9402585265930445,0.9038074626584842,0.9153021376507877,0.9104417670682731,0.8864670154493,0.8588029262552986,0.866668296739673
194,0.009542256735672302,0.014411835385197825,,False,0.9465809820263079,0.940633289708831,0.9048296911074556,0.9162942849899528,0.9100401606425703,0.8860703319482074,0.858446674789711,0.866321278355294
195,0.009509949077650065,0.014381236065123227,,False,0.9469826287779898,0.9411051106679054,0.9056139111179681,0.9170628705423174,0.9108433734939759,0.8867800906175094,0.859183975608445,0.8670454754916247
196,0.009482280240009798,0.01436174881435856,,False,0.9470830404659102,0.9411952163446217,0.9057025871842979,0.9171554044039151,0.9108433734939759,0.8867800906175094,0.859183975608445,0.8670454754916247
197,0.009449263123321712,0.01434341044627405,,False,0.9472838638417512,0.9408509823333069,0.906733936676651,0.9179672831702802,0.9108433734939759,0.8867800906175094,0.859183975608445,0.8670454754916247
198,0.009418654434706885,0.014330396087629359,,False,0.9475850989055126,0.9420129549188866,0.9078331449049772,0.919182789008134,0.9108433734939759,0.8867800906175094,0.859183975608445,0.8670454754916247
199,0.009388678494481969,0.01431900694981707,,False,0.9476855105934331,0.9413996151090687,0.9079303904555728,0.9191126212450806,0.9104417670682731,0.8889099659337831,0.8588220501650864,0.8671618041279476
200,0.009359582872080075,0.014280324712889637,,False,0.9476855105934331,0.9414930452857099,0.908349320731235,0.9194984937707689,0.9108433734939759,0.8892265448709608,0.859183975608445,0.8675131209020808
201,0.009334294128673298,0.01426465676337757,,False,0.9477859222813535,0.9420946840855977,0.907615240524899,0.9189884102500496,0.9112449799196787,0.889586495243308,0.8595772110034555,0.8679087230873392
202,0.009299963890040445,0.014260340713576878,,False,0.9481875690330355,0.9428976954597805,0.9100764300390883,0.9212768504390699,0.9108433734939759,0.8892265448709608,0.859183975608445,0.8675131209020808
203,0.00927197289741402,0.014238846719356935,,False,0.9486896274726379,0.9426704048230659,0.9105399710334946,0.9215702693691988,0.9108433734939759,0.8892168163644345,0.8592030995182329,0.8675307778613877
204,0.009240691596873124,0.014223462947780513,,False,0.9487900391605583,0.9434556914868875,0.9106279278507023,0.9218351075223001,0.9112449799196787,0.8895794024677615,0.8595580870936677,0.867883536095504
205,0.009212850854785525,0.014217179731628582,,False,0.9490912742243197,0.9427218071042976,0.9125898608082292,0.923258719154881,0.9120481927710843,0.8903307927904213,0.8603075739542656,0.8686213147763843
206,0.009183768255170721,0.014203615178339506,,False,0.9484888040967969,0.9424077323699108,0.9099309908086164,0.9210035491340629,0.9116465863453815,0.8899405782745953,0.8598877936548281,0.8682214721913962
207,0.009155712749704392,0.014173270403348884,,False,0.9487900391605583,0.9435250576597242,0.911051925406714,0.9222115340584656,0.9112449799196787,0.8895794024677615,0.8595580870936677,0.867883536095504
208,0.009126685505094788,0.014169071680098712,,False,0.9488904508484788,0.9431649768268318,0.9124077356634156,0.9232347676566827,0.9108433734939759,0.8892265448709608,0.859183975608445,0.8675131209020808
209,0.009099350235190953,0.014151666125524497,,False,0.9490912742243197,0.9433537151250704,0.9125944770266275,0.9234214262649831,0.9112449799196787,0.8895794024677615,0.8595580870936677,0.867883536095504
210,0.00907268020053632,0.014118626349106758,,False,0.9494929209760016,0.9436530318275064,0.9125365998480033,0.9234227927515367,0.9112449799196787,0.8895955478991318,0.8595580870936677,0.8678869165303972
211,0.009046788967177364,0.01411493714450481,,False,0.9490912742243197,0.9434366111246403,0.9130057767660824,0.9237848215649801,0.9112449799196787,0.8895933040703348,0.8595459010518037,0.8678807051480022
212,0.009015614994428146,0.014090789642278063,,False,0.9494929209760016,0.9438052450391399,0.913376591758746,0.9241559698988276,0.9116465863453815,0.8910657765253485,0.861615700262392,0.8701152419105888
213,0.008989851345688606,0.014084424807147911,,False,0.949794156039763,0.9447409545782006,0.9136446468392513,0.9246035776251887,0.9116465863453815,0.8910798576176882,0.8616169641525447,0.8701083506830687
214,0.008962086996609633,0.014068200247375,,False,0.949794156039763,0.9441469681996533,0.9140623949692235,0.9247882137476484,0.9116465863453815,0.891081921956719,0.861615700262392,0.870118622345482
215,0.008935086627491434,0.01406054183153351,,False,0.949794156039763,0.9442238124388103,0.91448281575206,0.925149941336964,0.9120481927710843,0.8924925790480014,0.8636733134311163,0.8723048153095876
216,0.0089085870325782,0.014036605216732622,,False,0.9501958027914449,0.9445014101583129,0.9144336978479947,0.9251520044569916,0.9116465863453815,0.8911012021825638,0.861615700262392,0.8701259177853189
217,0.008882472000092735,0.014027064049079597,,False,0.9503966261672858,0.9442085924157279,0.9154653307122926,0.9258916182834146,0.9120481927710843,0.8914419534113668,0.861988556339946,0.870489535350968
218,0.008857838868688225,0.013998906843415173,,False,0.9504970378552063,0.9443020293399349,0.915547900983174,0.925981485025066,0.9120481927710843,0.89145480088862,0.861988556339946,0.8704924305546738
219,0.00883542527759355,0.013974144588573602,,False,0.9507982729189678,0.9452294715049528,0.9158134771900873,0.9264324107163389,0.91285140562249,0.8922090446489381,0.8626923743863293,0.8712223847885703
220,0.008808288275895065,0.013989062860439478,,False,0.9504970378552063,0.9454288749058917,0.9147058228064306,0.9255999937101862,0.9116465863453815,0.8921635624669061,0.8632870159040297,0.8719203786222547
221,0.008781133645399808,0.013970589174495798,,False,0.9505974495431269,0.9448718117927992,0.9148001025274516,0.9255240625273221,0.9124497991967871,0.8928904294688791,0.8640339834668064,0.8726778701648842
222,0.008753084960829563,0.01394390175897436,,False,0.9510995079827292,0.9447822546617013,0.9156735610596599,0.926174226927936,0.91285140562249,0.8932615905219434,0.864408094952029,0.8730531944482894
223,0.008731564270987797,0.013953793013443797,,False,0.9507982729189678,0.9452011081728412,0.915819205265199,0.9264217682312216,0.9124497991967871,0.8928720919809423,0.8640416448930575,0.8726546383316772
224,0.008707198769341423,0.013935844412493638,,False,0.9510995079827292,0.9438101171072479,0.9169215441238534,0.9268861065468794,0.9132530120481928,0.893645841124735,0.864735796195398,0.8733516954390355
225,0.00868092248787497,0.013903335440095676,,False,0.9516015664223315,0.9459743703313312,0.916550164315486,0.9271712671217406,0.9140562248995984,0.8953032062400575,0.867146409491077,0.8758810049254836
226,0.008653881557685034,0.013890840415039414,,False,0.9513003313585702,0.9457457374048533,0.9167066692463585,0.9272516175943023,0.9132530120481928,0.8936240904324051,0.8647776818216387,0.8734053164196267
227,0.008630271960113053,0.013868515652691822,,False,0.9516015664223315,0.9454764792811621,0.9173980810306313,0.9277057929354046,0.9132530120481928,0.8945928225474121,0.8664657081207533,0.8751920393348481
228,0.0086044504488048,0.01385974716983978,,False,0.951701978110252,0.9462695597720505,0.9179074460669684,0.928328786084123,0.9136546184738956,0.8949596158515756,0.8668276335641119,0.8755596526124706
229,0.008581112926962951,0.013850522024509261,,False,0.951902801486093,0.9464427542195532,0.9180852702703804,0.9285043385221543,0.9136546184738956,0.8949714922627271,0.866835294990363,0.8755506702171478
230,0.008556377548911594,0.013830438793321718,,False,0.9520032131740135,0.9460001639483733,0.9186081686849157,0.9287816228677784,0.9140562248995984,0.8953353834462955,0.867208151067917,0.8759303943994513
231,0.00853509024485325,0.013821079852390294,,False,0.951902801486093,0.9459035349267493,0.9185173873401921,0.9286873501973558,0.9140562248995984,0.8953472064542779,0.8672145570864997,0.8759245900266709
232,0.008509952079015169,0.013800459417411946,,False,0.9529069183652977,0.9463897340457318,0.9202699551491261,0.930129233132159,0.9140562248995984,0.8953245721319321,0.8671707900572891,0.8758958647684293
233,0.008486128337868909,0.013790128560134444,,False,0.9528065066773772,0.9463096154650112,0.920171811455366,0.9300392693317261,0.9144578313253012,0.8956932665753311,0.8675378576290778,0.876269600080072
234,0.00846595239633053,0.013785695686479289,,False,0.9528065066773772,0.9463882065051974,0.9205946992854197,0.9303764371752268,0.9144578313253012,0.8957256213164572,0.8675911878695436,0.876289700696079
235,0.008441178956380363,0.013761175457201997,,False,0.9531077417411387,0.946654531876074,0.9208752802039517,0.9306596684360233,0.9140562248995984,0.8962196829075122,0.8688530278506381,0.8776221098701498
236,0.008418722461153279,0.013748138057311772,,False,0.9534089768049001,0.9469361915438953,0.9211524563278386,0.9309393223291119,0.9152610441767068,0.8964416169422711,0.8682937505082582,0.8770010611155123
237,0.008400083406368986,0.013738929923673477,,False,0.9529069183652977,0.946623558672949,0.9215285307514824,0.9311554980432627,0.9156626506024096,0.89771332836621,0.8703488443791612,0.8791020648559172
238,0.00837368619804266,0.01371596166103159,,False,0.9535093884928205,0.947119373193359,0.9216644890979359,0.9313785706876219,0.9160642570281124,0.8980799631679219,0.8706810702381431,0.8794350416812795
239,0.008352211766277064,0.013694148132099265,,False,0.9537102118686616,0.9473036536330733,0.9218559250764241,0.9315661124610014,0.9152610441767068,0.8973390219913578,0.8699759883016072,0.878731144668141
240,0.008331038503473139,0.013690352757503702,,False,0.9535093884928205,0.9472030698729283,0.922080483452667,0.9317185393572066,0.9164658634538153,0.8984520419402252,0.871036057813578,0.8797901042254422
241,0.008308857090275772,0.013676790728702688,,False,0.953810623556582,0.9474673891971466,0.9223659309650052,0.9319947537198091,0.9160642570281124,0.8980799631679219,0.8706810702381431,0.8794350416812795
242,0.008288908005611361,0.01366124035740397,,False,0.953810623556582,0.9473938517798646,0.9219446011427538,0.931656796430421,0.9164658634538153,0.8984670559621512,0.8710564456135184,0.8798086513810522
243,0.008265911309874184,0.01365462900200316,,False,0.953810623556582,0.9474651044612747,0.9223659309650052,0.931994025644439,0.9160642570281124,0.8980989441651714,0.8707267390523579,0.879469434331591
244,0.008246408257955563,0.013647628153633089,,False,0.953810623556582,0.9474659915768573,0.9223672537821737,0.9319915521383239,0.9168674698795181,0.8988000115867654,0.8714436520711514,0.8801841137660994
245,0.008223957765075316,0.013623364136829776,,False,0.9541118586203434,0.9478185374683505,0.9230619589676764,0.9326097906124572,0.9164658634538153,0.8984298281859924,0.8710874006055638,0.8798397240137503
246,0.008203811642919317,0.013611903997539974,,False,0.9540114469324229,0.9477277340991321,0.9229686666829484,0.9325161347278682,0.9172690763052209,0.900048758083674,0.8735203891496633,0.8822590906127904
247,0.008183441635800323,0.013595445039118975,,False,0.9544130936841049,0.9486782046429979,0.9233372871040897,0.9330619034314986,0.9180722891566265,0.9007649315802774,0.8742494882103209,0.8829803324792764
248,0.008162923204795395,0.01358664076668292,,False,0.9544130936841049,0.9480891508147357,0.9233291000896623,0.9328798760304148,0.9172690763052209,0.9000717122469462,0.8735134512817395,0.88225075073494
249,0.008143648963099718,0.013573008703339148,,False,0.9547143287478662,0.9483700727954929,0.9236008474639209,0.9331547829363992,0.9176706827309237,0.9004193327896206,0.8738500957108241,0.8825988892998118
250,0.008121972261830722,0.013564575460569382,,False,0.9548147404357867,0.9484549000978026,0.9237039849602571,0.9332500654375183,0.9176706827309237,0.9004342336015738,0.8738309718010363,0.8825819637267717
251,0.00810530586482932,0.013539033635768543,,False,0.9546139170599458,0.9483397509947795,0.9239417775273984,0.9333994697958623,0.9172690763052209,0.9000235603114225,0.8735191252595107,0.8822597251301008
252,0.008082270283641224,0.013534440867140216,,False,0.9550155638116277,0.9492807337563419,0.9242940179425391,0.9339364622116256,0.9180722891566265,0.9007664000476967,0.8742242071960467,0.8829648642863402
253,0.008063237483310478,0.013512839448608713,,False,0.9550155638116277,0.9492813690330814,0.9243031248926317,0.9339433438728049,0.9176706827309237,0.9003966742215945,0.8738945006348859,0.8826250473048235
254,0.008043905640760561,0.013515989374732695,,False,0.9552163871874686,0.9489482597653532,0.9249060796789309,0.934270348459169,0.9168674698795181,0.8997055869135464,0.8731393397965169,0.8818711109515873
255,0.008024489753153593,0.013497549407280544,,False,0.9552163871874686,0.9500466370323024,0.9244715739587804,0.9342958859053376,0.9184738955823293,0.9011346574063798,0.8745791947714815,0.8833201494607932
256,0.008004577649439194,0.013479137340886297,,False,0.9556180339391506,0.9498915235614717,0.925265399071163,0.934817797513923,0.9176706827309237,0.9004130381493556,0.8738297079108835,0.8825882003311012
257,0.007984741861682283,0.013465138367267102,,False,0.9556180339391506,0.950479393902691,0.9252608942461796,0.935000236590073,0.9176706827309237,0.9004130381493556,0.8738297079108835,0.8825882003311012
258,0.007967352051608846,0.013456732362993346,,False,0.9556180339391506,0.9505524265652264,0.9256777976403257,0.9353359586848176,0.9184738955823293,0.9011346574063798,0.8745791947714815,0.8833201494607932
259,0.007947191429439768,0.013449087393840478,,False,0.9560196806908324,0.9509166050261688,0.9260578602545603,0.9357063559879008,0.9180722891566265,0.9007886149684945,0.8742050832862589,0.8829541041433839
260,0.007929188446707022,0.01343327333250239,,False,0.9560196806908324,0.9503389804948544,0.9260573870923223,0.9355269795540797,0.9184738955823293,0.9011346574063798,0.8745791947714815,0.8833201494607932
261,0.00791130284344433,0.013417711554625393,,False,0.9562205040666734,0.950598938590989,0.9266601228102656,0.9360447872522332,0.9184738955823293,0.9019298930327238,0.8762614325648304,0.8849660958156718
262,0.007891023842666569,0.013416431032823523,,False,0.9562205040666734,0.9505746301474043,0.9266623546668487,0.9360313178595037,0.9180722891566265,0.901605921297079,0.8758885849697605,0.8845819981065288
263,0.007872107894734593,0.013397408097672403,,False,0.9564213274425143,0.95083603595762,0.927267284956314,0.9365516060576012,0.9188755020080321,0.9030638099393111,0.8783190457335546,0.8869317782773349
264,0.007855653218574947,0.01338892030302494,,False,0.9565217391304348,0.9520808240518444,0.9273589342286357,0.9370066927401928,0.9192771084337349,0.90343938675845,0.87869442110893,0.8872976820896177
265,0.007835819964577627,0.013391085218848785,,False,0.9564213274425143,0.9508194683853927,0.927267679721674,0.9365417826834032,0.9180722891566265,0.902379771565867,0.8775842726951262,0.8861878122730205
266,0.00781729074526054,0.01337216560606014,,False,0.9566221508183552,0.9516432918517247,0.9278708886018551,0.9372358644864273,0.9188755020080321,0.9030713643181508,0.8783203096237074,0.8869181817627985
267,0.007802088974685278,0.013347216647755145,,False,0.9571242092579576,0.9526302141364147,0.927911039435052,0.937560436493189,0.9188755020080321,0.9030638099393111,0.8783190457335546,0.8869317782773349
268,0.007781024633205921,0.013353158662935538,,False,0.9572246209458781,0.9521867638237193,0.9284255090367998,0.9377855615227078,0.9188755020080321,0.9030713643181508,0.8783203096237074,0.8869181817627985
269,0.007763927268785512,0.013336061354696997,,False,0.9568229741941962,0.9524082309599444,0.9280522944975466,0.9376046129369171,0.9188755020080321,0.903086831223486,0.8783203096237074,0.8869231089846887
270,0.007745405305284391,0.013316696219388321,,False,0.9571242092579576,0.952674532503943,0.9283277119270882,0.9378766914099541,0.9192771084337349,0.90343938675845,0.87869442110893,0.8872976820896177
271,0.007729050261679902,0.01331125201209386,,False,0.9572246209458781,0.952808587408634,0.9288471070462221,0.9382901274971535,0.9184738955823293,0.9026957874990118,0.877944934248332,0.8865522779505155
272,0.007710598439219657,0.013305642664684895,,False,0.9573250326337985,0.9529095750840333,0.9289219674538935,0.9383783939430425,0.9188755020080321,0.9030941042161243,0.8783324956655714,0.886934069164502
273,0.00769279323745397,0.013293199059512211,,False,0.95762626769756,0.9531779641953455,0.9292067741139878,0.938655796317869,0.9188755020080321,0.9030941042161243,0.8783324956655714,0.886934069164502
274,0.0076741325232996625,0.013277423126312683,,False,0.95762626769756,0.9531782295708732,0.9292020794987115,0.9386530770593241,0.9192771084337349,0.9034548536637854,0.87869442110893,0.8873026093115081
275,0.007657906734503652,0.013271289062164234,,False,0.95762626769756,0.9531772242646335,0.9292020794987115,0.9386535138386627,0.9188755020080321,0.9030941042161243,0.8783324956655714,0.886934069164502
276,0.0076418603151875205,0.013253693717146133,,False,0.9577266793854805,0.9532874805124476,0.9293001447955938,0.938755957064111,0.9196787148594378,0.9038417317532854,0.8790563465522887,0.8876905588784797
277,0.007623513794362267,0.013244882466576641,,False,0.9580279144492418,0.9537102366841153,0.9308315484906095,0.9399833724705259,0.9192771084337349,0.90343938675845,0.87869442110893,0.8872976820896177
278,0.0076056730938753635,0.013235954059317177,,False,0.9581283261371624,0.9537951892082719,0.9309248407753375,0.9400728286245893,0.9192771084337349,0.90343938675845,0.87869442110893,0.8872976820896177
279,0.007590562474050751,0.013219136653820332,,False,0.9580279144492418,0.9536593263044253,0.9304123348430023,0.9396696609825794,0.9196787148594378,0.9038175652950327,0.8790563465522887,0.8876765291856482
280,0.00757295954560113,0.013218021366374243,,False,0.9583291495130033,0.9539665994942099,0.9311121346277896,0.9402529849594846,0.9192771084337349,0.90343938675845,0.87869442110893,0.8872976820896177
281,0.007557252890330078,0.013208767805921211,,False,0.9584295612009238,0.9540288798314873,0.9307837023249063,0.9400383500045487,0.9200803212851406,0.904207989804098,0.8794182719956473,0.888048030704045
282,0.007539750349964442,0.013191670344536383,,False,0.9585299728888442,0.9541653085732871,0.9312974937893489,0.9404454753900772,0.9200803212851406,0.904207989804098,0.8794182719956473,0.888048030704045
283,0.007521642111795977,0.013188288991492663,,False,0.9585299728888442,0.954160236910382,0.9312979669515867,0.9404422115480833,0.9200803212851406,0.904213121818327,0.8794060859537834,0.8880358943085329
284,0.007505828940400063,0.013176400268559398,,False,0.9585299728888442,0.954174019002,0.9312926314840665,0.9404461109211587,0.9200803212851406,0.9042106731099842,0.8794060859537834,0.8880441198941229
285,0.0074886738510463735,0.013167176656218391,,False,0.9586303845767647,0.9542476267885814,0.9313886698994326,0.940531406315228,0.9192771084337349,0.9034598459592408,0.8786822350670661,0.8872894033380949
286,0.007472008005958196,0.013149200998689275,,False,0.9588312079526057,0.9544950084213758,0.9319940733511358,0.9410375526357915,0.9204819277108434,0.9045419110790811,0.8797936473710227,0.8884104177685338
287,0.007457340939692133,0.013147953538948553,,False,0.9587307962646852,0.9543411928043953,0.9314828902359691,0.9406251868014921,0.9204819277108434,0.9045629628206301,0.8797814613291588,0.8884011181574726
288,0.007439724447663408,0.013135069123609896,,False,0.9590320313284466,0.9546805169890266,0.932179905674933,0.9412236730876603,0.9208835341365462,0.9049321318685526,0.8801555728143814,0.8887812627698908
289,0.007423063553252857,0.013118711181472505,,False,0.9590320313284466,0.9547312686428641,0.9326012354971844,0.9415382813732089,0.9204819277108434,0.904568285857731,0.8797936473710227,0.8884250250570338
290,0.007406670246324543,0.013119974699790217,,False,0.9591324430163671,0.954825854591304,0.9326919384450303,0.9416302493647932,0.9204819277108434,0.9045629628206301,0.8797814613291588,0.8884011181574726
291,0.007391814734108697,0.013100376881007778,,False,0.9592328547042875,0.9549074561930616,0.932783755407358,0.9417162100938743,0.9208835341365462,0.9056548600222804,0.881851260539747,0.8903503795118177
292,0.007375173796630102,0.013097363192612437,,False,0.9593332663922081,0.9550043250583984,0.9328744583552039,0.9418100763600789,0.9208835341365462,0.9049021912217279,0.8801433867725175,0.8887571180000082
293,0.007359474432146142,0.013083007626068921,,False,0.9593332663922081,0.9550043250583984,0.9328744583552039,0.9418100763600789,0.921285140562249,0.9060090939195093,0.8822009999412418,0.890696148072474
294,0.007343867448433391,0.013077165323335211,,False,0.9592328547042875,0.954858987456121,0.9323624255851066,0.9414035000829458,0.9200803212851406,0.9042058363215655,0.8794060859537834,0.8880405888513329
295,0.007328359593194925,0.013068919154651864,,False,0.9592328547042875,0.9549604314066448,0.9332024174958493,0.9420296289319248,0.9200803212851406,0.9049055555298211,0.881101773679149,0.8896038226535649
296,0.007312648374920602,0.013059147152967196,,False,0.9594336780801286,0.9551484919305311,0.9333864911253011,0.9422154924191055,0.9216867469879518,0.9070898025487636,0.8842573492198132,0.8926079976730086
297,0.007297199750551725,0.013049663921102458,,False,0.9594336780801286,0.9551521682399924,0.9333864911253011,0.9422181592536644,0.9208835341365462,0.9056776172567109,0.8818256245658664,0.8903414503941782
298,0.007281926200167313,0.013032538171755849,,False,0.959534089768049,0.9552396690199966,0.9334798618069071,0.9423074453325521,0.9216867469879518,0.9070898025487636,0.8842573492198132,0.8926079976730086
299,0.007265658362097208,0.013034159620465467,,False,0.959534089768049,0.9552371777822677,0.9334798618069071,0.9423055114841288,0.9216867469879518,0.9071102913339383,0.884258613109966,0.8925902111367066
300,0.007251667579341419,0.013035922554669782,,False,0.9593332663922081,0.9550489431439032,0.9332948791380404,0.9421188848988873,0.9216867469879518,0.9092131766010907,0.884258613109966,0.8931772154922071
301,0.007235265909900887,0.013015650062094541,,False,0.959534089768049,0.9552394301202847,0.9334798618069071,0.9423082434477141,0.921285140562249,0.9067184251804439,0.8838832377345907,0.8922272754649216
302,0.007220913989035094,0.013013171659963983,,False,0.9600361482076514,0.9556910368361401,0.9339474864729893,0.9427679544786375,0.9216867469879518,0.9070956480636096,0.8842777370197538,0.8926063284125618
303,0.007205048931052209,0.01299509529549588,,False,0.9597349131438899,0.9554168732397231,0.9336665247732411,0.9424906543319849,0.921285140562249,0.9088282199136205,0.8839036255345312,0.8928326160320457
304,0.007190819586493882,0.012987964074652553,,False,0.9598353248318104,0.955524613721965,0.9337573061179647,0.9425907570558145,0.921285140562249,0.9088404227950233,0.8838832377345907,0.8928273033814703
305,0.007175175274868275,0.012974502271631792,,False,0.9600361482076514,0.9557463271664132,0.9343625527759123,0.9430768268732168,0.9216867469879518,0.9091998406352619,0.884258613109966,0.8931884007434474
306,0.007162261092838793,0.012979781373731875,,False,0.9599357365197309,0.9556648065829779,0.9342592445016766,0.9429839974920711,0.9216867469879518,0.9092477519397766,0.8842382253100255,0.8931848788782492
307,0.007145180850181893,0.012962821335142021,,False,0.9602369715834923,0.9559273431380088,0.9345510528334695,0.9432644312053464,0.921285140562249,0.9088617453185902,0.8839036255345312,0.8928344242060242
308,0.007130523021217899,0.012953827559051485,,False,0.9605382066472538,0.9567961523797176,0.9352503794560191,0.9440355370438964,0.921285140562249,0.9088617453185902,0.8839036255345312,0.8928344242060242
309,0.007118970335815731,0.012964633347207908,,False,0.9603373832714128,0.9561737450782696,0.93590125943548,0.9442753072914676,0.9220883534136546,0.9096071697800152,0.884613600685401,0.8935459762402262
310,0.0071020338610916596,0.012937087917299861,,False,0.9606386183351742,0.9564077391388497,0.9357482479618001,0.9442473486314723,0.921285140562249,0.9088739481999928,0.8838832377345907,0.8928291115554489
311,0.007087170815924485,0.012931567438679483,,False,0.9607390300230947,0.9564920281471448,0.9358531151739621,0.9443434038221259,0.921285140562249,0.9088579858263652,0.883908767662961,0.8928392112309089
312,0.007074356359513976,0.012914404599925185,,False,0.9610402650868561,0.9573572739979039,0.9365524417965116,0.9451134490901885,0.921285140562249,0.9088617453185902,0.8839036255345312,0.8928344242060242
313,0.007058386358133066,0.012921170769275752,,False,0.9610402650868561,0.9574000565998707,0.9369746212736936,0.945415871456489,0.9216867469879518,0.9092282559730818,0.8842841430383364,0.893195068934217
314,0.007044766641004677,0.012904996147905521,,False,0.9611406767747765,0.9574592168862783,0.9366322007030417,0.9452038667137876,0.9208835341365462,0.9085131797848293,0.8835282501591558,0.8924680871853783
315,0.007034307848451809,0.012891649859642437,,False,0.9611406767747765,0.9580024771636464,0.9366343952745638,0.9453925621882937,0.9216867469879518,0.9092169571122533,0.8842828791481836,0.8932116283931497
316,0.007015737497998933,0.012888087441707916,,False,0.9611406767747765,0.9574997985102477,0.937053530525293,0.9455064398661166,0.9208835341365462,0.9085131797848293,0.8835282501591558,0.8924680871853783
317,0.007001482156833631,0.012890244154195866,,False,0.9610402650868561,0.9574063701606789,0.9369601598436871,0.9454129866574628,0.9208835341365462,0.9085131797848293,0.8835282501591558,0.8924680871853783
318,0.0069867162707400385,0.012873632969231124,,False,0.9610402650868561,0.9574063701606789,0.9369601598436871,0.9454129866574628,0.9208835341365462,0.9085131797848293,0.8835282501591558,0.8924680871853783
319,0.006975005326438881,0.012857813601452208,,False,0.961441911838538,0.9583218949189392,0.9373341950593512,0.9459741795593111,0.9216867469879518,0.9092267695705155,0.8842828791481836,0.8932064583366586
320,0.006959178368654348,0.012862122946627641,,False,0.9610402650868561,0.9574013949338929,0.9369601598436871,0.9454100104582788,0.9216867469879518,0.9092282559730818,0.8842841430383364,0.893195068934217
321,0.006944928923497356,0.012845504916617083,,False,0.9612410884626971,0.9576369291789033,0.9375655632953903,0.9459002590873425,0.9220883534136546,0.9095878454846942,0.8846569991158904,0.8935781254209645
322,0.006932735622079172,0.012852680813331598,,False,0.9615423235264585,0.9579097521984722,0.9378456159557239,0.946175405177101,0.9220883534136546,0.9096266619027715,0.8846442727422009,0.8935620353918572
323,0.006920839028562028,0.012854773323640342,,False,0.961441911838538,0.9578173534663522,0.9377649480097792,0.9460883336885695,0.9224899598393574,0.9100043697781994,0.8849992603176359,0.893918995279615
324,0.006904108980492126,0.012838440582249644,,False,0.961441911838538,0.9578175070682291,0.9377575807416382,0.946086526480861,0.9224899598393574,0.9100043697781994,0.8849992603176359,0.893918995279615
325,0.006889249766286876,0.012821144558528218,,False,0.9611406767747765,0.9574956545850625,0.9370552892196383,0.9455054568115207,0.9224899598393574,0.9099768065596862,0.8849915988913847,0.8939298060138419
326,0.006876100499049058,0.012811336551125983,,False,0.961441911838538,0.9583255153539834,0.9373315273255911,0.9459744420148777,0.9224899598393574,0.9099768065596862,0.8849915988913847,0.8939298060138419
327,0.006863403208571812,0.012808428141406739,,False,0.9617431469022995,0.9580948129373772,0.9380310727169527,0.9463612192865517,0.9224899598393574,0.9099768065596862,0.8849915988913847,0.8939298060138419
328,0.006848947232662895,0.012793942317328832,,False,0.9617431469022995,0.9586334258054455,0.9380337404507131,0.9465519027275088,0.9224899598393574,0.9099768065596862,0.8849915988913847,0.8939298060138419
329,0.006835999190218012,0.012780166360954349,,False,0.9618435585902199,0.9587299729338505,0.9381315375604244,0.9466496516116529,0.9224899598393574,0.9099482583256765,0.8850094673935041,0.8939457589912229
330,0.006822535990118407,0.012777879602001845,,False,0.9620443819660609,0.9589090027565972,0.9383044632649784,0.946825794196537,0.9224899598393574,0.9099768065596862,0.8849915988913847,0.8939298060138419
331,0.006809562393211528,0.012777038127606454,,False,0.9621447936539813,0.9590378982050244,0.938818254729421,0.9472171701191893,0.9224899598393574,0.9099768065596862,0.8849915988913847,0.8939298060138419
332,0.0067976719884729675,0.012774354229211448,,False,0.9624460287177428,0.959318538007586,0.9390992164291693,0.9474967771761974,0.923293172690763,0.9113188045903828,0.8874297295639142,0.8961606780828281
333,0.00678363272810439,0.012750574829010682,,False,0.9623456170298222,0.9592222897546462,0.9390032373982877,0.947400948469381,0.923293172690763,0.9112774923666814,0.887422068137663,0.896160804026852
334,0.0067707900843699724,0.012745645850816846,,False,0.9624460287177428,0.959311046925537,0.9390865779970969,0.9474870362091709,0.9228915662650602,0.9103226470661103,0.8853644549689388,0.8943021777103866
335,0.006757289002770921,0.012739951557366177,,False,0.9627472637815042,0.9595844817987048,0.9393689218984981,0.9477644163611463,0.923293172690763,0.9112774923666814,0.887422068137663,0.896160804026852
336,0.00674409274910291,0.012732965245587683,,False,0.9626468520935837,0.9594903689858744,0.9392782189506522,0.9476725462033158,0.923293172690763,0.9112774923666814,0.887422068137663,0.896160804026852
337,0.0067311913177297445,0.01272779634278247,,False,0.9625464404056632,0.9594047898191468,0.9391817073730482,0.9475817340717523,0.923293172690763,0.9112994345378971,0.8874297295639142,0.896157767316264
338,0.006719000804840951,0.012715704438597063,,False,0.9625464404056632,0.9593992135896703,0.9391848482690462,0.9475813861408443,0.923293172690763,0.911223956162934,0.887422068137663,0.8961453022930937
339,0.006706603537550876,0.012724916222182647,,False,0.9626468520935837,0.9594949954567811,0.9392785954433448,0.9476745828361359,0.923293172690763,0.9112994345378971,0.8874297295639142,0.896157767316264
340,0.0067012904409721056,0.012732575555552465,,False,0.9629480871573451,0.9598057351029841,0.9399875452500335,0.9482487029794537,0.923293172690763,0.9112647521863093,0.8874284741562456,0.896141002785192
341,0.0066806853757073485,0.012702713738027477,,False,0.9628476754694246,0.9596770333476261,0.9394640512744493,0.9478581373230589,0.9228915662650602,0.9109122818077715,0.887049212060109,0.8957855215637434
342,0.006668218051121323,0.012690883185693107,,False,0.9628476754694246,0.959715585574022,0.9398809546685953,0.9481549498348433,0.9228915662650602,0.9108575668745895,0.887049212060109,0.8957700818286735
343,0.0066564396722512045,0.012697229567248607,,False,0.9629480871573451,0.9598078399179261,0.9399760840445466,0.9482485962614575,0.9228915662650602,0.9109362486836612,0.8870568734863602,0.8957823085592305
344,0.0066441002266996825,0.012681041637772833,,False,0.9631489105331861,0.9599811954558459,0.9401610667134133,0.9484270920146929,0.9224899598393574,0.910537089993846,0.886676355982555,0.8954065562427993
345,0.006630733313092123,0.012673014380047523,,False,0.9631489105331861,0.9600152897537928,0.9405797288019045,0.9487203857382212,0.9228915662650602,0.9108575668745895,0.887049212060109,0.8957700818286735
346,0.0066189682468339615,0.012663557845388916,,False,0.9632493222211065,0.9601110967388325,0.9406730994835105,0.9488148329501325,0.923293172690763,0.9112135421188301,0.8874233235453316,0.8961432978525631
347,0.006606926749975409,0.012656034886126212,,False,0.9632493222211065,0.9601110967388325,0.9406730994835105,0.9488148329501325,0.923293172690763,0.9112135421188301,0.8874233235453316,0.8961432978525631
348,0.006594923117681688,0.012662728853946065,,False,0.963349733909027,0.9601760243686789,0.9403530841596611,0.9486206369703386,0.923293172690763,0.9112911375493944,0.8874309849715828,0.89615559194679
349,0.006582664361284828,0.012638159584560275,,False,0.9635505572848679,0.9604153479211524,0.9413753910055104,0.9493818152847192,0.9236947791164659,0.9116153615153291,0.8878038410491368,0.896520344434911
350,0.006570530528556778,0.012648250068598566,,False,0.9638517923486294,0.9607136256387054,0.9416660552164002,0.949676629511036,0.9236947791164659,0.911635587488272,0.8877847171393491,0.8965103430391179
351,0.006557979136876366,0.012631388717992893,,False,0.9634501455969475,0.9603304498682212,0.9412802616295591,0.949293045897362,0.9236947791164659,0.9115866408466989,0.8877783111207666,0.896506682196405
352,0.006546145045202428,0.01262681556176385,,False,0.9634501455969475,0.9603365795285718,0.9412820203239044,0.9492985304457081,0.923293172690763,0.9112459974157086,0.887404199635544,0.8961375156490371
353,0.006535609840581774,0.01262692265715014,,False,0.9640526157244703,0.9608965184706554,0.9418527965796122,0.9498616905906329,0.9236947791164659,0.911635587488272,0.8877847171393491,0.8965103430391179
354,0.00652264435814794,0.012606258430934887,,False,0.9636509689727885,0.9605160660418434,0.9414705203814617,0.9494812315023486,0.9228915662650602,0.9108672071064652,0.88703134355799,0.8957580351155779
355,0.0065115325391645554,0.012597249206126728,,False,0.9637513806607089,0.9606035556125997,0.941565649757413,0.9495714040289958,0.9236947791164659,0.911599972556432,0.8877783111207666,0.8965108347889513
356,0.006501614017234848,0.012588774046589481,,False,0.9636509689727885,0.9605095635016734,0.9414687616871164,0.9494756473779967,0.923293172690763,0.9112113332888934,0.8874054550432126,0.8961277122092461
357,0.006487247034056746,0.012592272984029002,,False,0.9641530274123908,0.9609731428331254,0.9419461672612182,0.9499452852184943,0.923293172690763,0.9112459558123833,0.8874131164694635,0.8961280234749905
358,0.006476126545602247,0.012575377853265977,,False,0.9640526157244703,0.9608852220355912,0.9418400938439512,0.9498513866724494,0.923293172690763,0.9112459974157086,0.887404199635544,0.8961375156490371
359,0.006464318005277503,0.01256349535935333,,False,0.9641530274123908,0.9609701440907565,0.9419334645255572,0.9499386366490161,0.9240963855421687,0.9119486863160733,0.8881588286245717,0.8968759382387316
360,0.006451852258688633,0.012566357622851649,,False,0.9641530274123908,0.9609756399643783,0.9419334645255572,0.9499431045408893,0.9236947791164659,0.911635587488272,0.8877847171393491,0.8965103430391179
361,0.006440953915717356,0.012575551301854762,,False,0.9643538507882318,0.9611671823518443,0.942125481971805,0.9501337705493835,0.9228915662650602,0.9108919806716599,0.8870390049842409,0.8957547043350763
362,0.006428666385478937,0.012555860629350117,,False,0.9642534391003112,0.9610627379688731,0.9420285939015085,0.9500321844517465,0.9236947791164659,0.9115673920222318,0.8877859725470176,0.8964958737211782
363,0.006417377517650817,0.01255144968372466,,False,0.9644542624761522,0.9612457218023339,0.9422170939590657,0.9502177809370355,0.9240963855421687,0.9119486863160733,0.8881588286245717,0.8968759382387316
364,0.0064065235457126946,0.012544082164099265,,False,0.9646550858519932,0.9614736901415115,0.9428241777082363,0.9506976904868638,0.9236947791164659,0.9115938181469718,0.8877847171393491,0.8965020345259584
365,0.006395071002536399,0.012538367308343025,,False,0.9645546741640727,0.9613901352835524,0.9427308070266304,0.950611341704404,0.9228915662650602,0.910847865740319,0.8870390049842409,0.8957465257937134
366,0.006385207904251544,0.012546502744332475,,False,0.9646550858519932,0.9614755254179731,0.9428260147994596,0.9507004343911548,0.9228915662650602,0.9108694845133744,0.8870377495765724,0.8957465773686
367,0.006374509099643756,0.012526635742731594,,False,0.9644542624761522,0.961250693457449,0.9422140506627373,0.9502202821428677,0.923293172690763,0.9112293370886076,0.8874067104508809,0.896138236364131
368,0.006361851042222372,0.012511099868293244,,False,0.9643538507882318,0.961157749100502,0.9421201274918912,0.950127381026153,0.9228915662650602,0.9108177699435996,0.8870325989656584,0.8957480497905751
369,0.0063510778227353374,0.01252972300371382,,False,0.9647554975399136,0.9616141606435384,0.943337969172679,0.9510872092970462,0.9228915662650602,0.9108694845133744,0.8870377495765724,0.8957465773686
370,0.006338929620220101,0.012515465158570174,,False,0.9645546741640727,0.9614319730681478,0.943154163730398,0.9509040327113389,0.923293172690763,0.911230475852448,0.887411861061795,0.8961272451508326
371,0.006327082525126941,0.012507952787568603,,False,0.9648559092278342,0.9616597542796783,0.9430114715606887,0.9508862589443908,0.9228915662650602,0.9108919806716599,0.8870390049842409,0.8957547043350763
372,0.006316267692992835,0.012508507919509651,,False,0.9647554975399136,0.9616079134985102,0.9433362104783336,0.9510821261353559,0.923293172690763,0.911201786736052,0.8874143803596163,0.8961065672706234
373,0.006304865917941058,0.012491203269308223,,False,0.9648559092278342,0.9616947549085216,0.9434295811599396,0.9511721135077944,0.9236947791164659,0.9115722041884887,0.8877872279546861,0.8965029548333862
374,0.006294686192939379,0.012483577495143812,,False,0.9649563209157546,0.9617862811245976,0.9435217456364406,0.9512646511138177,0.923293172690763,0.9111872175714419,0.8874067104508809,0.8961305757959062
375,0.006284153184817307,0.012481611079139079,,False,0.9648559092278342,0.9616975118245876,0.9434295811599396,0.9511752773288351,0.923293172690763,0.9111872175714419,0.8874067104508809,0.8961305757959062
376,0.006271781938978583,0.012470046011495923,,False,0.9649563209157546,0.9617864524219579,0.9435229518415456,0.9512654067482421,0.923293172690763,0.9112038362952176,0.8874131164694635,0.8961203629067658
377,0.006261384713156774,0.012472672782220131,,False,0.9650567326036751,0.9618807290157876,0.9436186337067372,0.9513585903483534,0.923293172690763,0.911201786736052,0.8874143803596163,0.8961065672706234
378,0.006251819130973091,0.012455673440381338,,False,0.9650567326036751,0.9618762299977265,0.9436151163180466,0.95135529721631,0.923293172690763,0.9111872175714419,0.8874067104508809,0.8961305757959062
379,0.00624049621790198,0.012455531223561826,,False,0.9651571442915955,0.9614476305963131,0.9437114518991029,0.9512573231555618,0.9248995983935743,0.9126551257073307,0.8889108347829909,0.8975987308652739
380,0.006228684469535928,0.012450029728581575,,False,0.9651571442915955,0.9619684478679772,0.9437102456939979,0.9514488068743565,0.9236947791164659,0.9115722041884887,0.8877872279546861,0.8965029548333862
381,0.00621822216136474,0.012440627273887856,,False,0.9651571442915955,0.9619695434393944,0.9437102456939979,0.9514503170331781,0.9236947791164659,0.9115722041884887,0.8877872279546861,0.8965029548333862
382,0.006208813771213652,0.012454720220929517,,False,0.9649563209157546,0.9612751776116443,0.9435299576404075,0.9510803727753709,0.9224899598393574,0.9104857651521683,0.8866648934990183,0.895365926069617
383,0.006196284504599494,0.012439456126749064,,False,0.965257555979516,0.9615421643351869,0.9438074019514651,0.9513510937226521,0.9236947791164659,0.9115722041884887,0.8877872279546861,0.8965029548333862
384,0.006185259805993881,0.012441074640720577,,False,0.9651571442915955,0.9614509974561423,0.9437120043883431,0.9512599538804475,0.923293172690763,0.9112105848455508,0.8874131164694635,0.8961237855585876
385,0.006174955856238906,0.012432027684018888,,False,0.9653579676674365,0.9616341928774855,0.9438940511362789,0.9514429920482065,0.9236947791164659,0.9115722041884887,0.8877872279546861,0.8965029548333862
386,0.006165215331085158,0.012421836694784218,,False,0.9653579676674365,0.961631784257286,0.9438896247081732,0.9514395867613218,0.9236947791164659,0.9115722041884887,0.8877872279546861,0.8965029548333862
387,0.0061536860450003604,0.012424358647350699,,False,0.965257555979516,0.961545416258018,0.9438027073361889,0.9513521934140368,0.9236947791164659,0.9115847550702149,0.8877936339732687,0.8964999643831594
388,0.006143448241085215,0.012414551608130646,,False,0.9653579676674365,0.9616333002644701,0.9438961573447973,0.9514438594394732,0.9236947791164659,0.911569410934417,0.8877884918448389,0.8964823816019862
389,0.006135081533226744,0.012396823973809918,,False,0.965257555979516,0.9615373319610829,0.9437957808643294,0.9513456282664505,0.9248995983935743,0.9126600521202999,0.8889095708928382,0.8976254158725605
390,0.006122747410033306,0.012401845112539955,,False,0.9655587910432775,0.9618049849380069,0.9440734301504542,0.9516177605065974,0.9244979919678715,0.9122847202692758,0.8885354594076156,0.8972368273320147
391,0.006112978884277409,0.012398046851783995,,False,0.9655587910432775,0.9618059297217201,0.9440735094774566,0.9516196775153222,0.9248995983935743,0.9132225028317212,0.890600734002591,0.8990587011120138
392,0.006101610995199901,0.01238998613872276,,False,0.9656592027311979,0.9618958828204401,0.944168638853408,0.9517119263304133,0.9244979919678715,0.9128618312043346,0.8902266225173684,0.8986794796173536
393,0.006090967966606669,0.012384285708132317,,False,0.9656592027311979,0.9618975594817355,0.9441719695396988,0.9517133867785491,0.9248995983935743,0.9132155211962554,0.8905994785949224,0.8990547560725834
394,0.006081525024871743,0.012394989825764341,,False,0.9655587910432775,0.9618097109009027,0.9440804359493161,0.951623406311358,0.9236947791164659,0.9121358440340563,0.8894783995469232,0.8979210120001411
395,0.006071864159992856,0.012375580469488855,,False,0.9662616728587208,0.9619777589247585,0.945147919796895,0.9523646866342178,0.9253012048192771,0.9135623188199836,0.8909684479517153,0.8994188427569756
396,0.006060340813797958,0.012375957450445115,,False,0.9658600261070388,0.9615641840602136,0.9443604695972562,0.9517061655990481,0.9244979919678715,0.9128618312043346,0.8902266225173684,0.8986794796173536
397,0.006050750366371873,0.012376891976506479,,False,0.9656592027311979,0.9619037863676758,0.9441672749244225,0.9517148662030613,0.9236947791164659,0.9121516436350353,0.8894783995469232,0.8979316063073952
398,0.006040747461839548,0.01235535799199919,,False,0.9659604377949593,0.9621777115269611,0.9444520815845168,0.9519939850755085,0.9257028112449799,0.9133869652176239,0.8896629444741975,0.8983768635116802
399,0.006030546853315248,0.012349836131075945,,False,0.9659604377949593,0.9621793038575994,0.9444520815845168,0.9519956040889603,0.9257028112449799,0.9139327864819133,0.8913400401391165,0.8998208588156587
400,0.006019727469388524,0.012356858071705386,,False,0.9661612611708003,0.9623588206222871,0.9446311924115215,0.9521758901859406,0.9248995983935743,0.9132299263114996,0.8905982231872538,0.8990711861013714
401,0.006011247555480043,0.01234068696048438,,False,0.9660608494828798,0.962272152499676,0.9445407576508464,0.9520880640866886,0.9248995983935743,0.9126557103477937,0.8889070515950169,0.8976413435814643
402,0.006000563573323658,0.01234247741379477,,False,0.9660608494828798,0.9622697158207918,0.9445402844886086,0.9520865876094852,0.9253012048192771,0.9135692446378667,0.8909659286538939,0.8994418261773571
403,0.005990825098418093,0.012346996062517681,,False,0.9661612611708003,0.9623574930699846,0.9446311924115215,0.9521746828724993,0.9253012048192771,0.9136293020773911,0.890934086852901,0.8994032736055664
404,0.005979776227581538,0.012335566535786558,,False,0.9661612611708003,0.9618028433797429,0.9442167517760686,0.9516994270729907,0.9257028112449799,0.9139436422295878,0.8913464461576991,0.8998186673670416
405,0.005970263545663643,0.012338920818775698,,False,0.9663620845466412,0.9620717051730665,0.9452413698055034,0.9524622137989264,0.9257028112449799,0.913967507863735,0.8913477100478518,0.8998044987831373
406,0.005959949791019197,0.012320594506429956,,False,0.9663620845466412,0.9620313393571327,0.9448226283900097,0.9521743593563181,0.9253012048192771,0.9135858968663987,0.8909723346724765,0.8994450232144237
407,0.005950794941437186,0.012327179329732289,,False,0.9663620845466412,0.9620773231546684,0.9452430491728463,0.9524637280794954,0.9244979919678715,0.9128687734389005,0.8902241117020312,0.8986905341574134
408,0.005940465093347862,0.01231200323643391,,False,0.9663620845466412,0.9620765805479312,0.9452459850937773,0.9524642552435402,0.9261044176706827,0.9143281794911216,0.8917218215330744,0.9001837202777975
409,0.005931410929665003,0.012314085647691177,,False,0.9664624962345617,0.9621197129469026,0.9449223739843594,0.9522664373460571,0.9257028112449799,0.9139323076478006,0.8913586406820472,0.8998130667631682
410,0.005921011684084589,0.012305736980279576,,False,0.9667637312983232,0.9625316153900138,0.9464539354032553,0.9534074551334147,0.9261044176706827,0.9143281794911216,0.8917218215330744,0.9001837202777975
411,0.005911566018296704,0.012290006970933992,,False,0.9666633196104026,0.9624376712109041,0.9463646284508074,0.9533147223115433,0.9261044176706827,0.9142815892457408,0.8917302328694485,0.9002064848235578
412,0.005902080018308837,0.012280149621537109,,False,0.9666633196104026,0.9624831673075384,0.9467763640674394,0.9535980305889437,0.9261044176706827,0.9142815892457408,0.8917302328694485,0.9002064848235578
413,0.005891790194635572,0.012284856625579628,,False,0.9666633196104026,0.9624425193767441,0.946356871336411,0.9533156566773884,0.9253012048192771,0.9135858968663987,0.8909723346724765,0.8994450232144237
414,0.005882737615107212,0.012285394032430426,,False,0.9665629079224822,0.962343544427427,0.9462708630038414,0.9532204515113359,0.9269076305220884,0.9160495084135106,0.8958479785047184,0.9037237569620137
415,0.0058725613276956815,0.012275954663044512,,False,0.9667637312983232,0.9625358386128736,0.9464507151802548,0.9534081886234969,0.9257028112449799,0.9139704341279322,0.8913477100478518,0.8998100761251795
416,0.005863886079706813,0.012280390253473878,,False,0.9669645546741641,0.9626699953042475,0.9462150470942995,0.9533009894428377,0.9273092369477912,0.9164329741342101,0.8962017106724848,0.9040900295264582
417,0.005854801754656962,0.012284065632221616,,False,0.9670649663620845,0.962760851412804,0.9463089702651456,0.9533939917340845,0.9273092369477912,0.9159656614020896,0.8944881544449999,0.9026825670524293
418,0.005844183618487209,0.012263304353207488,,False,0.9672657897379255,0.9629827725616393,0.9469076511285716,0.9538586783389421,0.9265060240963855,0.9156818447157435,0.8954738670194958,0.9033455755444424
419,0.005835684641733478,0.012276983140910499,,False,0.9669645546741641,0.9631745226015026,0.9462152048181797,0.9534919857491589,0.9273092369477912,0.9160112665795894,0.8944894098526684,0.902690238138583
420,0.005825482132275911,0.012261394058813824,,False,0.9674666131137665,0.9637015235125739,0.947512581418037,0.9545138721873041,0.9269076305220884,0.9160761882609485,0.8958479785047184,0.9037265526068706
421,0.005817529096912123,0.012270480644726535,,False,0.967366201425846,0.9635862288745182,0.9470030497831785,0.9541477857686255,0.9273092369477912,0.9164763779522587,0.8961716561285016,0.9040591891183593
422,0.005807994304944024,0.012260691627111775,,False,0.967165378050005,0.9633950178254254,0.9468200567107671,0.9539612495001644,0.9273092369477912,0.9164580177855322,0.8962029660801534,0.9040872035847042
423,0.005797488437658523,0.012242085512832089,,False,0.967366201425846,0.9640928755260507,0.947007192839339,0.954341034917065,0.927710843373494,0.9168103115376094,0.8965566982479197,0.9044465978289412
424,0.005788510502590052,0.012244975858009727,,False,0.967366201425846,0.9630803284677536,0.9470077443984548,0.9539575792746793,0.927710843373494,0.9168342435003003,0.8965579536555881,0.9044438362669172
425,0.005779908802286385,0.012231759505775288,,False,0.9675670248016869,0.9637627620461995,0.9471944073647889,0.9543307579847065,0.9285140562248996,0.9175451311327971,0.8973087044063389,0.9051658367186362
426,0.005771242812643168,0.012228957773228953,,False,0.9675670248016869,0.9637580593123507,0.9471829901612353,0.954323852414722,0.9285140562248996,0.9175451311327971,0.8973087044063389,0.9051658367186362
427,0.0057604769945081066,0.012229459396054406,,False,0.9674666131137665,0.9636738812895538,0.9470958689056688,0.9542390375041809,0.927710843373494,0.9168263583472448,0.8965579536555881,0.904439821908155
428,0.005753208058141232,0.012225625271012688,,False,0.9676674364896074,0.964406931954731,0.9476965777420957,0.9548995195504553,0.9273092369477912,0.9164742881838435,0.8961825867626971,0.9040776215654365
429,0.005742931885349523,0.012217695133756819,,False,0.9675670248016869,0.9643155178913125,0.9476027338982518,0.954807866445867,0.9281124497991968,0.9172012936359086,0.8969308097331423,0.904827765790018
430,0.005734770088776945,0.0122044429982561,,False,0.9675670248016869,0.9638030670802511,0.9476064252618808,0.9546100699028942,0.927710843373494,0.9168050069806869,0.8965783414555286,0.9044470314424414
431,0.005725852896364997,0.012197873808208082,,False,0.9676674364896074,0.9638998932670558,0.9477033776357661,0.9547076906471149,0.927710843373494,0.9168050069806869,0.8965783414555286,0.9044470314424414
432,0.005716755893082006,0.012190593091722678,,False,0.9676674364896074,0.9644018029825371,0.9476945497690947,0.9548943000496953,0.9285140562248996,0.9175450830832064,0.8973061851085176,0.9051870408474705
433,0.005709017647822051,0.012186101332103124,,False,0.9675670248016869,0.9638000018810184,0.9476064252618808,0.9546067829630291,0.9273092369477912,0.9164310626091586,0.8962233538800937,0.9040903948233703
434,0.005697628769000909,0.01219444003100023,,False,0.9678682598654483,0.964075873685214,0.9478719019017541,0.9548810221797022,0.927710843373494,0.9168263583472448,0.8965579536555881,0.904439821908155
435,0.005690442766309826,0.012202627978758356,,False,0.9677678481775278,0.9639983528152549,0.9477867291308257,0.9548014572477354,0.9281124497991968,0.9172035916559523,0.8969180918419372,0.9047930148500802
436,0.005680954088622857,0.012189248777961785,,False,0.9677678481775278,0.963988129668438,0.9477893968645859,0.9547984407321662,0.9281124497991968,0.917172789267513,0.8969116858233546,0.9047920776701989
437,0.0056716396793345045,0.012185616470153933,,False,0.9680690832412893,0.964263312098216,0.9480558971343278,0.9550676163966436,0.9289156626506024,0.9179349491527646,0.8976867026123228,0.9055599158543548
438,0.005663169172722127,0.012180622950255942,,False,0.9678682598654483,0.9640737896822134,0.9478724543909942,0.9548811889618085,0.9285140562248996,0.9175823987660225,0.8973125911271,0.9051860130137326
439,0.0056551802057502615,0.01218155335556629,,False,0.9678682598654483,0.9640826735522151,0.9478697866572341,0.9548836342024606,0.927710843373494,0.9167894769099509,0.8965400936359532,0.9043962662829501
440,0.005645448730291255,0.012171250090991518,,False,0.9681694949292098,0.9643928629770558,0.9485685607905433,0.9554397325562546,0.9289156626506024,0.9179054265527632,0.8976688341102036,0.90551931675865
441,0.005636621714739452,0.012162046367855278,,False,0.9682699066171302,0.9644863615319197,0.9486618530752714,0.9555337725166512,0.9289156626506024,0.918363588424256,0.8993459297751227,0.9068744378847953
442,0.005628285540876216,0.012154785915914736,,False,0.9683703183050507,0.964616462159909,0.9491738858453687,0.9559060906181066,0.9293172690763052,0.9187274388120072,0.8997187858526767,0.9072578146076113
443,0.005621341930200721,0.01215460908854154,,False,0.9678682598654483,0.9641144867518265,0.9482979163731559,0.95516342203536,0.9281124497991968,0.9176550826592442,0.8986563424241935,0.9061878665794685
444,0.005611458245175467,0.012160195616413422,,False,0.9682699066171302,0.9644886030524003,0.9486577100191109,0.9555315025634221,0.9281124497991968,0.9176375048510023,0.8985977068046775,0.9061242624159793
445,0.005603714688573019,0.01216047342575732,,False,0.9683703183050507,0.9645783589187314,0.9487505291416011,0.9556244259952843,0.9293172690763052,0.9187574732473246,0.8997277111690806,0.907241136224167
446,0.005594044745806178,0.012138347875533466,,False,0.9684707299929712,0.9646668079055739,0.948844372985445,0.9557148147977043,0.9301204819277108,0.9194922936943054,0.9004746787318574,0.9080001921984753
447,0.005585489306454974,0.012139852052764731,,False,0.9685711416808916,0.9648026880783791,0.9493564057555423,0.9560907224944706,0.9293172690763052,0.9187453315260414,0.8997251918712593,0.9072550373239141
448,0.005576953757620974,0.012135880047777686,,False,0.9685711416808916,0.9648026977840094,0.9493564057555423,0.9560902594392213,0.929718875502008,0.9191203203387813,0.9001005672466348,0.907624539907894
449,0.005568800748402298,0.012129329706286992,,False,0.9686715533688122,0.9649329841728194,0.9498684385256395,0.9564622446463333,0.9293172690763052,0.9187293262193147,0.8997200497428296,0.9072517284963175
450,0.005560401141118627,0.012129029328991217,,False,0.9686715533688122,0.9654312531420286,0.9498684385256395,0.9566556420081059,0.929718875502008,0.9191203203387813,0.9001005672466348,0.907624539907894
451,0.005552218539697987,0.012123615739101673,,False,0.9687719650567326,0.9655133796008966,0.9499591414734854,0.9567422042196561,0.929718875502008,0.9191203203387813,0.9001005672466348,0.907624539907894
452,0.005544061848792043,0.012115805119812166,,False,0.9687719650567326,0.9650180141496123,0.9499591414734854,0.9565500728423412,0.9293172690763052,0.9187293262193147,0.8997200497428296,0.9072517284963175
453,0.005535664640612523,0.012120414950798351,,False,0.9688723767446531,0.9651523035412262,0.9504743944665831,0.9569228752610051,0.9293172690763052,0.9187684733453945,0.8997264557614122,0.9072498880897748
454,0.00552890955792808,0.012099181352442189,,False,0.9687719650567326,0.9650502338934022,0.950382498177253,0.9568261468221243,0.929718875502008,0.9172097743057949,0.9000941612280522,0.9069734576300562
455,0.0055210026266174364,0.012115987108412631,,False,0.9689727884325735,0.9652428780082908,0.9505597719130344,0.9570121899541556,0.9293172690763052,0.9187841274786922,0.8997264557614122,0.9072424685082408
456,0.005512068616170853,0.01211493536841962,,False,0.969073200120494,0.9658335035722048,0.9506536950838806,0.9572998307742042,0.9289156626506024,0.918435742560379,0.899353599683858,0.9068669160397432
457,0.005503699041004967,0.012109296241019174,,False,0.969073200120494,0.9653335545978214,0.950658389699157,0.9571058487922465,0.9289156626506024,0.918435742560379,0.899353599683858,0.9068669160397432
458,0.005495286349994624,0.012099203818497202,,False,0.9689727884325735,0.9652385828415101,0.9505697136328273,0.9570135445199236,0.929718875502008,0.9191203203387813,0.9001005672466348,0.907624539907894
459,0.005487070890290697,0.012094160520430875,,False,0.9689727884325735,0.9652415572110095,0.9505697136328273,0.9570151953136133,0.929718875502008,0.9191203203387813,0.9001005672466348,0.907624539907894
460,0.00547977454541807,0.012079841166104744,,False,0.9689727884325735,0.9652385828415101,0.9505697136328273,0.9570135445199236,0.929718875502008,0.9172253871591063,0.9001005672466348,0.9069701298780054
461,0.005471514313698692,0.01208486249312398,,False,0.969073200120494,0.9653305119418926,0.950658389699157,0.9571041989537366,0.929718875502008,0.9172253871591063,0.9001005672466348,0.9069701298780054
462,0.005463899195092757,0.012074463186415774,,False,0.9691736118084145,0.9654594105942564,0.9511704224692542,0.9574716352875909,0.9293172690763052,0.9168735401657195,0.8997264557614122,0.9065954780598862
463,0.0054560479292489646,0.012082489726724389,,False,0.9691736118084145,0.9654256995443858,0.9507470657654866,0.9571965035319061,0.929718875502008,0.9191643092614696,0.9000883812047706,0.9076247476389168
464,0.005449187764204122,0.012057567169501737,,False,0.9689727884325735,0.965238514752746,0.9505697136328273,0.9570131610517763,0.929718875502008,0.9191203203387813,0.9001005672466348,0.907624539907894
465,0.005440306712745946,0.012073638167810506,,False,0.9691736118084145,0.9654290621143424,0.9507470657654866,0.9571977682685502,0.929718875502008,0.9191643092614696,0.9000883812047706,0.9076247476389168
466,0.00543264786306806,0.012066303807991377,,False,0.9691736118084145,0.9654290621143424,0.9507470657654866,0.9571977682685502,0.9301204819277108,0.9194860399484155,0.9004624926899933,0.9079989678233404
467,0.0054261712487721995,0.012075632475338239,,False,0.9693744351842555,0.9661402850765148,0.9513541495146574,0.957852263889144,0.929718875502008,0.9191643092614696,0.9000883812047706,0.9076247476389168
468,0.005417308243447192,0.012056248868592483,,False,0.9691736118084145,0.9654270718640059,0.950751681983885,0.9571995073973394,0.9301204819277108,0.9194860399484155,0.9004624926899933,0.9079989678233404
469,0.00540947606657779,0.012065735015065178,,False,0.9693744351842555,0.9656460708863843,0.9513594750160519,0.9576595260840889,0.9301204819277108,0.9194902121328139,0.9004734233241888,0.9079908611722137
470,0.005402010397019799,0.012049544282579362,,False,0.969274023496335,0.9655532774474886,0.9512637147539823,0.9575657096049611,0.9301204819277108,0.9175663146122675,0.9004734233241888,0.9073359552554431
471,0.005394885896806598,0.01206368076925625,,False,0.9694748468721759,0.9661984724456075,0.9510294105970123,0.9576703997263076,0.9305220883534137,0.9198559317424478,0.9008353487675476,0.9083652890876601
472,0.005388524469670177,0.012065287700402976,,False,0.9693744351842555,0.9661062147491646,0.9509361183122843,0.9575774873453826,0.9305220883534137,0.9198327092267569,0.9008353487675476,0.9083577890507646
473,0.005379699592882044,0.012034163678452633,,False,0.969274023496335,0.9655532774474886,0.9512637147539823,0.9575657096049611,0.929718875502008,0.9153807707611618,0.9001184357487539,0.9063408546918884
474,0.005372439978524541,0.01204603339137006,,False,0.9694748468721759,0.9657413231225563,0.9514475201962633,0.9577512946695185,0.9305220883534137,0.9179426505645905,0.9008353487675476,0.9077096815892879
475,0.005364260718580245,0.012026118468243606,,False,0.9695752585600964,0.9658262842466571,0.9515396062758863,0.9578397017811208,0.9301204819277108,0.9157454554752591,0.9004803611921126,0.9067153350100503
476,0.0053569883699480444,0.01203214148317681,,False,0.9697760819359373,0.9665010404705501,0.9517332750410823,0.958221639148923,0.9305220883534137,0.9179426505645905,0.9008353487675476,0.9077096815892879
477,0.005350783553281095,0.01202747254877375,,False,0.9697760819359373,0.966500243823137,0.9517269001283386,0.9582190368251253,0.929718875502008,0.919081585887618,0.9001184357487539,0.9076337943666805
478,0.00534227398517154,0.012025112697093937,,False,0.9698764936238579,0.9665929704390666,0.951821951107412,0.958312218773985,0.9305220883534137,0.9161531478397466,0.9008353487675476,0.9070724323358862
479,0.005334950997414635,0.012030488160677161,,False,0.9699769053117783,0.9666875398355997,0.9519106271737416,0.958404080082653,0.9305220883534137,0.9179426505645905,0.9008353487675476,0.9077096815892879
480,0.005328082696869875,0.01202700790195662,,False,0.9697760819359373,0.966503890325846,0.9517234117181673,0.9582182800351376,0.9301204819277108,0.9158004559625186,0.9004612372823249,0.9066971955273395
481,0.005321390133646874,0.012032873815088354,,False,0.9697760819359373,0.9665120003380809,0.9517239642074077,0.9582243343751711,0.9301204819277108,0.9158004559625186,0.9004612372823249,0.9066971955273395
482,0.0053140128943693415,0.012011272363342814,,False,0.9700773169996988,0.9667838527069814,0.9520045494144633,0.9585003416404407,0.9301204819277108,0.9157594987847779,0.9004734233241888,0.9066974561308422
483,0.005308044378777558,0.011998261841114181,,False,0.9700773169996988,0.9667761988521444,0.9520074069385163,0.9584966439659051,0.9301204819277108,0.9157424702532959,0.9004938111241292,0.906703084869896
484,0.005298451842106839,0.012009722142505938,,False,0.9699769053117783,0.9666875398355997,0.9519106271737416,0.958404080082653,0.9305220883534137,0.9161531478397466,0.9008353487675476,0.9070724323358862
485,0.005291074449219519,0.012004555278462422,,False,0.9699769053117783,0.9666875398355997,0.9519106271737416,0.958404080082653,0.9305220883534137,0.9161276823914977,0.9008353487675476,0.9070643852684535
486,0.005284173661672849,0.012005770409729407,,False,0.9699769053117783,0.9666875398355997,0.9519106271737416,0.958404080082653,0.9305220883534137,0.9161276823914977,0.9008353487675476,0.9070643852684535
487,0.0052809641983949706,0.012023965204578326,,False,0.9700773169996988,0.9672837300560051,0.9520075152440383,0.9586963122584707,0.9309236947791165,0.9183595863592315,0.9012036802294886,0.9080714764514387
488,0.005270117967422318,0.012002352902536284,,False,0.9699769053117783,0.9671880703084502,0.9519106271737416,0.9586021705084344,0.9305220883534137,0.9179590973334213,0.9008231627256834,0.9076976707883672
489,0.005262696810809551,0.01198677470184107,,False,0.9701777286876192,0.96737211415491,0.9520978416991913,0.9587865776259341,0.9309236947791165,0.9182791311172793,0.901197274210906,0.9080718822295696
490,0.005256985491813982,0.011972980858421939,,False,0.9700773169996988,0.9672802356162585,0.9520091656328616,0.958696299929267,0.9305220883534137,0.916105144565191,0.9008422866354712,0.9070769465086177
491,0.005250176002448218,0.011968609076376285,,False,0.9701777286876192,0.9673711543560509,0.9520978416991913,0.9587851694507753,0.9301204819277108,0.9157199900270102,0.9004803611921126,0.9067072879426176
492,0.005242299083117944,0.011978849008465872,,False,0.9700773169996988,0.9667788391717872,0.9520044710175853,0.9584956056617195,0.9309236947791165,0.9165236931914187,0.9011985381010589,0.9074217096668935
493,0.005234743927193746,0.011979881756410349,,False,0.9700773169996988,0.9672797470432071,0.9520044710175853,0.9586917801363859,0.9305220883534137,0.9179590973334213,0.9008231627256834,0.9076976707883672
494,0.00522797486977843,0.011982370867105515,,False,0.9700773169996988,0.9672797470432071,0.9520044710175853,0.9586917801363859,0.9305220883534137,0.9179590973334213,0.9008231627256834,0.9076976707883672
495,0.005222039096847695,0.011983743286823383,,False,0.9702781403755397,0.9674679758142997,0.9521947297694879,0.958881142324009,0.9305220883534137,0.9179590973334213,0.9008231627256834,0.9076976707883672
496,0.005215305174867863,0.011954562274083314,,False,0.9702781403755397,0.9669649179605959,0.9521912123807973,0.9586840746900598,0.9301204819277108,0.9157199900270102,0.9004803611921126,0.9067072879426176
497,0.0052086602656206136,0.011976048692610246,,False,0.9703785520634601,0.9670598097704775,0.9522881004510939,0.9587803045429298,0.9317269076305221,0.919099955149263,0.9019397171580699,0.9088171636476279
498,0.00520063980804214,0.011954988070616998,,False,0.9702781403755397,0.9669636848679694,0.9521912123807973,0.9586822858267899,0.9301204819277108,0.9157199900270102,0.9004803611921126,0.9067072879426176
499,0.0051950217199825685,0.01197669848887286,,False,0.9702781403755397,0.9669685452410474,0.9521947297694879,0.9586844578531157,0.9313253012048193,0.9169558499587045,0.9015656056728473,0.907804107009758
500,0.00518725282095502,0.01196056583217045,,False,0.9701777286876192,0.9668736280215159,0.9520978416991913,0.9585916086539152,0.9309236947791165,0.9165231327003147,0.9012042120788298,0.9074478173487918
501,0.005180309378456218,0.011959851413520087,,False,0.9703785520634601,0.9670592777929142,0.9522881004510939,0.9587765507842754,0.9309236947791165,0.9165236931914187,0.9011985381010589,0.9074217096668935
502,0.0051740149523792425,0.011937994653429228,,False,0.9702781403755397,0.9669636848679694,0.9521912123807973,0.9586822858267899,0.9305220883534137,0.9161092055448619,0.9008422866354712,0.9070783110184684
503,0.005166978332503611,0.011952973941325098,,False,0.9704789637513807,0.9671480479232728,0.9523814711326999,0.9588690823014123,0.9309236947791165,0.9165231327003147,0.9012042120788298,0.9074478173487918
504,0.005159964154729987,0.011944884913391537,,False,0.9704789637513807,0.9676487374015387,0.9523814711326999,0.9590672543992095,0.9309236947791165,0.9183169014083704,0.9012042120788298,0.9080855110833939
505,0.005153171703860177,0.011936059097434585,,False,0.9702781403755397,0.9674640814876394,0.9521912123807973,0.9588803824376956,0.9309236947791165,0.9165231327003147,0.9012042120788298,0.9074478173487918
506,0.005146872647303028,0.011948376319875454,,False,0.9704789637513807,0.9671480479232728,0.9523814711326999,0.9588690823014123,0.9313253012048193,0.9169198838709526,0.901584729582635,0.9078210896543251
507,0.00513978327118363,0.011933401095251463,,False,0.9703785520634601,0.9675591089860175,0.9522881004510939,0.9589741913147538,0.9309236947791165,0.9165231327003147,0.9012042120788298,0.9074478173487918
508,0.005133345378925563,0.011929162404166416,,False,0.9704789637513807,0.9676495504836843,0.9523814711326999,0.9590661721990144,0.9309236947791165,0.9165231327003147,0.9012042120788298,0.9074478173487918
509,0.005126915262019897,0.011922762542790602,,False,0.9704789637513807,0.9676487334523425,0.9523814711326999,0.9590647997157169,0.9309236947791165,0.9165231327003147,0.9012042120788298,0.9074478173487918
510,0.005120479212758362,0.011921681917801942,,False,0.9705793754393012,0.9677365510216376,0.9524753943035462,0.9591555607871479,0.9309236947791165,0.9165231327003147,0.9012042120788298,0.9074478173487918
511,0.005113788106776702,0.01193280870999958,,False,0.9704789637513807,0.9676487374015387,0.9523814711326999,0.9590672543992095,0.9305220883534137,0.9161695069423786,0.9008301005936072,0.9070726110605478
512,0.005108366987130539,0.011937668373803082,,False,0.9706797871272216,0.9688697148689622,0.9529874270736435,0.9599182927255059,0.9313253012048193,0.9187496186667601,0.9015656056728473,0.9084418007443601
513,0.005101009859381537,0.011928141612898487,,False,0.9706797871272216,0.96836311685937,0.9529874270736435,0.9597213875091478,0.9313253012048193,0.9169198838709526,0.901584729582635,0.9078210896543251
514,0.005094979004033113,0.011923241228118612,,False,0.9705793754393012,0.9682725286449896,0.9528940563920375,0.959626916249533,0.9321285140562249,0.9181944765053404,0.9039985942169471,0.9098411758070399
515,0.005088136077214004,0.01191398279235776,,False,0.9705793754393012,0.9677814990397265,0.9528940563920375,0.9594398184923535,0.9309236947791165,0.9188090178325365,0.9028877137623316,0.9093927771672148
516,0.005083675589282063,0.011899907009580907,,False,0.9708806105030625,0.9680895683357738,0.9535884040972413,0.9599889176456023,0.9317269076305221,0.917744652763196,0.9036359367327768,0.90950485537632
517,0.005075868672507126,0.011898309758201817,,False,0.9707801988151421,0.9679933698795752,0.9534950334156354,0.9598908690520831,0.9313253012048193,0.9173795999841471,0.9032618252475542,0.9091230863272324
518,0.005068798165120067,0.011912242179888923,,False,0.9708806105030625,0.969082088102784,0.9535901627915866,0.9603766770458864,0.9313253012048193,0.9169198838709526,0.901584729582635,0.9078210896543251
519,0.0050624107791681205,0.011906080773358578,,False,0.9708806105030625,0.9685794064190484,0.9535901627915866,0.960178489020411,0.9317269076305221,0.9172762173978685,0.9019601049580105,0.9081829228587159
520,0.00505589855104132,0.011903852850212547,,False,0.970981022190983,0.9686709299747829,0.9536808657394324,0.9602697621551405,0.9313253012048193,0.9174282049126481,0.9032669673759839,0.9091267965719252
521,0.005050062933081519,0.011905808351786023,,False,0.970981022190983,0.9691794479137508,0.9536808657394324,0.9604709173629288,0.9305220883534137,0.918465419562253,0.9025123383869561,0.9090361743097835
522,0.005044052164105969,0.011911642974564238,,False,0.970981022190983,0.9686732690081511,0.9536808657394324,0.9602705443051069,0.9313253012048193,0.9169393185157811,0.9015656056728473,0.9077963831979547
523,0.005036790845542355,0.011899339373237117,,False,0.970981022190983,0.9686757594110882,0.9536808657394324,0.9602734329180875,0.9317269076305221,0.9178021768906722,0.9036423427513594,0.9094963252472158
524,0.005031053576904117,0.01189131696413832,,False,0.9710814338789036,0.9682780031734638,0.9537715686872781,0.9601719672759752,0.9309236947791165,0.9175390543592291,0.9045699515556804,0.9100233524251549
525,0.005024921320684804,0.011882384818302248,,False,0.9710814338789036,0.9687680117249862,0.9537715686872781,0.9603618148017579,0.9313253012048193,0.9174063891003057,0.9032618252475542,0.9091230048994101
526,0.005019437048895185,0.011877439122997657,,False,0.9710814338789036,0.9692697950686857,0.9537715686872781,0.9605596625483422,0.9313253012048193,0.9174063891003057,0.9032618252475542,0.9091230048994101
527,0.005012504146314064,0.011879444258339302,,False,0.9710814338789036,0.9682951325338104,0.9541928985095297,0.9604366741993928,0.9321285140562249,0.9186229856221055,0.9056948137916537,0.9111299205930803
528,0.005006565501408165,0.01187881090684661,,False,0.9710814338789036,0.9682804736833506,0.9537715686872781,0.9601730692015421,0.9313253012048193,0.9174371149628929,0.9032618252475542,0.9091360084758912
529,0.004999682891579692,0.011872022580403282,,False,0.970981022190983,0.9681932836209914,0.9536808657394324,0.9600847111244641,0.9313253012048193,0.9178926801171651,0.9049440630409031,0.9103985587133988
530,0.004993937711963747,0.011882664334749719,,False,0.9710814338789036,0.9687797021108102,0.9537741580241605,0.9603716061392862,0.9313253012048193,0.9196853078142999,0.9049504690594856,0.9110613792350443
531,0.004987528485384779,0.011866771487800387,,False,0.9712822572547445,0.9684932966134957,0.9543686174345479,0.9606239099768347,0.9321285140562249,0.918644931568989,0.9056999559200837,0.9111337311595314
532,0.004981416189630611,0.01187076079346212,,False,0.9712822572547445,0.9684901894674629,0.9543686174345479,0.9606243090462243,0.9313253012048193,0.9179654080116502,0.9049504690594856,0.9104095823732082
533,0.004975676906780305,0.011859006836756338,,False,0.9713826689426649,0.9685571714630944,0.9540379905601422,0.9604454956495556,0.9313253012048193,0.9179210449735979,0.9049440630409031,0.9104109630700853
534,0.004969954922633466,0.011858552534806738,,False,0.9713826689426649,0.969052291738141,0.9540379905601422,0.9606397829294446,0.9309236947791165,0.9175918013556666,0.9045699515556804,0.9100350583702917
535,0.004963361999452335,0.011857319788265179,,False,0.9712822572547445,0.9689807139661001,0.9543686174345479,0.960817859563989,0.9313253012048193,0.9179654080116502,0.9049504690594856,0.9104095823732082
536,0.004957200404131919,0.011861826850217534,,False,0.9714830806305854,0.9691698397230853,0.9545500233302394,0.9610033817386883,0.9313253012048193,0.9179654080116502,0.9049504690594856,0.9104095823732082
537,0.0049510788893601535,0.01185900695943847,,False,0.9713826689426649,0.9690818062263014,0.9544675966899493,0.9609184585402484,0.9313253012048193,0.9179654080116502,0.9049504690594856,0.9104095823732082
538,0.004945658738515061,0.01185993480855486,,False,0.9714830806305854,0.9691892788525363,0.954971353152491,0.9612690045463697,0.9305220883534137,0.9156162664735541,0.9042131682407517,0.9090392685374348
539,0.0049391348952210175,0.011850272185940253,,False,0.9715834923185058,0.9687988968309393,0.9550620561003367,0.9611699452122617,0.9309236947791165,0.9176093020344201,0.9045750936841102,0.9100382893248524
540,0.0049332723398554015,0.011852995528123538,,False,0.9715834923185058,0.9692874024603397,0.9550620561003367,0.9613628202408333,0.9305220883534137,0.9156162664735541,0.9042131682407517,0.9090392685374348
541,0.004927287485218415,0.011854643295004774,,False,0.9716839040064263,0.9694063852223018,0.9555740888704342,0.9617242654494041,0.9305220883534137,0.9156162664735541,0.9042131682407517,0.9090392685374348
542,0.004921601477468295,0.011846470024207984,,False,0.9717843156943469,0.9690399404510825,0.9560861216405314,0.9618863693552938,0.9309236947791165,0.9159737472273607,0.904588543616127,0.9094017079988076
543,0.00491551849814246,0.011842742529878448,,False,0.9716839040064263,0.9694063852223018,0.9555740888704342,0.9617242654494041,0.9309236947791165,0.9176093020344201,0.9045750936841102,0.9100382893248524
544,0.004909744656291014,0.01184575642553575,,False,0.9717843156943469,0.9695000679072915,0.9556647918182798,0.9618160334189061,0.9309236947791165,0.9176093020344201,0.9045750936841102,0.9100382893248524
545,0.004904038634104418,0.011843543647261071,,False,0.9717843156943469,0.9695000679072915,0.9556647918182798,0.9618160334189061,0.9309236947791165,0.9176093020344201,0.9045750936841102,0.9100382893248524
546,0.004898779658010332,0.011845282704919444,,False,0.9718847273822673,0.9696175504687644,0.956176824588377,0.962174527159198,0.9305220883534137,0.9156162664735541,0.9042131682407517,0.9090392685374348
547,0.0048927119563042226,0.011841213080631761,,False,0.9717843156943469,0.9695000679072915,0.9556647918182798,0.9618160334189061,0.9313253012048193,0.9179754632829121,0.9049370191274689,0.9104107467604108
548,0.004886500755940494,0.011840149517605541,,False,0.9718847273822673,0.9696175504687644,0.956176824588377,0.962174527159198,0.9305220883534137,0.9156162664735541,0.9042131682407517,0.9090392685374348
549,0.004880770268454638,0.011826701818910828,,False,0.9721859624460287,0.9698925508697638,0.9564475474026425,0.9624492768921764,0.9305220883534137,0.9156162664735541,0.9042131682407517,0.9090392685374348
550,0.004875448814181248,0.01182810616892683,,False,0.9719851390701878,0.9692237301554704,0.9562655006547067,0.9620679235884368,0.9313253012048193,0.9163337484548106,0.904961399693681,0.909781508499208
551,0.0048691077284274305,0.011814486236846949,,False,0.9719851390701878,0.9697115646376291,0.956270195269983,0.9622694597319588,0.9317269076305221,0.9166930666659598,0.9053220612468869,0.910166919698403
552,0.004865401282784467,0.011839166984265567,,False,0.9718847273822673,0.9696155661383321,0.956176824588377,0.9621714703334416,0.9313253012048193,0.9168743190525728,0.9066449013771827,0.9110080205131807
553,0.004857584549813699,0.011825905132539878,,False,0.9719851390701878,0.9697082869571741,0.956270195269983,0.9622666154064219,0.9313253012048193,0.9163267155796748,0.9049601358035283,0.9097938173173576
554,0.004852801824898142,0.011809220225572485,,False,0.9721859624460287,0.9698920501195016,0.9564522420179187,0.9624493413148115,0.9317269076305221,0.9166841963334815,0.9053355111789035,0.9101562567787302
555,0.004847497439771965,0.011802190092045963,,False,0.9721859624460287,0.9698927894908616,0.9564522420179187,0.9624506041013586,0.9321285140562249,0.917057027455384,0.9056961727321095,0.9105494423066387
556,0.004842381702448268,0.011799884750646441,,False,0.9722863741339491,0.9699834251180476,0.9565409180842485,0.9625413604394998,0.9321285140562249,0.917057027455384,0.9056961727321095,0.9105494423066387
557,0.0048353958209488524,0.0118079644045663,,False,0.9722863741339491,0.9699834251180476,0.9565409180842485,0.9625413604394998,0.9313253012048193,0.9163267155796748,0.9049601358035283,0.9097938173173576
558,0.004829113775045415,0.011815061413424928,,False,0.9721859624460287,0.9698885314864919,0.9564475474026425,0.9624468281065744,0.9317269076305221,0.9172441609045402,0.9070055629303886,0.9114021328239706
559,0.004823590123285379,0.011810744288131204,,False,0.9721859624460287,0.96988216992967,0.9564521636210408,0.9624452253557507,0.9321285140562249,0.9176006191324855,0.907380938305764,0.9117646222162352
560,0.004818237080592703,0.011817320836842615,,False,0.9720855507581082,0.9697962613645862,0.9563634875547111,0.962357239162693,0.9317269076305221,0.9188409897549986,0.9070055629303886,0.912043813799402
561,0.004812284699326023,0.01180230376199211,,False,0.9722863741339491,0.9699763628724943,0.9565408396873705,0.9625374160637288,0.9317269076305221,0.9172441609045402,0.9070055629303886,0.9114021328239706
562,0.004807710033355412,0.011816285816296167,,False,0.9722863741339491,0.969979354230144,0.9565408396873705,0.9625391572800714,0.9317269076305221,0.9172441609045402,0.9070055629303886,0.9114021328239706
563,0.004801460759332872,0.011789086615847802,,False,0.9722863741339491,0.969981003329868,0.9565455343026468,0.9625421976534171,0.9317269076305221,0.9166930666659598,0.9053220612468869,0.910166919698403
564,0.004796468119880828,0.011786193184574521,,False,0.9722863741339491,0.969981003329868,0.9565455343026468,0.9625421976534171,0.9325301204819277,0.9207598088664974,0.9060459121336043,0.9121786252293362
565,0.0047910071235531095,0.01178411656595326,,False,0.9722863741339491,0.969981003329868,0.9565455343026468,0.9625421976534171,0.9321285140562249,0.9170452521521888,0.9056839866902455,0.9105291919943469
566,0.004784807202980153,0.011791526511196712,,False,0.9722863741339491,0.969981003329868,0.9565455343026468,0.9625421976534171,0.9321285140562249,0.919190251266902,0.9073796744156112,0.9124186247211943
567,0.0047788942323952616,0.011789084906908052,,False,0.9723867858218697,0.9700704662165811,0.9566342103689764,0.9626315817484087,0.9321285140562249,0.91760975928073,0.9073796744156112,0.9117788466904587
568,0.004773689265868903,0.011782701108455394,,False,0.9724871975097902,0.9701589419894014,0.9567166370092666,0.9627170054408583,0.9321285140562249,0.91760975928073,0.9073796744156112,0.9117788466904587
569,0.004768243101006945,0.011781561525616968,,False,0.9723867858218697,0.9700614247016287,0.9566232663276606,0.9626214412293117,0.9325301204819277,0.9179580606794835,0.9077525304931654,0.91215002860692
570,0.004763021297426813,0.011771547859500391,,False,0.9724871975097902,0.9701589419894014,0.9567166370092666,0.9627170054408583,0.9329317269076305,0.9183375883911213,0.9081279058685406,0.9125160684314388
571,0.004761702792844941,0.011800763969711204,,False,0.9724871975097902,0.9696809753617496,0.9567171101715045,0.9625233496128427,0.9321285140562249,0.9176601678108267,0.9073727450301716,0.9117438376706828
572,0.004752254483528853,0.011767695316188681,,False,0.9724871975097902,0.9701589419894014,0.9567166370092666,0.9627170054408583,0.9329317269076305,0.9183209375329873,0.908114455936524,0.9125203231208504
573,0.004746922539612088,0.011763355709981755,,False,0.9724871975097902,0.9701589419894014,0.9567166370092666,0.9627170054408583,0.9329317269076305,0.9183209375329873,0.908114455936524,0.9125203231208504
574,0.0047408798076618115,0.011775323987770085,,False,0.9724871975097902,0.9701566446710612,0.9567139692755064,0.9627148800035522,0.9325301204819277,0.9179717773212501,0.9077525304931654,0.9121585235741845
575,0.004736499456042938,0.011763618208256218,,False,0.9724871975097902,0.9701589419894014,0.9567166370092666,0.9627170054408583,0.9329317269076305,0.9183367861775922,0.908126641978388,0.9125416926551488
576,0.004730367571575612,0.011770442123346141,,False,0.9724871975097902,0.9701596360287108,0.9567139692755064,0.9627166212198949,0.9325301204819277,0.9179717773212501,0.9077525304931654,0.9121585235741845
577,0.0047247647694934666,0.011768692575848127,,False,0.9724871975097902,0.9701566446710612,0.9567139692755064,0.9627148800035522,0.9329317269076305,0.9183209375329873,0.908114455936524,0.9125203231208504
578,0.004721001625578478,0.011762846057850829,,False,0.9725876091977106,0.9702521930618517,0.9568073399571124,0.9628093082376482,0.9333333333333333,0.9202676423019073,0.9084885674217466,0.9135360200996013
579,0.0047143128920895455,0.01176381765354197,,False,0.9724871975097902,0.9701566446710612,0.9567139692755064,0.9627148800035522,0.9337349397590361,0.9190347974625976,0.9088626873894534,0.9132489642051335
580,0.0047089661222711925,0.011756517683444033,,False,0.9725876091977106,0.9702507480151481,0.9568073399571124,0.9628090456882321,0.9329317269076305,0.9183209375329873,0.908114455936524,0.9125203231208504
581,0.0047035511263859445,0.011759913842390194,,False,0.9726880208856311,0.9703738525858273,0.9573193727272097,0.963169577098316,0.9329317269076305,0.9183209375329873,0.908114455936524,0.9125203231208504
582,0.004698585045503043,0.011762475499277026,,False,0.9724871975097902,0.9701566446710612,0.9567139692755064,0.9627148800035522,0.9333333333333333,0.9186748882098706,0.908487312014078,0.9128853283604275
583,0.004693554502389813,0.011749634683151803,,False,0.9725876091977106,0.9702570530813909,0.9568073399571124,0.9628121405886804,0.934136546184739,0.9193975795225874,0.909236798874676,0.9136315479996612
584,0.0046879970112638876,0.011765528663743606,,False,0.9725876091977106,0.97025430283289,0.9568078131193504,0.9628096995089197,0.9333333333333333,0.9186835270993865,0.9084885759042307,0.9128736318221685
585,0.004683538403609227,0.011746069182954198,,False,0.9725876091977106,0.9702578433688598,0.9568073399571124,0.9628125072369258,0.9337349397590361,0.9190575720195014,0.9088748734313172,0.9132758984692776
586,0.004677301635120247,0.011752785561388288,,False,0.9725876091977106,0.9702570530813909,0.9568073399571124,0.9628121405886804,0.9337349397590361,0.9190575720195014,0.9088748734313172,0.9132758984692776
587,0.004672270741404736,0.01175293699328072,,False,0.9725876091977106,0.9702513114752404,0.9568078131193504,0.962807958292577,0.9337349397590361,0.9206310780850886,0.9088614234993005,0.9139084513235726
588,0.004667543546890004,0.011739656365176179,,False,0.9725876091977106,0.9702507480151481,0.9568073399571124,0.9628090456882321,0.9337349397590361,0.9190376702698602,0.9088614234993005,0.9132679121549552
589,0.004662004649558153,0.011753337065941994,,False,0.9726880208856311,0.970374489181262,0.9573198458894476,0.9631684884185459,0.9333333333333333,0.9186748882098706,0.908487312014078,0.9128853283604275
590,0.004657179521292875,0.011737506512107502,,False,0.9727884325735515,0.9704725452035468,0.9574132165710536,0.9632643360305442,0.9337349397590361,0.9190575720195014,0.9088748734313172,0.9132758984692776
591,0.0046515339185654115,0.011740923835855411,,False,0.9726880208856311,0.9703772394297628,0.9573193727272097,0.9631709294983063,0.9333333333333333,0.9186966179474714,0.908499498055942,0.9129123098502294
592,0.0046462099929204794,0.011740209637131595,,False,0.9726880208856311,0.9703801576520701,0.9573193727272097,0.9631726719987643,0.9329317269076305,0.9183405067316376,0.9081253865707194,0.9125331029452168
593,0.004641892132828015,0.01174460965571747,,False,0.9725876091977106,0.9698052906351897,0.9572260020456037,0.9628824361118993,0.9333333333333333,0.9187014608036677,0.9085007619460946,0.9128966915642649
594,0.004636599883728076,0.011745423058018668,,False,0.9725876091977106,0.9698052906351897,0.9572260020456037,0.9628824361118993,0.9333333333333333,0.9187014608036677,0.9085007619460946,0.9128966915642649
595,0.0046313587439591065,0.011742479827768522,,False,0.9725876091977106,0.9698052906351897,0.9572260020456037,0.9628824361118993,0.9329317269076305,0.9183405067316376,0.9081253865707194,0.9125331029452168
596,0.004625880347479184,0.01173048701424953,,False,0.9726880208856311,0.9703772394297628,0.9573193727272097,0.9631709294983063,0.9329317269076305,0.9183405067316376,0.9081253865707194,0.9125331029452168
597,0.00462081325429729,0.011736692346573709,,False,0.9726880208856311,0.970374489181262,0.9573198458894476,0.9631684884185459,0.9333333333333333,0.9186947899595119,0.9085007619460946,0.9128933146747499
598,0.004616006439403722,0.011741472450829064,,False,0.9726880208856311,0.970374489181262,0.9573198458894476,0.9631684884185459,0.9329317269076305,0.9183405067316376,0.9081253865707194,0.9125331029452168
599,0.004610964920096731,0.011729481034935096,,False,0.9726880208856311,0.9703778028898553,0.9573198458894476,0.9631698421026513,0.9329317269076305,0.916825482249979,0.9081388365027361,0.9119071114651816
600,0.004605668326836994,0.011727924351276548,,False,0.9727884325735515,0.9704748244562494,0.9574132165710536,0.9632657502877893,0.9333333333333333,0.9187014608036677,0.9085007619460946,0.9128966915642649
601,0.004601252216836976,0.011730430669485491,,False,0.9729892559493926,0.9697330427565062,0.9580203003202242,0.9633220032563554,0.9329317269076305,0.916825482249979,0.9081388365027361,0.9119071114651816
602,0.004595788510252585,0.011715195955042125,,False,0.9727884325735515,0.9704743370526674,0.9574127434088157,0.9632668376764614,0.9333333333333333,0.9186762007641298,0.9085007619460946,0.9128791568330913
603,0.0045912862316434214,0.011713788488914767,,False,0.9729892559493926,0.9706927755577861,0.9580295640640727,0.9637246972825088,0.934136546184739,0.9193993660331841,0.9092489849165398,0.9136430237093909
604,0.00458569112224913,0.011721535800428402,,False,0.9726880208856311,0.9703869288451684,0.9573307899307635,0.9631808561388939,0.9333333333333333,0.9186762007641298,0.9085007619460946,0.9128791568330913
605,0.004580786237430277,0.011713158585046238,,False,0.9729892559493926,0.9702146321002998,0.9580295640640727,0.9635284576635448,0.9329317269076305,0.9168002222104411,0.9081388365027361,0.911889576734008
606,0.004575991099651938,0.011715253307647163,,False,0.9731900793252335,0.969920661973695,0.9582070416834362,0.963510345622086,0.9333333333333333,0.9186762007641298,0.9085007619460946,0.9128791568330913
607,0.0045711129721026375,0.011722077536805991,,False,0.9731900793252335,0.9699224230268528,0.9582023470681599,0.9635089713117725,0.9333333333333333,0.9187014608036677,0.9085007619460946,0.9128966915642649
608,0.004566991917790935,0.011732699143734905,,False,0.973089667637313,0.9698286081429919,0.9581089763865539,0.9634147590647054,0.9329317269076305,0.9167982167010861,0.908126650460872,0.9118773091645535
609,0.004561055100752164,0.011716930494953677,,False,0.9734913143889948,0.9701678227443042,0.9580610508938485,0.9635245740049275,0.9333333333333333,0.9202663189962504,0.9085007619460946,0.9135191930085177
610,0.004556379876221426,0.011702119891470754,,False,0.9733909027010744,0.9710298320278391,0.9579659215178972,0.9638214668110869,0.9337349397590361,0.9190367780027311,0.9088748734313172,0.9132611582872552
611,0.0045514514938852545,0.011715903069232555,,False,0.9732904910131539,0.9699832734826008,0.9578743879275144,0.9633381574532327,0.9333333333333333,0.9202663189962504,0.9085007619460946,0.9135191930085177
612,0.004546571926103791,0.011704513212893237,,False,0.9733909027010744,0.9701076432087414,0.9583872513401486,0.9636957071736408,0.9333333333333333,0.9186762007641298,0.9085007619460946,0.9128791568330913
613,0.004541686586127826,0.011706966567965877,,False,0.9735917260769154,0.9703131607907641,0.9589917457524371,0.9641360537394856,0.9329317269076305,0.9168002222104411,0.9081388365027361,0.911889576734008
614,0.004537299978044892,0.011693289404502278,,False,0.9735917260769154,0.9707827099560811,0.9589899870580917,0.9643314774509838,0.9333333333333333,0.9171607994490424,0.9085129479879588,0.9122715781881718
615,0.00453192283181587,0.011699113340669132,,False,0.9734913143889948,0.9702258613975996,0.9589075604178016,0.9640514070875699,0.9337349397590361,0.9190367780027311,0.9088748734313172,0.9132611582872552
616,0.004527146063077629,0.01169312707311316,,False,0.9737925494527563,0.9704990213524839,0.959178487115649,0.9643236450129297,0.9333333333333333,0.9186762007641298,0.9085007619460946,0.9128791568330913
617,0.004523134070868779,0.011690002863480545,,False,0.9737925494527563,0.9704990213524839,0.959178487115649,0.9643236450129297,0.9329317269076305,0.9168002222104411,0.9081388365027361,0.911889576734008
618,0.004518941277064698,0.011679359469349811,,False,0.9736921377648359,0.9708716729645991,0.9590833577396977,0.9644230701835548,0.9337349397590361,0.9175233874794954,0.9088870594731814,0.9126534436103074
619,0.0045131890367222215,0.011686333330532251,,False,0.9735917260769154,0.9707611453723415,0.9585713249696004,0.9640741923834195,0.9337349397590361,0.9206307892620378,0.9088736095411646,0.9139200222317778
620,0.004509036096476393,0.011678844052814438,,False,0.9736921377648359,0.9713497845663674,0.9590833577396977,0.9646212269121168,0.934136546184739,0.9193993660331841,0.9092489849165398,0.9136430237093909
621,0.004503300269373377,0.011691228750553947,,False,0.9739933728285972,0.9707141553322685,0.959779195952076,0.964766604429625,0.9329317269076305,0.9168002222104411,0.9081388365027361,0.911889576734008
622,0.0044984723202989045,0.011686073127063611,,False,0.9737925494527563,0.9704990213524839,0.959178487115649,0.9643236450129297,0.9333333333333333,0.9171607994490424,0.9085129479879588,0.9122715781881718
623,0.0044940739453529655,0.011684046032367798,,False,0.9736921377648359,0.9708746029271114,0.9590833577396977,0.9644248566784683,0.9337349397590361,0.9190367780027311,0.9088748734313172,0.9132611582872552
624,0.004489056970843103,0.011687396217693633,,False,0.9736921377648359,0.9704395808760012,0.9595147225638502,0.9644967165631547,0.9333333333333333,0.9171607994490424,0.9085129479879588,0.9122715781881718
625,0.004484295681713009,0.011686927715020612,,False,0.9739933728285972,0.9707099633910872,0.9597765282183158,0.9647625699403366,0.9325301204819277,0.9149993272624144,0.9077647250175135,0.9109032600303313
626,0.0044804517893005736,0.011666732468198942,,False,0.9738929611406768,0.9706180778087918,0.9596860934576408,0.9646720233151002,0.9337349397590361,0.9175233874794954,0.9088870594731814,0.9126534436103074
627,0.004475627750848659,0.011680892368278503,,False,0.9738929611406768,0.970593513959282,0.9592754394895344,0.9644196030138096,0.9337349397590361,0.9206268962348516,0.9088748734313172,0.9139011944626814
628,0.004470382914967603,0.011685347685713346,,False,0.9739933728285972,0.9707099633910872,0.9597765282183158,0.9647625699403366,0.9329317269076305,0.9153894124518533,0.9081197125929482,0.9112621775543808
629,0.004465854618910583,0.011681143658322535,,False,0.9739933728285972,0.9707155796458936,0.9597892309539771,0.9647719175287999,0.9337349397590361,0.9175366738230546,0.9088761373214701,0.9126287022148136
630,0.004460944005226832,0.01167864579970618,,False,0.9740937845165177,0.9708035582124768,0.9598716575942672,0.9648568830206224,0.9333333333333333,0.9202649886944756,0.9084995065384263,0.9135141628884385
631,0.004456546078371735,0.011682220736493255,,False,0.9740937845165177,0.9708035582124768,0.9598716575942672,0.9648568830206224,0.9329317269076305,0.9153770110521011,0.9081401003928887,0.9112719295318988
632,0.004451730844309021,0.011671666018119892,,False,0.9742946078923587,0.9709890825592322,0.9600589514467194,0.9650441626656063,0.9329317269076305,0.916798891908666,0.9081375810950676,0.9118845466139286
633,0.004446978401802647,0.01167259914675549,,False,0.9741941962044381,0.9708951213026206,0.9599655807651134,0.9649499911904981,0.9329317269076305,0.916798891908666,0.9081375810950676,0.9118845466139286
634,0.004442482405506706,0.011666017464559414,,False,0.9742946078923587,0.9709890825592322,0.9600589514467194,0.9650441626656063,0.934136546184739,0.9209885440867469,0.9092477295088714,0.9142794702316588
635,0.004437888484191962,0.011665650467739883,,False,0.9743950195802792,0.9711145600360952,0.9605709842168166,0.965396914635344,0.934136546184739,0.9209885440867469,0.9092477295088714,0.9142794702316588
636,0.004433594826246337,0.011680344529935818,,False,0.9742946078923587,0.9709889990247517,0.9600607101410648,0.9650439099334611,0.9337349397590361,0.9175655100631016,0.9088679440458777,0.9126121863765773
637,0.004429099012425804,0.011679087358296546,,False,0.9743950195802792,0.9710826736760215,0.9601514130889104,0.9651359826746359,0.9337349397590361,0.9190649556517937,0.908854494113861,0.9132330442370615
638,0.004424567799968525,0.011672574886282046,,False,0.9742946078923587,0.9709889990247517,0.9600607101410648,0.9650439099334611,0.9333333333333333,0.9171889770981052,0.9084925686705024,0.9122434641379782
639,0.004419754946442159,0.011671459199092606,,False,0.9743950195802792,0.9711142466539123,0.960572742911162,0.9653966236565387,0.9337349397590361,0.9175655100631016,0.9088679440458777,0.9126121863765773
640,0.004415056577396164,0.011657188094853877,,False,0.9743950195802792,0.9711145600360952,0.9605709842168166,0.965396914635344,0.9337349397590361,0.9175361982059445,0.9088870679556655,0.9126359924012204
641,0.004411553917118167,0.011674822615992132,,False,0.9744954312681996,0.9712105995235483,0.9606634458590076,0.965490419241369,0.9337349397590361,0.9175655100631016,0.9088679440458777,0.9126121863765773
642,0.004406311118022408,0.01166376316770497,,False,0.9744954312681996,0.971207921305182,0.9606634458590076,0.9654886963977134,0.9337349397590361,0.9190723487127666,0.9088679440458777,0.9132362693996373
643,0.00440172470207634,0.011664037249679703,,False,0.9744954312681996,0.971207921305182,0.9606634458590076,0.9654886963977134,0.9333333333333333,0.9186958157477702,0.9084925686705024,0.9128675471610381
644,0.004397372593090292,0.011649175754948312,,False,0.9744954312681996,0.9712080070650951,0.9606616871646624,0.9654889503279881,0.9337349397590361,0.9175361982059445,0.9088870679556655,0.9126359924012204
645,0.004392645377250696,0.01165378597352307,,False,0.9743950195802792,0.9711166433280157,0.9605683164830564,0.9653964612624382,0.934136546184739,0.9179250794080984,0.9092420555311003,0.912994971747811
646,0.004388759414680919,0.011665958776886452,,False,0.9745958429561201,0.9713015093948221,0.960758575234959,0.9655829671618128,0.9337349397590361,0.9175655100631016,0.9088679440458777,0.9126121863765773
647,0.004384132518832183,0.011658786696058233,,False,0.9746962546440405,0.9713953266917031,0.960851945916565,0.9656771822403495,0.934136546184739,0.9194319180577636,0.9092420555311003,0.9136190547708709
648,0.004379531987896651,0.01164622905430579,,False,0.9746962546440405,0.9713954583008113,0.9608506603844575,0.9656767406274646,0.934136546184739,0.9179250794080984,0.9092420555311003,0.912994971747811
649,0.004375408964653527,0.01164446114519092,,False,0.9745958429561201,0.9713043553331013,0.9607568165406136,0.9655850248403378,0.9337349397590361,0.9175361982059445,0.9088870679556655,0.9126359924012204
650,0.004370701596835439,0.011650716733797592,,False,0.9746962546440405,0.971392756218032,0.9608524190788028,0.9656747189127967,0.9337349397590361,0.9175361982059445,0.9088870679556655,0.9126359924012204
651,0.004366300487784811,0.011651284859365132,,False,0.9746962546440405,0.9713954427919459,0.9608524190788028,0.9656764443278258,0.934136546184739,0.9179250794080984,0.9092420555311003,0.912994971747811
652,0.004362017147991268,0.011651351215333342,,False,0.974796666331961,0.9714867356171563,0.9609431220266487,0.9657667511336968,0.934136546184739,0.9194319180577636,0.9092420555311003,0.9136190547708709
653,0.004358504976830046,0.011656696504772685,,False,0.974796666331961,0.9714930851490333,0.9609462629226466,0.9657709724173079,0.9337349397590361,0.9190723487127666,0.9088679440458777,0.9132362693996373
654,0.0043539556945460835,0.011657717871959506,,False,0.9748970780198816,0.971587026351854,0.9610338249744945,0.9658619117948967,0.9337349397590361,0.9190723487127666,0.9088679440458777,0.9132362693996373
655,0.004349082096919837,0.011642226018230572,,False,0.9748970780198816,0.9715836920003128,0.9610338249744945,0.9658605069339841,0.9337349397590361,0.9190430368556094,0.9088870679556655,0.9132600754242804
656,0.004344746425400107,0.011645797011588393,,False,0.9748970780198816,0.9715836920003128,0.9610338249744945,0.9658605069339841,0.934136546184739,0.9194319180577636,0.9092420555311003,0.9136190547708709
657,0.004340400830316676,0.01163348255454567,,False,0.9748970780198816,0.9715836920003128,0.9610338249744945,0.9658605069339841,0.9345381526104418,0.9182866652966367,0.9096161670163229,0.9133776159067077
658,0.004336435730573612,0.011634609837733258,,False,0.9748970780198816,0.9715836920003128,0.9610338249744945,0.9658605069339841,0.934136546184739,0.9164976261952612,0.9092420555311003,0.9123869741324664
659,0.004331807466977338,0.01163015618338076,,False,0.9748970780198816,0.9715836920003128,0.9610338249744945,0.9658605069339841,0.934136546184739,0.917898980265934,0.9092611794408882,0.9130185761957481
660,0.004328327206689414,0.01162272384987948,,False,0.9748970780198816,0.9715837075091783,0.9610320662801493,0.9658608032336224,0.9345381526104418,0.9182637950927395,0.9096352909261108,0.9134010269043203
661,0.004323137029742287,0.011630904895793118,,False,0.9748970780198816,0.9715836920003128,0.9610338249744945,0.9658605069339841,0.9345381526104418,0.9197935039463019,0.9096161670163229,0.9140016989297676
662,0.004318928095721755,0.011637055070364478,,False,0.9748970780198816,0.9715836920003128,0.9610338249744945,0.9658605069339841,0.934136546184739,0.9179250794080984,0.9092420555311003,0.912994971747811
663,0.004314957147442919,0.011635891558729449,,False,0.9748970780198816,0.9715836920003128,0.9610338249744945,0.9658605069339841,0.934136546184739,0.9194319180577636,0.9092420555311003,0.9136190547708709
664,0.004310863168538038,0.011625486576799104,,False,0.9748970780198816,0.9715836920003128,0.9610338249744945,0.9658605069339841,0.9337349397590361,0.9190430368556094,0.9088870679556655,0.9132600754242804
665,0.0043066044433542755,0.011620541635462318,,False,0.9748970780198816,0.9715836920003128,0.9610338249744945,0.9658605069339841,0.9345381526104418,0.9197706337424045,0.9096352909261108,0.9140251099273803
666,0.004303006370377024,0.011614938780685046,,False,0.9748970780198816,0.9715837075091783,0.9610320662801493,0.9658608032336224,0.9345381526104418,0.9197706337424045,0.9096352909261108,0.9140251099273803
667,0.004297858874691303,0.011632417312716616,,False,0.9748970780198816,0.9715836920003128,0.9610338249744945,0.9658605069339841,0.9345381526104418,0.9213911761939078,0.909603980974459,0.9146245880223205
668,0.0042935112677243495,0.011631578158719293,,False,0.974997489707802,0.9716802001196315,0.9611225010408242,0.9659528166119211,0.9345381526104418,0.9213911761939078,0.909603980974459,0.9146245880223205
669,0.004289264731174192,0.011620153164226292,,False,0.9748970780198816,0.971587026351854,0.9610338249744945,0.9658619117948967,0.934136546184739,0.919405818915599,0.9092611794408882,0.9136426592188082
670,0.004285199569944919,0.011624483660171409,,False,0.974997489707802,0.9716786357999704,0.9611271172592226,0.9659554964817612,0.934136546184739,0.9194319180577636,0.9092420555311003,0.9136190547708709
671,0.00428087297817901,0.01161869255301782,,False,0.974997489707802,0.9716786357999704,0.9611271172592226,0.9659554964817612,0.9337349397590361,0.9190516389765722,0.908866680155725,0.9132530245766703
672,0.004276759655814325,0.011620257229185199,,False,0.9750979013957225,0.9717718095677479,0.9612157933255523,0.9660464012987856,0.934136546184739,0.9210108971127166,0.9092286055990836,0.9142585578281199
673,0.004272963280723668,0.01161068874393759,,False,0.974997489707802,0.9716807688518541,0.9611271956561005,0.9659561279834333,0.9349397590361446,0.9217361093971489,0.9099768285695288,0.9150237116157223
674,0.004268465492569152,0.011614657965465815,,False,0.974997489707802,0.9716802001196315,0.9611225010408242,0.9659528166119211,0.934136546184739,0.9179063862154455,0.9092407916409476,0.9130115857125074
675,0.0042643929169789195,0.011611319534172665,,False,0.9750979013957225,0.9717681706266519,0.9612157933255523,0.9660449987118902,0.9337349397590361,0.9190516389765722,0.908866680155725,0.9132530245766703
676,0.004260554317427282,0.011604560426026754,,False,0.9751983130836429,0.9718654770145749,0.9613091640071583,0.9661406185821372,0.9349397590361446,0.9217361093971489,0.9099768285695288,0.9150237116157223
677,0.004256579700372467,0.011604145624912342,,False,0.974997489707802,0.9716786357999704,0.9611271172592226,0.9659554964817612,0.9345381526104418,0.9213496127973575,0.9096218409940939,0.9146646129846295
678,0.004252064804191657,0.01161351620927942,,False,0.9750979013957225,0.9717722312256291,0.9612157933255523,0.9660467351946096,0.9345381526104418,0.9213724830012548,0.9096027170843062,0.9146412019870169
679,0.004247785752036587,0.011609440674237779,,False,0.9750979013957225,0.9717722312256291,0.9612157933255523,0.9660467351946096,0.9345381526104418,0.9213724830012548,0.9096027170843062,0.9146412019870169
680,0.004243840397791134,0.011600562971419275,,False,0.9750979013957225,0.9717681706266519,0.9612157933255523,0.9660449987118902,0.9345381526104418,0.9197768512610048,0.9096149031261702,0.9140181783642726
681,0.004239930582715537,0.011607422715762688,,False,0.9750979013957225,0.9717718095677479,0.9612157933255523,0.9660464012987856,0.9345381526104418,0.9213724830012548,0.9096027170843062,0.9146412019870169
682,0.004236137110700702,0.011599076252909882,,False,0.9750979013957225,0.9717718095677479,0.9612157933255523,0.9660464012987856,0.9349397590361446,0.9217361093971489,0.9099768285695288,0.9150237116157223
683,0.0042321784328056755,0.011600121397852737,,False,0.9751983130836429,0.9714363866809834,0.9617278260956496,0.966200993981761,0.934136546184739,0.9164621268357318,0.9092529776828115,0.9124146519171887
684,0.004227389372930383,0.011602240186765356,,False,0.9750979013957225,0.9717685922845328,0.9612157933255523,0.9660453326077142,0.9349397590361446,0.9217361093971489,0.9099768285695288,0.9150237116157223
685,0.00422484748610179,0.011596939600710697,,False,0.9751983130836429,0.9718660535353114,0.9613091640071583,0.9661409917902897,0.9349397590361446,0.9217361093971489,0.9099768285695288,0.9150237116157223
686,0.004219966777646531,0.01161188479173758,,False,0.9750979013957225,0.9717718095677479,0.9612157933255523,0.9660464012987856,0.9349397590361446,0.9217361093971489,0.9099768285695288,0.9150237116157223
687,0.0042152237021909995,0.011603162277460841,,False,0.9750979013957225,0.9717685922845328,0.9612157933255523,0.9660453326077142,0.9349397590361446,0.9217361093971489,0.9099768285695288,0.9150237116157223
688,0.004211407283650222,0.011602815755377324,,False,0.9750979013957225,0.9717674144969359,0.9612157933255523,0.9660440285456264,0.9349397590361446,0.9217361093971489,0.9099768285695288,0.9150237116157223
689,0.004207441756717168,0.011602487566139649,,False,0.9750979013957225,0.9717674144969359,0.9612157933255523,0.9660440285456264,0.9345381526104418,0.9213724830012548,0.9096027170843062,0.9146412019870169
690,0.0042036977028383875,0.011608450793067554,,False,0.9750979013957225,0.9717685922845328,0.9612157933255523,0.9660453326077142,0.9349397590361446,0.9217530098954789,0.9099577046597411,0.9149993982399138
691,0.0041994246858598015,0.011591953357120455,,False,0.9751983130836429,0.9718620161791353,0.9613096371693961,0.9661371880113718,0.9349397590361446,0.9217361093971489,0.9099768285695288,0.9150237116157223
692,0.004196039646017853,0.011584076981555754,,False,0.9751983130836429,0.9723236083647835,0.9613097164963986,0.966332480861974,0.9349397590361446,0.9217361093971489,0.9099768285695288,0.9150237116157223
693,0.0041913459758380405,0.011588868921117754,,False,0.9751983130836429,0.9723236083647835,0.9613097164963986,0.966332480861974,0.9353413654618474,0.922116636291373,0.9103318161449637,0.915381907868619
694,0.004187355852025824,0.011596850044606064,,False,0.9753991364594838,0.9725405981145594,0.9619155931103397,0.9667770888250394,0.9353413654618474,0.922116636291373,0.9103318161449637,0.915381907868619
695,0.004184009558543725,0.011602846719505603,,False,0.9753991364594838,0.9725405981145594,0.9619155931103397,0.9667770888250394,0.934136546184739,0.9194040441916105,0.9092286055990836,0.9136048336253736
696,0.004179736443037079,0.011579204042610314,,False,0.9753991364594838,0.9725405981145594,0.9619155931103397,0.9667770888250394,0.9349397590361446,0.9217361093971489,0.9099768285695288,0.9150237116157223
697,0.004175831355373192,0.011583641854483689,,False,0.9751983130836429,0.9723236083647835,0.9613097164963986,0.966332480861974,0.9349397590361446,0.9217361093971489,0.9099768285695288,0.9150237116157223
698,0.004172707439706583,0.011603489902444171,,False,0.9752987247715634,0.9724182100469828,0.9614035603402424,0.9664256403277192,0.9345381526104418,0.9213535434908812,0.9096027170843062,0.9146269316193332
699,0.004167721473546067,0.011584276525461243,,False,0.9751983130836429,0.9723236083647835,0.9613097164963986,0.966332480861974,0.9353413654618474,0.922116636291373,0.9103318161449637,0.915381907868619
700,0.004163914232215187,0.011592710259750822,,False,0.9751983130836429,0.9723236083647835,0.9613097164963986,0.966332480861974,0.9349397590361446,0.9217340703851052,0.9099577046597411,0.9149851278722299
701,0.004159859420498017,0.011580298658530993,,False,0.9752987247715634,0.9724459964323603,0.9618217492664959,0.966683929359294,0.9353413654618474,0.9220954699846471,0.9103318161449637,0.9153670522144987
702,0.004156447288972109,0.011593060869775153,,False,0.9753991364594838,0.9725114649716944,0.9614968526249705,0.9665196033537029,0.9349397590361446,0.9217340703851052,0.9099577046597411,0.9149851278722299
703,0.004152340955570494,0.011588831915241998,,False,0.9753991364594838,0.9725114649716944,0.9614968526249705,0.9665196033537029,0.9349397590361446,0.9217340703851052,0.9099577046597411,0.9149851278722299
704,0.004148629498523765,0.011589646873372864,,False,0.9753991364594838,0.9725114649716944,0.9614968526249705,0.9665196033537029,0.9349397590361446,0.9217340703851052,0.9099577046597411,0.9149851278722299
705,0.004144630865799893,0.011584763786485607,,False,0.9757003715232453,0.9728197494890404,0.9621960999205176,0.9670575607780406,0.9349397590361446,0.9217340703851052,0.9099577046597411,0.9149851278722299
706,0.004141478140127808,0.011589318803001543,,False,0.9755999598353249,0.9727319785722651,0.9621022560766738,0.9669677979124063,0.934136546184739,0.9194198518474257,0.9092216677311598,0.9136023762217368
707,0.004138084948245454,0.011570093591635328,,False,0.9754995481474044,0.9726095864881315,0.9615902233065765,0.9666162705884209,0.9353413654618474,0.9220954699846471,0.9103318161449637,0.9153670522144987
708,0.004133265471462609,0.011583170410151923,,False,0.9754995481474044,0.9726029115077457,0.9615902233065765,0.9666129906554394,0.9349397590361446,0.9217340703851052,0.9099577046597411,0.9149851278722299
709,0.004129679836503002,0.011578671813840225,,False,0.9755999598353249,0.9722722609262403,0.9621027292389116,0.9667706388412163,0.9353413654618474,0.9189767033367008,0.9103452660769804,0.914098470596622
710,0.004125648956371612,0.01157808451048791,,False,0.9755999598353249,0.9727319745557081,0.9621022560766738,0.9669677190857411,0.9353413654618474,0.9205234804526388,0.9103343354427851,0.9147292763697445
711,0.004121695438548384,0.01157220167486864,,False,0.9757003715232453,0.9728264244694262,0.9621960999205176,0.9670608407110222,0.9357429718875502,0.9208650379694701,0.9107071915203391,0.9150933345080694
712,0.004118633594026586,0.011585422648149239,,False,0.9755999598353249,0.9722722609262403,0.9621027292389116,0.9667706388412163,0.9349397590361446,0.9201176192686609,0.9099711545917578,0.9143394895481222
713,0.004114381811353697,0.01157169781999921,,False,0.9755999598353249,0.9722691901747359,0.9621022560766738,0.9667709842721673,0.9357429718875502,0.9208650379694701,0.9107071915203391,0.9150933345080694
714,0.004110687292912314,0.011577436402732422,,False,0.9757003715232453,0.9728264244694262,0.9621960999205176,0.9670608407110222,0.9353413654618474,0.9220915298056966,0.9103330800351165,0.9153508610547907
715,0.004107318836502161,0.011581160899130662,,False,0.9757003715232453,0.9728264244694262,0.9621960999205176,0.9670608407110222,0.9353413654618474,0.9205058775963432,0.9103330800351165,0.9147136194285154
716,0.004103845570186865,0.011583285039082415,,False,0.9755999598353249,0.971815998980478,0.9621021767496712,0.9665766724641358,0.9353413654618474,0.9205058775963432,0.9103330800351165,0.9147136194285154
717,0.004099505212459992,0.011560077020772415,,False,0.9755999598353249,0.9722691901747359,0.9621022560766738,0.9667709842721673,0.9357429718875502,0.9208650379694701,0.9107071915203391,0.9150933345080694
718,0.004095937349136752,0.01155699312638165,,False,0.9757003715232453,0.9728264244694262,0.9621960999205176,0.9670608407110222,0.9349397590361446,0.92010317892505,0.9099902785015455,0.9143643931936764
719,0.0040921563170137065,0.011562101596923715,,False,0.9757003715232453,0.9728264244694262,0.9621960999205176,0.9670608407110222,0.9353413654618474,0.9204812456645549,0.9103452660769804,0.9147219991768275
720,0.0040883932220616,0.011565868714575048,,False,0.9757003715232453,0.9719067409499941,0.9621960999205176,0.9666685850623167,0.9353413654618474,0.9205234804526388,0.9103343354427851,0.9147292763697445
721,0.004084695331750393,0.011563526036206055,,False,0.9755999598353249,0.971815998980478,0.9621021767496712,0.9665766724641358,0.9353413654618474,0.9205234804526388,0.9103343354427851,0.9147292763697445
722,0.00408113085828378,0.011559029392335543,,False,0.9755999598353249,0.971815998980478,0.9621021767496712,0.9665766724641358,0.9349397590361446,0.9201385373230333,0.9099724099994264,0.9143579937755343
723,0.00407758751847637,0.011563358164155447,,False,0.9757003715232453,0.972363640088454,0.9621960999205176,0.9668641058974485,0.9353413654618474,0.9221135986847594,0.9103343354427851,0.9153693125451708
724,0.004074559245219815,0.011549812620969655,,False,0.9757003715232453,0.9723607504284565,0.9621961792475199,0.9668640916532999,0.9353413654618474,0.9220894262691515,0.9103343354427851,0.9153698691959653
725,0.004070652518568365,0.011549299171040866,,False,0.9755999598353249,0.971815998980478,0.9621021767496712,0.9665766724641358,0.9353413654618474,0.9204993080370308,0.9103343354427851,0.9147298330205387
726,0.004068033468412934,0.011538790183466619,,False,0.9757003715232453,0.9714535742469841,0.9621961792475199,0.9664754922710659,0.9353413654618474,0.9189525309210929,0.9103452660769804,0.9140990272474162
727,0.004063227197029374,0.011564183993524475,,False,0.9755999598353249,0.9718159643872342,0.9621027292389116,0.9665763158683239,0.9353413654618474,0.9205234804526388,0.9103343354427851,0.9147292763697445
728,0.004059894058402724,0.011562351257042606,,False,0.9757003715232453,0.971907650051883,0.9621960999205176,0.9666699381104055,0.9353413654618474,0.9205273070331393,0.9103440106693118,0.914726728208007
729,0.004056695812975196,0.011539102786756473,,False,0.9757003715232453,0.9719074913978781,0.9621960999205176,0.9666698209167794,0.9353413654618474,0.9220894262691515,0.9103343354427851,0.9153698691959653
730,0.004052254069505872,0.011546905349355058,,False,0.9758007832111658,0.9719991282366411,0.9622900230913637,0.9667629672505625,0.9353413654618474,0.9205234804526388,0.9103343354427851,0.9147292763697445
731,0.004048766562755723,0.011543239447175948,,False,0.9758007832111658,0.9715478806548459,0.9622900230913637,0.9665686157065715,0.9353413654618474,0.9205314043425639,0.9103452660769804,0.9147374869646949
732,0.00404534955080758,0.011547688311867232,,False,0.9758007832111658,0.9715478806548459,0.9622900230913637,0.9665686157065715,0.9353413654618474,0.9190268620147098,0.9103452660769804,0.9141139583844892
733,0.004041691312462897,0.011546042203724094,,False,0.9758007832111658,0.9719991282366411,0.9622900230913637,0.9667629672505625,0.9353413654618474,0.9205314043425639,0.9103452660769804,0.9147374869646949
734,0.004038409504342894,0.011544149046095601,,False,0.9758007832111658,0.9715478806548459,0.9622900230913637,0.9665686157065715,0.9349397590361446,0.9201385373230333,0.9099724099994264,0.9143579937755343
735,0.00403495438344036,0.011546089491811318,,False,0.9758007832111658,0.9715478806548459,0.9622900230913637,0.9665686157065715,0.9353413654618474,0.9190268620147098,0.9103452660769804,0.9141139583844892
736,0.004031636746956849,0.011530057564764535,,False,0.9758007832111658,0.9715478806548459,0.9622900230913637,0.9665686157065715,0.9349397590361446,0.9201143649074255,0.9099724099994264,0.9143585504263285
737,0.004027613746928006,0.011537971603757064,,False,0.9759011948990862,0.9725505099560213,0.962385152467315,0.9670525557853716,0.9353413654618474,0.9205314043425639,0.9103452660769804,0.9147374869646949
738,0.004024241710523176,0.011549397330754402,,False,0.9759011948990862,0.9716422187850241,0.962385152467315,0.966662647337801,0.9353413654618474,0.9205336435689789,0.9103452660769804,0.9147396962274095
739,0.004021019099475816,0.011548385107341057,,False,0.9759011948990862,0.9716422187850241,0.962385152467315,0.966662647337801,0.9353413654618474,0.9205314043425639,0.9103452660769804,0.9147374869646949
740,0.004017107357227797,0.011535430668976806,,False,0.9758007832111658,0.9719991282366411,0.9622900230913637,0.9667629672505625,0.9357429718875502,0.920915196647479,0.9107071915203391,0.9151088222959367
741,0.004013652660266242,0.011538640641339712,,False,0.9759011948990862,0.9716422187850241,0.962385152467315,0.966662647337801,0.9353413654618474,0.9205336435689789,0.9103452660769804,0.9147396962274095
742,0.004010971742890323,0.011550788592170222,,False,0.9759011948990862,0.9716422187850241,0.962385152467315,0.966662647337801,0.9353413654618474,0.9205314043425639,0.9103452660769804,0.9147374869646949
743,0.004006825083718331,0.011528745165132033,,False,0.9758007832111658,0.9715478806548459,0.9622900230913637,0.9665686157065715,0.9353413654618474,0.9205314043425639,0.9103452660769804,0.9147374869646949
744,0.004003373096963391,0.011537612817801413,,False,0.9759011948990862,0.9716468184982173,0.962385152467315,0.9666648142075653,0.9353413654618474,0.9205314043425639,0.9103452660769804,0.9147374869646949
745,0.003999993647872187,0.011537602544555116,,False,0.9759011948990862,0.9716468184982173,0.962385152467315,0.9666648142075653,0.9357429718875502,0.9213983603899085,0.9124028792457047,0.9163242227066802
746,0.00399644812236281,0.01153166858076276,,False,0.9759011948990862,0.9720934663668191,0.962385152467315,0.966856998881792,0.9357429718875502,0.920915196647479,0.9107071915203391,0.9151088222959367
747,0.003993257058963884,0.011536663219017222,,False,0.9759011948990862,0.9720980660800124,0.962385152467315,0.9668591657515562,0.9357429718875502,0.920917435873894,0.9107071915203391,0.9151110315586514
748,0.003989666969091085,0.011532631341492303,,False,0.9759011948990862,0.9720980660800124,0.962385152467315,0.9668591657515562,0.9353413654618474,0.9205336435689789,0.9103452660769804,0.9147396962274095
749,0.003986751238312773,0.01151522681049814,,False,0.9759011948990862,0.9720934663668191,0.962385152467315,0.966856998881792,0.9353413654618474,0.9204958584686547,0.9103452660769804,0.9147347486691844
750,0.003982952265408826,0.011528522709011665,,False,0.9759011948990862,0.9720985351876844,0.962385152467315,0.9668593598247602,0.9357429718875502,0.920917435873894,0.9107071915203391,0.9151110315586514
751,0.003979466353015345,0.011523406268894846,,False,0.9759011948990862,0.9716468184982173,0.962385152467315,0.9666648142075653,0.9353413654618474,0.9205336435689789,0.9103452660769804,0.9147396962274095
752,0.003976192907568314,0.011517920715898508,,False,0.9759011948990862,0.9720934663668191,0.962385152467315,0.966856998881792,0.9353413654618474,0.9205314043425639,0.9103452660769804,0.9147374869646949
753,0.003972857529714001,0.01152197111455076,,False,0.9759011948990862,0.9716468184982173,0.962385152467315,0.9666648142075653,0.9353413654618474,0.9205471014720005,0.9103452660769804,0.9147418105493897
754,0.003969959859331095,0.01153694494883917,,False,0.9759011948990862,0.9720985351876844,0.962385152467315,0.9668593598247602,0.9357429718875502,0.9214140575193449,0.9124028792457047,0.9163285462913753
755,0.003966177713983863,0.01152199891169163,,False,0.9759011948990862,0.9720985351876844,0.962385152467315,0.9668593598247602,0.9357429718875502,0.9214140575193449,0.9124028792457047,0.9163285462913753
756,0.003963083542120828,0.011511909652576632,,False,0.9761020182749272,0.9722757828488214,0.9625717370367711,0.9670417629129037,0.9357429718875502,0.921382476744696,0.9124028792457047,0.9163256895036377
757,0.003959465871950463,0.011518372166065825,,False,0.9760016065870067,0.9726441197712925,0.962478444752043,0.9671455701804997,0.9357429718875502,0.921382476744696,0.9124028792457047,0.9163256895036377
758,0.003956246121714891,0.011524280234758833,,False,0.9760016065870067,0.9726463653924667,0.962478444752043,0.9671471870596362,0.936144578313253,0.921795389669541,0.9127648046890633,0.9166992913528714
759,0.003953221639600038,0.011509050100385353,,False,0.9760016065870067,0.9726463653924667,0.962478444752043,0.9671471870596362,0.9357429718875502,0.9213690470045984,0.9124028792457047,0.9163234265533242
760,0.003949517364974698,0.011517766098989208,,False,0.9760016065870067,0.9721894662540068,0.962478444752043,0.9669516662245046,0.9357429718875502,0.9214140575193449,0.9124028792457047,0.9163285462913753
761,0.003946349257182393,0.011509664003783216,,False,0.9761020182749272,0.9722805379857533,0.9625717370367711,0.9670439682467601,0.9357429718875502,0.9213824669067949,0.9124028792457047,0.9163273105139371
762,0.003943304682199686,0.011502336817384199,,False,0.9761020182749272,0.9727372923188455,0.9625717370367711,0.9672394529692241,0.9357429718875502,0.9213690470045984,0.9124028792457047,0.9163234265533242
763,0.003939815213326519,0.011513979440836318,,False,0.9760016065870067,0.9726463653924667,0.962478444752043,0.9671471870596362,0.9353413654618474,0.9210686579080876,0.9120287677604821,0.9159544200968899
764,0.003937018723985676,0.011526055811406252,,False,0.9761020182749272,0.9727411651966482,0.9625735741279944,0.9672412928138636,0.9353413654618474,0.9210908499768371,0.9120165817186181,0.91594240277514
765,0.003933287775938197,0.011511388215625619,,False,0.9760016065870067,0.9726463653924667,0.962478444752043,0.9671471870596362,0.9357429718875502,0.9213893647015888,0.9124028792457047,0.9163331048079891
766,0.003929807325877126,0.011509248798460426,,False,0.9761020182749272,0.972730436366107,0.9625717370367711,0.9672356668688986,0.9357429718875502,0.9213824669067949,0.9124028792457047,0.9163273105139371
767,0.003926514596460401,0.011509646457631337,,False,0.9761020182749272,0.9727351915030389,0.9625717370367711,0.967237872202755,0.9357429718875502,0.9213824669067949,0.9124028792457047,0.9163273105139371
768,0.003924249032864777,0.011490957734280079,,False,0.9761020182749272,0.9727299724524402,0.9625717370367711,0.9672355134977781,0.9365461847389558,0.9221046961368362,0.9131511022161499,0.9170893662926743
769,0.003920151176418418,0.011509191718958168,,False,0.9762024299628477,0.9723753377899348,0.9626668664127224,0.9671380740009874,0.9353413654618474,0.9210200464870361,0.9120287677604821,0.9159447427987634
770,0.003916906965086059,0.011499464935841768,,False,0.9763028416507682,0.9724978595262663,0.9631788991828196,0.9674855137810516,0.936144578313253,0.9217469599065574,0.9127769907309273,0.9167097489427989
771,0.003914123987336425,0.011513296700708261,,False,0.9762024299628477,0.9723753377899348,0.9626668664127224,0.9671380740009874,0.9353413654618474,0.9210550877019441,0.9120287677604821,0.9159465066195447
772,0.0039106192751120275,0.011508423753844838,,False,0.9763028416507682,0.9725027704820821,0.9631788991828196,0.9674877576276893,0.9353413654618474,0.9210550877019441,0.9120287677604821,0.9159465066195447
773,0.00390817755440504,0.011517416909600944,,False,0.9762024299628477,0.9723753377899348,0.9626668664127224,0.9671380740009874,0.9349397590361446,0.9207095178266412,0.9116546562752595,0.9155716577136439
774,0.003904358911493538,0.011512141723788099,,False,0.9763028416507682,0.9725027704820821,0.9631788991828196,0.9674877576276893,0.9349397590361446,0.9207095178266412,0.9116546562752595,0.9155716577136439
775,0.0039013222799662347,0.011509493863816672,,False,0.9763028416507682,0.9725027704820821,0.9631788991828196,0.9674877576276893,0.9349397590361446,0.9207095178266412,0.9116546562752595,0.9155716577136439
776,0.0038977663530112175,0.011500726139981305,,False,0.9763028416507682,0.972954770907489,0.9631788991828196,0.9676818174891698,0.9357429718875502,0.9213824669067949,0.9124028792457047,0.9163273105139371
777,0.0038958193962557322,0.011477339142384824,,False,0.9762024299628477,0.9728548273201141,0.9630837698068684,0.9675853520857829,0.9365461847389558,0.9221115897795502,0.9131511022161499,0.917089528037087
778,0.0038915040921113325,0.011491126326233093,,False,0.9763028416507682,0.9734145551029041,0.9631788991828196,0.9678786339043219,0.9365461847389558,0.9221135499099152,0.9131511022161499,0.917092064770054
779,0.003888735042499326,0.011506544478900801,,False,0.9763028416507682,0.972954770907489,0.9631788991828196,0.9676818174891698,0.9353413654618474,0.9210686579080876,0.9120287677604821,0.9159544200968899
780,0.003885472191160215,0.01150605604163569,,False,0.9763028416507682,0.972954770907489,0.9631788991828196,0.9676818174891698,0.9353413654618474,0.9210686579080876,0.9120287677604821,0.9159544200968899
781,0.003881860048480488,0.011489890040934644,,False,0.9763028416507682,0.972954770907489,0.9631788991828196,0.9676818174891698,0.9357429718875502,0.9213824669067949,0.9124028792457047,0.9163273105139371
782,0.0038791476776303757,0.011475948365430599,,False,0.9763028416507682,0.9729498599516732,0.9631788991828196,0.967679573642532,0.9365461847389558,0.9221046961368362,0.9131511022161499,0.9170893662926743
783,0.0038757163997360316,0.011484740274425288,,False,0.9763028416507682,0.9729498599516732,0.9631788991828196,0.967679573642532,0.936144578313253,0.9217469599065574,0.9127769907309273,0.9167097489427989
784,0.003872583355355603,0.011483344524403694,,False,0.9763028416507682,0.972954770907489,0.9631788991828196,0.9676818174891698,0.936144578313253,0.9217469599065574,0.9127769907309273,0.9167097489427989
785,0.0038693532460333338,0.01148601229484118,,False,0.9763028416507682,0.9725027704820821,0.9631788991828196,0.9674877576276893,0.936144578313253,0.9217469599065574,0.9127769907309273,0.9167097489427989
786,0.0038662063120000626,0.011485764367132462,,False,0.9764032533386886,0.9730439421795405,0.9632722698644256,0.9677732987468013,0.936144578313253,0.9217469599065574,0.9127769907309273,0.9167097489427989
787,0.003863029574384768,0.011482426287960366,,False,0.9764032533386886,0.9730439421795405,0.9632722698644256,0.9677732987468013,0.936144578313253,0.9217358116345395,0.9127769907309273,0.9167064562206537
788,0.0038603073791701704,0.011483520834138158,,False,0.9764032533386886,0.9725919417541335,0.9632722698644256,0.9675792388853208,0.9357429718875502,0.9213893647015888,0.9124028792457047,0.9163331048079891
789,0.0038570434666455847,0.011478372863940902,,False,0.9764032533386886,0.9730439421795405,0.9632722698644256,0.9677732987468013,0.936144578313253,0.9222274749245278,0.9144604924144288,0.9178821856455881
790,0.00385388158620944,0.011486907737904856,,False,0.9764032533386886,0.9730439421795405,0.9632722698644256,0.9677732987468013,0.9357429718875502,0.9214005129736065,0.9124028792457047,0.916336397530134
791,0.0038506965954205365,0.011483527250586953,,False,0.9764032533386886,0.9730439421795405,0.9632722698644256,0.9677732987468013,0.936144578313253,0.9217358116345395,0.9127769907309273,0.9167064562206537
792,0.0038475830998064378,0.011479983909103908,,False,0.9764032533386886,0.9730439421795405,0.9632722698644256,0.9677732987468013,0.936144578313253,0.9217469599065574,0.9127769907309273,0.9167097489427989
793,0.0038447624179880394,0.01147938679823064,,False,0.9764032533386886,0.9730439421795405,0.9632722698644256,0.9677732987468013,0.9365461847389558,0.9225850701294964,0.9148346038996515,0.9182588297803976
794,0.003841712655329282,0.011489688922619283,,False,0.9764032533386886,0.9730439421795405,0.9632722698644256,0.9677732987468013,0.9357429718875502,0.9214171756397277,0.9123906932038407,0.9163239866240414
795,0.003839165619108046,0.011462188810453137,,False,0.9766040767145295,0.9732220481655087,0.9634590112276376,0.9679566230981662,0.9365461847389558,0.9221171437847355,0.9131389161742859,0.9170772012821499
796,0.003835672484319966,0.011480729238648268,,False,0.9765036650266091,0.9735973225178651,0.9633656405460316,0.9680643765747009,0.9365461847389558,0.9221171437847355,0.9131389161742859,0.9170772012821499
797,0.003832309247905161,0.011482002338631114,,False,0.9764032533386886,0.9730439421795405,0.9632722698644256,0.9677732987468013,0.9365461847389558,0.9221499963652645,0.9131376607666175,0.917088103523693
798,0.0038292088691137694,0.01147717988469529,,False,0.9765036650266091,0.9735951809065797,0.9633661137082695,0.9680618963095579,0.936144578313253,0.9217358116345395,0.9127769907309273,0.9167064562206537
799,0.003826412622152018,0.011484841182009715,,False,0.9765036650266091,0.9735951809065797,0.9633661137082695,0.9680618963095579,0.936144578313253,0.9222386231965457,0.9144604924144288,0.917885478367733
800,0.0038229837112358092,0.011471591506332448,,False,0.9765036650266091,0.97313753832245,0.9633656405460316,0.9678675601595488,0.9365461847389558,0.9221162384068884,0.9131498468084813,0.9170906576732281
801,0.0038200487726084177,0.01147795834012273,,False,0.9766040767145295,0.9736887770494893,0.9634594843898755,0.9681561577223055,0.936144578313253,0.9217697914739374,0.9127757353232587,0.9167173062605636
802,0.003817115989047825,0.011467003800727321,,False,0.97670448840245,0.9737829855432051,0.9635527766746035,0.9682504917558088,0.9365461847389558,0.9221050901348704,0.9131498468084813,0.9170873649510831
803,0.003815181186878864,0.01149112969904069,,False,0.9765036650266091,0.9731355123662492,0.9633661137082695,0.9678646690952816,0.9357429718875502,0.9214379364084184,0.9124016238380361,0.9163353288273193
804,0.0038113619252750485,0.011479866462434278,,False,0.9766040767145295,0.9732310936698805,0.9634594843898755,0.9679609220736225,0.9365461847389558,0.9221499963652645,0.9131376607666175,0.917088103523693
805,0.0038082565066592028,0.01147444477930107,,False,0.9766040767145295,0.9736887770494893,0.9634594843898755,0.9681561577223055,0.9365461847389558,0.9221162384068884,0.9131498468084813,0.9170906576732281
806,0.003805315019874758,0.011455520140979997,,False,0.9768049000903705,0.9738722898987794,0.9636461473562095,0.9683419267836175,0.9369477911646586,0.9229432003578094,0.9152074599772055,0.9186364457886822
807,0.003802205679514302,0.011462939079539188,,False,0.97670448840245,0.9737829855432051,0.9635527766746035,0.9682504917558088,0.9369477911646586,0.9229543486298274,0.9152074599772055,0.918639738510827
808,0.0037995397169944857,0.011453407562501518,,False,0.976905311778291,0.9739595689327483,0.9637368503040553,0.9684318033090571,0.9365461847389558,0.9211294573949983,0.9148320846018303,0.9176377844850752
809,0.003796232946822704,0.011459611083876843,,False,0.9768049000903705,0.97387044489508,0.9636461473562095,0.9683399700055852,0.9369477911646586,0.9229432003578094,0.9152074599772055,0.9186364457886822
810,0.003793121402268984,0.011459174905845112,,False,0.976905311778291,0.9739619782720923,0.9637368503040553,0.9684319857189959,0.9369477911646586,0.9229543486298274,0.9152074599772055,0.918639738510827
811,0.003790445185863194,0.011462417122074539,,False,0.9768049000903705,0.97387044489508,0.9636461473562095,0.9683399700055852,0.9369477911646586,0.9229432003578094,0.9152074599772055,0.9186364457886822
812,0.003787326726862242,0.011463451014319627,,False,0.976905311778291,0.9739619782720923,0.9637368503040553,0.9684319857189959,0.9369477911646586,0.9229543486298274,0.9152074599772055,0.918639738510827
813,0.003784438853049313,0.011464956706340896,,False,0.976905311778291,0.9739639716196218,0.9637368503040553,0.9684339805695772,0.936144578313253,0.9208099983469088,0.9144579731166077,0.917269950317456
814,0.0037820636028808013,0.011473883012424106,,False,0.976905311778291,0.9739619782720923,0.9637368503040553,0.9684319857189959,0.9369477911646586,0.9215355843157224,0.915194010045189,0.9180141466872591
815,0.003778437718969764,0.011462531332315952,,False,0.976905311778291,0.9739619782720923,0.9637368503040553,0.9684319857189959,0.9373493975903614,0.92333348766569,0.9155693854205642,0.9190105834679654
816,0.0037755493935361342,0.011457814324945486,,False,0.976905311778291,0.9739619782720923,0.9637368503040553,0.9684319857189959,0.9373493975903614,0.92333348766569,0.9155693854205642,0.9190105834679654
817,0.0037728886857052004,0.011467521585700864,,False,0.976905311778291,0.9739619782720923,0.9637368503040553,0.9684319857189959,0.9365461847389558,0.9226079016968767,0.914833348491983,0.9182663870981624
818,0.003769818284078964,0.011454788817845382,,False,0.976905311778291,0.9739619782720923,0.9637368503040553,0.9684319857189959,0.9365461847389558,0.9211417279762796,0.9148320846018303,0.917641049778145
819,0.003767016360766383,0.011458049497693919,,False,0.976905311778291,0.9739619782720923,0.9637368503040553,0.9684319857189959,0.9369477911646586,0.9215355843157224,0.915194010045189,0.9180141466872591
820,0.003764184666559668,0.011446563713427385,,False,0.976905311778291,0.9739619782720923,0.9637368503040553,0.9684319857189959,0.9365461847389558,0.9211417898438766,0.9148320846018303,0.91763943418579
821,0.0037611788614476975,0.011457353593077299,,False,0.976905311778291,0.9739619782720923,0.9637368503040553,0.9684319857189959,0.9369477911646586,0.9229679280889987,0.9152074599772055,0.9186420169703405
822,0.0037587668575662894,0.011441103080991446,,False,0.976905311778291,0.9739619782720923,0.9637368503040553,0.9684319857189959,0.9369477911646586,0.9229432003578094,0.9152074599772055,0.9186364457886822
823,0.003755884267965948,0.011456336107647135,,False,0.976905311778291,0.9739619782720923,0.9637368503040553,0.9684319857189959,0.9365461847389558,0.9211564452798596,0.9148320846018303,0.9176433017301205
824,0.0037529515520612704,0.011460338660505718,,False,0.976905311778291,0.9739619782720923,0.9637368503040553,0.9684319857189959,0.9369477911646586,0.9229679280889987,0.9152074599772055,0.9186420169703405
825,0.00374991979129522,0.011453926218504122,,False,0.976905311778291,0.9739619782720923,0.9637368503040553,0.9684319857189959,0.9373493975903614,0.923351824379366,0.9155879774810108,0.9190153447396407
826,0.003747414961181358,0.01145997210611405,,False,0.976905311778291,0.9739619782720923,0.9637368503040553,0.9684319857189959,0.936144578313253,0.9208099983469088,0.9144579731166077,0.917269950317456
827,0.00374460355426856,0.011459953903258034,,False,0.976905311778291,0.9739619782720923,0.9637368503040553,0.9684319857189959,0.9373493975903614,0.9233869603795059,0.915575791439147,0.9190134277275567
828,0.003741851909693338,0.011435618197808951,,False,0.976905311778291,0.9739619782720923,0.9637368503040553,0.9684319857189959,0.9365461847389558,0.9211417898438766,0.9148320846018303,0.91763943418579
829,0.003739255570258068,0.011435568449262227,,False,0.976905311778291,0.9739619782720923,0.9637368503040553,0.9684319857189959,0.9365461847389558,0.9211417898438766,0.9148320846018303,0.91763943418579
830,0.003736203631619489,0.011442725234554517,,False,0.976905311778291,0.9739639716196218,0.9637368503040553,0.9684339805695772,0.9369477911646586,0.9215403415702268,0.9152126021056355,0.9180166294994208
831,0.003733743015127065,0.011459168157562696,,False,0.976905311778291,0.9739619782720923,0.9637368503040553,0.9684319857189959,0.9369477911646586,0.9215403415702268,0.9152126021056355,0.9180166294994208
832,0.003730577733972405,0.011442064145436583,,False,0.976905311778291,0.9739619782720923,0.9637368503040553,0.9684319857189959,0.9373493975903614,0.9219219245033174,0.9155745275489942,0.9183880639000014
833,0.0037276814888008505,0.011449870304269777,,False,0.976905311778291,0.9739619782720923,0.9637368503040553,0.9684319857189959,0.9373493975903614,0.9219219245033174,0.9155745275489942,0.9183880639000014
834,0.003725259050634359,0.01145211534356176,,False,0.976905311778291,0.9739610264441634,0.9637368503040553,0.9684313014778331,0.9369477911646586,0.9215403415702268,0.9152126021056355,0.9180166294994208
835,0.0037228063752124466,0.011454988803979266,,False,0.976905311778291,0.9744299217012347,0.9637368503040553,0.9686316015446231,0.9373493975903614,0.9219219245033174,0.9155745275489942,0.9183880639000014
836,0.0037196415869629323,0.01145308446967125,,False,0.976905311778291,0.9739641496683675,0.9637368503040553,0.9684335655311455,0.9373493975903614,0.9219219245033174,0.9155745275489942,0.9183880639000014
837,0.0037166005808590987,0.011444654560261667,,False,0.9770057234662115,0.9740829985961873,0.9642488830741526,0.9687800806869933,0.9373493975903614,0.9219219245033174,0.9155745275489942,0.9183880639000014
838,0.003713982019409243,0.011437297486860102,,False,0.9770057234662115,0.9740798753719832,0.9642488830741526,0.9687778166336809,0.9369477911646586,0.9215403415702268,0.9152126021056355,0.9180166294994208
839,0.0037113522195919993,0.011434311936945005,,False,0.9770057234662115,0.974079064377618,0.9642488830741526,0.9687771672637031,0.9365461847389558,0.9211417898438766,0.9148320846018303,0.91763943418579
840,0.0037086621096235166,0.011433521934834571,,False,0.9770057234662115,0.9740829985961873,0.9642488830741526,0.9687800806869933,0.9369477911646586,0.9215246449704121,0.9152126021056355,0.9180128037273732
841,0.0037060246711512522,0.011444880750702333,,False,0.9770057234662115,0.9740829985961873,0.9642488830741526,0.9687800806869933,0.9369477911646586,0.9215403415702268,0.9152126021056355,0.9180166294994208
842,0.0037031823252103575,0.011441326414159358,,False,0.9770057234662115,0.9740829985961873,0.9642488830741526,0.9687800806869933,0.9369477911646586,0.9215403415702268,0.9152126021056355,0.9180166294994208
843,0.0037005726371533683,0.011442169682029131,,False,0.9770057234662115,0.9740820467682584,0.9642488830741526,0.9687793964458304,0.9369477911646586,0.9215403415702268,0.9152126021056355,0.9180166294994208
844,0.003697896621989905,0.011434387089620374,,False,0.9770057234662115,0.9740820467682584,0.9642488830741526,0.9687793964458304,0.9373493975903614,0.9219062279035027,0.9155745275489942,0.9183842381279538
845,0.003695403412355198,0.011443171036815884,,False,0.9770057234662115,0.9740820467682584,0.9642488830741526,0.9687793964458304,0.9369477911646586,0.9215522046754102,0.9152016714714402,0.918015371068999
846,0.0036924900504438957,0.011439895705969653,,False,0.9770057234662115,0.9740820467682584,0.9642488830741526,0.9687793964458304,0.9373493975903614,0.9219219245033174,0.9155745275489942,0.9183880639000014
847,0.0036903268542212275,0.011438045775536934,,False,0.9770057234662115,0.9740829985961873,0.9642488830741526,0.9687800806869933,0.9369477911646586,0.9201649014328542,0.9152126021056355,0.9173974209969968
848,0.0036873085728118303,0.011426236500628226,,False,0.9770057234662115,0.9740820467682584,0.9642488830741526,0.9687793964458304,0.9369477911646586,0.9215246449704121,0.9152126021056355,0.9180128037273732
849,0.003684805300639711,0.011422061338419774,,False,0.9770057234662115,0.9740820467682584,0.9642488830741526,0.9687793964458304,0.9373493975903614,0.9219062279035027,0.9155745275489942,0.9183842381279538
850,0.003682192487098775,0.011441850431382544,,False,0.9770057234662115,0.9740820467682584,0.9642488830741526,0.9687793964458304,0.9369477911646586,0.9215403415702268,0.9152126021056355,0.9180166294994208
851,0.0036794749952638044,0.01143986665191009,,False,0.9770057234662115,0.9740820467682584,0.9642488830741526,0.9687793964458304,0.9373493975903614,0.9219219245033174,0.9155745275489942,0.9183880639000014
852,0.003676835320811659,0.011424758892136191,,False,0.9770057234662115,0.9740820467682584,0.9642488830741526,0.9687793964458304,0.9369477911646586,0.9215403415702268,0.9152126021056355,0.9180166294994208
853,0.0036742131636189564,0.011438626169530404,,False,0.9770057234662115,0.9740820467682584,0.9642488830741526,0.9687793964458304,0.9373493975903614,0.9219219245033174,0.9155745275489942,0.9183880639000014
854,0.0036715051204232606,0.011430043730352904,,False,0.9770057234662115,0.9740820467682584,0.9642488830741526,0.9687793964458304,0.9369477911646586,0.9215522046754102,0.9152016714714402,0.918015371068999
855,0.003669006362354236,0.011423745641324168,,False,0.9770057234662115,0.9740820467682584,0.9642488830741526,0.9687793964458304,0.9369477911646586,0.9215522046754102,0.9152016714714402,0.918015371068999
856,0.0036664235190558263,0.0114325594897189,,False,0.9770057234662115,0.9740820467682584,0.9642488830741526,0.9687793964458304,0.9373493975903614,0.9219219245033174,0.9155745275489942,0.9183880639000014
857,0.003663824731202401,0.011430770015688091,,False,0.9770057234662115,0.9740820467682584,0.9642488830741526,0.9687793964458304,0.9369477911646586,0.9215522046754102,0.9152016714714402,0.918015371068999
858,0.003661460797976711,0.011433609776788834,,False,0.9770057234662115,0.9740820467682584,0.9642488830741526,0.9687793964458304,0.9369477911646586,0.9215522046754102,0.9152016714714402,0.918015371068999
859,0.0036586801656896353,0.011423679912229317,,False,0.9770057234662115,0.9740820467682584,0.9642488830741526,0.9687793964458304,0.9369477911646586,0.9215403415702268,0.9152126021056355,0.9180166294994208
860,0.00365654086895297,0.011435015926501866,,False,0.9770057234662115,0.9740820467682584,0.9642488830741526,0.9687793964458304,0.9369477911646586,0.9201649014328542,0.9152126021056355,0.9173974209969968
861,0.0036535199089088337,0.011429550220474993,,False,0.9770057234662115,0.9740820467682584,0.9642488830741526,0.9687793964458304,0.9373493975903614,0.9205454036236911,0.9155745275489942,0.9177689023295333
862,0.003651331149773011,0.011414585275067555,,False,0.9770057234662115,0.9740820467682584,0.9642488830741526,0.9687793964458304,0.9365461847389558,0.9211644764065389,0.9148466838960052,0.9176561977535845
863,0.0036483827521455853,0.011429733172561374,,False,0.9770057234662115,0.9740820467682584,0.9642488830741526,0.9687793964458304,0.9373493975903614,0.9219219245033174,0.9155745275489942,0.9183880639000014
864,0.003645847410838297,0.01142825477675581,,False,0.9770057234662115,0.9740820467682584,0.9642488830741526,0.9687793964458304,0.9373493975903614,0.9219219245033174,0.9155745275489942,0.9183880639000014
865,0.0036432729416399825,0.011422847984200353,,False,0.9770057234662115,0.9740820467682584,0.9642488830741526,0.9687793964458304,0.9373493975903614,0.9219219245033174,0.9155745275489942,0.9183880639000014
866,0.0036407449729381545,0.011425920770135229,,False,0.9770057234662115,0.9740820467682584,0.9642488830741526,0.9687793964458304,0.9369477911646586,0.9215522046754102,0.9152016714714402,0.918015371068999
867,0.003638316558472684,0.011427597700316686,,False,0.9770057234662115,0.9740820467682584,0.9642488830741526,0.9687793964458304,0.9373493975903614,0.9219219245033174,0.9155745275489942,0.9183880639000014
868,0.0036356878092946516,0.011421020586993876,,False,0.9770057234662115,0.9740820467682584,0.9642488830741526,0.9687793964458304,0.9373493975903614,0.9219219245033174,0.9155745275489942,0.9183880639000014
869,0.003633460413818185,0.011413980417707333,,False,0.9771061351541319,0.9741725802479078,0.9643422537557585,0.9688715449206075,0.9369477911646586,0.9215522046754102,0.9152016714714402,0.918015371068999
870,0.0036306689913852405,0.011416196231832598,,False,0.9770057234662115,0.9740820467682584,0.9642488830741526,0.9687793964458304,0.9369477911646586,0.9215522046754102,0.9152016714714402,0.918015371068999
871,0.003628373000871562,0.011424773927225799,,False,0.9770057234662115,0.9740820467682584,0.9642488830741526,0.9687793964458304,0.9369477911646586,0.9215522046754102,0.9152016714714402,0.918015371068999
872,0.003625681246431356,0.011418277046068823,,False,0.9770057234662115,0.9740820467682584,0.9642488830741526,0.9687793964458304,0.9369477911646586,0.9215522046754102,0.9152016714714402,0.918015371068999
873,0.0036231531595302276,0.011413955045576258,,False,0.9772065468420524,0.9742622993860609,0.9644356244373645,0.9689630036653569,0.9365461847389558,0.9211644764065389,0.9148466838960052,0.9176561977535845
874,0.0036208518932229483,0.011425664192200674,,False,0.9771061351541319,0.9741725802479078,0.9643422537557585,0.9688715449206075,0.9373493975903614,0.9205454036236911,0.9155745275489942,0.9177689023295333
875,0.0036181886932120074,0.011417938055991339,,False,0.9773069585299728,0.9743525011796533,0.9645243005036943,0.9690526492352327,0.9373493975903614,0.9205454036236911,0.9155745275489942,0.9177689023295333
876,0.0036164349230057478,0.011400515307158061,,False,0.9772065468420524,0.9742622993860609,0.9644356244373645,0.9689630036653569,0.9365461847389558,0.9197614765641681,0.9148576145302005,0.9170344219095347
877,0.0036132992383307466,0.011419625577449195,,False,0.9772065468420524,0.9742622993860609,0.9644356244373645,0.9689630036653569,0.9373493975903614,0.9205454036236911,0.9155745275489942,0.9177689023295333
878,0.0036108129949470485,0.011410167991928044,,False,0.9772065468420524,0.9742622993860609,0.9644356244373645,0.9689630036653569,0.9365461847389558,0.9211644764065389,0.9148466838960052,0.9176561977535845
879,0.0036084495455675387,0.011419864975319376,,False,0.9772065468420524,0.9742622993860609,0.9644356244373645,0.9689630036653569,0.9369477911646586,0.9215522046754102,0.9152016714714402,0.918015371068999
880,0.0036060250626342217,0.011423985642613044,,False,0.9773069585299728,0.9743525011796533,0.9645243005036943,0.9690526492352327,0.9365461847389558,0.9211887384224008,0.9148275599862176,0.917632890013151
881,0.0036034855278940167,0.01140746173094169,,False,0.9773069585299728,0.9743589202603415,0.9645243005036943,0.9690554548305417,0.9369477911646586,0.9201576753548198,0.9152195399735592,0.9174097290141189
882,0.003601054087936099,0.011416837736884905,,False,0.9773069585299728,0.9743589202603415,0.9645243005036943,0.9690554548305417,0.9369477911646586,0.9215341962344462,0.9152195399735592,0.9180288905845868
883,0.0035984337368325254,0.011414376132760338,,False,0.9773069585299728,0.9743525011796533,0.9645243005036943,0.9690526492352327,0.9369477911646586,0.9201576753548198,0.9152195399735592,0.9174097290141189
884,0.003596019184837823,0.01141275175417049,,False,0.9773069585299728,0.9743525011796533,0.9645243005036943,0.9690526492352327,0.9373493975903614,0.9205454036236911,0.9155745275489942,0.9177689023295333
885,0.003593623696045544,0.011404426367733483,,False,0.9773069585299728,0.9743589202603415,0.9645243005036943,0.9690554548305417,0.9365461847389558,0.919777173163983,0.9148576145302005,0.9170382476815823
886,0.003591167531612692,0.011410378030443563,,False,0.9773069585299728,0.9743589202603415,0.9645243005036943,0.9690554548305417,0.9369477911646586,0.9201576753548198,0.9152195399735592,0.9174097290141189
887,0.003588787339026496,0.011411046218824486,,False,0.9774073702178934,0.9744505276348038,0.9646150034515402,0.9691474715192181,0.9369477911646586,0.9201649014328542,0.9152126021056355,0.9173974209969968
888,0.0035866514328260907,0.011400747357087087,,False,0.9774073702178934,0.9744505276348038,0.9646150034515402,0.9691474715192181,0.936144578313253,0.9207953463404162,0.9144661663922,0.9172798343786606
889,0.0035837978808967476,0.011411561290539943,,False,0.9774073702178934,0.9744505276348038,0.9646150034515402,0.9691474715192181,0.9369477911646586,0.9215522046754102,0.9152016714714402,0.918015371068999
890,0.0035814533643689223,0.011402088437876424,,False,0.9773069585299728,0.9743589202603415,0.9645243005036943,0.9690554548305417,0.9373493975903614,0.9205454036236911,0.9155745275489942,0.9177689023295333
891,0.0035790209856711363,0.011412067784917445,,False,0.9774073702178934,0.9744505276348038,0.9646150034515402,0.9691474715192181,0.9365461847389558,0.9197930109694222,0.9148454284883366,0.9170273046122449
892,0.0035767576946328264,0.011416979884077014,,False,0.9774073702178934,0.9744505276348038,0.9646150034515402,0.9691474715192181,0.9365461847389558,0.9211887384224008,0.9148275599862176,0.917632890013151
893,0.003574149416101919,0.011408416950731729,,False,0.9775077819058139,0.974561904253255,0.9651270362216374,0.9694890927305043,0.936144578313253,0.9207953463404162,0.9144661663922,0.9172798343786606
894,0.0035717315106873733,0.011399407773560211,,False,0.9775077819058139,0.974561904253255,0.9651270362216374,0.9694890927305043,0.936144578313253,0.9207953463404162,0.9144661663922,0.9172798343786606
895,0.0035692783228944173,0.011406594560835323,,False,0.9774073702178934,0.9744702968787927,0.9650363332737916,0.969397076041828,0.9373493975903614,0.9205454036236911,0.9155745275489942,0.9177689023295333
896,0.003566910414763622,0.011407618837357358,,False,0.9775077819058139,0.974561904253255,0.9651270362216374,0.9694890927305043,0.9369477911646586,0.9215522046754102,0.9152016714714402,0.918015371068999
897,0.0035647814396742488,0.011395650146766852,,False,0.9775077819058139,0.974561904253255,0.9651270362216374,0.9694890927305043,0.936144578313253,0.9207953463404162,0.9144661663922,0.9172798343786606
898,0.0035621407173982815,0.011405527754717062,,False,0.9775077819058139,0.974561904253255,0.9651270362216374,0.9694890927305043,0.9373493975903614,0.9219423737576585,0.9155566590468749,0.9183745674285699
899,0.0035599304096111672,0.011415298075078956,,False,0.9776081935937343,0.9746554014356366,0.9652209593924836,0.9695821881154932,0.9373493975903614,0.9205733222337495,0.9155554036392064,0.9177455618246884
900,0.0035572706864781213,0.011397473174268202,,False,0.9776081935937343,0.9746554014356366,0.9652209593924836,0.9695821881154932,0.9365461847389558,0.919788545288697,0.9148390224697541,0.9170333656391949
901,0.00355488176316451,0.01139892328316227,,False,0.9776081935937343,0.9746554014356366,0.9652209593924836,0.9695821881154932,0.9373493975903614,0.9219219245033174,0.9155745275489942,0.9183880639000014
902,0.0035524419380923724,0.011403153496698869,,False,0.9776081935937343,0.9746554014356366,0.9652209593924836,0.9695821881154932,0.9377510040160643,0.922312093585566,0.9159295151244291,0.9187472602595723
903,0.0035500761777139964,0.01140329384644874,,False,0.9776081935937343,0.9746554014356366,0.9652209593924836,0.9695821881154932,0.9373493975903614,0.9219429635194432,0.9155489976206239,0.9183708968846483
904,0.0035476745373921223,0.011397243749745411,,False,0.9776081935937343,0.9746554014356366,0.9652209593924836,0.9695821881154932,0.9365461847389558,0.9211650661683234,0.9148390224697541,0.917652527209663
905,0.003545631983042079,0.011386834844985733,,False,0.9776081935937343,0.9746554014356366,0.9652209593924836,0.9695821881154932,0.9365461847389558,0.919788545288697,0.9148390224697541,0.9170333656391949
906,0.0035430024704203164,0.01140283240737947,,False,0.9776081935937343,0.9746554014356366,0.9652209593924836,0.9695821881154932,0.9377510040160643,0.9214596609818779,0.917606610789348,0.9192708568797552
907,0.0035406605376533916,0.011392601600193588,,False,0.9776081935937343,0.9746554014356366,0.9652209593924836,0.9695821881154932,0.9369477911646586,0.9201762735575684,0.915194010045189,0.9173925389546095
908,0.003538197829925936,0.011394083092251707,,False,0.9776081935937343,0.9746554014356366,0.9652209593924836,0.9695821881154932,0.9373493975903614,0.9224193951294632,0.9172516232139132,0.9195355506404144
909,0.0035359301519626574,0.011402421846958333,,False,0.9776081935937343,0.9746554014356366,0.9652209593924836,0.9695821881154932,0.9369477911646586,0.9220561179105202,0.9168775117286905,0.9191530564029853
910,0.003534224757024187,0.011378400925563418,,False,0.9776081935937343,0.9746554014356366,0.9652209593924836,0.9695821881154932,0.9365461847389558,0.919788545288697,0.9148390224697541,0.9170333656391949
911,0.0035312377184581775,0.01138799952285224,,False,0.9776081935937343,0.9746554014356366,0.9652209593924836,0.9695821881154932,0.9369477911646586,0.9201762735575684,0.915194010045189,0.9173925389546095
912,0.003528889542282581,0.011392009979248446,,False,0.9776081935937343,0.9746554014356366,0.9652209593924836,0.9695821881154932,0.9369477911646586,0.9220496753015559,0.9168787671363591,0.9191628578094121
913,0.0035263878097031957,0.011396636174820514,,False,0.9776081935937343,0.9746554014356366,0.9652209593924836,0.9695821881154932,0.9373493975903614,0.9224193951294632,0.9172516232139132,0.9195355506404144
914,0.0035241518993024,0.011397946426576279,,False,0.9776081935937343,0.9746554014356366,0.9652209593924836,0.9695821881154932,0.9369477911646586,0.9220561179105202,0.9168775117286905,0.9191530564029853
915,0.003521774327235694,0.011387420424006964,,False,0.9776081935937343,0.9746554014356366,0.9652209593924836,0.9695821881154932,0.9369477911646586,0.9201762735575684,0.915194010045189,0.9173925389546095
916,0.003519841114460702,0.011379430039537885,,False,0.9776081935937343,0.9746554014356366,0.9652209593924836,0.9695821881154932,0.9365461847389558,0.9197957713667315,0.9148320846018303,0.917021057622073
917,0.0035170875673697557,0.011397903087054056,,False,0.9776081935937343,0.9746554014356366,0.9652209593924836,0.9695821881154932,0.9369477911646586,0.9207036066347354,0.9168775117286905,0.9185285603611634
918,0.003514700440986987,0.011390193249371027,,False,0.9776081935937343,0.9746554014356366,0.9652209593924836,0.9695821881154932,0.9369477911646586,0.9206997543054596,0.916871105710108,0.9185345972140946
919,0.0035123986494889434,0.01139671631923308,,False,0.9777086052816548,0.9747482291203448,0.9653096354588134,0.9696730261573833,0.9373493975903614,0.9224424524297555,0.917233754711794,0.9195226600905748
920,0.0035100284646376644,0.011386848756776096,,False,0.9776081935937343,0.9746554014356366,0.9652209593924836,0.9695821881154932,0.9365461847389558,0.9198091440093498,0.9148134925413838,0.9170160815701115
921,0.0035082794522345345,0.011407260952211297,,False,0.9777086052816548,0.9747482291203448,0.9653096354588134,0.9696730261573833,0.9373493975903614,0.921097617478301,0.9172324993041254,0.9188883076889565
922,0.0035056472263272883,0.01140051880886769,,False,0.9777086052816548,0.9747482291203448,0.9653096354588134,0.9696730261573833,0.9369477911646586,0.9207294549967945,0.9168519818003202,0.91851189421891
923,0.0035032653780626903,0.01137776183023208,,False,0.9777086052816548,0.9747482291203448,0.9653096354588134,0.9696730261573833,0.9365461847389558,0.9198091440093498,0.9148134925413838,0.9170160815701115
924,0.0035008116276488465,0.011393576256180298,,False,0.9777086052816548,0.9747482291203448,0.9653096354588134,0.9696730261573833,0.9365461847389558,0.920335444153229,0.9164969942248854,0.9181521468911167
925,0.0034984000553989454,0.011393764591820581,,False,0.9777086052816548,0.9747482291203448,0.9653096354588134,0.9696730261573833,0.9365461847389558,0.921687955429014,0.9164969942248854,0.9187766429329387
926,0.003496105725789577,0.011380302317575693,,False,0.9777086052816548,0.9747482291203448,0.9653096354588134,0.9696730261573833,0.9369477911646586,0.9220522655812446,0.916871105710108,0.9191590932559165
927,0.00349395503301762,0.011380995856746741,,False,0.9778090169695752,0.9748389751874276,0.9654030061404194,0.9697651672032668,0.9365461847389558,0.9216825457533372,0.916498249632554,0.9187864004249141
928,0.003491403206385525,0.011380556289553952,,False,0.9778090169695752,0.9748389751874276,0.9654030061404194,0.9697651672032668,0.9369477911646586,0.9206997543054596,0.916871105710108,0.9185345972140946
929,0.003488987580079227,0.011384727930154805,,False,0.9778090169695752,0.9748389751874276,0.9654030061404194,0.9697651672032668,0.9365461847389558,0.921687955429014,0.9164969942248854,0.9187766429329387
930,0.003487104545621233,0.01139726536828148,,False,0.9778090169695752,0.9748389751874276,0.9654030061404194,0.9697651672032668,0.9365461847389558,0.921687955429014,0.9164969942248854,0.9187766429329387
931,0.0034845772593082064,0.011387696414475033,,False,0.9778090169695752,0.9748389751874276,0.9654030061404194,0.9697651672032668,0.9365461847389558,0.920335444153229,0.9164969942248854,0.9181521468911167
932,0.0034823078361365693,0.011391252999751134,,False,0.9778090169695752,0.9748389751874276,0.9654030061404194,0.9697651672032668,0.9365461847389558,0.920335444153229,0.9164969942248854,0.9181521468911167
933,0.003480142331558246,0.011393610235801953,,False,0.9778090169695752,0.9748389751874276,0.9654030061404194,0.9697651672032668,0.9365461847389558,0.921687955429014,0.9164969942248854,0.9187766429329387
934,0.003477697847032222,0.011382682859573983,,False,0.9778090169695752,0.9748389751874276,0.9654030061404194,0.9697651672032668,0.9365461847389558,0.920335444153229,0.9164969942248854,0.9181521468911167
935,0.0034754332236319593,0.011379876426810806,,False,0.9778090169695752,0.9748389751874276,0.9654030061404194,0.9697651672032668,0.9369477911646586,0.9220522655812446,0.916871105710108,0.9191590932559165
936,0.0034732784772379902,0.011391896892821326,,False,0.9778090169695752,0.9748389751874276,0.9654030061404194,0.9697651672032668,0.9369477911646586,0.9220819662725795,0.9168519818003202,0.9191363902607319
937,0.003470827654226975,0.011379023967362366,,False,0.9778090169695752,0.9748389751874276,0.9654030061404194,0.9697651672032668,0.9369477911646586,0.9220522655812446,0.916871105710108,0.9191590932559165
938,0.0034688656614356253,0.011387620151622932,,False,0.9778090169695752,0.9748389751874276,0.9654030061404194,0.9697651672032668,0.9365461847389558,0.920335444153229,0.9164969942248854,0.9181521468911167
939,0.0034663290012886877,0.011380228363999928,,False,0.9778090169695752,0.9748389751874276,0.9654030061404194,0.9697651672032668,0.9365461847389558,0.920335444153229,0.9164969942248854,0.9181521468911167
940,0.003464130816520372,0.011376663903654008,,False,0.9778090169695752,0.9748389751874276,0.9654030061404194,0.9697651672032668,0.9369477911646586,0.9220522655812446,0.916871105710108,0.9191590932559165
941,0.003462092736614286,0.01138502537717556,,False,0.9778090169695752,0.9748389751874276,0.9654030061404194,0.9697651672032668,0.9365461847389558,0.921687955429014,0.9164969942248854,0.9187766429329387
942,0.003459748007024552,0.011377918961831688,,False,0.9778090169695752,0.9748389751874276,0.9654030061404194,0.9697651672032668,0.9369477911646586,0.9220522655812446,0.916871105710108,0.9191590932559165
943,0.0034575161520530727,0.011382418039465934,,False,0.9778090169695752,0.9748389751874276,0.9654030061404194,0.9697651672032668,0.9365461847389558,0.921687955429014,0.9164969942248854,0.9187766429329387
944,0.0034555752054361514,0.011385276308908539,,False,0.9778090169695752,0.9748389751874276,0.9654030061404194,0.9697651672032668,0.9365461847389558,0.921687955429014,0.9164969942248854,0.9187766429329387
945,0.003453316432591668,0.01138543418583971,,False,0.9779094286574957,0.9749312072790125,0.9654916822067491,0.969856323832657,0.9369477911646586,0.9207294549967945,0.9168519818003202,0.91851189421891
946,0.0034510247921595845,0.01137061896836135,,False,0.9779094286574957,0.9749295693039355,0.9654916822067491,0.9698544706062017,0.9365461847389558,0.9203192521146227,0.9165091802667494,0.918163115881558
947,0.0034490676949404326,0.01136013819723424,,False,0.9779094286574957,0.9749312072790125,0.9654916822067491,0.969856323832657,0.9369477911646586,0.9220522655812446,0.916871105710108,0.9191590932559165
948,0.0034465024267467384,0.011372648770530815,,False,0.9779094286574957,0.9749312072790125,0.9654916822067491,0.969856323832657,0.9365461847389558,0.9203192521146227,0.9165091802667494,0.918163115881558
949,0.003444536904712875,0.0113733264040551,,False,0.9779094286574957,0.9749312072790125,0.9654916822067491,0.969856323832657,0.936144578313253,0.9213063724959234,0.9161350687815268,0.9184052085323581
950,0.0034424028992997967,0.011362836069063662,,False,0.9779094286574957,0.9749312072790125,0.9654916822067491,0.969856323832657,0.9369477911646586,0.9206997543054596,0.916871105710108,0.9185345972140946
951,0.003439945203398455,0.011369191916904098,,False,0.9779094286574957,0.9749312072790125,0.9654916822067491,0.969856323832657,0.9369477911646586,0.9220522655812446,0.916871105710108,0.9191590932559165
952,0.0034379678264425083,0.011369593798807445,,False,0.9779094286574957,0.9749312072790125,0.9654916822067491,0.969856323832657,0.9369477911646586,0.9220522655812446,0.916871105710108,0.9191590932559165
953,0.003435691804740204,0.011369568696977129,,False,0.9779094286574957,0.9749312072790125,0.9654916822067491,0.969856323832657,0.9369477911646586,0.9220522655812446,0.916871105710108,0.9191590932559165
954,0.003433492368399971,0.011370149190861358,,False,0.9779094286574957,0.9749312072790125,0.9654916822067491,0.969856323832657,0.9365461847389558,0.921687955429014,0.9164969942248854,0.9187766429329387
955,0.0034313902808890784,0.011370131184885758,,False,0.9779094286574957,0.9749312072790125,0.9654916822067491,0.969856323832657,0.9365461847389558,0.921687955429014,0.9164969942248854,0.9187766429329387
956,0.0034292468357009437,0.011371221945665878,,False,0.9779094286574957,0.9749312072790125,0.9654916822067491,0.969856323832657,0.9365461847389558,0.921687955429014,0.9164969942248854,0.9187766429329387
957,0.0034272758743483663,0.011366750758451767,,False,0.9779094286574957,0.9749312072790125,0.9654916822067491,0.969856323832657,0.9369477911646586,0.9220522655812446,0.916871105710108,0.9191590932559165
958,0.0034252032296974684,0.011373254166389835,,False,0.9780098403454162,0.975023100049764,0.9655849744914771,0.9699498620156651,0.9365461847389558,0.921687955429014,0.9164969942248854,0.9187766429329387
959,0.003423050155305467,0.011374693339038426,,False,0.9779094286574957,0.9749295693039355,0.9654916822067491,0.9698544706062017,0.9365461847389558,0.921687955429014,0.9164969942248854,0.9187766429329387
960,0.0034209322347347657,0.011373946557017853,,False,0.9779094286574957,0.9749312072790125,0.9654916822067491,0.969856323832657,0.9365461847389558,0.921687955429014,0.9164969942248854,0.9187766429329387
961,0.0034187594354731267,0.01137092519342997,,False,0.9779094286574957,0.9749312072790125,0.9654916822067491,0.969856323832657,0.9365461847389558,0.921687955429014,0.9164969942248854,0.9187766429329387
962,0.0034167543182947215,0.011359707927172205,,False,0.9780098403454162,0.975023100049764,0.9655849744914771,0.9699498620156651,0.9369477911646586,0.9220522655812446,0.916871105710108,0.9191590932559165
963,0.0034148347852074497,0.011367142906952298,,False,0.9780098403454162,0.9750213133609225,0.9655849744914771,0.9699479706688111,0.936144578313253,0.9213063724959234,0.9161350687815268,0.9184052085323581
964,0.0034126141976675703,0.011364473710189095,,False,0.9781102520333367,0.9751147452030813,0.9656801038674284,0.9700422404051133,0.9365461847389558,0.9203357631225576,0.9164957303347327,0.9181677616367564
965,0.0034105503047204503,0.011364654828819069,,False,0.9781102520333367,0.9751147452030813,0.9656801038674284,0.9700422404051133,0.9369477911646586,0.9220522655812446,0.916871105710108,0.9191590932559165
966,0.0034089417850424767,0.011352194619395784,,False,0.9780098403454162,0.9750229384671876,0.9655849744914771,0.9699497046275771,0.9369477911646586,0.9220522655812446,0.916871105710108,0.9191590932559165
967,0.0034065447548293324,0.01135342102967754,,False,0.9781102520333367,0.9751165318919229,0.9656801038674284,0.970044131751967,0.9369477911646586,0.9220522655812446,0.916871105710108,0.9191590932559165
968,0.003404255250726857,0.011363482894301885,,False,0.9781102520333367,0.9751147452030813,0.9656801038674284,0.9700422404051133,0.9365461847389558,0.9216657705243188,0.9164969942248854,0.9187618320371542
969,0.003402118938049557,0.011365213539740588,,False,0.9781102520333367,0.9751147452030813,0.9656801038674284,0.9700422404051133,0.9365461847389558,0.921687955429014,0.9164969942248854,0.9187766429329387
970,0.0034001444760195895,0.011364020324624685,,False,0.9781102520333367,0.9751165318919229,0.9656801038674284,0.970044131751967,0.9365461847389558,0.9216882743983424,0.9164957303347327,0.9187922576785783
971,0.0033981870350997968,0.011364795539319893,,False,0.9781102520333367,0.9751147452030813,0.9656801038674284,0.9700422404051133,0.936144578313253,0.9199737163699615,0.9161216188495102,0.9177859004100782
972,0.003396190181662781,0.011360000484449696,,False,0.9781102520333367,0.9751147452030813,0.9656801038674284,0.9700422404051133,0.9369477911646586,0.9220522655812446,0.916871105710108,0.9191590932559165
973,0.003394326777475026,0.011364297879798544,,False,0.9781102520333367,0.9751147452030813,0.9656801038674284,0.9700422404051133,0.9369477911646586,0.9220522655812446,0.916871105710108,0.9191590932559165
974,0.003392338239520953,0.011375487796206979,,False,0.9781102520333367,0.9751147452030813,0.9656801038674284,0.9700422404051133,0.936144578313253,0.9213262276457463,0.9161216188495102,0.9184103964519001
975,0.0033900449751726007,0.011364729003758718,,False,0.9781102520333367,0.9751147452030813,0.9656801038674284,0.9700422404051133,0.9365461847389558,0.921687955429014,0.9164969942248854,0.9187766429329387
976,0.0033879900259097813,0.011362514812212563,,False,0.9781102520333367,0.9751147452030813,0.9656801038674284,0.9700422404051133,0.9365461847389558,0.921687955429014,0.9164969942248854,0.9187766429329387
977,0.0033860561861319637,0.011357730829313307,,False,0.9781102520333367,0.9751147452030813,0.9656801038674284,0.9700422404051133,0.9369477911646586,0.9220522655812446,0.916871105710108,0.9191590932559165
978,0.0033842418642583915,0.011353071879971907,,False,0.9781102520333367,0.9751147452030813,0.9656801038674284,0.9700422404051133,0.9365461847389558,0.921670682648154,0.9165091802667494,0.918787658855336
979,0.0033821560076166524,0.011363319867132769,,False,0.9781102520333367,0.9751147452030813,0.9656801038674284,0.9700422404051133,0.936144578313253,0.9213262276457463,0.9161216188495102,0.9184103964519001
980,0.0033802686537785956,0.011371809974733674,,False,0.9781102520333367,0.9751147452030813,0.9656801038674284,0.9700422404051133,0.9365461847389558,0.9217202384893118,0.916476606424945,0.9187701437796935
981,0.003378030805777627,0.011365582033786913,,False,0.9781102520333367,0.9751147452030813,0.9656801038674284,0.9700422404051133,0.936144578313253,0.9213262276457463,0.9161216188495102,0.9184103964519001
982,0.0033761206409772585,0.011355172666474001,,False,0.9781102520333367,0.9751147452030813,0.9656801038674284,0.9700422404051133,0.9365461847389558,0.9216660894936471,0.9164957303347327,0.9187774467827938
983,0.0033743614969752463,0.011351000824486984,,False,0.9781102520333367,0.9751147452030813,0.9656801038674284,0.9700422404051133,0.9365461847389558,0.9216660894936471,0.9164957303347327,0.9187774467827938
984,0.0033720830475965683,0.011355683651229801,,False,0.9781102520333367,0.9751147452030813,0.9656801038674284,0.9700422404051133,0.9365461847389558,0.9216660894936471,0.9164957303347327,0.9187774467827938
985,0.0033702322004768464,0.011368923432778255,,False,0.9781102520333367,0.9751147452030813,0.9656801038674284,0.9700422404051133,0.936144578313253,0.9213262276457463,0.9161216188495102,0.9184103964519001
986,0.003368191205918428,0.011354065729704274,,False,0.9781102520333367,0.9751152691808284,0.9656801038674284,0.9700430869599604,0.9365461847389558,0.9216882743983424,0.9164957303347327,0.9187922576785783
987,0.003366382187210338,0.011358987766452264,,False,0.9781102520333367,0.9751147452030813,0.9656801038674284,0.9700422404051133,0.9357429718875502,0.9209247007234924,0.9157596934061514,0.9180247372766009
988,0.0033644883133249538,0.011372186914637167,,False,0.9781102520333367,0.9751147452030813,0.9656801038674284,0.9700422404051133,0.936144578313253,0.9213062836565832,0.9161216188495102,0.9183961716771815
989,0.003362382697244963,0.01134949001032439,,False,0.9781102520333367,0.9751152691808284,0.9656801038674284,0.9700430869599604,0.9365461847389558,0.9216882743983424,0.9164957303347327,0.9187922576785783
990,0.0033603217309133644,0.011360161083208921,,False,0.9781102520333367,0.9751152691808284,0.9656801038674284,0.9700430869599604,0.936144578313253,0.9213262276457463,0.9161216188495102,0.9184103964519001
991,0.0033582495436387536,0.011364202820580453,,False,0.9781102520333367,0.9751147452030813,0.9656801038674284,0.9700422404051133,0.936144578313253,0.9213262276457463,0.9161216188495102,0.9184103964519001
992,0.0033563031714342073,0.011360879019383277,,False,0.9781102520333367,0.9751152691808284,0.9656801038674284,0.9700430869599604,0.936144578313253,0.9213262276457463,0.9161216188495102,0.9184103964519001
993,0.003354579968771457,0.011365343154466793,,False,0.9781102520333367,0.9751152691808284,0.9656801038674284,0.9700430869599604,0.936144578313253,0.9213262276457463,0.9161216188495102,0.9184103964519001
994,0.003352563013881391,0.011367911449815625,,False,0.9781102520333367,0.9751147452030813,0.9656801038674284,0.9700422404051133,0.936144578313253,0.9213262276457463,0.9161216188495102,0.9184103964519001
995,0.0033506196911641177,0.01135004642347856,,False,0.9781102520333367,0.9751147452030813,0.9656801038674284,0.9700422404051133,0.9365461847389558,0.9216660894936471,0.9164957303347327,0.9187774467827938
996,0.003348625817562275,0.011354241388903341,,False,0.9781102520333367,0.9751147452030813,0.9656801038674284,0.9700422404051133,0.9365461847389558,0.9216660894936471,0.9164957303347327,0.9187774467827938
997,0.003346635093708245,0.01135723223068544,,False,0.9781102520333367,0.9751152691808284,0.9656801038674284,0.9700430869599604,0.9365461847389558,0.920305166879611,0.9164957303347327,0.9181595178214825
998,0.003344729856306032,0.011350811007958752,,False,0.9781102520333367,0.9751147452030813,0.9656801038674284,0.9700422404051133,0.9365461847389558,0.920305166879611,0.9164957303347327,0.9181595178214825
999,0.003342773516162966,0.011352878861803516,,False,0.9781102520333367,0.9751147452030813,0.9656801038674284,0.9700422404051133,0.9365461847389558,0.920305166879611,0.9164957303347327,0.9181595178214825
1000,0.0033409698741150673,0.01134575030744519,,False,0.9781102520333367,0.9751147452030813,0.9656801038674284,0.9700422404051133,0.9365461847389558,0.920305166879611,0.9164957303347327,0.9181595178214825
1001,0.0033391959485927023,0.011360478095895124,,False,0.9781102520333367,0.9751152691808284,0.9656801038674284,0.9700430869599604,0.9365461847389558,0.9203393718861125,0.916476606424945,0.9181379900436634
1002,0.003337233061872153,0.011352259121303623,,False,0.9781102520333367,0.9751147452030813,0.9656801038674284,0.9700422404051133,0.936144578313253,0.919945361042547,0.9161216188495102,0.9177782427158702
1003,0.003335236466568291,0.011360933203136182,,False,0.9781102520333367,0.9751147452030813,0.9656801038674284,0.9700422404051133,0.9365461847389558,0.9203393718861125,0.916476606424945,0.9181379900436634
1004,0.0033333229146538727,0.011344112816241187,,False,0.9781102520333367,0.9751152691808284,0.9656801038674284,0.9700430869599604,0.9365461847389558,0.920305166879611,0.9164957303347327,0.9181595178214825
1005,0.0033313370990836915,0.011347957410665377,,False,0.9781102520333367,0.9751152691808284,0.9656801038674284,0.9700430869599604,0.9365461847389558,0.920305166879611,0.9164957303347327,0.9181595178214825
1006,0.0033294064827168743,0.01135763339436147,,False,0.9781102520333367,0.9751147452030813,0.9656801038674284,0.9700422404051133,0.936144578313253,0.919945361042547,0.9161216188495102,0.9177782427158702
1007,0.003327577272365193,0.01135280350129433,,False,0.9781102520333367,0.9751147452030813,0.9656801038674284,0.9700422404051133,0.9365461847389558,0.920305166879611,0.9164957303347327,0.9181595178214825
1008,0.0033257427743694297,0.011349693789891245,,False,0.9781102520333367,0.9751147452030813,0.9656801038674284,0.9700422404051133,0.9365461847389558,0.920305166879611,0.9164957303347327,0.9181595178214825
1009,0.003323823368990302,0.01134979884732929,,False,0.9782106637212572,0.9752333357133924,0.9661921366375257,0.9703859265702817,0.9365461847389558,0.920305166879611,0.9164957303347327,0.9181595178214825
1010,0.0033219298215279806,0.011355354086722391,,False,0.9781102520333367,0.9751147452030813,0.9656801038674284,0.9700422404051133,0.936144578313253,0.919945361042547,0.9161216188495102,0.9177782427158702
1011,0.00331997873715761,0.011347060168263794,,False,0.9781102520333367,0.9751152691808284,0.9656801038674284,0.9700430869599604,0.9365461847389558,0.920305166879611,0.9164957303347327,0.9181595178214825
1012,0.00331806811814716,0.01134696408934704,,False,0.9782106637212572,0.9752338596911395,0.9661921366375257,0.9703867731251287,0.9365461847389558,0.920305166879611,0.9164957303347327,0.9181595178214825
1013,0.0033163368402887557,0.011358903646388783,,False,0.9782106637212572,0.9752338596911395,0.9661921366375257,0.9703867731251287,0.936144578313253,0.919945361042547,0.9161216188495102,0.9177782427158702
1014,0.003314297854219094,0.011349686820433533,,False,0.9782106637212572,0.9752338596911395,0.9661921366375257,0.9703867731251287,0.9365461847389558,0.920305166879611,0.9164957303347327,0.9181595178214825
1015,0.003312613253442936,0.011341045330415925,,False,0.9782106637212572,0.9752338596911395,0.9661921366375257,0.9703867731251287,0.9365461847389558,0.920305166879611,0.9164957303347327,0.9181595178214825
1016,0.0033105830512161144,0.011345494979580234,,False,0.9782106637212572,0.9752338596911395,0.9661921366375257,0.9703867731251287,0.9365461847389558,0.920305166879611,0.9164957303347327,0.9181595178214825
1017,0.0033085613225215605,0.011349527677934556,,False,0.9782106637212572,0.9752338596911395,0.9661921366375257,0.9703867731251287,0.9365461847389558,0.920305166879611,0.9164957303347327,0.9181595178214825
1018,0.0033068450142339154,0.011343419192316136,,False,0.9782106637212572,0.9752338596911395,0.9661921366375257,0.9703867731251287,0.9365461847389558,0.920305166879611,0.9164957303347327,0.9181595178214825
1019,0.003304785869296686,0.011346430903036673,,False,0.9782106637212572,0.9752338596911395,0.9661921366375257,0.9703867731251287,0.9365461847389558,0.920305166879611,0.9164957303347327,0.9181595178214825
1020,0.0033030129119766107,0.011345923462919287,,False,0.9782106637212572,0.9752338596911395,0.9661921366375257,0.9703867731251287,0.9365461847389558,0.920305166879611,0.9164957303347327,0.9181595178214825
1021,0.0033010937110739386,0.011346636360473741,,False,0.9782106637212572,0.9752338596911395,0.9661921366375257,0.9703867731251287,0.9365461847389558,0.920305166879611,0.9164957303347327,0.9181595178214825
1022,0.0032993324115456447,0.011354216867954242,,False,0.9782106637212572,0.9752338596911395,0.9661921366375257,0.9703867731251287,0.9365461847389558,0.920305166879611,0.9164957303347327,0.9181595178214825
1023,0.0032973720871805074,0.011347927578120445,,False,0.9782106637212572,0.9752338596911395,0.9661921366375257,0.9703867731251287,0.9365461847389558,0.9190301247548958,0.9164957303347327,0.9175606166244076
1024,0.003295480104111491,0.011348079220691469,,False,0.9782106637212572,0.9752333357133924,0.9661921366375257,0.9703859265702817,0.9365461847389558,0.9190301247548958,0.9164957303347327,0.9175606166244076
1025,0.003293531426836713,0.01135358330925771,,False,0.9782106637212572,0.9752338596911395,0.9661921366375257,0.9703867731251287,0.9365461847389558,0.9190301247548958,0.9164957303347327,0.9175606166244076
1026,0.0032916216210206965,0.011350818723627318,,False,0.9782106637212572,0.9752338596911395,0.9661921366375257,0.9703867731251287,0.9365461847389558,0.9190301247548958,0.9164957303347327,0.9175606166244076
1027,0.0032898617667866917,0.011345820085803662,,False,0.9782106637212572,0.9752338596911395,0.9661921366375257,0.9703867731251287,0.9365461847389558,0.9190301247548958,0.9164957303347327,0.9175606166244076
1028,0.0032878929771329966,0.011351503306868217,,False,0.9782106637212572,0.9752338596911395,0.9661921366375257,0.9703867731251287,0.9365461847389558,0.9190301247548958,0.9164957303347327,0.9175606166244076
1029,0.0032859237942147947,0.011350521532265399,,False,0.9782106637212572,0.9752338596911395,0.9661921366375257,0.9703867731251287,0.9365461847389558,0.9190301247548958,0.9164957303347327,0.9175606166244076
1030,0.003284125755314133,0.01135736069443868,,False,0.9782106637212572,0.9752338596911395,0.9661921366375257,0.9703867731251287,0.9369477911646586,0.9194229018830955,0.9168507179101676,0.9179204189055705
1031,0.0032821357548397756,0.011348309703577933,,False,0.9782106637212572,0.9752338596911395,0.9661921366375257,0.9703867731251287,0.9365461847389558,0.9190301247548958,0.9164957303347327,0.9175606166244076
1032,0.0032802967634348846,0.011355295672720282,,False,0.9782106637212572,0.9752338596911395,0.9661921366375257,0.9703867731251287,0.936144578313253,0.9186597088386877,0.9161152128309276,0.9171835973732327
1033,0.0032784659995156217,0.01135763173311624,,False,0.9782106637212572,0.9752338596911395,0.9661921366375257,0.9703867731251287,0.9365461847389558,0.9190524859668875,0.9164702004063625,0.9175433996543957
1034,0.0032765070158836426,0.011351814454744634,,False,0.9782106637212572,0.9752338596911395,0.9661921366375257,0.9703867731251287,0.936144578313253,0.9186597088386877,0.9161152128309276,0.9171835973732327
1035,0.0032745977901792347,0.011349468254025153,,False,0.9782106637212572,0.9752338596911395,0.9661921366375257,0.9703867731251287,0.936144578313253,0.9186597088386877,0.9161152128309276,0.9171835973732327
1036,0.0032726689190958197,0.011353778914358566,,False,0.9782106637212572,0.9752338596911395,0.9661921366375257,0.9703867731251287,0.9365461847389558,0.9190301247548958,0.9164957303347327,0.9175606166244076
1037,0.003270841718528923,0.011343962742122878,,False,0.9782106637212572,0.9752338596911395,0.9661921366375257,0.9703867731251287,0.936144578313253,0.9186597088386877,0.9161152128309276,0.9171835973732327
1038,0.0032689641827587206,0.011346300148020695,,False,0.9782106637212572,0.9752338596911395,0.9661921366375257,0.9703867731251287,0.9357429718875502,0.9182899890107805,0.9157423567533733,0.9168109045422305
1039,0.003267177261030148,0.011361656585674772,,False,0.9782106637212572,0.975234544751812,0.9661921366375257,0.970387977567734,0.9369477911646586,0.9194229018830955,0.9168507179101676,0.9179204189055705
1040,0.003265026656550587,0.011352247632844715,,False,0.9782106637212572,0.9752338596911395,0.9661921366375257,0.9703867731251287,0.9365461847389558,0.9190301247548958,0.9164957303347327,0.9175606166244076
1041,0.0032633447231370455,0.011342918055985711,,False,0.9784114870970981,0.9754434716241591,0.9667975400892289,0.9708212519428397,0.936144578313253,0.9186243301857642,0.9161152128309276,0.9171699687440594
1042,0.0032611719460560865,0.011351137726486634,,False,0.9782106637212572,0.9752338596911395,0.9661921366375257,0.9703867731251287,0.936144578313253,0.9186597088386877,0.9161152128309276,0.9171835973732327
1043,0.003259384608320899,0.011355877103874352,,False,0.9783110754091776,0.9753447434058194,0.9667041694076229,0.9707255075562536,0.936144578313253,0.9186243301857642,0.9161152128309276,0.9171699687440594
1044,0.0032577759229411784,0.011340196031200206,,False,0.9785118987850185,0.9755538153993163,0.9673095728593262,0.971158347176675,0.936144578313253,0.9186069241385896,0.9161152128309276,0.9171701148285707
1045,0.003255810886971035,0.011356616840847041,,False,0.9783110754091776,0.9753447434058194,0.9667041694076229,0.9707255075562536,0.9357429718875502,0.9182546103578569,0.9157423567533733,0.9167972759130569
1046,0.003253541425922771,0.011353606283008164,,False,0.9784114870970981,0.9754357773096564,0.9667975400892289,0.9708176808236106,0.9357429718875502,0.9182546103578569,0.9157423567533733,0.9167972759130569
1047,0.0032516228111423664,0.011351624849704452,,False,0.9785118987850185,0.9755540556330902,0.9673095728593262,0.9711585437463223,0.936144578313253,0.9186243301857642,0.9161152128309276,0.9171699687440594
1048,0.0032497168401917575,0.01135986135490008,,False,0.9785118987850185,0.9755544488105037,0.9673095728593262,0.9711596756202875,0.936144578313253,0.9186243301857642,0.9161152128309276,0.9171699687440594
1049,0.0032479940094955794,0.011366984606993773,,False,0.9785118987850185,0.9755544488105037,0.9673095728593262,0.9711596756202875,0.936144578313253,0.9186464522949159,0.9160973443288083,0.9171571059668726
1050,0.003246022515666744,0.011348190391757947,,False,0.9785118987850185,0.9755517647203875,0.9673095728593262,0.9711571420890185,0.936144578313253,0.9186037006243759,0.9161164682385959,0.9171710152957018
1051,0.003243841600406494,0.011357648649361049,,False,0.9785118987850185,0.9755544488105037,0.9673095728593262,0.9711596756202875,0.936144578313253,0.9186243301857642,0.9161152128309276,0.9171699687440594
1052,0.0032419470448845004,0.011356324716527344,,False,0.9785118987850185,0.9755518509456935,0.9673095728593262,0.9711573002536333,0.936144578313253,0.9186243301857642,0.9161152128309276,0.9171699687440594
1053,0.0032400277848652747,0.011352386563542862,,False,0.9785118987850185,0.9755518509456935,0.9673095728593262,0.9711573002536333,0.936144578313253,0.9186243301857642,0.9161152128309276,0.9171699687440594
1054,0.0032382140004591276,0.011349557183457782,,False,0.9785118987850185,0.9755518509456935,0.9673095728593262,0.9711573002536333,0.9365461847389558,0.9189734204522831,0.9164893243161502,0.9175437081267042
1055,0.0032363091528778906,0.011363769749664252,,False,0.9785118987850185,0.975552097642211,0.9673095728593262,0.9711583957764383,0.936144578313253,0.9186464522949159,0.9160973443288083,0.9171571059668726
1056,0.003234245315395856,0.011357764421967669,,False,0.9785118987850185,0.9755518509456935,0.9673095728593262,0.9711573002536333,0.936144578313253,0.9186243301857642,0.9161152128309276,0.9171699687440594
1057,0.003232398761151268,0.011350342957272197,,False,0.9785118987850185,0.9755518509456935,0.9673095728593262,0.9711573002536333,0.9365461847389558,0.9189560144051084,0.9164893243161502,0.9175438542112153
1058,0.0032305503305586326,0.011348391621158254,,False,0.9785118987850185,0.9755518509456935,0.9673095728593262,0.9711573002536333,0.936144578313253,0.918585151060841,0.9161164682385959,0.9171712127555427
1059,0.0032284828898822937,0.01135340699380394,,False,0.9785118987850185,0.975552097642211,0.9673095728593262,0.9711583957764383,0.936144578313253,0.918585151060841,0.9161164682385959,0.9171712127555427
1060,0.0032265811240051716,0.011351366991590178,,False,0.9785118987850185,0.975552097642211,0.9673095728593262,0.9711583957764383,0.936144578313253,0.918585151060841,0.9161164682385959,0.9171712127555427
1061,0.00322464285848217,0.011355223745346995,,False,0.9785118987850185,0.9755598385830755,0.9673095728593262,0.9711609441198404,0.936144578313253,0.918585151060841,0.9161164682385959,0.9171712127555427
1062,0.003222798656043283,0.011351521004195845,,False,0.9785118987850185,0.9755598385830755,0.9673095728593262,0.9711609441198404,0.9365461847389558,0.9189560144051084,0.9164893243161502,0.9175438542112153
1063,0.0032208352351377196,0.011356922324518005,,False,0.9785118987850185,0.9755518509456935,0.9673095728593262,0.9711573002536333,0.936144578313253,0.918585151060841,0.9161164682385959,0.9171712127555427
1064,0.0032189051477621374,0.011356368740726614,,False,0.9785118987850185,0.9755598385830755,0.9673095728593262,0.9711609441198404,0.936144578313253,0.918585151060841,0.9161164682385959,0.9171712127555427
1065,0.003217243084650586,0.01134941562303101,,False,0.9785118987850185,0.9755517647203875,0.9673095728593262,0.9711571420890185,0.936144578313253,0.918585151060841,0.9161164682385959,0.9171712127555427
1066,0.0032151077305865496,0.011359021284096193,,False,0.9786123104729391,0.9756452832579685,0.967400275807172,0.9712503674850868,0.936144578313253,0.918585151060841,0.9161164682385959,0.9171712127555427
1067,0.0032132594163048513,0.011355649563208281,,False,0.9786123104729391,0.9756449647931729,0.967400275807172,0.9712492727995156,0.936144578313253,0.918585151060841,0.9161164682385959,0.9171712127555427
1068,0.0032115759064139248,0.011350596634601856,,False,0.9786123104729391,0.9756452832579685,0.967400275807172,0.9712503674850868,0.936144578313253,0.918585151060841,0.9161164682385959,0.9171712127555427
1069,0.0032095720221873318,0.011358367118425835,,False,0.9786123104729391,0.9756452832579685,0.967400275807172,0.9712503674850868,0.936144578313253,0.918585151060841,0.9161164682385959,0.9171712127555427
1070,0.0032077423178592745,0.01136189398883979,,False,0.9786123104729391,0.975653052285089,0.967400275807172,0.9712539757927097,0.9369477911646586,0.9193456834388231,0.9168443118915851,0.9179037648279663
1071,0.003205800905953704,0.011359639472374025,,False,0.9786123104729391,0.9756449647931729,0.967400275807172,0.9712492727995156,0.936144578313253,0.918585151060841,0.9161164682385959,0.9171712127555427
1072,0.003203973352746078,0.011357060700676111,,False,0.9786123104729391,0.9756528804238704,0.967400275807172,0.9712529174887435,0.936144578313253,0.918585151060841,0.9161164682385959,0.9171712127555427
1073,0.003202315041427429,0.011351441253644715,,False,0.9787127221608595,0.975746295969868,0.9674909787550179,0.9713448095637186,0.936144578313253,0.9185510371965572,0.9161164682385959,0.9171704336014722
1074,0.0032003054294803797,0.011360805067983485,,False,0.9786123104729391,0.9756528804238704,0.967400275807172,0.9712529174887435,0.936144578313253,0.918585151060841,0.9161164682385959,0.9171712127555427
1075,0.0031986206946103776,0.011370930320840631,,False,0.9786123104729391,0.975653052285089,0.967400275807172,0.9712539757927097,0.9369477911646586,0.9193456834388231,0.9168443118915851,0.9179037648279663
1076,0.003196886449917639,0.011372121742552215,,False,0.9787127221608595,0.975738619937111,0.9674909787550179,0.9713423394723996,0.9369477911646586,0.9193584412750118,0.9168333812573896,0.9179018100963394
1077,0.0031948674525133186,0.011369111318924228,,False,0.9787127221608595,0.9757463173110986,0.9674909787550179,0.9713459486010253,0.9365461847389558,0.9189748200945557,0.9164714558140309,0.9175311233722936
1078,0.0031930328367565947,0.011368991822323241,,False,0.9787127221608595,0.975746923551037,0.9674909787550179,0.9713457527594138,0.9365461847389558,0.9189441269461837,0.9164714558140309,0.9175307714514924
1079,0.0031910708372532444,0.011364037699618999,,False,0.9787127221608595,0.9757466797988593,0.9674909787550179,0.9713446952622361,0.9365461847389558,0.9189441269461837,0.9164714558140309,0.9175307714514924
1080,0.003189262683174956,0.011360730095836028,,False,0.9787127221608595,0.9757460735589206,0.9674909787550179,0.9713448911038477,0.9365461847389558,0.9189441269461837,0.9164714558140309,0.9175307714514924
1081,0.0031874234189127573,0.011363525090377797,,False,0.97881313384878,0.975840388654528,0.9675848225988616,0.9714380961234824,0.9365461847389558,0.9189441269461837,0.9164714558140309,0.9175307714514924
1082,0.0031856994262562943,0.011364712947081005,,False,0.97881313384878,0.975840388654528,0.9675848225988616,0.9714380961234824,0.9365461847389558,0.9189441269461837,0.9164714558140309,0.9175307714514924
1083,0.0031843972381227705,0.011377931884110664,,False,0.9787127221608595,0.9757465504529199,0.9674909787550179,0.97134408373056,0.9365461847389558,0.9189748200945557,0.9164714558140309,0.9175311233722936
1084,0.003182093729752443,0.011364485661480524,,False,0.97881313384878,0.9758381526533656,0.9675843494366239,0.9714369754175787,0.936144578313253,0.918557048206782,0.9161164682385959,0.9171714658991852
1085,0.0031805366985952115,0.01136925231247431,,False,0.9789135455367005,0.9759299663645469,0.967677641721352,0.9715304742535648,0.9365461847389558,0.9189441269461837,0.9164714558140309,0.9175307714514924
1086,0.0031785480719487306,0.011362938467184362,,False,0.97881313384878,0.9762882259419503,0.9675843494366239,0.9716339289000745,0.936144578313253,0.918557048206782,0.9161164682385959,0.9171714658991852
1087,0.0031768729411666605,0.01137187818426467,,False,0.9789135455367005,0.9763801420139858,0.967677641721352,0.9717286078105247,0.9369477911646586,0.9193584412750118,0.9168333812573896,0.9179018100963394
1088,0.003175090226159374,0.011358571554256661,,False,0.9790139572246209,0.9764734487056886,0.9677714855651955,0.9718207918542622,0.936144578313253,0.9185560249179748,0.91612340610652,0.917182867259602
1089,0.0031731619623263678,0.011365036382600549,,False,0.9790139572246209,0.9760236030914934,0.9677714855651955,0.971623875947063,0.936144578313253,0.918557048206782,0.9161164682385959,0.9171714658991852
1090,0.0031714057747322948,0.011360359586708932,,False,0.9790139572246209,0.9760236030914934,0.9677714855651955,0.971623875947063,0.9365461847389558,0.9189441269461837,0.9164714558140309,0.9175307714514924
1091,0.003169926046457649,0.011370060839132796,,False,0.9790139572246209,0.9760236030914934,0.9677714855651955,0.971623875947063,0.9369477911646586,0.9193277481266401,0.9168333812573896,0.9179014581755381
1092,0.003168228223705078,0.011371921374321118,,False,0.9790139572246209,0.9760236030914934,0.9677714855651955,0.971623875947063,0.9365461847389558,0.9189441269461837,0.9164714558140309,0.9175307714514924
1093,0.0031663170205389756,0.011367586264076085,,False,0.9790139572246209,0.9764733804095059,0.9677714855651955,0.9718209116646729,0.9365461847389558,0.9189406693872382,0.9164783936819547,0.9175421526232311
1094,0.0031646013766486484,0.011365871551588518,,False,0.9790139572246209,0.9764734487056886,0.9677714855651955,0.9718207918542622,0.9365461847389558,0.9189406693872382,0.9164783936819547,0.9175421526232311
1095,0.003162795128955739,0.011364076582521518,,False,0.9790139572246209,0.9764734487056886,0.9677714855651955,0.9718207918542622,0.9365461847389558,0.9189406693872382,0.9164783936819547,0.9175421526232311
1096,0.0031610869023861884,0.011360982608981988,,False,0.9790139572246209,0.9764734487056886,0.9677714855651955,0.9718207918542622,0.9365461847389558,0.9189406693872382,0.9164783936819547,0.9175421526232311
1097,0.003159384438884079,0.011355285823897823,,False,0.9790139572246209,0.9764717698767699,0.9677714855651955,0.9718196967698183,0.9365461847389558,0.9189406693872382,0.9164783936819547,0.9175421526232311
1098,0.0031575992280977244,0.011367478200425801,,False,0.9790139572246209,0.9764733804095059,0.9677714855651955,0.9718209116646729,0.9365461847389558,0.9189406693872382,0.9164783936819547,0.9175421526232311
1099,0.003155943085779081,0.011365819518953246,,False,0.9790139572246209,0.976473981521687,0.9677714855651955,0.9718217584218132,0.9365461847389558,0.9189406693872382,0.9164783936819547,0.9175421526232311
1100,0.003154246820399508,0.011356101265170013,,False,0.9790139572246209,0.976473981521687,0.9677714855651955,0.9718217584218132,0.9365461847389558,0.9189406693872382,0.9164783936819547,0.9175421526232311
1101,0.003152496355354387,0.011358998586179678,,False,0.9790139572246209,0.976473981521687,0.9677714855651955,0.9718217584218132,0.9365461847389558,0.9189406693872382,0.9164783936819547,0.9175421526232311
1102,0.003150773249099164,0.011363298820884977,,False,0.9790139572246209,0.9764733804095059,0.9677714855651955,0.9718209116646729,0.9365461847389558,0.9189406693872382,0.9164783936819547,0.9175421526232311
1103,0.0031491034022580583,0.011368282141035597,,False,0.9791143689125414,0.9765652671031995,0.9678647778499236,0.9719144091461488,0.9365461847389558,0.9189406693872382,0.9164783936819547,0.9175421526232311
1104,0.003147298788278193,0.011361505866103561,,False,0.9791143689125414,0.9765652671031995,0.9678647778499236,0.9719144091461488,0.9365461847389558,0.9189401010002999,0.9164783936819547,0.9175503663907212
1105,0.003145584172550903,0.011365585900633014,,False,0.9791143689125414,0.9765652671031995,0.9678647778499236,0.9719144091461488,0.9365461847389558,0.9189406693872382,0.9164783936819547,0.9175421526232311
1106,0.0031440354669984493,0.011357871942561945,,False,0.9791143689125414,0.9765659432884348,0.9678647778499236,0.9719152548952397,0.9365461847389558,0.9189401010002999,0.9164783936819547,0.9175503663907212
1107,0.0031424729931505786,0.011355290048624494,,False,0.9791143689125414,0.9765641107071014,0.9678647778499236,0.9719141214211641,0.9365461847389558,0.9189406693872382,0.9164783936819547,0.9175421526232311
1108,0.003140542030949762,0.011364319486548499,,False,0.9790139572246209,0.9764733804095059,0.9677714855651955,0.9718209116646729,0.9365461847389558,0.9189401010002999,0.9164783936819547,0.9175503663907212
1109,0.0031388657080852252,0.011365603735915926,,False,0.9790139572246209,0.9764733804095059,0.9677714855651955,0.9718209116646729,0.9365461847389558,0.9189406693872382,0.9164783936819547,0.9175421526232311
1110,0.00313727458654986,0.011363665186833372,,False,0.9790139572246209,0.9764733804095059,0.9677714855651955,0.9718209116646729,0.9365461847389558,0.9189406693872382,0.9164783936819547,0.9175421526232311
1111,0.0031355690180592563,0.01136827018078724,,False,0.9790139572246209,0.9764715478281727,0.9677714855651955,0.9718197781905972,0.9365461847389558,0.9189406693872382,0.9164783936819547,0.9175421526232311
1112,0.0031339091193137215,0.011363849494334369,,False,0.9790139572246209,0.9764715478281727,0.9677714855651955,0.9718197781905972,0.9365461847389558,0.9189406693872382,0.9164783936819547,0.9175421526232311
1113,0.0031322339704031865,0.01136226337364728,,False,0.9790139572246209,0.9764715478281727,0.9677714855651955,0.9718197781905972,0.9365461847389558,0.9189406693872382,0.9164783936819547,0.9175421526232311
1114,0.0031307212676071317,0.011368556033740996,,False,0.9790139572246209,0.9764733804095059,0.9677714855651955,0.9718209116646729,0.9365461847389558,0.9189401010002999,0.9164783936819547,0.9175503663907212
1115,0.003128903283112761,0.011362723575183647,,False,0.9791143689125414,0.9765652671031995,0.9678647778499236,0.9719144091461488,0.9365461847389558,0.9189406693872382,0.9164783936819547,0.9175421526232311
1116,0.0031273268662232252,0.011368749474228767,,False,0.9790139572246209,0.9764733804095059,0.9677714855651955,0.9718209116646729,0.9365461847389558,0.9189401010002999,0.9164783936819547,0.9175503663907212
1117,0.0031256832129551737,0.011366352143333397,,False,0.9791143689125414,0.9765634345218661,0.9678647778499236,0.9719132756720731,0.9365461847389558,0.9189406693872382,0.9164783936819547,0.9175421526232311
1118,0.0031240547563989012,0.011367409709192684,,False,0.9792147806004619,0.9766572992890301,0.9679580701346518,0.9720079045397036,0.9365461847389558,0.9189406693872382,0.9164783936819547,0.9175421526232311
1119,0.0031224821425040214,0.011368772181366055,,False,0.9792147806004619,0.9766572992890301,0.9679580701346518,0.9720079045397036,0.9365461847389558,0.9189401010002999,0.9164783936819547,0.9175503663907212
1120,0.0031209593428060045,0.011373877706163913,,False,0.9791143689125414,0.9765652671031995,0.9678647778499236,0.9719144091461488,0.9365461847389558,0.9189401010002999,0.9164783936819547,0.9175503663907212
1121,0.003119240817123745,0.011368368115365707,,False,0.9790139572246209,0.9764733804095059,0.9677714855651955,0.9718209116646729,0.9365461847389558,0.9189406693872382,0.9164783936819547,0.9175421526232311
1122,0.003117747894488359,0.011372714359327483,,False,0.9790139572246209,0.9764733804095059,0.9677714855651955,0.9718209116646729,0.9365461847389558,0.9189401010002999,0.9164783936819547,0.9175503663907212
1123,0.003116041340776121,0.011370096482434994,,False,0.9790139572246209,0.9764733804095059,0.9677714855651955,0.9718209116646729,0.9365461847389558,0.9189401010002999,0.9164783936819547,0.9175503663907212
1124,0.003114523233095072,0.011370091494763309,,False,0.9792147806004619,0.9766572992890301,0.9679580701346518,0.9720079045397036,0.9365461847389558,0.9189406693872382,0.9164783936819547,0.9175421526232311
1125,0.003112825118470947,0.011369440109827812,,False,0.9792147806004619,0.9766572992890301,0.9679580701346518,0.9720079045397036,0.9365461847389558,0.9189406693872382,0.9164783936819547,0.9175421526232311
1126,0.0031112142547918393,0.01136355291294494,,False,0.9792147806004619,0.9766572992890301,0.9679580701346518,0.9720079045397036,0.9365461847389558,0.9189401010002999,0.9164783936819547,0.9175503663907212
1127,0.0031097140857869517,0.011369826400536883,,False,0.9793151922883824,0.976747789542649,0.9680519139784958,0.9720990678305689,0.9365461847389558,0.9189401010002999,0.9164783936819547,0.9175503663907212
1128,0.003108094349453341,0.011362390280019377,,False,0.9792147806004619,0.9766541439945708,0.9679586216937675,0.9720043577506546,0.9365461847389558,0.9189401010002999,0.9164783936819547,0.9175503663907212
1129,0.0031068041202844026,0.011356386334547573,,False,0.9793151922883824,0.9767460284742686,0.9680519139784958,0.972097854903489,0.9365461847389558,0.9189365757714059,0.9164783936819547,0.9175499273846126
1130,0.0031049611726449507,0.011362814809793186,,False,0.9793151922883824,0.9767459569613156,0.9680519139784958,0.9720979343564934,0.9365461847389558,0.9189401010002999,0.9164783936819547,0.9175503663907212
1131,0.003103295134054332,0.011367610134791758,,False,0.9793151922883824,0.976747789542649,0.9680519139784958,0.9720990678305689,0.9365461847389558,0.9189401010002999,0.9164783936819547,0.9175503663907212
1132,0.0031019353154688803,0.01135392330456632,,False,0.9793151922883824,0.9767460284742686,0.9680519139784958,0.972097854903489,0.9365461847389558,0.9189401010002999,0.9164783936819547,0.9175503663907212
1133,0.0031001369017696285,0.01136704733219641,,False,0.9793151922883824,0.976747789542649,0.9680519139784958,0.9720990678305689,0.9365461847389558,0.9189401010002999,0.9164783936819547,0.9175503663907212
1134,0.0030986013822702904,0.011364189816697609,,False,0.9793151922883824,0.9767460284742686,0.9680519139784958,0.972097854903489,0.9365461847389558,0.9189734573647829,0.9164783936819547,0.9175634700706872
1135,0.00309707267755894,0.011362445773072476,,False,0.9793151922883824,0.9767459569613156,0.9680519139784958,0.9720979343564934,0.9365461847389558,0.9189734573647829,0.9164783936819547,0.9175634700706872
1136,0.00309557751235404,0.011362507390369347,,False,0.9793151922883824,0.9767459569613156,0.9680519139784958,0.9720979343564934,0.9365461847389558,0.9189734573647829,0.9164783936819547,0.9175634700706872
1137,0.003094089329486168,0.011371281520032177,,False,0.9793151922883824,0.976747789542649,0.9680519139784958,0.9720990678305689,0.9365461847389558,0.9189734573647829,0.9164783936819547,0.9175634700706872
1138,0.0030924731148382805,0.011366149848444824,,False,0.9793151922883824,0.976747789542649,0.9680519139784958,0.9720990678305689,0.9365461847389558,0.9189734573647829,0.9164783936819547,0.9175634700706872
1139,0.003091194160084005,0.011368150670768039,,False,0.9793151922883824,0.976747789542649,0.9680519139784958,0.9720990678305689,0.9365461847389558,0.9189734573647829,0.9164783936819547,0.9175634700706872
1140,0.003089446641185295,0.011365028496634386,,False,0.9793151922883824,0.9767459569613156,0.9680519139784958,0.9720979343564934,0.9365461847389558,0.9189734573647829,0.9164783936819547,0.9175634700706872
1141,0.0030879937223193864,0.011355391973952291,,False,0.9794156039763029,0.9768302551330069,0.9681452846601017,0.9721872177303745,0.9365461847389558,0.9189734573647829,0.9164783936819547,0.9175634700706872
1142,0.0030863532280757684,0.01135888421572362,,False,0.9794156039763029,0.976830262395196,0.9681452846601017,0.9721873363476232,0.9365461847389558,0.9189734573647829,0.9164783936819547,0.9175634700706872
1143,0.0030848434289242332,0.011364961251889252,,False,0.9794156039763029,0.9768312686177238,0.9681452846601017,0.9721876259211198,0.9365461847389558,0.9189734573647829,0.9164783936819547,0.9175634700706872
1144,0.003083608749587536,0.011375565909100643,,False,0.9793151922883824,0.976745801286287,0.9680519139784958,0.9720978148742098,0.9365461847389558,0.9189734573647829,0.9164783936819547,0.9175634700706872
1145,0.0030818398110013354,0.01136666555703317,,False,0.9794156039763029,0.9768312686177238,0.9681452846601017,0.9721876259211198,0.9365461847389558,0.9189734573647829,0.9164783936819547,0.9175634700706872
1146,0.003080409306314549,0.011372961564613931,,False,0.9794156039763029,0.976829329647816,0.9681452846601017,0.9721869441702974,0.9365461847389558,0.9189734573647829,0.9164783936819547,0.9175634700706872
1147,0.003078710687956953,0.011365956608085615,,False,0.9794156039763029,0.9768295112600567,0.9681452846601017,0.9721864915888064,0.9365461847389558,0.9189734573647829,0.9164783936819547,0.9175634700706872
1148,0.0030772141774467535,0.011362126945895227,,False,0.9794156039763029,0.9768295112600567,0.9681452846601017,0.9721864915888064,0.9365461847389558,0.9189734573647829,0.9164783936819547,0.9175634700706872
1149,0.003075746440693266,0.011360240083343461,,False,0.9794156039763029,0.9768295112600567,0.9681452846601017,0.9721864915888064,0.9365461847389558,0.9189734573647829,0.9164783936819547,0.9175634700706872
1150,0.003074272952125911,0.011367382465284353,,False,0.9794156039763029,0.9768295112600567,0.9681452846601017,0.9721864915888064,0.9365461847389558,0.9189734573647829,0.9164783936819547,0.9175634700706872
1151,0.003072844359488919,0.011366701735691142,,False,0.9794156039763029,0.9768295112600567,0.9681452846601017,0.9721864915888064,0.9365461847389558,0.9189583742413419,0.9164783936819547,0.9175665279639839
1152,0.0030713555371005056,0.011360375968414172,,False,0.9794156039763029,0.976830262395196,0.9681452846601017,0.9721873363476232,0.9365461847389558,0.9189734573647829,0.9164783936819547,0.9175634700706872
1153,0.0030697488573273603,0.011360337434174517,,False,0.9794156039763029,0.9768295112600567,0.9681452846601017,0.9721864915888064,0.9365461847389558,0.9189734573647829,0.9164783936819547,0.9175634700706872
1154,0.0030682709859076772,0.011361983734135479,,False,0.9794156039763029,0.976830262395196,0.9681452846601017,0.9721873363476232,0.9365461847389558,0.9189734573647829,0.9164783936819547,0.9175634700706872
1155,0.003066789295192738,0.01136435575273157,,False,0.9794156039763029,0.976830262395196,0.9681452846601017,0.9721873363476232,0.9365461847389558,0.9189734573647829,0.9164783936819547,0.9175634700706872
1156,0.0030653938705432512,0.011364587958401114,,False,0.9794156039763029,0.976830262395196,0.9681452846601017,0.9721873363476232,0.9365461847389558,0.9189583742413419,0.9164783936819547,0.9175665279639839
1157,0.0030638461317786686,0.011364539593103714,,False,0.9794156039763029,0.9768281673644927,0.9681452846601017,0.9721866150805778,0.9365461847389558,0.9189583742413419,0.9164783936819547,0.9175665279639839
1158,0.0030623812061986336,0.011363453299772347,,False,0.9795160156642233,0.9769231324462506,0.9682359876079474,0.9722798842474683,0.9365461847389558,0.9189583742413419,0.9164783936819547,0.9175665279639839
1159,0.0030610482638825597,0.011362913496983939,,False,0.9794156039763029,0.976830262395196,0.9681452846601017,0.9721873363476232,0.9365461847389558,0.9189583742413419,0.9164783936819547,0.9175665279639839
1160,0.0030595267742299006,0.011360822215085815,,False,0.9794156039763029,0.976830262395196,0.9681452846601017,0.9721873363476232,0.9365461847389558,0.9189583742413419,0.9164783936819547,0.9175665279639839
1161,0.0030581099467878207,0.011361618479996278,,False,0.9795160156642233,0.9769250411195577,0.9682359876079474,0.9722820020509904,0.9365461847389558,0.9189734573647829,0.9164783936819547,0.9175634700706872
1162,0.003056748218031987,0.011370553894134798,,False,0.9795160156642233,0.9769270246144932,0.9682359876079474,0.9722831740438883,0.9365461847389558,0.9189734573647829,0.9164783936819547,0.9175634700706872
1163,0.003055165158943592,0.011368832191706653,,False,0.9794156039763029,0.9768338168904026,0.9681452846601017,0.9721910392093113,0.9365461847389558,0.9189583742413419,0.9164783936819547,0.9175665279639839
1164,0.003053698167365807,0.011361335447886504,,False,0.9794156039763029,0.9768326546070794,0.9681452846601017,0.9721907101195918,0.9365461847389558,0.9189583742413419,0.9164783936819547,0.9175665279639839
1165,0.0030521704664623673,0.011361980013639115,,False,0.9796164273521438,0.9770215489402836,0.9683293582895534,0.9723775499646428,0.9365461847389558,0.9189583742413419,0.9164783936819547,0.9175665279639839
1166,0.0030508745860058605,0.011371038399729258,,False,0.9795160156642233,0.9769270246144932,0.9682359876079474,0.9722831740438883,0.9365461847389558,0.9189583742413419,0.9164783936819547,0.9175665279639839
1167,0.003049317519129452,0.011368655662973888,,False,0.9795160156642233,0.9769270246144932,0.9682359876079474,0.9722831740438883,0.9365461847389558,0.9189583742413419,0.9164783936819547,0.9175665279639839
1168,0.003047879287269051,0.011367237282274326,,False,0.9795160156642233,0.9769276196888375,0.9682359876079474,0.9722839792864824,0.9365461847389558,0.9189583742413419,0.9164783936819547,0.9175665279639839
1169,0.003046459728989299,0.011367714266337772,,False,0.9795160156642233,0.9769276196888375,0.9682359876079474,0.9722839792864824,0.9365461847389558,0.9189583742413419,0.9164783936819547,0.9175665279639839
1170,0.003045047123292961,0.01136327212052769,,False,0.9795160156642233,0.976925227476954,0.9682359876079474,0.9722806055145138,0.9365461847389558,0.9189583742413419,0.9164783936819547,0.9175665279639839
1171,0.003043638594181773,0.011361564974960044,,False,0.9796164273521438,0.9770234570793497,0.9683293582895534,0.9723787227827692,0.9365461847389558,0.9189583742413419,0.9164783936819547,0.9175665279639839
1172,0.0030421334413155377,0.011359294684490236,,False,0.9796164273521438,0.9770234570793497,0.9683293582895534,0.9723787227827692,0.9365461847389558,0.9189583742413419,0.9164783936819547,0.9175665279639839
1173,0.003040727936389756,0.01136244287956739,,False,0.9796164273521438,0.9770215053905249,0.9683293582895534,0.9723780385606552,0.9365461847389558,0.9189583742413419,0.9164783936819547,0.9175665279639839
1174,0.003039397472479382,0.011356693795592674,,False,0.9796164273521438,0.9770215489402836,0.9683293582895534,0.9723775499646428,0.9365461847389558,0.9189583742413419,0.9164783936819547,0.9175665279639839
1175,0.0030379684102120304,0.011358479803648914,,False,0.9796164273521438,0.977021217912311,0.9683293582895534,0.9723766769498763,0.9365461847389558,0.9189583742413419,0.9164783936819547,0.9175665279639839
1176,0.0030366263977357096,0.011365873956920939,,False,0.9795160156642233,0.976925230434263,0.9682359876079474,0.9722818951236376,0.9365461847389558,0.9189583742413419,0.9164783936819547,0.9175665279639839
1177,0.003035239119585179,0.011368267580026617,,False,0.9795160156642233,0.9769270246144932,0.9682359876079474,0.9722831740438883,0.9365461847389558,0.918952363231117,0.9164783936819547,0.9175654956662709
1178,0.0030336979559144536,0.01137076540376208,,False,0.9795160156642233,0.9769270246144932,0.9682359876079474,0.9722831740438883,0.9365461847389558,0.9189583742413419,0.9164783936819547,0.9175665279639839
1179,0.0030322194221077134,0.011366041231356528,,False,0.9795160156642233,0.9769270246144932,0.9682359876079474,0.9722831740438883,0.9365461847389558,0.9189583742413419,0.9164783936819547,0.9175665279639839
1180,0.0030309220974892074,0.011362174579486243,,False,0.9796164273521438,0.9770234570793497,0.9683293582895534,0.9723787227827692,0.9365461847389558,0.9189583742413419,0.9164783936819547,0.9175665279639839
1181,0.003029406040362101,0.011369284403018192,,False,0.9795160156642233,0.9769276196888375,0.9682359876079474,0.9722839792864824,0.9365461847389558,0.9189583742413419,0.9164783936819547,0.9175665279639839
1182,0.0030281066501633568,0.011375106332151254,,False,0.9795160156642233,0.9769270541215285,0.9682359876079474,0.9722826421522812,0.9365461847389558,0.9189583742413419,0.9164783936819547,0.9175665279639839
1183,0.003026679153791708,0.011362257011260162,,False,0.9796164273521438,0.9770215053905249,0.9683293582895534,0.9723780385606552,0.9365461847389558,0.918952363231117,0.9164783936819547,0.9175654956662709
1184,0.0030251441534304333,0.011363167583074447,,False,0.9796164273521438,0.9770215053905249,0.9683293582895534,0.9723780385606552,0.9365461847389558,0.9189583742413419,0.9164783936819547,0.9175665279639839
1185,0.0030237833368208177,0.011362803243333061,,False,0.9796164273521438,0.9770195972514588,0.9683293582895534,0.9723768657425287,0.9365461847389558,0.918952363231117,0.9164783936819547,0.9175654956662709
1186,0.003022346305046929,0.01137135914587965,,False,0.9795160156642233,0.9769270246144932,0.9682359876079474,0.9722831740438883,0.9365461847389558,0.9189583742413419,0.9164783936819547,0.9175665279639839
1187,0.003020999892726959,0.01137344363809746,,False,0.9795160156642233,0.9769270246144932,0.9682359876079474,0.9722831740438883,0.9365461847389558,0.9189583742413419,0.9164783936819547,0.9175665279639839
1188,0.0030196845697722597,0.011369530703416697,,False,0.9796164273521438,0.9770207542553856,0.9683293582895534,0.9723771938018386,0.9365461847389558,0.918952363231117,0.9164783936819547,0.9175654956662709
1189,0.00301824678155518,0.011371460384788807,,False,0.9796164273521438,0.9770207542553856,0.9683293582895534,0.9723771938018386,0.9365461847389558,0.9189583742413419,0.9164783936819547,0.9175665279639839
1190,0.0030167559514349914,0.011365543952387137,,False,0.9796164273521438,0.9770215053905249,0.9683293582895534,0.9723780385606552,0.9365461847389558,0.918952363231117,0.9164783936819547,0.9175654956662709
1191,0.003015375551934933,0.011360844963968317,,False,0.9796164273521438,0.9770207542553856,0.9683293582895534,0.9723771938018386,0.9365461847389558,0.918952363231117,0.9164783936819547,0.9175654956662709
1192,0.003013983035697628,0.011362579556657272,,False,0.9796164273521438,0.9770207542553856,0.9683293582895534,0.9723771938018386,0.9365461847389558,0.918952363231117,0.9164783936819547,0.9175654956662709
1193,0.0030125792674454217,0.011367665213129327,,False,0.9796164273521438,0.9770207542553856,0.9683293582895534,0.9723771938018386,0.9365461847389558,0.918952363231117,0.9164783936819547,0.9175654956662709
1194,0.003011207969660454,0.01136746284258108,,False,0.9796164273521438,0.9770215053905249,0.9683293582895534,0.9723780385606552,0.9365461847389558,0.918952363231117,0.9164783936819547,0.9175654956662709
1195,0.0030098303814605114,0.011369263521566229,,False,0.9796164273521438,0.9770215053905249,0.9683293582895534,0.9723780385606552,0.9365461847389558,0.918952363231117,0.9164783936819547,0.9175654956662709
1196,0.0030084383406819904,0.011366034827636963,,False,0.9797168390400642,0.9771137431524861,0.9684227289711593,0.9724714514846203,0.9365461847389558,0.918952363231117,0.9164783936819547,0.9175654956662709
1197,0.003007045101832992,0.011372060029503485,,False,0.9797168390400642,0.9771133098340314,0.9684227289711593,0.9724708422130208,0.9365461847389558,0.9189583742413419,0.9164783936819547,0.9175665279639839
1198,0.0030056956248121825,0.011367147484684696,,False,0.9797168390400642,0.9771137431524861,0.9684227289711593,0.9724714514846203,0.936144578313253,0.9185880397204156,0.9161055376044006,0.9171931629492379
1199,0.003004288792483437,0.011360058779209333,,False,0.9797168390400642,0.9771137431524861,0.9684227289711593,0.9724714514846203,0.9365461847389558,0.918952363231117,0.9164783936819547,0.9175654956662709
1200,0.003002873056003666,0.011365611628824233,,False,0.9797168390400642,0.9771137431524861,0.9684227289711593,0.9724714514846203,0.9365461847389558,0.918952363231117,0.9164783936819547,0.9175654956662709
