epoch,mse,validation_mse,accuracy,converged,training_accuracy,training_macro_precision_present,training_macro_recall_present,training_macro_f1_present,validation_accuracy,validation_macro_precision_present,validation_macro_recall_present,validation_macro_f1_present
0,0.27752728370681806,0.28004008093202476,,False,0.11015162164875991,0.0919962531650494,0.11625109845496838,0.08575409873142074,0.10441767068273092,0.09712462635848775,0.10716887157611227,0.08373246294608572
1,0.09557493003235562,0.09555911962424218,,False,0.22411888743849784,0.16453636789240886,0.20483704988248105,0.16582932382663548,0.22289156626506024,0.16672858114004746,0.19951109404249012,0.16272862582693057
2,0.08666843479349107,0.08662857080611618,,False,0.3112762325534692,0.20175371455708013,0.27489637558496466,0.18961175710270836,0.3152610441767068,0.2219846899143221,0.27735158956301814,0.1934623614236571
3,0.08004648226849388,0.08002854261161889,,False,0.3512400843458178,0.23781996496186744,0.3107532069482787,0.216140128296933,0.357429718875502,0.25959641864740496,0.3154194232415214,0.22094731559109043
4,0.07564802831820193,0.07552428791256509,,False,0.3825685309770057,0.2720976182200699,0.3391597956241893,0.2507051548344186,0.3927710843373494,0.2873390745263956,0.34779133519877914,0.2575485655955243
5,0.07215960005687723,0.07193460426710539,,False,0.4223315593935134,0.30311636320001034,0.3749331260730582,0.29531966975967183,0.43092369477911646,0.3265696772657977,0.38301704884827775,0.30110783529494856
6,0.06851135059491056,0.06813799630471803,,False,0.48187569033035443,0.3741063725180164,0.428273984249993,0.3556202122510241,0.485140562248996,0.39292982851297004,0.43261012559568,0.35911050068256306
7,0.06409711392037841,0.06379112480709977,,False,0.5301737122201025,0.42687152358276115,0.4725506883714877,0.4018947110991325,0.5381526104417671,0.44427225052270863,0.4795947570958268,0.4077449848250583
8,0.06017770737834132,0.0600056262948657,,False,0.5617029822271312,0.4628636333142604,0.5015462653649119,0.4339681134676164,0.5698795180722892,0.47966847027035925,0.5088205326765238,0.43915337640035723
9,0.05689840889619311,0.0568688854652556,,False,0.5908223717240687,0.4962939330993142,0.5283135592639465,0.4623814412116272,0.5895582329317269,0.4953345776546468,0.52692316487751,0.45853911949458515
10,0.054195177427350444,0.05431391089653735,,False,0.611005120996084,0.517538517814651,0.546960554143282,0.4824548803295507,0.6056224899598394,0.5243791006676918,0.5417124494831468,0.4773254324953957
11,0.051874772037907316,0.052159459931536256,,False,0.6329952806506678,0.5418852877850223,0.5675159840556205,0.5082724096028904,0.6285140562248996,0.5517011092987102,0.5631050807575292,0.5055657727052444
12,0.04972957761514609,0.050102158824451105,,False,0.6518726779797168,0.5640473602946988,0.5850550990596738,0.5355952452350067,0.6506024096385542,0.5712891455156089,0.5835876459372834,0.534858775643317
13,0.04716460726691705,0.04762976404897699,,False,0.6827994778592228,0.5964013487906297,0.6140499899193299,0.5837968270572582,0.6799196787148595,0.5945182382648029,0.6110696661979166,0.5792959004119598
14,0.04355862702093309,0.043986334733912,,False,0.7254744452254243,0.6384033504963708,0.6541394933949697,0.6346625439072285,0.7220883534136546,0.634779914197338,0.6506645418561783,0.6288978626063462
15,0.040250431205960016,0.0406731986256772,,False,0.7498744853900994,0.6745644948423782,0.6774922126802343,0.6624427418090597,0.7437751004016064,0.6537572050301796,0.6711170753072437,0.6546328116733626
16,0.037808610257998344,0.038277358444901446,,False,0.7656391203936138,0.6740252424889628,0.6918517168394842,0.6789578157451333,0.7594377510040161,0.6676678440638995,0.6857387047705491,0.6721063018375281
17,0.03584282462567119,0.03632872719816177,,False,0.7769856411286273,0.6862981871250798,0.7024984265903848,0.6911640780800945,0.772289156626506,0.6821912555610037,0.6979087412948527,0.6864885904829828
18,0.034157579454888044,0.03460949850324663,,False,0.7920473943166985,0.6996814805429772,0.7167358311220875,0.7068302455736813,0.7887550200803213,0.6969093646275446,0.7133983622526787,0.7034793656992773
19,0.03270224990533195,0.03319602249692608,,False,0.8011848579174616,0.7092525113649589,0.725164248379451,0.7154282578981205,0.8,0.7086403765753473,0.7238234794050412,0.7141402308960146
20,0.03145802109781872,0.03194389505612322,,False,0.811025203333668,0.7186008000155605,0.7344254951113655,0.725403488113468,0.8052208835341366,0.713736602608272,0.728812915192708,0.7197113164476973
21,0.030333084573411526,0.030815529562012892,,False,0.8221709006928406,0.728056228466511,0.7448216889203628,0.7359496582397864,0.8120481927710843,0.8091732207404102,0.7351509432698746,0.7261293742713562
22,0.029388749077282044,0.029880336193377332,,False,0.8281956019680691,0.7335151337340233,0.7504520007333181,0.7415209015521804,0.8176706827309237,0.814399602218715,0.74032391025911,0.7311864149120852
23,0.028629961197006695,0.02919164518080458,,False,0.8335174214278542,0.7393575761467676,0.7553033931513063,0.746336561499425,0.8244979919678714,0.8229322535203152,0.7466721971448588,0.7373616858974129
24,0.02779251280365102,0.028316167733452125,,False,0.8408474746460488,0.7454582919815055,0.762240817010228,0.7534425174400738,0.8321285140562249,0.8300931022653681,0.7538720574195836,0.7451925935597085
25,0.02711732442341963,0.027670150193185722,,False,0.8447635304749472,0.7489318843531771,0.765905948715275,0.7571687902081318,0.8393574297188755,0.8377922281244197,0.7605908946675161,0.752030188176097
26,0.026478433858410772,0.02705825569931166,,False,0.8491816447434481,0.7529693057956173,0.7699989987950766,0.7612048346029636,0.8441767068273093,0.8423462836326497,0.7652147929007458,0.7564184237682735
27,0.025917795068325044,0.026579010642173002,,False,0.851491113565619,0.7553098372340987,0.7721406486917568,0.7633135671923712,0.8441767068273093,0.8425921892876083,0.7652113081447429,0.7562572456427128
28,0.025367824604133813,0.026062588776702787,,False,0.8550055226428356,0.7584250269329068,0.7754171693095597,0.7665896071504092,0.8481927710843373,0.8465823761242954,0.7689327901725695,0.7600738084257667
29,0.02488139525083832,0.02560764727895021,,False,0.857415403152927,0.7608253592244609,0.7776330759754215,0.7689053789503817,0.851004016064257,0.8497257580833777,0.7715343255495867,0.7628660685453048
30,0.024475264601310394,0.025263795899131195,,False,0.8600261070388593,0.7636235194653174,0.7799833172579538,0.7712677178044319,0.8506024096385543,0.8493951040068256,0.771146604704946,0.762396040403189
31,0.023984248831645953,0.024793239010674605,,False,0.8637413394919169,0.8621482790371342,0.7835147275931758,0.7746377790340675,0.8550200803212852,0.8536272288023575,0.7753110396028835,0.7665972898701157
32,0.023592121726305162,0.024426202297351558,,False,0.8670549251932925,0.8655255584500918,0.7866078509396274,0.777659880008278,0.8558232931726908,0.8543843383220701,0.7760676704926365,0.767357884912745
33,0.02320025692356723,0.024118898774257682,,False,0.8697660407671453,0.868400125040617,0.789065024949116,0.7801552667921414,0.8566265060240964,0.8553636247617454,0.776829137233867,0.7680925233307762
34,0.02283941001316927,0.0238016690939665,,False,0.8715734511497139,0.8702648690940693,0.7907402299201367,0.781802381545795,0.8562248995983935,0.8550149193467766,0.7764499692836906,0.7677388893676145
35,0.022501359044951406,0.023494238734914207,,False,0.8729792147806005,0.8716258744183853,0.7920564890119907,0.7830977233381549,0.857429718875502,0.8560131107940112,0.7775851421283191,0.7688701418584124
36,0.022185190212085457,0.02322129175357056,,False,0.8749874485390099,0.8737860219825404,0.7939149790575791,0.7849971124046915,0.8582329317269076,0.856913059981204,0.7783244397823604,0.7696498530287036
37,0.021886861808758505,0.022948648258107385,,False,0.8776985641128627,0.8766852571974473,0.7964754192874894,0.7874816851957713,0.8622489959839358,0.8614538448613258,0.782170476083769,0.7734962147252191
38,0.021578271438719904,0.022686810459508697,,False,0.8782006225524651,0.8771299022105288,0.7969232699568126,0.7879681681270049,0.8642570281124498,0.8634824459207084,0.7840167674716643,0.7753730765212498
39,0.02130330368865327,0.022465056886938933,,False,0.879003916055829,0.8779123346377886,0.7976411774159962,0.7886960068035636,0.8642570281124498,0.8631454606304572,0.7839622670800279,0.77523262024496
40,0.021031262323524747,0.022239162146386215,,False,0.8800080329350336,0.878930745792367,0.7985814065665935,0.7896089111961716,0.8662650602409638,0.8653706509915589,0.7858462625386073,0.7771618954593356
41,0.020780199619541008,0.022036799907881915,,False,0.8821166783813635,0.8811799235171136,0.8005513968219735,0.7915798884875133,0.8678714859437751,0.8669820982497707,0.7873325183685981,0.7785952402538393
42,0.020540199928355506,0.02182622330986369,,False,0.8829199718847274,0.8819712963026245,0.8013379807011399,0.7922840233888581,0.8722891566265061,0.8715918669293141,0.7914571157109508,0.7826383518731009
43,0.020301120577022803,0.021635555187247853,,False,0.8835224420122503,0.882648051557705,0.8018616057946563,0.7928567924275016,0.8710843373493976,0.870085065626832,0.7902841675844079,0.781431140124778
44,0.020099001057566502,0.021478818134697132,,False,0.8848277939552164,0.8840941436146321,0.8031025636107078,0.7941033183409555,0.8714859437751004,0.8708240694385274,0.7906705422924859,0.781925771076342
45,0.01987816892277217,0.021280914327741082,,False,0.8858319108344211,0.8849931919792642,0.8040066074971928,0.7949285953260096,0.8738955823293173,0.8731686889118713,0.7929203583976694,0.784072047602958
46,0.019653926971691344,0.02106989261960831,,False,0.8864343809619439,0.8856714103915297,0.8045831406982612,0.7955766456099536,0.8759036144578313,0.8750202712641282,0.7947671044539146,0.7859092716011005
47,0.019455220876806345,0.020930298001079622,,False,0.8878401445928306,0.8870543347124134,0.8058665750220869,0.7968744312385438,0.8771084337349397,0.876133154688213,0.7958908173277297,0.7869899432553881
48,0.019258837426487672,0.020770209619725397,,False,0.8885430264082739,0.8875936192858949,0.8065049706988582,0.7974098492230383,0.8799196787148594,0.8792354751068211,0.7985468640915907,0.7896329364908872
49,0.01906792999205277,0.020613413285595655,,False,0.8890450848478763,0.8881653297644931,0.806938457204784,0.797902778286685,0.878714859437751,0.8777080063740035,0.7973821092406399,0.7884390537849174
50,0.018886155181056005,0.020482361953434544,,False,0.8901496134150015,0.7904299279862853,0.8079574035171934,0.7989110515256467,0.8815261044176707,0.8805839349655262,0.7999841047184308,0.7909616281557941
51,0.018710262868847,0.020314252660262145,,False,0.8905512601666834,0.7908665207561534,0.8083761878725837,0.7993111090150342,0.8831325301204819,0.8821655436947073,0.801460073778839,0.7924289803064234
52,0.01853466267793285,0.020189881056747433,,False,0.8910533186062858,0.7913031324902362,0.8087888749616825,0.7997429088844714,0.8831325301204819,0.8822854440040481,0.8014447160920567,0.7924419357354107
53,0.018370408087499665,0.020047316519432014,,False,0.8920574354854905,0.79221647076815,0.8097307735425346,0.8006621175937493,0.8839357429718876,0.883066496447513,0.8021730915943869,0.7931875509554552
54,0.018226876973019304,0.01993469207848666,,False,0.8937644341801386,0.793783050761205,0.8112856640500503,0.8022494976050688,0.8847389558232932,0.883672097101871,0.8029512834453395,0.7939266573220616
55,0.018057417082089307,0.019792811362858966,,False,0.8929611406767748,0.793005026143761,0.8105473855946186,0.8014804415495109,0.8835341365461847,0.8825249830315336,0.8018053004642711,0.7927859704355137
56,0.01791688787554971,0.019668968620065598,,False,0.8935636108042976,0.8490115924485211,0.8115270114168237,0.802948505814896,0.8855421686746988,0.8846848730820862,0.8036619872199547,0.7946003732505971
57,0.01776158771607387,0.019559598368738985,,False,0.8953710211868662,0.8507422457834262,0.8132022280883384,0.8046517890227489,0.885140562248996,0.8843377969774,0.8033273704794918,0.7942974974886408
58,0.017629733657889952,0.01943618384467356,,False,0.8964755497539914,0.8517591575820737,0.8142439741133666,0.8056493646575908,0.8875502008032129,0.8869991420194723,0.8055849540564367,0.796548059391931
59,0.01748498553333201,0.019327756642753498,,False,0.8979817250727985,0.8532440323813573,0.8156129686407855,0.807088591750222,0.8883534136546185,0.8875471294189083,0.8063291961601607,0.7972894222706648
60,0.01737821382988813,0.019252630666460015,,False,0.8989858419520033,0.8542716215828703,0.8165280435425976,0.8080723501689726,0.88714859437751,0.8862324942260943,0.8051793562271928,0.7961697995532584
61,0.017208910168731936,0.019105877111159363,,False,0.8975800783211165,0.8528135878905251,0.8152226033224972,0.8067113651957301,0.8883534136546185,0.887670606819136,0.8063216288798697,0.7972846092516325
62,0.017092703553818343,0.019017748363872544,,False,0.9001907822070488,0.8552714231706032,0.8176643832381831,0.8091567723129458,0.8887550200803213,0.8879237649294826,0.8067129828719102,0.7976802265340877
63,0.016967098316729202,0.018918409193493833,,False,0.9006928406466512,0.8557126107355848,0.8181144950327499,0.8096188906630166,0.8887550200803213,0.8878346787239407,0.8066683290337521,0.7976462235573218
64,0.016853420052368513,0.01885001582279413,,False,0.9002911938949694,0.8736631652567363,0.8181769418753796,0.8100797463919969,0.88714859437751,0.8867669507311979,0.8051547347320037,0.7961174596487415
65,0.016722425475689043,0.018730773886173693,,False,0.9018977809016969,0.875280338129974,0.8196462368055912,0.8116675083644362,0.8899598393574297,0.8891189184313181,0.8078098815451678,0.7987685122257818
66,0.01662517810158175,0.018667754332332948,,False,0.9026006627171402,0.8851380313944518,0.8207104033204422,0.8132559672806939,0.8891566265060241,0.8882451387196673,0.8070360345003922,0.798029467875592
67,0.016489290440646606,0.018551911307937492,,False,0.903604779596345,0.8768502295722256,0.8212161075489602,0.8132125682570633,0.8899598393574297,0.889297975411474,0.8078117629481374,0.7987787085521814
68,0.01638372681827599,0.018459954229490257,,False,0.9038056029721859,0.8862524604820547,0.8218234065752844,0.8143479129689116,0.8911646586345382,0.9025341674397198,0.8106047870501416,0.8037213477095076
69,0.016267510266270945,0.018366741061651943,,False,0.9043076614117883,0.8958828179899179,0.823128892686399,0.8166378503884801,0.8911646586345382,0.9026630595070471,0.8105793512677315,0.803691898182334
70,0.016164856682722654,0.01830061679050755,,False,0.905512601666834,0.8969941965124205,0.8242510914541392,0.8177707661572948,0.8907630522088353,0.9022376841241974,0.8102684856811133,0.8033483406062681
71,0.016063877858459474,0.018207705152855736,,False,0.9063158951701978,0.9024420837474781,0.825833539975592,0.8203287199778959,0.8911646586345382,0.9026511508025005,0.8106304111244721,0.8037097060114523
72,0.015962046818843157,0.018151755675057852,,False,0.9066171302339592,0.894437935477909,0.8265121558037133,0.8215340170730785,0.8907630522088353,0.902297820165634,0.8102511490283354,0.8033474501107798
73,0.01585570227497206,0.018057320919512926,,False,0.907420423737323,0.8950989008239567,0.8272708394460455,0.822246079313047,0.8919678714859438,0.8481117046038303,0.8113327248490907,0.8045154598541873
74,0.015758341089733983,0.01797616367075232,,False,0.9075208354252435,0.8951643578940911,0.8273519805542282,0.8223192779150311,0.8919678714859438,0.8480912549355886,0.8113582547774609,0.8045262074359308
75,0.015663769746397892,0.017921580469493055,,False,0.9082237172406868,0.8957924168918154,0.8279889903444023,0.8229754873928943,0.8911646586345382,0.8473470660667944,0.8106158118302971,0.8037988141186602
76,0.015572094290198658,0.01784202041312636,,False,0.9083241289286073,0.8904171837698944,0.8284929709921816,0.8239646377964251,0.8923694779116466,0.866888578312275,0.8134407718792542,0.8085731426745831
77,0.015477522173954273,0.017762566936373257,,False,0.909529069183653,0.8876295399807028,0.8300274194434283,0.8259559574795332,0.8931726907630522,0.8769194157841003,0.8158220626717617,0.8127796015136362
78,0.015387230013013722,0.017703153110848444,,False,0.9102319509990963,0.8903598994744841,0.8310952256178639,0.8274225199303243,0.8919678714859438,0.8759714697015616,0.8147150510685962,0.8116486714526504
79,0.015292770213812755,0.017627820319907676,,False,0.9103323626870168,0.8853735189884415,0.8311973517464093,0.8275165766790672,0.893574297188755,0.8773172895492882,0.8162275782545961,0.8131418715388055
80,0.015209845648077995,0.01757272639144595,,False,0.9109348328145396,0.8897921515428641,0.8326074011610588,0.8298007882482904,0.8939759036144578,0.8683324987376759,0.814955180468224,0.8100449220071476
81,0.01512167190075789,0.0174968020924432,,False,0.9113364795662215,0.8901212548782058,0.8329471777748473,0.8301508589787961,0.8939759036144578,0.8776251107928098,0.8165690302345384,0.813543825800012
82,0.01503710139233325,0.017443594323952497,,False,0.9115373029420625,0.8919482936743943,0.833547150119352,0.8311264045094702,0.8947791164658635,0.8692962889698982,0.8156612569987821,0.8107387778098791
83,0.014951561656269211,0.017386630740799772,,False,0.9127422431971082,0.8958215193071946,0.8354878496709119,0.8339131973394314,0.8947791164658635,0.8692820946277562,0.8156484449616168,0.8107860889304843
84,0.01488497986455211,0.01732568147902557,,False,0.9116377146299829,0.891013654453746,0.8344948334628499,0.8328345408249455,0.8955823293172691,0.8701963098401966,0.8164524406963354,0.8114641127668757
85,0.014782538086326983,0.01724793600957439,,False,0.913344713324631,0.8939016921576939,0.8364782794694214,0.8352565460050206,0.8951807228915662,0.869513987644091,0.8160424123974388,0.8111152531046019
86,0.014700993983425859,0.017178466707063206,,False,0.9140475951400743,0.8978468952402611,0.8383885013583813,0.8383155534946124,0.8951807228915662,0.8512833544425683,0.816058485160064,0.8111796864356808
87,0.01462371696956164,0.017117793712855944,,False,0.9148508886434381,0.9011478575758489,0.8403941689917743,0.8413807058182198,0.8959839357429719,0.8629741003603373,0.818502404338359,0.8153314381475933
88,0.014548004676041691,0.01706858528919618,,False,0.9147504769555176,0.9003023565381036,0.8398805430604326,0.8405061227740819,0.8967871485943775,0.8528994353235161,0.8175818190654375,0.8126388862871854
89,0.014470326948089694,0.017005955284787034,,False,0.9153529470830405,0.9023472201799253,0.841282263859052,0.8426055048426278,0.8963855421686747,0.8633049346218739,0.818870109804999,0.8156960957290731
90,0.014399864210068369,0.01693352772711591,,False,0.9149513003313585,0.902773544431512,0.8413092590913946,0.8429864215088833,0.9,0.8795483954099612,0.8256278557933002,0.8255710586340106
91,0.014326315956012114,0.016914519037614588,,False,0.9167587107139271,0.9037063120956632,0.8442584097378059,0.8468475516831269,0.8983935742971888,0.8543443882611321,0.8207605231817112,0.8175482823707299
92,0.01425098527827126,0.016859645294645856,,False,0.9166582990260066,0.9035716278759023,0.8441509552103711,0.8467390062001988,0.8967871485943775,0.8529814427985841,0.8192893497726108,0.8161113944887837
93,0.014169799051590621,0.016776937284214588,,False,0.917160357465609,0.904682364891415,0.8450357172241861,0.8479382253182914,0.8991967871485944,0.8825073306113987,0.826531827971771,0.8279254150071693
94,0.014098620753848956,0.01674445489669011,,False,0.9181644743448137,0.9076977194931284,0.8476327728942058,0.8517092921795145,0.8987951807228916,0.8769436061245641,0.8279079898600485,0.8303288767145767
95,0.014026698635516675,0.016670706387632284,,False,0.9179636509689728,0.907567586393331,0.8474495489196845,0.8515306034747075,0.9024096385542169,0.8804378262602258,0.8312788850132314,0.8336980662853514
96,0.013964355301559346,0.01665113487939823,,False,0.9182648860327343,0.9083030080184353,0.8481652814388609,0.852493159843581,0.9008032128514056,0.8789746951122053,0.829797135929542,0.8322021364173589
97,0.013888967006656422,0.01656918858193661,,False,0.918867356160257,0.9104751621782093,0.850409938808499,0.8557934613552544,0.9024096385542169,0.8803826639879602,0.8312910710550954,0.8337091385313856
98,0.013820167837212351,0.016517332473859593,,False,0.9191685912240185,0.9114735768493953,0.8515069584498277,0.8574303730289478,0.9020080321285141,0.8798503413183302,0.8308913354955423,0.8333566026344977
99,0.013751605158370971,0.01646656901501733,,False,0.9195702379757004,0.9079340864493535,0.8535652382466863,0.8601024020677788,0.9032128514056225,0.8840657066195512,0.8337240595991949,0.8372718034631226
100,0.01369211273583138,0.016407851201390464,,False,0.9206747665428255,0.911203798804222,0.8554328922107476,0.8624869427147454,0.9028112449799197,0.8835498762033172,0.8333498539680123,0.8369326398681223
101,0.013623164557096563,0.016359348687128204,,False,0.9203735314790642,0.9102833015520891,0.8542981660134069,0.8609320984596106,0.9020080321285141,0.8798768857096296,0.8308990054042779,0.8333422820266796
102,0.013555611763205338,0.016329529815640346,,False,0.9207751782307461,0.910456389252563,0.856340397013141,0.863710464654915,0.9032128514056225,0.8777409747884213,0.8337106096671784,0.8370475663110324
103,0.013493331745553491,0.0162909708635773,,False,0.9210764132945075,0.9113369518113681,0.8574627328252848,0.8652106672364348,0.9028112449799197,0.8773613398588187,0.8333486842238197,0.8366858330793682
104,0.013430547706922487,0.016250811564359764,,False,0.9212772366703484,0.910935871369368,0.856808811380707,0.8641726423764128,0.9028112449799197,0.8772823243929273,0.8333231542954493,0.8366822736434096
105,0.013366512626356675,0.01619166752746051,,False,0.9214780600461894,0.9114017221525282,0.8574089717459112,0.864972605522274,0.9028112449799197,0.8739244782012818,0.8316465904798714,0.8338805178459826
106,0.01330447516438704,0.016155804479372746,,False,0.9221809418616327,0.9126302024627557,0.85889910823291,0.8668280327287294,0.9024096385542169,0.8735348022853725,0.8312846650365127,0.8335063623145202
107,0.013244492127190702,0.01611947526945035,,False,0.9225825886133145,0.9135473244719111,0.8601099151363165,0.8683943769175831,0.9024096385542169,0.8735348022853725,0.8312846650365127,0.8335063623145202
108,0.013186185800492004,0.01606962704556738,,False,0.9229842353649965,0.9141606255370078,0.8609032670864613,0.8693588640089046,0.9024096385542169,0.8735348022853725,0.8312846650365127,0.8335063623145202
109,0.013126116694054767,0.016001918055159686,,False,0.9237875288683602,0.9143343199545441,0.8629159595311098,0.8717168540551763,0.9028112449799197,0.877241369266897,0.8333410227975686,0.8366652503414268
110,0.013070715267445375,0.015978295295242646,,False,0.9235867054925193,0.9136586852514829,0.8639705039924911,0.8731395137150163,0.9012048192771084,0.8784797598764489,0.8334973038549354,0.8379153399187899
111,0.01301058461486125,0.01594392758166379,,False,0.924791645747565,0.9147744287269304,0.8650891853351239,0.8742261404173248,0.9024096385542169,0.8797164915788208,0.8346516684035161,0.8389983426164845
112,0.012954728056931007,0.0158732115917637,,False,0.9244904106838036,0.9147546302569389,0.8652465138399025,0.8745093934368667,0.9036144578313253,0.8808153251522065,0.8357605614096515,0.8401206594051954
113,0.012897802900772666,0.01585517500317502,,False,0.9248920574354855,0.9151479472788703,0.8656023704804507,0.8748884236022801,0.9028112449799197,0.8800774410546273,0.8350257798887388,0.8393850128462971
114,0.012838655682188392,0.015809192109061964,,False,0.9250928808113265,0.9152870793125039,0.8657802999537066,0.8750631980746701,0.9032128514056225,0.8804206664893551,0.8353986359662929,0.8397527448077865
115,0.012785212940477117,0.015771061007749644,,False,0.9256953509388492,0.9163272607937915,0.8671827677531865,0.8767166351352889,0.9028112449799197,0.8748823665521339,0.8350367105229342,0.8391126998820787
116,0.012729245292269101,0.015730785902117055,,False,0.9260969976905312,0.9162318065414303,0.8688040247411174,0.8785830706054116,0.9028112449799197,0.8748823665521339,0.8350367105229342,0.8391126998820787
117,0.012677156076164936,0.015703312681972732,,False,0.9270007028818155,0.9165887859727646,0.870902354703245,0.8808601700589461,0.9044176706827309,0.8789032456206447,0.8382166666298105,0.843165811219449
118,0.012620329771191546,0.015663932494796258,,False,0.9273019379455769,0.916087348215878,0.8715843132602991,0.8815298503105157,0.9044176706827309,0.8812032512856155,0.8399014237209806,0.8456861153005227
119,0.012567093744264578,0.015618710131888695,,False,0.9279044080730997,0.917078713280221,0.8729868240224419,0.8831115622203,0.9040160642570281,0.8808424460470266,0.839527312235758,0.8453111443554305
120,0.012515202528852657,0.01559180849255062,,False,0.9281052314489406,0.918274046639708,0.873164104213919,0.8834323557421311,0.9048192771084337,0.8815721354278412,0.8402372873866277,0.8460350219663242
121,0.012466102429551004,0.015545322411494264,,False,0.928607289888543,0.9191140634516931,0.8744710609261066,0.884912870630691,0.9048192771084337,0.8815087887198401,0.8402244753494625,0.8460481695573839
122,0.012413171228662992,0.015490122248406684,,False,0.9281052314489406,0.9180354584556716,0.8727559289486406,0.8829105617789339,0.9052208835341365,0.8819255920980308,0.8406292673739695,0.846419627042305
123,0.01236174397439021,0.015466740154434363,,False,0.9292097600160659,0.9190795714256039,0.8758581693137759,0.8863042216079999,0.9052208835341365,0.8819493663797431,0.8406113988718502,0.8464169358453876
124,0.012311321657308515,0.01544915698714652,,False,0.9295109950798273,0.919016112439627,0.8773764765992556,0.8879009998672074,0.9052208835341365,0.8819894230312932,0.8405922749620626,0.8464013010471731
125,0.012261872366070183,0.015400876024051739,,False,0.9295109950798273,0.9190220359413487,0.8773861821982902,0.8879069235082795,0.9060240963855422,0.8826002529984502,0.8447062374093584,0.8515659084234235
126,0.012211622387928674,0.015384458663142366,,False,0.9299126418315092,0.9193616451858472,0.8777507488563993,0.8882673927538158,0.9060240963855422,0.8847068946420076,0.8430239996160095,0.8495807629166834
127,0.012162301482240208,0.015337595051029902,,False,0.9299126418315092,0.92024834734386,0.8777585842063131,0.8884139575677911,0.9068273092369478,0.8814169998714612,0.8437697032886334,0.8499952037892139
128,0.012115106427788364,0.015312919290920452,,False,0.9304147002711115,0.9209301478481903,0.8786315586800334,0.8893593201203218,0.906425702811245,0.8829599087091871,0.8450739428759984,0.8519487898430094
129,0.012069671775287345,0.015278477830304175,,False,0.930515111959032,0.920115995469805,0.878731123720756,0.8893042308704905,0.9080321285140562,0.884375575605582,0.8465959187452591,0.8534479957944722
130,0.012023453251827809,0.015243753452512419,,False,0.9309167587107139,0.9215430738401591,0.8795176458685867,0.8903067173617809,0.9076305220883534,0.8839632930183932,0.8462077398152028,0.8530752944485945
131,0.011974541178049886,0.015213482662998858,,False,0.9315192288382368,0.9213958655719323,0.880482182911209,0.891183653956163,0.9076305220883534,0.8857571234897829,0.8478797874976522,0.8553295630120287
132,0.011926148378428038,0.015181219976498546,,False,0.9314188171503163,0.9216200545076849,0.8812351661894688,0.8920193197445264,0.9076305220883534,0.884017320556884,0.8461950219239976,0.8530624172511866
133,0.011880564260682465,0.01515260023780777,,False,0.9318204639019982,0.9221919952305373,0.8820209056856753,0.8928362292833119,0.908433734939759,0.8880727193283947,0.850316662762513,0.8582704562843797
134,0.01183906441179915,0.015119036649867688,,False,0.9325233457174416,0.9222056660011899,0.8831045795876017,0.8938349236658603,0.9088353413654618,0.8868555708328855,0.8490085194894184,0.8564515012623262
135,0.011788143358004505,0.015082914748277167,,False,0.9325233457174416,0.9228325326252858,0.8826757458073321,0.8934879258153323,0.9088353413654618,0.8884182549565813,0.8506907742477356,0.8586425355738458
136,0.011742839316788966,0.015046408676550221,,False,0.9323225223416005,0.9218105684835177,0.8824885013732384,0.8931700790900143,0.9100401606425703,0.8894646597920873,0.8518131087034034,0.8597574026258273
137,0.01170171802601844,0.015030979681802798,,False,0.9330254041570438,0.9224698684410542,0.8831399015729579,0.8938308351690907,0.9100401606425703,0.8908870544196227,0.8534723358662034,0.8618804555511335
138,0.011656916468407916,0.01500519888010532,,False,0.9328245807812029,0.9216213493491718,0.883374774334067,0.8939461226845792,0.9116465863453815,0.8936364285864609,0.8566586979916622,0.8654202139944461
139,0.011615134844818189,0.014977186575758625,,False,0.9334270509087258,0.9222051218461922,0.8839126902792488,0.8944889145757239,0.9092369477911647,0.8916184676004753,0.8544140290803266,0.8631987666764792
140,0.011570133891405113,0.014948442891541527,,False,0.9335274625966462,0.9227937485527696,0.8852651399410155,0.895935619653527,0.9112449799196787,0.893333044854048,0.8562845865064396,0.8650610052576747
141,0.011526653592116442,0.01489445288769814,,False,0.9337282859724872,0.9237587586421281,0.8854565759195038,0.8962719920889722,0.9120481927710843,0.8939799490336652,0.8570315540692164,0.8657882157959299
142,0.01148489798785979,0.014863762479505062,,False,0.93433075610001,0.9246406574471511,0.886842949873277,0.8977027545826828,0.9112449799196787,0.8932884748635403,0.8562833310987712,0.8650431022878795
143,0.01144318195712346,0.014849943020368118,,False,0.9342303444120895,0.9235966385625998,0.8863328981245381,0.8970210097847675,0.9108433734939759,0.89297981106244,0.855910475021217,0.8646831951043219
144,0.011402278504476875,0.014821124943294305,,False,0.9344311677879306,0.9247557023659341,0.8869374709337046,0.8978014659101,0.9116465863453815,0.8937336395372372,0.8566651040102449,0.8654303998375961
145,0.011361310167780192,0.014793944143130199,,False,0.9349332262275328,0.9251777150438198,0.8873993954659487,0.898260609843672,0.9112449799196787,0.8933170632249671,0.8562642071889833,0.8650329603763602
146,0.011322575400178484,0.014754593045031687,,False,0.9351340496033739,0.9248764241949863,0.8884252197004886,0.8991575512490727,0.9104417670682731,0.8926213879939898,0.855535108128326,0.8643053839204348
147,0.011282099984900587,0.014729659485550228,,False,0.9359373431067376,0.9262085333028636,0.8887467070562761,0.8996295124696192,0.9120481927710843,0.8940126738711385,0.856993838098982,0.8657851587086791
148,0.01123998566313805,0.014692681257877704,,False,0.9356361080429763,0.9254837130074907,0.8893221513090784,0.900070425895071,0.9124497991967871,0.8913322135420026,0.8573998855311575,0.8657052535306136
149,0.011203737184656032,0.014683494522275912,,False,0.936238578170499,0.9263302126777427,0.8907068713533316,0.9014930004650265,0.9120481927710843,0.8880791064497386,0.856993838098982,0.8648758198020325
150,0.01116317600425666,0.014636197673756917,,False,0.9358369314188172,0.9258145856542908,0.8899069382783288,0.9006770713826824,0.9124497991967871,0.8883936633221058,0.8573731001951186,0.8652278577382236
151,0.011123456917385246,0.01462589336388012,,False,0.93643940154634,0.9262076417807135,0.8921520358136679,0.9027670641362247,0.9116465863453815,0.8878002432581251,0.8566651040102449,0.864521271249962
152,0.011083331762411755,0.014603776273086897,,False,0.9366402249221809,0.9271144792453063,0.8923307848718495,0.9031084629614008,0.9124497991967871,0.8885323555027187,0.8573820170290384,0.865255344650021
153,0.011045770682365971,0.014566268853479681,,False,0.9368410482980218,0.9272998702123026,0.8925145903141305,0.9032898234043595,0.9120481927710843,0.8881218179167977,0.8570079055438158,0.8648648357824101
154,0.011006951755760988,0.014544781149537257,,False,0.9367406366101014,0.9271842796847797,0.892418908448939,0.9031963677126466,0.9120481927710843,0.8881218179167977,0.8570079055438158,0.8648648357824101
155,0.01097194752750511,0.014536689355708284,,False,0.9374435184255447,0.9279572214575678,0.8934852644882907,0.9042693573971784,0.9120481927710843,0.8880841554440027,0.8570014995252332,0.8648662904701715
156,0.010934100818475822,0.014509444873429941,,False,0.9372426950497038,0.9270827012871022,0.8933042723703526,0.9039148947228044,0.9120481927710843,0.8881218179167977,0.8570079055438158,0.8648648357824101
157,0.010901464568219213,0.014482864826910352,,False,0.9374435184255447,0.9279959771972356,0.8934886431654946,0.9042543888582598,0.9124497991967871,0.8885441891531377,0.8573501752280455,0.8651900355578679
158,0.010861616149445887,0.014449769504405177,,False,0.9372426950497038,0.9270821767009618,0.893310173190734,0.9039180123815311,0.9124497991967871,0.8884252844080743,0.8573820170290384,0.8652200390246269
159,0.010823299740356885,0.014423839373196336,,False,0.9378451651772266,0.9283523228604769,0.8938555941854189,0.9046268454232926,0.9124497991967871,0.891221973280919,0.8573820170290384,0.8656628207031266
160,0.01078772549860569,0.014400255197617617,,False,0.9379455768651471,0.9284303188207562,0.8939472061726796,0.9047193103601552,0.91285140562249,0.8915224728675109,0.8577548731065924,0.8660186057031379
161,0.010752687659601343,0.014379681681244292,,False,0.9377447534893062,0.9278171703466723,0.8946078974661249,0.9052070968299206,0.91285140562249,0.8928106633468439,0.8594396301977627,0.8680141717815562
162,0.01071899639870469,0.01438122126381135,,False,0.938146400240988,0.9284405191765543,0.8958087336712192,0.9063997872712459,0.91285140562249,0.8928106633468439,0.8594396301977627,0.8680141717815562
163,0.01068232983092085,0.014351433628663816,,False,0.9388492820564314,0.9290889284634873,0.8964517306782711,0.9070430226908369,0.91285140562249,0.8928362416593524,0.8594396301977627,0.8680183501140984
164,0.0106463808319154,0.014315629372916538,,False,0.9388492820564314,0.9292389594588533,0.8968877901176998,0.9074587291273138,0.9132530120481928,0.894355466519554,0.8614972433664869,0.8703357856877794
165,0.010613115911911329,0.014302285813854797,,False,0.9391505171201928,0.9301890737301718,0.8971560349884979,0.907890396202283,0.9136546184738956,0.8947485466217093,0.8618509755342533,0.8706913479322674
166,0.010579792140898072,0.014272260510611173,,False,0.9393513404960337,0.9298227671872168,0.8977688007892376,0.9083270958555933,0.9136546184738956,0.8946660009191805,0.8618700994440409,0.8706973083374052
167,0.010543703543770632,0.014251736093003089,,False,0.9393513404960337,0.929147699724213,0.8977584976001659,0.9081591471083598,0.9136546184738956,0.8919924128288188,0.8618700994440409,0.8702095743508139
168,0.010511756928790878,0.014240579974815213,,False,0.9392509288081132,0.9297314324092029,0.8976597914510397,0.9082190746572538,0.9132530120481928,0.8944135794351443,0.8614781194566992,0.8703247005609313
169,0.0104773513909514,0.014202967408532911,,False,0.9395521638718747,0.9302406568310799,0.898783412795291,0.9092778492053635,0.9140562248995984,0.8923977569269079,0.8622250870194759,0.8705716665394397
170,0.010445359760570108,0.01419590421345609,,False,0.9395521638718747,0.9308164888336297,0.8983695880225425,0.9090721668719072,0.9136546184738956,0.8947229251739428,0.8618522309419219,0.87068827471346
171,0.010410602344915367,0.01416369083494493,,False,0.9395521638718747,0.929095050288255,0.8992138636609242,0.9093739005113883,0.9140562248995984,0.8923654715968302,0.8622250870194759,0.8705650609168896
172,0.010377967286149615,0.014136398613038781,,False,0.9399538106235565,0.9303491952306148,0.9004172298184163,0.9106733762587346,0.9140562248995984,0.8923654715968302,0.8622250870194759,0.8705650609168896
173,0.010349816182385535,0.014118881082107845,,False,0.9405562807510794,0.9321948234390361,0.9009620099608573,0.9115457816892992,0.9140562248995984,0.8950889895885,0.862205963109688,0.8710353192861684
174,0.010315811139584737,0.014101817487461053,,False,0.940255045687318,0.9299697512654345,0.9006956313502003,0.9107821696848816,0.9140562248995984,0.8923520473021695,0.862205963109688,0.8705365070136201
175,0.010280608023786164,0.014087169631599894,,False,0.9403554573752385,0.9300647175908028,0.9007890804286842,0.910879342565259,0.9140562248995984,0.8950398482281265,0.8622250870194759,0.8710426816307005
176,0.010248622169983176,0.014057199038118685,,False,0.9407571041269204,0.9318367259693967,0.9015691530945124,0.9119652087855223,0.9140562248995984,0.8923654715968302,0.8622250870194759,0.8705650609168896
177,0.010218900360381124,0.014032192183736728,,False,0.9408575158148409,0.9312822730728725,0.9016686799200497,0.911903467633588,0.914859437751004,0.895715360894707,0.8629899230843717,0.8718014811183353
178,0.010187302945625622,0.014017068353600113,,False,0.9409579275027613,0.9302909850194153,0.9021892089961834,0.9120539885059034,0.9144578313253012,0.8953724025051282,0.8626004623948512,0.8713913577961298
179,0.010156626077003947,0.014008986528753398,,False,0.9412591625665228,0.9305737857095713,0.9024604842996892,0.9123260730977607,0.9140562248995984,0.8950202203227108,0.8622263509096286,0.8710187446094271
180,0.01012420537568989,0.013978965979428598,,False,0.9412591625665228,0.9305618493243111,0.9024640739364848,0.9123351863686062,0.9156626506024096,0.8937375038300469,0.8637024175330628,0.8720050630427859
181,0.010094873109429855,0.013950900112412117,,False,0.9416608093182046,0.9322965039098688,0.9032425186133202,0.9133975306235457,0.9160642570281124,0.8940923135207594,0.8640931421127359,0.8724016656965694
182,0.010063794076573547,0.013937584224951635,,False,0.9416608093182046,0.9305861352009761,0.9036712118760932,0.9132899935558262,0.9160642570281124,0.8967894757604502,0.8640931421127359,0.8728785279479734
183,0.010033686844594962,0.013915478620059513,,False,0.942162867757807,0.9311880618129441,0.9045657600529924,0.9141373184838084,0.9152610441767068,0.8933772256689286,0.8633652984597471,0.8716790033159463
184,0.010002050710095698,0.013897180417167154,,False,0.9422632794457275,0.9323524886398662,0.9042216890935167,0.9141696388117627,0.9164658634538153,0.8971308453285132,0.8644672535979585,0.8732584019029904
185,0.009972206341500827,0.013888159841596935,,False,0.9423636911336479,0.9319460317524525,0.9047395304933724,0.9144782067290532,0.9168674698795181,0.8974955302875105,0.8648401096755127,0.873627415668994
186,0.009953394217091535,0.013866517780118937,,False,0.9420624560698866,0.9311319946188574,0.9044614763301995,0.9140297817772952,0.9164658634538153,0.8971422042132673,0.8644654663409488,0.8732160142930177
187,0.009914774123328737,0.013835613678454546,,False,0.9427653378853299,0.9317263686452938,0.9051217636197142,0.9146908399870254,0.9160642570281124,0.896793316032072,0.8641122660225238,0.872897154375827
188,0.00988283759806955,0.013824758546251759,,False,0.9428657495732503,0.9324009779806262,0.9052123881706822,0.9149408686536356,0.9176706827309237,0.8993399608347148,0.8672718343294596,0.8762583198073813
189,0.009854917790559714,0.01381219250422627,,False,0.9428657495732503,0.9324322153315447,0.9052147777511456,0.9149453703885145,0.9164658634538153,0.8982333386255016,0.8661507552814602,0.8751348180331908
190,0.00982581885884863,0.013795754768665427,,False,0.9429661612611708,0.9319244488139596,0.9053079907088714,0.9148725839942929,0.9160642570281124,0.8978977823360048,0.8657778992039061,0.8747592715031722
191,0.009808733579552753,0.013780573049675721,,False,0.9431669846370118,0.9327190795640531,0.9054747763843926,0.9151949664261482,0.9180722891566265,0.9016944561814384,0.8710091481244,0.8802416851926242
192,0.009769179934077134,0.013760352375810608,,False,0.9438698664524551,0.9339009744187974,0.9061213834680792,0.9160159993099906,0.9184738955823293,0.897410982526963,0.8679912666460744,0.876477616313662
193,0.009740861897133316,0.013750737443131407,,False,0.9441711015162165,0.934203302530527,0.9063971784817986,0.9162882592396908,0.9172690763052209,0.8989514649005184,0.8668689237079223,0.875852392133164
194,0.009712416104389486,0.013741975760766212,,False,0.9441711015162165,0.9335903933308073,0.9063844757461373,0.9161184048167395,0.9180722891566265,0.899670539931547,0.8676171551608518,0.8765921479882004
195,0.009683952350107342,0.013717299221574582,,False,0.9441711015162165,0.9335995394793561,0.9063979991582095,0.9161259085701025,0.9188755020080321,0.9032339093276553,0.8734146192916492,0.8827301863766939
196,0.009659361721427968,0.013688071511136423,,False,0.9445727482678984,0.9345492712963074,0.9067351613505148,0.916635886676662,0.9188755020080321,0.9032099181651149,0.8683519366817645,0.8778449908838055
197,0.009632802752055969,0.013666788587795213,,False,0.9442715132041369,0.9361374895974648,0.9064730936324497,0.9168693670688557,0.9192771084337349,0.906212749409669,0.8737969325349484,0.8836881314384302
198,0.009603872211942241,0.013658157343895002,,False,0.9446731599558189,0.9347715120826163,0.9072443688011549,0.917100441716539,0.9188755020080321,0.9058922064505833,0.8734190378617517,0.8833244412511402
199,0.009577319652948415,0.013634159205100428,,False,0.9448739833316598,0.9349329718331789,0.907437595540401,0.9172896953321045,0.9192771084337349,0.9061982803499843,0.8738078631691438,0.8836857076577771
200,0.009550386133861563,0.013644282063957052,,False,0.9454764534591826,0.9363187478476406,0.9088188192299668,0.9187438168186716,0.9196787148594378,0.9065362163902834,0.8741628507445787,0.8840303532972219
201,0.009523888261190255,0.013612245573456312,,False,0.9451752183954212,0.934290056095867,0.9085587722698464,0.9179836369788313,0.9196787148594378,0.9065362163902834,0.8741628507445787,0.8840303532972219
202,0.009495808154279072,0.013609113786948745,,False,0.9452756300833417,0.9347243674336556,0.9077992585147554,0.9174923236692852,0.9196787148594378,0.9065362163902834,0.8741628507445787,0.8840303532972219
203,0.00947160713767536,0.013612534231338874,,False,0.9456772768350236,0.9349927680579417,0.9098588861257009,0.9191673626362203,0.9188755020080321,0.8985473141995978,0.8734067809756633,0.8816189769036937
204,0.009446268601787237,0.013598220751465663,,False,0.9461793352746259,0.9352323630764199,0.9115769527870504,0.9205304510315112,0.9188755020080321,0.8985646846823463,0.8734575919183079,0.8816474890227046
205,0.009419749599074592,0.013556708819060766,,False,0.9457776885229441,0.9356107385644887,0.9099475159997485,0.9194092688900556,0.9188755020080321,0.8985646846823463,0.8734575919183079,0.8816474890227046
206,0.009391577280240747,0.013542038110823596,,False,0.9462797469625465,0.9363088070699648,0.9112462797203629,0.9205962433427691,0.9192771084337349,0.9035972827446833,0.8737756442869458,0.8830938138672142
207,0.009366090492085656,0.01352780367033914,,False,0.9460789235867055,0.9351340268628449,0.9114869900971283,0.9204447893504645,0.9192771084337349,0.9012009950836435,0.8737878303288097,0.8825518508464767
208,0.00934188185848687,0.013523156609379762,,False,0.9465809820263079,0.9371441872975055,0.9115129378753455,0.9210264531986773,0.9196787148594378,0.9039343707192047,0.8741306318623806,0.883438480002214
209,0.009316274039369108,0.013494274325830375,,False,0.9460789235867055,0.9357802052876667,0.9097988574764008,0.9193230416832703,0.9192771084337349,0.901199909363192,0.8737738485474517,0.8825273850647846
210,0.009291606453817007,0.013475968418198085,,False,0.9463801586504669,0.9363009252550528,0.9109135466374387,0.9203287369396891,0.9200803212851406,0.9042837446396759,0.874506007237756,0.8838073829745472
211,0.009268221095280674,0.013466856341021186,,False,0.9467818054021488,0.9368980580815557,0.9121084367309563,0.9213929014715055,0.9196787148594378,0.9039814029924731,0.874156161790751,0.8834647760301907
212,0.009243038041387939,0.013460865630427834,,False,0.9468822170900693,0.9374182337202015,0.911780726765088,0.9213081371699818,0.9192771084337349,0.901167362273919,0.8737890942189624,0.882544976370863
213,0.009218353589709837,0.013452785623613687,,False,0.9471834521538307,0.9365576675017514,0.912073211076417,0.9212521692524551,0.9200803212851406,0.9018989833156018,0.8744789304839876,0.8832275382599073
214,0.009193721551765515,0.01343910529472362,,False,0.9475850989055126,0.9381279601606691,0.9124257097126027,0.9219604506662679,0.9196787148594378,0.9015044502484406,0.8741440817943973,0.8828896425058629
215,0.009173204272664165,0.013424974566526207,,False,0.9473842755296716,0.9369010398323093,0.9126753070336012,0.9217944442359242,0.9200803212851406,0.9018885704962304,0.8745245992982025,0.8832606046688394
216,0.009147650221553203,0.01340495415056741,,False,0.947886333969274,0.9374451005527256,0.9135457352712856,0.9225964161311551,0.9196787148594378,0.9015596961030347,0.8741035551086123,0.8828632216281856
217,0.009121364751370436,0.013402171847176748,,False,0.947886333969274,0.9383787497563113,0.9127062949196585,0.9222338044481521,0.9200803212851406,0.9018642369882832,0.8744737883555579,0.8832254790692641
218,0.009100476183414316,0.013376439968150036,,False,0.9479867456571945,0.9369672920235822,0.9136514892518122,0.9225357151040574,0.9204819277108434,0.902249574417608,0.8748478998407805,0.8836018078777036
219,0.009074213124896957,0.01335589312041911,,False,0.948087157345115,0.9386400184376783,0.9133189039266423,0.9227740444188003,0.9200803212851406,0.9018642369882832,0.8744737883555579,0.8832254790692641
220,0.00905251833705689,0.013360920546520955,,False,0.9483883924088764,0.9389217638015163,0.9135898949280785,0.923049761718161,0.9200803212851406,0.9042703728874155,0.8744673823369753,0.8837799946080741
221,0.009028622899960544,0.01333601204930871,,False,0.9482879807209559,0.9378995151729972,0.9143482265374794,0.9233207697283485,0.9208835341365462,0.902578595809542,0.8752284173445857,0.8839515453624543
222,0.009006190333985488,0.01332093486502303,,False,0.9483883924088764,0.9384543993954677,0.9140154943846797,0.9232387189223991,0.9208835341365462,0.9050344489480044,0.8752284173445857,0.8845221721151671
223,0.008982799366372337,0.013302902715125143,,False,0.948087157345115,0.9387535360655224,0.9137327930029794,0.9231204637209055,0.9204819277108434,0.902248357236073,0.8748543058593631,0.8835964412322403
224,0.008960227377579713,0.013297634465682174,,False,0.948087157345115,0.9382019203722195,0.9137354607367397,0.9229626349429564,0.9208835341365462,0.9050104636527954,0.8752284173445857,0.8845051047009693
225,0.00893737552707245,0.013295343087763211,,False,0.9483883924088764,0.9382447666864311,0.9152742267807916,0.9241212243933974,0.9208835341365462,0.9026003055062853,0.8752092934347979,0.8839356210704855
226,0.00891562864836715,0.01327779258931516,,False,0.9483883924088764,0.9388051938130393,0.9152689697101493,0.9242852416917613,0.9208835341365462,0.9050104636527954,0.8752284173445857,0.8845051047009693
227,0.008893417363501058,0.013271641059620552,,False,0.9487900391605583,0.9386182899832595,0.9156449633765775,0.9244955422864811,0.9204819277108434,0.9046273895012357,0.8748478998407805,0.8841340714870051
228,0.008875728752143023,0.013285645908402364,,False,0.9487900391605583,0.9386209322546024,0.9156385884638338,0.9244968467019297,0.9200803212851406,0.9042463875922064,0.8744673823369753,0.8837629271938763
229,0.00884791858089417,0.01324193361866494,,False,0.9487900391605583,0.9397193988825757,0.9156396279090571,0.9248270032034035,0.921285140562249,0.9053969555189124,0.8755834049200205,0.8848746590187614
230,0.008827222473833482,0.013217976658631168,,False,0.9488904508484788,0.9402345076012093,0.9153143365021718,0.9247258574462089,0.921285140562249,0.9053644259974158,0.8756025288298083,0.8848765635493179
231,0.008806951726208226,0.01321166102177097,,False,0.9493925092880812,0.9408146121298668,0.9161886256769171,0.9255513147314508,0.9208835341365462,0.9049940115059704,0.8752220113260031,0.8845186974824829
232,0.008782997158075349,0.0132078642732152,,False,0.9493925092880812,0.9409996381938998,0.9170277869451229,0.9262299627529145,0.921285140562249,0.9053792935436094,0.8755782627915907,0.8848545548365708
233,0.008763574785455131,0.013213652006274728,,False,0.9492920976001606,0.9409263738974687,0.9169279629538953,0.9261416282780142,0.921285140562249,0.9053792935436094,0.8755782627915907,0.8848545548365708
234,0.008740936140035668,0.013196157198560647,,False,0.9493925092880812,0.9410224329059242,0.9170236448190869,0.9262314956358478,0.921285140562249,0.9053792935436094,0.8755782627915907,0.8848545548365708
235,0.008723955671128275,0.013188972721786365,,False,0.9491916859122402,0.9407674114927578,0.9164165900484357,0.9257050020129822,0.9220883534136546,0.9070465279872862,0.8779960056641796,0.8873153908709871
236,0.008705672486530262,0.01316050052114843,,False,0.9495933326639221,0.9409777420374876,0.9163748045847631,0.9257281260253395,0.9216867469879518,0.9066025733320046,0.8776537359799499,0.8869776284949963
237,0.00867836856491454,0.013140793923865421,,False,0.9494929209760016,0.9410222538044271,0.9166992030671322,0.9259771206747113,0.9220883534136546,0.9069937047929597,0.8780163934641201,0.8873308422270538
238,0.008663759813371644,0.013123084357515509,,False,0.9494929209760016,0.9412260160610819,0.9175364488472368,0.9266645478917176,0.9228915662650602,0.9077371958392147,0.8787774284717305,0.8880692549304907
239,0.008637084586340722,0.01311240337649879,,False,0.9498945677276835,0.9415554668237984,0.9179119584551769,0.9270255692647092,0.9220883534136546,0.907004242470054,0.8780163934641201,0.8873222355554069
240,0.008617191143746357,0.013117683799315927,,False,0.9502962144793654,0.9419047674082517,0.9182807175878052,0.9274010625310398,0.9224899598393574,0.9073183536518312,0.8783840989307602,0.8876880352498779
241,0.008595377691177993,0.013104114792202928,,False,0.9500953911035245,0.9416642613098737,0.9176683273496334,0.926870921394955,0.9224899598393574,0.9073403019112205,0.8783905049493428,0.8876974699270537
242,0.008576309780794445,0.013077852711700063,,False,0.9504970378552063,0.9421900239750983,0.9188802330827477,0.9279207354910599,0.9224899598393574,0.9073078159747371,0.8783840989307602,0.8876966419215251
243,0.008559511556877411,0.013071524701097454,,False,0.9506978612310473,0.9424596024011233,0.9194871761530613,0.9284390994910025,0.923293172690763,0.9081547236662395,0.8791324160471654,0.8884311091888806
244,0.008534206317298697,0.013064848772509999,,False,0.9503966261672858,0.9420045632121136,0.9183745913402929,0.9274888912637709,0.9220883534136546,0.9069550010744413,0.8780099874455376,0.887325852222173
245,0.00851712901068324,0.01305116930162707,,False,0.9507982729189678,0.9426482908768461,0.9199985350743776,0.9288578448929664,0.923293172690763,0.9081061061094814,0.8791260100285828,0.8884259365742273
246,0.008497065205636976,0.013028543943010963,,False,0.9504970378552063,0.9420281209486379,0.9180436962787163,0.9272387606871209,0.9236947791164659,0.9084980613973084,0.879506527532388,0.8887979389709364
247,0.008475640895813968,0.013029968153805844,,False,0.9507982729189678,0.9425749444128974,0.919580062776179,0.9285364924657874,0.9224899598393574,0.9080970037652862,0.8800676006142619,0.8893540718271711
248,0.008465044714699187,0.013036757612372428,,False,0.9513003313585702,0.9431834481013295,0.9208862482303142,0.929675211120589,0.9224899598393574,0.9080281483564924,0.8800611945956793,0.8893370734714325
249,0.008438565806151314,0.013002226647678972,,False,0.9513003313585702,0.943268012989486,0.9213058383706139,0.9299943093833993,0.923293172690763,0.9088340707284102,0.8808222296032897,0.8900965466585133
250,0.008417739948030741,0.012993845770759668,,False,0.9510995079827292,0.9428186930290602,0.9198670337922289,0.9288156417266927,0.923293172690763,0.9081061061094814,0.8791260100285828,0.8884259365742273
251,0.008402789920698563,0.012981445030581323,,False,0.9511999196706497,0.9431366498776002,0.9207922033930043,0.929579343428432,0.923293172690763,0.9089637348037152,0.8808146538405143,0.8900960680820504
252,0.008377526010685603,0.012974704451996808,,False,0.9516015664223315,0.9435488456951933,0.9215859995268675,0.9302768362382506,0.923293172690763,0.9088151168474814,0.8808031056935018,0.8900662969727312
253,0.008358425168760772,0.012966049295658486,,False,0.9518023897981726,0.9434481626324485,0.9230285373652605,0.9312581321791562,0.923293172690763,0.9088151168474814,0.8808031056935018,0.8900662969727312
254,0.008339656573668287,0.012953204353948691,,False,0.9523044482377748,0.9448966560290847,0.9230713932172786,0.931757220066925,0.923293172690763,0.9088151168474814,0.8808031056935018,0.8900662969727312
255,0.008322643026460574,0.012936735685689304,,False,0.9522040365498544,0.9439728517296615,0.9242437545818737,0.9322804487654395,0.923293172690763,0.9087979910480861,0.8808222296032897,0.8900854900462087
256,0.008302201868018394,0.01292432283315658,,False,0.9521036248619339,0.9447934108885647,0.9233046315410779,0.9318933206258573,0.923293172690763,0.9088222289673796,0.8808031056935018,0.8900710052024478
257,0.008282913369963323,0.012917632597634196,,False,0.9527060949894568,0.9449480716252592,0.9247062306732339,0.9329233648294131,0.9228915662650602,0.9084002858171725,0.8804603041599309,0.8897044406717991
258,0.008265260444934374,0.012920560417248499,,False,0.9527060949894568,0.944888251267391,0.9242693405912683,0.9325948190276478,0.923293172690763,0.9088151168474814,0.8808031056935018,0.8900662969727312
259,0.008245588474823375,0.012901152741981016,,False,0.9530073300532182,0.9451613170054256,0.9245598833334715,0.9328748618118892,0.923293172690763,0.9088151168474814,0.8808031056935018,0.8900662969727312
260,0.008229226995165753,0.01288685807564219,,False,0.9526056833015363,0.9451699434762801,0.9233396851779029,0.932028054335906,0.923293172690763,0.9087908789281879,0.8808222296032897,0.8900807818164923
261,0.008212569592208742,0.012870746738783986,,False,0.9530073300532182,0.9452558618998465,0.9249793950768933,0.933190911809699,0.9236947791164659,0.9092026078869391,0.8812022152577536,0.8904342717928402
262,0.008192839730007713,0.012868413027110833,,False,0.9534089768049001,0.9456736137269502,0.9257591837401962,0.9338731355461728,0.923293172690763,0.9087908789281879,0.8808222296032897,0.8900807818164923
263,0.008172928603315368,0.012864081187737034,,False,0.9533085651169796,0.9460305187134976,0.9252450456917047,0.9336389009647833,0.923293172690763,0.908774342062943,0.8808152917353659,0.8900609185044784
264,0.00815551989531802,0.012846143365913002,,False,0.9534089768049001,0.9456574721411667,0.9257692620043039,0.933875116471105,0.923293172690763,0.908774342062943,0.8808152917353659,0.8900609185044784
265,0.00813775749293918,0.012851440020794783,,False,0.9534089768049001,0.9461894895513642,0.9257594618934929,0.9340565004772154,0.923293172690763,0.908774342062943,0.8808152917353659,0.8900609185044784
266,0.008119251720939564,0.012839974189229846,,False,0.953810623556582,0.946559277684802,0.9261287231668782,0.9344260019573297,0.923293172690763,0.908774342062943,0.8808152917353659,0.8900609185044784
267,0.008103239052597003,0.012827087250828536,,False,0.9537102118686616,0.9461347860852535,0.9268741581334281,0.9347857904110914,0.9236947791164659,0.9091501999208246,0.8811970731293237,0.8904114587480275
268,0.00808450417215607,0.012816816602677078,,False,0.9537102118686616,0.9463908177996058,0.925618717278297,0.9340146738665722,0.923293172690763,0.908774342062943,0.8808152917353659,0.8900609185044784
269,0.00806606231923654,0.012817328578893894,,False,0.9541118586203434,0.9458875374275473,0.9268347080741164,0.9346710684382248,0.923293172690763,0.908774342062943,0.8808152917353659,0.8900609185044784
270,0.00804967308651812,0.012798200137325829,,False,0.9539110352445025,0.9467470481966009,0.9266420796842684,0.9348339992050767,0.9236947791164659,0.9091501999208246,0.8811970731293237,0.8904114587480275
271,0.008031805155049343,0.012802605749294003,,False,0.9541118586203434,0.9460683506127672,0.927670928202743,0.9353052185544453,0.923293172690763,0.9087622405420956,0.8808165556255186,0.890039253473311
272,0.008016195664132662,0.01277534872852087,,False,0.9544130936841049,0.9465941561527345,0.9266964753290495,0.9348110120628933,0.9240963855421687,0.9094809058671546,0.8815635231882953,0.8907796086467692
273,0.007997277849262557,0.012772561417757324,,False,0.9545135053720253,0.9467741276392019,0.9272033294253824,0.935217585660199,0.9236947791164659,0.9090927986032918,0.8811906671107411,0.8904106993257399
274,0.007983285801382547,0.01276045524645171,,False,0.9545135053720253,0.9457584268176011,0.9272128079490631,0.9348787736874296,0.9236947791164659,0.9090899457503426,0.8812085356128604,0.8904241882080444
275,0.00796384977947217,0.012748979975153764,,False,0.9545135053720253,0.9459463719748046,0.9280446068682325,0.9354990376078585,0.9244979919678715,0.9098895316237459,0.881933110057905,0.8911588284904504
276,0.007953320187098807,0.012771489576849619,,False,0.9547143287478662,0.9460296330648809,0.9278125778374314,0.9353779637560761,0.9244979919678715,0.9098359762344858,0.8819267040393224,0.8911577409454627
277,0.007930014901989264,0.012743358227012502,,False,0.9545135053720253,0.9459283376608756,0.9280433213361251,0.9354921615353524,0.9236947791164659,0.9091528336531111,0.8811784810688772,0.8904155946180042
278,0.007914747599029928,0.012732222332385315,,False,0.9549151521237071,0.946214984628341,0.9279963832797125,0.9355600792316291,0.9244979919678715,0.9098500518509667,0.8819254486316539,0.8911565458615581
279,0.007899654026303467,0.012711278767723095,,False,0.9545135053720253,0.9459404204536255,0.9280470384812344,0.9354991946411751,0.9240963855421687,0.907242272915372,0.8815577431650139,0.8902054018467057
280,0.007880974365414833,0.012720550965296064,,False,0.9549151521237071,0.9463086217782918,0.9284188409101909,0.9358788380073615,0.9240963855421687,0.9094991693921174,0.8815513371464313,0.8907856498637372
281,0.007866841310411718,0.012692123930044619,,False,0.9549151521237071,0.9467289796311178,0.9279948442843039,0.9357390311503233,0.9253012048192771,0.9105557554857023,0.8826724161944307,0.891901096318057
282,0.00784889379479827,0.012701375290649684,,False,0.9550155638116277,0.9469117502751325,0.9285077851636915,0.9361520307285729,0.9253012048192771,0.9105582916041879,0.8826711607867621,0.8919041302285728
283,0.007831098745504571,0.012689480952740955,,False,0.9547143287478662,0.9461412847885453,0.9282294318132188,0.9356925250122285,0.9236947791164659,0.9068318321375956,0.8811772256612087,0.8898338819089326
284,0.007816326797928973,0.01267339240228278,,False,0.9552163871874686,0.9466700450630017,0.9291198478302078,0.9364682535434148,0.9244979919678715,0.9075358015432111,0.8819254486316539,0.890576895788779
285,0.007798850529525318,0.012673983590413957,,False,0.9551159754995482,0.9466672694119773,0.9294403171135033,0.9366829032426378,0.9253012048192771,0.9082434754026989,0.8826724161944307,0.8913219600393556
286,0.007784597628999319,0.012660945202692465,,False,0.95551762225123,0.9470403953282356,0.9298143523291675,0.937058020654044,0.9257028112449799,0.909365987342245,0.8847300293631548,0.8932925876804814
287,0.007768952145448325,0.012653298777252096,,False,0.9552163871874686,0.9467596406716969,0.929537957429459,0.9367793194906926,0.9248995983935743,0.9086647783543044,0.8839805509850411,0.8925526707210977
288,0.007751683282093071,0.01264688520066169,,False,0.95551762225123,0.9471110899203217,0.9302346947151262,0.9373600784625535,0.9257028112449799,0.9093930718371518,0.8847364353817374,0.8932932280444352
289,0.007735742011134898,0.012635087472594494,,False,0.9554172105633095,0.9470285721143057,0.9301406931474019,0.9372716332090495,0.9248995983935743,0.9086647783543044,0.8839805509850411,0.8925526707210977
290,0.0077218086622021075,0.012636167253843618,,False,0.955718445627071,0.947299065550091,0.9304179186896475,0.9375523060563853,0.9261044176706827,0.9097233025048506,0.8851028854407088,0.8936668988700512
291,0.007705252492831823,0.01262652466398977,,False,0.9556180339391506,0.9472852522021208,0.9307449687908781,0.9377594782554275,0.9261044176706827,0.9097233025048506,0.8851028854407088,0.8936668988700512
292,0.007689787957460035,0.012627961270127724,,False,0.9559192690029119,0.947640883470855,0.931446054107773,0.9383402387476301,0.9261044176706827,0.9097233025048506,0.8851028854407088,0.8936668988700512
293,0.00767426001586228,0.012612471570821251,,False,0.9558188573149915,0.9474796333360808,0.9309340213376758,0.9379471948681961,0.9257028112449799,0.9093687477599199,0.8847287739554862,0.8932956846009438
294,0.007659427764693717,0.012602468697208085,,False,0.9558188573149915,0.9475452305169134,0.9313515784476863,0.9382473608926207,0.9257028112449799,0.9072694958272138,0.8847275100653336,0.8927377337998453
295,0.007646187337465274,0.012593305274033444,,False,0.9559192690029119,0.9475413055005001,0.9310261302470452,0.9380330370948664,0.9261044176706827,0.9076257918973627,0.885101621550556,0.8931087609892668
296,0.007628455104634299,0.012580316864815436,,False,0.9559192690029119,0.9476476907807017,0.931456841355333,0.9383495756661824,0.9257028112449799,0.9073041174595282,0.8847153240234698,0.8927482187366012
297,0.0076152721357633495,0.012560309400078736,,False,0.9556180339391506,0.9473618780676887,0.9311756243320344,0.9380671875610618,0.9257028112449799,0.9072956000476395,0.8847339160839162,0.8927384261185733
298,0.007598571146375441,0.012575366354336663,,False,0.9560196806908324,0.9477357899742942,0.9315455958185406,0.9384388978127534,0.9257028112449799,0.9072956000476395,0.8847339160839162,0.8927384261185733
299,0.0075842374138949415,0.012563264058745187,,False,0.9561200923787528,0.9473460106257963,0.931632717074107,0.9383498319513216,0.9257028112449799,0.9072694958272138,0.8847275100653336,0.8927377337998453
300,0.0075711494926048815,0.012547732251820688,,False,0.9560196806908324,0.9472498435012733,0.9315526016174025,0.9382587227361009,0.9257028112449799,0.9072956000476395,0.8847339160839162,0.8927384261185733
301,0.0075540383018306715,0.012559378221500021,,False,0.9563209157545939,0.9475290851545685,0.9318200893234372,0.938533464775415,0.9257028112449799,0.9072694958272138,0.8847275100653336,0.8927377337998453
302,0.0075387666015283294,0.012537082830265826,,False,0.9566221508183552,0.9478021626428714,0.9321126689132826,0.9388210837474558,0.9261044176706827,0.9076586722044588,0.8850894355086923,0.8931194330057086
303,0.007524258322589329,0.01253817273065651,,False,0.9563209157545939,0.9475282494593373,0.9318326352653425,0.9385415036605695,0.9257028112449799,0.9073041174595282,0.8847153240234698,0.8927482187366012
304,0.007510435790615425,0.012521418640127858,,False,0.9567225625062757,0.9478956164565139,0.9321959410813397,0.9389088146066425,0.9257028112449799,0.9073041174595282,0.8847153240234698,0.8927482187366012
305,0.007496619905921541,0.01252850780821664,,False,0.9567225625062757,0.9478813525598989,0.9321905577320523,0.9388969432512193,0.9265060240963855,0.908042526808069,0.885444423084127,0.8934805780564097
306,0.007482175575883917,0.012494579402475468,,False,0.9569233858821167,0.9480681225494989,0.9323919932782263,0.9390987174075838,0.9261044176706827,0.9076257918973627,0.885101621550556,0.8931087609892668
307,0.007467224852972733,0.012498566786996377,,False,0.9572246209458781,0.9484067430366108,0.9330796194866378,0.9396661576445928,0.9261044176706827,0.9076586722044588,0.8850894355086923,0.8931194330057086
308,0.007454797266627927,0.012500909090980726,,False,0.9575258560096396,0.9491708311983579,0.9333555894054197,0.9401289562346439,0.9261044176706827,0.9076586722044588,0.8850894355086923,0.8931194330057086
309,0.00743945054485704,0.01248807230668478,,False,0.9572246209458781,0.9488909891593258,0.9330772360549471,0.9398426158201667,0.9257028112449799,0.9072956000476395,0.8847339160839162,0.8927384261185733
310,0.007433189853419964,0.012489964039026403,,False,0.9570237975700372,0.9487226611040595,0.9328675720829845,0.9396439211410907,0.9265060240963855,0.9080695329388119,0.8854508291027098,0.8934812339235307
311,0.007412389717870627,0.01248654230830522,,False,0.9577266793854805,0.9498264634145782,0.9335274013950355,0.9404779664108166,0.9265060240963855,0.9080337758528069,0.8854456784917955,0.8934834100618241
312,0.007396553498321852,0.012455747957055997,,False,0.957425444321719,0.9495332530033019,0.9332640558150369,0.9401989567807507,0.9265060240963855,0.908042526808069,0.885444423084127,0.8934805780564097
313,0.007381122769293799,0.012452040342203758,,False,0.957425444321719,0.9485878167278923,0.9332634249289187,0.9398459802726524,0.9261044176706827,0.9056915146801353,0.8850824976407685,0.8925515758325324
314,0.007368785428121995,0.012464425334860108,,False,0.9577266793854805,0.9493548514378747,0.933524861169589,0.9402959230766719,0.9265060240963855,0.9080695329388119,0.8854508291027098,0.8934812339235307
315,0.007353760273520392,0.012441071302779981,,False,0.9577266793854805,0.9498123976159092,0.9335451944414574,0.9404798171577043,0.9265060240963855,0.9060468970252745,0.885456609125991,0.8929226387743086
316,0.007339591934500731,0.012434867955098091,,False,0.9578270910734009,0.9499083857952617,0.9336280709140303,0.9405706283518165,0.9261044176706827,0.9057270382227668,0.8850703115989044,0.8925620243176814
317,0.007325748318674159,0.012438544856574679,,False,0.9581283261371624,0.9501817496790481,0.9339098404265691,0.9408466453973747,0.9257028112449799,0.9053378618455218,0.8847083861555459,0.8921803251118181
318,0.007312455640300735,0.012422416912697928,,False,0.9580279144492418,0.9501070730436629,0.9338107385819584,0.9407548323364973,0.9265060240963855,0.9060719401021178,0.8854456784917955,0.8929361070438101
319,0.0072986017525248255,0.012412158192264156,,False,0.9579275027613214,0.9499895598899705,0.9337219156879988,0.9406592086647743,0.9257028112449799,0.9053378618455218,0.8847083861555459,0.8921803251118181
320,0.007285093503607437,0.012414772393868309,,False,0.9578270910734009,0.9494241904883762,0.9336306602509126,0.94039293029779,0.9261044176706827,0.9057270382227668,0.8850703115989044,0.8925620243176814
321,0.007273695870613852,0.012397806455575824,,False,0.9580279144492418,0.9496106235142854,0.9338043423282889,0.9405708009870032,0.9265060240963855,0.906107697188123,0.8854508291027098,0.8929339309055168
322,0.00725868363804621,0.012396016801426308,,False,0.9584295612009238,0.9505343801045707,0.9346058684292403,0.941426605641603,0.9269076305220884,0.9064360734025194,0.8858185345693497,0.8933043379801718
323,0.007246101277437827,0.012374663118908414,,False,0.9583291495130033,0.9509087920436835,0.9345124977476343,0.9415056546988555,0.9273092369477912,0.906814626535907,0.8861965412578178,0.8936668340959852
324,0.007231392681677901,0.012362157193578034,,False,0.9582287378250829,0.9503442031148285,0.934418574576788,0.9412378676774341,0.927710843373494,0.9071268557462105,0.8865719081507089,0.8940332577171733
325,0.007219257089249461,0.01236045039696951,,False,0.9582287378250829,0.9503477101976721,0.9344070780462318,0.9412340769326755,0.9269076305220884,0.9064119477012125,0.8858236851802638,0.8932887430558257
326,0.007207568468370076,0.012349610820248554,,False,0.9584295612009238,0.9505989152178083,0.9350051191488986,0.9417080983906515,0.9269076305220884,0.9064828944323176,0.8858058166781445,0.8932898499833395
327,0.007190088325721187,0.012356307396860743,,False,0.9588312079526057,0.951387731806538,0.9349615972545521,0.9419668615932787,0.9269076305220884,0.9064485237404575,0.8858236851802638,0.8932994263961658
328,0.007179703191742189,0.012359962370793254,,False,0.9587307962646852,0.9508672338857208,0.9352899502304332,0.9419805986922845,0.9265060240963855,0.906127704839204,0.8854329606005904,0.8929154389874984
329,0.00716357420620192,0.01235902082925528,,False,0.9589316196405262,0.950597060245301,0.935487557238083,0.9420057882839722,0.9265060240963855,0.9060805525076367,0.8854431676764586,0.8929168848741441
330,0.007150372369014615,0.012349682830693785,,False,0.9589316196405262,0.9515513333310037,0.935485047228203,0.9423633524075031,0.9261044176706827,0.9057156062242083,0.8850728224142415,0.8925610571685224
331,0.007137981698110763,0.012350232551683169,,False,0.9589316196405262,0.9515336693062333,0.9354695653653669,0.9423423030284526,0.9257028112449799,0.9053793875179189,0.8846795870192312,0.8921740854312143
332,0.007124162141174576,0.012340958984788875,,False,0.9592328547042875,0.9518187393206732,0.9357494422195509,0.9426290019735524,0.9265060240963855,0.9060973614387825,0.8854252991743393,0.8928985550797639
333,0.007111851962233762,0.012315025742029601,,False,0.9593332663922081,0.9518985689109835,0.9358479022817932,0.942718490287542,0.9273092369477912,0.9067838265393959,0.8861786727556987,0.8936258691477175
334,0.007098241332709606,0.012308147121931847,,False,0.9590320313284466,0.9516403188187978,0.935578891072047,0.9424534251218556,0.9261044176706827,0.9057205217973993,0.8850601045230364,0.8925354973300595
335,0.007085184510476037,0.012324140801394629,,False,0.9592328547042875,0.9518099998150373,0.9357655540383809,0.9426330032153513,0.9265060240963855,0.9060973614387825,0.8854252991743393,0.8928985550797639
336,0.007072590894522611,0.012318999120195693,,False,0.9591324430163671,0.9517321404015979,0.9356722617536529,0.9425474140714944,0.9261044176706827,0.9057194021170741,0.8850536985044539,0.8925475764654434
337,0.00705992308473977,0.012299563753456621,,False,0.9596345014559695,0.9517142989523849,0.9361309984288533,0.9428307407451523,0.927710843373494,0.9071124312304172,0.8865451228146699,0.8939987635188403
338,0.007046641659074006,0.012293075177477714,,False,0.9593332663922081,0.9519202819229015,0.9358583731608712,0.9427378601113043,0.9269076305220884,0.9063891175198828,0.8857994106595619,0.8932731464615817
339,0.00703450128141514,0.012301037718081404,,False,0.9596345014559695,0.9521949656537273,0.9361343421495286,0.9430104684633872,0.9265060240963855,0.9060288666037215,0.8854265545820079,0.8928921623701789
340,0.007022893483709204,0.012291005416011065,,False,0.9598353248318104,0.9524495127028442,0.936744913378746,0.9434977357384808,0.9269076305220884,0.9063853239194604,0.8858006660672304,0.8932637772934306
341,0.007010008995701313,0.012289855435259758,,False,0.9596345014559695,0.9522105443009115,0.9361296475342523,0.9430133990808477,0.9257028112449799,0.9053492887634325,0.8846795870192312,0.8921619607916741
342,0.006997259342601292,0.012271277281531877,,False,0.9599357365197309,0.9524703362165714,0.9364148489597065,0.9432912370710714,0.9273092369477912,0.9067437698360615,0.8861722667371159,0.8936279604914618
343,0.006983503271663913,0.012254147877445463,,False,0.9603373832714128,0.9528865330659657,0.9371890821496294,0.9439365207601108,0.9269076305220884,0.906411502574725,0.8857994106595619,0.8932746749919711
344,0.006973933638997684,0.01226156534815334,,False,0.9605382066472538,0.9530865054183614,0.9373915405663114,0.9441396435782975,0.9273092369477912,0.9067475769683634,0.8861735221447844,0.8936452811019888
345,0.0069589894523687966,0.012262467826381332,,False,0.9598353248318104,0.9519591091701515,0.9367272478406379,0.9432987711008864,0.9261044176706827,0.9056741454546733,0.8850524430967853,0.8925203614037799
346,0.006947559974897464,0.012250813329685544,,False,0.9602369715834923,0.9528062085226655,0.9370958682617793,0.9438460605985346,0.9261044176706827,0.9056892103466956,0.8850524430967853,0.8925341430231826
347,0.006934482057460688,0.012220864840588352,,False,0.9603373832714128,0.9533596918606835,0.937195252087306,0.944118160545332,0.9265060240963855,0.9060414804609156,0.8854240352841865,0.8929065799529879
348,0.006921768170824816,0.012243632886374018,,False,0.9603373832714128,0.9529030238675931,0.9372048775999774,0.9439516271519702,0.9261044176706827,0.9056962944367766,0.8850511792066325,0.8925393774809876
349,0.0069089311194967615,0.012224280713359799,,False,0.9605382066472538,0.9535522325419294,0.9373732341759591,0.9443000839280642,0.9261044176706827,0.9056800759268966,0.8850511792066325,0.892525621437777
350,0.006902577494813756,0.012231046139296691,,False,0.9601365598955719,0.9526835443931058,0.9369985369378886,0.943737049570448,0.9265060240963855,0.9061135327154095,0.8854195106685737,0.8929003893241091
351,0.006885380582577815,0.012217828622875654,,False,0.9607390300230947,0.9533062504806052,0.9379730448692215,0.9445903761788017,0.9261044176706827,0.9056685572649058,0.8850499237989639,0.8925205056777189
352,0.006872752178365603,0.012205497184222825,,False,0.9611406767747765,0.95373519374347,0.9387655844494966,0.945252974578439,0.9269076305220884,0.9063949791592368,0.8857968913617407,0.8932614195590598
353,0.006860506753478048,0.012213577951445665,,False,0.9612410884626971,0.9539006401191799,0.9392806315374028,0.9456427137752511,0.9261044176706827,0.9056467795518599,0.8850435177803813,0.8925207946576794
354,0.006848625759256001,0.012186630436791555,,False,0.9611406767747765,0.9542116680941876,0.938772384343167,0.9454374023887581,0.9265060240963855,0.9060414804609156,0.8854240352841865,0.8929065799529879
355,0.0068369571525833455,0.012196346534135717,,False,0.9612410884626971,0.9539750782817765,0.9397058253323937,0.9459364484464111,0.9269076305220884,0.9064296360568576,0.8857859607275452,0.8932823875094059
356,0.006831114464289798,0.012188796089587504,,False,0.9613415001506175,0.9544209591171567,0.9389753952490891,0.9456399148789877,0.9269076305220884,0.9064106493664852,0.8857795547089625,0.8932824283058929
357,0.006814619354858101,0.012192035484357534,,False,0.961441911838538,0.953142092652721,0.9394675788058063,0.9454609881335622,0.9261044176706827,0.903818394703202,0.8850544484145768,0.8919819060719294
358,0.006801442628698575,0.012191334274244268,,False,0.9615423235264585,0.9533192592997675,0.9399802424620218,0.9458465805987966,0.9265060240963855,0.9060252619510357,0.8854240352841865,0.8928928239097773
359,0.0067889500591519665,0.012168824836503219,,False,0.9617431469022995,0.9548510476853151,0.9397403969323399,0.9462837259635855,0.9265060240963855,0.9060855953277294,0.8854131046499911,0.8929151371859084
360,0.006777418739739214,0.012162657130723923,,False,0.9616427352143789,0.9538693347964176,0.9400736131436278,0.9461192847886246,0.9265060240963855,0.9060252619510357,0.8854240352841865,0.8928928239097773
361,0.006765592888370487,0.012170351536849932,,False,0.9617431469022995,0.9539647159371335,0.9401643160914737,0.9462111269857881,0.9257028112449799,0.9034476106860245,0.8846815923370228,0.8916133692074053
362,0.006753508772212336,0.012149198368821518,,False,0.9617431469022995,0.9539647159371335,0.9401643160914737,0.9462111269857881,0.9265060240963855,0.9060338896745262,0.88540544322374,0.8928966604177906
363,0.006743631519305855,0.012134309303526315,,False,0.9616427352143789,0.9538057522146602,0.9396539636188438,0.945832803100064,0.9273092369477912,0.9067755606993875,0.8861774088655459,0.8936333394441625
364,0.006729348151479162,0.012135769472442175,,False,0.9617431469022995,0.9543652578462883,0.9397429862692221,0.9461012672512271,0.9265060240963855,0.9060338896745262,0.88540544322374,0.8928966604177906
365,0.006719531968534499,0.012116277389464533,,False,0.9618435585902199,0.9549440969392448,0.9398445548615059,0.9463857980447634,0.9265060240963855,0.9060511536576819,0.88540544322374,0.892910358257308
366,0.006706769943483334,0.01212815457591382,,False,0.9619439702781404,0.95503080769596,0.939926981501796,0.9464722743303547,0.9265060240963855,0.9060338896745262,0.88540544322374,0.8928966604177906
367,0.006696917676104298,0.012119684174119617,,False,0.9618435585902199,0.9545310443830061,0.9402502460271651,0.9464848517048582,0.927710843373494,0.9080057634253222,0.8882240914000747,0.8955712258934914
368,0.00668587527610636,0.012116250156708289,,False,0.9618435585902199,0.954938194972487,0.93983361082019,0.9463783771935069,0.9269076305220884,0.9072466994859961,0.8874630563924644,0.8948272767562909
369,0.006672069927236923,0.012115225371087002,,False,0.9620443819660609,0.9547803432287115,0.94086210278849,0.9469637463484823,0.9261044176706827,0.9038349243883125,0.8850435177803813,0.8919899025975268
370,0.006661349528811927,0.01210239479973706,,False,0.9620443819660609,0.9547770378841318,0.94086210278849,0.9469613749864002,0.9269076305220884,0.9054263673101262,0.8874630563924644,0.8942689152350434
371,0.006649356520118607,0.012092281180696987,,False,0.9621447936539813,0.9553429938633838,0.9409528057363359,0.9472362087619592,0.9273092369477912,0.9075910473924265,0.887824981835823,0.8951861590705015
372,0.006638494578166611,0.012099600498889232,,False,0.9622452053419018,0.9554330519949636,0.9410461764179419,0.9473285702698908,0.9269076305220884,0.9054263673101262,0.8874630563924644,0.8942689152350434
373,0.006628659200756723,0.012093315115002652,,False,0.9623456170298222,0.9555148096699225,0.9411346956905157,0.9474163651112877,0.9273092369477912,0.9075703107099358,0.887824981835823,0.8951719097726474
374,0.006616891478893428,0.01207929612718933,,False,0.9621447936539813,0.9553429938633838,0.9409528057363359,0.9472362087619592,0.9269076305220884,0.9054263673101262,0.8874630563924644,0.8942689152350434
375,0.006604415519851665,0.012094583201227964,,False,0.9623456170298222,0.9559874992522813,0.9411377100083246,0.9475996428536955,0.9269076305220884,0.9054066698028795,0.8874630563924644,0.894254609019711
376,0.0065948755722327465,0.012080836584539074,,False,0.9624460287177428,0.9560811437175715,0.9412299034633449,0.9476912766643909,0.9273092369477912,0.905785152202055,0.8878435738962696,0.8946266382718088
377,0.006584565443266395,0.012080181833212026,,False,0.9624460287177428,0.9555653302095879,0.9408123402045613,0.9472292812720402,0.927710843373494,0.9079409194272983,0.8881990933210456,0.8955505155379131
378,0.006572061846145939,0.012079903766808984,,False,0.9625464404056632,0.9561817098527082,0.9413195999625044,0.9477876459745601,0.9269076305220884,0.9054066698028795,0.8874630563924644,0.894254609019711
379,0.006560838549680861,0.01207041426747064,,False,0.9627472637815042,0.9563614896450292,0.9415081000200617,0.9479729329147628,0.9269076305220884,0.9054066698028795,0.8874630563924644,0.894254609019711
380,0.0065490948811975395,0.012063412881561117,,False,0.9630484988452656,0.9566439649046529,0.9417880552711237,0.9482589068293359,0.9269076305220884,0.9054066698028795,0.8874630563924644,0.894254609019711
381,0.006538844945562617,0.01206122330041304,,False,0.9630484988452656,0.9566394940623076,0.9417928282832779,0.9482596277565047,0.9273092369477912,0.905777278520242,0.8878371678776869,0.8946332147849767
382,0.006527466849977413,0.012040772963563496,,False,0.9630484988452656,0.9561584637033396,0.9417927498864,0.948073245024748,0.9269076305220884,0.9054066698028795,0.8874630563924644,0.894254609019711
383,0.006516220757976517,0.012044516681597861,,False,0.9632493222211065,0.9558812245844182,0.9419810601536646,0.9480808327714821,0.9273092369477912,0.905785152202055,0.8878435738962696,0.8946266382718088
384,0.006507471002472806,0.012039951901298591,,False,0.9634501455969475,0.9565298268092,0.9421698283983925,0.948448545112587,0.9281124497991968,0.9065119532499816,0.8885917968667146,0.8953767968082954
385,0.006494124161235086,0.012031602098935841,,False,0.9636509689727885,0.9571843278334475,0.9423488608285194,0.9488108073251187,0.9273092369477912,0.905785152202055,0.8878435738962696,0.8946266382718088
386,0.006484918505679122,0.012037096464944098,,False,0.9634501455969475,0.9560749636073234,0.9421647088021897,0.9482677873594039,0.9273092369477912,0.905785152202055,0.8878435738962696,0.8946266382718088
387,0.006474063092612384,0.012043063420846867,,False,0.9636509689727885,0.9571888957359569,0.942347023737296,0.9488132685810768,0.9273092369477912,0.905777278520242,0.8878371678776869,0.8946332147849767
388,0.006464545389865056,0.012027413168252378,,False,0.9637513806607089,0.9572906767139521,0.942443330339833,0.9489130111555837,0.927710843373494,0.9061365231997386,0.8882112793629094,0.8950045864866755
389,0.006452510289795467,0.012015143627650651,,False,0.9636509689727885,0.9557834089104256,0.9423496914710563,0.9482680332345365,0.927710843373494,0.9069538452542601,0.8899011870649939,0.896481489398504
390,0.006441549794919985,0.012015441805555166,,False,0.9638517923486294,0.9573851360325758,0.9425310973667478,0.9490017077777839,0.9273092369477912,0.905777278520242,0.8878371678776869,0.8946332147849767
391,0.00643149784845596,0.01200326305470629,,False,0.9638517923486294,0.9569143675994974,0.9425310973667478,0.9488203222343391,0.9273092369477912,0.905777278520242,0.8878371678776869,0.8946332147849767
392,0.006421068743669178,0.012000706865487135,,False,0.9640526157244703,0.9581163061138466,0.943133833084691,0.9496590810168458,0.927710843373494,0.9061537386562607,0.888217685381492,0.89500536191263
393,0.00641063315680238,0.01200187517932489,,False,0.9638517923486294,0.9574572794594471,0.9429453330271337,0.949289581648177,0.9273092369477912,0.905777278520242,0.8878371678776869,0.8946332147849767
394,0.006400778603876503,0.011990503315367522,,False,0.9638517923486294,0.9579315789300716,0.9429453330271337,0.9494724733122004,0.927710843373494,0.9061537386562607,0.888217685381492,0.89500536191263
395,0.0063899532950015625,0.011993273526116555,,False,0.9639522040365499,0.9575428480140084,0.943040462403085,0.9493804662220836,0.927710843373494,0.9061537386562607,0.888217685381492,0.89500536191263
396,0.006380865406471092,0.011989357816099203,,False,0.9639522040365499,0.9565990586496983,0.9430457978706054,0.9490162744931729,0.9285140562248996,0.9076666888356384,0.8906442679070091,0.8972215847235184
397,0.006368879735270295,0.011976042078595307,,False,0.9642534391003112,0.9578220533979034,0.9433195870116102,0.9496597463245732,0.9273092369477912,0.9058377531840043,0.8878435738962696,0.894647921832013
398,0.0063579291518740646,0.011964245750233271,,False,0.9642534391003112,0.9582973272655795,0.9433195870116102,0.949842707537792,0.927710843373494,0.9061841837749941,0.888217685381492,0.8950117277882507
399,0.006350272062239335,0.011982139605507255,,False,0.9644542624761522,0.958020212870732,0.9434941771982768,0.9498435323011998,0.9289156626506024,0.9080560216775618,0.8910247854108143,0.8976070233103661
400,0.006339806558133655,0.011981846557220914,,False,0.9647554975399136,0.9578317343396352,0.9437846033284168,0.9499508689227159,0.9285140562248996,0.9076959643204336,0.8906442679070091,0.8972279752340752
401,0.006327467376562192,0.011969578914695992,,False,0.9645546741640727,0.9567686612190764,0.9440232607352628,0.9496765432007669,0.9285140562248996,0.9077131797769559,0.8906506739255917,0.8972287506600297
402,0.006316634433429661,0.01195018873376351,,False,0.9645546741640727,0.957627061992505,0.9436019309130113,0.9497554057322921,0.9289156626506024,0.9080713943706766,0.8910247854108143,0.8976001855556951
403,0.006307705271650805,0.011972713465380178,,False,0.9648559092278342,0.9575074640659046,0.9443015356888574,0.9501413390173011,0.9289156626506024,0.9080713943706766,0.8910247854108143,0.8976001855556951
404,0.006296917921677913,0.011934877629398558,,False,0.9646550858519932,0.9586659006749749,0.9436952231977394,0.9502155984837385,0.9289156626506024,0.9080713943706766,0.8910247854108143,0.8976001855556951
405,0.006286839115090164,0.011939519853417149,,False,0.9646550858519932,0.9577816812027247,0.9441138852862306,0.9501332326670879,0.9285140562248996,0.9077131797769559,0.8906506739255917,0.8972287506600297
406,0.006276788316347199,0.011940698002262634,,False,0.9646550858519932,0.9577801789783535,0.9441138852862306,0.9501330858442587,0.9285140562248996,0.9076995904939749,0.8906506739255917,0.8972140860832025
407,0.006272349043794676,0.011955645946219999,,False,0.9649563209157546,0.9585899400561423,0.9448118097646093,0.9508848198217557,0.9285140562248996,0.9076666888356384,0.8906442679070091,0.8972215847235184
408,0.006257934716757696,0.011927727976360703,,False,0.9647554975399136,0.957938480395651,0.9446259180563279,0.9505110507687681,0.9285140562248996,0.9077131797769559,0.8906506739255917,0.8972287506600297
409,0.006247851465588182,0.011917352240552098,,False,0.9648559092278342,0.9580164862874996,0.9447192887379339,0.9505990621319435,0.9289156626506024,0.9080578050876955,0.8910247854108143,0.8975855209788679
410,0.006237964873335297,0.011908993845520383,,False,0.9648559092278342,0.958032190796011,0.9447210474322792,0.9506048215616555,0.9289156626506024,0.9080578050876955,0.8910247854108143,0.8975855209788679
411,0.006230462189087561,0.011920017867365042,,False,0.9648559092278342,0.9580333118404862,0.9447210474322792,0.9506048923917653,0.9289156626506024,0.908841580739713,0.8927146931128986,0.8990296226014782
412,0.0062187799727100946,0.011905881410262725,,False,0.9650567326036751,0.9582139227378578,0.9448968447541753,0.9507849201546706,0.9285140562248996,0.9076894634882497,0.8906506739255917,0.8972074970827885
413,0.006208422604354792,0.011910766371207242,,False,0.9653579676674365,0.9584958845480784,0.9451751981046479,0.9510682913331521,0.9289156626506024,0.9080578050876955,0.8910247854108143,0.8975855209788679
414,0.006200645459907908,0.011880266576138717,,False,0.9651571442915955,0.9587678276763599,0.9449792713944655,0.9510536220840708,0.9289156626506024,0.9080853385887571,0.8910311914293969,0.8975933195899013
415,0.006188715466208179,0.01189129947588021,,False,0.9653579676674365,0.9589575220511529,0.9451769567989933,0.9512505099357832,0.9289156626506024,0.9080578050876955,0.8910247854108143,0.8975855209788679
416,0.006179948778319138,0.011878089561801747,,False,0.9654583793553569,0.9595274451712782,0.945257624744938,0.951524778303614,0.9289156626506024,0.9080578050876955,0.8910247854108143,0.8975855209788679
417,0.006170490335632691,0.011878025704371365,,False,0.9654583793553569,0.9590549835819654,0.9452593834392834,0.9513388498093439,0.9289156626506024,0.9080741499722136,0.8910247854108143,0.8975993597620788
418,0.006160966139794611,0.011869494815338456,,False,0.965257555979516,0.9588646745572329,0.9450726420760714,0.9511488104265732,0.9293172690763052,0.9084516549085859,0.8914053029146195,0.8979714578795167
419,0.006151411065354412,0.01187057129859725,,False,0.965257555979516,0.9583919480888213,0.9450726420760714,0.9509617456932252,0.929718875502008,0.9088218851043725,0.891780678289995,0.8983242095351748
420,0.006140868214943818,0.011879165740475274,,False,0.965257555979516,0.9583926812444337,0.9450753098098316,0.9509659723664173,0.929718875502008,0.9095699136785215,0.8934577739549141,0.8997740015762586
421,0.006131093048952351,0.011873464560085301,,False,0.9654583793553569,0.9585873219710902,0.9452620511730435,0.9511575675334671,0.9293172690763052,0.9084443801680001,0.8914001607861898,0.8979521114177369
422,0.006126945815169262,0.011854053910441791,,False,0.965257555979516,0.9583869617412571,0.9450616980347556,0.9509519174254658,0.9293172690763052,0.9084555687845435,0.8914065668047724,0.8979460712455596
423,0.006113248895631466,0.011862558123084566,,False,0.9653579676674365,0.9584876665843802,0.9451660127576774,0.9510568215673317,0.929718875502008,0.9088382299888905,0.891780678289995,0.8983380483183857
424,0.0061043151502727655,0.011856954070558442,,False,0.9655587910432775,0.9586675918082145,0.9453553434577715,0.9512453788877071,0.9289156626506024,0.9080578050876955,0.8910247854108143,0.8975855209788679
425,0.006093775600200969,0.011855793855872099,,False,0.9654583793553569,0.9585771746096413,0.9452620511730435,0.9511516592757646,0.9293172690763052,0.9084443801680001,0.8914001607861898,0.8979521114177369
426,0.006084340507406753,0.011853188661635409,,False,0.9655587910432775,0.9591383116436771,0.9453559743438897,0.9514307161260648,0.9293172690763052,0.9084443801680001,0.8914001607861898,0.8979521114177369
427,0.006075245852246527,0.011869698062995253,,False,0.9656592027311979,0.9592824359072506,0.9458680071139871,0.951801600863815,0.9293172690763052,0.9084443801680001,0.8914001607861898,0.8979521114177369
428,0.006065631868132714,0.011855531206501969,,False,0.9656592027311979,0.9588127663184769,0.9458673762278688,0.9516165094808287,0.9293172690763052,0.9084443801680001,0.8914001607861898,0.8979521114177369
429,0.006056392629688959,0.011844230760683017,,False,0.9656592027311979,0.9592225491911915,0.9454492666286178,0.9515207844828532,0.9293172690763052,0.9084607250525184,0.8914001607861898,0.8979659502009478
430,0.006047927152634462,0.011844974992153678,,False,0.9657596144191184,0.959322660939569,0.9455399695764637,0.951615678334533,0.9293172690763052,0.9084443801680001,0.8914001607861898,0.8979521114177369
431,0.0060382539796806425,0.011839326046216951,,False,0.9658600261070388,0.959464780306697,0.946052002346561,0.9519877196565483,0.9293172690763052,0.9084443801680001,0.8914001607861898,0.8979521114177369
432,0.006028916880589071,0.011834783932891542,,False,0.9658600261070388,0.9590009045437282,0.9460513714604427,0.9518036233375443,0.9293172690763052,0.9084443801680001,0.8914001607861898,0.8979521114177369
433,0.006021536166138214,0.011835462435601754,,False,0.9658600261070388,0.9594583493406442,0.9460545916834432,0.9519866228548071,0.9293172690763052,0.9084443801680001,0.8914001607861898,0.8979521114177369
434,0.006011180181222102,0.01182954090612677,,False,0.9659604377949593,0.9595530168768404,0.946145294631289,0.9520792877770466,0.9293172690763052,0.9084443801680001,0.8914001607861898,0.8979521114177369
435,0.0060032983928533954,0.011824740218008974,,False,0.9659604377949593,0.9595530168768404,0.946145294631289,0.9520792877770466,0.9293172690763052,0.9084443801680001,0.8914001607861898,0.8979521114177369
436,0.0059933776716173575,0.011820014510767514,,False,0.9661612611708003,0.9597362699781092,0.9463101479118693,0.952252017855338,0.929718875502008,0.9095699136785215,0.8934577739549141,0.8997740015762586
437,0.005983802888687185,0.011810683494008708,,False,0.9660608494828798,0.959655733311001,0.9462277212715792,0.9521697919359392,0.9301204819277108,0.9099660983644431,0.8938382914587193,0.900160513344126
438,0.005974547095943701,0.011810319832618876,,False,0.9660608494828798,0.9596477205059109,0.9462277212715792,0.9521671287989206,0.9293172690763052,0.9084443801680001,0.8914001607861898,0.8979521114177369
439,0.005966442649435168,0.01180400858194447,,False,0.9661612611708003,0.9597556143712309,0.9463101479118693,0.9522601282164609,0.9301204819277108,0.9099497534799248,0.8938382914587193,0.9001466745609152
440,0.005956985076179624,0.011799492950047799,,False,0.9659604377949593,0.9595117767859005,0.9457156885014819,0.9517975947637355,0.9293172690763052,0.9084607250525184,0.8914001607861898,0.8979659502009478
441,0.005948966058978758,0.011798888183450993,,False,0.9660608494828798,0.9596632081418447,0.9462277212715792,0.9521711933469912,0.929718875502008,0.9095862585630395,0.8934577739549141,0.8997878403594695
442,0.005939958553671777,0.011790757963376919,,False,0.9662616728587208,0.9598419474119559,0.9464035185934753,0.9523502601167313,0.9301204819277108,0.9092114969573435,0.8921426037333536,0.8987088913349763
443,0.005930015340668951,0.01178655326571266,,False,0.9662616728587208,0.9598411709742378,0.9464035185934753,0.9523509436042414,0.9293172690763052,0.9084443801680001,0.8914001607861898,0.8979521114177369
444,0.005922935265450964,0.011783129708654519,,False,0.9661612611708003,0.9596878663787197,0.945891485823378,0.9519755945209892,0.9289156626506024,0.9080689501177572,0.8910196432823846,0.897579901096117
445,0.005913130937775826,0.01178559170856947,,False,0.9662616728587208,0.9598411709742378,0.9464035185934753,0.9523509436042414,0.9301204819277108,0.9091940832798103,0.8921426037333536,0.8986951080195156
446,0.005904486875407413,0.011780351477591437,,False,0.9661612611708003,0.9597524624450186,0.9463210919531851,0.9522659755549001,0.9289156626506024,0.9080852950022754,0.8910196432823846,0.8975937398793279
447,0.005895603056242628,0.011786883970784466,,False,0.9662616728587208,0.9598341688382848,0.9464039917557131,0.9523468516251382,0.9305220883534137,0.9103417241862665,0.894200216902078,0.9005319341559515
448,0.005886535550829127,0.011783995315015658,,False,0.9662616728587208,0.9598398074337102,0.946414935797029,0.9523566884840804,0.9289156626506024,0.9080852950022754,0.8910196432823846,0.8975937398793279
449,0.005878225417856387,0.011785620378408405,,False,0.9662616728587208,0.9598361810665623,0.9464039917557131,0.9523481974599142,0.9293172690763052,0.9092085173119384,0.8930772564511089,0.8994150580788965
450,0.005869459805300789,0.011775925353042092,,False,0.9663620845466412,0.9599285159629295,0.9464973624373191,0.9524416565334217,0.9293172690763052,0.9092085173119384,0.8930772564511089,0.8994150580788965
451,0.005860770558619622,0.011762705003766116,,False,0.9663620845466412,0.9599285159629295,0.9464973624373191,0.9524416565334217,0.9293172690763052,0.9092085173119384,0.8930772564511089,0.8994150580788965
452,0.0058526480459276334,0.011744911608542852,,False,0.9663620845466412,0.9599285159629295,0.9464973624373191,0.9524416565334217,0.9293172690763052,0.9084607250525184,0.8914001607861898,0.8979659502009478
453,0.005844124810712375,0.011765504363410579,,False,0.9663620845466412,0.9599239494205405,0.9464973624373191,0.952438351065337,0.929718875502008,0.9095862585630395,0.8934577739549141,0.8997878403594695
454,0.005836711112874311,0.011753734419240295,,False,0.9662616728587208,0.9598462143671244,0.946414935797029,0.9523587003680011,0.9289156626506024,0.9080852950022754,0.8910196432823846,0.8975937398793279
455,0.005828482235457548,0.011739578922511427,,False,0.9664624962345617,0.9600100276055953,0.9465924918132704,0.9525290577650121,0.9301204819277108,0.909913909119368,0.8938382914587193,0.9001317988778867
456,0.005818195615231735,0.01175501770963031,,False,0.9663620845466412,0.9599306006368697,0.9464973624373191,0.9524430004342226,0.9293172690763052,0.9091921724274202,0.8930772564511089,0.8994012192956858
457,0.00580977211187273,0.011746563151143904,,False,0.9663620845466412,0.9599285159629295,0.9464973624373191,0.9524416565334217,0.9301204819277108,0.9106898246664668,0.8954967950631918,0.9015844774073563
458,0.005801534573299668,0.011727242986620997,,False,0.9664624962345617,0.9600169636161302,0.9465924918132704,0.952533713599587,0.9305220883534137,0.9109950092978314,0.8958907624990137,0.9019313055564151
459,0.0057948003973636855,0.011735991026143866,,False,0.9664624962345617,0.960027491254188,0.9465880653851649,0.952534070107113,0.9289156626506024,0.9088961214969782,0.8927044003735549,0.8990660880755035
460,0.0057857154294008156,0.011723048083730632,,False,0.9664624962345617,0.9600332085691444,0.9465906547220472,0.9525410842649572,0.9309236947791165,0.9124426487939341,0.8945366124170663,0.9014630155539114
461,0.005778122287476641,0.011713402052269667,,False,0.9664624962345617,0.9600127586914626,0.9465924918132704,0.9525307604133899,0.9313253012048193,0.9145755635687295,0.8949189256603655,0.9024042394180682
462,0.005768702909604323,0.011716970694439499,,False,0.9665629079224822,0.9601649032931127,0.9471045245833677,0.9529047692171532,0.9309236947791165,0.9114057951513269,0.8962526879423725,0.902317745260119
463,0.0057601195117299485,0.011724204363309119,,False,0.9665629079224822,0.9601663889424992,0.9471026874921444,0.9529055481824442,0.929718875502008,0.9095631178832271,0.8934417011922888,0.8997800982837805
464,0.005754339040608773,0.011740695336694041,,False,0.9665629079224822,0.9601835008579429,0.9471026874921444,0.9529150084835947,0.9289156626506024,0.91055043058539,0.8926672162526619,0.8995972392726441
465,0.0057444543805697515,0.011732376323839586,,False,0.9665629079224822,0.9601749756366758,0.9471026874921444,0.9529102297895164,0.9305220883534137,0.9110828016127033,0.8958594440648778,0.9019380858121939
466,0.005736261340778815,0.011729447283804961,,False,0.9666633196104026,0.9602701598037083,0.9471959797768724,0.9530063538628263,0.9293172690763052,0.9099623135790696,0.894762013542279,0.900838168515254
467,0.005729496741413389,0.011735331727314492,,False,0.9665629079224822,0.9601664187349458,0.9471026874921444,0.9529058810121929,0.9285140562248996,0.9092318347704337,0.8940009785346688,0.9001067029432205
468,0.005719484627693918,0.01172021040440275,,False,0.9666633196104026,0.9602600353238745,0.9471959797768724,0.9530003676231004,0.929718875502008,0.9102994025010503,0.8951373889176545,0.9011980576896177
469,0.005712139860038716,0.011716411502220513,,False,0.9668641429862436,0.9604521508184709,0.9473773856725641,0.9531838874377105,0.9293172690763052,0.9098965433012872,0.8947382793534029,0.9008201440812265
470,0.005702974629961236,0.011706610375830935,,False,0.9670649663620845,0.9606235025984083,0.9475720708525722,0.9533680352211401,0.9301204819277108,0.910732133695294,0.895504456489443,0.9015962462179403
471,0.0056952875288435725,0.011714726855273045,,False,0.9668641429862436,0.9604385230453681,0.9473818121006696,0.9531817892841842,0.9293172690763052,0.909974077642281,0.8947434214818326,0.9008494191535316
472,0.005689278577044159,0.011708960793442419,,False,0.967165378050005,0.960713715478184,0.9476651733470073,0.9534588751983194,0.9305220883534137,0.9110915180752416,0.8958619633626991,0.9019433620536181
473,0.005678907934058098,0.011698195223872377,,False,0.9669645546741641,0.9605269649952438,0.9474769414766209,0.9532738042517427,0.9305220883534137,0.9127116346247853,0.8958612398043717,0.9025137703091186
474,0.0056712443143747135,0.011696423796291173,,False,0.967165378050005,0.9607031171082868,0.9476654415341782,0.9534561641209246,0.9301204819277108,0.9106504330628472,0.8954993143610133,0.9015672030880066
475,0.0056633207936188324,0.01168840598518311,,False,0.967366201425846,0.9608887383482957,0.9478492469764591,0.953640350109516,0.9305220883534137,0.9127116346247853,0.8958612398043717,0.9025137703091186
476,0.005655999470333348,0.011676612739191518,,False,0.9675670248016869,0.9611476744801133,0.9484591882496828,0.9541193304323254,0.9301204819277108,0.9141162482982232,0.8954876601684904,0.902740991772437
477,0.005648262476379168,0.011677149511426262,,False,0.9674666131137665,0.960979340672243,0.9479471554795855,0.9537363922544344,0.9305220883534137,0.9110167972233632,0.8958977003669375,0.9019492837705751
478,0.0056397751184026285,0.011678790119626033,,False,0.9675670248016869,0.9611324377916799,0.9484591882496828,0.9541116153408468,0.929718875502008,0.9102677845079236,0.8951443267855783,0.9012059315124126
479,0.005632011225085333,0.01169338351493533,,False,0.9676674364896074,0.9612348549877721,0.9485452749791303,0.9542022347971864,0.9305220883534137,0.9110167319878256,0.8958543019364481,0.9019229241770947
480,0.005624740882421941,0.011680259737892317,,False,0.9675670248016869,0.9611558460381074,0.9484501456031791,0.9541141995877828,0.9313253012048193,0.9152816461563842,0.8965781528231653,0.9038470202298787
481,0.005617452015807575,0.011680199175287433,,False,0.9676674364896074,0.9612355776915363,0.9485452749791303,0.9542020888116165,0.9293172690763052,0.9115750963083017,0.8947452172213265,0.9014054397267441
482,0.005607943293869043,0.011665692684756961,,False,0.9676674364896074,0.9611638807885817,0.948126534493761,0.9539162560403235,0.9305220883534137,0.9127198698516555,0.8958816276043122,0.9025249472180447
483,0.005600365981647952,0.011671607649660574,,False,0.9677678481775278,0.9612531806902448,0.9482198267784891,0.9540088942848085,0.9301204819277108,0.9141162482982232,0.8954876601684904,0.902740991772437
484,0.005593862040569961,0.011667138529250736,,False,0.9678682598654483,0.9613475209955465,0.9483131190632172,0.9541041533943344,0.929718875502008,0.9156520925782807,0.8951071426646853,0.9029781381843356
485,0.005585005885776627,0.011657102623738385,,False,0.9678682598654483,0.9613475209955465,0.9483131190632172,0.9541041533943344,0.9305220883534137,0.914494228235104,0.8958681776722955,0.9031144616890542
486,0.005577039890226116,0.011659761528483024,,False,0.9679686715533689,0.9614906317901679,0.9488251518333145,0.9544724805851837,0.9317269076305221,0.9156183676814105,0.89697139670066,0.904213322566559
487,0.00556937236211359,0.011666945894362464,,False,0.9679686715533689,0.9614974047048529,0.9488251518333145,0.9544763080779072,0.9309236947791165,0.9148471690977049,0.8962155038214793,0.9034668292982029
488,0.005562075130400475,0.01164659756880457,,False,0.9678682598654483,0.9613506742113854,0.9483131190632172,0.9541046175883182,0.9313253012048193,0.9152515491521783,0.8965985406231058,0.9038432203432732
489,0.005554644481999834,0.011635582742501902,,False,0.9678682598654483,0.9613506742113854,0.9483131190632172,0.9541046175883182,0.9317269076305221,0.9175039480067445,0.8969579467686432,0.9048188112177596
490,0.005546814669527392,0.0116434216315015,,False,0.9680690832412893,0.9616495238595548,0.9493371846034118,0.9548481728431422,0.9301204819277108,0.9141162482982232,0.8954876601684904,0.902740991772437
491,0.005539471201402549,0.011643527305096145,,False,0.9679686715533689,0.9614906317901679,0.9488251518333145,0.9544724805851837,0.9317269076305221,0.9156183676814105,0.89697139670066,0.904213322566559
492,0.005531412908998403,0.011634216827053163,,False,0.9678682598654483,0.9613571260476128,0.9483131190632172,0.9541067210049469,0.9317269076305221,0.9175290626536822,0.8969604660664646,0.9048211058104842
493,0.005524289846465219,0.011624920785495527,,False,0.9679686715533689,0.9614436615043319,0.9484064113479452,0.9541987489883782,0.9321285140562249,0.9178948317885384,0.8973333221440186,0.9051912597022798
494,0.005518219865359659,0.01164118594716502,,False,0.9679686715533689,0.961553719792469,0.9492464816555659,0.9547577169051016,0.9309236947791165,0.9148471690977049,0.8962155038214793,0.9034668292982029
495,0.005509116048543505,0.01163842029346105,,False,0.9680690832412893,0.9616525914886229,0.9493371846034118,0.9548495707082287,0.9309236947791165,0.9148471690977049,0.8962155038214793,0.9034668292982029
496,0.005502241756935838,0.011614041170234476,,False,0.9679686715533689,0.9614960105063969,0.9488251518333145,0.9544750750342281,0.9313253012048193,0.9152218822867701,0.8965960213252845,0.9038428037518145
497,0.005495402197719387,0.011645586488625554,,False,0.9681694949292098,0.9617502149585175,0.949431186171136,0.9549437176140673,0.9305220883534137,0.9145209664892544,0.8958451670417467,0.9030996678335786
498,0.00548699404109483,0.011623719764173531,,False,0.9679686715533689,0.9614960105063969,0.9488251518333145,0.9544750750342281,0.9317269076305221,0.9156183676814105,0.89697139670066,0.904213322566559
499,0.005479450735837333,0.011625351664980303,,False,0.9679686715533689,0.9614960105063969,0.9488251518333145,0.9544750750342281,0.9317269076305221,0.9156183676814105,0.89697139670066,0.904213322566559
500,0.005472239335466449,0.0116238541619043,,False,0.9680690832412893,0.9615959103997819,0.9489184441180425,0.9545724401671534,0.9317269076305221,0.9175145169866263,0.8969528046402134,0.9048172149184439
501,0.005465738839018791,0.011617136096280466,,False,0.9681694949292098,0.9616883794076938,0.9490135734939938,0.9546650120518615,0.9317269076305221,0.9175290626536822,0.8969604660664646,0.9048211058104842
502,0.005457725345519735,0.011614716393929735,,False,0.9681694949292098,0.961683238687602,0.9490135734939938,0.9546631676079197,0.9321285140562249,0.9178948317885384,0.8973333221440186,0.9051912597022798
503,0.00545096220979157,0.01160631431335608,,False,0.9682699066171302,0.9617759723443916,0.9491057379704948,0.9547562566075811,0.9309236947791165,0.9167846455815207,0.8962249609872246,0.9040913257241683
504,0.005444149394397007,0.011610703543419804,,False,0.9682699066171302,0.9618255977673,0.9495238475697457,0.9550319277506019,0.9317269076305221,0.914442396802117,0.8986484923655791,0.9050148864421749
505,0.005436683938261223,0.011611314002435313,,False,0.9685711416808916,0.9621037091674531,0.9498009452967549,0.9553087234929747,0.9321285140562249,0.9154330632009126,0.9007061055343032,0.9067422362106444
506,0.005429839245267517,0.011609736362070674,,False,0.9684707299929712,0.9620070575477904,0.949711141422198,0.955215496195613,0.9317269076305221,0.9168068469780098,0.9003511179588686,0.9069927240282936
507,0.005421197240103068,0.011595582637409854,,False,0.9686715533688122,0.9621984677304929,0.9498968953491173,0.955403889629284,0.9317269076305221,0.91620415000157,0.8986375617313835,0.9056149215101935
508,0.005415608747440176,0.011596509436233264,,False,0.9684707299929712,0.9619593544999048,0.9492891807138284,0.9549419549603057,0.9313253012048193,0.9158323402530593,0.8982825741559487,0.9052611873680484
509,0.005408483620559513,0.011609091319468079,,False,0.9685711416808916,0.9621749891806043,0.9502152593540186,0.9555894889039703,0.9317269076305221,0.9162109807453079,0.8986266310971883,0.9056175401620844
510,0.005400076390557982,0.0116068344194473,,False,0.9686715533688122,0.9622090790546771,0.9498795763950577,0.9553972223188644,0.9313253012048193,0.9177833556087411,0.8982647056538295,0.905876692525414
511,0.005392441496568743,0.011590010874851281,,False,0.9685711416808916,0.9620984785387322,0.9497991082055316,0.9553066730881462,0.9321285140562249,0.918450999839163,0.8990104178089378,0.9065995934912193
512,0.00538854431447663,0.011600112835685255,,False,0.9685711416808916,0.9620916406530967,0.9497991866024095,0.9553040632643953,0.9309236947791165,0.9154865918247269,0.8979142426940077,0.9048916020048033
513,0.005377915726748335,0.011587911377812288,,False,0.9686715533688122,0.9622040512690408,0.9498904420394957,0.95540236321637,0.9317269076305221,0.91624366605087,0.8986375617313835,0.9056337316646563
514,0.005372981180209787,0.011592452645518128,,False,0.9689727884325735,0.9624779088671092,0.9501655128849885,0.9556756672154862,0.9313253012048193,0.914122801800446,0.8982756362880251,0.9046615932130169
515,0.005364103938138108,0.011591974297783893,,False,0.9685711416808916,0.962110906117526,0.9497997390916498,0.955311039047505,0.9317269076305221,0.9181324542318678,0.8986375617313835,0.9062462485935517
516,0.005356935065161827,0.01159010025671109,,False,0.9687719650567326,0.962291750503885,0.9499754580166679,0.9554898729937185,0.9313253012048193,0.914122801800446,0.8982756362880251,0.9046615932130169
517,0.005350669867005859,0.011586770001801977,,False,0.9688723767446531,0.9623925948620075,0.9500661609645138,0.955585432318008,0.9317269076305221,0.9162513735291312,0.8986375617313835,0.9056317305043213
518,0.005342856076127388,0.01157368167581438,,False,0.969073200120494,0.9625771594161177,0.9502453501883965,0.9557636939247638,0.9317269076305221,0.91624366605087,0.8986375617313835,0.9056337316646563
519,0.005337188177432161,0.011567668331765464,,False,0.9689727884325735,0.9624845777027102,0.9501622926619882,0.9556772998482583,0.9321285140562249,0.9166084721338811,0.8989994871747423,0.906003856882071
520,0.00533141195821392,0.011568159802351699,,False,0.969073200120494,0.9625722368825012,0.9502562158328344,0.9557681876839914,0.9313253012048193,0.914115094322185,0.8982756362880251,0.9046635943733516
521,0.005322515402722223,0.01156892991653968,,False,0.969073200120494,0.9625665133090762,0.9502562158328344,0.955766230989359,0.9317269076305221,0.9144807511116885,0.8986484923655791,0.9050337435995987
522,0.005315487174158903,0.011576160669826512,,False,0.9691736118084145,0.962665136055874,0.9503386424731245,0.9558553826394702,0.9309236947791165,0.9137634147584934,0.8979027802104709,0.9042860215780758
523,0.005308776224508146,0.011571460392720192,,False,0.969073200120494,0.9625647564159271,0.9502479395252786,0.9557608201327596,0.9313253012048193,0.91476157461877,0.8999603933791952,0.9060113867878528
524,0.005301646031496529,0.011561653711216471,,False,0.969073200120494,0.9625726604769351,0.9502499664067948,0.95576629363178,0.9313253012048193,0.9158919864871786,0.8982647056538295,0.9052561588693803
525,0.005295944673588013,0.011566388870121121,,False,0.969073200120494,0.9625647564159271,0.9502479395252786,0.9557608201327596,0.9317269076305221,0.9151198944589505,0.9003332494567492,0.906384212746331
526,0.005288903723418812,0.011557846193614215,,False,0.9689727884325735,0.9624721852936842,0.9501655128849885,0.9556737105208537,0.9317269076305221,0.9151198944589505,0.9003332494567492,0.906384212746331
527,0.005281735387426822,0.011554175880180522,,False,0.9689727884325735,0.9624837504663724,0.9501566741220668,0.9556734855703505,0.9309236947791165,0.9137634147584934,0.8979027802104709,0.9042860215780758
528,0.005274879143068099,0.011534057342953362,,False,0.9691736118084145,0.9626554001451093,0.9503495865144403,0.955858190096525,0.9317269076305221,0.9162567503944642,0.8986375617313835,0.9056270519376756
529,0.00526813203132541,0.01154299025684372,,False,0.9691736118084145,0.962671485380535,0.9503386424731245,0.9558583829877499,0.9321285140562249,0.9166205134331548,0.8989994871747423,0.9059972275803447
530,0.005263132821236445,0.011536016435637286,,False,0.969274023496335,0.9632093852494518,0.9504367077700068,0.956134613339376,0.9317269076305221,0.9162567925701897,0.8986266310971883,0.905626284086795
531,0.005256077159509684,0.011536530417744691,,False,0.969274023496335,0.9632134342849761,0.9504367077700068,0.9561372268173192,0.9321285140562249,0.9166280332807557,0.8990116732166062,0.90600491409821
532,0.00524760910200206,0.011536693998041305,,False,0.969274023496335,0.9632166705282658,0.9504320131547305,0.9561344062662595,0.9313253012048193,0.9159076517713373,0.8982647056538295,0.9052574958695379
533,0.005242865409790482,0.011530795456866224,,False,0.969274023496335,0.9632093852494518,0.9504367077700068,0.956134613339376,0.9325301204819277,0.916994063610888,0.8993735986599649,0.9063756740281954
534,0.005234709314174948,0.011534802683889003,,False,0.969274023496335,0.9632106189037108,0.9504320131547305,0.9561323642280544,0.9321285140562249,0.9166205134331548,0.8989994871747423,0.9059972275803447
535,0.005228219119409818,0.011529033031046718,,False,0.969274023496335,0.9632166705282658,0.9504320131547305,0.9561344062662595,0.9317269076305221,0.9151198944589505,0.9003332494567492,0.906384212746331
536,0.005221725871668182,0.0115205447537785,,False,0.9693744351842555,0.963302428801732,0.9505253838363364,0.9562247884532122,0.9317269076305221,0.9162567503944642,0.8986375617313835,0.9056270519376756
537,0.005215217084794188,0.011523179958384578,,False,0.969274023496335,0.9632033091083235,0.9504320131547305,0.9561266123301251,0.9321285140562249,0.9166205134331548,0.8989994871747423,0.9059972275803447
538,0.005209266875189221,0.011523649102443703,,False,0.9693744351842555,0.9629035818918977,0.9509458046191731,0.956316523554784,0.9313253012048193,0.914129228060155,0.8982756362880251,0.9046568629778613
539,0.005204721118277861,0.011522664815401915,,False,0.9693744351842555,0.963298606112899,0.9505300784516127,0.9562265193211772,0.9321285140562249,0.9166297920513382,0.8990307971263939,0.9060207066572217
540,0.005195594767929528,0.01151278789833698,,False,0.9693744351842555,0.9632973276006465,0.9505271425306818,0.9562204547834408,0.9317269076305221,0.9162567503944642,0.8986375617313835,0.9056270519376756
541,0.005189867916364644,0.011508939486406203,,False,0.9695752585600964,0.9635784749955977,0.9515512080708763,0.9569545823813033,0.9317269076305221,0.9151198944589505,0.9003332494567492,0.906384212746331
542,0.005182704205416243,0.011507535229899436,,False,0.9695752585600964,0.9635893580631111,0.9515512080708763,0.9569590808509767,0.9321285140562249,0.9166205134331548,0.8989994871747423,0.9059972275803447
543,0.005176040282982465,0.011499350936273847,,False,0.9695752585600964,0.9635412830345018,0.9511324675855071,0.9566872364746737,0.9321285140562249,0.9166205134331548,0.8989994871747423,0.9059972275803447
544,0.005171166851240488,0.011513046947956936,,False,0.9695752585600964,0.9639639187123556,0.9507138054970158,0.9566035388598159,0.9317269076305221,0.9162779361130524,0.8986253672070355,0.9056478503451628
545,0.005163379522419645,0.01150970777825409,,False,0.9696756702480168,0.9636824077968544,0.9516445003556044,0.9570531704126451,0.9313253012048193,0.9159076517713373,0.8982647056538295,0.9052574958695379
546,0.005157567092387323,0.011489678582213492,,False,0.9696756702480168,0.9640956609589415,0.951225838267113,0.9569671998192777,0.9313253012048193,0.9158886784754352,0.8982621863560083,0.9052688347480351
547,0.005150709683459342,0.011492948307525268,,False,0.9696756702480168,0.9640956609589415,0.951225838267113,0.9569671998192777,0.9321285140562249,0.9166205134331548,0.8989994871747423,0.9059972275803447
548,0.005145406444323874,0.011475734809894972,,False,0.9697760819359373,0.9641845963017587,0.951319208948719,0.9570591120372826,0.9317269076305221,0.9162534845584462,0.8986241117993669,0.9056389599654499
549,0.0051377574024217675,0.011492992369732917,,False,0.9697760819359373,0.9637712144953974,0.9517378710372104,0.9571450898730668,0.9317269076305221,0.9162534845584462,0.8986241117993669,0.9056389599654499
550,0.005132416046172741,0.011494798584681103,,False,0.9697760819359373,0.9637768097604152,0.9517378710372104,0.9571470539032334,0.9313253012048193,0.9159043859353194,0.8982512557218129,0.9052694038973121
551,0.005126326438448112,0.011502003460531538,,False,0.9698764936238579,0.9639163445512376,0.9522499038073077,0.9575121771828494,0.9317269076305221,0.9151336758310351,0.9003223188225539,0.9063855370524005
552,0.005119729949306244,0.011494023645342263,,False,0.9698764936238579,0.9639163445512376,0.9522499038073077,0.9575121771828494,0.9317269076305221,0.9151198944589505,0.9003332494567492,0.906384212746331
553,0.00511339457475875,0.01147318262092061,,False,0.9698764936238579,0.9643228898101613,0.9518312417188164,0.9574252382833301,0.9317269076305221,0.9162534845584462,0.8986241117993669,0.9056389599654499
554,0.0051080885513770866,0.01148256934920291,,False,0.9701777286876192,0.9642317989610601,0.9529504366349622,0.9580574551968025,0.9333333333333333,0.9177290826028772,0.9001205577402573,0.9071444992836604
555,0.00510107051640324,0.011477243336649883,,False,0.9701777286876192,0.9642311016754572,0.9529504366349622,0.9580564141698295,0.9329317269076305,0.9173667229020871,0.8997464462550346,0.9067741972198125
556,0.005094906408891047,0.011474739473360683,,False,0.9701777286876192,0.9646890912991617,0.9529504366349622,0.9582460958380621,0.9329317269076305,0.9173667229020871,0.8997464462550346,0.9067741972198125
557,0.00508886817514824,0.011471780035140823,,False,0.9700773169996988,0.9640874722232068,0.9524401625592103,0.9576898074882121,0.9321285140562249,0.9166205134331548,0.8989994871747423,0.9059972275803447
558,0.005082468453410241,0.011462948305063033,,False,0.9699769053117783,0.9644475698184123,0.9523450331832589,0.9577824303317146,0.9317269076305221,0.9162534845584462,0.8986241117993669,0.9056389599654499
559,0.005076067802250954,0.011463011090477045,,False,0.9699769053117783,0.9644475698184123,0.9523450331832589,0.9577824303317146,0.9321285140562249,0.9166089535246095,0.8989918172660067,0.9060158856238397
560,0.005070022273202644,0.011462659055513974,,False,0.9700773169996988,0.9645375420268336,0.9524384038648649,0.9578739006699064,0.9329317269076305,0.917356883694916,0.8997477101451873,0.9067473537246085
561,0.0050639739898836,0.011449490189286624,,False,0.9700773169996988,0.9645456962540823,0.9524384038648649,0.957879492752516,0.9317269076305221,0.9162534845584462,0.8986241117993669,0.9056389599654499
562,0.005058140254263101,0.011456121196547344,,False,0.9699769053117783,0.9644665603195283,0.9523450331832589,0.9577921981633162,0.9313253012048193,0.9158577291320077,0.8982435942955617,0.9052592074605289
563,0.0050520448526626,0.011453086362992679,,False,0.9700773169996988,0.9645550521922163,0.9524401625592103,0.9578840326655631,0.9309236947791165,0.9137459280935545,0.8978682189201863,0.9042933970101645
564,0.005046172068827112,0.011468567670617347,,False,0.9700773169996988,0.9641590256648436,0.9528570659533562,0.9579706374105653,0.9317269076305221,0.916283759536475,0.8986189611884529,0.9056567748951364
565,0.005040056345417196,0.01145405851406425,,False,0.9700773169996988,0.9645678116955634,0.9524401625592103,0.9578885584532784,0.9325301204819277,0.9169730349589784,0.8993659287512293,0.9063943367766762
566,0.0050337512914715755,0.01145051187551379,,False,0.9699769053117783,0.9644679991307371,0.9523450331832589,0.9577918384189356,0.9325301204819277,0.9169730349589784,0.8993659287512293,0.9063943367766762
567,0.005028809052131332,0.011442689718623058,,False,0.9700773169996988,0.9645580203568195,0.9524401625592103,0.9578830185453199,0.9317269076305221,0.914484817442414,0.8986164418906315,0.9050509307913336
568,0.0050216783792696685,0.011447518102536202,,False,0.9701777286876192,0.9647522882832066,0.9533690987234534,0.9585211479849948,0.9325301204819277,0.9169730349589784,0.8993659287512293,0.9063943367766762
569,0.00501654117319439,0.011445511697536317,,False,0.9703785520634601,0.9649836864320989,0.9539745021751567,0.9589755564991587,0.9325301204819277,0.9152235936213153,0.8993646648610767,0.90579882839016
570,0.005009783944550686,0.0114493331246388,,False,0.9702781403755397,0.964445454236981,0.9538811314935507,0.9586956997250291,0.9321285140562249,0.9148612339205252,0.8989905533758541,0.9054285263263119
571,0.005004992234992661,0.0114373197647138,,False,0.9705793754393012,0.9647132592982355,0.9541646825301814,0.9589699860820146,0.9321285140562249,0.9165989234737558,0.8989918172660067,0.9060144186084733
572,0.005000809474784346,0.01145387718594055,,False,0.9705793754393012,0.9647242765226604,0.9541611651414907,0.9589791938122626,0.9329317269076305,0.9173353946597685,0.8997400402364519,0.9067646388405242
573,0.004992562179367857,0.011438066409447178,,False,0.9704789637513807,0.965075038838467,0.9540677944598848,0.9590693588646791,0.9329317269076305,0.9173353946597685,0.8997400402364519,0.9067646388405242
574,0.004986849438802368,0.011437258423933321,,False,0.9705793754393012,0.9651619253968894,0.9541611651414907,0.959160259191957,0.9329317269076305,0.9173353946597685,0.8997400402364519,0.9067646388405242
575,0.004981156214230902,0.01143588854631146,,False,0.9704789637513807,0.964628221822414,0.95406955315423,0.95888132470088,0.9329317269076305,0.9173333186939543,0.8997400402364519,0.9067618418661504
576,0.004975622535183897,0.011425142241633147,,False,0.9705793754393012,0.9647194740452303,0.9541646825301814,0.9589721021514256,0.9313253012048193,0.912453555345337,0.8982423304054089,0.9040880931413555
577,0.004968941359971844,0.011428304021996787,,False,0.9705793754393012,0.9651545959922001,0.9541611651414907,0.9591560549583166,0.9325301204819277,0.915221517655501,0.8993646648610767,0.905796031415786
578,0.004963416455001262,0.01142397915371216,,False,0.9706797871272216,0.9652752126773518,0.9542580532117874,0.9592611998716093,0.9325301204819277,0.9170061935077255,0.8993659287512293,0.9064005486610804
579,0.004957078591916631,0.011417142761470694,,False,0.9706797871272216,0.9652553659230367,0.9542580532117874,0.9592502897290659,0.9321285140562249,0.9148943924692724,0.8989905533758541,0.9054347382107161
580,0.004952281211010783,0.011430899793921536,,False,0.9705793754393012,0.9647259792318729,0.9541646825301814,0.9589742904388027,0.9313253012048193,0.912513991844189,0.8982435858130775,0.904105883713024
581,0.004946234536314424,0.011411373351047945,,False,0.9707801988151421,0.9653443623901582,0.9543514238933933,0.9593431331618726,0.9325301204819277,0.915221517655501,0.8993646648610767,0.905796031415786
582,0.004939662885174058,0.011415727084172569,,False,0.9707801988151421,0.9653485709106318,0.9543514238933933,0.9593440438480493,0.9325301204819277,0.9152536579734812,0.8993646648610767,0.9058045693053133
583,0.0049342737092076885,0.011406766996192927,,False,0.9707801988151421,0.9653426206489656,0.9543514238933933,0.9593419546628953,0.9325301204819277,0.915221517655501,0.8993646648610767,0.905796031415786
584,0.004928392582246195,0.011408181358313486,,False,0.9708806105030625,0.9654508799075808,0.9544338505336835,0.959437302559699,0.9325301204819277,0.9152536579734812,0.8993646648610767,0.9058045693053133
585,0.004923114463902888,0.011401087882243182,,False,0.9707801988151421,0.9653535405852115,0.9543514238933933,0.9593465354721269,0.9325301204819277,0.9152536579734812,0.8993646648610767,0.9058045693053133
586,0.004917032215063157,0.011417940965583896,,False,0.9708806105030625,0.965490122709747,0.9548634566634906,0.9597076152865773,0.9325301204819277,0.9152536579734812,0.8993646648610767,0.9058045693053133
587,0.0049119655793109064,0.011418907451580074,,False,0.970981022190983,0.9655998133895728,0.9549458833037807,0.9598027069450095,0.9321285140562249,0.9149045593503542,0.8989918087835225,0.9054350132371756
588,0.004910154864014599,0.011409119775194784,,False,0.9708806105030625,0.9655019931193277,0.9548478180068984,0.9596990863955475,0.9309236947791165,0.9121406964009446,0.8978694743278548,0.9037281267947941
589,0.0048997478973689165,0.011396081821437469,,False,0.970981022190983,0.9655841419585838,0.9549458833037807,0.9597923093400303,0.9325301204819277,0.9152536579734812,0.8993646648610767,0.9058045693053133
590,0.004894006438978782,0.011394790549181187,,False,0.970981022190983,0.9655730892945625,0.9549458833037807,0.9597886533309098,0.9325301204819277,0.9152536579734812,0.8993646648610767,0.9058045693053133
591,0.004888742907029291,0.01139664922151835,,False,0.9710814338789036,0.9661459316589939,0.9550365862516266,0.9600825941654256,0.9321285140562249,0.9149045593503542,0.8989918087835225,0.9054350132371756
592,0.00488387687453333,0.011410241847327241,,False,0.971181845566824,0.9658259405950973,0.9555465921402077,0.9602473344967007,0.9321285140562249,0.9149045593503542,0.8989918087835225,0.9054350132371756
593,0.0048787654543294345,0.01140908790851113,,False,0.9712822572547445,0.9659164997820316,0.9556399628218136,0.9603398852224824,0.9321285140562249,0.9149045593503542,0.8989918087835225,0.9054350132371756
594,0.00487200882144083,0.011380744574047225,,False,0.971181845566824,0.9662608610332464,0.9555486190217238,0.9604301630449608,0.9325301204819277,0.9152536579734812,0.8993646648610767,0.9058045693053133
595,0.004867935731335894,0.01139131076888423,,False,0.9713826689426649,0.9664526528759496,0.9557353603849358,0.9606215013546182,0.9325301204819277,0.9152536579734812,0.8993646648610767,0.9058045693053133
596,0.004860836132100647,0.011386537510676656,,False,0.9712822572547445,0.9663668716509064,0.9556372950880535,0.96052567584178,0.9317269076305221,0.912871440108563,0.8986176972982999,0.9044758785666368
597,0.004855108479106147,0.011374748216053828,,False,0.9713826689426649,0.9664457469226062,0.9557353603849358,0.960617433004979,0.9325301204819277,0.9152536579734812,0.8993646648610767,0.9058045693053133
598,0.004849951627424158,0.011362625346076023,,False,0.9712822572547445,0.9663497585624883,0.9556419897033298,0.9605220677138608,0.9325301204819277,0.9152433460678066,0.8993646648610767,0.9058042580434054
599,0.004844042914069333,0.01137127841110898,,False,0.9714830806305854,0.9665255585015218,0.9558177870252259,0.9607008764055429,0.9325301204819277,0.9152536579734812,0.8993646648610767,0.9058045693053133
600,0.004838821763775863,0.011381054628455099,,False,0.9712822572547445,0.9658891223757462,0.9556337133957743,0.9603248188734143,0.9325301204819277,0.9152536579734812,0.8993646648610767,0.9058045693053133
601,0.004834284461800713,0.011366637510805876,,False,0.9714830806305854,0.9665425775862901,0.9558177870252259,0.9607087364558361,0.9321285140562249,0.9142359357202413,0.8973070516923524,0.9040415416034292
602,0.004827849382239907,0.011363917432277807,,False,0.9714830806305854,0.9665249384144433,0.9558177870252259,0.9606998719138912,0.9325301204819277,0.9152536579734812,0.8993646648610767,0.9058045693053133
603,0.004822224441093215,0.011366429094652634,,False,0.9715834923185058,0.9666304696298914,0.9559064630915556,0.960795362991361,0.9329317269076305,0.9162411939651511,0.901422278029801,0.907537214105166
604,0.0048166175291025235,0.011363346844264734,,False,0.9715834923185058,0.9666272738128056,0.9559064630915556,0.9607934832937551,0.9329317269076305,0.9162411939651511,0.901422278029801,0.907537214105166
605,0.0048116082470272105,0.011368380430448646,,False,0.9716839040064263,0.9667263804288316,0.9559951391578854,0.9608858414319611,0.9321285140562249,0.9138904880432592,0.9006753104670242,0.9062002337420851
606,0.0048067023733027354,0.011372346482651945,,False,0.9717843156943469,0.9668658487866411,0.9565071719279826,0.9612459358356831,0.9325301204819277,0.9158920953420243,0.9010494219522468,0.9071676580370285
607,0.004800459727584967,0.011355951096232856,,False,0.9717843156943469,0.966864294602495,0.9565071719279826,0.9612438469137923,0.9329317269076305,0.9162411939651511,0.901422278029801,0.907537214105166
608,0.004795612690804196,0.011364976611059724,,False,0.9716839040064263,0.9667142691281249,0.9559951391578854,0.9608816584992681,0.9329317269076305,0.9162411939651511,0.901422278029801,0.907537214105166
609,0.0047915904207322295,0.011350465479387829,,False,0.9714830806305854,0.9665855313746725,0.9562270598831647,0.960961736358904,0.9325301204819277,0.9142395866663863,0.9010481665445784,0.9065697898102228
610,0.004784524868083148,0.011352868158166373,,False,0.9717843156943469,0.9668695690562303,0.9565071719279826,0.961246388138582,0.9329317269076305,0.9162411939651511,0.901422278029801,0.907537214105166
611,0.004779571334300419,0.011347005129856397,,False,0.9717843156943469,0.966856857697868,0.9565071719279826,0.961241203741838,0.9329317269076305,0.9162411939651511,0.901422278029801,0.907537214105166
612,0.004774503281704287,0.011351591176487182,,False,0.9717843156943469,0.966864294602495,0.9565071719279826,0.9612438469137923,0.9321285140562249,0.9138904880432592,0.9006753104670242,0.9062002337420851
613,0.00476917450948612,0.011356650685626399,,False,0.9717843156943469,0.9668706928891299,0.9565071719279826,0.9612469051214038,0.9325301204819277,0.9142395866663863,0.9010481665445784,0.9065697898102228
614,0.004763390704619783,0.011334115087971325,,False,0.9717843156943469,0.966864294602495,0.9565071719279826,0.9612438469137923,0.9329317269076305,0.9162411939651511,0.901422278029801,0.907537214105166
615,0.004763836324934775,0.011361142325032714,,False,0.9716839040064263,0.9667645290398741,0.9564184958616528,0.9611521018100103,0.9317269076305221,0.9145353865346666,0.8986112912797173,0.905062551261618
616,0.004753247580180045,0.011345057637147611,,False,0.9717843156943469,0.9668611757051292,0.9565071719279826,0.9612427024907692,0.9329317269076305,0.9162411939651511,0.901422278029801,0.907537214105166
617,0.004749848121079943,0.011333952763860294,,False,0.9716839040064263,0.9667683011605845,0.9564138012463766,0.9611484776282357,0.9325301204819277,0.9142395866663863,0.9010481665445784,0.9065697898102228
618,0.004742423685594564,0.011330229147717459,,False,0.9717843156943469,0.966864294602495,0.9565071719279826,0.9612438469137923,0.9329317269076305,0.9162411939651511,0.901422278029801,0.907537214105166
619,0.004737850841795211,0.011327432146492915,,False,0.9717843156943469,0.9668666627731244,0.9565071719279826,0.961244682718958,0.9329317269076305,0.9162308820594764,0.901422278029801,0.907536902843258
620,0.004732922152077486,0.011323461867795783,,False,0.9717843156943469,0.9668581347190154,0.9565071719279826,0.9612400664653278,0.9329317269076305,0.9162411939651511,0.901422278029801,0.907537214105166
621,0.00472720714441492,0.01131893885683869,,False,0.9717843156943469,0.9668646045222289,0.9565071719279826,0.9612422311464451,0.9329317269076305,0.9162411939651511,0.901422278029801,0.907537214105166
622,0.004722652621555851,0.01131149913496429,,False,0.9717843156943469,0.9668657302680356,0.9565071719279826,0.9612427485501654,0.9329317269076305,0.9162308820594764,0.901422278029801,0.907536902843258
623,0.004717495978469998,0.011307785759877466,,False,0.9717843156943469,0.9668657302680356,0.9565071719279826,0.9612427485501654,0.9329317269076305,0.9162308820594764,0.901422278029801,0.907536902843258
624,0.004712262851610952,0.011308837955211823,,False,0.9717843156943469,0.9668660411021653,0.9565071719279826,0.9612436769468314,0.9329317269076305,0.9162308820594764,0.901422278029801,0.907536902843258
625,0.004706454138059698,0.011310601010051177,,False,0.9717843156943469,0.9668660411021653,0.9565071719279826,0.9612436769468314,0.9329317269076305,0.9162308820594764,0.901422278029801,0.907536902843258
626,0.0047018503988143995,0.011307290621545342,,False,0.9717843156943469,0.966859933947092,0.9565071719279826,0.9612406922269909,0.9329317269076305,0.9162411939651511,0.901422278029801,0.907537214105166
627,0.004696354159987098,0.0113099438087396,,False,0.9717843156943469,0.9668660411021653,0.9565071719279826,0.9612436769468314,0.9329317269076305,0.9162308820594764,0.901422278029801,0.907536902843258
628,0.004691490230874035,0.011310238154386055,,False,0.9717843156943469,0.9668657302680356,0.9565071719279826,0.9612427485501654,0.9329317269076305,0.9162411939651511,0.901422278029801,0.907537214105166
629,0.004686075417518654,0.011306816806395491,,False,0.9718847273822673,0.9669535855705098,0.9566004642127106,0.9613344288188449,0.9329317269076305,0.9162411939651511,0.901422278029801,0.907537214105166
630,0.004681450030412127,0.011302546505445765,,False,0.9717843156943469,0.9668657302680356,0.9565071719279826,0.9612427485501654,0.9325301204819277,0.9142395866663863,0.9010481665445784,0.9065697898102228
631,0.0046761842873199715,0.011309873848906863,,False,0.9717843156943469,0.9668672482419368,0.9565071719279826,0.9612451255277461,0.9329317269076305,0.9162411939651511,0.901422278029801,0.907537214105166
632,0.004671703522294281,0.011307925510317788,,False,0.9717843156943469,0.9668660411021653,0.9565071719279826,0.9612436769468314,0.9325301204819277,0.9158920953420243,0.9010494219522468,0.9071676580370285
633,0.004667002597590601,0.011307591701649754,,False,0.9718847273822673,0.9669697250671414,0.9566004642127106,0.961341823011831,0.9325301204819277,0.9142395866663863,0.9010481665445784,0.9065697898102228
634,0.004661118067010904,0.01129672241631674,,False,0.9717843156943469,0.9668719725412919,0.9565071719279826,0.9612457674539154,0.9329317269076305,0.9162411939651511,0.901422278029801,0.907537214105166
635,0.004656648114469847,0.01129854195586636,,False,0.9717843156943469,0.9668719725412919,0.9565071719279826,0.9612457674539154,0.9321285140562249,0.9138904880432592,0.9006753104670242,0.9062002337420851
636,0.004651281620468595,0.011295637595466123,,False,0.9718847273822673,0.9669488439412045,0.9566004642127106,0.9613337828539991,0.9329317269076305,0.9162308820594764,0.901422278029801,0.907536902843258
637,0.0046462181602565005,0.01129273047124916,,False,0.9718847273822673,0.9669488439412045,0.9566004642127106,0.9613337828539991,0.9329317269076305,0.9162308820594764,0.901422278029801,0.907536902843258
638,0.004641373004667631,0.011303777010664833,,False,0.9719851390701878,0.9670470397205749,0.9566828908530007,0.9614244168828999,0.9325301204819277,0.9158920953420243,0.9010494219522468,0.9071676580370285
639,0.004637078973256242,0.011297996684852544,,False,0.9718847273822673,0.9669552422278392,0.9566004642127106,0.9613368410616103,0.9329317269076305,0.9162308820594764,0.901422278029801,0.907536902843258
640,0.004631517424045539,0.011285173160032717,,False,0.9718847273822673,0.9669488439412045,0.9566004642127106,0.9613337828539991,0.9329317269076305,0.9162308820594764,0.901422278029801,0.907536902843258
641,0.0046265896497246425,0.011275424169883943,,False,0.9719851390701878,0.9670357798195632,0.9566937564974387,0.9614240472768372,0.9329317269076305,0.9162308820594764,0.901422278029801,0.907536902843258
642,0.004624652253623609,0.011262234813622936,,False,0.9718847273822673,0.9669625895213367,0.9566004642127106,0.9613383237666758,0.9325301204819277,0.9158557294715178,0.9010481665445784,0.9071599381876815
643,0.00461726341592934,0.011275523630249721,,False,0.9718847273822673,0.9669634827938851,0.9566004642127106,0.961338804108081,0.9329317269076305,0.9162411939651511,0.901422278029801,0.907537214105166
644,0.004612975556737595,0.011272421703729356,,False,0.9718847273822673,0.9669634827938851,0.9566004642127106,0.961338804108081,0.9333333333333333,0.9165764807822114,0.9017772656052357,0.9078810876060217
645,0.00460842393413934,0.011274711232345433,,False,0.9720855507581082,0.9671276683234432,0.9567870487821669,0.9615179532735468,0.9333333333333333,0.9165764807822114,0.9017772656052357,0.9078810876060217
646,0.004602134316496756,0.011271991089819598,,False,0.9719851390701878,0.9670425086455956,0.9566937564974387,0.9614280377688043,0.9333333333333333,0.9165652048596787,0.9017772656052357,0.9078808064172981
647,0.004597497812551663,0.0112696432885855,,False,0.9720855507581082,0.9675751196949898,0.9567870487821669,0.9617061474367886,0.9333333333333333,0.9165764807822114,0.9017772656052357,0.9078810876060217
648,0.004592961481807775,0.011262645357117598,,False,0.9720855507581082,0.9671312634021222,0.9567871271790447,0.9615198617711861,0.9333333333333333,0.9165652048596787,0.9017772656052357,0.9078808064172981
649,0.004587968782059352,0.011267775186715413,,False,0.9720855507581082,0.9671397551618247,0.9567870487821669,0.9615230385542538,0.9329317269076305,0.91622833371542,0.9014044095276817,0.9075115007269131
650,0.004583101061648784,0.011262414826098847,,False,0.9722863741339491,0.9673111870774149,0.956962846104063,0.9616991069807084,0.9333333333333333,0.9165652048596787,0.9017772656052357,0.9078808064172981
651,0.004578719169566926,0.011263037058240012,,False,0.9719851390701878,0.9670553399403077,0.9566828908530007,0.9614263795895374,0.9329317269076305,0.9162150109199066,0.9014044095276817,0.907510693110745
652,0.004574246745925578,0.011254504309407653,,False,0.9721859624460287,0.9672427236568202,0.9568649376009364,0.9616121331772965,0.9329317269076305,0.9162150109199066,0.9014044095276817,0.907510693110745
653,0.004568876981816009,0.011260437223731157,,False,0.9722863741339491,0.967319889013187,0.9569737901453789,0.9617091591690696,0.9325301204819277,0.915229550894051,0.8993467963589574,0.905780845285266
654,0.004564158713945165,0.011259883476098503,,False,0.9722863741339491,0.967319889013187,0.9569737901453789,0.9617091591690696,0.9333333333333333,0.9165652048596787,0.9017772656052357,0.9078808064172981
655,0.0045592597066822895,0.011263778984833156,,False,0.9724871975097902,0.96750520873896,0.9571448928519987,0.9618878780365913,0.9329317269076305,0.91622833371542,0.9014044095276817,0.9075115007269131
656,0.004554584531199085,0.011266394060708576,,False,0.9723867858218697,0.9674134112462242,0.9570624662117085,0.9618003022153017,0.9329317269076305,0.9162150109199066,0.9014044095276817,0.907510693110745
657,0.0045506384014614935,0.011249301291778497,,False,0.9724871975097902,0.9679696042353133,0.9571448928519987,0.9620822200949415,0.9333333333333333,0.9165652048596787,0.9017772656052357,0.9078808064172981
658,0.004547164590698916,0.011262417728771046,,False,0.9725876091977106,0.9675941114467351,0.9572335689183284,0.9619766793140901,0.9325301204819277,0.9152084960523212,0.8993391349327065,0.9057756996418875
659,0.004540767476020793,0.011230756714251403,,False,0.9723867858218697,0.9674157484958593,0.9570624662117085,0.9618005774340916,0.9333333333333333,0.9165652048596787,0.9017772656052357,0.9078808064172981
660,0.004536676226968655,0.01124560869348246,,False,0.9724871975097902,0.9675023139539994,0.9571511422780383,0.9618891034928008,0.9329317269076305,0.9155797448338229,0.8997196524365116,0.906150958591819
661,0.004530914498138725,0.011237098902439988,,False,0.9725876091977106,0.967587560928851,0.9572335689183284,0.9619736177349609,0.9329317269076305,0.9155797448338229,0.8997196524365116,0.906150958591819
662,0.004526558687048052,0.011247870422688003,,False,0.9726880208856311,0.9681492406945424,0.9573222449846581,0.9622613113908476,0.9329317269076305,0.9162150109199066,0.9014044095276817,0.907510693110745
663,0.004521574356379029,0.011233851554183648,,False,0.9726880208856311,0.9676825305708243,0.9573222449846581,0.9620645230539162,0.9333333333333333,0.9165652048596787,0.9017772656052357,0.9078808064172981
664,0.004517581455581675,0.01123530568538881,,False,0.9725876091977106,0.9680480969493023,0.957239818344368,0.962169472238288,0.9329317269076305,0.9155797448338229,0.8997196524365116,0.906150958591819
665,0.004513338960636852,0.011227611307059869,,False,0.9727884325735515,0.9677914032867295,0.9574173743606094,0.9621647090561736,0.9325301204819277,0.9158280455229233,0.9010290341523063,0.9071441398278959
666,0.0045081665589699485,0.011216487401141914,,False,0.9727884325735515,0.9677870290417192,0.9574173743606094,0.9621624130955624,0.9329317269076305,0.9155658082055278,0.8997247945649414,0.9061559907822081
667,0.004503007256672493,0.011226238862907918,,False,0.9727884325735515,0.9682286677601043,0.9574173743606094,0.9623485026549867,0.9329317269076305,0.9155658082055278,0.8997247945649414,0.9061559907822081
668,0.004499346854938389,0.011229718326491849,,False,0.9727884325735515,0.968237625229118,0.9574173743606094,0.9623518388113292,0.9333333333333333,0.9165647951545769,0.9017824077336657,0.9078866687946836
669,0.004493676995621677,0.011220546779592716,,False,0.9727884325735515,0.9682381658604989,0.9574173743606094,0.9623528045739435,0.9333333333333333,0.9165512682313837,0.9017824077336657,0.9078858386076871
670,0.0044889452255491465,0.011228566596277825,,False,0.9727884325735515,0.9677941097810301,0.9574173743606094,0.9621664407382404,0.9333333333333333,0.9165512682313837,0.9017824077336657,0.9078858386076871
671,0.004486184587507662,0.011218493967595689,,False,0.972888844261472,0.968371743020861,0.9579294071307066,0.9627074852659191,0.9333333333333333,0.9165512682313837,0.9017824077336657,0.9078858386076871
672,0.004479610543163679,0.011215844867663333,,False,0.9727884325735515,0.9682376132639487,0.9574173743606094,0.9623526382622976,0.9333333333333333,0.9165512682313837,0.9017824077336657,0.9078858386076871
673,0.004476077559581911,0.011221424333973301,,False,0.9727884325735515,0.9682352078680343,0.9574173743606094,0.9623515645350503,0.9333333333333333,0.9159516043646262,0.9001001699403167,0.9065225924073361
674,0.00447327051123619,0.011215451916013284,,False,0.9727884325735515,0.9682232674660902,0.9574173743606094,0.9623465560981261,0.9333333333333333,0.9159516043646262,0.9001001699403167,0.9065225924073361
675,0.004466554571683003,0.011216118554505137,,False,0.972888844261472,0.9683683307824086,0.9579294071307066,0.9627053291073722,0.9329317269076305,0.9161999050537264,0.9014095516561115,0.9075157736434127
676,0.004462036500122993,0.011215395364741967,,False,0.972888844261472,0.9683690357300843,0.9579294071307066,0.9627055339893048,0.9333333333333333,0.9165512682313837,0.9017824077336657,0.9078858386076871
677,0.004456791548890323,0.01120629008133374,,False,0.972888844261472,0.9683621025775637,0.9579294071307066,0.9627023458538806,0.9333333333333333,0.9165512682313837,0.9017824077336657,0.9078858386076871
678,0.004452287419741167,0.01120252083553859,,False,0.972888844261472,0.9683621025775637,0.9579294071307066,0.9627023458538806,0.9333333333333333,0.9165512682313837,0.9017824077336657,0.9078858386076871
679,0.00444829984493334,0.011201709296165497,,False,0.972888844261472,0.9683623327551929,0.9579294071307066,0.9627032342380536,0.9333333333333333,0.9165512682313837,0.9017824077336657,0.9078858386076871
680,0.0044434498058165415,0.011203026299096001,,False,0.972888844261472,0.9683621025775637,0.9579294071307066,0.9627023458538806,0.9333333333333333,0.9165512682313837,0.9017824077336657,0.9078858386076871
681,0.004439075480528476,0.011196946843757317,,False,0.972888844261472,0.9688157964360953,0.9579294071307066,0.9628931949603358,0.9329317269076305,0.9161999050537264,0.9014095516561115,0.9075157736434127
682,0.00443439869886206,0.011198871693259905,,False,0.972888844261472,0.9688221801259057,0.9579294071307066,0.9628962952972532,0.9329317269076305,0.9161999050537264,0.9014095516561115,0.9075157736434127
683,0.004431514796140239,0.01119447580302515,,False,0.972888844261472,0.9683621025775637,0.9579294071307066,0.9627023458538806,0.9329317269076305,0.9161999050537264,0.9014095516561115,0.9075157736434127
684,0.004425194135806679,0.011191996890780674,,False,0.972888844261472,0.9683667214373359,0.9579294071307066,0.9627047302016377,0.9333333333333333,0.9165512682313837,0.9017824077336657,0.9078858386076871
685,0.004420922165408891,0.011196458469772082,,False,0.9729892559493926,0.9684519346153517,0.9580227778123126,0.9627955289576146,0.9333333333333333,0.9165512682313837,0.9017824077336657,0.9078858386076871
686,0.0044161505590704355,0.01119167444310262,,False,0.972888844261472,0.9688160266137245,0.9579294071307066,0.9628940833445088,0.9333333333333333,0.9165512682313837,0.9017824077336657,0.9078858386076871
687,0.004411808092818915,0.011189418090504388,,False,0.972888844261472,0.9688160266137245,0.9579294071307066,0.9628940833445088,0.9333333333333333,0.9165638989255229,0.9017824077336657,0.9078856554942725
688,0.004407676574475681,0.011186322721616473,,False,0.9729892559493926,0.9684586069095089,0.9580201100785524,0.9627957114300661,0.9333333333333333,0.9165512682313837,0.9017824077336657,0.9078858386076871
689,0.00440290115157526,0.011189571795286578,,False,0.972888844261472,0.9688157964360953,0.9579294071307066,0.9628931949603358,0.9333333333333333,0.9165638989255229,0.9017824077336657,0.9078856554942725
690,0.004398811565551463,0.011192616138590161,,False,0.972888844261472,0.9683687167124087,0.9579294071307066,0.9627062567796573,0.9333333333333333,0.9165638989255229,0.9017824077336657,0.9078856554942725
691,0.004394450343658247,0.011185130470814441,,False,0.9729892559493926,0.9689085236952669,0.9580226994154347,0.9629872454551243,0.9333333333333333,0.9165638989255229,0.9017824077336657,0.9078856554942725
692,0.004389382971505215,0.011185511205078517,,False,0.9729892559493926,0.9689123007680406,0.9580201100785524,0.9629865605365215,0.9329317269076305,0.9162125357478659,0.9014095516561115,0.9075155905299983
693,0.00438494541462006,0.011184529429269062,,False,0.973089667637313,0.9690019910898214,0.9581134807601583,0.9630789736216947,0.9333333333333333,0.9165512682313837,0.9017824077336657,0.9078858386076871
694,0.0043808611664169165,0.011187265713696508,,False,0.973089667637313,0.9690059219521968,0.9581114538786424,0.9630798316482164,0.9333333333333333,0.9165638989255229,0.9017824077336657,0.9078856554942725
695,0.0043765712095342885,0.011174308377378433,,False,0.973089667637313,0.9690019910898214,0.9581134807601583,0.9630789736216947,0.9329317269076305,0.9155784388996673,0.8997247945649414,0.9061558076687936
696,0.004372669108871744,0.011177875719925751,,False,0.9732904910131539,0.9687391058118836,0.9582972078055614,0.9630739024710534,0.9333333333333333,0.9165638989255229,0.9017824077336657,0.9078856554942725
697,0.00436786081206869,0.011174485514953097,,False,0.9732904910131539,0.9691917464885328,0.9583019808177156,0.9632688096715073,0.9329317269076305,0.9155784388996673,0.8997247945649414,0.9061558076687936
698,0.004363040646347463,0.011169865136489406,,False,0.9733909027010744,0.9692822632016826,0.9583905784871674,0.9633579791661996,0.9333333333333333,0.9165512682313837,0.9017824077336657,0.9078858386076871
699,0.004358493095466864,0.011165748752283593,,False,0.9732904910131539,0.9691893860223383,0.9582972862024393,0.9632630391015881,0.9329317269076305,0.9161999050537264,0.9014095516561115,0.9075157736434127
700,0.00435520293855288,0.011169183887945407,,False,0.9733909027010744,0.9692885917902263,0.9583843290611278,0.9633581046739675,0.9325301204819277,0.915208471233248,0.8993442770611362,0.9057811947474979
701,0.004349497900944831,0.01115862910532529,,False,0.9734913143889948,0.9693740558206037,0.9584730051274575,0.9634454455462106,0.9333333333333333,0.9165638989255229,0.9017824077336657,0.9078856554942725
702,0.004345319097013334,0.011154792500815464,,False,0.9734913143889948,0.9693740558206037,0.9584730051274575,0.9634454455462106,0.9325301204819277,0.91522707572201,0.8993519384873873,0.9057857427045192
703,0.004342855174806028,0.011152530316263055,,False,0.9734913143889948,0.969380823022004,0.9584730051274575,0.9634478207714354,0.9329317269076305,0.9155393827822333,0.8997196524365116,0.906150400790745
704,0.00433709211167763,0.011154621567402413,,False,0.9733909027010744,0.9692950370758722,0.9583796344458515,0.9633564503228447,0.9329317269076305,0.9162125357478659,0.9014095516561115,0.9075155905299983
705,0.0043321192790056464,0.01115742086772431,,False,0.9735917260769154,0.969474334375609,0.9585616811937872,0.9635387846292232,0.9329317269076305,0.9162125357478659,0.9014095516561115,0.9075155905299983
706,0.004327902347899055,0.011149572785520695,,False,0.9734913143889948,0.9693739774677829,0.9584730051274575,0.9634445169903285,0.9333333333333333,0.9165638989255229,0.9017824077336657,0.9078856554942725
707,0.004325048531730854,0.011151754756550449,,False,0.9734913143889948,0.9693955464787705,0.9584683105121812,0.9634498250478504,0.9329317269076305,0.9162125357478659,0.9014095516561115,0.9075155905299983
708,0.004319272104331527,0.011148167479687828,,False,0.9735917260769154,0.9694747514800738,0.9585663758090635,0.9635423122445255,0.9329317269076305,0.9155695389665,0.8997273138627627,0.9061541385819621
709,0.0043152829055247595,0.011147782645461016,,False,0.9736921377648359,0.9695687363391698,0.9586550518753931,0.9636326681198114,0.9329317269076305,0.9155784388996673,0.8997247945649414,0.9061558076687936
710,0.004310679270623524,0.011138122621724962,,False,0.9735917260769154,0.9694683776466744,0.9585663758090635,0.9635392893900545,0.9329317269076305,0.9155784388996673,0.8997247945649414,0.9061558076687936
711,0.004306973615737421,0.011139676675855152,,False,0.9735917260769154,0.9694905948449607,0.9585616811937872,0.9635448662798703,0.9333333333333333,0.915920902144157,0.9001001699403167,0.9065242035462364
712,0.004302256223124466,0.011134277782918957,,False,0.9735917260769154,0.9694794314345015,0.9585616811937872,0.9635404087672601,0.9333333333333333,0.915920902144157,0.9001001699403167,0.9065242035462364
713,0.0042978404365898665,0.011132619089675168,,False,0.9736921377648359,0.9695622973873029,0.9586550518753931,0.9636296461124034,0.9333333333333333,0.915920902144157,0.9001001699403167,0.9065242035462364
714,0.004294437940125815,0.011133328143770277,,False,0.9737925494527563,0.969699916688385,0.9591675578077283,0.9639853197372528,0.9333333333333333,0.9165549989923556,0.9017849270314868,0.9078839864074411
715,0.004289861722735992,0.011133825628801875,,False,0.9737925494527563,0.969699916688385,0.9591675578077283,0.9639853197372528,0.9333333333333333,0.9165549989923556,0.9017849270314868,0.9078839864074411
716,0.004285247407750819,0.01112859421018552,,False,0.9737925494527563,0.9696517370627067,0.9587484225569991,0.9637218997677329,0.9333333333333333,0.915920902144157,0.9001001699403167,0.9065242035462364
717,0.004281801107832828,0.011129496554259186,,False,0.9737925494527563,0.9696762825775038,0.9591717792607667,0.963981603410748,0.9333333333333333,0.915920902144157,0.9001001699403167,0.9065242035462364
718,0.004276836174818949,0.011125063653355262,,False,0.9738929611406768,0.9697831468834459,0.9592604553270964,0.9640772070905947,0.9333333333333333,0.915920902144157,0.9001001699403167,0.9065242035462364
719,0.004274878448134027,0.011137272649920177,,False,0.9737925494527563,0.9696826564109033,0.9591717792607667,0.9639846262652187,0.9329317269076305,0.9155509344777377,0.8997196524365116,0.9061495906249407
720,0.004268482235211274,0.0111197544830208,,False,0.9739933728285972,0.9698766863228904,0.9593542991709403,0.9641700131699508,0.9337349397590361,0.9169063621700128,0.9021577831090409,0.9082540513717154
721,0.004264159825149618,0.011120757214469154,,False,0.9739933728285972,0.969878554212417,0.9593542991709403,0.9641706810760081,0.9333333333333333,0.915920902144157,0.9001001699403167,0.9065242035462364
722,0.004259954673692959,0.011114556185591686,,False,0.9739933728285972,0.9698721152605501,0.9593542991709403,0.9641676590686001,0.9333333333333333,0.915920902144157,0.9001001699403167,0.9065242035462364
723,0.004255970715529839,0.011112323855110427,,False,0.9739933728285972,0.9698766863228904,0.9593542991709403,0.9641700131699508,0.9333333333333333,0.915920902144157,0.9001001699403167,0.9065242035462364
724,0.004252027746832507,0.011114534354528324,,False,0.9739933728285972,0.9698828143630779,0.9593542991709403,0.9641721360060956,0.9325301204819277,0.9151920790565635,0.8993532023775401,0.9057765862911062
725,0.004247851046979399,0.01110399055446389,,False,0.9739933728285972,0.969876927144226,0.9593542991709403,0.9641692807745841,0.9329317269076305,0.9155695389665,0.8997273138627627,0.9061541385819621
726,0.0042444610774459626,0.011095066685003145,,False,0.9739933728285972,0.969876927144226,0.9593542991709403,0.9641692807745841,0.9329317269076305,0.9155695389665,0.8997273138627627,0.9061541385819621
727,0.004239646376825021,0.011110013068672542,,False,0.9739933728285972,0.9698845755023486,0.9593542991709403,0.9641735704271349,0.9333333333333333,0.915920902144157,0.9001001699403167,0.9065242035462364
728,0.004236273072123276,0.01112213459729093,,False,0.9740937845165177,0.9699640330166124,0.95944297523727,0.9642579039831626,0.9329317269076305,0.9155695389665,0.8997273138627627,0.9061541385819621
729,0.004231513413558448,0.01111094249811305,,False,0.9739933728285972,0.9698845755023486,0.9593542991709403,0.9641735704271349,0.9329317269076305,0.9155695389665,0.8997273138627627,0.9061541385819621
730,0.004227366631314146,0.011104721080991305,,False,0.9739933728285972,0.9698766863228904,0.9593542991709403,0.9641700131699508,0.9329317269076305,0.9155695389665,0.8997273138627627,0.9061541385819621
731,0.004224235852903574,0.011103000564462723,,False,0.9740937845165177,0.96997130118274,0.9594481430147841,0.9642632311150994,0.9329317269076305,0.9155434422342206,0.8997260584550941,0.9061466512553804
732,0.004219825815338801,0.011103264111120089,,False,0.9739933728285972,0.9698827363598238,0.9593542991709403,0.9641720580069949,0.9325301204819277,0.9151920790565635,0.8993532023775401,0.9057765862911062
733,0.004215362048483884,0.01110327610860091,,False,0.9740937845165177,0.9699825100552312,0.9594481430147841,0.9642694897944357,0.9329317269076305,0.9155695389665,0.8997273138627627,0.9061541385819621
734,0.00421128554412843,0.011100800752408314,,False,0.9739933728285972,0.9698721152605501,0.9593542991709403,0.9641676590686001,0.9333333333333333,0.915920902144157,0.9001001699403167,0.9065242035462364
735,0.004208477420185303,0.011105132314212162,,False,0.9739933728285972,0.969889146564689,0.9593542991709403,0.9641759245284854,0.9325301204819277,0.9151995713000807,0.8993467963589574,0.9057795256606664
736,0.004203977557398169,0.011099154482673634,,False,0.9740937845165177,0.9699825100552312,0.9594481430147841,0.9642694897944357,0.9325301204819277,0.9151995713000807,0.8993467963589574,0.9057795256606664
737,0.004199534398061101,0.011092549822832823,,False,0.9741941962044381,0.9700602521973646,0.9595368190811138,0.9643515945304052,0.9325301204819277,0.9151920790565635,0.8993532023775401,0.9057765862911062
738,0.00419626611900324,0.011089704344258171,,False,0.9741941962044381,0.9705113312284439,0.9595415136963901,0.9645462940897982,0.9329317269076305,0.9155509344777377,0.8997196524365116,0.9061495906249407
739,0.0041919523573214,0.01108582996535889,,False,0.9740937845165177,0.9704232796995655,0.95944297523727,0.964450017638465,0.9325301204819277,0.9151920790565635,0.8993532023775401,0.9057765862911062
740,0.004187474800199534,0.01109207599638076,,False,0.9741941962044381,0.9700666492100394,0.9595368190811138,0.9643553822077455,0.9329317269076305,0.9155695389665,0.8997273138627627,0.9061541385819621
741,0.004183739516968304,0.011095405564852858,,False,0.9742946078923587,0.970151542368368,0.9596301897627197,0.9644460714038632,0.9329317269076305,0.9155695389665,0.8997273138627627,0.9061541385819621
742,0.004179782620857732,0.011092882237027538,,False,0.9742946078923587,0.9701561489012563,0.9596301897627197,0.9644476316836749,0.9329317269076305,0.9161785739454973,0.9014108155462642,0.9075063779206047
743,0.004175547336818445,0.01107951653922557,,False,0.9742946078923587,0.9701436331860833,0.9596301897627197,0.9644417213091834,0.9325301204819277,0.9151920790565635,0.8993532023775401,0.9057765862911062
744,0.0041728454163266785,0.011077335366159223,,False,0.9742946078923587,0.9705953405531648,0.9596301897627197,0.9646321881803431,0.9329317269076305,0.9155509344777377,0.8997196524365116,0.9061495906249407
745,0.00416987908416784,0.011080913516087785,,False,0.9742946078923587,0.970161598346757,0.9596275220289596,0.9644464983768857,0.9329317269076305,0.915555098816135,0.8997081899529749,0.9061318978331973
746,0.004163776325973556,0.011075816617519225,,False,0.9742946078923587,0.9701561489012563,0.9596301897627197,0.9644476316836749,0.9325301204819277,0.9151920790565635,0.8993532023775401,0.9057765862911062
747,0.004162067032725369,0.01107484979466334,,False,0.9742946078923587,0.970151542368368,0.9596301897627197,0.9644460714038632,0.9325301204819277,0.9151995713000807,0.8993467963589574,0.9057795256606664
748,0.004156048669142162,0.011072716776510675,,False,0.9742946078923587,0.9701495110672459,0.9596301897627197,0.9644445764017012,0.9329317269076305,0.9155695389665,0.8997273138627627,0.9061541385819621
749,0.004153058860918729,0.011066782439268862,,False,0.9744954312681996,0.9707956204812584,0.9598095687768953,0.9648183584928542,0.9329317269076305,0.915555098816135,0.8997081899529749,0.9061318978331973
750,0.004148382927707682,0.011067015774476252,,False,0.9744954312681996,0.9708358150062588,0.9602329254806629,0.9650856004810099,0.9329317269076305,0.9155695389665,0.8997273138627627,0.9061541385819621
751,0.004145512756957941,0.011070364669094938,,False,0.9746962546440405,0.9710259678170637,0.9604102776133223,0.9652661493268011,0.9329317269076305,0.915555098816135,0.8997081899529749,0.9061318978331973
752,0.004142334113736773,0.011069626860002745,,False,0.9746962546440405,0.9710193561489172,0.9604102776133223,0.9652631349627973,0.9329317269076305,0.915555098816135,0.8997081899529749,0.9061318978331973
753,0.004137073770778481,0.0110595928023356,,False,0.9745958429561201,0.9709234696732228,0.9603216015469926,0.9651729470596222,0.9325301204819277,0.9151920790565635,0.8993532023775401,0.9057765862911062
754,0.004133197923455601,0.011063076719013779,,False,0.9746962546440405,0.9705723166180553,0.9604102776133223,0.9650747230373289,0.9325301204819277,0.9151920790565635,0.8993532023775401,0.9057765862911062
755,0.004129509613031788,0.011065380958701776,,False,0.9746962546440405,0.9710188790152411,0.9604102776133223,0.9652637893566758,0.9329317269076305,0.9155695389665,0.8997273138627627,0.9061541385819621
756,0.004125686653735835,0.0110573931651581,,False,0.9746962546440405,0.9710188790152411,0.9604102776133223,0.9652637893566758,0.9329317269076305,0.915555098816135,0.8997081899529749,0.9061318978331973
757,0.004121844369504345,0.011051487267534025,,False,0.974796666331961,0.9710995671167724,0.9605035698980503,0.9653520897652109,0.9329317269076305,0.9155434422342206,0.8997260584550941,0.9061466512553804
758,0.004118697804496057,0.011057144342885504,,False,0.9746962546440405,0.9710045406922272,0.9604128669502044,0.9652600832411952,0.9329317269076305,0.9155434422342206,0.8997260584550941,0.9061466512553804
759,0.004114872060682484,0.011063139282182027,,False,0.9745958429561201,0.9709320643986177,0.9603195746654765,0.965174619368557,0.9329317269076305,0.915555098816135,0.8997081899529749,0.9061318978331973
760,0.0041106338847085476,0.011052093245253506,,False,0.9746962546440405,0.9710204791550162,0.9604102776133223,0.9652636115285692,0.9325301204819277,0.9151920790565635,0.8993532023775401,0.9057765862911062
761,0.004106986561834071,0.011050319593564768,,False,0.974796666331961,0.9711120746859443,0.9605035698980503,0.965357928671636,0.9329317269076305,0.915555098816135,0.8997081899529749,0.9061318978331973
762,0.00410315993677556,0.011045435845947566,,False,0.974796666331961,0.9711120746859443,0.9605035698980503,0.965357928671636,0.9329317269076305,0.915555098816135,0.8997081899529749,0.9061318978331973
763,0.004099699072729943,0.011046854889414717,,False,0.974796666331961,0.9710995671167724,0.9605035698980503,0.9653520897652109,0.9329317269076305,0.9155434422342206,0.8997260584550941,0.9061466512553804
764,0.0040964185334794135,0.011054065830817934,,False,0.974796666331961,0.9711054892466241,0.9605061592349325,0.9653576520797613,0.9325301204819277,0.9151920790565635,0.8993532023775401,0.9057765862911062
765,0.0040930351553142875,0.011041950788251341,,False,0.9748970780198816,0.9712022879170724,0.9605986992740017,0.9654489456031998,0.9329317269076305,0.915555098816135,0.8997081899529749,0.9061318978331973
766,0.004089147712386536,0.01103121187971049,,False,0.974997489707802,0.971282483101223,0.9606919915587296,0.9655386518126794,0.9333333333333333,0.9159055035917277,0.9000810460305289,0.9065019918478154
767,0.004085346262958756,0.011044146034912095,,False,0.974997489707802,0.9712962801063916,0.9606919915587296,0.9655442755133752,0.9329317269076305,0.915555098816135,0.8997081899529749,0.9061318978331973
768,0.004081278138149723,0.011033314246663508,,False,0.9748970780198816,0.9712079842484983,0.9605986992740017,0.965452543417314,0.9329317269076305,0.915555098816135,0.8997081899529749,0.9061318978331973
769,0.004077602353022075,0.011037944513342115,,False,0.974997489707802,0.9712962801063916,0.9606919915587296,0.9655442755133752,0.9329317269076305,0.915555098816135,0.8997081899529749,0.9061318978331973
770,0.00407447641293833,0.01102095408592108,,False,0.9748970780198816,0.9711964140594154,0.9605986992740017,0.9654461262521193,0.9329317269076305,0.915555098816135,0.8997081899529749,0.9061318978331973
771,0.004071266312033642,0.011020067477320218,,False,0.9748970780198816,0.9711980102626566,0.9605986992740017,0.9654467698465292,0.9329317269076305,0.9155774346616735,0.8997041971867034,0.9061412458119376
772,0.004067266341572093,0.011025895200142317,,False,0.974997489707802,0.9712862283128574,0.9606919915587296,0.9655385028653869,0.9329317269076305,0.9161783502043218,0.9014108155462642,0.9075034849553913
773,0.004064286460682772,0.011019069308776927,,False,0.974796666331961,0.9710933567420109,0.9605035698980503,0.9653491777659506,0.9333333333333333,0.9159084281362238,0.9000815778798701,0.9065141370954137
774,0.004060325238877563,0.011029700768524324,,False,0.9748970780198816,0.9712017375208885,0.9605968621827784,0.9654494446235832,0.9333333333333333,0.915920296502337,0.9000631775284097,0.9064872013250849
775,0.004056878616661689,0.01100954702652348,,False,0.9748970780198816,0.9711964140594154,0.9605986992740017,0.9654461262521193,0.9329317269076305,0.9155477855354542,0.8996972593187795,0.9061248539649674
776,0.004052760722298342,0.011018829028758035,,False,0.9748970780198816,0.9711952593013906,0.9605968621827784,0.9654464643405986,0.9333333333333333,0.9159009358927066,0.9000879838984529,0.9065111977258533
777,0.004049084706983677,0.011022270974587963,,False,0.974997489707802,0.9713253068503849,0.9611088949528757,0.9657996156564569,0.9329317269076305,0.915555098816135,0.8997081899529749,0.9061318978331973
778,0.004045452899923228,0.011018881223894805,,False,0.9748970780198816,0.9712017375208885,0.9605968621827784,0.9654494446235832,0.9337349397590361,0.9162837996295011,0.900399821957494,0.9068404664613294
779,0.004042881513646228,0.011015352724308036,,False,0.974997489707802,0.971741942143855,0.9606907853536247,0.9657305170077878,0.9329317269076305,0.9155039287160383,0.8997074663946475,0.9061248056503624
780,0.004038428189651997,0.011012856321580304,,False,0.9751983130836429,0.971947228692117,0.9608766176774218,0.9659237018501433,0.934136546184739,0.9166300223068062,0.900754809532929,0.90718563554324
781,0.00403466112723339,0.011015000444352514,,False,0.9751983130836429,0.9715182488645178,0.9612947272766728,0.9659870014632203,0.934136546184739,0.9166300223068062,0.900754809532929,0.90718563554324
782,0.004033445405643329,0.011018550326130756,,False,0.9751983130836429,0.9719639291962413,0.9612979474996732,0.9661778861550427,0.9345381526104418,0.9176325388618264,0.9028054848337295,0.908904342030202
783,0.004027897091842062,0.011010724539869938,,False,0.9751983130836429,0.9719670793988604,0.9612935210715678,0.9661762271161801,0.9333333333333333,0.9159028348024911,0.90002696587994,0.9064585854798458
784,0.004025224815370734,0.011013123537941753,,False,0.9752987247715634,0.9720680249562972,0.9613886504475191,0.9662740388861284,0.9333333333333333,0.9159094653568618,0.9000193044536888,0.9064653906823258
785,0.00402064098731783,0.011012177903986535,,False,0.9752987247715634,0.9720680249562972,0.9613886504475191,0.9662740388861284,0.9345381526104418,0.9176152567033644,0.9028124227016533,0.908912583400919
786,0.004017327585838875,0.011006502918610703,,False,0.9752987247715634,0.9720616216953358,0.9613886504475191,0.9662710574313049,0.934136546184739,0.9172524144434261,0.9024395666240991,0.9085408949908295
787,0.00401370592107232,0.011010400532560133,,False,0.9752987247715634,0.9720680249562972,0.9613886504475191,0.9662740388861284,0.9345381526104418,0.9176152567033644,0.9028124227016533,0.908912583400919
788,0.0040103891074355505,0.010998244779053404,,False,0.9752987247715634,0.9720616216953358,0.9613886504475191,0.9662710574313049,0.9333333333333333,0.9159028348024911,0.90002696587994,0.9064585854798458
789,0.0040070745016419305,0.010993520185112347,,False,0.9753991364594838,0.9721347314574101,0.9614819427322472,0.966356605906167,0.934136546184739,0.917237279828318,0.9024574351262183,0.9085563513448649
790,0.004003863611155752,0.010994973854528856,,False,0.9753991364594838,0.9721347314574101,0.9614819427322472,0.966356605906167,0.9345381526104418,0.9175997594488676,0.9028315466114409,0.9089278830346288
791,0.004000106996378337,0.010997024667231079,,False,0.9753991364594838,0.9721401849884879,0.9614819427322472,0.9663593183531819,0.934136546184739,0.917237279828318,0.9024574351262183,0.9085563513448649
792,0.003996816643014185,0.010997466076226184,,False,0.9754995481474044,0.9722279404380867,0.9615643693725373,0.9664446650182216,0.9349397590361446,0.917965580711988,0.9031852787792073,0.9092832812356048
793,0.003992994359249437,0.010988031348296302,,False,0.9753991364594838,0.9726105925936012,0.9614819427322472,0.9665592817247752,0.9345381526104418,0.9176028966002231,0.9028124227016533,0.9089122885486614
794,0.003992523101513931,0.01098570794119985,,False,0.9755999598353249,0.9723317208013498,0.9616594987484886,0.9665409675090113,0.9353413654618474,0.9183774941056121,0.9034861862040532,0.909610791089781
795,0.003986307315095636,0.010989189865539867,,False,0.9754995481474044,0.9722421035995767,0.9615643693725373,0.9664504268395078,0.9345381526104418,0.9176302883081249,0.9027692731852598,0.9088854676240768
796,0.003983707261264096,0.010986889684048156,,False,0.9754995481474044,0.9727143226500272,0.9615753134138532,0.9666573958835429,0.9333333333333333,0.9165091845894526,0.9017040615448592,0.9078093338334274
797,0.003979379449407994,0.0109887556426223,,False,0.9755999598353249,0.9732757598799743,0.9616576616572653,0.9669402670023334,0.9345381526104418,0.9176152567033644,0.9028124227016533,0.908912583400919
798,0.003976091462531841,0.010981759587417806,,False,0.9755999598353249,0.9732677000187743,0.9616686056985811,0.9669444670971864,0.9353413654618474,0.9183405563718767,0.9035472042225661,0.9096521589085569
799,0.003973226910820825,0.010988090533339212,,False,0.9757003715232453,0.9729153886706613,0.9621696944273626,0.967088188041482,0.9353413654618474,0.9183614319865071,0.9035293357204467,0.9096379548394409
800,0.003969974165741866,0.010982371586336939,,False,0.9755999598353249,0.9727974047572704,0.9616576616572653,0.9667391246501672,0.9353413654618474,0.9183614319865071,0.9035293357204467,0.9096379548394409
801,0.003965923738512299,0.01097414982396104,,False,0.9755999598353249,0.9732616745328109,0.9616576616572653,0.9669345043096901,0.9349397590361446,0.9180062944823582,0.9031311986286185,0.9092542973242111
802,0.0039625211323794365,0.010971177684951887,,False,0.9754995481474044,0.9731799948427347,0.9615752350169752,0.9668520711212598,0.9353413654618474,0.9184019095565754,0.903493124071977,0.9096266373578492
803,0.003959192495037559,0.010972641721576276,,False,0.9755999598353249,0.9732616745328109,0.9616576616572653,0.9669345043096901,0.9357429718875502,0.9187302023196158,0.9039091296659245,0.9100240395494108
804,0.003956496432450272,0.01097666194737184,,False,0.9758007832111658,0.9734771570984072,0.9622630651089685,0.9673812535728127,0.9357429718875502,0.9186961623843156,0.9039200603001201,0.9100295576241678
805,0.0039525200654916175,0.010967940198213304,,False,0.9754995481474044,0.9731799948427347,0.9615752350169752,0.9668520711212598,0.9357429718875502,0.9187554252071504,0.9038659801495312,0.9100055207853478
806,0.003949668772434373,0.01096669293777318,,False,0.9755999598353249,0.973262381462346,0.9616576616572653,0.9669338879503994,0.9365461847389558,0.9194848647301959,0.9045938238025202,0.9107331960797678
807,0.003946110564102553,0.01096435547467708,,False,0.9757003715232453,0.9733768605399573,0.9621696944273626,0.9672837237675724,0.9365461847389558,0.9194848647301959,0.9045938238025202,0.9107331960797678
808,0.00394265145408861,0.01096955738856203,,False,0.9758007832111658,0.9734771570984072,0.9622630651089685,0.9673812535728127,0.9357429718875502,0.9187554252071504,0.9038659801495312,0.9100055207853478
809,0.003939027392814411,0.010969044984690162,,False,0.9757003715232453,0.9733829959561819,0.9621696944273626,0.9672866369386716,0.936144578313253,0.9191266248304042,0.904220967724966,0.9103620145509177
810,0.003936398848174929,0.010968118217204599,,False,0.9758007832111658,0.973464544881764,0.9622630651089685,0.9673761146897273,0.9353413654618474,0.9183740791039985,0.903485462645726,0.9096287098301666
811,0.003932629710826488,0.010971240686757783,,False,0.9758007832111658,0.9730015998819476,0.9622630651089685,0.9671799551540793,0.9357429718875502,0.9187554252071504,0.9038659801495312,0.9100055207853478
812,0.003929293328482621,0.010963169706465617,,False,0.9758007832111658,0.9734771570984072,0.9622630651089685,0.9673812535728127,0.936144578313253,0.9191136651069419,0.9042388362270852,0.9103767023141979
813,0.003925838098521051,0.010960756500511332,,False,0.9758007832111658,0.9734771570984072,0.9622630651089685,0.9673812535728127,0.936144578313253,0.9191136651069419,0.9042388362270852,0.9103767023141979
814,0.0039226810928334015,0.010956146086479988,,False,0.9758007832111658,0.9734707011322214,0.9622630651089685,0.9673790329145984,0.936144578313253,0.9191522232963472,0.9042279055928897,0.9103778736574645
815,0.003919519096322916,0.010963201105284735,,False,0.9757003715232453,0.9733829959561819,0.9621696944273626,0.9672866369386716,0.9365461847389558,0.9194848647301959,0.9045938238025202,0.9107331960797678
816,0.003915982519870655,0.010952265600855318,,False,0.9758007832111658,0.973464544881764,0.9622630651089685,0.9673761146897273,0.936144578313253,0.9191522232963472,0.9042279055928897,0.9103778736574645
817,0.003912887175030414,0.01094816235970252,,False,0.9758007832111658,0.973464544881764,0.9622630651089685,0.9673761146897273,0.936144578313253,0.9191522232963472,0.9042279055928897,0.9103778736574645
818,0.003909666946268331,0.010948312718461015,,False,0.9758007832111658,0.9734663557629365,0.9622648238033139,0.9673750784816,0.9369477911646586,0.9198208158325567,0.9049858037898618,0.9111184660742064
819,0.003906560607746137,0.010944605212816575,,False,0.9758007832111658,0.9734718092940143,0.9622648238033139,0.9673777909286149,0.936144578313253,0.9191266248304042,0.904220967724966,0.9103620145509177
820,0.0039033462453659075,0.010946971537438935,,False,0.9759011948990862,0.9740377100292845,0.9623454917492587,0.9676635993517598,0.9365461847389558,0.919509519819675,0.9046020170781124,0.9107490103855042
821,0.0039002998980079227,0.01094847028619505,,False,0.9760016065870067,0.9741381856844102,0.9624279183895488,0.9677540735382136,0.9365461847389558,0.919509519819675,0.9046020170781124,0.9107490103855042
822,0.0038982787486254683,0.010946267830710607,,False,0.9759011948990862,0.9740554881463859,0.962347250443604,0.9676694077153726,0.9365461847389558,0.9200949154815343,0.9062785808936903,0.9120625592176241
823,0.0038937476776854376,0.01094190920857759,,False,0.9759011948990862,0.97404230235189,0.9623454917492587,0.9676666768235391,0.9369477911646586,0.9198208158325567,0.9049858037898618,0.9111184660742064
824,0.003890704550563961,0.010936072416923157,,False,0.9759011948990862,0.9740483532826514,0.962347250443604,0.9676670391593905,0.9369477911646586,0.920453155381326,0.9066514369712443,0.9124337407464742
825,0.0038874371677213248,0.010938758647216114,,False,0.9760016065870067,0.9741604122181128,0.9628592832137013,0.9680149071472113,0.9369477911646586,0.919840106138417,0.9049679352877428,0.9111044121109093
826,0.003884305450949612,0.01094072482161351,,False,0.9762024299628477,0.9743545675124269,0.9630350805355974,0.9681999590087196,0.9365461847389558,0.9194848647301959,0.9045938238025202,0.9107331960797678
827,0.0038810044124423706,0.010939645296134679,,False,0.9762024299628477,0.9743433069142511,0.9630350805355974,0.9681945877763369,0.9365461847389558,0.919523422919601,0.9045828931683246,0.9107343674230344
828,0.0038780066865353882,0.01093365342748064,,False,0.9762024299628477,0.9743414499592533,0.9630350805355974,0.9681946739622812,0.9369477911646586,0.9198208158325567,0.9049858037898618,0.9111184660742064
829,0.003875242555082248,0.010928766603396348,,False,0.9762024299628477,0.974347665512968,0.9630350805355974,0.968197627527359,0.9369477911646586,0.9198520293890328,0.9049493432272961,0.9110994080309484
830,0.0038715219866554094,0.010928819586959328,,False,0.9762024299628477,0.9743433069142511,0.9630350805355974,0.9681945877763369,0.9377510040160643,0.9205823348071929,0.9057027168086554,0.9118475532529826
831,0.0038690243849510836,0.010939548919053516,,False,0.9762024299628477,0.9743564244674248,0.9630350805355974,0.9681998728227753,0.9369477911646586,0.920475579476534,0.9066514369712443,0.9124329833177014
832,0.0038656963751594548,0.010933867869744518,,False,0.9762024299628477,0.9743545675124269,0.9630350805355974,0.9681999590087196,0.9365461847389558,0.9194848647301959,0.9045938238025202,0.9107331960797678
833,0.0038622962347198467,0.010921333918428665,,False,0.9762024299628477,0.974347665512968,0.9630350805355974,0.968197627527359,0.9369477911646586,0.919840106138417,0.9049679352877428,0.9111044121109093
834,0.0038591917570498196,0.010929322670273885,,False,0.9762024299628477,0.9743545675124269,0.9630350805355974,0.9681999590087196,0.9369477911646586,0.920453155381326,0.9066514369712443,0.9124337407464742
835,0.0038565852297538284,0.010922184858828354,,False,0.9762024299628477,0.9743545675124269,0.9630350805355974,0.9681999590087196,0.9369477911646586,0.920453155381326,0.9066514369712443,0.9124337407464742
836,0.0038531167232283147,0.010923227480465527,,False,0.9762024299628477,0.974347665512968,0.9630350805355974,0.968197627527359,0.9369477911646586,0.920453155381326,0.9066514369712443,0.9124337407464742
837,0.0038500109310956,0.010921520771121582,,False,0.9762024299628477,0.9743433069142511,0.9630350805355974,0.9681945877763369,0.9373493975903614,0.9208555275206811,0.9070255484564669,0.9128079831333097
838,0.0038476080773119444,0.010916127508518976,,False,0.9762024299628477,0.9743509387457873,0.9630350805355974,0.9681963064939596,0.9369477911646586,0.9204801005302223,0.9066514369712443,0.9124374209539781
839,0.003843765754736922,0.01091151757555171,,False,0.9762024299628477,0.9743433069142511,0.9630350805355974,0.9681945877763369,0.9377510040160643,0.9212313737260064,0.9073874738998255,0.9131817403126458
840,0.00384125936610218,0.010913486860062044,,False,0.9762024299628477,0.9743433069142511,0.9630350805355974,0.9681945877763369,0.9373493975903614,0.9208598350258613,0.9070324863243907,0.9128245807926305
841,0.0038381410478740665,0.010907408305993824,,False,0.9762024299628477,0.9743433069142511,0.9630350805355974,0.9681945877763369,0.9377510040160643,0.9211958184511941,0.9073874738998255,0.9131793780221705
842,0.003834956044962571,0.010905471903328655,,False,0.9762024299628477,0.9743433069142511,0.9630350805355974,0.9681945877763369,0.9377510040160643,0.9212313737260064,0.9073874738998255,0.9131817403126458
843,0.003832020649893348,0.01090312413050101,,False,0.9762024299628477,0.9743378533831734,0.9630350805355974,0.968191875329322,0.9377510040160643,0.9211563411776967,0.9073874738998255,0.9131702079365096
844,0.0038288426135266807,0.010900747148061449,,False,0.9762024299628477,0.9743414499592533,0.9630350805355974,0.9681946739622812,0.9373493975903614,0.9208012592375311,0.9070255484564669,0.91280693384097
845,0.0038261265175896495,0.010903754678172587,,False,0.9762024299628477,0.9743433069142511,0.9630350805355974,0.9681945877763369,0.9373493975903614,0.9208204002922409,0.9070255484564669,0.9128056506243242
846,0.003823358806966388,0.010899015876184552,,False,0.9762024299628477,0.9743378533831734,0.9630350805355974,0.968191875329322,0.9381526104417671,0.9215507280794415,0.9077493993431843,0.9135420142064431
847,0.003821373658991079,0.010903031053310152,,False,0.9762024299628477,0.9743495224679659,0.9630350805355974,0.9681975413414148,0.9373493975903614,0.9208320396818477,0.9070138942639443,0.9128097967481659
848,0.0038170288402173394,0.010900284495802421,,False,0.9762024299628477,0.9743495224679659,0.9630350805355974,0.9681975413414148,0.9377510040160643,0.9228981491808023,0.9073752878579617,0.9137905059999336
849,0.0038142390188928036,0.010901848063166257,,False,0.9763028416507682,0.9744332878425825,0.9631289243794412,0.9682861061277312,0.9377510040160643,0.9211563411776967,0.9073874738998255,0.9131702079365096
850,0.003810961135988165,0.010896856919566792,,False,0.9763028416507682,0.9744325862334081,0.9631289243794412,0.9682858999039488,0.9377510040160643,0.9228770334878872,0.9073874738998255,0.9137886847461291
851,0.0038080884071446794,0.010893438149748011,,False,0.9762024299628477,0.9743433069142511,0.9630350805355974,0.9681945877763369,0.9381526104417671,0.9232522793349222,0.9077493993431843,0.9141617742327084
852,0.0038063529736625445,0.010898620875969307,,False,0.9763028416507682,0.9744460274754465,0.9631257834834432,0.9682901893607622,0.9377510040160643,0.9228662080771409,0.9073688818393791,0.9137837930817175
853,0.003802321980427295,0.010894809380422806,,False,0.9764032533386886,0.974529022968408,0.963219627327287,0.9683785490619344,0.9381526104417671,0.9232522793349222,0.9077493993431843,0.9141617742327084
854,0.003799606156484854,0.01089929619219468,,False,0.9764032533386886,0.974542140521582,0.963219627327287,0.9683838341083728,0.9369477911646586,0.9221730257480546,0.9066514369712443,0.9130551469290603
855,0.0037976007367680124,0.010897975166836237,,False,0.9765036650266091,0.9746319922251894,0.9633147567032384,0.9684744100160653,0.9369477911646586,0.9221730257480546,0.9066514369712443,0.9130551469290603
856,0.0037936389604679736,0.010887016711116734,,False,0.9764032533386886,0.9745225998177944,0.9632209128593945,0.9683760461715418,0.9381526104417671,0.9215698691341514,0.9077493993431843,0.9135407309897974
857,0.0037904352969353045,0.010888517414330601,,False,0.9764032533386886,0.9745230772552631,0.963219627327287,0.9683762464875694,0.9381526104417671,0.9232522793349222,0.9077493993431843,0.9141617742327084
858,0.0037884061383601955,0.010882273347548063,,False,0.9765036650266091,0.9746016880497219,0.963313471171131,0.9684637655656186,0.9377510040160643,0.9228403040309807,0.9073688818393791,0.9137800593126997
859,0.0037847190311391474,0.010880947256365235,,False,0.9764032533386886,0.9745176235061472,0.963219627327287,0.9683735247935513,0.9381526104417671,0.9232522793349222,0.9077493993431843,0.9141617742327084
860,0.003782172007114821,0.010883314376612864,,False,0.9765036650266091,0.9746016880497219,0.963313471171131,0.9684637655656186,0.9381526104417671,0.9232522793349222,0.9077493993431843,0.9141617742327084
861,0.0037789543599578614,0.010875945760730438,,False,0.9766040767145295,0.9746966372126445,0.9634086005470822,0.9685578320809187,0.9377510040160643,0.9211563411776967,0.9073874738998255,0.9131702079365096
862,0.0037759116434222476,0.010883348897548753,,False,0.9766040767145295,0.9746966372126445,0.9634086005470822,0.9685578320809187,0.9377510040160643,0.9211510939966361,0.9073874738998255,0.9131658483498271
863,0.003773110877834547,0.01088251269596549,,False,0.9765036650266091,0.9746093437020813,0.9633147567032384,0.9684672522761316,0.9377510040160643,0.9211754822324065,0.9073874738998255,0.9131689247198638
864,0.0037714014374459915,0.010881579481801656,,False,0.9765036650266091,0.9746093437020813,0.9633147567032384,0.9684672522761316,0.9381526104417671,0.923215980796651,0.907762849275201,0.9141452984081262
865,0.0037673810913298137,0.010873277751160445,,False,0.9766040767145295,0.9746937346111942,0.9634054596510843,0.9685546375722508,0.9381526104417671,0.923271420389632,0.9077493993431843,0.9141604910160628
866,0.0037653286139634422,0.010872593576760806,,False,0.9766040767145295,0.9746966372126445,0.9634086005470822,0.9685578320809187,0.9389558232931727,0.9228052662067743,0.9101759818687013,0.9155603316249857
867,0.003762021372167957,0.010874592149735025,,False,0.9766040767145295,0.9746966372126445,0.9634086005470822,0.9685578320809187,0.9389558232931727,0.92285023229548,0.9101823878872839,0.9155648817479717
868,0.0037590248803336833,0.010874685577385282,,False,0.9765036650266091,0.9741365586645555,0.9633147567032384,0.9682676979468832,0.9381526104417671,0.9232403690324212,0.907762849275201,0.9141483747781631
869,0.0037561401228740545,0.010873310106780552,,False,0.9765036650266091,0.9741365586645555,0.9633147567032384,0.9682676979468832,0.9385542168674699,0.9224568714328859,0.9098204624439253,0.9151930318518876
870,0.0037532881759173224,0.010870627796628283,,False,0.9765036650266091,0.9741390258269451,0.9633147567032384,0.9682678051085433,0.9389558232931727,0.92285023229548,0.9101823878872839,0.9155648817479717
871,0.003750390644724085,0.010863158875867345,,False,0.9765036650266091,0.9746093437020813,0.9633147567032384,0.9684672522761316,0.9385542168674699,0.9235947536715773,0.908135705352755,0.914526469040011
872,0.0037491989247615386,0.010862690205538868,,False,0.97670448840245,0.974775705808844,0.963499303494928,0.9686424993001679,0.9389558232931727,0.9228052662067743,0.9101759818687013,0.9155603316249857
873,0.0037448914966450976,0.010865230621530922,,False,0.9766040767145295,0.9746966372126445,0.9634086005470822,0.9685578320809187,0.9393574297188755,0.9232092573036204,0.9105564993725065,0.9159371034796219
874,0.0037419790709237507,0.01085715607749198,,False,0.9766040767145295,0.9746966372126445,0.9634086005470822,0.9685578320809187,0.9393574297188755,0.9248693299532046,0.9105552439648381,0.9165695540542025
875,0.0037389819939947482,0.010855655013223407,,False,0.9768049000903705,0.9744043743759452,0.9635900064427738,0.9685381996763953,0.9397590361445783,0.9235624292891248,0.9109293554500607,0.9163152421412835
876,0.003736216371110756,0.010856186457452895,,False,0.9768049000903705,0.9743990520630317,0.9635900064427738,0.9685354815995253,0.9397590361445783,0.9235624292891248,0.9109293554500607,0.9163152421412835
877,0.003735375772366721,0.01085341033537559,,False,0.97670448840245,0.9743206456885309,0.9634961625989299,0.9684471862046694,0.9393574297188755,0.9232789653390605,0.9105616499834207,0.915958879105784
878,0.0037305303575341712,0.010850527219662365,,False,0.9768049000903705,0.9744050586975271,0.9635900064427738,0.9685383923654791,0.9397590361445783,0.9235624292891248,0.9109293554500607,0.9163152421412835
879,0.00372842396655779,0.010854821207465944,,False,0.9768049000903705,0.9744043743759452,0.9635900064427738,0.9685381996763953,0.9397590361445783,0.9236328728065283,0.9109357614686433,0.916330778446894
880,0.003725187069359381,0.010852994967579863,,False,0.9768049000903705,0.9744043743759452,0.9635900064427738,0.9685381996763953,0.9397590361445783,0.9235991058367813,0.9109293554500607,0.9163239967336155
881,0.0037225574279151526,0.010850486809816958,,False,0.9768049000903705,0.9744043743759452,0.9635900064427738,0.9685381996763953,0.9393574297188755,0.9232421678042046,0.9105552439648381,0.91595230924324
882,0.003719754570160298,0.010850957341352005,,False,0.9768049000903705,0.9744043743759452,0.9635900064427738,0.9685381996763953,0.9393574297188755,0.9231702810801823,0.910567430006702,0.9159433478453857
883,0.003716740093051776,0.01084579668756612,,False,0.9768049000903705,0.9744043743759452,0.9635900064427738,0.9685381996763953,0.9401606425702811,0.9256188668425107,0.911304730825436,0.9173097195996083
884,0.0037141863470027407,0.010846391073492924,,False,0.9768049000903705,0.9744043743759452,0.9635900064427738,0.9685381996763953,0.9401606425702811,0.927379874005161,0.911304730825436,0.9179528119868038
885,0.003711408687097591,0.010846695567193875,,False,0.9768049000903705,0.9744043743759452,0.9635900064427738,0.9685381996763953,0.9401606425702811,0.927379874005161,0.911304730825436,0.9179528119868038
886,0.003708599372619536,0.010840243952332112,,False,0.976905311778291,0.9744978058687384,0.9636838502866176,0.9686316846502072,0.9401606425702811,0.9256188668425107,0.911304730825436,0.9173097195996083
887,0.00370597686807572,0.010841322281738787,,False,0.976905311778291,0.9744978058687384,0.9636838502866176,0.9686316846502072,0.9401606425702811,0.9256188668425107,0.911304730825436,0.9173097195996083
888,0.003703132056824068,0.010842694680785156,,False,0.976905311778291,0.9744978058687384,0.9636838502866176,0.9686316846502072,0.9401606425702811,0.927379874005161,0.911304730825436,0.9179528119868038
889,0.003700442714952261,0.01084045296191447,,False,0.976905311778291,0.9744987176965973,0.9636838502866176,0.9686319155142026,0.9401606425702811,0.927379874005161,0.911304730825436,0.9179528119868038
890,0.0036980199718411187,0.010832921596999386,,False,0.976905311778291,0.9744978058687384,0.9636838502866176,0.9686316846502072,0.940562248995984,0.9260084355678944,0.9116852483292411,0.9176882379924076
891,0.0036956767031987433,0.010836949446870444,,False,0.976905311778291,0.9744987176965973,0.9636838502866176,0.9686319155142026,0.940562248995984,0.9277694427305447,0.9116852483292411,0.9183313303796035
892,0.0036921758276772854,0.010836400836991009,,False,0.976905311778291,0.9744978058687384,0.9636838502866176,0.9686316846502072,0.9401606425702811,0.927379874005161,0.911304730825436,0.9179528119868038
893,0.0036897262159517543,0.010834702394063245,,False,0.976905311778291,0.9744978058687384,0.9636838502866176,0.9686316846502072,0.9401606425702811,0.927379874005161,0.911304730825436,0.9179528119868038
894,0.0036869384469684686,0.010838084202494047,,False,0.976905311778291,0.9744978058687384,0.9636838502866176,0.9686316846502072,0.9401606425702811,0.927379874005161,0.911304730825436,0.9179528119868038
895,0.003684425905464413,0.010829922314174751,,False,0.976905311778291,0.9744978058687384,0.9636838502866176,0.9686316846502072,0.940562248995984,0.9260084355678944,0.9116852483292411,0.9176882379924076
896,0.0036817120378036874,0.010824469776154352,,False,0.976905311778291,0.9744978058687384,0.9636838502866176,0.9686316846502072,0.940562248995984,0.9277694427305447,0.9116852483292411,0.9183313303796035
897,0.0036788506849063196,0.01082579477884502,,False,0.976905311778291,0.9744987176965973,0.9636838502866176,0.9686319155142026,0.940562248995984,0.9277396283519843,0.9116597184008709,0.9183093638273969
898,0.003676202284751902,0.010823848252349588,,False,0.976905311778291,0.9744987176965973,0.9636838502866176,0.9686319155142026,0.9401606425702811,0.927379874005161,0.911304730825436,0.9179528119868038
899,0.003673761315330438,0.010823752949211006,,False,0.976905311778291,0.9744987176965973,0.9636838502866176,0.9686319155142026,0.940562248995984,0.9277396283519843,0.9116597184008709,0.9183093638273969
900,0.0036709401233765027,0.010823967792305607,,False,0.976905311778291,0.974493620474756,0.9636838502866176,0.9686292352883107,0.940562248995984,0.9259776422500825,0.9116597184008709,0.9176662952086646
901,0.0036693535335928073,0.010827750655707154,,False,0.976905311778291,0.9744987176965973,0.9636838502866176,0.9686319155142026,0.9409638554216867,0.9281064451879895,0.9120389804970075,0.9186778093506724
902,0.003665422420309182,0.01082373897972312,,False,0.976905311778291,0.9744987176965973,0.9636838502866176,0.9686319155142026,0.9413654618473896,0.9266972270321452,0.9124130919822301,0.9184059702342774
903,0.0036630786683986534,0.01082459948127675,,False,0.976905311778291,0.9744987176965973,0.9636838502866176,0.9686319155142026,0.940562248995984,0.9259776422500825,0.9116597184008709,0.9176662952086646
904,0.003660495932595442,0.010824474984005463,,False,0.976905311778291,0.9744987176965973,0.9636838502866176,0.9686319155142026,0.9413654618473896,0.928459213134047,0.9124130919822301,0.91904903885301
905,0.003658274461542242,0.01082070544426173,,False,0.976905311778291,0.974493620474756,0.9636838502866176,0.9686292352883107,0.9409638554216867,0.9280176493601395,0.9120325744784249,0.9186521326280085
906,0.0036549899814591114,0.010820613982041845,,False,0.976905311778291,0.9744987176965973,0.9636838502866176,0.9686319155142026,0.9413654618473896,0.928459213134047,0.9124130919822301,0.91904903885301
907,0.0036526301388780085,0.010821782554811324,,False,0.976905311778291,0.9744987176965973,0.9636838502866176,0.9686319155142026,0.940562248995984,0.9277396283519843,0.9116597184008709,0.9183093638273969
908,0.0036498447990333683,0.010816035522555124,,False,0.976905311778291,0.9744987176965973,0.9636838502866176,0.9686319155142026,0.940562248995984,0.9277396283519843,0.9116597184008709,0.9183093638273969
909,0.0036479697626307147,0.010814427259566427,,False,0.976905311778291,0.9744987176965973,0.9636838502866176,0.9686319155142026,0.9401606425702811,0.927353299502387,0.9112792008970657,0.9179306896448849
910,0.0036448519849609645,0.01081424253878373,,False,0.976905311778291,0.9744987176965973,0.9636838502866176,0.9686319155142026,0.9413654618473896,0.9266972270321452,0.9124130919822301,0.9184059702342774
911,0.003642159097288725,0.010813895517920644,,False,0.976905311778291,0.974493620474756,0.9636838502866176,0.9686292352883107,0.9413654618473896,0.928459213134047,0.9124130919822301,0.91904903885301
912,0.0036393070930724144,0.010814657327913415,,False,0.976905311778291,0.974493620474756,0.9636838502866176,0.9686292352883107,0.9413654618473896,0.928459213134047,0.9124130919822301,0.91904903885301
913,0.0036368316321475787,0.010814344150534698,,False,0.976905311778291,0.9744987176965973,0.9636838502866176,0.9686319155142026,0.9413654618473896,0.9266972270321452,0.9124130919822301,0.9184059702342774
914,0.0036342913342719894,0.010816607973045322,,False,0.976905311778291,0.9744987176965973,0.9636838502866176,0.9686319155142026,0.9409638554216867,0.926366176112388,0.912040235904676,0.9180448658030973
915,0.003631828445708046,0.010810315874996368,,False,0.976905311778291,0.9744987176965973,0.9636838502866176,0.9686319155142026,0.9413654618473896,0.928459213134047,0.9124130919822301,0.91904903885301
916,0.0036290085456680736,0.010808997251911097,,False,0.976905311778291,0.9744987176965973,0.9636838502866176,0.9686319155142026,0.9409638554216867,0.926366176112388,0.912040235904676,0.9180448658030973
917,0.0036267973790662534,0.010805198179025175,,False,0.976905311778291,0.9744987176965973,0.9636838502866176,0.9686319155142026,0.9413654618473896,0.928459213134047,0.9124130919822301,0.91904903885301
918,0.0036237989562108446,0.01081045456447422,,False,0.976905311778291,0.9744987176965973,0.9636838502866176,0.9686319155142026,0.9409638554216867,0.92812816221429,0.912040235904676,0.9186879344218298
919,0.0036210867451618896,0.010809396580387102,,False,0.976905311778291,0.9744987176965973,0.9636838502866176,0.9686319155142026,0.9413654618473896,0.9284061832224452,0.9124130919822301,0.9190307032224412
920,0.003618786034202227,0.01081064962429785,,False,0.976905311778291,0.9744987176965973,0.9636838502866176,0.9686319155142026,0.9413654618473896,0.928459213134047,0.9124130919822301,0.91904903885301
921,0.0036163212307330213,0.0108092458103223,,False,0.976905311778291,0.9744987176965973,0.9636838502866176,0.9686319155142026,0.9413654618473896,0.928459213134047,0.9124130919822301,0.91904903885301
922,0.0036135092588102783,0.01080366403015454,,False,0.9770057234662115,0.9746169321164927,0.9641958830567149,0.968980239728197,0.9413654618473896,0.9284061832224452,0.9124130919822301,0.9190307032224412
923,0.003611150293841171,0.01079918486775948,,False,0.976905311778291,0.9744987176965973,0.9636838502866176,0.9686319155142026,0.9413654618473896,0.9284061832224452,0.9124130919822301,0.9190307032224412
924,0.0036085285462290092,0.01079752465284414,,False,0.976905311778291,0.974493620474756,0.9636838502866176,0.9686292352883107,0.9413654618473896,0.9284061832224452,0.9124130919822301,0.9190307032224412
925,0.0036059496236939517,0.010801502080217363,,False,0.9770057234662115,0.9746116837969522,0.9641958830567149,0.9689775210100778,0.9413654618473896,0.9284061832224452,0.9124130919822301,0.9190307032224412
926,0.0036033997390927785,0.010792177123371839,,False,0.976905311778291,0.974493620474756,0.9636838502866176,0.9686292352883107,0.9413654618473896,0.9284061832224452,0.9124130919822301,0.9190307032224412
927,0.0036007640859759913,0.010796696383680377,,False,0.9770057234662115,0.9746116837969522,0.9641958830567149,0.9689775210100778,0.9413654618473896,0.9284061832224452,0.9124130919822301,0.9190307032224412
928,0.0035987461214672498,0.010791014906946434,,False,0.9770057234662115,0.9746116837969522,0.9641958830567149,0.9689775210100778,0.9413654618473896,0.928380083871126,0.9124130919822301,0.9190254622647189
929,0.0035959185265353405,0.010800717120940787,,False,0.9770057234662115,0.9746169321164927,0.9641958830567149,0.968980239728197,0.9413654618473896,0.928459213134047,0.9124130919822301,0.91904903885301
930,0.003593457372727758,0.010793117550823277,,False,0.9770057234662115,0.9746104755859503,0.9641958830567149,0.968976963706323,0.9413654618473896,0.928380083871126,0.9124130919822301,0.9190254622647189
931,0.003590777423982162,0.010788085004658108,,False,0.9770057234662115,0.9746116837969522,0.9641958830567149,0.9689775210100778,0.9413654618473896,0.928380083871126,0.9124130919822301,0.9190254622647189
932,0.0035882746360748467,0.010795008159504996,,False,0.9770057234662115,0.9746169321164927,0.9641958830567149,0.968980239728197,0.9413654618473896,0.926671127680826,0.9124130919822301,0.9184007292765551
933,0.0035861054209232216,0.01079620782640616,,False,0.9770057234662115,0.9746169321164927,0.9641958830567149,0.968980239728197,0.9413654618473896,0.928380083871126,0.9124130919822301,0.9190254622647189
934,0.003583331717912195,0.010789705924777546,,False,0.9770057234662115,0.9746116837969522,0.9641958830567149,0.9689775210100778,0.9413654618473896,0.9266180977692239,0.9124130919822301,0.9183823936459865
935,0.003581345271695718,0.01078758239691591,,False,0.9770057234662115,0.9746116837969522,0.9641958830567149,0.9689775210100778,0.9409638554216867,0.9262528661622318,0.9120389804970075,0.9180056465960009
936,0.0035783870817918313,0.010786236939269365,,False,0.9770057234662115,0.9746116837969522,0.9641958830567149,0.9689775210100778,0.9413654618473896,0.9266180977692239,0.9124130919822301,0.9183823936459865
937,0.0035758330733739545,0.010784263405150405,,False,0.9770057234662115,0.9746116837969522,0.9641958830567149,0.9689775210100778,0.9413654618473896,0.928380083871126,0.9124130919822301,0.9190254622647189
938,0.0035734571813590636,0.01077962227069194,,False,0.9770057234662115,0.9746116837969522,0.9641958830567149,0.9689775210100778,0.9413654618473896,0.928380083871126,0.9124130919822301,0.9190254622647189
939,0.003571202467409269,0.010780963477329953,,False,0.9770057234662115,0.9746169321164927,0.9641958830567149,0.968980239728197,0.9413654618473896,0.926671127680826,0.9124130919822301,0.9184007292765551
940,0.0035685752135036055,0.010778373614580524,,False,0.9770057234662115,0.9746116837969522,0.9641958830567149,0.9689775210100778,0.9413654618473896,0.926671127680826,0.9124130919822301,0.9184007292765551
941,0.003566288414948873,0.010781856867712885,,False,0.9771061351541319,0.9747108676102825,0.9642865860045607,0.9690716612344195,0.9409638554216867,0.9280273159250682,0.9120389804970075,0.9186542327623813
942,0.003563760513402163,0.010785130659032601,,False,0.9770057234662115,0.9746157239054908,0.9641958830567149,0.9689796824244422,0.9409638554216867,0.9280273159250682,0.9120389804970075,0.9186542327623813
943,0.003561192712971482,0.01078610849080638,,False,0.9770057234662115,0.9746169321164927,0.9641958830567149,0.968980239728197,0.9413654618473896,0.928380083871126,0.9124130919822301,0.9190254622647189
944,0.003558719059255732,0.010782106515879377,,False,0.9771061351541319,0.9747051209848328,0.9642865860045607,0.9690696252351771,0.9413654618473896,0.928380083871126,0.9124130919822301,0.9190254622647189
945,0.003556416284272983,0.010787149751812705,,False,0.9772065468420524,0.9748289198324956,0.964798618774658,0.9694193567551191,0.9409638554216867,0.9280273159250682,0.9120389804970075,0.9186542327623813
946,0.0035537685218725236,0.01077919420444919,,False,0.9771061351541319,0.9747051209848328,0.9642865860045607,0.9690696252351771,0.9409638554216867,0.9262632749528387,0.9120389804970075,0.9180106331980021
947,0.003551194539745431,0.010773752298933296,,False,0.9771061351541319,0.9747051209848328,0.9642865860045607,0.9690696252351771,0.9413654618473896,0.928380083871126,0.9124130919822301,0.9190254622647189
948,0.0035497821304440857,0.010780425014748523,,False,0.9771061351541319,0.9747051209848328,0.9642865860045607,0.9690696252351771,0.9413654618473896,0.928380083871126,0.9124130919822301,0.9190254622647189
949,0.0035465660923256308,0.01077262361010075,,False,0.9771061351541319,0.9747066705270152,0.9642865860045607,0.9690694613678387,0.9413654618473896,0.928380083871126,0.9124130919822301,0.9190254622647189
950,0.0035442558191735338,0.010776146183266532,,False,0.9771061351541319,0.9747066705270152,0.9642865860045607,0.9690694613678387,0.9413654618473896,0.9284331137827279,0.9124130919822301,0.9190437978952877
951,0.0035418523170414238,0.010779789199892684,,False,0.9771061351541319,0.9747066705270152,0.9642865860045607,0.9690694613678387,0.9409638554216867,0.9280273159250682,0.9120389804970075,0.9186542327623813
952,0.0035393429236067575,0.010769310895418277,,False,0.9771061351541319,0.9747066705270152,0.9642865860045607,0.9690694613678387,0.9409638554216867,0.9262632749528387,0.9120389804970075,0.9180106331980021
953,0.0035369167681890768,0.01077477568309306,,False,0.9771061351541319,0.9747066705270152,0.9642865860045607,0.9690694613678387,0.9409638554216867,0.9280273159250682,0.9120389804970075,0.9186542327623813
954,0.003534445965294093,0.01077208220106639,,False,0.9771061351541319,0.9747066705270152,0.9642865860045607,0.9690694613678387,0.940562248995984,0.9258978702238481,0.9116648690117848,0.917633191777102
955,0.0035319179457029655,0.010768039307500666,,False,0.9771061351541319,0.9747066705270152,0.9642865860045607,0.9690694613678387,0.9409638554216867,0.9262632749528387,0.9120389804970075,0.9180106331980021
956,0.003529563312446703,0.010765994799879424,,False,0.9771061351541319,0.9747066705270152,0.9642865860045607,0.9690694613678387,0.9409638554216867,0.9262632749528387,0.9120389804970075,0.9180106331980021
957,0.0035270683142422095,0.010769662224923671,,False,0.9772065468420524,0.9748252210551378,0.964798618774658,0.9694164741696615,0.9409638554216867,0.9280803458366701,0.9120389804970075,0.91867256839295
958,0.003524642841650853,0.010764276971231376,,False,0.9772065468420524,0.9748252210551378,0.964798618774658,0.9694164741696615,0.9409638554216867,0.9280273159250682,0.9120389804970075,0.9186542327623813
959,0.0035220759721780225,0.010765923927816709,,False,0.9772065468420524,0.9748252210551378,0.964798618774658,0.9694164741696615,0.9409638554216867,0.9280273159250682,0.9120389804970075,0.9186542327623813
960,0.003519702156718476,0.010765258946241193,,False,0.9771061351541319,0.9747066705270152,0.9642865860045607,0.9690694613678387,0.9409638554216867,0.9280273159250682,0.9120389804970075,0.9186542327623813
961,0.0035174005406635018,0.010763510272326924,,False,0.9771061351541319,0.9747066705270152,0.9642865860045607,0.9690694613678387,0.940562248995984,0.9276619111960773,0.9116648690117848,0.918276791341481
962,0.0035149038888921177,0.0107644269355737,,False,0.9771061351541319,0.9747051209848328,0.9642865860045607,0.9690696252351771,0.940562248995984,0.9276619111960773,0.9116648690117848,0.918276791341481
963,0.0035125298330238586,0.010763345993138983,,False,0.9773069585299728,0.9749122318836387,0.9648919110593861,0.9695084704631048,0.940562248995984,0.9276619111960773,0.9116648690117848,0.918276791341481
964,0.0035102536782577764,0.010762066696937272,,False,0.9772065468420524,0.9747936813555165,0.9643798782892888,0.9691614576612823,0.9409638554216867,0.9280273159250682,0.9120389804970075,0.9186542327623813
965,0.00350802062977975,0.010767294184844027,,False,0.9773069585299728,0.9749114172273917,0.9648919110593861,0.9695079896318531,0.940562248995984,0.9276619111960773,0.9116648690117848,0.918276791341481
966,0.0035053783306554244,0.01076826425906853,,False,0.9773069585299728,0.9749137032071725,0.9648919110593861,0.9695083074178945,0.9409638554216867,0.9280273159250682,0.9120389804970075,0.9186542327623813
967,0.0035031607588451863,0.010757673545183788,,False,0.9772065468420524,0.9747928666992693,0.9643798782892888,0.9691609768300304,0.940562248995984,0.9276619111960773,0.9116648690117848,0.918276791341481
968,0.0035011789504493275,0.010757004425802071,,False,0.9773069585299728,0.9749114172273917,0.9648919110593861,0.9695079896318531,0.9409638554216867,0.9280473503819304,0.9120267944551436,0.9186461049532093
969,0.003498059375483612,0.010750871189135073,,False,0.9771061351541319,0.9747051209848328,0.9642865860045607,0.9690696252351771,0.9409638554216867,0.9280473503819304,0.9120267944551436,0.9186461049532093
970,0.003496412320524633,0.010751198093155376,,False,0.9771061351541319,0.9747066705270152,0.9642865860045607,0.9690694613678387,0.9413654618473896,0.9283948462852911,0.9124130919822301,0.9190315692558089
971,0.0034932353251208993,0.010752495875584356,,False,0.9771061351541319,0.9747066705270152,0.9642865860045607,0.9690694613678387,0.9409638554216867,0.9280473503819304,0.9120267944551436,0.9186461049532093
972,0.003491088868371077,0.010754888311525454,,False,0.9772065468420524,0.9747928666992693,0.9643798782892888,0.9691609768300304,0.9409638554216867,0.9280473503819304,0.9120267944551436,0.9186461049532093
973,0.003488711636233506,0.010750308546766398,,False,0.9772065468420524,0.9748236715129553,0.964798618774658,0.9694166380369997,0.9417670682730924,0.9287779728118125,0.9127750174255888,0.9194009809043266
974,0.003486192488311694,0.010753074878434488,,False,0.9772065468420524,0.9748252210551378,0.964798618774658,0.9694164741696615,0.9413654618473896,0.9284115950796337,0.9124009059403662,0.9190235960686199
975,0.0034837471640316387,0.01075098849550621,,False,0.9773069585299728,0.9749161024691495,0.9648919110593861,0.9695102823361927,0.9409638554216867,0.9280473503819304,0.9120267944551436,0.9186461049532093
976,0.00348120283928182,0.010754996998542182,,False,0.9774073702178934,0.9750054751732643,0.9649852033441141,0.9696025551089621,0.9417670682730924,0.9287779728118125,0.9127750174255888,0.9194009809043266
977,0.003478949859864791,0.010749143116477003,,False,0.9772065468420524,0.9748227789057454,0.964798618774658,0.9694161580435914,0.9409638554216867,0.9280473503819304,0.9120267944551436,0.9186461049532093
978,0.0034766160640146144,0.010741653326834284,,False,0.9772065468420524,0.9748236715129553,0.964798618774658,0.9694166380369997,0.9413654618473896,0.9284115950796337,0.9124009059403662,0.9190235960686199
979,0.0034738573201414727,0.010749161694002115,,False,0.9773069585299728,0.9749114172273917,0.9648919110593861,0.9695079896318531,0.9409638554216867,0.9280473503819304,0.9120267944551436,0.9186461049532093
980,0.003471730072712146,0.010742627362475079,,False,0.9772065468420524,0.9748252210551378,0.964798618774658,0.9694164741696615,0.9413654618473896,0.9284115950796337,0.9124009059403662,0.9190235960686199
981,0.0034696098643796952,0.010744413177901757,,False,0.9773069585299728,0.9749169736723354,0.9648919110593861,0.9695099785994868,0.9409638554216867,0.9280473503819304,0.9120267944551436,0.9186461049532093
982,0.0034668704254838148,0.010745834445785701,,False,0.9773069585299728,0.97491794668996,0.9648919110593861,0.9695104982731534,0.9413654618473896,0.9284115950796337,0.9124009059403662,0.9190235960686199
983,0.0034645242572602267,0.0107477149755195,,False,0.9774073702178934,0.9750054751732643,0.9649852033441141,0.9696025551089621,0.9417670682730924,0.9287739770331653,0.9127628313837248,0.9193936340240599
984,0.0034624766347506005,0.01074106498213613,,False,0.9774073702178934,0.9750117080673684,0.9649852033441141,0.9696044176871889,0.9413654618473896,0.9284097323354621,0.9123887198985022,0.9190161429086492
985,0.003459772414741887,0.010744913932875908,,False,0.9774073702178934,0.9750042965786372,0.9649852033441141,0.9696019716085829,0.9413654618473896,0.9283883311915102,0.9124009059403662,0.9190204700378017
986,0.0034573200126797577,0.010743849093990617,,False,0.9774073702178934,0.9750054751732643,0.9649852033441141,0.9696025551089621,0.9413654618473896,0.9284115950796337,0.9124009059403662,0.9190235960686199
987,0.0034552041729499286,0.010745158646179944,,False,0.9774073702178934,0.9750067141209782,0.9649852033441141,0.9696023539536931,0.9421686746987952,0.9291361107195636,0.9131369428689475,0.9197659922234777
988,0.003452733331107671,0.010744302416527962,,False,0.9774073702178934,0.9750050334142942,0.9649852033441141,0.9696024532598813,0.9417670682730924,0.9287739770331653,0.9127628313837248,0.9193936340240599
989,0.003450371723166235,0.010746699614437341,,False,0.9774073702178934,0.9750055317202031,0.9649852033441141,0.9696017705410043,0.9413654618473896,0.9284115950796337,0.9124009059403662,0.9190235960686199
990,0.0034482681496289225,0.010739272348492845,,False,0.9773069585299728,0.9749182341607097,0.9648919110593861,0.9695105612078461,0.9417670682730924,0.9287739770331653,0.9127628313837248,0.9193936340240599
991,0.0034463093980659455,0.010741256500630191,,False,0.9774073702178934,0.9750117080673684,0.9649852033441141,0.9696044176871889,0.9417670682730924,0.9287739770331653,0.9127628313837248,0.9193936340240599
992,0.003443693061488437,0.010742073901394962,,False,0.9774073702178934,0.9750042965786372,0.9649852033441141,0.9696019716085829,0.9417670682730924,0.9287739770331653,0.9127628313837248,0.9193936340240599
993,0.0034411453264272885,0.010742399569207587,,False,0.9774073702178934,0.9750050334142942,0.9649852033441141,0.9696024532598813,0.9421686746987952,0.9291361107195636,0.9131369428689475,0.9197659922234777
994,0.003439668320513501,0.010743184717937171,,False,0.9774073702178934,0.9750055317202031,0.9649852033441141,0.9696017705410043,0.9409638554216867,0.9280473503819304,0.9120267944551436,0.9186461049532093
995,0.0034367746229752084,0.010740873056744787,,False,0.9776081935937343,0.975661850913046,0.9651730496858065,0.969989117421665,0.9421686746987952,0.9291361107195636,0.9131369428689475,0.9197659922234777
996,0.0034343262262374313,0.010738545641625559,,False,0.9776081935937343,0.9756534870094177,0.9651730496858065,0.9699866686651669,0.9421686746987952,0.9291361107195636,0.9131369428689475,0.9197659922234777
997,0.003432801799758422,0.010737403253796785,,False,0.9776081935937343,0.9756604567391788,0.9651730496858065,0.9699890128946923,0.9409638554216867,0.9280523221411227,0.9120337323230674,0.9186601498499082
998,0.003430627337982898,0.010739907342855093,,False,0.9776081935937343,0.9756604567391788,0.9651730496858065,0.9699890128946923,0.9413654618473896,0.9284097323354621,0.9123887198985022,0.9190161429086492
999,0.0034284640007222855,0.010738801737787964,,False,0.9776081935937343,0.9756543989256942,0.9651730496858065,0.9699871650042812,0.9429718875502008,0.9298536134238494,0.9138851658393927,0.9205125819086872
1000,0.0034253723241527943,0.010740004937567148,,False,0.9776081935937343,0.9756542238450747,0.9651730496858065,0.9699871503164653,0.9421686746987952,0.9291361107195636,0.9131369428689475,0.9197659922234777
1001,0.003423050861045363,0.010737242171936426,,False,0.9776081935937343,0.9756534870094177,0.9651730496858065,0.9699866686651669,0.9421686746987952,0.9291361107195636,0.9131369428689475,0.9197659922234777
1002,0.0034208526679212195,0.010730551619703377,,False,0.9776081935937343,0.9756543584416999,0.9651730496858065,0.9699872138870528,0.9417670682730924,0.928776424836407,0.9127819552935126,0.9194094127133933
1003,0.003418564122492075,0.010735537079156714,,False,0.9776081935937343,0.9756557682255607,0.9651730496858065,0.9699869869966657,0.9421686746987952,0.9291361107195636,0.9131369428689475,0.9197659922234777
1004,0.0034164414525174112,0.01073523126583895,,False,0.9776081935937343,0.9756543989256942,0.9651730496858065,0.9699871650042812,0.9421686746987952,0.9291361107195636,0.9131369428689475,0.9197659922234777
1005,0.0034146017008302586,0.010737033681805931,,False,0.9776081935937343,0.9756543989256942,0.9651730496858065,0.9699871650042812,0.9421686746987952,0.9291361107195636,0.9131369428689475,0.9197659922234777
1006,0.0034117336037395884,0.010734836737495404,,False,0.9776081935937343,0.9756543989256942,0.9651730496858065,0.9699871650042812,0.9417670682730924,0.928776424836407,0.9127819552935126,0.9194094127133933
1007,0.003409551453892289,0.010729957369271308,,False,0.9776081935937343,0.9756606318197982,0.9651730496858065,0.9699890275825082,0.9417670682730924,0.9287508621950527,0.9127819552935126,0.9194056972391331
1008,0.00340720933226523,0.010732781056101101,,False,0.9776081935937343,0.9756534870094177,0.9651730496858065,0.9699866686651669,0.9417670682730924,0.928776424836407,0.9127819552935126,0.9194094127133933
1009,0.003405700028265333,0.010734320865476188,,False,0.9776081935937343,0.9756543989256942,0.9651730496858065,0.9699871650042812,0.9421686746987952,0.9291288425435172,0.9131560667787352,0.9197799738523292
1010,0.0034029451781018125,0.010730653329957776,,False,0.9776081935937343,0.9756534870094177,0.9651730496858065,0.9699866686651669,0.9417670682730924,0.928776424836407,0.9127819552935126,0.9194094127133933
1011,0.0034008705277941338,0.010723901989266357,,False,0.9777086052816548,0.9757548126390488,0.9652637526336524,0.9700818813488772,0.9421686746987952,0.9291288425435172,0.9131560667787352,0.9197799738523292
1012,0.0033989157378739748,0.010724147401204585,,False,0.9777086052816548,0.9757488201537323,0.9652637526336524,0.970079790845995,0.9421686746987952,0.9291288425435172,0.9131560667787352,0.9197799738523292
1013,0.0033966461790189578,0.010728628029420479,,False,0.9777086052816548,0.9757550317425362,0.9652637526336524,0.9700816776189194,0.9417670682730924,0.928776424836407,0.9127819552935126,0.9194094127133933
1014,0.0033940514468574186,0.010729953788112942,,False,0.9777086052816548,0.9757556325069524,0.9652637526336524,0.9700820965744659,0.9417670682730924,0.928776424836407,0.9127819552935126,0.9194094127133933
1015,0.003391794737465554,0.010720530890810214,,False,0.9777086052816548,0.9757550530478364,0.9652637526336524,0.970081653424222,0.9421686746987952,0.9291288425435172,0.9131560667787352,0.9197799738523292
1016,0.0033896037023476632,0.0107224831755096,,False,0.9777086052816548,0.9757556325069524,0.9652637526336524,0.9700820965744659,0.9421686746987952,0.9291288425435172,0.9131560667787352,0.9197799738523292
1017,0.0033875418786307667,0.010724609680291437,,False,0.9777086052816548,0.9757571768874386,0.9652637526336524,0.9700819332546663,0.9421686746987952,0.9291288425435172,0.9131560667787352,0.9197799738523292
1018,0.0033851561614837065,0.01072052234299461,,False,0.9777086052816548,0.9757550530478364,0.9652637526336524,0.970081653424222,0.9421686746987952,0.9291288425435172,0.9131560667787352,0.9197799738523292
1019,0.003383197582122253,0.010716828348427717,,False,0.9777086052816548,0.9757533382499073,0.9652637526336524,0.9700809177206372,0.9417670682730924,0.928776424836407,0.9127819552935126,0.9194094127133933
1020,0.003380895800900356,0.010720950192960545,,False,0.9777086052816548,0.9757550530478364,0.9652637526336524,0.970081653424222,0.9417670682730924,0.928776424836407,0.9127819552935126,0.9194094127133933
1021,0.003379447962481174,0.010721441159290626,,False,0.9777086052816548,0.9757550530478364,0.9652637526336524,0.970081653424222,0.9417670682730924,0.928776424836407,0.9127819552935126,0.9194094127133933
1022,0.0033768274497497567,0.01071784742327153,,False,0.9777086052816548,0.9757556325069524,0.9652637526336524,0.9700820965744659,0.9421686746987952,0.9291288425435172,0.9131560667787352,0.9197799738523292
1023,0.003374664193405653,0.010717813922283633,,False,0.9777086052816548,0.9757550530478364,0.9652637526336524,0.970081653424222,0.9421686746987952,0.9291288425435172,0.9131560667787352,0.9197799738523292
1024,0.0033728297431650555,0.010717257658338893,,False,0.9777086052816548,0.9757488201537323,0.9652637526336524,0.970079790845995,0.942570281124498,0.9294831653355177,0.9135301782639578,0.9201503780525542
1025,0.003370058731609419,0.010716532790028233,,False,0.9777086052816548,0.9757550530478364,0.9652637526336524,0.970081653424222,0.9421686746987952,0.9291288425435172,0.9131560667787352,0.9197799738523292
1026,0.0033682576620239265,0.010714517261806292,,False,0.9777086052816548,0.9757480833180754,0.9652637526336524,0.9700793091946966,0.942570281124498,0.9294831653355177,0.9135301782639578,0.9201503780525542
1027,0.003365719926345111,0.01071831259800849,,False,0.9777086052816548,0.9757550530478364,0.9652637526336524,0.970081653424222,0.9421686746987952,0.9291288425435172,0.9131560667787352,0.9197799738523292
1028,0.003364007412710802,0.010724128846689093,,False,0.9777086052816548,0.9757550530478364,0.9652637526336524,0.970081653424222,0.9421686746987952,0.9291288425435172,0.9131560667787352,0.9197799738523292
1029,0.003361387750690305,0.010715383634251795,,False,0.9777086052816548,0.9757533382499073,0.9652637526336524,0.9700809177206372,0.9421686746987952,0.9291288425435172,0.9131560667787352,0.9197799738523292
1030,0.0033594085074878663,0.010712434314703078,,False,0.9777086052816548,0.9757533382499073,0.9652637526336524,0.9700809177206372,0.9421686746987952,0.9291288425435172,0.9131560667787352,0.9197799738523292
1031,0.0033578547541006252,0.010717713768091313,,False,0.9777086052816548,0.9757570833354823,0.9652637526336524,0.9700813559778312,0.9417670682730924,0.928776424836407,0.9127819552935126,0.9194094127133933
1032,0.003354995927479958,0.01071463323351193,,False,0.9777086052816548,0.9757550530478364,0.9652637526336524,0.970081653424222,0.9417670682730924,0.928776424836407,0.9127819552935126,0.9194094127133933
1033,0.0033526651805004916,0.010709661997451814,,False,0.9777086052816548,0.9757533382499073,0.9652637526336524,0.9700809177206372,0.942570281124498,0.9294831653355177,0.9135301782639578,0.9201503780525542
1034,0.003350519890115158,0.010709104316639797,,False,0.9777086052816548,0.9757533382499073,0.9652637526336524,0.9700809177206372,0.9421686746987952,0.9291288425435172,0.9131560667787352,0.9197799738523292
1035,0.0033485731248523148,0.010714337987511754,,False,0.9777086052816548,0.9757550530478364,0.9652637526336524,0.970081653424222,0.9421686746987952,0.9291288425435172,0.9131560667787352,0.9197799738523292
1036,0.003346190193433988,0.010712236884332173,,False,0.9777086052816548,0.9757550530478364,0.9652637526336524,0.970081653424222,0.9421686746987952,0.9291288425435172,0.9131560667787352,0.9197799738523292
1037,0.0033441997035569644,0.010714739681321733,,False,0.9777086052816548,0.9757550530478364,0.9652637526336524,0.970081653424222,0.9421686746987952,0.9291288425435172,0.9131560667787352,0.9197799738523292
1038,0.003341910440701724,0.010710022436304452,,False,0.9777086052816548,0.9757550530478364,0.9652637526336524,0.970081653424222,0.942570281124498,0.9294831653355177,0.9135301782639578,0.9201503780525542
1039,0.003340004725024242,0.01070663792601812,,False,0.9777086052816548,0.9757533382499073,0.9652637526336524,0.9700809177206372,0.9421686746987952,0.9291288425435172,0.9131560667787352,0.9197799738523292
1040,0.00333763509246338,0.010709446320080189,,False,0.9777086052816548,0.9757550530478364,0.9652637526336524,0.970081653424222,0.9421686746987952,0.9291288425435172,0.9131560667787352,0.9197799738523292
1041,0.003335523986835966,0.01070750884742632,,False,0.9777086052816548,0.9757550530478364,0.9652637526336524,0.970081653424222,0.942570281124498,0.9294831653355177,0.9135301782639578,0.9201503780525542
1042,0.0033334142114994627,0.010706487292879104,,False,0.9777086052816548,0.9757550530478364,0.9652637526336524,0.970081653424222,0.9421686746987952,0.9291288425435172,0.9131560667787352,0.9197799738523292
1043,0.0033314707331916138,0.010709710003778874,,False,0.9777086052816548,0.9757550530478364,0.9652637526336524,0.970081653424222,0.9421686746987952,0.9291288425435172,0.9131560667787352,0.9197799738523292
1044,0.003329591191587982,0.010711218255081976,,False,0.9777086052816548,0.9757570833354823,0.9652637526336524,0.9700813559778312,0.9421686746987952,0.9291288425435172,0.9131560667787352,0.9197799738523292
1045,0.0033271234883183566,0.010709125510782649,,False,0.9778090169695752,0.9758488033404719,0.9653461792739425,0.9701691077705301,0.9421686746987952,0.9291288425435172,0.9131560667787352,0.9197799738523292
1046,0.003325099153461751,0.010707292474385339,,False,0.9778090169695752,0.9758495408939561,0.9653461792739425,0.9701695897474717,0.942570281124498,0.9294831653355177,0.9135301782639578,0.9201503780525542
1047,0.0033229973190345968,0.010707945114828993,,False,0.9778090169695752,0.9758514134018758,0.9653461792739425,0.9701692537511053,0.942570281124498,0.9294831653355177,0.9135301782639578,0.9201503780525542
1048,0.00332097954471353,0.010706547090359689,,False,0.9778090169695752,0.9758503477209578,0.9653461792739425,0.9701689444507307,0.942570281124498,0.9294831653355177,0.9135301782639578,0.9201503780525542
1049,0.0033189733344765205,0.010702754108993516,,False,0.9779094286574957,0.9764138760897251,0.9654368822217884,0.9704592420906175,0.942570281124498,0.9294831653355177,0.9135301782639578,0.9201503780525542
1050,0.003316778612346157,0.010707990710764712,,False,0.9778090169695752,0.9758508336281175,0.9653461792739425,0.9701688103241395,0.942570281124498,0.9294831653355177,0.9135301782639578,0.9201503780525542
1051,0.0033145250035314755,0.010705156222899597,,False,0.9778090169695752,0.9758508336281175,0.9653461792739425,0.9701688103241395,0.942570281124498,0.9294831653355177,0.9135301782639578,0.9201503780525542
1052,0.0033129173768471714,0.010704797058917229,,False,0.9778090169695752,0.9758495408939561,0.9653461792739425,0.9701695897474717,0.942570281124498,0.9294831653355177,0.9135301782639578,0.9201503780525542
1053,0.0033109027377885734,0.01070730017079869,,False,0.9778090169695752,0.9758508336281175,0.9653461792739425,0.9701688103241395,0.9421686746987952,0.9291288425435172,0.9131560667787352,0.9197799738523292
1054,0.003308397750113945,0.010701241881795262,,False,0.9778090169695752,0.9758508336281175,0.9653461792739425,0.9701688103241395,0.942570281124498,0.9294831653355177,0.9135301782639578,0.9201503780525542
1055,0.0033063895089092735,0.01070736324477727,,False,0.9778090169695752,0.9758508336281175,0.9653461792739425,0.9701688103241395,0.942570281124498,0.9294831653355177,0.9135301782639578,0.9201503780525542
1056,0.0033044135044109956,0.010702010858111847,,False,0.9778090169695752,0.9758488033404719,0.9653461792739425,0.9701691077705301,0.942570281124498,0.9294831653355177,0.9135301782639578,0.9201503780525542
1057,0.003302447148196305,0.01070244917251433,,False,0.9779094286574957,0.9764139783181027,0.9654368822217884,0.970460142143988,0.9421686746987952,0.9291288425435172,0.9131560667787352,0.9197799738523292
1058,0.003300096731690483,0.010701621268872454,,False,0.9779094286574957,0.9764139783181027,0.9654368822217884,0.970460142143988,0.942570281124498,0.9294831653355177,0.9135301782639578,0.9201503780525542
1059,0.003298014808008854,0.010704827970887199,,False,0.9778090169695752,0.9758508336281175,0.9653461792739425,0.9701688103241395,0.942570281124498,0.9294831653355177,0.9135301782639578,0.9201503780525542
1060,0.0032961111993178786,0.010704657731872793,,False,0.9778090169695752,0.9758508336281175,0.9653461792739425,0.9701688103241395,0.942570281124498,0.9294831653355177,0.9135301782639578,0.9201503780525542
1061,0.0032941168151140697,0.010699711220096303,,False,0.9778090169695752,0.9758508336281175,0.9653461792739425,0.9701688103241395,0.942570281124498,0.9294831653355177,0.9135301782639578,0.9201503780525542
1062,0.003291998388495592,0.010699425997400045,,False,0.9779094286574957,0.9764139783181027,0.9654368822217884,0.970460142143988,0.942570281124498,0.9294831653355177,0.9135301782639578,0.9201503780525542
1063,0.003290217582866887,0.010698030085456181,,False,0.9779094286574957,0.9764145580918611,0.9654368822217884,0.9704605855709539,0.942570281124498,0.9294831653355177,0.9135301782639578,0.9201503780525542
1064,0.0032880445015176117,0.010695807298774729,,False,0.9779094286574957,0.9764145580918611,0.9654368822217884,0.9704605855709539,0.942570281124498,0.9294831653355177,0.9135301782639578,0.9201503780525542
1065,0.0032858932451461076,0.010694061629452337,,False,0.9779094286574957,0.9764139783181027,0.9654368822217884,0.970460142143988,0.9429718875502008,0.9298334429632958,0.9138598848251183,0.9204958233763454
1066,0.00328384150195374,0.010694138522616083,,False,0.9779094286574957,0.9764139783181027,0.9654368822217884,0.970460142143988,0.9429718875502008,0.9298334429632958,0.9138598848251183,0.9204958233763454
1067,0.0032821446956386438,0.010696384054434866,,False,0.9779094286574957,0.9764139783181027,0.9654368822217884,0.970460142143988,0.9433734939759036,0.9302136049399592,0.9142327409026723,0.9208784253855371
1068,0.0032799463103574166,0.010695320069050973,,False,0.9779094286574957,0.9764139783181027,0.9654368822217884,0.970460142143988,0.9429718875502008,0.9298334429632958,0.9138598848251183,0.9204958233763454
1069,0.0032779632702918783,0.01069345210880405,,False,0.9779094286574957,0.976411948030457,0.9654368822217884,0.9704604395903788,0.9429718875502008,0.9298334429632958,0.9138598848251183,0.9204958233763454
1070,0.003275893261422272,0.010697396028854545,,False,0.9779094286574957,0.9764139783181027,0.9654368822217884,0.970460142143988,0.9429718875502008,0.9298334429632958,0.9138598848251183,0.9204958233763454
1071,0.003274066317012836,0.010693195279211894,,False,0.9779094286574957,0.9764139783181027,0.9654368822217884,0.970460142143988,0.9433734939759036,0.9302136049399592,0.9142327409026723,0.9208784253855371
1072,0.0032719255537556045,0.010691021637115149,,False,0.9779094286574957,0.9764139783181027,0.9654368822217884,0.970460142143988,0.9429718875502008,0.9298334429632958,0.9138598848251183,0.9204958233763454
1073,0.003270131245775169,0.010690287222753527,,False,0.9779094286574957,0.976411948030457,0.9654368822217884,0.9704604395903788,0.9429718875502008,0.9298334429632958,0.9138598848251183,0.9204958233763454
1074,0.003268050915521811,0.010691395234517306,,False,0.9779094286574957,0.9764123317092389,0.9654368822217884,0.9704594054104173,0.9429718875502008,0.9298334429632958,0.9138598848251183,0.9204958233763454
1075,0.0032659100020498498,0.010694901451867024,,False,0.9779094286574957,0.9764139783181027,0.9654368822217884,0.970460142143988,0.9433734939759036,0.9302136049399592,0.9142327409026723,0.9208784253855371
1076,0.003263964847215258,0.010692776158828212,,False,0.9779094286574957,0.9764139783181027,0.9654368822217884,0.970460142143988,0.9429718875502008,0.9298334429632958,0.9138598848251183,0.9204958233763454
1077,0.003262201856703233,0.010685688469156629,,False,0.9779094286574957,0.976406128761907,0.9654368822217884,0.970456435480701,0.9429718875502008,0.9298334429632958,0.9138598848251183,0.9204958233763454
1078,0.003260482318996602,0.01068400840146443,,False,0.9779094286574957,0.9764103014215932,0.9654368822217884,0.9704597028568079,0.9429718875502008,0.9298334429632958,0.9138598848251183,0.9204958233763454
1079,0.00325824722892918,0.010687287915772623,,False,0.9779094286574957,0.9764139783181027,0.9654368822217884,0.970460142143988,0.9429718875502008,0.9298334429632958,0.9138598848251183,0.9204958233763454
1080,0.0032561669979604773,0.010688854630100374,,False,0.9780098403454162,0.9765094082658398,0.9655320115977397,0.9705543640107002,0.9429718875502008,0.9298334429632958,0.9138598848251183,0.9204958233763454
1081,0.0032543239955309983,0.010688786386589592,,False,0.9780098403454162,0.9765094082658398,0.9655320115977397,0.9705543640107002,0.9429718875502008,0.9298334429632958,0.9138598848251183,0.9204958233763454
1082,0.0032524624487968645,0.01068667256435265,,False,0.9780098403454162,0.9765094082658398,0.9655320115977397,0.9705543640107002,0.9429718875502008,0.9298334429632958,0.9138598848251183,0.9204958233763454
1083,0.0032503378931602505,0.010687191234154373,,False,0.9780098403454162,0.9765094082658398,0.9655320115977397,0.9705543640107002,0.9433734939759036,0.9302136049399592,0.9142327409026723,0.9208784253855371
1084,0.0032485106445457193,0.010688157255368714,,False,0.9780098403454162,0.9765094082658398,0.9655320115977397,0.9705543640107002,0.9429718875502008,0.9298334429632958,0.9138598848251183,0.9204958233763454
1085,0.0032464538022346943,0.010685828251738638,,False,0.9780098403454162,0.9765094082658398,0.9655320115977397,0.9705543640107002,0.9429718875502008,0.9298334429632958,0.9138598848251183,0.9204958233763454
1086,0.0032453123489270316,0.010684791424837673,,False,0.9780098403454162,0.9765094082658398,0.9655320115977397,0.9705543640107002,0.9429718875502008,0.9298334429632958,0.9138598848251183,0.9204958233763454
1087,0.003242870663398772,0.010686708375692088,,False,0.9780098403454162,0.9765094082658398,0.9655320115977397,0.9705543640107002,0.9433734939759036,0.9302136049399592,0.9142327409026723,0.9208784253855371
1088,0.0032407306990475237,0.010679497339542612,,False,0.9781102520333367,0.9765901198424015,0.965627140973691,0.9706424828777109,0.9433734939759036,0.9302136049399592,0.9142327409026723,0.9208784253855371
1089,0.0032392155683966866,0.010673554660488992,,False,0.9781102520333367,0.9765960363013522,0.965627140973691,0.9706454205687276,0.9433734939759036,0.9302136049399592,0.9142327409026723,0.9208784253855371
1090,0.0032369934744039784,0.010675709464204645,,False,0.9781102520333367,0.9765901198424015,0.965627140973691,0.9706424828777109,0.9433734939759036,0.9302136049399592,0.9142327409026723,0.9208784253855371
1091,0.003235023917610182,0.010678694867450336,,False,0.9780098403454162,0.9765094082658398,0.9655320115977397,0.9705543640107002,0.9433734939759036,0.9302136049399592,0.9142327409026723,0.9208784253855371
1092,0.0032333199689770623,0.010682088398953321,,False,0.9781102520333367,0.9765914960586741,0.965627140973691,0.9706431510016861,0.9433734939759036,0.9302136049399592,0.9142327409026723,0.9208784253855371
1093,0.003231222528671796,0.010683042266049214,,False,0.9781102520333367,0.9765914960586741,0.965627140973691,0.9706431510016861,0.9433734939759036,0.9302136049399592,0.9142327409026723,0.9208784253855371
1094,0.0032293118820593113,0.01068177349428958,,False,0.9781102520333367,0.9765914960586741,0.965627140973691,0.9706431510016861,0.9433734939759036,0.9302136049399592,0.9142327409026723,0.9208784253855371
1095,0.003227949220853824,0.010682380772659912,,False,0.9781102520333367,0.9765914960586741,0.965627140973691,0.9706431510016861,0.9433734939759036,0.9302136049399592,0.9142327409026723,0.9208784253855371
1096,0.003225832655313782,0.010683193506801407,,False,0.9782106637212572,0.9766793664202651,0.9657205116552969,0.9707349203091334,0.9433734939759036,0.9302136049399592,0.9142327409026723,0.9208784253855371
1097,0.003223709723301176,0.010682806086935979,,False,0.9781102520333367,0.9765914960586741,0.965627140973691,0.9706431510016861,0.9433734939759036,0.9302136049399592,0.9142327409026723,0.9208784253855371
1098,0.0032218046814159775,0.010683204893413891,,False,0.9782106637212572,0.9766793664202651,0.9657205116552969,0.9707349203091334,0.9433734939759036,0.9302136049399592,0.9142327409026723,0.9208784253855371
1099,0.0032199314232206153,0.01068146358582347,,False,0.9782106637212572,0.9766793664202651,0.9657205116552969,0.9707349203091334,0.9433734939759036,0.9302136049399592,0.9142327409026723,0.9208784253855371
1100,0.0032180836357194736,0.010676179816176514,,False,0.9782106637212572,0.9766793664202651,0.9657205116552969,0.9707349203091334,0.9433734939759036,0.9302136049399592,0.9142327409026723,0.9208784253855371
1101,0.003216117439077988,0.010676897960070278,,False,0.9782106637212572,0.9766793664202651,0.9657205116552969,0.9707349203091334,0.9433734939759036,0.9302136049399592,0.9142327409026723,0.9208784253855371
1102,0.003214509340155953,0.010673181796982806,,False,0.9783110754091776,0.9767712362793003,0.965813803940025,0.9708286173858269,0.9437751004016064,0.9306055621767748,0.9146132584064774,0.9212575367438431
1103,0.0032125477455846336,0.010672559236469604,,False,0.9783110754091776,0.9767712362793003,0.965813803940025,0.9708286173858269,0.9437751004016064,0.9306055621767748,0.9146132584064774,0.9212575367438431
1104,0.003210593606811486,0.010675262401340225,,False,0.9782106637212572,0.9766793664202651,0.9657205116552969,0.9707349203091334,0.9437751004016064,0.9306055621767748,0.9146132584064774,0.9212575367438431
1105,0.0032093414245265776,0.010671198980005476,,False,0.9782106637212572,0.9766781258820486,0.9657205116552969,0.9707342865513162,0.9433734939759036,0.9302136049399592,0.9142327409026723,0.9208784253855371
1106,0.0032069462629726706,0.010674663275118807,,False,0.9783110754091776,0.9767712362793003,0.965813803940025,0.9708286173858269,0.9433734939759036,0.9302136049399592,0.9142327409026723,0.9208784253855371
1107,0.0032051402347267922,0.010671711851792925,,False,0.9783110754091776,0.9767746767386668,0.965813803940025,0.9708302888577242,0.9433734939759036,0.9302136049399592,0.9142327409026723,0.9208784253855371
1108,0.0032032544291040383,0.010676663024666267,,False,0.9783110754091776,0.9767712362793003,0.965813803940025,0.9708286173858269,0.9433734939759036,0.9302136049399592,0.9142327409026723,0.9208784253855371
1109,0.0032013674979226594,0.010675015434746107,,False,0.9783110754091776,0.9767757765219783,0.965813803940025,0.9708308869528683,0.9433734939759036,0.9302136049399592,0.9142327409026723,0.9208784253855371
1110,0.003199753467565569,0.010669505889522769,,False,0.9784114870970981,0.9768554891351694,0.9659089333159763,0.9709180020043239,0.9437751004016064,0.9306055621767748,0.9146132584064774,0.9212575367438431
1111,0.003197592080383283,0.010671727524294544,,False,0.9784114870970981,0.9768554891351694,0.9659089333159763,0.9709180020043239,0.9437751004016064,0.9306055621767748,0.9146132584064774,0.9212575367438431
1112,0.003195806564680409,0.010668602552825326,,False,0.9784114870970981,0.9768554891351694,0.9659089333159763,0.9709180020043239,0.9437751004016064,0.9306055621767748,0.9146132584064774,0.9212575367438431
1113,0.0031940553618179757,0.010671433327074611,,False,0.9784114870970981,0.9768554891351694,0.9659089333159763,0.9709180020043239,0.9433734939759036,0.9302136049399592,0.9142327409026723,0.9208784253855371
1114,0.0031922974829710444,0.010672222862794522,,False,0.9784114870970981,0.9768599539983082,0.9659089333159763,0.9709202725868084,0.9433734939759036,0.9302136049399592,0.9142327409026723,0.9208784253855371
1115,0.003190373803894771,0.010670285783301614,,False,0.9784114870970981,0.9768554891351694,0.9659089333159763,0.9709180020043239,0.9437751004016064,0.9306055621767748,0.9146132584064774,0.9212575367438431
1116,0.003188770130809807,0.010669145301987298,,False,0.9785118987850185,0.976945567237638,0.9660040626919275,0.9710096176541746,0.9433734939759036,0.9302136049399592,0.9142327409026723,0.9208784253855371
1117,0.003186744530230072,0.010665467642097054,,False,0.9784114870970981,0.9768603206386045,0.9659089333159763,0.9709195119584398,0.9437751004016064,0.9306055621767748,0.9146132584064774,0.9212575367438431
1118,0.003184700094597862,0.010671131825942023,,False,0.9784114870970981,0.9768599539983082,0.9659089333159763,0.9709202725868084,0.9437751004016064,0.9306055621767748,0.9146132584064774,0.9212575367438431
1119,0.0031832330733340118,0.010671990590981067,,False,0.9784114870970981,0.9768599539983082,0.9659089333159763,0.9709202725868084,0.9437751004016064,0.9306055621767748,0.9146132584064774,0.9212575367438431
1120,0.003181307550645842,0.010670923322106755,,False,0.9784114870970981,0.9768599539983082,0.9659089333159763,0.9709202725868084,0.9437751004016064,0.9306055621767748,0.9146132584064774,0.9212575367438431
1121,0.0031792960240364316,0.010670504202911307,,False,0.9784114870970981,0.9768599539983082,0.9659089333159763,0.9709202725868084,0.9437751004016064,0.9306055621767748,0.9146132584064774,0.9212575367438431
1122,0.0031780112248724224,0.010675974002440195,,False,0.9784114870970981,0.9768670503983505,0.9659089333159763,0.9709226652379298,0.9441767068273093,0.9309646110281524,0.9149861144840317,0.9216278231033264
1123,0.00317602745898553,0.010666262755076573,,False,0.9785118987850185,0.9769475266387503,0.9660040626919275,0.9710114880788469,0.9437751004016064,0.9306055621767748,0.9146132584064774,0.9212575367438431
1124,0.0031739688618923484,0.010668461109865005,,False,0.9785118987850185,0.9769484904214747,0.9660040626919275,0.9710120517668399,0.9441767068273093,0.9309646110281524,0.9149861144840317,0.9216278231033264
1125,0.0031718773220674986,0.01066505031467961,,False,0.9785118987850185,0.9769484904214747,0.9660040626919275,0.9710120517668399,0.9437751004016064,0.9306055621767748,0.9146132584064774,0.9212575367438431
1126,0.003170217878103312,0.010672952811591987,,False,0.9786123104729391,0.9770439829563686,0.9660991920678789,0.9711061479096992,0.9441767068273093,0.9309646110281524,0.9149861144840317,0.9216278231033264
1127,0.003168604041665925,0.010669846009628219,,False,0.9786123104729391,0.9770396684810778,0.9660991920678789,0.9711038753517415,0.9441767068273093,0.9309646110281524,0.9149861144840317,0.9216278231033264
1128,0.0031664708146052507,0.010668346591992377,,False,0.9785118987850185,0.9769484904214747,0.9660040626919275,0.9710120517668399,0.9441767068273093,0.9309646110281524,0.9149861144840317,0.9216278231033264
1129,0.0031649944078047075,0.010666711941117669,,False,0.9786123104729391,0.9770421801844349,0.9660927387582573,0.9711032849936044,0.9441767068273093,0.9309646110281524,0.9149861144840317,0.9216278231033264
1130,0.0031630527715355815,0.010667747533618393,,False,0.9787127221608595,0.977137597328039,0.9661878681342085,0.9711973820990425,0.9441767068273093,0.9309646110281524,0.9149861144840317,0.9216278231033264
1131,0.003161788306248627,0.010667603453633726,,False,0.9786123104729391,0.9770421801844349,0.9660927387582573,0.9711032849936044,0.944578313253012,0.9313295689787621,0.9153602259692543,0.9219992652003227
1132,0.0031592015853252327,0.010664493867769206,,False,0.9786123104729391,0.9770421801844349,0.9660927387582573,0.9711032849936044,0.9441767068273093,0.9309646110281524,0.9149861144840317,0.9216278231033264
1133,0.003157538422534696,0.010665130345710008,,False,0.9787127221608595,0.977137597328039,0.9661878681342085,0.9711973820990425,0.9441767068273093,0.9309646110281524,0.9149861144840317,0.9216278231033264
1134,0.003155626930362278,0.010663419923161034,,False,0.97881313384878,0.9772507113922726,0.9666999009043058,0.9715433991568221,0.9441767068273093,0.9309646110281524,0.9149861144840317,0.9216278231033264
1135,0.003153993206530818,0.010662481301724076,,False,0.9787127221608595,0.9771390637516466,0.9661878681342085,0.9711972195658183,0.9437751004016064,0.9306055621767748,0.9146132584064774,0.9212575367438431
1136,0.003152299909583114,0.01066562727285325,,False,0.97881313384878,0.9772521778158806,0.9666999009043058,0.9715432366235979,0.9441767068273093,0.9309646110281524,0.9149861144840317,0.9216278231033264
1137,0.0031503530862492823,0.010661599960969825,,False,0.97881313384878,0.9772507113922726,0.9666999009043058,0.9715433991568221,0.9441767068273093,0.9309646110281524,0.9149861144840317,0.9216278231033264
1138,0.0031487171446291677,0.010664632000206698,,False,0.97881313384878,0.9772507113922726,0.9666999009043058,0.9715433991568221,0.9441767068273093,0.9309646110281524,0.9149861144840317,0.9216278231033264
1139,0.0031469951060309194,0.010661098141861579,,False,0.97881313384878,0.9772507113922726,0.9666999009043058,0.9715433991568221,0.944578313253012,0.9313260273726962,0.9153602259692543,0.9220026468835774
1140,0.0031448532140029204,0.010659324499045107,,False,0.97881313384878,0.9772521778158806,0.9666999009043058,0.9715432366235979,0.9441767068273093,0.9309646110281524,0.9149861144840317,0.9216278231033264
1141,0.0031432752256347844,0.01066473657952462,,False,0.97881313384878,0.9772521778158806,0.9666999009043058,0.9715432366235979,0.9441767068273093,0.9309646110281524,0.9149861144840317,0.9216278231033264
1142,0.0031413965600268125,0.010664402443335568,,False,0.97881313384878,0.9772507113922726,0.9666999009043058,0.9715433991568221,0.9441767068273093,0.9309646110281524,0.9149861144840317,0.9216278231033264
1143,0.0031396372532577982,0.01066103040140689,,False,0.97881313384878,0.9772521778158806,0.9666999009043058,0.9715432366235979,0.9441767068273093,0.9309646110281524,0.9149861144840317,0.9216278231033264
1144,0.0031381511091521513,0.010661970439722153,,False,0.97881313384878,0.9772507113922726,0.9666999009043058,0.9715433991568221,0.9441767068273093,0.9309449995510649,0.9150052383938194,0.9216416393995017
1145,0.003136113420678109,0.010660426725489317,,False,0.97881313384878,0.9772507113922726,0.9666999009043058,0.9715433991568221,0.9441767068273093,0.9309646110281524,0.9149861144840317,0.9216278231033264
1146,0.0031344542929932066,0.010663232664010347,,False,0.97881313384878,0.9772507113922726,0.9666999009043058,0.9715433991568221,0.9441767068273093,0.9309646110281524,0.9149861144840317,0.9216278231033264
1147,0.00313265498045351,0.010658357877679252,,False,0.97881313384878,0.9772507113922726,0.9666999009043058,0.9715433991568221,0.9437751004016064,0.9305835832065212,0.9146311269085968,0.9212668156192508
1148,0.0031307561380892702,0.010663073669459547,,False,0.97881313384878,0.9772507113922726,0.9666999009043058,0.9715433991568221,0.9437751004016064,0.9305835832065212,0.9146311269085968,0.9212668156192508
1149,0.003129197026942775,0.01065944976678649,,False,0.97881313384878,0.9772578970316886,0.9666999009043058,0.971545795426866,0.9437751004016064,0.9305835832065212,0.9146311269085968,0.9212668156192508
1150,0.0031273105105511954,0.010661998030809729,,False,0.97881313384878,0.9772578970316886,0.9666999009043058,0.971545795426866,0.9437751004016064,0.9305835832065212,0.9146311269085968,0.9212668156192508
1151,0.0031256511934252685,0.010657831466449068,,False,0.97881313384878,0.9772521778158806,0.9666999009043058,0.9715432366235979,0.9441767068273093,0.9309041140836718,0.9150052383938194,0.9216255506698157
1152,0.0031235977959949294,0.01065874141900922,,False,0.97881313384878,0.9772521778158806,0.9666999009043058,0.9715432366235979,0.9437751004016064,0.9305835832065212,0.9146311269085968,0.9212668156192508
1153,0.0031219708451327806,0.010656064636577886,,False,0.97881313384878,0.9772507113922726,0.9666999009043058,0.9715433991568221,0.9437751004016064,0.9305415507820839,0.9146311269085968,0.9212507703909257
1154,0.003120121472324064,0.010660219779875621,,False,0.97881313384878,0.9772507113922726,0.9666999009043058,0.9715433991568221,0.9437751004016064,0.9305835832065212,0.9146311269085968,0.9212668156192508
1155,0.0031183932098401922,0.010655612738935644,,False,0.97881313384878,0.9772507113922726,0.9666999009043058,0.9715433991568221,0.9437751004016064,0.9305835832065212,0.9146311269085968,0.9212668156192508
1156,0.003116620974775114,0.010657079286340814,,False,0.97881313384878,0.9772521778158806,0.9666999009043058,0.9715432366235979,0.9437751004016064,0.9305415507820839,0.9146311269085968,0.9212507703909257
1157,0.0031148133890600152,0.010656195671851533,,False,0.97881313384878,0.9772521778158806,0.9666999009043058,0.9715432366235979,0.9437751004016064,0.9305835832065212,0.9146311269085968,0.9212668156192508
1158,0.003113176393173301,0.01065452356802168,,False,0.97881313384878,0.9772521778158806,0.9666999009043058,0.9715432366235979,0.9437751004016064,0.9305415507820839,0.9146311269085968,0.9212507703909257
1159,0.0031113861641769497,0.010653112923799675,,False,0.97881313384878,0.9772521778158806,0.9666999009043058,0.9715432366235979,0.9437751004016064,0.9305415507820839,0.9146311269085968,0.9212507703909257
1160,0.003109963928412373,0.010651767659133404,,False,0.97881313384878,0.9772507113922726,0.9666999009043058,0.9715433991568221,0.9441767068273093,0.9309041140836718,0.9150052383938194,0.9216255506698157
1161,0.00310791042582735,0.010651256455947436,,False,0.97881313384878,0.9772507113922726,0.9666999009043058,0.9715433991568221,0.9441767068273093,0.9309041140836718,0.9150052383938194,0.9216255506698157
1162,0.0031063200454642627,0.01065396212102422,,False,0.97881313384878,0.9772507113922726,0.9666999009043058,0.9715433991568221,0.9441767068273093,0.9309041140836718,0.9150052383938194,0.9216255506698157
1163,0.0031043327157776702,0.010655527936343544,,False,0.97881313384878,0.9772521778158806,0.9666999009043058,0.9715432366235979,0.9441767068273093,0.9309041140836718,0.9150052383938194,0.9216255506698157
1164,0.0031027824275712663,0.010657385302608697,,False,0.97881313384878,0.9772521778158806,0.9666999009043058,0.9715432366235979,0.9437751004016064,0.9305415507820839,0.9146311269085968,0.9212507703909257
1165,0.003100936754027101,0.010653916747797636,,False,0.97881313384878,0.9772521778158806,0.9666999009043058,0.9715432366235979,0.9437751004016064,0.9305415507820839,0.9146311269085968,0.9212507703909257
1166,0.0030990891290838727,0.010653064588757824,,False,0.97881313384878,0.9772521778158806,0.9666999009043058,0.9715432366235979,0.9437751004016064,0.9305415507820839,0.9146311269085968,0.9212507703909257
1167,0.003097433419534588,0.010656253202237556,,False,0.97881313384878,0.9772507113922726,0.9666999009043058,0.9715433991568221,0.9437751004016064,0.928789552623895,0.9146433129504606,0.9206204353331047
1168,0.0030957229100593217,0.010651877836853538,,False,0.97881313384878,0.9772507113922726,0.9666999009043058,0.9715433991568221,0.9441767068273093,0.9309041140836718,0.9150052383938194,0.9216255506698157
1169,0.0030940592244855574,0.01065204590091804,,False,0.97881313384878,0.9772521778158806,0.9666999009043058,0.9715432366235979,0.9437751004016064,0.9305415507820839,0.9146311269085968,0.9212507703909257
1170,0.003092294999148115,0.010653116828251735,,False,0.97881313384878,0.9772507113922726,0.9666999009043058,0.9715433991568221,0.9441767068273093,0.9309041140836718,0.9150052383938194,0.9216255506698157
1171,0.0030905780035826716,0.01065439297161728,,False,0.97881313384878,0.9772521778158806,0.9666999009043058,0.9715432366235979,0.944578313253012,0.9331105844473238,0.9153806137691949,0.9226477119986247
1172,0.003088853575639761,0.010655333469638593,,False,0.97881313384878,0.9772521778158806,0.9666999009043058,0.9715432366235979,0.9437751004016064,0.928789552623895,0.9146433129504606,0.9206204353331047
1173,0.0030871062588301115,0.010654529884710807,,False,0.97881313384878,0.9772577819229432,0.9666999009043058,0.9715463053025064,0.9441767068273093,0.93089398431489,0.9150186883258361,0.9216255150116253
1174,0.0030854300490968352,0.010655115654177061,,False,0.97881313384878,0.9772521778158806,0.9666999009043058,0.9715432366235979,0.9441767068273093,0.93089398431489,0.9150186883258361,0.9216255150116253
1175,0.0030836455591247646,0.010652572791736824,,False,0.9789135455367005,0.9773393459858831,0.9667931931890341,0.9716343519277094,0.9441767068273093,0.93089398431489,0.9150186883258361,0.9216255150116253
1176,0.0030820209201105064,0.010652493262411737,,False,0.97881313384878,0.9772521778158806,0.9666999009043058,0.9715432366235979,0.9441767068273093,0.93089398431489,0.9150186883258361,0.9216255150116253
1177,0.0030803625325467017,0.010654367780509268,,False,0.97881313384878,0.9772521778158806,0.9666999009043058,0.9715432366235979,0.944578313253012,0.9312297412982878,0.9153736759012711,0.9219696666562852
1178,0.003078680125012855,0.010652769624968405,,False,0.97881313384878,0.9772521778158806,0.9666999009043058,0.9715432366235979,0.944578313253012,0.9312297412982878,0.9153736759012711,0.9219696666562852
1179,0.0030772140728788718,0.010656032962111437,,False,0.97881313384878,0.9772593634552966,0.9666999009043058,0.9715456328936418,0.944578313253012,0.9312297412982878,0.9153736759012711,0.9219696666562852
1180,0.0030757074601711902,0.010653548980139326,,False,0.9789135455367005,0.9773450072400816,0.9667931931890341,0.9716368755680824,0.944578313253012,0.9312297412982878,0.9153736759012711,0.9219696666562852
1181,0.003073468343894886,0.010651710008330754,,False,0.9789135455367005,0.9773449500929458,0.9667931931890341,0.971637420606618,0.9441767068273093,0.93089398431489,0.9150186883258361,0.9216255150116253
1182,0.003071805502968802,0.010650535025137603,,False,0.9789135455367005,0.9773393459858831,0.9667931931890341,0.9716343519277094,0.9441767068273093,0.93089398431489,0.9150186883258361,0.9216255150116253
1183,0.003070163059140628,0.01065140857746981,,False,0.9789135455367005,0.9773449500929458,0.9667931931890341,0.971637420606618,0.9441767068273093,0.93089398431489,0.9150186883258361,0.9216255150116253
1184,0.003068420322680331,0.01064539381314736,,False,0.9789135455367005,0.9773393459858831,0.9667931931890341,0.9716343519277094,0.9441767068273093,0.93089398431489,0.9150186883258361,0.9216255150116253
1185,0.003066886738913058,0.010649843690996403,,False,0.9789135455367005,0.9773393459858831,0.9667931931890341,0.9716343519277094,0.944578313253012,0.9312297412982878,0.9153736759012711,0.9219696666562852
1186,0.0030653710294167454,0.010643531715378417,,False,0.9789135455367005,0.9773393459858831,0.9667931931890341,0.9716343519277094,0.9441767068273093,0.93089398431489,0.9150186883258361,0.9216255150116253
1187,0.0030636417031517675,0.010645512998678656,,False,0.9789135455367005,0.9773449500929458,0.9667931931890341,0.971637420606618,0.9441767068273093,0.93089398431489,0.9150186883258361,0.9216255150116253
1188,0.0030617424499411886,0.010645120385619086,,False,0.9789135455367005,0.9773449500929458,0.9667931931890341,0.971637420606618,0.9441767068273093,0.93089398431489,0.9150186883258361,0.9216255150116253
1189,0.0030601799454284626,0.01064539933422072,,False,0.9789135455367005,0.9773449500929458,0.9667931931890341,0.971637420606618,0.9441767068273093,0.93089398431489,0.9150186883258361,0.9216255150116253
1190,0.0030584576393453437,0.010644597745845558,,False,0.9789135455367005,0.9773393459858831,0.9667931931890341,0.9716343519277094,0.944578313253012,0.9312297412982878,0.9153736759012711,0.9219696666562852
1191,0.0030568541987974597,0.01064569065751375,,False,0.9789135455367005,0.9773449500929458,0.9667931931890341,0.971637420606618,0.944578313253012,0.9312297412982878,0.9153736759012711,0.9219696666562852
1192,0.0030551213482496293,0.010641860859992611,,False,0.9789135455367005,0.9773404116668009,0.9667931931890341,0.971634661228084,0.944578313253012,0.9312297412982878,0.9153736759012711,0.9219696666562852
1193,0.003053604381437297,0.010640054043348128,,False,0.9789135455367005,0.9773460157738635,0.9667931931890341,0.9716377299069925,0.944578313253012,0.9312297412982878,0.9153736759012711,0.9219696666562852
1194,0.003051909833649981,0.010640601581290326,,False,0.9789135455367005,0.9773404116668009,0.9667931931890341,0.971634661228084,0.944578313253012,0.9312297412982878,0.9153736759012711,0.9219696666562852
1195,0.00305079584947775,0.0106407814210904,,False,0.9790139572246209,0.9774295771458077,0.9668865638706401,0.9717270587772708,0.9449799196787149,0.931594429662246,0.9157477873864937,0.9223443538820101
1196,0.0030485819189581135,0.010640485780446006,,False,0.9790139572246209,0.9774287486003048,0.9668864854737621,0.971726334850474,0.944578313253012,0.9312297412982878,0.9153736759012711,0.9219696666562852
1197,0.0030469569805478,0.010641065932701893,,False,0.9790139572246209,0.977435322349967,0.9668865638706401,0.9717301631623614,0.944578313253012,0.9312297412982878,0.9153736759012711,0.9219696666562852
1198,0.003045939412898568,0.010642779913240134,,False,0.9790139572246209,0.9774357478509841,0.9668864854737621,0.9717288511429926,0.944578313253012,0.9312589107716625,0.9153800819198535,0.9219733109093242
1199,0.0030437576719585277,0.0106396052500727,,False,0.9790139572246209,0.977435322349967,0.9668865638706401,0.9717301631623614,0.944578313253012,0.9312297412982878,0.9153736759012711,0.9219696666562852
1200,0.003042169413519036,0.01063762781138601,,False,0.9791143689125414,0.9775239418209666,0.9669798561553681,0.9718219082406946,0.944578313253012,0.9312297412982878,0.9153736759012711,0.9219696666562852
