epoch,mse,validation_mse,accuracy,converged,training_accuracy,training_macro_precision_present,training_macro_recall_present,training_macro_f1_present,validation_accuracy,validation_macro_precision_present,validation_macro_recall_present,validation_macro_f1_present
0,0.40916063574777306,0.4104400130441294,,False,0.11336479566221508,0.10443899184868198,0.10595335057252638,0.09620155751620756,0.10281124497991968,0.09006013465845783,0.09470378760177195,0.08477267154040985
1,0.04705579653773367,0.04786886563871292,,False,0.6947484687217592,0.7002954435147732,0.6266298740571984,0.5929905537510597,0.6847389558232931,0.6884119422874256,0.6171900896763255,0.5848942670045543
2,0.029121550528110343,0.030886232114127787,,False,0.8365297720654684,0.837083207580658,0.7584672813269102,0.7503055456703482,0.8224899598393575,0.8212747963624402,0.7456545076048549,0.7372199669655077
3,0.02455714538293685,0.026487328698805702,,False,0.8576162265287679,0.8601399095279003,0.7779633111708147,0.7683447525851994,0.844578313253012,0.8477656381448123,0.7659061958884119,0.7563500657265089
4,0.020557080225331568,0.022720243115455376,,False,0.8821166783813635,0.88160877984739,0.800642631145359,0.7916937302541994,0.8634538152610441,0.8626710225914025,0.7833944265115016,0.7745135324706404
5,0.018833762507989328,0.021371257901821036,,False,0.8923586705492519,0.8913396733582374,0.8101053291999919,0.800958765650598,0.8678714859437751,0.8671415117944367,0.7874877644600767,0.778494802742501
6,0.017853890118310428,0.02057187627784891,,False,0.8964755497539914,0.8973129048115824,0.813750501469017,0.8045637822997189,0.87429718875502,0.8739918402461211,0.7933672670540547,0.7842793953123954
7,0.017031951648635725,0.019801288415491,,False,0.9001907822070488,0.8999612144973796,0.817353776592846,0.8079608304628375,0.8815261044176707,0.8811092400909454,0.800160213450975,0.7908536798936483
8,0.015917899833001292,0.018950494868003907,,False,0.9078220704890049,0.9081946350925978,0.8242715987221001,0.8151199723945252,0.8847389558232932,0.8848209234795213,0.8030335430745333,0.7942650793393561
9,0.015026530435002515,0.018436891098688016,,False,0.9109348328145396,0.9105553955266439,0.8271386193367337,0.817933412687113,0.8831325301204819,0.8825584683365595,0.8016141832163686,0.7926573989502107
10,0.014438937965740502,0.01793181463083059,,False,0.9139471834521539,0.9135708852049758,0.8298217827928082,0.8206824212704625,0.8879518072289156,0.8869295804073909,0.8059162687768199,0.7968625352493153
11,0.014016837321043484,0.017626429264506454,,False,0.9165578873380862,0.9163513840439068,0.8322975110167277,0.8229465597519682,0.8875502008032129,0.8868040134432067,0.8056514888283981,0.7965199599530379
12,0.013700378561147293,0.017383526665636768,,False,0.9170599457776886,0.9168910946015165,0.8328236971838172,0.8236634762246067,0.88714859437751,0.8868930434587962,0.8053382413401486,0.7964221608028823
13,0.013173967432077292,0.016940796403638776,,False,0.9200722964153027,0.9197916067674593,0.8355323206622383,0.8262707634721278,0.8923694779116466,0.8914564092395125,0.8099923411881634,0.8008957186382691
14,0.01282459179411444,0.01664754212341022,,False,0.9224821769253941,0.9222560898048571,0.8377281107449119,0.8285092053961924,0.8951807228915662,0.8943478041198848,0.8125517021908553,0.803536250514441
15,0.012535143145274328,0.016389566200899694,,False,0.9224821769253941,0.9219368465376911,0.8378029927077583,0.8284532934599412,0.8967871485943775,0.8957634242275648,0.8141434614702663,0.8049715829627081
16,0.012293220540059437,0.016123841514668932,,False,0.9255949392509288,0.9252332507924215,0.8406825351370278,0.8313302861375035,0.9012048192771084,0.9003858567180495,0.8182653433042929,0.809156907578881
17,0.012066714864277708,0.016042140650363045,,False,0.9262978210663722,0.9258757926340545,0.8413966303015334,0.8319929225416154,0.8983935742971888,0.8977438923485361,0.8157409991645783,0.8066428602825513
18,0.011776807046594513,0.015777530804358914,,False,0.9284064665127021,0.9284860858090868,0.8432330154979508,0.8340121899780114,0.8983935742971888,0.8976999746864281,0.8155623556249021,0.8065289042829914
19,0.011551438653130415,0.01567277429953928,,False,0.9293101717039863,0.9288304683161928,0.8441574366869768,0.8346893761513176,0.9,0.8992132370749246,0.817185956027831,0.8079917589443416
20,0.01162582154288411,0.01560195357093527,,False,0.9292097600160659,0.9296260782641316,0.843988547603679,0.8347522666962024,0.9012048192771084,0.9011908902141383,0.8182305357661827,0.8092827019142064
21,0.011131358816433816,0.015391156424228974,,False,0.9314188171503163,0.9309576154346457,0.8460566777814287,0.8366135431511608,0.9020080321285141,0.9011096497486402,0.8190282716144234,0.8098158095111181
22,0.010939240746830153,0.015301531248808904,,False,0.932623757405362,0.9326810530069916,0.8471457898728165,0.8378050876472708,0.9016064257028112,0.9013336039025169,0.8185573614226797,0.809703120345563
23,0.01080955354679622,0.015135104238698276,,False,0.9334270509087258,0.9331985751428995,0.8478858938303553,0.8384973347738794,0.9040160642570281,0.9036118986763286,0.8207581722354677,0.8118065345310833
24,0.010580963707129165,0.014928153147867692,,False,0.9335274625966462,0.9333520208111774,0.8479567836939261,0.8385660451641397,0.9044176706827309,0.9036367664420797,0.821186347990763,0.812043303263375
25,0.010554035189799091,0.015014065418236118,,False,0.9338286976604077,0.9336674743853597,0.848238530554826,0.8388828044503552,0.9036144578313253,0.9035324368748014,0.8203761642982436,0.8115321120016439
26,0.010294693500723796,0.014801738495490777,,False,0.9355356963550557,0.9424049744608811,0.850272559455705,0.8413761230972867,0.9072289156626506,0.9067280061664014,0.823770281268653,0.8147197682997491
27,0.010192727335835754,0.014737065274169407,,False,0.936238578170499,0.9432464082124411,0.850884284376463,0.8419974158776218,0.9068273092369478,0.9064822695684791,0.8234234750692602,0.8144020964665949
28,0.010076807175359075,0.014741116320330254,,False,0.9374435184255447,0.9442922606622296,0.8519983071237445,0.8430714056568016,0.9048192771084337,0.9045537636907179,0.8215469531519897,0.812553998666097
29,0.009869128932078416,0.014479049939342285,,False,0.9378451651772266,0.9446642057425705,0.853214468216924,0.845394921107461,0.9080321285140562,0.9079522608707845,0.8244836311490498,0.8156163319715188
30,0.009735606836670962,0.014433769740807774,,False,0.9393513404960337,0.9457554583005555,0.8571230512765504,0.8522261789971884,0.9088353413654618,0.8078578091396383,0.8252142633959907,0.816355262498475
31,0.00957145012907857,0.014332367887446086,,False,0.9408575158148409,0.9396889129280583,0.8601401976163648,0.8572142208804965,0.9076305220883534,0.8072550998226706,0.8240932288404201,0.8154581248229386
32,0.009340161397434071,0.01421385109522266,,False,0.9431669846370118,0.9320074446626406,0.8723788233210306,0.877351857121924,0.9096385542168675,0.8536478494639019,0.8292942930610262,0.8245925520044283
33,0.009239803182801813,0.014132343997508788,,False,0.9457776885229441,0.9301941888655543,0.8827840504438927,0.8909387810594512,0.91285140562249,0.8859944281975045,0.8424944759308205,0.8458014603787056
34,0.009008267604264514,0.014030706895242311,,False,0.947886333969274,0.9321624070747561,0.8909644495153272,0.9005517265166052,0.9124497991967871,0.8904955936152591,0.8486938766602538,0.8554360559396413
35,0.008913830258110343,0.013975066842369415,,False,0.9489908625363992,0.9349971223556987,0.9008567970959559,0.9110368613954398,0.9156626506024096,0.8944057247438258,0.8568937533417946,0.8646785511957604
36,0.008775458555904043,0.013969917509290605,,False,0.9514007430464906,0.9385375477265262,0.9026415945921785,0.913116164501193,0.9136546184738956,0.8945715087436774,0.8566592131608053,0.8651988411231323
37,0.008529842960789099,0.013629292278404807,,False,0.951902801486093,0.938682748051563,0.907690005810024,0.9177659484646564,0.9164658634538153,0.8953326271226596,0.8660151506499107,0.8744984778018106
38,0.008454861932003559,0.013632718399792547,,False,0.9520032131740135,0.9420059850667667,0.90691015033834,0.9178222183015523,0.9164658634538153,0.8959365120406125,0.8660011603860688,0.8747673407634872
39,0.00856609440521298,0.013590571907884466,,False,0.9523044482377748,0.9431477360893893,0.9072637563072009,0.9183490730801862,0.9112449799196787,0.8975969552402048,0.85101459552224,0.8594781327661515
40,0.008126602238129362,0.013510559371296955,,False,0.9537102118686616,0.9417376315981849,0.9126682437507342,0.9226584403329939,0.9164658634538153,0.8957635481738768,0.8693368786849737,0.8778205904128655
41,0.008035087882088494,0.013362951128283757,,False,0.9556180339391506,0.9413508836070013,0.9198560381853267,0.9281128369237602,0.9184738955823293,0.8919811044849032,0.8795764014569524,0.8846247329449447
42,0.007882067148405229,0.013226432833710482,,False,0.9554172105633095,0.9420726388842827,0.9184521632217219,0.9273013532042723,0.9172690763052209,0.8985627211587359,0.878498345186508,0.8858589755599572
43,0.007721754488618708,0.013171282395867555,,False,0.957425444321719,0.9435881005690475,0.9244939686503493,0.9321390421530208,0.9184738955823293,0.8945698598862799,0.879671040981889,0.8855229817550576
44,0.007679244468583694,0.013154685666218652,,False,0.9584295612009238,0.9444974199597986,0.9266695459044492,0.9338969018771697,0.923293172690763,0.897048235407165,0.8857730090819386,0.8904689823996397
45,0.007478935007907561,0.013013214016161035,,False,0.9570237975700372,0.9439962681815113,0.9216278251405312,0.9301954600117802,0.9208835341365462,0.8981150776272503,0.8819281533316689,0.8881154335287322
46,0.007474717706221573,0.013122711248199975,,False,0.9582287378250829,0.947881301479919,0.9252649438460853,0.9340352086776902,0.921285140562249,0.8985294228856952,0.8823003834139216,0.8884281841189616
47,0.007284574458479952,0.01304083749168777,,False,0.9596345014559695,0.946564035178988,0.9298937413620693,0.9368067180335006,0.9208835341365462,0.8939272799908227,0.8819383340557412,0.8867826597688009
48,0.007250568884341888,0.012904585884588695,,False,0.9591324430163671,0.9449046704333759,0.9286012312179085,0.9353702593129136,0.9224899598393574,0.8968458152521502,0.886790104287559,0.8909622398565058
49,0.007145634832441995,0.012812202802840168,,False,0.9587307962646852,0.9478458296666845,0.9231982677737096,0.9324473086909983,0.9200803212851406,0.8978011574581041,0.8777327617641844,0.8850917317303924
50,0.00698610186677376,0.012800363999501744,,False,0.9612410884626971,0.9471795013396161,0.9347032295343985,0.9401498571709617,0.9228915662650602,0.8991359037818876,0.890443206206936,0.8942488367360881
51,0.006983094697965293,0.012789355895145604,,False,0.9606386183351742,0.9483924694246253,0.9299568537739299,0.9374484617661543,0.9244979919678715,0.8981523036742387,0.886791853888462,0.8915755299913882
52,0.00683610052545116,0.012681832170825302,,False,0.9604377949593332,0.9499090744496288,0.9293609808465961,0.9375769789556697,0.9253012048192771,0.9002019584777357,0.887624870237343,0.8927518941402551
53,0.006805991401095707,0.012840975245949926,,False,0.9618435585902199,0.9489686686638173,0.9352578108791357,0.9411482574304344,0.9253012048192771,0.9023461223830174,0.8977109654203704,0.8997420356497299
54,0.006673447427931034,0.012595155464962217,,False,0.9623456170298222,0.9518423900231342,0.9319654397757632,0.9399735082023317,0.9257028112449799,0.9028857970258264,0.8896815596562697,0.8951332116209846
55,0.006580730132792866,0.012550973838847363,,False,0.9632493222211065,0.9526146236988939,0.9369862558650107,0.9436328755058621,0.9281124497991968,0.9065572165418424,0.8986744172744403,0.9021689946742621
56,0.0064884218392349865,0.01257164082893666,,False,0.9642534391003112,0.950179352089989,0.9416555804692712,0.9455388783539738,0.9269076305220884,0.9025956199747998,0.8992285142370444,0.9007346192544508
57,0.00642534005679304,0.012499280287354938,,False,0.9644542624761522,0.9512233025740233,0.9422912747279906,0.9463418241945531,0.9261044176706827,0.9029487643227712,0.8984943680982601,0.9005040148004488
58,0.00628933579560086,0.012407010357727712,,False,0.9648559092278342,0.9537479334440645,0.9409670188016924,0.9465658886332773,0.927710843373494,0.9055133075654713,0.8999753961363454,0.9024642309254562
59,0.006255063877999075,0.012420235288498603,,False,0.9650567326036751,0.9533720813637971,0.9419808032531017,0.947035781623531,0.9281124497991968,0.9036739168011432,0.9002816310618401,0.9018647854644344
60,0.006214538972119676,0.012471645491466583,,False,0.9642534391003112,0.9531721028156076,0.9395621552758635,0.9454590717660971,0.9273092369477912,0.9020867231492475,0.8944492963537173,0.8978154907342086
61,0.006148458579159384,0.012359256044923482,,False,0.9660608494828798,0.954899315196446,0.9458609410690733,0.9499627406939448,0.9289156626506024,0.9044040538034999,0.9010316412892951,0.9026051445084062
62,0.006026512382870332,0.01230481371742716,,False,0.9666633196104026,0.9571019173137488,0.9442972914886442,0.9499437107716988,0.9281124497991968,0.9064709690146125,0.8986444772584518,0.9020940873562133
63,0.005929457053736262,0.012303307857200648,,False,0.9669645546741641,0.9559690705619341,0.9483611666548727,0.9518780093579721,0.9281124497991968,0.9032360065745798,0.900303838807353,0.9016184694704182
64,0.005860400483118374,0.012188272700384925,,False,0.9668641429862436,0.9570969288144195,0.9457447921294843,0.9508190195984663,0.929718875502008,0.9060301155019792,0.8983974552964599,0.901771719745009
65,0.005820646191301261,0.012336005953728359,,False,0.9678682598654483,0.9572013981677449,0.9496112055399174,0.9531093637138066,0.9285140562248996,0.9035667441238449,0.9007146110466118,0.901907236927812
66,0.0057231269545901025,0.0122469831813901,,False,0.9691736118084145,0.958854748839774,0.9529039486130844,0.955705337773941,0.9305220883534137,0.9072714911884631,0.9042371684955887,0.9056003799202753
67,0.005742405962495151,0.012121012144113775,,False,0.9681694949292098,0.961220842424062,0.945257374015582,0.9521135890142232,0.9289156626506024,0.9097900566280599,0.8942374605928587,0.9005214056812392
68,0.005621187562094744,0.012234463079779313,,False,0.9688723767446531,0.9590866925916394,0.9513941367035166,0.9549498189521469,0.929718875502008,0.9069913896650514,0.9018265467174253,0.9041040399459734
69,0.005673902324104038,0.012131428159801472,,False,0.9688723767446531,0.959955884798137,0.9518160911559921,0.9555844284823514,0.9285140562248996,0.907324133517936,0.9007042216485848,0.9035854517998199
70,0.005517090163831407,0.012168958893314721,,False,0.9694748468721759,0.9606957533011831,0.9527466271329641,0.9564101077827725,0.9317269076305221,0.912639117276159,0.9052728247527847,0.908564322650339
71,0.005435153565043255,0.012120522674639193,,False,0.9699769053117783,0.9599280202123031,0.9536559350260825,0.9565978190421903,0.9309236947791165,0.9087403738218356,0.9046176859993937,0.9064601944902976
72,0.005620438738533017,0.012386710779499011,,False,0.9691736118084145,0.9610247869611346,0.9537340565579719,0.9571218807222324,0.927710843373494,0.9048053751585611,0.9015416219215499,0.9028318227116922
73,0.005308789442309377,0.012158910918016056,,False,0.9702781403755397,0.9622979224462278,0.9535068949005393,0.9575473723867634,0.9317269076305221,0.9089237791842303,0.9036175818737721,0.9060229788469558
74,0.005319391373577443,0.012241140447721939,,False,0.9708806105030625,0.9637877186237951,0.9557237072236917,0.9594665834523018,0.9293172690763052,0.9072527802436904,0.9031655656558567,0.9048885257428394
75,0.005224507890102646,0.012164675123842119,,False,0.9705793754393012,0.9601156528713441,0.956283945445801,0.9581169395271905,0.9293172690763052,0.9027354463985202,0.9048290968607644,0.9035857983611455
76,0.00514818125114846,0.011985810993798638,,False,0.9708806105030625,0.9636330360792034,0.9540488468260284,0.9584320039878835,0.9309236947791165,0.9094221000770786,0.9028968856670045,0.9058374846048862
77,0.005076876794528349,0.012083247350930961,,False,0.9717843156943469,0.9624328221749097,0.957815596126883,0.9600094180195696,0.9301204819277108,0.9046692008726749,0.9038578979169678,0.9041417939883343
78,0.005100337024581718,0.012220465338862438,,False,0.9715834923185058,0.964017194373469,0.9559125665229655,0.9596561467071124,0.9285140562248996,0.9048651118895178,0.9007030340350806,0.9024448511029952
79,0.005021823707058094,0.01219673949508779,,False,0.9720855507581082,0.9632166673746099,0.9584741445127367,0.9607175553317424,0.9281124497991968,0.898263914392103,0.9019624365577857,0.8998746035555177
80,0.005055347740510253,0.012184497810201322,,False,0.9720855507581082,0.9633350466256291,0.9567818595991828,0.9598395729801104,0.929718875502008,0.9049372876412595,0.9017806170895641,0.9030726872890749
81,0.004879733968945816,0.012035153883522453,,False,0.973089667637313,0.9676576747710585,0.9581277844307782,0.9624980512685661,0.9313253012048193,0.9110959194998062,0.9032120662909379,0.9066902252000539
82,0.004893989571304512,0.012025607530658428,,False,0.9724871975097902,0.9671797799856824,0.9580072951674846,0.9622174203432269,0.9321285140562249,0.9113407487024957,0.9057046235911783,0.9081459768765041
83,0.0048305271656190266,0.011980318328962625,,False,0.972888844261472,0.9667928692050354,0.9592180807625454,0.9627445754621667,0.9333333333333333,0.914350092608238,0.9084815630310072,0.9110900779477495
84,0.004727658680220195,0.01200065743493706,,False,0.9731900793252335,0.9673744192517127,0.9590724847383176,0.9629241928437141,0.9309236947791165,0.9100067616268444,0.9045766066752553,0.9069948529464624
85,0.0047513768707629755,0.011961048255389834,,False,0.973089667637313,0.9664186407768729,0.9585294107757945,0.9621865430054259,0.9313253012048193,0.9106363892110618,0.9048930401941342,0.9074277554050174
86,0.004639079356560862,0.01204944912718812,,False,0.9739933728285972,0.9674536759396246,0.9610318975036193,0.9640448419917222,0.9305220883534137,0.9068993188228358,0.9058956551350926,0.9062093574230661
87,0.004617209961934513,0.012051263065152515,,False,0.9739933728285972,0.9677969471942911,0.9610528311464953,0.9642208944608041,0.9305220883534137,0.9114827795069854,0.905883477575713,0.9083863597490343
88,0.004582789344734794,0.012078678401215254,,False,0.9742946078923587,0.9685930105316967,0.9621547071085816,0.9651870737557472,0.9305220883534137,0.9090280035749649,0.9059277056100403,0.9072772260408422
89,0.004555041703872242,0.011988499505826679,,False,0.9739933728285972,0.9686323083832311,0.9602083798111098,0.9641046479676153,0.9337349397590361,0.9153034133436382,0.9071197515228087,0.9107638471664122
90,0.004487979267220563,0.012024356391488304,,False,0.9746962546440405,0.9690257466135471,0.9625150191557549,0.965570255862667,0.9317269076305221,0.9101809216950701,0.9069705093134576,0.9084021399493574
91,0.004483566604861444,0.011985034396546529,,False,0.9743950195802792,0.9686194939584407,0.9614130499115604,0.964777793082888,0.9305220883534137,0.9110422201792121,0.9042364279722928,0.9072005329572712
92,0.004404478948910754,0.011956584695314796,,False,0.9746962546440405,0.9692814469366081,0.9612631027682118,0.9649841586261569,0.9321285140562249,0.9124948892399237,0.9056964099335514,0.9086941038516113
93,0.00441846829507791,0.01201395236530859,,False,0.9753991364594838,0.9696983927323549,0.9631626698370296,0.9662214720081277,0.9305220883534137,0.9069330586476188,0.9058208491899253,0.9062027026822981
94,0.004349400403982198,0.011959879178721253,,False,0.974997489707802,0.968359561368627,0.9619522504587251,0.9649621822139542,0.9317269076305221,0.9089895060055437,0.906981439947653,0.9078596967941173
95,0.004318590005637767,0.011992285079461098,,False,0.9755999598353249,0.9701702085004918,0.9629465562177094,0.9663274676757252,0.9317269076305221,0.9126040956266165,0.9069872199709343,0.9094857478890517
96,0.004295667592744439,0.011985926201622315,,False,0.9759011948990862,0.9704515468605064,0.9627837980331778,0.9663605380626957,0.9317269076305221,0.9116018966241509,0.9036151601389769,0.9070908910130717
97,0.00430391048469521,0.012039921374457106,,False,0.9757003715232453,0.9679512248466899,0.9642933337940328,0.9660449890557273,0.9317269076305221,0.906499736477142,0.9087111749832734,0.9074102602695729
98,0.004300519640455688,0.011979385398808395,,False,0.9761020182749272,0.9687631245332948,0.9650710361913352,0.9668325600003569,0.9309236947791165,0.9039747493153512,0.9079468588681683,0.9057021729515602
99,0.004211103656620683,0.011994791993816515,,False,0.9759011948990862,0.9692531780269893,0.9636298946478841,0.9662865231164771,0.9325301204819277,0.911474246184587,0.9094388005754804,0.910285918493554
100,0.004162851877863615,0.012004692895168768,,False,0.9765036650266091,0.9702423335566864,0.9637560147234433,0.9668029127475456,0.9309236947791165,0.905526385925874,0.9044952886659952,0.9048982351339203
101,0.004130416730547556,0.0118588338083278,,False,0.9765036650266091,0.9715090517750582,0.9641753958996959,0.9676125648857382,0.9325301204819277,0.9091699703508197,0.9060269312792985,0.9074285894386234
102,0.004098909203976587,0.01203546027504665,,False,0.976905311778291,0.9710806815031583,0.96495126229726,0.9678414917504374,0.9309236947791165,0.9070745757347201,0.9028094593936581,0.9046811718466023
103,0.004040355640027686,0.01196594761138033,,False,0.97670448840245,0.9716721858701871,0.964352848829064,0.9677756349867125,0.9317269076305221,0.9088836619488612,0.9036144365806495,0.9059583038243328
104,0.004009771108533081,0.011912717768862548,,False,0.9770057234662115,0.9723942012371908,0.9646229416873356,0.9682521674205815,0.9313253012048193,0.908553257702676,0.9032293944612317,0.9056029074899536
105,0.004009965196688014,0.012012280247139578,,False,0.9771061351541319,0.9721285777014581,0.9647234297225791,0.9681808326424205,0.929718875502008,0.9059623056162819,0.9016870307920305,0.9035757235885712
106,0.003983941197820456,0.01195532723600844,,False,0.9774073702178934,0.9719257444762547,0.9654216522967725,0.9684845832980332,0.9317269076305221,0.9096767416423128,0.9086515977446482,0.9089932770274748
107,0.003942013545595598,0.011963720429336732,,False,0.9773069585299728,0.9718481099871423,0.965315378192962,0.9683817781383599,0.9317269076305221,0.9091063555634906,0.9069438096408944,0.907833259543585
108,0.003942597826783973,0.011995776692280304,,False,0.9770057234662115,0.9720606104084281,0.9646162092942929,0.9680827592755763,0.9325301204819277,0.90984989967122,0.9042879392694032,0.906709862605831
109,0.003870425361915525,0.011882984592995895,,False,0.9776081935937343,0.9729393064849052,0.9651793390892931,0.9687942567449012,0.9313253012048193,0.9092262383142447,0.9049092190022695,0.9067987969874862
110,0.003853841215390702,0.01192833877657598,,False,0.9778090169695752,0.9731400192479449,0.9653638074841047,0.9689814770274336,0.9317269076305221,0.9095975352447027,0.9052487598103804,0.907172564586322
111,0.0038304872717996,0.011906503190872494,,False,0.9777086052816548,0.9730022561145366,0.9652694904780231,0.968878286929484,0.9337349397590361,0.9113901143202219,0.9071168064211564,0.909013397905881
112,0.0038381258158385555,0.011836541660385164,,False,0.9777086052816548,0.9743512757793087,0.9648539692855298,0.9692316016600385,0.9349397590361446,0.9174004909517414,0.9065227497277102,0.9112046621520942
113,0.0038110741752637525,0.011911078736613213,,False,0.9774073702178934,0.9728182989721438,0.9645707947415918,0.9684043482624884,0.9337349397590361,0.9149124500958852,0.9053794956227608,0.9095064260978902
114,0.003786701404822748,0.01189443524283305,,False,0.9779094286574957,0.9728867423896127,0.9662933992244618,0.9694027746786609,0.9321285140562249,0.9088273275386002,0.9056094298460705,0.9070298364347212
115,0.003738821542501451,0.011868743749037666,,False,0.9778090169695752,0.9731287988311073,0.965366475217865,0.9689829794381148,0.9325301204819277,0.9103708271845543,0.9060322939812332,0.907904366919309
116,0.003718057510412112,0.011853196761732965,,False,0.9779094286574957,0.9732553693723968,0.9654567050034729,0.9690909676741976,0.9317269076305221,0.910858493345459,0.9052788058718794,0.9077344110392871
117,0.003699669031357317,0.011833429531484068,,False,0.9780098403454162,0.9733022924796246,0.9655389748500072,0.9691664775432282,0.9329317269076305,0.9106690604155967,0.9063551335186943,0.908287259621916
118,0.003675817614234535,0.011884450273636054,,False,0.9780098403454162,0.9733705433769894,0.9655453026729247,0.9691934587350688,0.9333333333333333,0.9111798472495212,0.9067427805994094,0.9086715845993361
119,0.003662507192161164,0.011826328809003899,,False,0.9781102520333367,0.9739042883795069,0.9660651709542962,0.9697169605137961,0.934136546184739,0.9143364541102876,0.9074869251401074,0.9105250971774311
120,0.003631133313833183,0.011836561283667023,,False,0.9779094286574957,0.9733368280393854,0.9658780348257243,0.969362355598011,0.9313253012048193,0.9069748386228638,0.9048882993529878,0.9057192711208066
121,0.0035957240811415594,0.0117631285506867,,False,0.9780098403454162,0.973319871449009,0.9655525866250831,0.9691776384503624,0.9329317269076305,0.9119707773515368,0.9063813013419162,0.9088461057569136
122,0.003613213133204349,0.01183921490568002,,False,0.9781102520333367,0.9729879713637158,0.9660646193951804,0.9693108030113513,0.9325301204819277,0.9091796341618874,0.9060809405856628,0.9073661108155426
123,0.0035488916012043977,0.011754045127513192,,False,0.9785118987850185,0.9737653450054172,0.9660167722993529,0.9696337033432444,0.9333333333333333,0.9129736131045463,0.9050027706937568,0.9085308085983225
124,0.003585404649431912,0.011809978664352747,,False,0.9786123104729391,0.9743682469186865,0.9665153530398639,0.9701805841072323,0.9325301204819277,0.9109439102117304,0.9043079191348242,0.9072052311975111
125,0.0035180285371664505,0.011709750734090653,,False,0.9787127221608595,0.9748706669460705,0.9661994508635312,0.9702208875838922,0.9353413654618474,0.9182793973267448,0.9085553732998896,0.9128168268123655
126,0.0035314725546146853,0.011866116371191228,,False,0.9786123104729391,0.9739641125201938,0.9664928331409897,0.9699871977163433,0.9321285140562249,0.9112736780878188,0.905555212796657,0.9080847300688006
127,0.0034703246104592477,0.011682536951830393,,False,0.9790139572246209,0.9747032012460229,0.9664725943945481,0.9703017500063716,0.934136546184739,0.9143627952486738,0.9074113871541285,0.9105286440659783
128,0.0034405164012755434,0.011766720690495142,,False,0.9790139572246209,0.9742809261764557,0.9664481269411601,0.9701064044556141,0.9329317269076305,0.9126220054970956,0.9046095352987464,0.9081506414741123
129,0.0034260713077591746,0.011748674495274156,,False,0.9793151922883824,0.9745518064324463,0.9671713685278573,0.9706255439482293,0.9317269076305221,0.9101341165073092,0.9035191486895818,0.9064594167092479
130,0.003427218322709786,0.011807483170063113,,False,0.9793151922883824,0.9749517083804329,0.9667320116982189,0.9705532613912428,0.9309236947791165,0.9094504788914217,0.9028312265160889,0.9057296642163494
131,0.0034098721754088125,0.011731093911199182,,False,0.9790139572246209,0.9743109880598771,0.9668668683566539,0.9703487837239374,0.9329317269076305,0.911930853867934,0.9063000893781664,0.9088193248245305
132,0.0033753689812700905,0.011720494351004841,,False,0.9794156039763029,0.9746757749004131,0.9672381565115553,0.97071772782899,0.9325301204819277,0.9115471690239474,0.9059259694104596,0.9084458696042947
133,0.00335452003414901,0.0116547462357339,,False,0.9795160156642233,0.9760449049640937,0.9669180338123087,0.9711410278304934,0.9349397590361446,0.9173180864681397,0.9064748530334035,0.9111801103961731
134,0.0033562603839486847,0.011742942037856374,,False,0.9794156039763029,0.9751199385014737,0.96724082517544,0.9709190907268604,0.9325301204819277,0.9108778370442329,0.9042790343350339,0.9071815642561946
135,0.0033642336075819356,0.011792330782750143,,False,0.9797168390400642,0.9757626851425366,0.9675279420889953,0.9713565550079655,0.9317269076305221,0.9101770525712362,0.903618237637935,0.906489696942254
136,0.0032951317693257335,0.011683898303083045,,False,0.9796164273521438,0.9756887307994602,0.967413954763576,0.971270710942445,0.9325301204819277,0.9108599558185168,0.9042590808214085,0.9072121164883887
137,0.0033016348350359288,0.011662987454387245,,False,0.9799176624159052,0.9760008985567116,0.9672764303713808,0.971324515030422,0.9345381526104418,0.9169848668521171,0.9060846603030713,0.9108007849491551
138,0.0032522769246252645,0.01168604914058185,,False,0.9800180741038257,0.9760457133565458,0.9677928895695835,0.9716335784949239,0.9325301204819277,0.9122544320104689,0.9042834529051365,0.9077765073468486
139,0.0032580201938279137,0.01166691731294535,,False,0.9796164273521438,0.9757142565444362,0.9674272099884775,0.9712866457264175,0.9333333333333333,0.912977753249832,0.9049785131380234,0.9085125745461211
140,0.003259981029897525,0.011696191857061177,,False,0.9797168390400642,0.9758146641382791,0.9675200281808432,0.971382517942453,0.9337349397590361,0.9147649244117338,0.9053949508725688,0.9094555748394636
141,0.0032252758422271783,0.011667492767811694,,False,0.9798172507279848,0.9759144837379444,0.9676139513516895,0.9714770721313037,0.9337349397590361,0.9133453229589164,0.9053340240803153,0.908865040385536
142,0.00320037624321433,0.011634431254321911,,False,0.9799176624159052,0.9759582301193181,0.9677073220332955,0.9715491102599678,0.9333333333333333,0.9144159212217446,0.9049861745642745,0.909091895386125
143,0.003211450921483646,0.011728493511070878,,False,0.9802188974796666,0.975396014279337,0.9683982146244089,0.9716854745287719,0.9313253012048193,0.9084925312955163,0.90316689847275,0.905534872721174
144,0.0031654980199288573,0.011638918867298537,,False,0.9800180741038257,0.9761488062813939,0.968223048188631,0.9719239735530353,0.9325301204819277,0.9122463883715588,0.9042122214739887,0.907769081858352
145,0.0032137141310384343,0.011725994971904803,,False,0.9800180741038257,0.9760580673464556,0.9682220225371528,0.9718846063151685,0.9301204819277108,0.9073912607750133,0.9020708294033302,0.9043895536682567
146,0.003155624932427004,0.011640833687088896,,False,0.9801184857917462,0.9757172342085537,0.968304449177443,0.9717767163153727,0.9321285140562249,0.9133424265161373,0.9039483127978166,0.9080037027637375
147,0.0031210291589748654,0.011639074136691853,,False,0.9802188974796666,0.9771530992999694,0.9683956252875267,0.9724603257426784,0.9329317269076305,0.912608363318076,0.9046036696119893,0.9081446318256281
148,0.003113730658354824,0.011603018785973895,,False,0.9800180741038257,0.9760517594038622,0.968211078495837,0.9718740653877903,0.9329317269076305,0.9140089629983448,0.90466522581661,0.9087144800920574
149,0.003098149143854306,0.01166547704944457,,False,0.9800180741038257,0.9761117700908143,0.9682146601881164,0.9719035348640238,0.9337349397590361,0.9133508811613074,0.9053513607330933,0.9088785226714453
150,0.0030847652938657613,0.011668116455675843,,False,0.9802188974796666,0.9767222340012182,0.9683935984060105,0.9722686124010279,0.9333333333333333,0.9129495902012305,0.9049772492478707,0.9084944865791833
151,0.0030840238695480134,0.011657825651682848,,False,0.9805201325434281,0.9765175145430298,0.9686801637604501,0.9723374883356948,0.9309236947791165,0.9094235397633548,0.902843412557953,0.9057076720610462
152,0.003064817943325322,0.011598626555111714,,False,0.9803193091675871,0.9767851776646794,0.9684929492350002,0.9723555433522901,0.9333333333333333,0.9143853123889042,0.9050149652181049,0.9090933623980457
153,0.0030503655869992805,0.011589556980729748,,False,0.9806205442313485,0.9770492008085392,0.9687688398267797,0.9726258748850244,0.934136546184739,0.9150991311628562,0.9057619327808815,0.9098341272243431
154,0.0030371137181245673,0.011613878923302933,,False,0.9806205442313485,0.977562828991032,0.9687661720930196,0.9728469776676216,0.9333333333333333,0.9144000776609578,0.9049918485420455,0.9091045141015022
155,0.0030264225534206756,0.011584654553281977,,False,0.9806205442313485,0.9766296015542818,0.9687693923160201,0.9724387783163251,0.9329317269076305,0.9140452142604553,0.9046599776426701,0.9087511689695833
156,0.003009598442332729,0.011604205324960112,,False,0.9805201325434281,0.9769807656854995,0.9686760216344141,0.972544432739761,0.9337349397590361,0.9147708636882412,0.9053647046195997,0.9094772007565078
157,0.0030136633238273106,0.011613929552172657,,False,0.9806205442313485,0.9766272430693506,0.96876672458226,0.9724350669634246,0.934136546184739,0.9151897474645918,0.9057516281419874,0.9098685110597352
158,0.002982214706667168,0.011622148301107573,,False,0.980720955919269,0.9776511286733306,0.9692782048631169,0.9731720990381668,0.9337349397590361,0.9147931329648608,0.9053659600272681,0.9094799543144365
159,0.002975662714037444,0.011624086139158465,,False,0.980720955919269,0.9772010275232081,0.9692814250861174,0.9729799780611322,0.9333333333333333,0.9144577608482507,0.9049708432292882,0.909087729000305
160,0.0029583326704397794,0.011604239791417203,,False,0.980720955919269,0.9776389818185179,0.9692814250861174,0.9731694746071585,0.9337349397590361,0.9147024372264946,0.9053518925824346,0.9094412127114183
161,0.0029807259775139813,0.011659021899058078,,False,0.980720955919269,0.9767441859218798,0.969280794199999,0.9727797376329248,0.9313253012048193,0.9097686906758631,0.9032123819147456,0.9060706529120357
162,0.0029455901098646774,0.011579998346481848,,False,0.9806205442313485,0.9779891143137066,0.9687693923160201,0.9730342837881365,0.934136546184739,0.918253406820877,0.9057203216074018,0.9110251260729493
163,0.002952463715087981,0.011635726577022897,,False,0.9806205442313485,0.977573636967484,0.9687661720930196,0.9728560394207361,0.9337349397590361,0.9134190334516867,0.9053462957856551,0.9088872256043636
164,0.002906735612569549,0.011588677807655894,,False,0.980720955919269,0.9776432159316801,0.968860095263866,0.9729397884204656,0.9321285140562249,0.911927709261341,0.9038701434987453,0.9074109047661785
165,0.0028977371550926293,0.0115632710067749,,False,0.9808213676071895,0.9781553798194536,0.9689534659454719,0.9732110237098832,0.9333333333333333,0.9143746560673373,0.9050162206257735,0.9090907973892818
166,0.002882572063965907,0.011565874823681368,,False,0.980720955919269,0.9780687811533555,0.968860095263866,0.9731244751945825,0.9337349397590361,0.9147024372264946,0.9053518925824346,0.9094412127114183
167,0.0028724582971727474,0.011561255981585779,,False,0.980720955919269,0.9780655462776251,0.968860095263866,0.9731222680450615,0.9333333333333333,0.9143656553098499,0.9049599125950927,0.9090683448051239
168,0.0028639226049031394,0.011530516071366934,,False,0.9809217792951099,0.9782576591899753,0.9690467582301999,0.9733128352795498,0.934136546184739,0.91510093899288,0.9057464775310735,0.9098375236788078
169,0.0028527945242221293,0.01156014961128719,,False,0.9808213676071895,0.977717237732628,0.9689528350593536,0.9730257509583686,0.9317269076305221,0.912911812680036,0.9035268101158329,0.9075972550496382
170,0.002842890734238605,0.011543629818937036,,False,0.9809217792951099,0.9782775660197959,0.9690358925857621,0.9733158522912083,0.934136546184739,0.9151388863792405,0.9057216711610303,0.9098062689072248
171,0.0028294694603357693,0.011527622654585935,,False,0.9810221909830305,0.9783455703931614,0.96912918487049,0.9733942654017054,0.9337349397590361,0.9120090984537393,0.9053776142197909,0.9083133317228529
172,0.0028461299557134,0.011539882515049608,,False,0.9808213676071895,0.9782141555292692,0.9689534659454719,0.9732393992128875,0.9337349397590361,0.916297025503052,0.9053307548723709,0.9100398961909717
173,0.0028068884818126115,0.011561780313413986,,False,0.9811226026709509,0.9784406662873804,0.9692198878183357,0.9734903329779974,0.934136546184739,0.9136923422110047,0.9057395396631497,0.909245639411632
174,0.0027971997772748463,0.011538308750434592,,False,0.9810221909830305,0.9783482950188075,0.96912918487049,0.97339862964203,0.934136546184739,0.9150886217481156,0.905720947602703,0.9098148014522067
175,0.0027928135921519506,0.011546449319881132,,False,0.9810221909830305,0.9779225262416469,0.9695587910002972,0.9734551325716203,0.9329317269076305,0.9125628301493338,0.9046331923066311,0.9081335948078557
176,0.002783722671372219,0.011527113107434395,,False,0.9811226026709509,0.978444614750411,0.9692198878183357,0.973489972315298,0.9349397590361446,0.9158724064778426,0.9064633905498669,0.9105668398132087
177,0.0027766318736597764,0.01159186149771965,,False,0.9811226026709509,0.9780094466901057,0.9696412176405873,0.9735392492450694,0.9333333333333333,0.9116620803137747,0.9050439560634056,0.907937642795305
178,0.002760069699185433,0.011524929311865122,,False,0.9813234260467918,0.9786483651178747,0.9698297176981446,0.9739275467338933,0.9329317269076305,0.9126197224067416,0.9046242406384317,0.9081254209043654
179,0.002746335544824868,0.011531546319121566,,False,0.9813234260467918,0.9786409615735209,0.9698297176981446,0.9739230027221839,0.9333333333333333,0.9129071764543488,0.9049708432292882,0.9084806836274107
180,0.0027436648440330664,0.011576568053258447,,False,0.9815242494226328,0.978880223430229,0.9708537832383392,0.9746028477755616,0.9345381526104418,0.9141343318650463,0.9061009332571669,0.90961231768599
181,0.0027460390568931872,0.011534403295500378,,False,0.9816246611105532,0.9789366648082907,0.9705284918314538,0.9744453099977943,0.9329317269076305,0.9139664520198382,0.9046087260769434,0.9087100884688795
182,0.0027310460909210645,0.011590028623866058,,False,0.9815242494226328,0.9788930724825801,0.9708537832383392,0.9746096924718779,0.9349397590361446,0.9144381215451184,0.90649543254233,0.9099929329657329
183,0.0027093212143029766,0.011529188703098676,,False,0.9814238377347123,0.9787613842301707,0.9703417504682419,0.9742649567482454,0.9337349397590361,0.9133630501954989,0.9053225615967787,0.9088470974066806
184,0.0027025618413206325,0.01151941127847603,,False,0.9816246611105532,0.9789523383293367,0.9709471539199451,0.9746855394530284,0.9325301204819277,0.9122067067418216,0.9042633873762398,0.907769878405747
185,0.0026900106804561086,0.011529769565592377,,False,0.9816246611105532,0.9789870041825487,0.9709471539199451,0.9747046153329152,0.9329317269076305,0.9126068962831773,0.9045987107100613,0.9081014601154824
186,0.0026840190938223173,0.01157226663014698,,False,0.9816246611105532,0.9785597034504556,0.9713658160084364,0.974747780606597,0.934136546184739,0.9136797179075509,0.9057537395052893,0.9092358297055453
187,0.002687086371536329,0.011510990314188526,,False,0.9816246611105532,0.9789232613701263,0.9705284918314538,0.9744389071190164,0.9329317269076305,0.9139853348372036,0.9046836261680706,0.9087403337656705
188,0.002663195290855364,0.011526955642902384,,False,0.9815242494226328,0.9784334540229102,0.9708537832383392,0.9744083441758273,0.934136546184739,0.9136431812171089,0.9057376667426641,0.9092305780220686
189,0.002679573649958699,0.011588450927114528,,False,0.9816246611105532,0.9790027862359876,0.9713658160084364,0.974945150585561,0.9333333333333333,0.9129140567033885,0.9049984930034446,0.9084700819854847
190,0.0026485912853715958,0.011531589995468708,,False,0.9815242494226328,0.9788320967379622,0.9704351211498479,0.9743470004012179,0.934136546184739,0.91507810868456,0.9057549949129577,0.909811453260429
191,0.0026418209101388467,0.011553928135490022,,False,0.9816246611105532,0.979000108367545,0.9713658160084364,0.9749436093955739,0.9345381526104418,0.9140386413362496,0.906123326374899,0.9096199474269656
192,0.0026400457156915153,0.011529586667731165,,False,0.9817250727984738,0.9790382382235226,0.9710405246015511,0.974779116818289,0.9321285140562249,0.9132581015965227,0.9039174490320304,0.9079781131813497
193,0.0026322128431879427,0.011580781911000707,,False,0.9816246611105532,0.9785520399290348,0.9713658160084364,0.9747400068101244,0.9345381526104418,0.914093199273538,0.9061483244539281,0.9096269001507774
194,0.002616047322676383,0.011550328597416833,,False,0.9817250727984738,0.9790831824345596,0.9714591866900424,0.9750312124876996,0.9345381526104418,0.9154304295031045,0.906122708862082,0.910176202194619
195,0.002608345817671588,0.01154949371217711,,False,0.9818254844863942,0.9791728311773004,0.9715525573716484,0.9751251808656318,0.9333333333333333,0.914339163583196,0.9050143477052879,0.9090737738746905
196,0.0026025234902846265,0.011551898745871373,,False,0.9818254844863942,0.9791774101949309,0.9715525573716484,0.9751255568622693,0.9337349397590361,0.9146975758143083,0.9053693352807228,0.909427697478117
197,0.0026022440911588037,0.011532276143784081,,False,0.9819258961743147,0.9792702608188816,0.9716459280532543,0.9752217929506143,0.9329317269076305,0.9126073526838447,0.9046466337561636,0.9081351420987471
198,0.002592382491851921,0.011577434615763426,,False,0.9817250727984738,0.9786587132391611,0.9714591866900424,0.9748459212387242,0.934136546184739,0.9150995087533409,0.9057396457086598,0.9097980436544848
199,0.0025941487544037236,0.011552625244653041,,False,0.9819258961743147,0.9792453713708047,0.9716459280532543,0.9752063634085228,0.9325301204819277,0.9136289374286698,0.9042992219435041,0.908354019833227
200,0.002585729172459446,0.01158329354494528,,False,0.9818254844863942,0.9791754168803871,0.9715498896378882,0.975123268069635,0.9345381526104418,0.9140497656454567,0.9060945357210686,0.9096017108214246
201,0.0025676105473597735,0.01156252595390167,,False,0.9819258961743147,0.9792575369128053,0.9716459280532543,0.9752129503610014,0.9345381526104418,0.9140330687755225,0.9061482387904525,0.909623471221455
202,0.002561385092703133,0.011526055583372436,,False,0.9820263078622352,0.9793397657148305,0.9717366310011002,0.9752991521064153,0.9337349397590361,0.9147243761490363,0.9054293119713831,0.9094739632016748
203,0.0025553561310897657,0.01156603028325699,,False,0.9820263078622352,0.9789108203150617,0.9717366310011002,0.9751106653868042,0.934136546184739,0.9123709137386022,0.905781788731481,0.9087006197593342
204,0.002547005373262502,0.01154911684691962,,False,0.9821267195501556,0.9794414271730792,0.9718317603770514,0.9753977266821708,0.9333333333333333,0.9129683449533557,0.9050399632971341,0.9085266097239995
205,0.0025396484479938267,0.01153132366898069,,False,0.9820263078622352,0.9793561540488825,0.9717366310011002,0.975308780214644,0.934136546184739,0.9150940910087224,0.9057766381205669,0.9098245066891456
206,0.002536917202741116,0.011542301645660122,,False,0.9821267195501556,0.9794530261663673,0.9718253070674299,0.9753995749155544,0.9337349397590361,0.9147111072299716,0.9053897145981791,0.9094387399043491
207,0.0025290863267266126,0.011533858248187707,,False,0.9821267195501556,0.9790072851132857,0.9718253070674299,0.9751995828370303,0.934136546184739,0.913668703771487,0.9057562588031105,0.9092376637939685
208,0.0025193985984321874,0.011556554710121271,,False,0.9821267195501556,0.9794332005887377,0.9718253070674299,0.9753928617903481,0.936144578313253,0.9169202151847752,0.9076268247117079,0.9116544349988591
209,0.0025122303740856243,0.011547214987410405,,False,0.9821267195501556,0.9790054994346092,0.9718253070674299,0.9752003262153504,0.9345381526104418,0.9140544420481886,0.9061507580882737,0.9096170451953013
210,0.0025054762225163174,0.011549978255245683,,False,0.9822271312380761,0.9799651158354631,0.9719160100152757,0.9756767624161539,0.934136546184739,0.9150489547312234,0.9057779020107196,0.9098133119590793
211,0.002502617425044881,0.011568424218570163,,False,0.9822271312380761,0.9795230817081619,0.9719160100152757,0.9754835034356198,0.9357429718875502,0.9165480729465215,0.9072705817286043,0.9112946116122936
212,0.0024911697353885228,0.011564233344690094,,False,0.9822271312380761,0.97909103769331,0.9719160100152757,0.9752873615934597,0.9345381526104418,0.9154612930206957,0.9061495026806051,0.9101928238617395
213,0.0024858713943452754,0.011603757572689614,,False,0.9823275429259966,0.9796487273080401,0.972428042785373,0.9758241049415043,0.9353413654618474,0.9147839996630093,0.9068977256510503,0.9103533590965053
214,0.002479812443470146,0.011574007853414274,,False,0.9822271312380761,0.980005809690752,0.9719160100152757,0.9756977085493281,0.9353413654618474,0.9162043464957864,0.9068786017412626,0.91091979872058
215,0.0024703454442864957,0.011575019812699183,,False,0.9823275429259966,0.9796204269192335,0.9720111393912271,0.9755769530052505,0.9353413654618474,0.9161855432798295,0.906904131669633,0.9109354393217354
216,0.002467313845778602,0.011585271818395068,,False,0.9822271312380761,0.9799684269438652,0.9719160100152757,0.97567790924879,0.9349397590361446,0.9157950798215921,0.9065017528974368,0.9105593553333843
217,0.0024662919331521187,0.011613429959385168,,False,0.9822271312380761,0.9799573797828476,0.9719160100152757,0.9756725226412909,0.9345381526104418,0.9140415983667639,0.9061385720464098,0.909621679229265
218,0.0024514909051844692,0.011571685992903634,,False,0.9822271312380761,0.9799827268131419,0.9719160100152757,0.9756852248294654,0.934136546184739,0.9150489547312234,0.9057779020107196,0.9098133119590793
219,0.0024460966004210254,0.011604796493691394,,False,0.9823275429259966,0.9800611448161002,0.9720111393912271,0.9757759712577018,0.9353413654618474,0.9161691865419341,0.9068964702433817,0.9109233207308637
220,0.002441830333181087,0.011605385786259229,,False,0.9823275429259966,0.9800735685448417,0.9720111393912271,0.9757807030499881,0.9353413654618474,0.9161928302550417,0.9068664156993987,0.910921749645359
221,0.0024330031378440725,0.011601844662354668,,False,0.9825283663018375,0.9802679690295876,0.9726170160051679,0.9762025325618331,0.9353413654618474,0.9161694932337484,0.9068855396091864,0.9109388838754191
222,0.002428274115047669,0.011609456215837166,,False,0.9825283663018375,0.9802689936593177,0.9726170160051679,0.9762010391689427,0.9353413654618474,0.9161903339516402,0.9068977256510503,0.9109288871264258
223,0.0024212710459443026,0.011595885325539798,,False,0.9824279546139171,0.9801674739646862,0.972104510072833,0.9758739191457911,0.9353413654618474,0.9161694932337484,0.9068855396091864,0.9109388838754191
224,0.002419236820871557,0.011596163771230959,,False,0.9825283663018375,0.9798229069509902,0.9726165428429303,0.9760056717649866,0.9357429718875502,0.916538096325269,0.9072769877471871,0.9113090379409091
225,0.002414670041044471,0.011559419028408098,,False,0.982628777989758,0.9799127122362467,0.9727072457907759,0.9760935537338037,0.9357429718875502,0.9165691217086164,0.9072660571129916,0.9113273914492941
226,0.0024025143435363236,0.011563949277459717,,False,0.982628777989758,0.9803638653570688,0.9727103866867739,0.9762977170170455,0.936144578313253,0.9169478158048163,0.9076279825563502,0.9117009190218608
227,0.002399127174390953,0.011604052493093204,,False,0.982628777989758,0.9803634736395801,0.9727103866867739,0.9762981928437912,0.9353413654618474,0.9161840505281853,0.9068977256510503,0.9109368116006884
228,0.002393408765987518,0.011571904765317232,,False,0.982628777989758,0.9808036265178267,0.972289136191525,0.976254514373953,0.9357429718875502,0.9165484484292509,0.907259651094409,0.9113101678426617
229,0.002395241675282434,0.011613347334172288,,False,0.9825283663018375,0.9802830350552184,0.9726165428429303,0.9762077983285603,0.9349397590361446,0.9158670816334838,0.9065680190898898,0.9106065482059671
230,0.0023805669788183677,0.01159738434664414,,False,0.9827291896776785,0.9804507740822235,0.9728010896346198,0.9763843301585902,0.9365461847389558,0.9173278884119139,0.9080206861020194,0.9120776006062307
231,0.0023782946417398123,0.011599404891311536,,False,0.9827291896776785,0.9804593073383153,0.9728010896346198,0.9763887420971586,0.9349397590361446,0.9158476047821628,0.9065427380756156,0.9105923683795739
232,0.002367649264842594,0.011604627032896105,,False,0.9827291896776785,0.9804723232115686,0.9728010896346198,0.9763966093139638,0.9357429718875502,0.9165484484292509,0.907259651094409,0.9113101678426617
233,0.0023747719527893625,0.01158557033775631,,False,0.9827291896776785,0.9804497951145374,0.9728010896346198,0.9763852936845634,0.9357429718875502,0.9165666485596318,0.9072775195965284,0.9113310124558165
234,0.0023645069840802493,0.011623333776702707,,False,0.9827291896776785,0.9804538429318465,0.9728010896346198,0.9763880062822218,0.9369477911646586,0.9177090103082389,0.908382611545378,0.9124517167941679
235,0.0023576363479244217,0.011628882287494634,,False,0.9827291896776785,0.9804598777117555,0.9728010896346198,0.9763901083851092,0.9353413654618474,0.9162396537908213,0.9069561980199461,0.9109808201185506
236,0.002349154480990402,0.011610981725657221,,False,0.9828296013655989,0.9810043855795867,0.9728950128054661,0.9766821241954141,0.9357429718875502,0.9166103726440361,0.907291869976607,0.9113534465602091
237,0.002349237074672652,0.011623533909303856,,False,0.9828296013655989,0.9810029792193039,0.9728950128054661,0.9766811527135515,0.9353413654618474,0.9162079660087302,0.9068758643826595,0.9109423317843804
238,0.0023441143642885204,0.011616705561838787,,False,0.9829300130535195,0.9811053723863696,0.9729883834870721,0.9767805695381545,0.9357429718875502,0.9166103726440361,0.907291869976607,0.9113534465602091
239,0.0023375205278743146,0.011631378382146134,,False,0.9829300130535195,0.9811149693898827,0.9729883834870721,0.9767835107335442,0.9349397590361446,0.9158641953943408,0.906546157821499,0.9106007716199649
240,0.0023365211102339156,0.011630781416411674,,False,0.9829300130535195,0.9811186658829649,0.9729836888717958,0.9767837184241599,0.9353413654618474,0.9162615092261572,0.9069177584913845,0.9109892876451813
241,0.002328623997385732,0.011632147129361224,,False,0.9829300130535195,0.9811102245373302,0.9729836888717958,0.9767812104512615,0.9349397590361446,0.9158559601540617,0.9065570884556943,0.9105992000571964
242,0.0023270789597297534,0.0116402807295824,,False,0.9829300130535195,0.9811102245373302,0.9729836888717958,0.9767812104512615,0.9349397590361446,0.9158803873298323,0.9065558330480259,0.910615171457244
243,0.0023198635037710662,0.011633693988188898,,False,0.9830304247414399,0.9811969141065828,0.9730770595534017,0.9768717665785354,0.9349397590361446,0.9158803873298323,0.9065558330480259,0.910615171457244
244,0.002314043023268317,0.01162831893399287,,False,0.9830304247414399,0.9811858327443949,0.9730770595534017,0.9768654175169948,0.9349397590361446,0.9158559601540617,0.9065570884556943,0.9105992000571964
245,0.0023125519792223546,0.011631725263626075,,False,0.9831308364293604,0.9817339361686661,0.9731703518381298,0.9771624966390365,0.9357429718875502,0.9165946381773747,0.907321392671249,0.9113490885218981
246,0.002309517500960722,0.01166226676660863,,False,0.9831308364293604,0.9817346158181951,0.9731703518381298,0.9771636601093638,0.936144578313253,0.916988422402773,0.9076897241331903,0.9117359169126694
247,0.0023037379366355323,0.011633808528488615,,False,0.9831308364293604,0.9817431548306816,0.9731703518381298,0.9771650132891634,0.9353413654618474,0.9162677462423656,0.9069330813438867,0.9109920799313149
248,0.0022973277736258245,0.01162654198937378,,False,0.9831308364293604,0.9817361813354357,0.9731703518381298,0.9771609212765624,0.9353413654618474,0.9162382183273264,0.906919013899053,0.9109732662185684
249,0.0022940794917882183,0.01165220328788104,,False,0.9831308364293604,0.9817464766400492,0.9731703518381298,0.9771678071433687,0.9353413654618474,0.9162360081368693,0.9069286891255799,0.9109804496862915
250,0.002296170759087146,0.011668576754669521,,False,0.9831308364293604,0.9817303953568357,0.9731703518381298,0.977156437767898,0.9353413654618474,0.9177007636862342,0.9069450756767645,0.9115871022311759
251,0.002289897929423344,0.011657504902614947,,False,0.9831308364293604,0.9817295725549781,0.9731703518381298,0.9771577963028645,0.9353413654618474,0.9177160006184101,0.9069433944652651,0.9115645283239527
252,0.00228531111998516,0.011679072312079819,,False,0.9831308364293604,0.9817386247201788,0.9731703518381298,0.9771621876170877,0.9349397590361446,0.9158791215211255,0.9065813629763961,0.9106364394433444
253,0.002284758818500753,0.011642252005863423,,False,0.9833316598052013,0.9819194164128179,0.9733548986298195,0.9773435801545577,0.9353413654618474,0.9176942011794004,0.9069585256087813,0.911589556078746
254,0.00227411002814471,0.01166156220400826,,False,0.9835324831810422,0.982095580132881,0.9735368669808773,0.9775270497388586,0.9353413654618474,0.9162104436853719,0.9069478130353676,0.9109880068193613
255,0.002265743633974228,0.011664399560287747,,False,0.9835324831810422,0.9821006134787589,0.9735368669808773,0.9775298640379576,0.9369477911646586,0.9192099363747049,0.9084456170123709,0.9130702773878361
256,0.002258337291232715,0.011664411279558352,,False,0.9835324831810422,0.9821076178214039,0.9735394563177595,0.9775352359808284,0.9353413654618474,0.9162555805366218,0.9069363505518311,0.9109929641930271
257,0.0022566722373850126,0.011707699734726035,,False,0.9834320714931218,0.9820045182997725,0.9734461640330314,0.9774374559954462,0.9357429718875502,0.9166356166041008,0.9073423979840065,0.9113916766207232
258,0.002255973643675333,0.01168364382809943,,False,0.9837333065568832,0.9822828211369795,0.9737240824364515,0.9777167534964097,0.9353413654618474,0.9162229801959074,0.9069414154992693,0.910989512291188
259,0.002242698810874599,0.011693178512095288,,False,0.9835324831810422,0.9820926326905847,0.9735368669808773,0.9775231235594587,0.9349397590361446,0.9159021611353594,0.9066145543310176,0.9106557171660966
260,0.0022369497910234835,0.01169560223554025,,False,0.9835324831810422,0.9821078245440921,0.9735368669808773,0.9775330222802023,0.9365461847389558,0.919831581590837,0.9063540889306978,0.9119980687630063
261,0.0022296710944146873,0.011704688138334368,,False,0.9835324831810422,0.9821068560970372,0.9735368669808773,0.9775313445869954,0.9357429718875502,0.9196704888890765,0.9073230560134371,0.9125750232722774
262,0.0022258452546590206,0.01171690061525863,,False,0.9836328948689628,0.9822000101182419,0.9736301592656054,0.9776256488624094,0.936144578313253,0.9169812367549324,0.9076966620011141,0.9117340941987185
263,0.0022222283958913706,0.01172555630506598,,False,0.9834320714931218,0.9820417748993722,0.9734461640330314,0.977452003665738,0.9357429718875502,0.919639235653406,0.9073077331609348,0.9125470098600064
264,0.0022163883230419024,0.011715073194142958,,False,0.9837333065568832,0.98228105656719,0.9737234515503334,0.9777138020718764,0.9349397590361446,0.9189454207379326,0.9065875509341971,0.9118392275146915
265,0.0022112716949497396,0.011730121898446641,,False,0.9837333065568832,0.9822842049828887,0.9737234515503334,0.9777159815617301,0.936144578313253,0.9184641805297535,0.9076966620011141,0.9123242375403002
266,0.002206991952284672,0.011718517605762901,,False,0.9836328948689628,0.9822233600457779,0.9736301592656054,0.9776373890050704,0.9365461847389558,0.9203853014583682,0.9080501761080987,0.9132990931926249
267,0.0022053311505128687,0.011741945727084799,,False,0.9837333065568832,0.9823149550958478,0.9737234515503334,0.9777300799535017,0.9353413654618474,0.9181776591042057,0.903562093693096,0.9095807171926746
268,0.002197328792574383,0.011733528334287832,,False,0.9837333065568832,0.9822840245824944,0.9737234515503334,0.9777164154575456,0.9369477911646586,0.920778221654461,0.9084704233824138,0.9137106431964612
269,0.0021919572857358174,0.011727198860470852,,False,0.9836328948689628,0.9821943407847582,0.9736301592656054,0.9776232037960193,0.9373493975903614,0.9195644562996184,0.9088068188974022,0.9134402686388952
270,0.0021903828482064203,0.011735560847783244,,False,0.9838337182448037,0.9823901654161848,0.9738173747211797,0.9778152763594671,0.9373493975903614,0.9205767339714274,0.9071136504698578,0.9127444569581407
271,0.002182652700364594,0.011729397067624188,,False,0.9837333065568832,0.9822943752004585,0.9737234515503334,0.9777216315613647,0.9369477911646586,0.9202127317890283,0.9067459365207335,0.9123990426339371
272,0.002177997039890923,0.011743254659152009,,False,0.9839341299327242,0.9824758106621369,0.9739105876789053,0.9779048047334822,0.9381526104417671,0.9218548709511912,0.9095441197161362,0.9147814311023981
273,0.002173705099257681,0.01175297407443733,,False,0.9839341299327242,0.9824822345143728,0.9739105876789053,0.977907773814001,0.9369477911646586,0.9207517322320259,0.9084153707594016,0.9136619531499678
274,0.0021712304654009375,0.011748226833495377,,False,0.9840345416206446,0.9825587438036122,0.9740045108497514,0.977993355113013,0.9369477911646586,0.9202014645627418,0.9067765313965422,0.912406757999475
275,0.002166058387412605,0.01173364683381695,,False,0.9839341299327242,0.9824718544779893,0.9739105876789053,0.9779041949762804,0.9365461847389558,0.919840873548064,0.9063832875190477,0.912033111136358
276,0.0021641483261538243,0.011803553419263004,,False,0.9839341299327242,0.9824782474949514,0.9739105876789053,0.9779078462335848,0.9365461847389558,0.9182200244549947,0.9063872802853192,0.9114056763810984
277,0.0021605668481751083,0.011790679594122468,,False,0.9839341299327242,0.982465590079391,0.9739105876789053,0.9779029542100458,0.9357429718875502,0.9202342596917344,0.9039670181149089,0.9105591878007819
278,0.0021547785898737293,0.011746485883171556,,False,0.9839341299327242,0.9824700588379317,0.9739105876789053,0.9779019314027116,0.936144578313253,0.9194363971343034,0.9060206385173617,0.9116566763035817
279,0.0021543774298825942,0.011778894716899685,,False,0.9839341299327242,0.9824795781986312,0.9739105876789053,0.9779067929936838,0.9365461847389558,0.9209489543891828,0.904665339073256,0.9112696331310413
280,0.00215036673981327,0.011761210699285256,,False,0.9839341299327242,0.9824741379342687,0.9739105876789053,0.9779052126708194,0.9357429718875502,0.9174675543607198,0.9056721630060197,0.9106759697514654
281,0.0021460060209259565,0.011741199629212409,,False,0.9839341299327242,0.9824664889657869,0.9739105876789053,0.9778999016031198,0.9365461847389558,0.9215102654363151,0.9064011560211669,0.9126580496160001
282,0.0021404618469050766,0.011771332775888144,,False,0.9839341299327242,0.9824760260151373,0.9739105876789053,0.9779064485029709,0.9365461847389558,0.9214844587978808,0.9063934945949157,0.9126334306996083
283,0.0021377079698516803,0.01177927857535154,,False,0.9840345416206446,0.9825880250953324,0.9744226204490025,0.9782409324614899,0.9369477911646586,0.9218728973937055,0.9067740120987209,0.9130294030137893
284,0.0021368369050726787,0.011731072210298142,,False,0.9840345416206446,0.9825593718591521,0.9740045108497514,0.9779926339973082,0.936144578313253,0.9211361139415916,0.9060295638337656,0.9122866930843286
285,0.0021318813803206395,0.01174028264496006,,False,0.9840345416206446,0.9825574839977167,0.9740045108497514,0.9779915800370159,0.9365461847389558,0.9215018180211523,0.9064011560211669,0.9126602059810378
286,0.0021257457618964297,0.011739607989170304,,False,0.9839341299327242,0.9824713945985136,0.9739105876789053,0.9779020782750406,0.9365461847389558,0.9214984251975048,0.9063934945949157,0.9126484547502992
287,0.002124467655289716,0.011751108998190884,,False,0.9839341299327242,0.9824645104918448,0.9739105876789053,0.9778990141627144,0.9369477911646586,0.9201791245576594,0.9067829289326406,0.9124123380280508
288,0.0021184515536516375,0.011755892984931689,,False,0.9841349533085652,0.9826620493972319,0.9740983546935953,0.978090447880769,0.9365461847389558,0.9198243536998473,0.9064011560211669,0.9120384818011593
289,0.0021166923948026176,0.011762245973692706,,False,0.9841349533085652,0.9826523588561664,0.9740983546935953,0.978085587837064,0.9369477911646586,0.9218728973937055,0.9067740120987209,0.9130294030137893
290,0.0021135652797997953,0.011777502596911897,,False,0.9842353649964856,0.9827677833883016,0.9746103874636926,0.97842386006708,0.9365461847389558,0.9198418899880956,0.9064024199113196,0.9120577330493713
291,0.00211051689436894,0.011771177040561551,,False,0.9842353649964856,0.982787949167703,0.9746103874636926,0.9784337533050849,0.9353413654618474,0.9181737898326143,0.9035978306973345,0.9096234037507843
292,0.002105215264067274,0.01176844546296975,,False,0.9842353649964856,0.9827680621410448,0.9746103874636926,0.9784235795890699,0.9357429718875502,0.9190454099031771,0.9056401210135565,0.9112708377292622
293,0.0021017746674710353,0.011780255716423422,,False,0.9842353649964856,0.98277184939634,0.9746103874636926,0.9784256307700354,0.9365461847389558,0.9214910771175818,0.9063934945949157,0.9126505642256516
294,0.002098955967377377,0.011782154759935392,,False,0.9842353649964856,0.9827653321868414,0.9746103874636926,0.9784223728821551,0.936144578313253,0.9194534728009263,0.9060206385173617,0.9116721425254521
295,0.0020962971515126414,0.01178385628449125,,False,0.9841349533085652,0.9826466009172391,0.9740983546935953,0.9780822377189461,0.936144578313253,0.9205898626942114,0.9043358814261914,0.9109504028009439
296,0.002094011953947043,0.011815320374906861,,False,0.9842353649964856,0.9827654890670083,0.9746103874636926,0.9784232418349532,0.9357429718875502,0.9207341441516537,0.9056510516477521,0.9118877507290182
297,0.0020893104969695844,0.0117715817749083,,False,0.9842353649964856,0.9827519988938332,0.9746103874636926,0.9784167509287632,0.9365461847389558,0.9198069768392408,0.9064011560211669,0.9120286277146314
298,0.0020901232644686164,0.011786408116677086,,False,0.9842353649964856,0.9827388324280554,0.9741807813338856,0.9781690445833462,0.936144578313253,0.9210982829065463,0.905995648920817,0.9122579741014635
299,0.0020828940717171926,0.011771631986130434,,False,0.9843357766844061,0.9828519887478558,0.9746928141039829,0.9785055098963181,0.936144578313253,0.9194764134042486,0.906016113901749,0.9116898846450572
300,0.0020824235207969524,0.011808014579679685,,False,0.9843357766844061,0.9828427860366329,0.9746928141039829,0.9785017460034212,0.9357429718875502,0.9207404137219373,0.9056465270321391,0.911900447831708
301,0.002076772257627252,0.01177578805702915,,False,0.9843357766844061,0.9828527302434426,0.9746928141039829,0.9785059809663843,0.9365461847389558,0.9198223368329044,0.9063902253869713,0.9120464155494593
302,0.002074498478089882,0.011776257793226826,,False,0.9843357766844061,0.9828519151837963,0.9746928141039829,0.9785062968005397,0.9369477911646586,0.9201983996329829,0.9067656007623468,0.9124204303280281
303,0.0020735960026675394,0.011790469309105675,,False,0.9843357766844061,0.9823963370232993,0.9746928141039829,0.9783027985797319,0.9365461847389558,0.9198474147069761,0.9064030374241366,0.9120611165623436
304,0.0020694433548694297,0.011769726250805718,,False,0.9843357766844061,0.9828487675241804,0.9746928141039829,0.9785045042022154,0.936144578313253,0.9194496553367912,0.9060282999436128,0.9116740544543589
305,0.0020669292464137153,0.011782796605294158,,False,0.9843357766844061,0.9828518726429815,0.9746928141039829,0.9785059030775388,0.9357429718875502,0.9190628288114238,0.905629190379361,0.9112885154396905
306,0.002064265711554444,0.011786788931301674,,False,0.9843357766844061,0.9828578582716927,0.9746928141039829,0.9785085073790837,0.936144578313253,0.9194640277728313,0.9060097078831661,0.911678304204265
307,0.002061802463731594,0.011774132083081206,,False,0.9844361883723265,0.9829398715724503,0.9747835170518285,0.9785936325703442,0.9365461847389558,0.9198399563272913,0.906396631405554,0.9120564905047287
308,0.0020598704809138947,0.011798560229204759,,False,0.9843357766844061,0.9828568925934188,0.9746928141039829,0.9785072920611708,0.9365461847389558,0.9198444121673407,0.906408817447418,0.9120529405988668
309,0.0020566435297660235,0.011758699689662682,,False,0.9844361883723265,0.9829366078961878,0.9747835170518285,0.9785943963219533,0.9369477911646586,0.9218644796006217,0.9067630814645256,0.9130247537100691
310,0.0020552303792358037,0.01177109558341518,,False,0.9844361883723265,0.9829393096312593,0.9747835170518285,0.9785945766766212,0.9353413654618474,0.9221660195683812,0.9052474174678875,0.9121645547044341
311,0.0020514725953195965,0.011784407900517704,,False,0.9844361883723265,0.9829424975477623,0.9747835170518285,0.9785973989020239,0.9365461847389558,0.9232836650979321,0.9063825639607204,0.9132874359267681
312,0.0020482778376625563,0.01178532743321352,,False,0.9844361883723265,0.9829493433069497,0.9747835170518285,0.9785986169129524,0.9365461847389558,0.9215224778752378,0.906396631405554,0.9126698386359329
313,0.0020462526584888725,0.01179089257749277,,False,0.9844361883723265,0.9829435801556825,0.9747835170518285,0.9785966069251083,0.9369477911646586,0.9231757109172882,0.9050808436711767,0.9123318222992529
314,0.002046080667489025,0.011792190876223978,,False,0.9844361883723265,0.9829137537608966,0.9747835170518285,0.9785857255609933,0.9369477911646586,0.923646925818146,0.9067740120987209,0.9136590364275448
315,0.0020406437483673667,0.011799386165046296,,False,0.984536600060247,0.9830454929790859,0.9752955498219258,0.9789283187472463,0.9377510040160643,0.9226297392796066,0.9075241164721359,0.9137796985816595
316,0.002038196681390505,0.011779535942213095,,False,0.984536600060247,0.9830269857656957,0.9752955498219258,0.9789215896695649,0.936144578313253,0.9228939986036805,0.9060007910492467,0.9129061783696457
317,0.0020348262516485405,0.011793418724030098,,False,0.984536600060247,0.9830512485564977,0.9752955498219258,0.9789318301379328,0.9365461847389558,0.9227972281475011,0.9047003261673715,0.9119535127470968
318,0.002032953713826673,0.011765113316224728,,False,0.984536600060247,0.9830395603045697,0.9752955498219258,0.9789245042732537,0.9373493975903614,0.9245239754751372,0.9088219500409183,0.9153577117353939
319,0.0020283577888705047,0.011795439598595279,,False,0.984536600060247,0.9830480320313091,0.9752955498219258,0.9789286951766489,0.9373493975903614,0.9227505731478889,0.9088168079124885,0.9146992421815566
320,0.0020266812645598755,0.01181757344795308,,False,0.984536600060247,0.98305207378182,0.9752955498219258,0.9789291953806674,0.9369477911646586,0.9224375902284591,0.9084740920423933,0.914352719078527
321,0.0020234801367533728,0.011819110977889048,,False,0.984536600060247,0.9830474038134829,0.9752955498219258,0.9789290257768476,0.9377510040160643,0.9249188681148185,0.9092012121370551,0.9157350463224065
322,0.0020193836958169774,0.011809563684700146,,False,0.984536600060247,0.9830283133487038,0.9752955498219258,0.9789226540450843,0.9373493975903614,0.9245124236829976,0.9088450751994619,0.9153475595462821
323,0.002012973646365888,0.011828015184992175,,False,0.984536600060247,0.9830430470160532,0.9752955498219258,0.9789261647637156,0.9377510040160643,0.9248940676142315,0.9092134066614032,0.9157309283543213
324,0.002011561202458431,0.011847039907633411,,False,0.984536600060247,0.9830631321410895,0.9752955498219258,0.9789350318345215,0.9373493975903614,0.9228093410672563,0.908783951135439,0.9147090106199605
325,0.002007343210889213,0.011832245695581587,,False,0.984536600060247,0.9830414123306708,0.9752955498219258,0.9789265622568407,0.9377510040160643,0.9244437130867096,0.9075164550458847,0.9144298020624502
326,0.002004417476479762,0.011831586661072433,,False,0.984536600060247,0.9830374014617573,0.9752955498219258,0.9789252867318796,0.9373493975903614,0.9240413783231423,0.9071307954136498,0.9140369489527751
327,0.0020079354095064303,0.011886050783081477,,False,0.9846370117481675,0.9831285304899653,0.9753842258882555,0.9790165878514353,0.9373493975903614,0.9245178972017547,0.9087936263619658,0.9153325369233405
328,0.001999050045029755,0.01184715831326559,,False,0.9846370117481675,0.9831530494317042,0.9753842258882555,0.9790252224212161,0.9365461847389558,0.9215678876891283,0.9063902253869713,0.9126858098741101
329,0.001999103715259396,0.011841487382325017,,False,0.9846370117481675,0.9826892643784524,0.9753842258882555,0.9788147974587622,0.9373493975903614,0.922801062690643,0.9088392866936963,0.9147255152244234
330,0.0019953585636848124,0.011831076467904064,,False,0.9846370117481675,0.9831204418353265,0.9753842258882555,0.979009376355737,0.9377510040160643,0.9244405385233656,0.9075164550458847,0.9144236036969802
331,0.001993212098265445,0.011857918221257901,,False,0.9846370117481675,0.9831547086980503,0.9753842258882555,0.979026194004341,0.9385542168674699,0.9251791710237174,0.9082654100571416,0.9151514094911971
332,0.001990414244897665,0.011829669719946498,,False,0.9846370117481675,0.9831203178639308,0.9753842258882555,0.9790112532458362,0.9369477911646586,0.9236677958964198,0.9067688699702912,0.9136658875738493
333,0.0019874668540730647,0.011818617054977899,,False,0.9846370117481675,0.9831233656760706,0.9753842258882555,0.9790128890322952,0.9369477911646586,0.9237023222799441,0.9067740120987209,0.9136841498711683
334,0.0019858482524665088,0.011840679122028247,,False,0.9846370117481675,0.9831349364421064,0.9753842258882555,0.9790182778713038,0.9369477911646586,0.9236940352349189,0.906767074230797,0.9136588741289824
335,0.001984333423393311,0.011860523900933855,,False,0.9846370117481675,0.983120819465705,0.9753842258882555,0.979010938217286,0.9381526104417671,0.9247988328844063,0.9078848925533364,0.9147739004977107
336,0.001981728784859738,0.01182272127063715,,False,0.9847374234360879,0.9832230957895418,0.9754729019545851,0.979104057845293,0.9369477911646586,0.9237093386996427,0.9067630814645256,0.9136865008122316
337,0.001979672038015565,0.011842446407358417,,False,0.9847374234360879,0.9832191874908569,0.9754729019545851,0.979104474800687,0.9365461847389558,0.9233004804287896,0.9064000066590086,0.913272230828506
338,0.001979573039818484,0.011820313750793824,,False,0.9848378351240085,0.9837700056514412,0.9755668251254315,0.9793998286865199,0.9373493975903614,0.9240734106990787,0.9071289996741557,0.9140369536409175
339,0.001975549464491037,0.011838911165349058,,False,0.9847374234360879,0.9832186671565931,0.9754729019545851,0.9791038835579103,0.9385542168674699,0.9251790030762032,0.9082532240152776,0.9151502945903568
340,0.001973524738192957,0.011845832077927861,,False,0.9848378351240085,0.9837790344609788,0.9755668251254315,0.9794038000093221,0.9369477911646586,0.9236940352349189,0.906767074230797,0.9136588741289824
341,0.0019706467774388797,0.011847646675736673,,False,0.9848378351240085,0.9837904058070903,0.9755668251254315,0.9794104530197774,0.9373493975903614,0.9240734106990787,0.9071289996741557,0.9140369536409175
342,0.001968075770869038,0.011857828126716914,,False,0.9848378351240085,0.9837760354988256,0.9755668251254315,0.9794031102249643,0.9369477911646586,0.9237019221579893,0.9067734802493796,0.9136648482382862
343,0.0019651226066508087,0.011865766202630973,,False,0.9848378351240085,0.9837886664997453,0.9755668251254315,0.9794083560414342,0.9369477911646586,0.9236856197193651,0.9067479503210093,0.9136481167573053
344,0.001964775747768337,0.011857133172174305,,False,0.9848378351240085,0.9837691100729438,0.9755668251254315,0.9793997149983427,0.9373493975903614,0.9240304731801066,0.9071220618062319,0.9140125242679734
345,0.001957239114032594,0.011846045816620084,,False,0.9848378351240085,0.9837691272159758,0.9755668251254315,0.9794008949490851,0.9385542168674699,0.9251601000019751,0.9082398801287712,0.915125167307782
346,0.0019546082721164358,0.011861820609592311,,False,0.9848378351240085,0.983770598290675,0.9755668251254315,0.9794012408676696,0.9381526104417671,0.9247850656512205,0.9078779546854125,0.9147528175371463
347,0.0019514230572445757,0.011835842634347343,,False,0.9848378351240085,0.9837802818911613,0.9755668251254315,0.9794090575263174,0.9377510040160643,0.9244109451906886,0.907478845121161,0.9143754708554419
348,0.0019485393847213737,0.011835207171699638,,False,0.9848378351240085,0.9837790537617843,0.9755668251254315,0.97940552991636,0.9389558232931727,0.9255381840493473,0.9086018055721298,0.9155026146651528
349,0.0019477374760596816,0.011813894129142598,,False,0.9848378351240085,0.9837755907076294,0.9755668251254315,0.9794055812946046,0.9385542168674699,0.9251558613716142,0.9082212880683246,0.9151333380566117
350,0.0019477236161783873,0.011852519936758047,,False,0.9848378351240085,0.9837840192124505,0.9755668251254315,0.9794065702392294,0.9369477911646586,0.9236933811924509,0.9067543563395919,0.9136534286385047
351,0.0019429633976658627,0.011835930865079192,,False,0.9848378351240085,0.9837794784483225,0.9755668251254315,0.9794075234201467,0.9377510040160643,0.9244205657669902,0.9074974371816074,0.9143856726048016
352,0.0019416587920329177,0.011828029082141594,,False,0.9848378351240085,0.9837689401303731,0.9755668251254315,0.9794000720242264,0.9373493975903614,0.9240431240999389,0.9071169196778022,0.9140073094911316
353,0.0019399031339819228,0.011821918608144482,,False,0.9848378351240085,0.9837657238638661,0.9755668251254315,0.9793996729238484,0.9377510040160643,0.924407846771586,0.9074974371816074,0.9143751496300655
354,0.0019394799558382634,0.011816110655596715,,False,0.9849382468119289,0.9838528390590245,0.9756575280732773,0.9794867645462642,0.9373493975903614,0.924030967337137,0.9070983276173558,0.9140015320505819
355,0.0019384977958942504,0.011818089219523292,,False,0.9849382468119289,0.983869893696715,0.9756619545013828,0.9794997341967415,0.9369477911646586,0.9236716822885095,0.9067415443024268,0.9136275372174248
356,0.0019354288657979608,0.011811084125496309,,False,0.9850386584998494,0.9839515772137108,0.9757526574492287,0.9795837085980258,0.9373493975903614,0.9240464585356596,0.9071034697457855,0.9140101591189779
357,0.0019338204948297058,0.011808817854203775,,False,0.9850386584998494,0.9839501510953654,0.9757526574492287,0.9795843574208983,0.9385542168674699,0.9251643751120072,0.9082584721892177,0.9151303773852697
358,0.001932110479173797,0.011824781503002434,,False,0.9850386584998494,0.9839454260711743,0.9757526574492287,0.9795812624083347,0.9381526104417671,0.92474362546206,0.9078728125569826,0.9147332456323709
359,0.0019317553324594305,0.011826623580614443,,False,0.9850386584998494,0.9839446966379801,0.9757526574492287,0.9795820874837339,0.9377510040160643,0.924353076666147,0.9074910311630249,0.9143516473459954
360,0.0019291172554540595,0.011827899839853403,,False,0.9850386584998494,0.9839605248264695,0.9757526574492287,0.9795883530050471,0.9381526104417671,0.9247860987664728,0.9078593626249661,0.914753253284252
361,0.001929755064818696,0.011828965015170325,,False,0.9850386584998494,0.9839526123698048,0.9757526574492287,0.979585718565591,0.9377510040160643,0.9243657156359151,0.9074910311630249,0.9143604404716358
362,0.001926162153148697,0.01182022035970064,,False,0.9850386584998494,0.983957803510399,0.9757526574492287,0.979588445237749,0.9373493975903614,0.9240043239520048,0.9071169196778022,0.9139874725160766
363,0.0019247619115327608,0.011835525546296454,,False,0.9850386584998494,0.9839625218674224,0.9757526574492287,0.9795892853320224,0.9377510040160643,0.9243669631904375,0.9074922950531774,0.9143593635225168
364,0.0019232285756400009,0.011811334905358264,,False,0.9850386584998494,0.9839535944791886,0.9757526574492287,0.9795865002107954,0.9373493975903614,0.9240581973618949,0.9071272039346618,0.9140182020583454
365,0.0019215264053174168,0.01181869214956133,,False,0.9850386584998494,0.9839536313144303,0.9757526574492287,0.9795847570517149,0.9377510040160643,0.9244048372778404,0.907478845121161,0.9143839135640156
366,0.0019201417849003173,0.011820038299809921,,False,0.9850386584998494,0.9839437267459784,0.9757526574492287,0.9795819791468722,0.9373493975903614,0.9240463656522928,0.9071034697457855,0.9140113503510844
367,0.0019180932175637943,0.011828522221841244,,False,0.9850386584998494,0.9839386274509692,0.9757526574492287,0.9795772250019927,0.9373493975903614,0.9240035241538709,0.9071117775493723,0.9139869242989594
368,0.00191788074269378,0.011826333631613081,,False,0.9850386584998494,0.983950177235536,0.9757526574492287,0.9795837196549864,0.9373493975903614,0.9240463656522928,0.9071034697457855,0.9140113503510844
369,0.0019148200811195102,0.011830524695746664,,False,0.9850386584998494,0.9839503727913441,0.9757526574492287,0.9795833568771763,0.9373493975903614,0.9240447399400509,0.9071220618062319,0.9140071053810674
370,0.0019138578795634973,0.011815674580153998,,False,0.9851390701877698,0.9840326226159133,0.9758460281308347,0.9796734145582184,0.9381526104417671,0.9248160973441064,0.907889502832425,0.9147718226603084
371,0.0019106267984236377,0.011814996057572025,,False,0.9851390701877698,0.9840290020110977,0.9758460281308347,0.9796709202985914,0.9381526104417671,0.924728020437398,0.90787154866683,0.9147334464784797
372,0.001909733813590984,0.011841126155391537,,False,0.9852394818756903,0.983668677211476,0.9759393204155626,0.9795628504044925,0.9373493975903614,0.9239875946301171,0.9071105136592197,0.9139852276269913
373,0.0019065478036453256,0.011836106522910578,,False,0.9852394818756903,0.9845968387973024,0.9759367310786805,0.9799727912245457,0.9377510040160643,0.924380518630525,0.9074974371816074,0.9143652013833728
374,0.0019052704454338924,0.011841055004251286,,False,0.9851390701877698,0.9840403721789956,0.9758460281308347,0.979675725023279,0.9373493975903614,0.9240447399400509,0.9071220618062319,0.9140071053810674
375,0.0019034257001705741,0.011833330158682332,,False,0.9852394818756903,0.9845926468983297,0.9759367310786805,0.9799697370842225,0.9373493975903614,0.924059319083342,0.9071086118742152,0.9140186658648329
376,0.0019020965974914307,0.01183152061425576,,False,0.9852394818756903,0.9845930891090153,0.9759367310786805,0.9799703623675481,0.9381526104417671,0.9248008140735257,0.9078645047533959,0.9147666949238283
377,0.0019011178570421312,0.01184155791462874,,False,0.9852394818756903,0.9845984007083263,0.9759367310786805,0.9799722239186175,0.9369477911646586,0.9236423646594072,0.9067415443024268,0.9136183210776498
378,0.001898984648714892,0.011827737061139987,,False,0.9852394818756903,0.9845928460617852,0.9759367310786805,0.9799703620948979,0.9377510040160643,0.9243810279593928,0.907478845121161,0.914369469330129
379,0.0018976849337512293,0.011825847188702441,,False,0.9852394818756903,0.9845858621012058,0.9759367310786805,0.9799695687734796,0.9377510040160643,0.9243910676011718,0.9074839872495907,0.9143793857510598
380,0.0018974852954902024,0.011846641388777786,,False,0.9852394818756903,0.984604775145733,0.9759367310786805,0.9799744485770466,0.9365461847389558,0.9232964270106608,0.9063686882248727,0.9132643979110195
381,0.0018948553836930537,0.011831952471353406,,False,0.9852394818756903,0.9846043545449366,0.9759367310786805,0.97997543243939,0.9381526104417671,0.9248008140735257,0.9078645047533959,0.9147666949238283
382,0.0018937465773207485,0.011832646066954763,,False,0.9852394818756903,0.9846062396820291,0.9759367310786805,0.9799756216444935,0.9381526104417671,0.9247576542420374,0.9078593626249661,0.9147433280142985
383,0.001892696462556656,0.011833857448386482,,False,0.9852394818756903,0.984605250123434,0.9759367310786805,0.9799755461275672,0.9377510040160643,0.9244375728260545,0.9074891293780204,0.9143962815702807
384,0.001891076921970941,0.011843352670896359,,False,0.9852394818756903,0.9846034652231419,0.9759367310786805,0.9799754362302503,0.9381526104417671,0.9266500540561835,0.9078389748250255,0.9153837652151614
385,0.0018892377962852485,0.011829730328627974,,False,0.9852394818756903,0.9845876511931677,0.9759367310786805,0.9799662416598989,0.9377510040160643,0.9243810279593928,0.907478845121161,0.914369469330129
386,0.001887939866944052,0.011831524111336722,,False,0.9852394818756903,0.9846066891300853,0.9759367310786805,0.9799763644211283,0.9373493975903614,0.9240038923478804,0.9071169196778022,0.9139913426992035
387,0.0018868703422614292,0.01182003142145568,,False,0.9853398935636108,0.9846742155060879,0.9760300233634085,0.9800612493685501,0.9381526104417671,0.9247572226379128,0.9078593626249661,0.9147471981974253
388,0.0018865240367899763,0.011808084121893372,,False,0.9852394818756903,0.9845953685818734,0.9759367310786805,0.9799709408123801,0.9377510040160643,0.9257848083980694,0.9057749556377187,0.9136421546758259
389,0.0018837333977049031,0.01182657887123876,,False,0.9853398935636108,0.9846860766572445,0.9760300233634085,0.980064220654111,0.9369477911646586,0.925041608670778,0.9050325126905547,0.912895512117038
390,0.0018822034486894721,0.011833333544777891,,False,0.9852394818756903,0.9846037595802392,0.9759367310786805,0.9799753958070314,0.9389558232931727,0.9273944628356373,0.9085948677042062,0.9161291933669747
391,0.0018806006597146797,0.011827651302499485,,False,0.9853398935636108,0.9846886178403261,0.9760300233634085,0.9800649162013717,0.9377510040160643,0.9262768801640069,0.9074584573212204,0.915004084132478
392,0.001879140219663972,0.011818680654451358,,False,0.9852394818756903,0.9845951252316032,0.9759367310786805,0.9799705901319279,0.9385542168674699,0.9269878491491857,0.9082079441818185,0.9157380511360276
393,0.001877624617506526,0.011833111874288996,,False,0.9853398935636108,0.9846868235181881,0.9760300233634085,0.9800639424034484,0.9381526104417671,0.9266400144144045,0.9078338326965958,0.9153738487942308
394,0.0018768048428121269,0.011818343978104613,,False,0.9852394818756903,0.9845887794072868,0.9759367310786805,0.9799689005558937,0.9373493975903614,0.925940103365494,0.907083081945845,0.9146478891303966
395,0.0018753484654298875,0.011814195557770565,,False,0.9852394818756903,0.9845893097102465,0.9759367310786805,0.9799676472309599,0.9385542168674699,0.926997224896659,0.9081944942498015,0.9157393967822612
396,0.0018744204368149788,0.011838385465476156,,False,0.9853398935636108,0.984697493989412,0.9760300233634085,0.9800689758429316,0.9385542168674699,0.9270162090929246,0.908214350200401,0.9157515776615269
397,0.0018750565932302153,0.011854575579964085,,False,0.9852394818756903,0.9845786046254028,0.9759367310786805,0.9799629499073258,0.9369477911646586,0.9250499262914467,0.9050389187091373,0.912900538133454
398,0.0018732089972286156,0.011829959090915512,,False,0.9852394818756903,0.984591121641322,0.9759367310786805,0.9799700897943525,0.9377510040160643,0.9262763465391379,0.9074584573212204,0.915006760645001
399,0.001870983597222198,0.011826753826846066,,False,0.9853398935636108,0.9846897408959864,0.9760300233634085,0.9800645523524886,0.9369477911646586,0.925578374629124,0.9067236758003077,0.9142724325247469
400,0.0018685476856951959,0.011833449797114922,,False,0.9853398935636108,0.9846970500102099,0.9760300233634085,0.9800689777698491,0.9377510040160643,0.9262768801640069,0.9074584573212204,0.915004084132478
401,0.0018677559428907442,0.011822669150559888,,False,0.9852394818756903,0.9845887219829197,0.9759367310786805,0.9799677280919106,0.9377510040160643,0.9262738593776635,0.9074584573212204,0.9150060363478651
402,0.0018665225945607375,0.011824871837283441,,False,0.9852394818756903,0.9845890203889505,0.9759367310786805,0.9799685297569116,0.9373493975903614,0.9254030405586108,0.9054130301943599,0.9132633701512726
403,0.0018654386896152096,0.011831855476274829,,False,0.9853398935636108,0.9846991331162802,0.9760300233634085,0.9800699109887758,0.9373493975903614,0.9259096413390266,0.907083081945845,0.9146363030180295
404,0.001863715140658989,0.011839291513950273,,False,0.9853398935636108,0.9847010883734393,0.9760300233634085,0.980070924968762,0.9377510040160643,0.9262768801640069,0.9074584573212204,0.915004084132478
405,0.0018626325144178208,0.011833037173839019,,False,0.9853398935636108,0.9846927097457032,0.9760300233634085,0.9800671020833462,0.9377510040160643,0.9262793673254817,0.9074584573212204,0.915004808429614
406,0.0018613237786939713,0.011849897817291935,,False,0.9853398935636108,0.9846945539467704,0.9760300233634085,0.9800678894163265,0.9377510040160643,0.9262768801640069,0.9074584573212204,0.915004084132478
407,0.0018595641052642543,0.011840031338005595,,False,0.9852394818756903,0.9846072768574119,0.9759367310786805,0.9799762835601776,0.9369477911646586,0.9250740134950965,0.905027988074942,0.9129129668496841
408,0.001858490954469897,0.01184034265474749,,False,0.9853398935636108,0.9846970500102099,0.9760300233634085,0.9800689777698491,0.9369477911646586,0.9255428292125512,0.9067114897584437,0.9142683121679198
409,0.0018579833251483263,0.011847131088223549,,False,0.9853398935636108,0.9846806895727656,0.9760300233634085,0.9800604556543226,0.9377510040160643,0.9262664765795829,0.9074597212113732,0.9150023329152871
410,0.0018561019118491404,0.011853389294234481,,False,0.9853398935636108,0.9846954553170936,0.9760300233634085,0.9800689831051481,0.9377510040160643,0.9262768801640069,0.9074584573212204,0.915004084132478
411,0.0018559071098484974,0.011832508186356935,,False,0.9852394818756903,0.984594773617176,0.9759367310786805,0.9799709041800215,0.9373493975903614,0.9254065564031829,0.9054130301943599,0.9132640510216393
412,0.0018538901840724554,0.011841986606585258,,False,0.9853398935636108,0.9846991331162802,0.9760300233634085,0.9800699109887758,0.9381526104417671,0.9266518773233522,0.9078203827645789,0.9153759187376002
413,0.001852878846890461,0.0118525417109616,,False,0.9854403052515313,0.9847765315107908,0.9761238672072524,0.9801558285168106,0.9373493975903614,0.9254359449801906,0.9054008441524961,0.9132779957607983
414,0.0018519297822615914,0.011840355868182939,,False,0.9853398935636108,0.9846925732792913,0.9760300233634085,0.9800674246263215,0.9369477911646586,0.9255428292125512,0.9067114897584437,0.9142683121679198
415,0.0018506448103715377,0.011842858718855572,,False,0.9854403052515313,0.9847909565214101,0.9761238672072524,0.9801628833639521,0.9373493975903614,0.9259174358403877,0.9070856012436662,0.9146397795184998
416,0.0018496702484791815,0.01184943139800515,,False,0.9854403052515313,0.9847931165954473,0.9761238672072524,0.9801638556335645,0.9369477911646586,0.9250740134950965,0.905027988074942,0.9129129668496841
417,0.0018493149097031846,0.011867322876580174,,False,0.9854403052515313,0.9847925956482785,0.9761238672072524,0.9801638185097963,0.9381526104417671,0.9266400144144045,0.9078338326965958,0.9153738487942308
418,0.0018479097097560194,0.011849081039520029,,False,0.9852394818756903,0.9846055985536163,0.9759372042409183,0.979973854593913,0.9373493975903614,0.9263504104818661,0.9087581722929726,0.915957956695362
419,0.0018468898238243932,0.011834803362888743,,False,0.9854403052515313,0.9847790229942,0.9761238672072524,0.9801579134242352,0.9373493975903614,0.9259174358403877,0.9070856012436662,0.9146397795184998
420,0.0018459803186579886,0.011848075907695035,,False,0.9852394818756903,0.9846110690258154,0.9759372042409183,0.9799760968535958,0.9369477911646586,0.9251006107406994,0.9050170574407466,0.9129172795233339
421,0.0018449994597463007,0.011847898232336992,,False,0.9853398935636108,0.9847023412853504,0.9760305749225243,0.9800695558185928,0.9369477911646586,0.925070652974978,0.9050158020330782,0.9129119810482919
422,0.0018444714564796834,0.011848555732077078,,False,0.9853398935636108,0.9846928179040348,0.9760305749225243,0.9800639457753739,0.9369477911646586,0.9250825762775947,0.905027988074942,0.9129109507920659
423,0.0018427273827608926,0.011853549610297632,,False,0.9853398935636108,0.9846900997449263,0.9760310480847623,0.9800618227874688,0.9373493975903614,0.9259189076701075,0.9070746706094709,0.9146335835546044
424,0.0018425808291721519,0.011857703087913184,,False,0.9854403052515313,0.9847807665795101,0.9761244187663682,0.9801559721952735,0.9377510040160643,0.9257967878894138,0.9057762195278715,0.913647170175964
425,0.0018403931484243343,0.011853946389002555,,False,0.9854403052515313,0.9847913143327275,0.9761244187663682,0.9801599235116476,0.9377510040160643,0.926253153333728,0.9074609766190416,0.9149984452961208
426,0.0018397798655729795,0.01186412763970341,,False,0.9853398935636108,0.9846853342293461,0.9760310480847623,0.9800606672080523,0.9377510040160643,0.9262390598225257,0.9074597212113732,0.9149912340311551
427,0.001838162771451779,0.011862346866386868,,False,0.9854403052515313,0.9847702414844497,0.9761244187663682,0.9801489408437026,0.9377510040160643,0.9262421248585482,0.9074597127288888,0.9149939942289423
428,0.00183728136068203,0.0118723971938102,,False,0.9852394818756903,0.9846113454650536,0.9759372042409183,0.9799753186069182,0.9365461847389558,0.9232780559437129,0.9063264476390257,0.9132378797138894
429,0.0018357345048885263,0.011882653722129467,,False,0.9853398935636108,0.984215614821027,0.9760310480847623,0.9798548146807082,0.9373493975903614,0.9227321312581087,0.9087703668173207,0.9146543217730275
430,0.0018338622467036166,0.01185042707777459,,False,0.9854403052515313,0.984771409046291,0.9761244187663682,0.9801505548848412,0.9377510040160643,0.9262488426005605,0.9074622320267102,0.914999353178567
431,0.0018321004413805106,0.011854667558958396,,False,0.9854403052515313,0.9847726491260009,0.9761244187663682,0.9801509742537274,0.9369477911646586,0.9255671468191751,0.9067331329660527,0.9142924954253829
432,0.001830429022166928,0.011868736869303089,,False,0.9853398935636108,0.9846952529070558,0.9760310480847623,0.980063370652316,0.9369477911646586,0.9236278894156127,0.906701823014401,0.9136119053638322
433,0.0018290855124020041,0.011867576308359138,,False,0.9853398935636108,0.9846829633076233,0.9760310480847623,0.9800584138857218,0.9369477911646586,0.9255704539895689,0.9067127451661121,0.914278942802055
434,0.0018290142448307693,0.011879105023043046,,False,0.9854403052515313,0.9847778547176821,0.9761244187663682,0.9801544127418498,0.9381526104417671,0.9261206835759825,0.9061503310130941,0.9140090283671634
435,0.0018265686771576385,0.011885160185786954,,False,0.9853398935636108,0.9846887710446618,0.9760310480847623,0.980061163922493,0.9369477911646586,0.9236142843196777,0.9067127536485964,0.9136059201505525
436,0.0018259073957362212,0.011878068222878568,,False,0.9853398935636108,0.9842244484632096,0.9760310480847623,0.9798555158199745,0.9369477911646586,0.9236278894156127,0.906701823014401,0.9136119053638322
437,0.00182429759782618,0.011873251685174587,,False,0.9853398935636108,0.9846961288253999,0.9760310480847623,0.980065328218449,0.9369477911646586,0.9250679552229413,0.9050292519650949,0.9129220424841841
438,0.0018226572528665418,0.011878247540857118,,False,0.9853398935636108,0.9846932938076878,0.9760310480847623,0.9800632641113172,0.9369477911646586,0.9255544831934154,0.906714009056265,0.914276721743737
439,0.0018215330267295482,0.011859354744500407,,False,0.9853398935636108,0.9846846759012363,0.9760310480847623,0.9800593868670929,0.9373493975903614,0.9259326523604496,0.9070881205414876,0.9146488635572817
440,0.0018201358287710666,0.011882787030010111,,False,0.9853398935636108,0.9846800581929132,0.9760310480847623,0.9800587792396976,0.9373493975903614,0.9258785467058913,0.907086865133819,0.9146269779455406
441,0.001819042834074674,0.011861065083453545,,False,0.9853398935636108,0.9846889174915988,0.9760310480847623,0.9800611245134934,0.9373493975903614,0.9258698321724549,0.9070881205414876,0.9146279198583682
442,0.0018177061257503588,0.011872907105617937,,False,0.9853398935636108,0.9846973750528062,0.9760310480847623,0.9800661851964336,0.9369477911646586,0.9255544831934154,0.906714009056265,0.914276721743737
443,0.0018161477230896083,0.011872476577234753,,False,0.9853398935636108,0.9846896946743882,0.9760310480847623,0.980062572934835,0.9377510040160643,0.9262773475171926,0.9074622405091944,0.915009158932958
444,0.0018146574228903804,0.011882407330226085,,False,0.9853398935636108,0.9846857845896599,0.9760310480847623,0.980060209472335,0.9369477911646586,0.925521282582323,0.906714009056265,0.9142633004251004
445,0.0018129358237510434,0.011873354215548847,,False,0.9853398935636108,0.9846958322641406,0.9760310480847623,0.9800653291480393,0.9369477911646586,0.9255544831934154,0.906714009056265,0.914276721743737
446,0.0018115006566025607,0.011859973387995926,,False,0.9853398935636108,0.9847043529004303,0.9760310480847623,0.9800683743537574,0.9369477911646586,0.9255544831934154,0.906714009056265,0.914276721743737
447,0.0018099354901279997,0.01187613124724748,,False,0.9854403052515313,0.9847844050722335,0.9761197241510919,0.9801546700741157,0.9373493975903614,0.9259131995829216,0.907086865133819,0.9146411682454738
448,0.001809511061897224,0.011878957139711745,,False,0.9854403052515313,0.9847833098378557,0.9761197241510919,0.9801539362197393,0.9381526104417671,0.9266479282852439,0.9078241659525532,0.9153764210804329
449,0.0018080935125190383,0.0118654039371618,,False,0.9854403052515313,0.9847764486764731,0.9761197241510919,0.9801519012181767,0.9377510040160643,0.9262991288079453,0.907463495916863,0.915017445338994
450,0.0018063804519953249,0.011879652788867642,,False,0.9854403052515313,0.9847867891773703,0.9761197241510919,0.9801541141641089,0.9377510040160643,0.9262909526131275,0.9074513098749991,0.9150151441462376
451,0.0018051507385972699,0.011868317950513445,,False,0.9854403052515313,0.9847796389483656,0.9761197241510919,0.9801504718653749,0.9377510040160643,0.926276815150682,0.9074513098749991,0.9150015394482924
452,0.0018047202846515162,0.011866408936007725,,False,0.9855407169394518,0.9848717291272315,0.9762135679949357,0.980243095670008,0.9373493975903614,0.9259116560038376,0.907086865133819,0.9146438915414838
453,0.0018037944589500967,0.011890892652985787,,False,0.9856411286273722,0.9849544560677269,0.9763068602796638,0.980336533005944,0.9369477911646586,0.9250947718455809,0.9050401825992902,0.9129224037786265
454,0.001801800032405028,0.011891142736633912,,False,0.9855407169394518,0.9848734540165024,0.9762135679949357,0.9802443276027696,0.9377510040160643,0.926290287273461,0.9074513098749991,0.9150119247445249
455,0.0018003986070714612,0.01187750708202073,,False,0.9855407169394518,0.9848814793473069,0.9762135679949357,0.9802486842306529,0.9373493975903614,0.9254746171648903,0.9053936967062748,0.9132993586751191
456,0.0017991684832803206,0.011891155007460527,,False,0.9855407169394518,0.9848778549443331,0.9762135679949357,0.9802458008738282,0.9373493975903614,0.9254739518252237,0.9053936967062748,0.9132961392734065
457,0.0017985702928775666,0.011884351368561181,,False,0.9855407169394518,0.984873468244651,0.9762135679949357,0.9802453065596569,0.9373493975903614,0.9259338928561256,0.9070759344996238,0.9146432836886951
458,0.0017966712551639825,0.011888769802580822,,False,0.9855407169394518,0.9848755429895658,0.9762135679949357,0.980246393675592,0.9377510040160643,0.9262844456906394,0.9074487905771778,0.9150116497946615
459,0.0017961880046395648,0.011898048212320284,,False,0.9855407169394518,0.9848704131904468,0.9762135679949357,0.9802421616258022,0.9381526104417671,0.9247574012281158,0.9078216466547318,0.9147297353031907
460,0.00179470591933139,0.011889603919818371,,False,0.9855407169394518,0.9848684735402988,0.9762135679949357,0.9802418158420498,0.9385542168674699,0.9269592389932984,0.9081957581399543,0.9157271525232709
461,0.0017932209575965237,0.011898031055849365,,False,0.9855407169394518,0.9848731064685092,0.9762135679949357,0.9802436622869932,0.9377510040160643,0.926274826835664,0.9074500459848464,0.9150120208671271
462,0.0017925246523899643,0.01191630575624776,,False,0.9855407169394518,0.9848778549443331,0.9762135679949357,0.9802458008738282,0.9373493975903614,0.9254663824344578,0.9053911774084534,0.913292675940951
463,0.0017909570423327499,0.011891000643934335,,False,0.9855407169394518,0.9848828860967269,0.9762135679949357,0.9802495813391189,0.9369477911646586,0.9271372336906928,0.9050267326672734,0.9135736904474668
464,0.001789763241232019,0.011892778326563063,,False,0.9855407169394518,0.9848731064685092,0.9762135679949357,0.9802436622869932,0.9381526104417671,0.9266372600358925,0.9078254213602217,0.9153768360175822
465,0.0017887773377505576,0.01188892358785466,,False,0.9855407169394518,0.9848759152941852,0.9762135679949357,0.9802454550900757,0.9373493975903614,0.9274962260566922,0.905392432816122,0.9139479327552468
466,0.001787518837655409,0.011894826166938257,,False,0.9855407169394518,0.9848880392588565,0.9762135679949357,0.9802511292039663,0.9373493975903614,0.9275128962284366,0.9053911774084534,0.9139471197107844
467,0.0017869720416385177,0.011899354963841379,,False,0.9855407169394518,0.9848881062605833,0.9762135679949357,0.9802496362840556,0.9377510040160643,0.9262683113004287,0.9074500544673305,0.9149907980766115
468,0.0017847533769803174,0.01190126754227137,,False,0.9855407169394518,0.9848789449276687,0.9762135679949357,0.9802466190862338,0.9381526104417671,0.9266132754082138,0.9078241659525532,0.9153622307804999
469,0.001783241874439411,0.011887754522299529,,False,0.9856411286273722,0.9849665243604304,0.9763068602796638,0.9803374342940943,0.9381526104417671,0.926637860633827,0.9078350965867484,0.9153734150185725
470,0.0017854179993249803,0.011908514903798208,,False,0.9856411286273722,0.9854381828972466,0.9763068602796638,0.9805439261834233,0.9369477911646586,0.927102966182213,0.9050267326672734,0.9135595831601859
471,0.0017802057658790164,0.011898257449554249,,False,0.9856411286273722,0.9849769132714121,0.9763068602796638,0.9803429255988257,0.9373493975903614,0.92590867846438,0.9070771983897765,0.9146258148696637
472,0.0017795855504255595,0.01191130036553307,,False,0.9856411286273722,0.9849682424136602,0.9763068602796638,0.9803384087869608,0.9385542168674699,0.9293616988277955,0.9098830345289459,0.9177137546863143
473,0.0017783171469753234,0.011895169514304508,,False,0.9856411286273722,0.9849689151883457,0.9763068602796638,0.9803381351140814,0.9373493975903614,0.9240051974012405,0.9070759344996238,0.9139771860348446
474,0.0017777962437173713,0.011917323180729049,,False,0.9856411286273722,0.9849574890212887,0.9763068602796638,0.980335502516436,0.9381526104417671,0.9285840479820209,0.9078338326965958,0.9160145109141844
475,0.0017769711151654534,0.011922862621479732,,False,0.9856411286273722,0.9845010446290122,0.9763068602796638,0.9801323824516243,0.9369477911646586,0.9224120644137107,0.9083949914419454,0.9142966031997237
476,0.0017755367141223154,0.011915066841341892,,False,0.9856411286273722,0.984968548077251,0.9763068602796638,0.9803408741294339,0.9389558232931727,0.9297544396205166,0.9102533713086787,0.9180989240001843
477,0.001775033467637011,0.01190585395603617,,False,0.9856411286273722,0.9849681086290677,0.9763068602796638,0.9803409761528852,0.9381526104417671,0.9252225559300812,0.9095064037459021,0.9160285236932754
478,0.0017739758037422768,0.011914844262612433,,False,0.9856411286273722,0.984973585106164,0.9763068602796638,0.9803422545141083,0.9373493975903614,0.9279285016119277,0.9070771983897765,0.9152952785943496
479,0.0017737428664107069,0.011918889980244053,,False,0.9856411286273722,0.9849692279292148,0.9763068602796638,0.9803393486181958,0.9377510040160643,0.9282215608361722,0.9074513098749991,0.9156373200360899
480,0.0017729082716737294,0.011906914213093788,,False,0.9856411286273722,0.9849766902394328,0.9763068602796638,0.9803429260551747,0.9373493975903614,0.9259213205726601,0.9070746790919552,0.9146316783317194
481,0.0017719661054500391,0.011907777267938877,,False,0.9856411286273722,0.9849677023227148,0.9763068602796638,0.9803410347344195,0.9381526104417671,0.9270608813845254,0.9095064037459021,0.916677135506618
482,0.0017712214660925766,0.011902112693443172,,False,0.9856411286273722,0.9849624090224953,0.9763068602796638,0.9803378421813329,0.9377510040160643,0.9267133352648693,0.9091322922606795,0.9163148190857296
483,0.0017705113654474208,0.011908445491593233,,False,0.9856411286273722,0.9849697143310657,0.9763068602796638,0.9803413825311043,0.9381526104417671,0.9290332448249887,0.909507667636055,0.9173506272058156
484,0.00176991055098416,0.011903069764546434,,False,0.9856411286273722,0.9849643117138434,0.9763068602796638,0.9803381923112222,0.9385542168674699,0.9293616988277955,0.9098830345289459,0.9177137546863143
485,0.0017690385629850907,0.01190901288695845,,False,0.9856411286273722,0.9849631545786262,0.9763068602796638,0.9803379182286815,0.9377510040160643,0.9267043024384107,0.9091444783025433,0.9163158320698762
486,0.0017688651930855654,0.011900097903469265,,False,0.9856411286273722,0.9849619158001064,0.9763068602796638,0.9803386869602311,0.9389558232931727,0.9297499432578488,0.9102558906064999,0.9180886300771712
487,0.0017677209247486615,0.01189716468225501,,False,0.9856411286273722,0.9849740080913746,0.9763068602796638,0.9803410158659737,0.9385542168674699,0.9293500741542162,0.9098817791212775,0.9177031404429918
488,0.0017675226837967017,0.011907582492338182,,False,0.9856411286273722,0.9849677023227148,0.9763068602796638,0.9803410347344195,0.9381526104417671,0.928624483829739,0.907836351994417,0.9160264894404756
489,0.0017665332715251765,0.011904522556810255,,False,0.9856411286273722,0.9849712769293354,0.9763068602796638,0.9803423183562023,0.9385542168674699,0.9293804004822633,0.9098817791212775,0.9177162081639297
490,0.001765973335678033,0.011894596462511049,,False,0.9856411286273722,0.9849657338601404,0.9763068602796638,0.9803388668702877,0.9389558232931727,0.9297499432578488,0.9102558906064999,0.9180886300771712
491,0.0017653538483127767,0.011899346621525544,,False,0.9857415403152927,0.9850688793295012,0.9768188930497611,0.9806709377629255,0.9381526104417671,0.9290207676462146,0.9095089230437233,0.9173512249569816
492,0.0017646380032205798,0.01190673805884031,,False,0.9857415403152927,0.9850634347771489,0.9768188930497611,0.98066977468274,0.9381526104417671,0.927029438673104,0.9095064037459021,0.9166640907624193
493,0.0017643914648490975,0.011917792571116682,,False,0.9857415403152927,0.985060770985728,0.9768188930497611,0.9806719023712667,0.9369477911646586,0.9241337747581783,0.9084019293098691,0.9149325454016365
494,0.001763458257393176,0.011906118824535473,,False,0.9857415403152927,0.9850554658991713,0.9768188930497611,0.9806676526760627,0.9377510040160643,0.9286346661050613,0.9091648661024839,0.9169867630470058
495,0.0017628833454248218,0.011910127135212535,,False,0.9857415403152927,0.9850686077490468,0.9768188930497611,0.9806728301269353,0.9377510040160643,0.9286729531321678,0.9091469976003645,0.9169915434918897
496,0.0017622295219510689,0.011904880352791303,,False,0.9857415403152927,0.9850652204073977,0.9768188930497611,0.980670710051489,0.9385542168674699,0.929368694208115,0.9098939651631414,0.9177154169968404
497,0.001761451455177618,0.011904810196758002,,False,0.9857415403152927,0.9850664923383222,0.9768188930497611,0.9806719163465617,0.9381526104417671,0.9290305941439507,0.9095198536779188,0.9173560398277978
498,0.0017607990867232178,0.011898367741810427,,False,0.9857415403152927,0.985077395467505,0.9768188930497611,0.9806750995783783,0.9377510040160643,0.9286729531321678,0.9091469976003645,0.9169915434918897
499,0.0017602013807291109,0.011893378898952192,,False,0.9857415403152927,0.9850625479715275,0.9768188930497611,0.9806710820209591,0.9381526104417671,0.9290217579333668,0.9095267915458426,0.9173611380059938
500,0.0017595877328493068,0.011895441885720542,,False,0.9857415403152927,0.9850539528367143,0.9768188930497611,0.9806676983883482,0.9377510040160643,0.926704774990793,0.9091648661024839,0.9163267479445142
501,0.0017590833965969797,0.011903057773512296,,False,0.9857415403152927,0.985062810221144,0.9768188930497611,0.980671816948207,0.9381526104417671,0.9270613539369076,0.9095267915458426,0.916688051381256
502,0.0017582679514893244,0.011899662386468796,,False,0.9857415403152927,0.985062810221144,0.9768188930497611,0.980671816948207,0.9381526104417671,0.9270613539369076,0.9095267915458426,0.916688051381256
503,0.0017579289065317396,0.011903646214880999,,False,0.9857415403152927,0.9850524154366777,0.9768188930497611,0.9806678523731657,0.9377510040160643,0.926704774990793,0.9091648661024839,0.9163267479445142
504,0.001757220619377077,0.011904073824599334,,False,0.9857415403152927,0.985066900776493,0.9768188930497611,0.9806731785845658,0.9373493975903614,0.9263567013541576,0.9087907546172613,0.915961194498278
505,0.0017565153460146164,0.011898166075374295,,False,0.9857415403152927,0.9850611190343004,0.9768188930497611,0.9806696124393662,0.9373493975903614,0.9259098808380521,0.9071072529337596,0.9146431161422297
506,0.0017561639588167183,0.011891420159701566,,False,0.9857415403152927,0.9850533002674238,0.9768188930497611,0.9806672375790887,0.9377510040160643,0.926704774990793,0.9091648661024839,0.9163267479445142
507,0.001755233026766665,0.011897439959668394,,False,0.9857415403152927,0.9850578460371577,0.9768188930497611,0.9806684059870254,0.9377510040160643,0.926704774990793,0.9091648661024839,0.9163267479445142
508,0.0017545202421604686,0.011905303334395712,,False,0.9857415403152927,0.9850521731415801,0.9768188930497611,0.9806679517046448,0.9377510040160643,0.926704774990793,0.9091648661024839,0.9163267479445142
509,0.0017541983019577678,0.011890546500420011,,False,0.9857415403152927,0.9850471069595466,0.9768188930497611,0.9806647812697477,0.9377510040160643,0.9267013990017072,0.9091718039704078,0.9163364416117822
510,0.00175324140312866,0.011900997089471047,,False,0.9857415403152927,0.9850485316193986,0.9768188930497611,0.9806650319130361,0.9381526104417671,0.9270261545612666,0.9095389775877065,0.916679606132291
511,0.0017524488763123601,0.011904551703448979,,False,0.9857415403152927,0.98459208992429,0.9768188930497611,0.9804603374120985,0.9377510040160643,0.9266742621086022,0.9091648661024839,0.9163136764222679
512,0.001752047545230211,0.01191681357534516,,False,0.9857415403152927,0.9845859269576648,0.9768188930497611,0.9804580814186797,0.9369477911646586,0.9259852872989254,0.9084288291739026,0.9155900566522747
513,0.0017510204203028755,0.011904096708091338,,False,0.9857415403152927,0.9850540367577092,0.9768188930497611,0.980666071633246,0.9373493975903614,0.9263241969228351,0.9087907546172613,0.9159476012360105
514,0.0017513013999080438,0.011918367997593762,,False,0.9857415403152927,0.9850446374468045,0.9768188930497611,0.9806633142564127,0.9373493975903614,0.9258826470629921,0.9071181750854708,0.9146197074111472
515,0.0017493510107728523,0.011902570183072645,,False,0.9857415403152927,0.9850478646639341,0.9768188930497611,0.9806653479314874,0.9385542168674699,0.9273902600115009,0.9099130890729291,0.9170394946130498
516,0.0017479081276313348,0.011903147424497055,,False,0.9857415403152927,0.9850423668090281,0.9768188930497611,0.9806615043561935,0.9377510040160643,0.9266654124980858,0.9091648661024839,0.9163011143062703
517,0.0017472661308478988,0.011905628111275898,,False,0.9857415403152927,0.9850435701379331,0.9768188930497611,0.9806613814546351,0.9373493975903614,0.9263016156728082,0.9087894907271085,0.9159344215818912
518,0.0017459115952427227,0.011905432118137802,,False,0.9857415403152927,0.9850379064548471,0.9768188930497611,0.9806601066683679,0.9377510040160643,0.9266461126951092,0.9091770521443477,0.9162960526908375
519,0.0017446828812280844,0.011902724932030467,,False,0.9857415403152927,0.9850477694133546,0.9768188930497611,0.9806633263198541,0.9377510040160643,0.926664584903301,0.9091648661024839,0.9163013046915012
520,0.0017435879804891664,0.011897814216799283,,False,0.9857415403152927,0.9850499789329878,0.9768188930497611,0.980665186106754,0.9381526104417671,0.9270175267503414,0.9095389775877065,0.9166671905368408
521,0.001742838125782363,0.011899120546397062,,False,0.9857415403152927,0.9850392544787265,0.9768188930497611,0.9806603369576737,0.9373493975903614,0.9263090881888237,0.9087894907271085,0.9159326130517935
522,0.0017414489139815298,0.011889404217070952,,False,0.9857415403152927,0.9850417704321808,0.9768188930497611,0.980660329390132,0.9377510040160643,0.926664584903301,0.9091648661024839,0.9163013046915012
523,0.001740623267392926,0.0118959590543124,,False,0.9857415403152927,0.9850390822764437,0.9768188930497611,0.9806597534251692,0.9377510040160643,0.926664584903301,0.9091648661024839,0.9163013046915012
524,0.0017397695907406504,0.011891384477194383,,False,0.9857415403152927,0.9850477694133546,0.9768188930497611,0.9806633263198541,0.9377510040160643,0.926664584903301,0.9091648661024839,0.9163013046915012
525,0.0017391858351049946,0.011888503551125112,,False,0.9857415403152927,0.9850465407360544,0.9768188930497611,0.9806630883178626,0.9373493975903614,0.9258685267962135,0.9071072529337596,0.9146169607639644
526,0.0017382244019980711,0.011884540359710438,,False,0.9857415403152927,0.985054906064652,0.9768188930497611,0.9806666149403507,0.9377510040160643,0.926664584903301,0.9091648661024839,0.9163013046915012
527,0.001737579480257609,0.01188006905147462,,False,0.9857415403152927,0.9850519512271975,0.9768188930497611,0.9806659160614539,0.9373493975903614,0.9258676992014284,0.9071072529337596,0.9146171511491953
528,0.001737181648585624,0.01187890253767185,,False,0.9857415403152927,0.985051860508257,0.9768188930497611,0.9806648695204243,0.9381526104417671,0.9270173049507502,0.9095389775877065,0.9166670440162934
529,0.001736316609606392,0.01188002533297,,False,0.9857415403152927,0.9850452688051301,0.9768188930497611,0.9806618820227899,0.9377510040160643,0.9266654124980858,0.9091648661024839,0.9163011143062703
530,0.0017356144366483372,0.011887885489480146,,False,0.9857415403152927,0.9850549192453388,0.9768188930497611,0.9806655927802999,0.9377510040160643,0.9266654124980858,0.9091648661024839,0.9163011143062703
531,0.0017348956062893102,0.011886415678673498,,False,0.9857415403152927,0.9850477300606991,0.9768188930497611,0.9806639860872632,0.9373493975903614,0.9258676992014284,0.9071072529337596,0.9146171511491953
532,0.001734172903486332,0.011877243477800836,,False,0.9857415403152927,0.9850450457731509,0.9768188930497611,0.980661882479139,0.9377510040160643,0.926664584903301,0.9091648661024839,0.9163013046915012
533,0.0017335501073448057,0.011881940680342169,,False,0.9857415403152927,0.9850512414461521,0.9768188930497611,0.9806646648966721,0.9377510040160643,0.9266654124980858,0.9091648661024839,0.9163011143062703
534,0.0017330982120620296,0.011870843276697875,,False,0.9857415403152927,0.9850476703175323,0.9768188930497611,0.9806629732014167,0.9381526104417671,0.9270175267503414,0.9095389775877065,0.9166671905368408
535,0.0017323745093429496,0.011873537958449575,,False,0.9857415403152927,0.9850437062068603,0.9768188930497611,0.9806609461976917,0.9377510040160643,0.9266654124980858,0.9091648661024839,0.9163011143062703
536,0.0017315461197338802,0.011871306636565705,,False,0.9857415403152927,0.9850452945086481,0.9768188930497611,0.9806622313398782,0.9377510040160643,0.9266654124980858,0.9091648661024839,0.9163011143062703
537,0.001731116608790232,0.011883207341768528,,False,0.9857415403152927,0.9850456915197806,0.9768188930497611,0.9806635776761004,0.9369477911646586,0.9254794247561386,0.9067440636002482,0.9142455829502525
538,0.00173013988702033,0.01186967189843206,,False,0.9857415403152927,0.9850456915197806,0.9768188930497611,0.9806635776761004,0.9377510040160643,0.9262186308867286,0.9074813644189822,0.9149825127857123
539,0.0017293723149365149,0.011879211911981508,,False,0.9857415403152927,0.9850512414461521,0.9768188930497611,0.9806646648966721,0.9373493975903614,0.9258685267962135,0.9071072529337596,0.9146169607639644
540,0.001728589052241569,0.011874077666456507,,False,0.9857415403152927,0.9850434831748811,0.9768188930497611,0.9806609466540408,0.9377510040160643,0.9262186308867286,0.9074813644189822,0.9149825127857123
541,0.0017281048759731706,0.011873993399365703,,False,0.9857415403152927,0.9850519870022829,0.9768188930497611,0.9806647409440207,0.9377510040160643,0.9266618082362729,0.9091636022123311,0.9162983523765857
542,0.0017272743026539696,0.011875614965384026,,False,0.9858419520032132,0.9851357120564441,0.9769140224257123,0.9807545399599173,0.9369477911646586,0.925502691478316,0.9067209469241888,0.9142504518783716
543,0.001726182158129483,0.011862367231549731,,False,0.9858419520032132,0.9851367584708455,0.9769140224257123,0.9807546930797815,0.9377510040160643,0.9257606290427238,0.905774746059421,0.9136281400966312
544,0.0017252653787954437,0.011866312865968932,,False,0.9858419520032132,0.9851286405016985,0.9769140224257123,0.980750003721139,0.9385542168674699,0.927390898895091,0.909900903031065,0.9170381066107116
545,0.0017243378851038093,0.011867388555576772,,False,0.9858419520032132,0.9851209850710566,0.9769140224257123,0.9807472405212763,0.9385542168674699,0.927390898895091,0.909900903031065,0.9170381066107116
546,0.0017234430451698332,0.011870622449308692,,False,0.9858419520032132,0.98512557730281,0.9769140224257123,0.9807493403425325,0.9381526104417671,0.9265974747269221,0.9078323592281454,0.915353845440445
547,0.0017229896225519146,0.011884288767073255,,False,0.9858419520032132,0.9851233990231467,0.9769140224257123,0.980748896954879,0.9365461847389558,0.9251577504293541,0.9063468354389662,0.9138852961304659
548,0.0017214119055447277,0.011861157024143578,,False,0.9858419520032132,0.9851274064686878,0.9769140224257123,0.9807501826096056,0.9377510040160643,0.9262195031821913,0.9074704337847869,0.9149829478022815
549,0.0017206549982621223,0.011857127643049256,,False,0.9858419520032132,0.9851221689072978,0.9769140224257123,0.9807480941983447,0.9381526104417671,0.9270354021806136,0.9095255276556897,0.916669414971004
550,0.0017197112850768008,0.011859945504265229,,False,0.9859423636911336,0.9852146843894545,0.9770026984920421,0.9808396798439077,0.9381526104417671,0.926592003031478,0.9078432898623409,0.9153534288595832
551,0.0017189104598727856,0.011862833563639218,,False,0.9859423636911336,0.9852186918349956,0.9770026984920421,0.9808409654986343,0.9373493975903614,0.9258696208912672,0.9070963222995643,0.9146175423010808
552,0.001718103843221982,0.011853714976862198,,False,0.9859423636911336,0.9852112795605658,0.9770026984920421,0.9808384027048851,0.9377510040160643,0.9262309211365665,0.907488302286906,0.9149972992371046
553,0.001717263379862308,0.011851225311024149,,False,0.9859423636911336,0.9852166657055338,0.9770026984920421,0.9808393828651769,0.9381526104417671,0.9270282771565456,0.9095459154556303,0.916681225658829
554,0.0017169294206295016,0.011862787162298931,,False,0.9859423636911336,0.9852320739369043,0.9770026984920421,0.9808494823011034,0.9385542168674699,0.9269682540067158,0.9082174013475635,0.9157212055731646
555,0.001716131312183108,0.011864645826634037,,False,0.9859423636911336,0.9852187446858645,0.9770026984920421,0.9808426756181272,0.9377510040160643,0.9262502378639734,0.9074704337847869,0.9149961658450751
556,0.0017151652111006702,0.011856143619515501,,False,0.9859423636911336,0.9852166657055338,0.9770026984920421,0.9808393828651769,0.9377510040160643,0.9262197249817823,0.9074704337847869,0.9149830943228289
557,0.0017143638444798211,0.01186178410924176,,False,0.9859423636911336,0.9852167935322468,0.9770026984920421,0.9808401235982502,0.9381526104417671,0.926592003031478,0.9078432898623409,0.9153534288595832
558,0.0017138714766495504,0.01185971592389493,,False,0.9859423636911336,0.985229592084288,0.9770026984920421,0.9808468276603229,0.9381526104417671,0.9266044631507384,0.9078624137721286,0.9153642051330029
559,0.0017133244141514566,0.011856130041840602,,False,0.9859423636911336,0.9852180184527494,0.9770026984920421,0.980841420990768,0.9377510040160643,0.9262195031821913,0.9074704337847869,0.9149829478022815
560,0.001712876143608709,0.01185319510701336,,False,0.9859423636911336,0.9852240073108471,0.9770026984920421,0.9808436245275112,0.9381526104417671,0.926580849942133,0.9078189092961289,0.9153468016375511
561,0.0017120453745512157,0.011856139302038191,,False,0.9859423636911336,0.985221253886428,0.9770026984920421,0.9808415212860759,0.9381526104417671,0.9265974747269221,0.9078323592281454,0.915353845440445
562,0.0017114913623144275,0.01186084301175126,,False,0.9859423636911336,0.9852194443398078,0.9770026984920421,0.9808419175685751,0.9381526104417671,0.926592003031478,0.9078432898623409,0.9153534288595832
563,0.001710860617610784,0.011864364847015741,,False,0.9859423636911336,0.9852204232365591,0.9770026984920421,0.9808425258047286,0.9377510040160643,0.9262195031821913,0.9074704337847869,0.9149829478022815
564,0.00171036257020656,0.011858641091911884,,False,0.9860427753790542,0.9853166496621589,0.9770934014398878,0.9809336604164667,0.9377510040160643,0.9262195031821913,0.9074704337847869,0.9149829478022815
565,0.0017099202679749007,0.011852349759724743,,False,0.9860427753790542,0.9853164644610728,0.9770934014398878,0.9809357688575333,0.9373493975903614,0.9258776629924016,0.9071141823191992,0.9146251561142026
566,0.0017090844484995463,0.011847328770395871,,False,0.9860427753790542,0.9853176975742647,0.9770934014398878,0.9809358809676699,0.9373493975903614,0.9258741471478295,0.9071141823191992,0.9146244752438358
567,0.0017085375989204013,0.011851039155402414,,False,0.9860427753790542,0.9853161835532052,0.9770934014398878,0.9809347094581101,0.9377510040160643,0.926231956666552,0.9075004883287698,0.9149930943700111
568,0.0017078162203791796,0.01184792041523737,,False,0.9860427753790542,0.985317473922744,0.9770934014398878,0.9809358814082737,0.9373493975903614,0.9258741471478295,0.9071141823191992,0.9146244752438358
569,0.0017070889571162559,0.011851214302541052,,False,0.9860427753790542,0.9853326423005883,0.9770934014398878,0.9809404320534058,0.9381526104417671,0.9266065495515734,0.9078514831379331,0.9153641122157159
570,0.0017061694282376166,0.01185376635274359,,False,0.9860427753790542,0.9853232151024459,0.9770934014398878,0.9809360125956592,0.9377510040160643,0.9262296438623068,0.9074895576945745,0.9149931668835435
571,0.0017053235455056748,0.011858045246517358,,False,0.9860427753790542,0.9853224902881019,0.9770934014398878,0.9809368776507225,0.9373493975903614,0.9258584750834815,0.9071276322512158,0.9146228341805267
572,0.0017042226388033592,0.011853603854359492,,False,0.9860427753790542,0.9853236306019844,0.9770934014398878,0.9809359407729823,0.9373493975903614,0.9258741471478295,0.9071141823191992,0.9146244752438358
573,0.0017031205829139558,0.011864793649935526,,False,0.9860427753790542,0.9853259685268652,0.9770934014398878,0.9809381158370944,0.9373493975903614,0.9258549592389094,0.9071276322512158,0.9146221533101601
574,0.0017019483998633054,0.011865039653691236,,False,0.9860427753790542,0.9853184034206078,0.9770934014398878,0.9809344274312317,0.9377510040160643,0.9262296438623068,0.9074895576945745,0.9149931668835435
575,0.0017009456602706647,0.011863038028816409,,False,0.9860427753790542,0.98532050390394,0.9770934014398878,0.9809337994758496,0.9377510040160643,0.9262296438623068,0.9074895576945745,0.9149931668835435
576,0.0017000388728636469,0.011867158827916663,,False,0.9860427753790542,0.9853156499961886,0.9770934014398878,0.9809323241897965,0.9373493975903614,0.9258549592389094,0.9071276322512158,0.9146221533101601
577,0.0016993603343452917,0.01186667824807147,,False,0.9860427753790542,0.9853232573283592,0.9770934014398878,0.9809359027172846,0.9373493975903614,0.9258549592389094,0.9071276322512158,0.9146221533101601
578,0.0016985974629379075,0.011881077815771145,,False,0.9860427753790542,0.9853259685268652,0.9770934014398878,0.9809381158370944,0.9377510040160643,0.9282337821756224,0.9074622320267102,0.915632452206718
579,0.0016978809884860024,0.011875267652538827,,False,0.9860427753790542,0.9853259685268652,0.9770934014398878,0.9809381158370944,0.9369477911646586,0.925499462524432,0.9067522568758404,0.9142534616704524
580,0.0016972625529432974,0.011880236982957109,,False,0.9860427753790542,0.9853224902881019,0.9770934014398878,0.9809368776507225,0.9369477911646586,0.9255029783690042,0.9067522568758404,0.9142541425408192
581,0.001696710031102246,0.011869601781388397,,False,0.9860427753790542,0.9853166613427393,0.9770934014398878,0.9809339206125323,0.9369477911646586,0.9255029783690042,0.9067522568758404,0.9142541425408192
582,0.0016962368229340484,0.011878366171228052,,False,0.9860427753790542,0.9853165429921721,0.9770934014398878,0.9809351413980255,0.9373493975903614,0.9262993057058857,0.9088098700445647,0.9159381123893127
583,0.0016957244140165069,0.011880383246331509,,False,0.9860427753790542,0.9853201595690447,0.9770934014398878,0.9809351638565658,0.9373493975903614,0.9262993057058857,0.9088098700445647,0.9159381123893127
584,0.0016954106409199016,0.01189077400358315,,False,0.9860427753790542,0.985324594640974,0.9770934014398878,0.980938199733797,0.9373493975903614,0.925861988536498,0.9071072444512753,0.9146103581958944
585,0.001694653989692708,0.011877988692184392,,False,0.9860427753790542,0.9853180381413829,0.9770934014398878,0.9809351715777055,0.9369477911646586,0.925499462524432,0.9067522568758404,0.9142534616704524
586,0.0016941451228624695,0.011881526226527831,,False,0.9860427753790542,0.9853240379613426,0.9770934014398878,0.9809380829246506,0.9373493975903614,0.9262993057058857,0.9088098700445647,0.9159381123893127
587,0.0016937609279808396,0.011872607709142696,,False,0.9860427753790542,0.9853256498046208,0.9770934014398878,0.9809387521396141,0.9369477911646586,0.925499462524432,0.9067522568758404,0.9142534616704524
588,0.001693123482447968,0.011875072336787373,,False,0.9860427753790542,0.9853213160755934,0.9770934014398878,0.9809373514510527,0.9369477911646586,0.925499462524432,0.9067522568758404,0.9142534616704524
589,0.001692438901667861,0.011876040650379038,,False,0.9860427753790542,0.9853318670521474,0.9770934014398878,0.9809408502386078,0.9373493975903614,0.9262993057058857,0.9088098700445647,0.9159381123893127
590,0.001691644455148861,0.011884969893778232,,False,0.9860427753790542,0.9853329958499811,0.9770934014398878,0.9809418497492834,0.9373493975903614,0.9263028215504578,0.9088098700445647,0.9159387932596794
591,0.0016904797563969671,0.01187857120439098,,False,0.9860427753790542,0.9853286995521116,0.9770934014398878,0.9809401823928988,0.9377510040160643,0.926654802420363,0.9091852454199402,0.9163068040290203
592,0.0016894040586749224,0.011864467700467474,,False,0.9861431870669746,0.9854100320062922,0.9771820775062174,0.9810250705016679,0.9369477911646586,0.925499462524432,0.9067522568758404,0.9142534616704524
593,0.0016861619619952702,0.011874466713650793,,False,0.9860427753790542,0.9853099892324657,0.9770934014398878,0.9809330494148987,0.9381526104417671,0.9270353156925777,0.9095581014974942,0.9166784259592381
594,0.0016841688925313787,0.011873680314910463,,False,0.9860427753790542,0.9853144949743852,0.9770934014398878,0.9809351101665149,0.9377510040160643,0.9266763031335282,0.9091827261221188,0.9163090534491638
595,0.0016830493590953908,0.011862822019180243,,False,0.9860427753790542,0.9853212056414188,0.9770934014398878,0.9809358394234144,0.9373493975903614,0.9258584750834815,0.9071276322512158,0.9146228341805267
596,0.0016825613452080492,0.01186781190870398,,False,0.9860427753790542,0.9853286193314796,0.9770934014398878,0.9809409678412264,0.9377510040160643,0.9262354725111241,0.9075004883287698,0.9149937752403778
597,0.0016820730926550085,0.011870744722295752,,False,0.9861431870669746,0.9854251646822897,0.9771820775062174,0.9810331023845045,0.9377510040160643,0.9266763031335282,0.9091827261221188,0.9163090534491638
598,0.0016814469925284644,0.011870678830787993,,False,0.9861431870669746,0.985428049646338,0.9771820775062174,0.9810337745629677,0.9373493975903614,0.9258549592389094,0.9071276322512158,0.9146221533101601
599,0.0016810404312494322,0.011864548843471667,,False,0.9860427753790542,0.9853318670521474,0.9770934014398878,0.9809408502386078,0.9377510040160643,0.9266798189781006,0.9091827261221188,0.9163097343195304
600,0.0016805506824592643,0.011868467546598076,,False,0.9861431870669746,0.9854194242090922,0.9771820775062174,0.9810310143103442,0.9373493975903614,0.9258584750834815,0.9071276322512158,0.9146228341805267
