epoch,mse,validation_mse,accuracy,converged,training_accuracy,training_macro_precision_present,training_macro_recall_present,training_macro_f1_present,validation_accuracy,validation_macro_precision_present,validation_macro_recall_present,validation_macro_f1_present
0,0.27752728370681806,0.28004008093202476,,False,0.11015162164875991,0.0919962531650494,0.11625109845496838,0.08575409873142074,0.10441767068273092,0.09712462635848775,0.10716887157611227,0.08373246294608572
1,0.08729447472475384,0.08703399077155012,,False,0.262074505472437,0.24293552181667316,0.23771151728472428,0.15321199635638438,0.25983935742971886,0.22364767982320277,0.23569135593710644,0.15308780224605384
2,0.0526388292982358,0.0514359902959514,,False,0.649563209157546,0.6251450482083547,0.5846218098770923,0.5361840631629353,0.6558232931726907,0.570238445855482,0.5902744544145108,0.5419379140056919
3,0.03343960413899827,0.03344901417569863,,False,0.7875288683602771,0.7886907935319798,0.7122552529411851,0.6996498332146246,0.7931726907630522,0.7966462666692348,0.7171457475704135,0.7027503667925902
4,0.027352105863745153,0.027510218532455874,,False,0.8373330655688322,0.8354686708410455,0.7586369829005419,0.7493624427929755,0.8389558232931726,0.8377253180362261,0.7600805931706657,0.7511086675641258
5,0.026221659001560385,0.026947966258125185,,False,0.8368310071292299,0.8525405641703149,0.7575914033039278,0.744815137253373,0.8325301204819278,0.8458530083744147,0.7535237930295281,0.7405110766259356
6,0.02088802168477576,0.021670838940668295,,False,0.8773973290491013,0.8780187890244069,0.795933084579168,0.7872753496373698,0.8662650602409638,0.866385488483703,0.7857675280233324,0.7771291674140072
7,0.019406498475232903,0.020355787828556078,,False,0.8863339692740235,0.8891603863684334,0.8046416276523193,0.7954089419964917,0.8755020080321285,0.877718410530949,0.7947003631483983,0.7858307682321992
8,0.017304738502313108,0.01890987563163515,,False,0.8973792549452756,0.897103186115846,0.8147207252654216,0.8057352968290595,0.8831325301204819,0.8831917314782224,0.8017512710136645,0.7929157056249808
9,0.017704902874588636,0.0193663720106565,,False,0.8931619640526157,0.8981549591245486,0.8107401342903674,0.8016169428380283,0.8771084337349397,0.8821598186765747,0.7960437238451363,0.7871481026749586
10,0.0153851111037689,0.017568018387400783,,False,0.9096294808715735,0.909087862135916,0.825863850140021,0.816732071639697,0.8927710843373494,0.8921827449754585,0.8104149881369128,0.8013767096227502
11,0.015105393635481112,0.01729833264611226,,False,0.9085249523044482,0.9091822003687411,0.8250353357531244,0.8159534378399753,0.8923694779116466,0.8930729043058985,0.8102683541568108,0.8013681262024382
12,0.014238954083934524,0.016552299956499053,,False,0.91314388994879,0.9132077624838637,0.8292035357342837,0.8200098671331995,0.8979919678714859,0.8977300945753435,0.8153430558317694,0.806294136802454
13,0.01370721912702369,0.016232206539085817,,False,0.9160558288984838,0.9159920759641728,0.8319082763244025,0.8225920984493257,0.8991967871485944,0.8986448820755555,0.8164621669089801,0.8072832573536688
14,0.013438889060936599,0.01629410674781995,,False,0.917160357465609,0.9174781751757746,0.8328560938217711,0.8235536512117769,0.8975903614457831,0.8977275866441763,0.8148487528894157,0.8057481121572784
15,0.012943005573597371,0.015830857405139936,,False,0.9211768249824279,0.9212721801226388,0.8365045076367055,0.8273142975613306,0.9,0.8998812819775956,0.817053903754256,0.8080762287074371
16,0.01295493311171791,0.01599000575332378,,False,0.9196706496636209,0.9202980365168388,0.8350968462972558,0.8256931236214785,0.8987951807228916,0.8992931138517519,0.815994715148006,0.8067193171121093
17,0.012241685123920088,0.015454057053269767,,False,0.9242895873079626,0.9326014861285152,0.8402225616068654,0.83204586479502,0.9008032128514056,0.9005944549710652,0.817887965932508,0.8088401186225405
18,0.012047797224604343,0.015194390750394257,,False,0.9274023496334973,0.9355065009938277,0.8443839533698411,0.8377441742629009,0.9028112449799197,0.9026132510513453,0.819780472436205,0.8107087233899243
19,0.011973249025573859,0.015282852623176718,,False,0.9265990561301336,0.9161215074378161,0.843587524180377,0.8369943905700943,0.9024096385542169,0.9015930209620839,0.819365419049596,0.8101513792651454
20,0.011807129511705865,0.015159765359412417,,False,0.9280048197610202,0.9047719191714528,0.8449585304328796,0.8384775375479477,0.9052208835341365,0.9158451498473504,0.8236493693589282,0.8167888789269978
21,0.011228297987946908,0.01464994324640909,,False,0.9309167587107139,0.9052253844238438,0.8484926922653261,0.8428128781913244,0.9092369477911647,0.918795476757695,0.8274296554400837,0.8204006666657204
22,0.011172603779345624,0.014751667859510506,,False,0.9312179937744753,0.9056737088596021,0.8486552347844274,0.8430792286591176,0.9092369477911647,0.9187769955142038,0.8272751656520319,0.8202783874152844
23,0.011504342657312552,0.015084784210475571,,False,0.9293101717039863,0.9155956699390898,0.8489313275821702,0.8457933678328293,0.9068273092369478,0.9170687297623097,0.8266737674775516,0.8218474927993498
24,0.01060643946030043,0.014403099338724353,,False,0.9361381664825785,0.9236927779994966,0.8620698926128098,0.864486130952588,0.9132530120481928,0.8862727471281341,0.839432493680934,0.8405546229047061
25,0.010693945456801695,0.014589085340492573,,False,0.9347324028516919,0.9260990058788061,0.8616854622116185,0.8648747995666394,0.9096385542168675,0.8650406908201603,0.8328216375809525,0.8311273897866422
26,0.01020766313818046,0.013992501703910058,,False,0.9385480469926699,0.930359185395578,0.8690102122525185,0.8744665173287103,0.9116465863453815,0.8718268203441981,0.8381233692638453,0.8388380800150386
27,0.01001133099703878,0.014045249244114278,,False,0.9418616326940455,0.9326799226933085,0.8808832333734306,0.8900617905643468,0.9136546184738956,0.8828703702206528,0.8466631707401462,0.8512304849700552
28,0.009746298520925754,0.013702300858570486,,False,0.9423636911336479,0.9350344965259746,0.8799654584926463,0.8889856343430576,0.9132530120481928,0.886573997292763,0.8462942362176332,0.8512151168471724
29,0.009633582474274548,0.013724352094203595,,False,0.9436690430766141,0.9362314413451406,0.8862632770830539,0.8966010189505913,0.9156626506024096,0.8980405338241328,0.8519160679336673,0.8587254824420507
30,0.009904273576164501,0.014076935442924331,,False,0.9424641028215685,0.9352881632463335,0.882130953584437,0.8919524488437219,0.9136546184738956,0.8999449734493652,0.8482314548180554,0.8547616394006019
31,0.00921092916146938,0.013544346384069702,,False,0.9473842755296716,0.9320880927077363,0.897196155985315,0.9071539843656679,0.9168674698795181,0.9004456502614432,0.8647929835446854,0.8741047700302309
32,0.009006680050869536,0.013287277763474414,,False,0.9474846872175922,0.9394706457278041,0.8951808770743506,0.9062723247113831,0.9164658634538153,0.9040176111529115,0.8594094642024077,0.8686053054245085
33,0.008781066966866553,0.01313243848494471,,False,0.9483883924088764,0.9394393564047557,0.8985381079768227,0.9096471064574209,0.9192771084337349,0.9117085059035789,0.8636840014580083,0.8738537284644887
34,0.009094578465178594,0.013337057415234119,,False,0.9453760417712622,0.9379479296178871,0.8956809995653031,0.9068938541739008,0.9156626506024096,0.9066708879900354,0.8637226471478011,0.8739852684819992
35,0.008442200808792768,0.013012347595919085,,False,0.9505974495431269,0.942902382422509,0.9026595189777886,0.9140736835922463,0.9216867469879518,0.9152970555306091,0.8692140113344444,0.8801282260962102
36,0.008373815885202333,0.013074561442029176,,False,0.9507982729189678,0.9411143819648353,0.9019690751090307,0.9130918984718933,0.9208835341365462,0.9145462041730271,0.8684609206883303,0.8794299137858257
37,0.008158950437335062,0.012766388647573885,,False,0.9515011547344111,0.9473465841245472,0.9038840797793566,0.9159645919426543,0.9200803212851406,0.9131133433978523,0.8660398437333336,0.8766446018928831
38,0.008037835484436505,0.012753628630865934,,False,0.9528065066773772,0.9439718456590049,0.9092861202054715,0.9202940301358625,0.9228915662650602,0.9175245485200768,0.8736835016890006,0.885110177953178
39,0.00817169084752104,0.012679090437999136,,False,0.9522040365498544,0.9455481218257908,0.9083417263049215,0.9197987272864023,0.9216867469879518,0.9157567978096891,0.8692723212658505,0.8801904308544078
40,0.007999308589559283,0.012892751670867793,,False,0.9539110352445025,0.9479907553207637,0.911200249102647,0.9227858464166706,0.9200803212851406,0.9138416486766149,0.8677386801688879,0.8786238928445808
41,0.007671582588715082,0.012657173238310454,,False,0.9551159754995482,0.9489442039146808,0.9152099520668736,0.9264526116184967,0.921285140562249,0.9161098898899035,0.8722240337077717,0.8835993327309586
42,0.007582706801251253,0.012641491571989655,,False,0.9564213274425143,0.948179281330674,0.9188968052033426,0.9292510094620402,0.9216867469879518,0.9104339169732262,0.874288776453406,0.8846283665416241
43,0.007599719086267017,0.012645039691168041,,False,0.9562205040666734,0.9502022612002532,0.9174062221744664,0.9285912584236422,0.9192771084337349,0.9107246644147169,0.8703467187205359,0.8811781865386425
44,0.007433802163013859,0.012428095037429263,,False,0.9561200923787528,0.9526959125368146,0.9144518595278177,0.9265014673453117,0.9216867469879518,0.9153435823828584,0.8692408051529674,0.8801458153007655
45,0.007229200137488546,0.012473290879216245,,False,0.9582287378250829,0.9528166136292876,0.9197151725604302,0.9309941634841827,0.9236947791164659,0.9222008493095591,0.8743947322475387,0.8864495921939707
46,0.007215403734461334,0.012522232305726307,,False,0.9580279144492418,0.9534994626736252,0.919953523562896,0.9314024825548317,0.9216867469879518,0.9200602056809765,0.8708236194203913,0.8827164525360229
47,0.007038491951588102,0.012286444461393962,,False,0.9587307962646852,0.9531269852754709,0.9222713597534761,0.9331507011672042,0.9236947791164659,0.9223483275250993,0.8743876968165888,0.8864837294385042
48,0.007133817857605929,0.012511423292100166,,False,0.9586303845767647,0.9536267918872124,0.922549301190647,0.933590023135425,0.9244979919678715,0.923344521235864,0.8767067558513271,0.8889911324139967
49,0.006835454123169779,0.01228327821992132,,False,0.9618435585902199,0.956475603406449,0.9289410854094401,0.9392144654120848,0.9244979919678715,0.9229778628691567,0.8751204115623126,0.8871851815991312
50,0.006793754019591378,0.012302041783500141,,False,0.9612410884626971,0.9563364678172969,0.9275175244548394,0.9380983931582451,0.9228915662650602,0.9185060648439602,0.8770031584473557,0.8886970270494462
51,0.0066468113174024636,0.012119508728077166,,False,0.9619439702781404,0.9572929381886731,0.9298740805553639,0.9401431287636274,0.9248995983935743,0.9236458560569556,0.8772115075033878,0.8894230126000549
52,0.006584077540440555,0.012098474482747142,,False,0.9627472637815042,0.9586038132010314,0.9306132416332255,0.9410517511274823,0.9244979919678715,0.9228594905796074,0.8751660803765275,0.8871612446720022
53,0.006510433057681012,0.012056265184322087,,False,0.9624460287177428,0.9579683190049424,0.9320039201184063,0.9419344554375895,0.9240963855421687,0.9196837788544351,0.8781353237329077,0.8898386515687816
54,0.006510978166760077,0.01213445062252281,,False,0.9627472637815042,0.9587178829507721,0.9314535147945612,0.9417571796087039,0.9261044176706827,0.9248202587176356,0.8782889879294272,0.8905866709897244
55,0.006335203395931858,0.011999058856548221,,False,0.9636509689727885,0.958427967933717,0.9331279450708531,0.9428710864586216,0.9228915662650602,0.915870141416365,0.8787438770920846,0.8898945268667949
56,0.00634360963889777,0.011961314899373464,,False,0.9630484988452656,0.9580170844469306,0.9329754137319303,0.9426360496053849,0.9248995983935743,0.9172845365902685,0.8788978322089682,0.8899949953193441
57,0.006190094408627047,0.01195884550852506,,False,0.9644542624761522,0.9591926751794906,0.9342825196588878,0.9439230614857743,0.9244979919678715,0.9236011847436902,0.8785564833548354,0.8908802958061514
58,0.006231323925890942,0.011888296431286432,,False,0.9642534391003112,0.958699243463966,0.9353615491802638,0.9445411554198506,0.9253012048192771,0.9169061778950548,0.8860405211053094,0.896403162429795
59,0.006056539060527396,0.011907669350763875,,False,0.9651571442915955,0.9604972548433408,0.935341546645284,0.9450948265627699,0.9261044176706827,0.9219398498687195,0.8816476211311034,0.8934467469445416
60,0.006080032472898792,0.011957880198549917,,False,0.9651571442915955,0.95994972399889,0.9357762831061839,0.9452334499011764,0.9281124497991968,0.9242922773854845,0.8851912814558639,0.8969984594628018
61,0.005947639611527342,0.011798867781560292,,False,0.9658600261070388,0.9608054208897538,0.938095094958897,0.947159105809361,0.9265060240963855,0.9227242071290197,0.8837419693151544,0.8955541684508559
62,0.005920740174835887,0.011868772906583459,,False,0.9662616728587208,0.9612839043471949,0.9393272748789392,0.9481550631545702,0.9261044176706827,0.919366263641981,0.8834454541086152,0.89458197487368
63,0.0058319827734992415,0.011854353354629619,,False,0.9664624962345617,0.9630788089427997,0.9386590024676453,0.9482706981164303,0.9261044176706827,0.9254553615312544,0.8817068998021013,0.8941700258967855
64,0.00574532333033977,0.01181433555529844,,False,0.9677678481775278,0.9617670741846798,0.9419412603706679,0.9500995527925691,0.9273092369477912,0.9210456429475925,0.8860975329075221,0.8972375790715551
65,0.005651549270804555,0.01176183138814443,,False,0.967366201425846,0.9629453568404079,0.9411764484777101,0.9499770612315805,0.9261044176706827,0.9193594121413966,0.8834513282778567,0.8945805105893516
66,0.005639591177130186,0.011693303468076947,,False,0.9672657897379255,0.963518883718883,0.9415037164176285,0.9503927995515166,0.9265060240963855,0.9197591539005272,0.8838209236299506,0.8949682328217011
67,0.005558690395894512,0.011659137949346225,,False,0.9686715533688122,0.966421077896827,0.9419438743666034,0.9516331144220183,0.9261044176706827,0.9220106499807704,0.8817052066910516,0.8935024750327641
68,0.005513879578774051,0.011713141860670736,,False,0.9682699066171302,0.9633814994421819,0.9432743737083518,0.9515538214924758,0.9261044176706827,0.9202701180703377,0.8867617440960001,0.8977710302942027
69,0.0055342092091845395,0.01173568255543876,,False,0.969073200120494,0.9652484980066333,0.9440045171843513,0.952673480432249,0.927710843373494,0.924392275086126,0.8865863697329285,0.8983473487743261
70,0.005504729639153586,0.011821090679157997,,False,0.9681694949292098,0.9653890878315361,0.9419182701135793,0.9512969673028908,0.9261044176706827,0.9228885152127104,0.8849832034355266,0.8968174143694314
71,0.005306282319959023,0.011642037484968002,,False,0.9693744351842555,0.9670930884747853,0.9430081472278479,0.9525924065871174,0.9273092369477912,0.9268463549477642,0.8844250267326793,0.8969469685076918
72,0.005269110949611848,0.011677213717963333,,False,0.9703785520634601,0.9652384899865434,0.9485491997846182,0.9556976080081885,0.9289156626506024,0.9182931395162459,0.8909140579935324,0.900573848213548
73,0.005196744137904349,0.011676579317857778,,False,0.9707801988151421,0.9667042992523514,0.9497652439877758,0.9570221750481116,0.9281124497991968,0.9233253233408037,0.8936794946118091,0.9042003248723854
74,0.005104843546733615,0.011577901125820236,,False,0.970981022190983,0.9668995180468261,0.9503767380501533,0.9574826690748619,0.9289156626506024,0.9236432174858548,0.8927633482910247,0.9034769108525246
75,0.005068416312440437,0.011607704330126119,,False,0.971181845566824,0.9666388039811691,0.9509812195988209,0.9577581477657121,0.9281124497991968,0.9257218247270718,0.8919985122261287,0.9034214980001476
76,0.0050537824620912695,0.011537946784089675,,False,0.9710814338789036,0.9670517657936346,0.9508864657854379,0.9578574024773947,0.9281124497991968,0.9203774523606223,0.8919514904412195,0.9020285385113448
77,0.005300682908641706,0.011753642316521075,,False,0.9697760819359373,0.9677985765827466,0.9471649130352117,0.9557265803972336,0.927710843373494,0.9215222929497647,0.8864454103571763,0.8976771036518696
78,0.004979264825403699,0.011594395061277631,,False,0.9716839040064263,0.9691424456602683,0.9514391479025347,0.9589978822387367,0.9289156626506024,0.921170489078188,0.8927295275240361,0.9028224677853101
79,0.004894157010405819,0.011651009439757231,,False,0.9716839040064263,0.9691194702094467,0.9514344612317748,0.9589851711306818,0.9281124497991968,0.9229609089211165,0.8919096082320448,0.9026685609898067
80,0.004974694109876949,0.011652961569282477,,False,0.971181845566824,0.9701367408227889,0.9488902134617173,0.9576646470344277,0.9289156626506024,0.9263953115768023,0.8926444186174763,0.9040579182050013
81,0.004793820030218598,0.011557819766922512,,False,0.9713826689426649,0.9683245481787299,0.9511626254945126,0.9585121412754697,0.9285140562248996,0.9208680015865797,0.8923244440817995,0.9024176347400394
82,0.004762622451969689,0.011558062434222898,,False,0.9718847273822673,0.9688397417160246,0.952036185753554,0.959261772537174,0.9285140562248996,0.9207841925408496,0.8923160327454254,0.9023880876354444
83,0.004717022629989577,0.01147004203606927,,False,0.9719851390701878,0.9704450475389658,0.9512863452315413,0.9593704321086377,0.9313253012048193,0.9284727274696826,0.8948551224649667,0.9063079199324745
84,0.004705610129372466,0.01156768495915379,,False,0.9718847273822673,0.9672826182090808,0.9516226239419494,0.9584012989256916,0.9301204819277108,0.924809143204352,0.8938991496436777,0.9045974083701687
85,0.004689927754164656,0.011496083700070507,,False,0.9720855507581082,0.9700447535470512,0.9518058236666573,0.959558812119552,0.9285140562248996,0.9206716369150167,0.8923241369404759,0.902385909737486
86,0.0046373779797618244,0.011594866039676214,,False,0.9725876091977106,0.9715536113510299,0.9522744649379502,0.9604144862652109,0.9285140562248996,0.9233209862421149,0.8923332752522435,0.9030594494880323
87,0.00459598044161593,0.01143876618699336,,False,0.9723867858218697,0.9703089484969253,0.9525164048497758,0.9601080630336666,0.9289156626506024,0.9239673722098204,0.8944837388536462,0.9049469231413578
88,0.004611164784497315,0.01158190888234188,,False,0.972888844261472,0.9697520955172253,0.9529695680858519,0.9601936308232342,0.9289156626506024,0.9236701081631318,0.8926691901532394,0.9033788769868204
89,0.004566247466464821,0.011643145340450531,,False,0.9724871975097902,0.9679087387188159,0.9525926724486398,0.9592522024846966,0.9293172690763052,0.9220084155471748,0.8947573206106276,0.9045742961787872
90,0.004464142842108922,0.011531894590905612,,False,0.972888844261472,0.9697439584484706,0.9529677471095273,0.9601794229432657,0.9313253012048193,0.9237836829186175,0.8966292624246491,0.9064354807287491
91,0.0044460329190351465,0.011539990522579754,,False,0.9731900793252335,0.9715531819213494,0.9528420111949298,0.9607633270739089,0.929718875502008,0.9270710579944564,0.893475482623479,0.9048540234343923
92,0.004385607400158979,0.011521256929310046,,False,0.9731900793252335,0.9705116250597103,0.9528153814071957,0.9603688196687933,0.9301204819277108,0.9222407298190952,0.893820794972387,0.9038591244043472
93,0.004358520918931017,0.011465651849053802,,False,0.9735917260769154,0.9719806628949897,0.9540322789212765,0.9617014700826595,0.929718875502008,0.9218054504341163,0.8934915142150572,0.9035536444449048
94,0.004369817673555644,0.011495689846908935,,False,0.9736921377648359,0.9725656431654739,0.9537230218664678,0.9617069738920883,0.9301204819277108,0.9274340156843167,0.8938464161270164,0.9052640097364275
95,0.004289507969573544,0.011486821780218212,,False,0.9736921377648359,0.9705112871956025,0.9541393459236092,0.9612113248583403,0.9309236947791165,0.923407626822957,0.8962487449208439,0.906061204656578
96,0.004265241993599709,0.011417072855479942,,False,0.9741941962044381,0.9725368473349219,0.9545786151041492,0.9622474427079681,0.9309236947791165,0.9257527622643109,0.8962268836524532,0.9067350210716921
97,0.004252216568164875,0.01148968171424303,,False,0.9740937845165177,0.9713610686657087,0.9540729572467956,0.961479667251386,0.9305220883534137,0.920196701754527,0.8941607942728914,0.9035493944993583
98,0.004286016192796665,0.011626849264406285,,False,0.9742946078923587,0.9716324769803085,0.9555307561576031,0.9625203479294184,0.929718875502008,0.9218432932579768,0.8934509994288228,0.9034949294825277
99,0.00419539868292794,0.011431870372292912,,False,0.9743950195802792,0.9712083045796346,0.9551932509926492,0.962144732607718,0.9313253012048193,0.9208664088406677,0.8948408781303984,0.9042757029555308
100,0.004184207086318269,0.0115307119638192,,False,0.9741941962044381,0.9714666930818984,0.9545860558500636,0.9618496532150351,0.9305220883534137,0.9258079577889302,0.8976170536738842,0.907847824829532
101,0.004120739774840832,0.011452952100173159,,False,0.974796666331961,0.9736430392249991,0.9555629771217311,0.9632878418997959,0.9313253012048193,0.9232881247976528,0.8948709326743813,0.904932331876475
102,0.004103948473312327,0.01151089930799808,,False,0.9748970780198816,0.9717094349116017,0.9560728946473085,0.9628847116351003,0.9317269076305221,0.9222573097705092,0.8986752214008509,0.9075892112979402
103,0.0040694660295663865,0.01145091607686921,,False,0.9750979013957225,0.9718774951951826,0.956255209582415,0.9630607169263098,0.9313253012048193,0.9208070516680302,0.894830293973325,0.9042310368686233
104,0.004084071122070605,0.01150244349159305,,False,0.974997489707802,0.9717759913429863,0.9561619956945648,0.962962382081191,0.9301204819277108,0.9207643454425681,0.8972294837741607,0.9061217107706292
105,0.004017622345700564,0.011454340463360232,,False,0.9748970780198816,0.9716958809875975,0.9560711359529631,0.9628790729626675,0.9317269076305221,0.9218178989591479,0.8969272819529528,0.9061203491272796
106,0.003982810936743735,0.011452053044075696,,False,0.9750979013957225,0.9718895830250283,0.956255209582415,0.9630680539377194,0.9305220883534137,0.920154862543827,0.8941936510499411,0.9035765070779954
107,0.004018139966698598,0.011495133721730404,,False,0.9750979013957225,0.9733968409829511,0.9562707698421291,0.9636479382040708,0.929718875502008,0.9243220789376784,0.8934403261912076,0.9041461700789076
108,0.003956533410427026,0.011435860255693915,,False,0.9753991364594838,0.9721822050479084,0.95696028023159,0.963619825143095,0.9309236947791165,0.9204293435205998,0.894549419388813,0.9039141127980188
109,0.003925535072024816,0.011421992260024667,,False,0.9754995481474044,0.9748274839008195,0.9566302942094284,0.9644103921619226,0.9321285140562249,0.9264217207947514,0.8956404438928293,0.9063441684115612
110,0.003939465443096797,0.011520605181679012,,False,0.9752987247715634,0.9731020028153109,0.9568704763570332,0.9639239166404556,0.9313253012048193,0.9257302662733786,0.8948122337622196,0.9055569060164905
111,0.003893550547512269,0.011449701874347757,,False,0.9753991364594838,0.9731695249132777,0.9565294678966778,0.9637314804969334,0.9313253012048193,0.9256697266584898,0.8948947402202053,0.9055836698512851
112,0.00391243218548493,0.011408485727073894,,False,0.9754995481474044,0.9723248201463197,0.9574694554776342,0.9639867888817286,0.9325301204819277,0.9229109407867286,0.8994260578150772,0.9082818284317794
113,0.003856367264345891,0.011511207884328994,,False,0.9755999598353249,0.9723993720886889,0.9571338509155513,0.963813611698733,0.9317269076305221,0.9217711010346387,0.8969010021144597,0.9060937325771368
114,0.0038639165736281487,0.011444421272826953,,False,0.9757003715232453,0.9724915607597531,0.9572317594186777,0.9639119326229415,0.9313253012048193,0.9208300210500497,0.8948503352961433,0.9042639617124402
115,0.0038077151273258995,0.011418108748730244,,False,0.9757003715232453,0.9739901087399581,0.9572235474147107,0.9644858215150813,0.9317269076305221,0.9211881754715505,0.8952547757781102,0.904643075440075
116,0.0038375579785235032,0.011423175824975608,,False,0.9754995481474044,0.972790375344473,0.9570363319591364,0.9639102199173676,0.9317269076305221,0.9189391484279743,0.8951726464013297,0.9039727740450467
117,0.003770987357475581,0.011398748296412624,,False,0.9758007832111658,0.9730897646530049,0.9577386234811363,0.9644531234054852,0.9309236947791165,0.9233070353883561,0.896270388128453,0.9060640844925065
118,0.0037549049850152364,0.011391587280792922,,False,0.9758007832111658,0.9725690022705228,0.9573205138818852,0.9639957198055215,0.9329317269076305,0.9205269531677397,0.8979977005962468,0.9065196386092116
119,0.0037284953247764896,0.011378772030021616,,False,0.9759011948990862,0.9731679742711284,0.9578325466519826,0.9645390896111906,0.9321285140562249,0.9268409364048007,0.8973243005359374,0.9077999413129295
120,0.0037080997118357204,0.011416202668446031,,False,0.9761020182749272,0.9728804044426358,0.9580135126815174,0.9645471715168134,0.9333333333333333,0.9254991053512143,0.898410906469851,0.908209886686591
121,0.0036805844085880017,0.011379953459853445,,False,0.9760016065870067,0.9727790600073476,0.9579347461303844,0.9644546720228961,0.9317269076305221,0.9238999380285926,0.8969776259207198,0.9067469521988245
122,0.0036768810220829287,0.011438959422794135,,False,0.9762024299628477,0.9729415521561796,0.9581028196339653,0.9646193631001734,0.9309236947791165,0.9210407661805959,0.8961935462614112,0.9053702695975407
123,0.0037030176603003485,0.011432250734273475,,False,0.9760016065870067,0.9737820013611418,0.9579310860412272,0.9648432602360053,0.9333333333333333,0.9278934406065097,0.898477380405353,0.9089179861316943
124,0.0036330044933716747,0.011386640865432883,,False,0.9763028416507682,0.9730690912543992,0.9581908648141767,0.9647304302918709,0.9313253012048193,0.9213721771592771,0.8965674088325378,0.9057394807981157
125,0.0036016003293902177,0.011380650996430994,,False,0.9764032533386886,0.9736605236864402,0.9582853395441386,0.9650141070306338,0.9317269076305221,0.9238670969389801,0.8968900799627484,0.906682901321978
126,0.0035877824132876,0.011420982144198998,,False,0.9764032533386886,0.9731451006650952,0.9582962051885766,0.9648200873535061,0.9321285140562249,0.9243596354028223,0.8972898189393675,0.9071010380990047
127,0.0035649344942780153,0.011366345197187428,,False,0.9764032533386886,0.9736399673055054,0.958289955762537,0.9650092758663403,0.9313253012048193,0.9261277303351739,0.8966051332852563,0.9070778424736924
128,0.003564117410995174,0.011342387682879117,,False,0.9762024299628477,0.9734549232991626,0.958113685278403,0.9648277359130836,0.9309236947791165,0.9233435988654486,0.8961922823712585,0.9060334575075637
129,0.0035721890811352104,0.01136240283730018,,False,0.9763028416507682,0.9740311449455543,0.9582075291222468,0.9651067608852747,0.9313253012048193,0.9261292946529127,0.8965924556341925,0.9070640740285005
130,0.0035452917850493744,0.011363584656713428,,False,0.9765036650266091,0.9737583818986663,0.9583889350179385,0.9651203378178812,0.9337349397590361,0.9235842872480728,0.8986848198847035,0.9078809015430941
131,0.0035202755785550626,0.011349157444474078,,False,0.9768049000903705,0.9740198223983894,0.9586533300092864,0.9653786122360061,0.9313253012048193,0.9235474142726103,0.8965591179939193,0.9063623806323142
132,0.0035185009327777382,0.011410600620606878,,False,0.97670448840245,0.9744480159340831,0.9585646539429568,0.9654967556041036,0.9321285140562249,0.9270434906436967,0.8973152547217776,0.9078210247474264
133,0.0034852551252699043,0.011380079513277621,,False,0.9771061351541319,0.9738508899002086,0.959757795308255,0.9659941253988795,0.9325301204819277,0.9247600344763813,0.8976761249489383,0.9074632879746266
134,0.0034772487431066913,0.011332356242183199,,False,0.9773069585299728,0.9740199910259657,0.959526914028199,0.965915016661183,0.9309236947791165,0.9209391352964789,0.8961926594524636,0.9053613180054518
135,0.0034606439240152673,0.01131967254015936,,False,0.9770057234662115,0.9741628707243206,0.9584204218477144,0.9652811345916099,0.9313253012048193,0.9239502878295703,0.8982706604211285,0.9078137971202719
136,0.0034289001491227,0.011336101970157806,,False,0.9770057234662115,0.9741542501570435,0.9584141724216748,0.9652793306521935,0.9325301204819277,0.924759386743163,0.8977222110844997,0.9075137545808379
137,0.0034141742254397396,0.01133432755884666,,False,0.9772065468420524,0.9743689234435087,0.9590148812581017,0.9657346160395536,0.9317269076305221,0.9240124730718173,0.8968973643077943,0.9067353963613153
138,0.0034234890578485142,0.011339714244518882,,False,0.9773069585299728,0.974470186439189,0.9590973078983919,0.9658266488667994,0.9337349397590361,0.9258419556113265,0.8987315637997858,0.9085473090170376
139,0.0033838869449191494,0.01129813660261413,,False,0.9773069585299728,0.9744762865410155,0.9590973078983919,0.965830381086155,0.9325301204819277,0.9224906055174924,0.8976784321557388,0.9068559185411789
140,0.0033771529724902155,0.011312571815432111,,False,0.9773069585299728,0.9744984198774946,0.9595313263630154,0.9661134168301976,0.9329317269076305,0.9251829358328192,0.8979743213669766,0.9078173464480668
141,0.0033559935724832924,0.0112978407953237,,False,0.9775077819058139,0.9756632980040081,0.9592839708647259,0.966403457263574,0.9329317269076305,0.927558044650859,0.8980191669141209,0.9085007373625458
142,0.003348629807862049,0.011221943744302229,,False,0.9773069585299728,0.9754671654717529,0.9586785674130227,0.9659507113982558,0.9321285140562249,0.9220308315906239,0.8972445759289835,0.9064554695195667
143,0.0033172662278579024,0.011298461379793727,,False,0.9775077819058139,0.9746721728674328,0.9597026329532172,0.966281777656016,0.9325301204819277,0.927168616824281,0.8976334012363757,0.9081377810577792
144,0.003307473480762789,0.011271245994244977,,False,0.9776081935937343,0.9747642169959487,0.9597850595935074,0.966368763273264,0.9325301204819277,0.9224274277488402,0.8976372794746528,0.9068153070420468
145,0.003298832451712108,0.01127644901543984,,False,0.9778090169695752,0.9749787345037413,0.9599561623001271,0.9665640576233349,0.9329317269076305,0.9228288234010326,0.8979682499259661,0.9071881274581339
146,0.003284138442833177,0.011256876281539487,,False,0.9780098403454162,0.9756483175061236,0.960153847704655,0.9669444824621396,0.9329317269076305,0.9275252556337377,0.8979871249216578,0.9084979640379065
147,0.003267059429723418,0.011315481973329882,,False,0.9780098403454162,0.976146409062888,0.960153847704655,0.9671362501724992,0.9337349397590361,0.928295112684832,0.8987244257403919,0.9092528960883263
148,0.003259151756077546,0.011298980688338307,,False,0.9780098403454162,0.9751319678333227,0.9601647917459708,0.9667466570751648,0.9321285140562249,0.9243775626303852,0.8972632740349403,0.9070911239543441
149,0.0032600173439880455,0.011319894303042068,,False,0.9779094286574957,0.9750523325105167,0.960060477023049,0.9666559225329977,0.9321285140562249,0.9198406499162048,0.8973097457341913,0.9058328950484628
150,0.003243124157225865,0.011271617206949401,,False,0.9779094286574957,0.9750721267063182,0.960060477023049,0.9666635001846073,0.9333333333333333,0.9209706941425024,0.8982842576410138,0.9068839610236079
151,0.0032672091670092307,0.011338294575102053,,False,0.9779094286574957,0.9750656523350502,0.9600542275970094,0.9666526552825524,0.9325301204819277,0.9224545388533986,0.8976526192921234,0.9068269150836856
152,0.0032085422150216177,0.011289066821245359,,False,0.9779094286574957,0.9760390296974116,0.9600651716383253,0.9670333265284486,0.9325301204819277,0.9271531430335026,0.8976398072549583,0.9081197237672366
153,0.0031913000154485376,0.011293841910548864,,False,0.9780098403454162,0.9751431431788138,0.960153847704655,0.9667448820739839,0.9333333333333333,0.9279149310302949,0.8983689063156157,0.9088736498164671
154,0.0031999770887737224,0.011279589485604487,,False,0.9780098403454162,0.9756235778033676,0.960153847704655,0.966932044208829,0.9329317269076305,0.9228095429221406,0.8980248408918919,0.9071847931034911
155,0.003188594923818605,0.011342494090459595,,False,0.9781102520333367,0.9752518964111161,0.9606658804747522,0.9671066611224342,0.9325301204819277,0.9204188207591127,0.8976244674374875,0.9061958995728663
156,0.00315472782382572,0.011284433535995834,,False,0.9780098403454162,0.9761479013149148,0.960153847704655,0.967136111975358,0.9329317269076305,0.9275670714375575,0.8980062488314454,0.9085025927973651
157,0.003158840816069051,0.011301832811362699,,False,0.9782106637212572,0.9753376538868292,0.9603269772927909,0.9669306657441792,0.9325301204819277,0.9224137439263893,0.8976008273945713,0.9068210866772178
158,0.0031388165433854525,0.011309711482532866,,False,0.9783110754091776,0.9754551247007393,0.9608390100628882,0.9672908830281597,0.9321285140562249,0.9220979172606998,0.8972644318795828,0.9064601253499678
159,0.0031287437643226215,0.011269249526464957,,False,0.9782106637212572,0.9753408948388738,0.9603269772927909,0.9669310648380967,0.9325301204819277,0.9247596202884255,0.897644949383388,0.9075025689624092
160,0.0031253722676372452,0.01130140975243767,,False,0.9784114870970981,0.9760746266967908,0.9609328539067321,0.9675909579847644,0.9325301204819277,0.9188122747801413,0.8993220450483072,0.9069712951078341
161,0.003104544756538161,0.011264260674859106,,False,0.9783110754091776,0.9764679026701053,0.9608390100628882,0.9676916249699006,0.9325301204819277,0.9224529050673387,0.8976455872782396,0.9068345705546821
162,0.0030887143891461847,0.011298169279130365,,False,0.9783110754091776,0.9759632636559457,0.9608390100628882,0.967492936444562,0.934136546184739,0.9243379461641168,0.9008006309695625,0.909696845400674
163,0.003104624995804251,0.01132572500639439,,False,0.9785118987850185,0.9761966046533921,0.9614397188993151,0.9679580234987046,0.9325301204819277,0.9225282432923331,0.8976239440706306,0.9068384720207295
164,0.003080548792252281,0.011275358985288053,,False,0.9784114870970981,0.9775948022335162,0.9609323023476163,0.9681845540880292,0.9329317269076305,0.9207544694622661,0.8980253727412332,0.9065943345596144
165,0.0030729179959752676,0.011306091540517644,,False,0.9786123104729391,0.9742814683626153,0.9615377057993195,0.9672438886707929,0.9325301204819277,0.9170310202589602,0.8993386496602737,0.9063780803934546
166,0.0030432664540646736,0.01130033815405537,,False,0.9786123104729391,0.9762610290048779,0.9615381789615574,0.9680381224263629,0.9325301204819277,0.9202982383531769,0.8976385433648054,0.9061925435611875
167,0.0030374937000849614,0.011312167322214902,,False,0.9787127221608595,0.9753580713866611,0.9616315496431633,0.9677345842934181,0.9329317269076305,0.9211688726515709,0.8996961565335297,0.9079556949134534
168,0.003034029306799161,0.011308017127258834,,False,0.9790139572246209,0.9761933068733304,0.9623146851198805,0.9684898780084159,0.9321285140562249,0.9198994458002385,0.8972453079697951,0.9057995842676517
169,0.003013917610913707,0.011282092909442399,,False,0.9789135455367005,0.9755532279727961,0.9618026523497831,0.9679192898962269,0.9325301204819277,0.9169629544437155,0.8993098590064432,0.9063581777408444
170,0.00300619718032088,0.01128757680639068,,False,0.9790139572246209,0.9771570473948612,0.9618960230313891,0.968612689166275,0.9325301204819277,0.9208791094444996,0.8993156390297246,0.9076208991603342
171,0.0030088523418829644,0.01128839767476553,,False,0.9790139572246209,0.9781712414946715,0.9619016316051846,0.9690072948367211,0.9321285140562249,0.9203801017521628,0.8989490829252428,0.9072246906415935
172,0.0029880327023226187,0.011276356159595274,,False,0.9793151922883824,0.9784520017058266,0.9625894616971782,0.969547363184689,0.9317269076305221,0.9196091044944763,0.8968985136699525,0.9054838574153048
173,0.002975536856890669,0.011275060492138916,,False,0.9792147806004619,0.9783392687546564,0.9620882945715186,0.9691888671090604,0.9325301204819277,0.9202750098838786,0.8976263573229415,0.9061872968121847
174,0.0029630845346913515,0.01131258344832802,,False,0.9796164273521438,0.9762436491764785,0.9628784125049178,0.9688458301694995,0.9333333333333333,0.9215677397822604,0.9000702680187523,0.9083352594450278
175,0.0029651849788030777,0.01133878614762744,,False,0.9796164273521438,0.9792717081540244,0.9628757447711577,0.970044356406171,0.934136546184739,0.9263567132672558,0.8991362531958487,0.9089745751572542
176,0.002938748529502746,0.01126928486123758,,False,0.9798172507279848,0.9779027628177585,0.9630514636961759,0.9696172610614404,0.9325301204819277,0.9164199691576663,0.8976250934327887,0.9049884584524089
177,0.0029623064415893957,0.011327269918458345,,False,0.9798172507279848,0.9783874363185786,0.9630556851492142,0.9698085966651556,0.9329317269076305,0.9208977713753919,0.898028101617352,0.9066201585128711
178,0.0029289123920915837,0.011285860227550494,,False,0.9800180741038257,0.9786342502972337,0.9636522509294808,0.9702766104815882,0.9337349397590361,0.9219518830393886,0.9004269368056868,0.9087301763232261
179,0.0029045685739294935,0.011288244554961174,,False,0.9802188974796666,0.9788292395907671,0.964268441628744,0.9707312669150596,0.9329317269076305,0.9196664369114116,0.9013674636926834,0.9086905234468396
180,0.0029008709647490253,0.011293507734342758,,False,0.9800180741038257,0.9785931109917628,0.9636631165739187,0.9702635958851791,0.9349397590361446,0.922055820115435,0.9049202673946293,0.9118818542236947
181,0.002889948358471741,0.011267629226734667,,False,0.9803193091675871,0.9789303864255918,0.9643508682690342,0.9708236148432619,0.9333333333333333,0.919633905560667,0.9000568180867357,0.9077480251634277
182,0.002884050638613686,0.01130945331060931,,False,0.9802188974796666,0.9768617829993474,0.964257654381184,0.9699294458063668,0.9345381526104418,0.9236191139863696,0.9045608697315762,0.9121656160036513
183,0.0028632784139492776,0.011255208588011767,,False,0.9804197208555075,0.9795004853984446,0.9644442389506401,0.9711020673119878,0.9329317269076305,0.9216298016175593,0.9013540137606664,0.9093559401332878
184,0.002857100837747402,0.01128377395148513,,False,0.9804197208555075,0.9795361370943303,0.9644395443353638,0.9711170605039157,0.9329317269076305,0.9179818629238764,0.9013661998025305,0.9081227211962035
185,0.0028423241681515207,0.0112808479138386,,False,0.9805201325434281,0.9781004763630479,0.9645328366200919,0.9705976689143463,0.9333333333333333,0.9201021157216382,0.9017499865142798,0.9091061319742733
186,0.0028437408342445064,0.011326657780628722,,False,0.9805201325434281,0.9796015496898077,0.9645328366200919,0.9711977347282217,0.9321285140562249,0.9225642130317446,0.898942145057319,0.9078824084229373
187,0.0028278242478889594,0.011317486773872426,,False,0.9808213676071895,0.9793798531520296,0.9652316107534011,0.9715346298266913,0.9337349397590361,0.9191905485955123,0.9037915184378948,0.910136279847958
188,0.002804842813044944,0.011288297898201799,,False,0.9808213676071895,0.9794144549237447,0.9656502728418924,0.97180788459861,0.9333333333333333,0.918875198755909,0.9034212936734334,0.9098270151449176
189,0.0028009254872412744,0.011323258156578522,,False,0.9808213676071895,0.9794240541554343,0.9656502728418924,0.9718108622285734,0.9313253012048193,0.9177693787448571,0.8982166753208425,0.9059014210559975
190,0.0027909639696994644,0.01132210970845914,,False,0.9809217792951099,0.9800084177602008,0.9657409757897383,0.9720978698542778,0.9321285140562249,0.9204431534278572,0.898942145057319,0.9072226292459025
191,0.0027750897482885393,0.011319252124481153,,False,0.9809217792951099,0.9799950451664586,0.9657436435234984,0.9720967742649798,0.9333333333333333,0.9215475588706974,0.9000446320448717,0.908346075070336
192,0.0027559570580880494,0.011279688635659629,,False,0.9812230143588714,0.9802940335272249,0.9660210094376782,0.9723843590834067,0.9325301204819277,0.9188689248986981,0.8993073312261376,0.9070150107660174
193,0.002749502048237604,0.01127669882303511,,False,0.9810221909830305,0.9796181938135522,0.9658343464713443,0.9719999783875919,0.934136546184739,0.9232215296915621,0.9041516566242438,0.9117935123504003
194,0.00273693869748274,0.011294304638881128,,False,0.9810221909830305,0.9796174491708471,0.9658343464713443,0.9719967298506302,0.9333333333333333,0.922554227750412,0.9034181389934837,0.9110777485276961
195,0.0027448630302601995,0.011354470301223735,,False,0.9812230143588714,0.9802870832350153,0.9660210878345562,0.9723802078343589,0.9325301204819277,0.9209426594192952,0.8992662519019992,0.9076204274767338
196,0.0027141301156577025,0.011314158994614658,,False,0.9813234260467918,0.9809001954183435,0.9661097639008859,0.9726767745949945,0.9329317269076305,0.9233219402121478,0.8996839704916658,0.9086397520090339
197,0.0027111659080043386,0.011337520848502466,,False,0.9815242494226328,0.9810889271248351,0.9662922838110595,0.9728636571811796,0.9329317269076305,0.9213020131133087,0.8996391079795534,0.9079747144797068
198,0.0027064088639911547,0.01128652858258456,,False,0.9812230143588714,0.9808116494136804,0.9660163932192799,0.9725881736066493,0.9313253012048193,0.9177975120317576,0.8981842383778625,0.9058689758991816
199,0.0026870967354257736,0.011286392611041189,,False,0.9815242494226328,0.9810828406163998,0.9662969000294578,0.9728642090878902,0.9329317269076305,0.9192365326533101,0.8996628506509138,0.9073778969811295
200,0.0026803042787190033,0.01129500199611975,,False,0.9814238377347123,0.9804908588437564,0.9662036077447298,0.9725714035352172,0.9325301204819277,0.9188328212011143,0.8992946133349324,0.9069719673152338
201,0.002670593492112055,0.011300322871014316,,False,0.9814238377347123,0.9809676125995621,0.9662036077447298,0.9727596460560637,0.9321285140562249,0.9225352484342317,0.8989357475212206,0.9078777953739858
202,0.0026744148780145703,0.011336506094469123,,False,0.9815242494226328,0.9810843094106438,0.9662969784263358,0.9728636441474704,0.9325301204819277,0.9190202736464338,0.8992713940304289,0.9070330324205182
203,0.0026582423010367523,0.011371688113291806,,False,0.9814238377347123,0.9809812465593514,0.9662036077447298,0.9727648330613471,0.9321285140562249,0.9167906011867584,0.8989588472323113,0.9060328506372483
204,0.002641000994415812,0.011350550502064025,,False,0.9814238377347123,0.9804817687068864,0.9662036077447298,0.9725665769901668,0.9337349397590361,0.9225264339576711,0.9021023427766219,0.9101069429266566
205,0.0026369309266756086,0.01132893563348336,,False,0.9816246611105532,0.9811818862859298,0.9668043165811567,0.9732097389273936,0.9313253012048193,0.9197767908575938,0.8981753300264271,0.9065147530770221
206,0.0026238451404556173,0.011305116812782182,,False,0.9814238377347123,0.980975744932095,0.9662036077447298,0.972764844500128,0.9325301204819277,0.9208639521636456,0.8993180522820354,0.9076302450361449
207,0.002610043959840794,0.011302352698019555,,False,0.9816246611105532,0.9811742750385312,0.966808932799555,0.9732106193841042,0.9313253012048193,0.9177958987340753,0.8982388588602771,0.9059378384347221
208,0.0026018231048448087,0.011299030475900099,,False,0.9814238377347123,0.9809818382154051,0.9662036077447298,0.9727653921121381,0.9317269076305221,0.9200975615738256,0.8985494415116497,0.9068734209287838
209,0.002594677796334424,0.011311389844461148,,False,0.9814238377347123,0.9809691585004815,0.9662036077447298,0.9727596113253845,0.9317269076305221,0.9181742181293006,0.8985481776214971,0.9062596698239216
210,0.0025896566096551116,0.011272822881096009,,False,0.9815242494226328,0.9810789439941145,0.9662969000294578,0.9728619968363957,0.9321285140562249,0.9185173178267969,0.8989928618540035,0.9066677086888871
211,0.0025799680913771677,0.011303500499418383,,False,0.9817250727984738,0.9812693232647902,0.9664794992666338,0.9730479306595904,0.9317269076305221,0.9201276889317368,0.8985616275535138,0.9068885985397538
212,0.002572621570655795,0.011338113245978538,,False,0.9816246611105532,0.9811590715503316,0.9663862069819058,0.9729451213056792,0.9337349397590361,0.9240479529753212,0.9004567424355737,0.9093954563035059
213,0.002562928276213605,0.011346724395205985,,False,0.9817250727984738,0.981270609075234,0.9668982397520031,0.973302698758181,0.9325301204819277,0.9209164836664091,0.899309850523959,0.9076318439767331
214,0.00255704666932102,0.011315577634725443,,False,0.9817250727984738,0.9812915148870768,0.9668982397520031,0.9733130120933016,0.9317269076305221,0.918188300334596,0.8985768647425402,0.90626924056215
215,0.002546262874260853,0.011306424732929426,,False,0.9819258961743147,0.9814610299923687,0.9670848243214591,0.9734944821886296,0.9325301204819277,0.9188705327592689,0.8993289744337467,0.9070075054445869
216,0.0025421141068942927,0.011303098470636716,,False,0.9818254844863942,0.980866384840756,0.966991532036731,0.9731985981002672,0.9313253012048193,0.9160216769909506,0.8982053760879263,0.9052983503138263
217,0.0025316748168833464,0.011327906238736416,,False,0.9819258961743147,0.9814650142836565,0.9670848243214591,0.9734943597855542,0.9329317269076305,0.919334545867525,0.8996908998771054,0.9074112571020461
218,0.0025245956165915935,0.011337494241546023,,False,0.9820263078622352,0.9810243087343802,0.9671781950030651,0.9733721073134151,0.9329317269076305,0.9203844285672802,0.9031144942100346,0.9101207702323197
219,0.002527890820060379,0.01132762043435761,,False,0.9821267195501556,0.9816228248528454,0.9672714872877931,0.9736681574468887,0.9321285140562249,0.9205681450482212,0.8989761511965269,0.9073045746066872
220,0.0025028976395889187,0.011302630700971017,,False,0.9821267195501556,0.9816430100646265,0.9672714872877931,0.9736779797814946,0.9329317269076305,0.9213171530451516,0.8996921637672582,0.9080233621432515
221,0.002498779330370046,0.011283297825522709,,False,0.9822271312380761,0.9817153468291022,0.9673647795725212,0.9737612479826243,0.9333333333333333,0.9207360407838681,0.9034764196533934,0.910495583455766
222,0.0024926765652529487,0.01131699180420978,,False,0.9820263078622352,0.98105577242088,0.9671781166061871,0.973386598225873,0.9313253012048193,0.9183559880555016,0.8998837356429981,0.9072622529159461
223,0.002486403106956698,0.011288596881043913,,False,0.9823275429259966,0.9818328610885759,0.9678768123426185,0.9741217303092271,0.9325301204819277,0.9209771534911013,0.8993515265719023,0.9077046594837341
224,0.0024813814069345667,0.01133284978396952,,False,0.9821267195501556,0.9816381945658326,0.9672714872877931,0.9736753039313997,0.9325301204819277,0.9214414059724574,0.9009881040335205,0.9090388411450621
225,0.0024726783449479533,0.011315810537218796,,False,0.9822271312380761,0.9812179400294454,0.9673647795725212,0.9735629396774877,0.9329317269076305,0.9203580911448795,0.9030946467419196,0.9101123837512348
226,0.0024665088578275556,0.011323456563653215,,False,0.9822271312380761,0.9812340306006422,0.9673647795725212,0.973571068845357,0.9317269076305221,0.9206475293511436,0.9002778799685548,0.9082925286721674
227,0.0024628719585928736,0.011277705223537337,,False,0.9824279546139171,0.9819240450333518,0.9679706561864623,0.9742129959256922,0.9321285140562249,0.9210901601963629,0.9006718389218924,0.9087067840580814
228,0.0024581673945889312,0.011305561864152009,,False,0.9823275429259966,0.9813384376197553,0.9678768123426185,0.9739210896026541,0.9337349397590361,0.9221624096234046,0.9072117663818884,0.9134712205766691
229,0.0024466878204819436,0.011297312801361432,,False,0.9823275429259966,0.9813364627355252,0.9678768123426185,0.9739219325463837,0.9321285140562249,0.9205385443449069,0.8989736403811899,0.9072986573217894
230,0.0024436104503781776,0.011291612735907477,,False,0.9823275429259966,0.9818497139208134,0.9678772855048563,0.9741282694574935,0.9317269076305221,0.9201602097452342,0.8986053089192484,0.9069328368426898
231,0.002436441403119847,0.01127999969203854,,False,0.9822271312380761,0.9817103897149236,0.9673647795725212,0.9737600888896397,0.9321285140562249,0.9205025407892177,0.8989697451779443,0.9072847786264036
232,0.0024326423290425983,0.011294395015207393,,False,0.9824279546139171,0.9819409100592984,0.9679706561864623,0.9742208283269282,0.9325301204819277,0.9199934194997641,0.9027083492148331,0.9097741150706646
233,0.0024227031732510034,0.011328071131021652,,False,0.9823275429259966,0.9818314239954236,0.9678768123426185,0.9741211181836493,0.9337349397590361,0.9230146344650461,0.9038332029683223,0.9115132978716163
234,0.002415986126553959,0.011298429052922509,,False,0.9824279546139171,0.981400099956542,0.9679706561864623,0.9739994587211636,0.9337349397590361,0.923027835770141,0.9038332029683223,0.9115082586950751
235,0.0024128500319621654,0.011288867315702226,,False,0.9824279546139171,0.9819372537435272,0.9679706561864623,0.9742189813120934,0.9329317269076305,0.9217897148950261,0.9014027337220438,0.9094363327156493
236,0.0024230898977225714,0.011323636880089846,,False,0.982628777989758,0.9821084014404826,0.9685760596381656,0.9746509675582785,0.9329317269076305,0.9213625036734978,0.8997012778729473,0.9080347393733427
237,0.0023983878575535586,0.01129313020220011,,False,0.9825283663018375,0.9820409220125017,0.9684826889565596,0.9745722934163297,0.934136546184739,0.9234180004016738,0.9042246511063229,0.911916379448768
238,0.002396051154094563,0.01130224921043347,,False,0.9825283663018375,0.98154996512959,0.9684826889565596,0.974371970607905,0.9317269076305221,0.9206441209544914,0.9002868052849586,0.908299825577298
239,0.0023875778540640145,0.011277844423172709,,False,0.9827291896776785,0.9821935317770458,0.9686699034820094,0.9747409628634054,0.9333333333333333,0.9221294442240462,0.901783251225849,0.9097850409483917
240,0.002389856459619677,0.011323795223179844,,False,0.9827291896776785,0.981689810343296,0.9686699828090117,0.9745370308499572,0.9345381526104418,0.9242283471465291,0.9062624083244479,0.9135820759150229
241,0.0023788520805410242,0.011267983397766981,,False,0.982628777989758,0.9821089829716345,0.9685761389651678,0.9746542853345684,0.9317269076305221,0.9196709952151809,0.8969185380278025,0.9055365983794506
242,0.0023742475541826775,0.011245925981439921,,False,0.9827291896776785,0.9817161367008443,0.9686699828090117,0.9745489271475982,0.9345381526104418,0.924627994247598,0.9079560907320219,0.9148784737725545
243,0.002363120401799939,0.011258246764950693,,False,0.9827291896776785,0.9822104112704777,0.9686699828090117,0.9747520337734604,0.9317269076305221,0.9196673009631561,0.8969172826201339,0.905536532677496
244,0.0023577261584783334,0.011256996312964857,,False,0.9828296013655989,0.9822961293751707,0.9687638266528555,0.9748410688338431,0.9325301204819277,0.9203977346486629,0.8976655055905791,0.9062669587693735
245,0.002358634172735548,0.011243188411964358,,False,0.9827291896776785,0.9822158386625378,0.9686699828090117,0.9747541496343304,0.9317269076305221,0.919107192918671,0.8952312701212952,0.9040983073515577
246,0.0023472330906948334,0.011260846500747388,,False,0.9827291896776785,0.9821910055841596,0.9686699828090117,0.974741100291215,0.9329317269076305,0.9212441438905665,0.8997256380571249,0.9080313733573517
247,0.002343301637839882,0.01125771261132251,,False,0.9827291896776785,0.9822140790235913,0.9686699828090117,0.9747535171412106,0.9305220883534137,0.9185238071347553,0.8957962035721346,0.9043898531762002
248,0.0023407115023841097,0.0112490216052411,,False,0.9827291896776785,0.9817355448018275,0.9686699828090117,0.9745601671707098,0.9309236947791165,0.9180102849711387,0.8995373184243607,0.9069473209360661
249,0.00233247992497709,0.011234148520014354,,False,0.9828296013655989,0.9823039805009035,0.9687638266528555,0.9748434050050572,0.9333333333333333,0.921635961535038,0.9001010134325003,0.9084213484270995
250,0.002328185470582722,0.011271974738560267,,False,0.9828296013655989,0.9823123487724066,0.9687638266528555,0.9748474778225363,0.9329317269076305,0.9222695801397501,0.9031023081681708,0.9107772867272119
251,0.0023202249361665567,0.011250299379468583,,False,0.9827291896776785,0.9822294478788943,0.9686699828090117,0.9747602336716267,0.9321285140562249,0.9210550252683384,0.9006596528800286,0.9087066462896014
252,0.0023160728796231237,0.011243025501711662,,False,0.9828296013655989,0.9822853208222594,0.9687638266528555,0.9748348480992648,0.9329317269076305,0.9212612600412666,0.8997243826494563,0.9080322682644412
253,0.0023114794930063254,0.011264494865359234,,False,0.9828296013655989,0.9822905553122747,0.9687638266528555,0.9748375316968869,0.9325301204819277,0.9214537749676902,0.9010325089575826,0.9090680852917186
254,0.0023039605760135427,0.011240614355717033,,False,0.9828296013655989,0.9823027916907061,0.9687638266528555,0.9748441325901429,0.9329317269076305,0.9218008466263095,0.9014066204428052,0.9094461226172176
255,0.0023006487329703213,0.011230821072681283,,False,0.9829300130535195,0.9824024574270118,0.9692758594229528,0.9751909177134669,0.9329317269076305,0.9217835777759039,0.901407884332958,0.9094421323868228
256,0.00229511054826238,0.01122574987970337,,False,0.9829300130535195,0.9824020576591427,0.9692758594229528,0.975191683015062,0.9333333333333333,0.9221769146876425,0.9017807319280278,0.9098196265171653
257,0.002294911502916652,0.011225260975559516,,False,0.9829300130535195,0.9824037692672155,0.9692758594229528,0.9751914439567145,0.9337349397590361,0.9225112575195469,0.9021548434132503,0.9101788013662063
258,0.0022866797337611636,0.011223283613939792,,False,0.9830304247414399,0.9825053554893053,0.9693691517076809,0.9752907038913423,0.9325301204819277,0.9214204024575492,0.9010325089575826,0.9090773374404092
259,0.0022816952661509934,0.011221836588391598,,False,0.9830304247414399,0.9824870869539198,0.9693691517076809,0.9752816893724421,0.9329317269076305,0.9217626332863964,0.901407884332958,0.9094401530809828
260,0.0022791773180859142,0.01125266812163817,,False,0.9829300130535195,0.9823938144560073,0.9692758594229528,0.9751876857886804,0.934136546184739,0.923812596028445,0.9058959582654763,0.913207557909609
261,0.0022775424321154563,0.01121976270475124,,False,0.9830304247414399,0.9824786201420034,0.9693691517076809,0.975276316781266,0.9353413654618474,0.9253360303887812,0.9087030582947987,0.9155997829785169
262,0.002270959713067237,0.011202501730271893,,False,0.9830304247414399,0.9824823491514453,0.9693691517076809,0.975277899852213,0.9337349397590361,0.9224902112357528,0.9021561073034032,0.9101565756534445
263,0.002269734983797107,0.011216847619147914,,False,0.9830304247414399,0.9825097269766796,0.9693691517076809,0.97529398853009,0.9325301204819277,0.9195303470431325,0.9010325089575826,0.9084539811854536
264,0.0022619339098819864,0.011204435426238137,,False,0.9830304247414399,0.9824960649249815,0.9693691517076809,0.9752863925184394,0.9345381526104418,0.9227522693648478,0.9079548353243534,0.9141895138849717
265,0.0022627990720933268,0.01122443099677925,,False,0.9830304247414399,0.9829820145792991,0.9693691517076809,0.9754805021351998,0.934136546184739,0.9237884128504962,0.9058972221556291,0.9132020708266633
266,0.0022588250857837693,0.011213859282005896,,False,0.9831308364293604,0.9825929619626262,0.9698811844777782,0.9756306916267543,0.9353413654618474,0.9253041819788952,0.9087018028871301,0.9155985233563995
267,0.0022515396104101017,0.011228455503770015,,False,0.9830304247414399,0.9830010824846946,0.9693691517076809,0.9754918148648072,0.934136546184739,0.9238000913990283,0.9058972221556291,0.913216507003514
268,0.0022524313815652694,0.011247413015690056,,False,0.9832312481172808,0.9832015536960829,0.9699636111180685,0.975932398020749,0.9321285140562249,0.9219913932279901,0.9040254008393632,0.911366265184453
269,0.0022474174901482304,0.011191878616278211,,False,0.9832312481172808,0.9831933419242793,0.9699636111180685,0.9759277666671734,0.9337349397590361,0.9210900764707625,0.9038460150054873,0.9109073225333952
270,0.0022477525340021225,0.011234600289494433,,False,0.9831308364293604,0.98309962639546,0.9698811844777782,0.9758405013697582,0.9321285140562249,0.9191411100937652,0.900663548083274,0.9080816675834771
271,0.002237934162268451,0.011195198308163934,,False,0.9831308364293604,0.9826111616627001,0.9698811844777782,0.9756405304770909,0.934136546184739,0.9219581020229085,0.9058972221556291,0.9125481065479499
272,0.0022361005010599305,0.011193086144170564,,False,0.9831308364293604,0.9830806832059467,0.9698811844777782,0.975829985882792,0.9345381526104418,0.9241516923411284,0.9062713336408517,0.91357691824139
273,0.002233905969506504,0.011191956068220613,,False,0.9832312481172808,0.9832048960424468,0.9699636111180685,0.975933995501761,0.9337349397590361,0.9211056835587235,0.9038370896890835,0.9109055911934433
274,0.002233943265478711,0.011190889249474138,,False,0.9831308364293604,0.9825872230492111,0.9698811844777782,0.9756273118241054,0.9345381526104418,0.9241923652149229,0.9062904575506394,0.9135984049126675
275,0.0022282917702377697,0.011198731620087842,,False,0.9832312481172808,0.9827044247956128,0.9699636111180685,0.9757270615413395,0.934136546184739,0.9224210897563554,0.9075782045413094,0.9138334128166048
276,0.0022217508029057534,0.0111964512716813,,False,0.9832312481172808,0.9831994594769616,0.9699636111180685,0.9759289971558073,0.934136546184739,0.9238281014152189,0.9058959582654763,0.9132119313139633
277,0.002219807500460033,0.011179835869013473,,False,0.9831308364293604,0.9826150120836594,0.9698811844777782,0.9756420328161067,0.9337349397590361,0.9215997449105335,0.9055218467802537,0.9121839031013257
278,0.002217523590765602,0.01117652387630131,,False,0.9831308364293604,0.9825853645837468,0.9698811844777782,0.9756284303287386,0.9337349397590361,0.9215863127246612,0.9055218467802537,0.9121889434259756
279,0.0022143302434953194,0.01118670412570295,,False,0.9833316598052013,0.9827823801148554,0.9700569817996745,0.9758124580321001,0.934136546184739,0.9238146692293464,0.9058959582654763,0.9132169716386132
280,0.0022160667973218353,0.011159084370858876,,False,0.9832312481172808,0.9826848479013148,0.9699745551593841,0.9757207084235355,0.9345381526104418,0.9237064399655431,0.9046039132024595,0.9122775002213438
281,0.002207213090466263,0.011168720577645827,,False,0.9833316598052013,0.9832897933319035,0.9700569817996745,0.9760212560101861,0.934136546184739,0.9233717679743074,0.9042112011743062,0.9119146461542597
282,0.002204612398462452,0.011165640168233596,,False,0.9833316598052013,0.9832728071903628,0.9700569817996745,0.9760129245556582,0.9337349397590361,0.9215400496306968,0.9055218552627379,0.9121794212291197
283,0.0021997675491944356,0.011184331839858909,,False,0.9832312481172808,0.9831887735410072,0.9699745551593841,0.9759305345452872,0.9329317269076305,0.9203738967778486,0.9030901221263067,0.9101378891635272
284,0.0022020497455488607,0.011164273462118275,,False,0.9832312481172808,0.9826739455942225,0.9699745551593841,0.9757175257677745,0.934136546184739,0.9237817246674689,0.9059163460654168,0.9132116112335225
285,0.0021917906595814982,0.011163085010774685,,False,0.9832312481172808,0.983189530084771,0.9699745551593841,0.975930608139191,0.9333333333333333,0.9212090463122592,0.905147735295031,0.9118148253165371
286,0.0021931475624859618,0.01115976688583002,,False,0.9833316598052013,0.9832802941113601,0.9700569817996745,0.9760171601988419,0.9345381526104418,0.9241274385259862,0.9062713336408517,0.9135668908657356
287,0.002187652385135639,0.011131531115730018,,False,0.9833316598052013,0.9822982368491693,0.9700569817996745,0.9756120277641084,0.934136546184739,0.9217834151853574,0.9042176071928887,0.9114251169746166
288,0.002184618817179859,0.011161221815958465,,False,0.9833316598052013,0.9827914184411168,0.9700569817996745,0.975817231838304,0.9333333333333333,0.9212090463122592,0.905147735295031,0.9118148253165371
289,0.002179644052301697,0.01112750699464781,,False,0.9833316598052013,0.9822800579539721,0.9700569817996745,0.9756029743526631,0.9337349397590361,0.9210994859046097,0.9038370896890835,0.9108866561083501
290,0.0021746593713536737,0.011148813599970357,,False,0.9833316598052013,0.9832770544908411,0.9700569817996745,0.9760161151793886,0.9337349397590361,0.9210624979242037,0.9038370896890835,0.9108721844446416
291,0.002173324276514459,0.01112855978411176,,False,0.9833316598052013,0.9827722495386513,0.9700569817996745,0.9758060254253631,0.9337349397590361,0.9213150950779235,0.9038574774890241,0.9110214026769271
292,0.002170005723609513,0.011133466746911439,,False,0.9833316598052013,0.982306260265918,0.9700569817996745,0.9756168985966637,0.9337349397590361,0.9211394297670599,0.9038370896890835,0.9109082977924068
293,0.002167448450407346,0.011145666766944352,,False,0.9833316598052013,0.9827906730872683,0.9700569817996745,0.9758152567266138,0.9329317269076305,0.9202898796628798,0.9031010527605022,0.9101147280223351
294,0.0021640068542344063,0.011127403220460687,,False,0.9833316598052013,0.9822880708443148,0.9700569817996745,0.9756069533230427,0.9345381526104418,0.9222325412576318,0.9062378593509851,0.9128719422376531
295,0.0021630839862324604,0.011121594737961593,,False,0.9833316598052013,0.9827824206060087,0.9700569817996745,0.9758130123038455,0.9345381526104418,0.9236942591507342,0.9045865765496814,0.9122552583631595
296,0.0021570636876584275,0.011145548662934338,,False,0.9834320714931218,0.9823801046691089,0.9701509049705206,0.9757004720865425,0.9329317269076305,0.9203027421779171,0.9030688338783042,0.9100889404096643
297,0.0021568247454923813,0.011125400654763055,,False,0.9834320714931218,0.9823758067831767,0.9701509049705206,0.9756979142262776,0.9345381526104418,0.9240023530691297,0.9045942379759325,0.9124191915277142
298,0.002153403237042534,0.011111161924725993,,False,0.9833316598052013,0.9818088108847655,0.9700569817996745,0.9754099324105587,0.9345381526104418,0.9221450636370707,0.9045473137540492,0.9117625190837519
299,0.0021490143398320547,0.011114329573694584,,False,0.9833316598052013,0.9827867845361276,0.9700569817996745,0.9758143781497378,0.9345381526104418,0.9220646706797105,0.904560763686066,0.9117315185111905
300,0.00214731417950043,0.011101036894008768,,False,0.9833316598052013,0.9818074727992414,0.9700569817996745,0.9754066420168509,0.934136546184739,0.9217262736923735,0.9041879076085119,0.9113560213651645
301,0.002147492733539389,0.01112576350775579,,False,0.9833316598052013,0.9818135532452695,0.9700569817996745,0.9754126090023677,0.9329317269076305,0.9207239844790023,0.9031074587790848,0.9103273534495724
302,0.002140362544801746,0.011107630708363575,,False,0.9833316598052013,0.9827875432457238,0.9700569817996745,0.975814451901955,0.9349397590361446,0.9224536155165305,0.9049226891294246,0.9121113713447174
303,0.0021417484905223876,0.011122123137158135,,False,0.9833316598052013,0.982297670803853,0.9700569817996745,0.9756119439171146,0.934136546184739,0.9214635800680218,0.9041732022688266,0.9112313436249931
304,0.0021360939554229403,0.011104545440996394,,False,0.9833316598052013,0.9827923057903306,0.9700569817996745,0.9758180798533149,0.9349397590361446,0.9241797875955897,0.9049214252392718,0.9126568686608074
305,0.002134332498630506,0.01111818608790256,,False,0.9833316598052013,0.9827915587679945,0.9700569817996745,0.9758169435055787,0.934136546184739,0.9218006871857278,0.9041732022688266,0.9113971567834738
306,0.0021328744353073413,0.011078035821514102,,False,0.9833316598052013,0.9827813083672565,0.9700569817996745,0.9758113823223863,0.9349397590361446,0.9243950645512062,0.9049418130392124,0.9127811515028176
307,0.0021304839987545737,0.01110709081614686,,False,0.9834320714931218,0.9828681376918956,0.9701509049705206,0.9759006442703869,0.9349397590361446,0.9243801947646211,0.9049323558734671,0.912757086417544
308,0.0021284970483037794,0.011079971595976052,,False,0.9833316598052013,0.9827905053353541,0.9700569817996745,0.9758165068205464,0.9345381526104418,0.9240488716646076,0.9045594997959131,0.9124102363521612
309,0.0021251709587503044,0.011084338058400815,,False,0.9834320714931218,0.9823758046407919,0.9701509049705206,0.9756976985400131,0.934136546184739,0.9213920633879451,0.9042045207029624,0.9112029921264893
310,0.0021257570213970255,0.011081202590068439,,False,0.9834320714931218,0.9819062633547797,0.9701521111756257,0.9755050049338723,0.9333333333333333,0.9210765760553881,0.9034693842224435,0.9106922182569761
311,0.002118835066926599,0.011074300579238517,,False,0.9833316598052013,0.9827875432457238,0.9700569817996745,0.975814451901955,0.9337349397590361,0.921378769102962,0.90385568174953,0.91103790170937
312,0.002115581739898909,0.011079984109344765,,False,0.9834320714931218,0.9828698490670358,0.9701509049705206,0.9759026222727977,0.9349397590361446,0.9244034615167604,0.9049214252392718,0.9127765171599432
313,0.0021125709761424883,0.011065931436132078,,False,0.9835324831810422,0.9824718013073761,0.9702460343464718,0.9757943413262566,0.9337349397590361,0.9213569943064481,0.9038582010473513,0.9110171725589127
314,0.002110153320233165,0.011062820656911535,,False,0.9835324831810422,0.9824698650350518,0.9702460343464718,0.975793524401293,0.9337349397590361,0.9213361454209584,0.9038112768254679,0.9109882990285496
315,0.0021064934380923277,0.011037122437549195,,False,0.9834320714931218,0.9823781775268441,0.9701509049705206,0.9756988357223801,0.9345381526104418,0.918790269903669,0.9062886702936298,0.9116232005620066
316,0.0021064971014432055,0.011067763949233195,,False,0.9835324831810422,0.9829530764900556,0.9702460343464718,0.9759906332414386,0.9337349397590361,0.9236661810827118,0.9055404388407003,0.9129722642464002
317,0.0021025618758492848,0.011060520728573662,,False,0.9835324831810422,0.9829573721639984,0.9702460343464718,0.975993968966182,0.9337349397590361,0.9197389083912674,0.9055404388407003,0.9115052650103164
318,0.0020959732262196104,0.011037204390607751,,False,0.9835324831810422,0.9824718013073761,0.9702460343464718,0.9757943413262566,0.9349397590361446,0.921363020161928,0.9083340889380058,0.9139105233708354
319,0.002092820928124642,0.011016580644328791,,False,0.9836328948689628,0.9830686849843538,0.9707580671165691,0.9763451076744035,0.9353413654618474,0.9217020121488506,0.9087069450155598,0.9142642004171666
320,0.0020888126260467095,0.011021753724748697,,False,0.9836328948689628,0.9820895216722045,0.9707580671165691,0.9759352012976278,0.9345381526104418,0.9193216027827353,0.9079721719771313,0.9128915363136478
321,0.0020903835769025066,0.011017916638041577,,False,0.9836328948689628,0.9825684558213817,0.9707580671165691,0.9761358023527814,0.9357429718875502,0.9226061300138999,0.9107658135919527,0.9158891147231366
322,0.002082189092081731,0.01100686792516127,,False,0.9836328948689628,0.9830596893727344,0.9707580671165691,0.976339498775832,0.9357429718875502,0.9225612607954439,0.9107780081163008,0.9158651453567946
323,0.002079686377439506,0.011017295755154853,,False,0.9836328948689628,0.9825737584638953,0.9707580671165691,0.9761394706531199,0.934136546184739,0.9194604930763721,0.9093070921037807,0.9137643699675047
324,0.0020712763039637703,0.011009834289151891,,False,0.9836328948689628,0.9830585705661462,0.9707580671165691,0.976339737537472,0.9353413654618474,0.9206622440758488,0.9103582278168635,0.9148625752297731
325,0.002066779249854658,0.011001505701447874,,False,0.9836328948689628,0.9830654524257372,0.9707580671165691,0.9763435495071244,0.9353413654618474,0.9216825280319537,0.908677245431183,0.9142319482146518
326,0.0020625523576217096,0.010993041405566418,,False,0.9837333065568832,0.981724710748115,0.9712700998866663,0.9760805685443429,0.9349397590361446,0.9202258245805847,0.9099987156258157,0.9144921767862212
327,0.002057311893350681,0.011002024996540799,,False,0.9837333065568832,0.9826752077628012,0.9712700998866663,0.97647959852767,0.9337349397590361,0.9180545241458914,0.9055468448592828,0.9108936739530328
328,0.0020544036404552676,0.011011520543524759,,False,0.9838337182448037,0.9827737707951479,0.9713608028345122,0.9765746483350455,0.9345381526104418,0.9193437179443463,0.9079734273847999,0.9128976525389173
329,0.0020470117908708285,0.01097158412443178,,False,0.9837333065568832,0.982677659154737,0.9712700998866663,0.9764803846331653,0.9357429718875502,0.9220995930619953,0.9091009124513817,0.9146451450656782
330,0.0020434540845060347,0.010977456151634236,,False,0.9837333065568832,0.9817205748347829,0.9712700998866663,0.9760770583753504,0.9357429718875502,0.9225663560091905,0.9107805274141221,0.9158735139519832
331,0.002040595451285147,0.01096760533416439,,False,0.9837333065568832,0.9817220705607793,0.9712700998866663,0.976078246296195,0.9357429718875502,0.9209670124422531,0.9107869334327047,0.91525093650531
332,0.0020355998357160583,0.010962080803120167,,False,0.9837333065568832,0.9831605640701895,0.9712700998866663,0.9766831095596618,0.9365461847389558,0.923291962887158,0.911490751479088,0.9165837252069401
333,0.0020357613085237197,0.010969812806657098,,False,0.9837333065568832,0.9831608646440524,0.9712700998866663,0.976683540533331,0.9349397590361446,0.9196803959567406,0.9083552087787576,0.9132587911449875
334,0.0020309712492562,0.010999323999824687,,False,0.9839341299327242,0.9819123873539508,0.9714547260053585,0.9762674966994604,0.9353413654618474,0.9216583116300505,0.9087171342221164,0.9142460375525382
335,0.0020248605460902167,0.010956294591745906,,False,0.9837333065568832,0.981716100254834,0.9712700998866663,0.9760742319391746,0.9365461847389558,0.9228350148042304,0.9098382132701156,0.9153882438046183
336,0.0020255918596093297,0.010955511318291795,,False,0.9839341299327242,0.9833537839568343,0.9714541735161182,0.976869929587979,0.9357429718875502,0.9220833594466286,0.9090970257306203,0.9146290783873652
337,0.0020185972356659945,0.010942454937087148,,False,0.9840345416206446,0.9829735108882731,0.9719667587754558,0.9770115994582782,0.9365461847389558,0.9232542549251883,0.911490751479088,0.9165628908066551
338,0.0020167414306013886,0.010931354752726047,,False,0.9841349533085652,0.9835540511021476,0.9720601294570618,0.9773125634291979,0.936144578313253,0.9224051855798443,0.9094844811023494,0.9149891298366813
339,0.002012002122868944,0.010961100886505003,,False,0.9841349533085652,0.982598566654942,0.9724787915455531,0.9771480834177942,0.936144578313253,0.9223967333049549,0.9094331383103635,0.9149503176332812
340,0.0020109363846134093,0.01093481912747484,,False,0.9841349533085652,0.9835394451939103,0.9720601294570618,0.9773067657731345,0.9357429718875502,0.9220297168665661,0.9091103696171268,0.9146345613514026
341,0.002010580365719798,0.010936549037187826,,False,0.9842353649964856,0.9827006338878219,0.972572162227159,0.9772487007174075,0.9357429718875502,0.9220989668715706,0.9090848396887564,0.9146413787916006
342,0.002004074605751623,0.010961497763014583,,False,0.9844361883723265,0.9838330932067196,0.9727624209790616,0.9778379895849374,0.9357429718875502,0.9220154008259553,0.9091034317492029,0.9146134940532176
343,0.002001808840467277,0.010935247343982006,,False,0.984536600060247,0.9839193068178544,0.9732744537491589,0.9781723425250585,0.9357429718875502,0.9220310740946217,0.9091225556589906,0.9146212122502207
344,0.0019974489590770315,0.010949211381245107,,False,0.9846370117481675,0.982607129429426,0.9733683769200052,0.9776597334213972,0.9365461847389558,0.9236763779496623,0.9132186580866516,0.9177860201117848
345,0.001996086095755274,0.010968948585332677,,False,0.984536600060247,0.9829809091210833,0.9732744537491589,0.9777671102788881,0.9369477911646586,0.924043632521866,0.9135483646478121,0.9181251053107135
346,0.0019912383331468454,0.010935815771807652,,False,0.9846370117481675,0.9826090133103604,0.9733683769200052,0.9776627277544474,0.9369477911646586,0.9240475771099386,0.9135927695718742,0.9181536456414674
347,0.0019834665711337333,0.010904415369420965,,False,0.9846370117481675,0.9830710004440957,0.9733683769200052,0.9778629923695501,0.9365461847389558,0.9232120142073159,0.9115351564031499,0.9165699324969536
348,0.0019772134487615976,0.010924545357686744,,False,0.9846370117481675,0.983072195790951,0.9733683769200052,0.9778615264895547,0.9373493975903614,0.9239368543566804,0.9122453804681155,0.9172800997728172
349,0.00197235234071092,0.010930046836122568,,False,0.9846370117481675,0.983077905716995,0.9733683769200052,0.9778655481976293,0.9365461847389558,0.923203147724454,0.911490751479088,0.9165372824272199
350,0.00196742489191306,0.010943231884652953,,False,0.9846370117481675,0.9830762810961002,0.9733683769200052,0.9778637687815084,0.9373493975903614,0.9239572734684648,0.9122961914107601,0.917312548002396
351,0.0019630393033764223,0.010904858731709334,,False,0.9847374234360879,0.9831709043524661,0.9734590798678511,0.977957614743601,0.9365461847389558,0.9232470354218392,0.9115351564031499,0.9165903174773109
352,0.0019607810515897372,0.010921381401326863,,False,0.9846370117481675,0.9830737469297135,0.9733683769200052,0.9778625562758307,0.9369477911646586,0.923568427941788,0.911915673906955,0.9169380799586987
353,0.001958074913137224,0.010909501068323915,,False,0.9847374234360879,0.9827024579493917,0.9734590798678511,0.9777557177270162,0.9365461847389558,0.9232094900752147,0.9115351564031499,0.9165663870565776
354,0.001954277057910298,0.010901274880869682,,False,0.9847374234360879,0.9831687835438494,0.9734590798678511,0.9779570336874792,0.9365461847389558,0.9232470354218392,0.9115351564031499,0.9165903174773109
355,0.0019501442573933653,0.010889234034670531,,False,0.9847374234360879,0.98316742484467,0.9734590798678511,0.9779548463629683,0.936144578313253,0.921260056215099,0.9111801688277149,0.9155720087689085
356,0.0019483582572751136,0.010876832374971104,,False,0.9847374234360879,0.9831765514951792,0.9734590798678511,0.9779626949461263,0.9369477911646586,0.9236171298829107,0.911915673906955,0.9169733616823235
357,0.0019449989391848656,0.010885412347871586,,False,0.9847374234360879,0.9831656458070499,0.9734590798678511,0.977953778666169,0.9373493975903614,0.9239332847513035,0.9122453804681155,0.9172766008590238
358,0.0019421683854949294,0.010889705806583452,,False,0.9847374234360879,0.9831721851457758,0.9734590798678511,0.9779574143289229,0.9369477911646586,0.9219838508911875,0.9118903928926806,0.9162822225713548
359,0.001947864327983118,0.010903979863893843,,False,0.9847374234360879,0.9827117514689174,0.9734590798678511,0.9777613555864512,0.9369477911646586,0.9220376572326655,0.911883986874098,0.9163037242090785
360,0.0019366223093054138,0.010892268224707805,,False,0.9847374234360879,0.9831651211987195,0.9734590798678511,0.9779535936466713,0.9369477911646586,0.9219838508911875,0.9118903928926806,0.9162822225713548
361,0.0019340072337871005,0.010879949652977769,,False,0.9847374234360879,0.9831689085914529,0.9734590798678511,0.97795911768606,0.936144578313253,0.9212625803471999,0.9111801688277149,0.9155755542092846
362,0.0019373619531346275,0.010905051563038209,,False,0.9847374234360879,0.9831666094924212,0.9734590798678511,0.9779549734872002,0.9373493975903614,0.923955026289394,0.9122517864866982,0.9172814886443597
363,0.001929651612612428,0.010876456716652999,,False,0.9847374234360879,0.9827015092746291,0.9734590798678511,0.9777543356948217,0.9369477911646586,0.9235743468847303,0.9118648629643104,0.9169049079569026
364,0.0019283867063343964,0.010894337852318865,,False,0.9847374234360879,0.9831687037649848,0.9734590798678511,0.9779565054602168,0.9369477911646586,0.9220040324319638,0.911883986874098,0.9162839485817125
365,0.0019262601745648519,0.010870666029654263,,False,0.9847374234360879,0.9831704004991353,0.9734590798678511,0.977958635255081,0.9365461847389558,0.9216391756224485,0.9115542803129375,0.9159454276813874
366,0.0019240161007720836,0.010871022353624691,,False,0.9847374234360879,0.9831661440513605,0.9734590798678511,0.9779550467776463,0.9373493975903614,0.9228526472025051,0.9139480060614049,0.9178604994144121
367,0.00192163335076775,0.010860302699048184,,False,0.9847374234360879,0.9831667087360993,0.9734590798678511,0.9779558927273,0.9369477911646586,0.9219703717060737,0.9119082613948,0.9162990482444252
368,0.0019230728783200513,0.01086368996400723,,False,0.9847374234360879,0.9831653190701063,0.9734590798678511,0.9779548417462404,0.936144578313253,0.9212112952454178,0.9111600384243547,0.9155561835791433
369,0.0019173202501632878,0.010871240448444118,,False,0.9847374234360879,0.9831675465479139,0.9734590798678511,0.9779559661091345,0.9369477911646586,0.923568427941788,0.911915673906955,0.9169380799586987
370,0.001916755703071527,0.01088748092025888,,False,0.9847374234360879,0.9831637936492729,0.9734590798678511,0.9779535399969083,0.9373493975903614,0.9243962300725287,0.9139288821516173,0.9184873004622377
371,0.0019132354204234882,0.010870967627191024,,False,0.9847374234360879,0.9831698758908046,0.9734590798678511,0.9779584502355836,0.9373493975903614,0.9239369807073454,0.9122568429516522,0.9172952335266156
372,0.0019120751292197235,0.010872627731721604,,False,0.9847374234360879,0.9831676537433928,0.9734590798678511,0.9779572727111301,0.9377510040160643,0.9247749413726566,0.9143144561203767,0.918879510969733
373,0.0019098913801488251,0.010876178840818191,,False,0.9847374234360879,0.9827103753211305,0.9734590798678511,0.9777610322026999,0.9373493975903614,0.9243977452832145,0.9139480060614049,0.918502091176777
374,0.0019074862675174243,0.010860574751959687,,False,0.9847374234360879,0.9836367793562495,0.9734590798678511,0.9781565821105893,0.9369477911646586,0.9252493246808622,0.9119271363904917,0.9176037549090081
375,0.0019056652480476158,0.01086862868199688,,False,0.9847374234360879,0.9827046733754486,0.9734590798678511,0.9777565076241523,0.9377510040160643,0.9247578759852648,0.9143208621389591,0.9188783010825179
376,0.0019039989268754716,0.01086895189076245,,False,0.9847374234360879,0.9836355026174698,0.9734590798678511,0.9781567824864664,0.9373493975903614,0.9256141814903776,0.9122568429516522,0.9179422758093333
377,0.0019023001201019527,0.010858797725264522,,False,0.9847374234360879,0.9836333485771728,0.9734590798678511,0.9781568523554297,0.9369477911646586,0.9252493246808622,0.9119271363904917,0.9176037549090081
378,0.0019001997840723467,0.01084878885208485,,False,0.9847374234360879,0.9836386368042641,0.9734590798678511,0.9781604212192477,0.9373493975903614,0.9239369807073454,0.9122568429516522,0.9172952335266156
379,0.0018982866709036164,0.010872305715252195,,False,0.9847374234360879,0.9827030229354372,0.9734590798678511,0.9777571402144627,0.9373493975903614,0.9260398247779773,0.913940344635154,0.9191590421843086
380,0.0018960763838602776,0.010871976737311023,,False,0.9847374234360879,0.9836375444573089,0.9734590798678511,0.9781590046711435,0.9377510040160643,0.926417984150516,0.9143144561203767,0.919532508496501
381,0.0018942871339283805,0.01085807837169337,,False,0.9847374234360879,0.9836375444573089,0.9734590798678511,0.9781590046711435,0.9377510040160643,0.926417984150516,0.9143144561203767,0.919532508496501
382,0.001893238386164744,0.010855075697395286,,False,0.9848378351240085,0.9837236239511769,0.9735523721525792,0.9782477802309251,0.9373493975903614,0.9256141814903776,0.9122568429516522,0.9179422758093333
383,0.0018916865562701134,0.010841998499872479,,False,0.9848378351240085,0.9837245531730575,0.9735523721525792,0.9782473811431177,0.9369477911646586,0.9240304437117692,0.9136361680023638,0.9181747913262688
384,0.0018893850930080272,0.010852690687705235,,False,0.9848378351240085,0.9832532902557658,0.9735523721525792,0.978046322067424,0.9381526104417671,0.9267343485086497,0.9146962375143346,0.9198810862926607
385,0.0018870944328923268,0.010851044935290224,,False,0.9848378351240085,0.9837272069938225,0.9735523721525792,0.9782516047249737,0.9381526104417671,0.9267343485086497,0.9146962375143346,0.9198810862926607
386,0.0018857684807851748,0.01084734695270764,,False,0.9848378351240085,0.9837282607840758,0.9735523721525792,0.9782513664275242,0.9381526104417671,0.9267343485086497,0.9146962375143346,0.9198810862926607
387,0.0018844305716031664,0.01087070157094674,,False,0.9848378351240085,0.9832588946784904,0.9735523721525792,0.9780498194870082,0.9377510040160643,0.9263850448169164,0.9143601249345914,0.9195431960076083
388,0.0018833020102063643,0.010835986143066493,,False,0.9848378351240085,0.9837222293616712,0.9735523721525792,0.9782467887716274,0.9385542168674699,0.9271067962592233,0.9150690935918884,0.9202525300183295
389,0.0018810792215294067,0.010859879296789979,,False,0.9848378351240085,0.983254312594975,0.9735523721525792,0.9780475169187061,0.9373493975903614,0.9259941362705545,0.9139860134493687,0.919165098171484
390,0.0018794766231991157,0.010847338289813855,,False,0.9848378351240085,0.9837240635578259,0.9735523721525792,0.9782495996314218,0.9377510040160643,0.9263679794295248,0.9143665309531739,0.9195419861203935
391,0.0018778296461693944,0.010862979018308383,,False,0.9848378351240085,0.9832504835062738,0.9735523721525792,0.9780464009156474,0.9381526104417671,0.9267514138960412,0.914689831495752,0.9198822961798755
392,0.0018772308936894,0.010857490745663069,,False,0.9848378351240085,0.983248297734732,0.9735523721525792,0.9780445652975049,0.9369477911646586,0.9240212536151626,0.9136386873001849,0.9181597407868307
393,0.001874184182974149,0.010862291719684697,,False,0.9848378351240085,0.9832574676502416,0.9735523721525792,0.9780499114225181,0.9381526104417671,0.9267514138960412,0.914689831495752,0.9198822961798755
394,0.0018734472483308104,0.010858711034974705,,False,0.9848378351240085,0.9837282607840758,0.9735523721525792,0.9782513664275242,0.9377510040160643,0.9263779191821637,0.9143233814367804,0.9195116622223453
395,0.0018707620607498084,0.010855636513133479,,False,0.9848378351240085,0.983721815882752,0.9735523721525792,0.9782483068004593,0.9377510040160643,0.9263605053496793,0.9143157200105294,0.9195041983437512
396,0.0018693340790417055,0.01086080835362745,,False,0.9848378351240085,0.9832484612103494,0.9735523721525792,0.9780449930068073,0.9381526104417671,0.9267514138960412,0.914689831495752,0.9198822961798755
397,0.0018673856087630157,0.010849030379643946,,False,0.9848378351240085,0.983726259230467,0.9735523721525792,0.9782505745602647,0.9377510040160643,0.9263732545235024,0.9143157200105294,0.919508829867683
398,0.0018658073423686106,0.010849696512808232,,False,0.9849382468119289,0.983828447004726,0.9740644049226764,0.9785884528745122,0.9377510040160643,0.9263917286665175,0.9143233814367804,0.9195162480698481
399,0.0018635879103707676,0.010861504235505071,,False,0.9849382468119289,0.9838263910831502,0.9740644049226764,0.9785871271929673,0.9373493975903614,0.9260154842345535,0.9139750828151733,0.9191767831914421
400,0.001862983580125723,0.010865481504453536,,False,0.9849382468119289,0.9838263910831502,0.9740644049226764,0.9785871271929673,0.9373493975903614,0.926042351568428,0.9139364579143927,0.9191409024902265
401,0.0018589272344465223,0.010867958656840216,,False,0.9849382468119289,0.9828981090616126,0.9740644049226764,0.9781846797454844,0.9377510040160643,0.9264171978884578,0.9143233814367804,0.91951855381294
402,0.0018570206439741548,0.010881966601207127,,False,0.9849382468119289,0.9838263910831502,0.9740644049226764,0.9785871271929673,0.9373493975903614,0.9260424178753701,0.9139428639329752,0.9191446125494203
403,0.0018544236090973858,0.010902349475109197,,False,0.9849382468119289,0.9828870461783789,0.9740644049226764,0.9781790262643351,0.9377510040160643,0.9264033884041039,0.9143233814367804,0.9195139679654373
404,0.0018520364786741349,0.010905166085734148,,False,0.9849382468119289,0.9828877270449605,0.9740644049226764,0.9781792505465039,0.9377510040160643,0.9263921733738835,0.914329787455363,0.9195238717165846
405,0.0018483265595955018,0.010888677824108654,,False,0.9849382468119289,0.9833451593342359,0.9740644049226764,0.9783770706660255,0.9385542168674699,0.9271226335875953,0.9150645689762756,0.9202692203233416
406,0.0018458063510396546,0.010904212234483112,,False,0.9850386584998494,0.9829799484451941,0.9741577756042824,0.9782721621495916,0.9381526104417671,0.9267592616341326,0.9146917128987216,0.9199009698606618
407,0.0018428328594856807,0.010924550153111815,,False,0.9850386584998494,0.9829770226165758,0.9741577756042824,0.9782710454877213,0.9369477911646586,0.9257092317362249,0.9135437543687236,0.918783309053588
408,0.0018380476339801845,0.01092102746054553,,False,0.9850386584998494,0.9829910970841872,0.9741577756042824,0.9782782047292596,0.9369477911646586,0.9257092317362249,0.9135437543687236,0.918783309053588
409,0.001953546851225508,0.011093143299639783,,False,0.9847374234360879,0.9826922668378777,0.9738794222538097,0.977989411097973,0.936144578313253,0.9249445733647312,0.9128461535516377,0.9180235016337832
410,0.001830742884282455,0.010969208896553466,,False,0.9850386584998494,0.9839015868126947,0.9741577756042824,0.9786714392920237,0.9369477911646586,0.9256783239807993,0.9135470235766677,0.9187625455766406
411,0.0020815765499831006,0.011211262266820328,,False,0.9839341299327242,0.9819544718754764,0.9731324568009619,0.9772391460296554,0.936144578313253,0.9233881395763193,0.9128212496185688,0.9173486753868784
412,0.0018189257456089794,0.010961944016481248,,False,0.9853398935636108,0.9837520512103696,0.9752769705204282,0.9792415163531116,0.9369477911646586,0.9256161291749146,0.9135457681689994,0.9187655441850685
413,0.0018168617105807957,0.010972423370799126,,False,0.9853398935636108,0.9837516139843626,0.9752769705204282,0.9792407925731319,0.9369477911646586,0.9240342290047872,0.9135470235766677,0.9181095703475393
414,0.001812863097193283,0.010974404274467508,,False,0.9853398935636108,0.9833013657240621,0.9752769705204282,0.9790443974151954,0.9365461847389558,0.9231633300504742,0.9115053592557469,0.9165475344477694
415,0.0018177726552406359,0.010980841766602198,,False,0.9853398935636108,0.983293632791129,0.9752769705204282,0.9790396560639185,0.9373493975903614,0.923884890741303,0.9122574774294377,0.9172847638274217
416,0.0018064571553746498,0.010976660493923656,,False,0.9853398935636108,0.9837458881225223,0.9752769705204282,0.9792395050865959,0.9365461847389558,0.9231737726646462,0.9114848857923307,0.9165383360584689
417,0.0018042099759934354,0.010966189668424811,,False,0.9853398935636108,0.983756352535103,0.9752769705204282,0.979243950301022,0.9369477911646586,0.9240227753800127,0.9135501603873062,0.9181291046989172
418,0.0018787388347702126,0.011087517313979276,,False,0.9853398935636108,0.9837551903505037,0.9752769705204282,0.9792444242807894,0.936144578313253,0.9228503236985145,0.9111440598076896,0.9161705185600633
419,0.001806919949416062,0.010978922575593865,,False,0.9853398935636108,0.9837569904064567,0.9752769705204282,0.9792451798162413,0.9369477911646586,0.923510816098789,0.9118858767595523,0.9169130813473375
420,0.0017990017144453496,0.010975008114873104,,False,0.9854403052515313,0.9833966485635831,0.9753703412020341,0.9791384971417278,0.9365461847389558,0.9231883221301006,0.9114925472185819,0.9165453429049482
421,0.0017966048877173333,0.01097052792429441,,False,0.9854403052515313,0.9838518240538825,0.9753703412020341,0.9793390931647438,0.9357429718875502,0.9224528733876523,0.9107501042714179,0.9157953370943606
422,0.0017948574381160395,0.01095281672889045,,False,0.9854403052515313,0.9838485815390455,0.9753703412020341,0.9793364962727011,0.936144578313253,0.9228089102837431,0.9111306217752231,0.9161672392954365
423,0.0017932318132630933,0.010965075564304535,,False,0.9854403052515313,0.9838505803365921,0.9753703412020341,0.9793376379590816,0.9357429718875502,0.9224528733876523,0.9107501042714179,0.9157953370943606
424,0.001792462225549254,0.010954260939068814,,False,0.9854403052515313,0.9838510295286872,0.9753703412020341,0.9793378243371118,0.9365461847389558,0.923131752445858,0.9114989532371643,0.9165293065276118
425,0.0017896117977152745,0.01095128961243554,,False,0.9854403052515313,0.9838553151970054,0.9753703412020341,0.9793411074873476,0.936144578313253,0.9228089102837431,0.9111306217752231,0.9161672392954365
426,0.0017875177953556184,0.010949928595687629,,False,0.9854403052515313,0.9838518240538825,0.9753703412020341,0.9793390931647438,0.936144578313253,0.9228178672728783,0.9111306217752231,0.9161677005912156
427,0.0017856880601083889,0.010959300538363685,,False,0.9854403052515313,0.983399690514611,0.9753703412020341,0.9791403250863016,0.936144578313253,0.9228178672728783,0.9111306217752231,0.9161677005912156
428,0.0017838450549775872,0.010946120091973552,,False,0.9854403052515313,0.983399690514611,0.9753703412020341,0.9791403250863016,0.936144578313253,0.9228178672728783,0.9111306217752231,0.9161677005912156
429,0.0017819123858027854,0.010941230950118428,,False,0.9854403052515313,0.9838518240538825,0.9753703412020341,0.9793390931647438,0.9365461847389558,0.9231593547035151,0.9115034778527773,0.9165325959458124
430,0.001779727991660665,0.01097934886485478,,False,0.9856411286273722,0.9836054838533688,0.9763944067422288,0.9798001892600094,0.936144578313253,0.9228415362865996,0.9111242157566406,0.9161637165842966
431,0.0017758216617728096,0.010967891214227593,,False,0.9856411286273722,0.9836137893169131,0.9763944067422288,0.9798053431176643,0.9357429718875502,0.9224618303767872,0.9107501042714179,0.9157957983901398
432,0.0017742348240521403,0.010961185059715058,,False,0.9856411286273722,0.9827382244117054,0.9763944067422288,0.9794110841707181,0.9365461847389558,0.9231883221301006,0.9114925472185819,0.9165453429049482
433,0.0017678706479855237,0.010959083372012802,,False,0.9856411286273722,0.9840636170609164,0.9763944067422288,0.9800060892914126,0.9365461847389558,0.9232055908663104,0.9115047332604457,0.9165361302567495
434,0.0017659992876888344,0.010947987100156816,,False,0.9856411286273722,0.9840692169757551,0.9763944067422288,0.9800088283768381,0.9369477911646586,0.9235677176820256,0.9118654032961359,0.9169210464196169
435,0.0017637222982350136,0.010946231017241759,,False,0.9856411286273722,0.9840623885703244,0.9763944067422288,0.9800045826478411,0.9373493975903614,0.9239090117741147,0.9122382593736901,0.9172852408111698
436,0.0017620078587143467,0.010949999906317624,,False,0.9856411286273722,0.984519830063219,0.9763944067422288,0.9802083481018751,0.9369477911646586,0.9235677176820256,0.9118654032961359,0.9169210464196169
437,0.0017601135670815239,0.010952919407291054,,False,0.9857415403152927,0.9841589036585798,0.976488329913075,0.9801023290144758,0.9365461847389558,0.9231883221301006,0.9114925472185819,0.9165453429049482
438,0.001758477037453132,0.01095240664832811,,False,0.9857415403152927,0.984613053468649,0.976488329913075,0.9803033408028234,0.936144578313253,0.9228178672728783,0.9111306217752231,0.9161677005912156
439,0.0017582619010964567,0.01092900439144929,,False,0.9857415403152927,0.984176175825778,0.976906439512326,0.9803420261441507,0.9369477911646586,0.9235319783133584,0.9118544726619405,0.9169127258958016
440,0.0017562210425673367,0.010935710706132792,,False,0.9857415403152927,0.9846251044121441,0.976906439512326,0.9805410877990125,0.9373493975903614,0.9238937078302717,0.9122382593736901,0.9172752753227731
441,0.0017537928983859614,0.01095091616823875,,False,0.9858419520032132,0.9847102682777119,0.9770003626831723,0.9806315217667207,0.9365461847389558,0.9231819751753929,0.9114925472185819,0.9165358387123307
442,0.0017516796452393913,0.010940198812427594,,False,0.9858419520032132,0.9847201926192312,0.9770003626831723,0.9806370651730951,0.9373493975903614,0.9239305616943876,0.9122273287394945,0.9172885743954807
443,0.0017501377245786036,0.010929844446413466,,False,0.9857415403152927,0.9846308296005594,0.976906439512326,0.9805441597835886,0.9373493975903614,0.9239305616943876,0.9122273287394945,0.9172885743954807
444,0.001747428794050355,0.010937876891183512,,False,0.9858419520032132,0.9847179022037148,0.9770003626831723,0.9806363552128228,0.9369477911646586,0.9252260299412968,0.9118544726619405,0.9175586607723937
445,0.001744794064212167,0.01093585410899384,,False,0.9858419520032132,0.9847192468385138,0.9770003626831723,0.9806374450333897,0.9369477911646586,0.9235677176820256,0.9118654032961359,0.9169210464196169
446,0.0017431514852791158,0.010941901359468974,,False,0.9858419520032132,0.9847201926192312,0.9770003626831723,0.9806370651730951,0.9369477911646586,0.9252323768960046,0.9118544726619405,0.9175681649650111
447,0.0017482127077585157,0.010960256889749624,,False,0.9858419520032132,0.9838266095969814,0.9770003626831723,0.980237904889056,0.9369477911646586,0.9235319783133584,0.9118544726619405,0.9169127258958016
448,0.0017397422697878067,0.010944326227832828,,False,0.9858419520032132,0.9847181938216845,0.9770003626831723,0.9806359234867147,0.9373493975903614,0.9256043227702703,0.9122273287394945,0.917934411686776
449,0.0017387030304249543,0.010946127793205146,,False,0.9858419520032132,0.9847254676240856,0.9770003626831723,0.9806400253881916,0.9369477911646586,0.9252057393892409,0.9118544726619405,0.917558563187097
450,0.0017363505248558888,0.010948824987374768,,False,0.9858419520032132,0.9847181938216845,0.9770003626831723,0.9806359234867147,0.9373493975903614,0.9255816893503912,0.9122273287394945,0.9179337541418112
451,0.0017345248808014898,0.01095260813292498,,False,0.9858419520032132,0.9847181938216845,0.9770003626831723,0.9806359234867147,0.9377510040160643,0.9259229834424799,0.9126001848170486,0.9182979485333639
452,0.0017326234744089216,0.010947795759191256,,False,0.9858419520032132,0.9847214100873072,0.9770003626831723,0.9806372148277143,0.9369477911646586,0.9252057393892409,0.9118544726619405,0.917558563187097
453,0.0017316518838310503,0.011013654745652518,,False,0.9858419520032132,0.9842741399429484,0.9770003626831723,0.9804370870691415,0.936144578313253,0.9245406334980935,0.9110946930619986,0.9168015665772506
454,0.0017256147956601292,0.01097850920566709,,False,0.9858419520032132,0.9847189597286131,0.9770003626831723,0.9806362136450559,0.936144578313253,0.9244550227761059,0.9111075050991639,0.9167995377176568
455,0.0017240450469129716,0.010967972761241633,,False,0.9858419520032132,0.9847164471857277,0.9770003626831723,0.9806349552768966,0.9365461847389558,0.9248311680967648,0.9114803611767179,0.9171754332300966
456,0.001721800804629238,0.010995905534246108,,False,0.9858419520032132,0.9847220177617884,0.9770003626831723,0.9806371140302481,0.9365461847389558,0.9248513069276503,0.9114739551581353,0.9171770679516372
457,0.001719743046212283,0.01097215542260024,,False,0.9858419520032132,0.9847212740224968,0.9770003626831723,0.9806364296868202,0.9365461847389558,0.9248333259402229,0.9114816165843865,0.9171736333517924
458,0.0017179558887419925,0.011013980325746556,,False,0.9859423636911336,0.9843769434455321,0.9775123954532696,0.9807679182408565,0.9357429718875502,0.9224098805500476,0.9107455796558052,0.9157767638261674
459,0.001712765366434202,0.011007974897809926,,False,0.9859423636911336,0.9843806190989012,0.9775123954532696,0.9807690707547181,0.9365461847389558,0.9248441195448657,0.9114630245239401,0.9171768631671066
460,0.0017079569523557791,0.010964243360075506,,False,0.9859423636911336,0.9848132661725126,0.9770936549679003,0.9807302235350414,0.9373493975903614,0.9255769542713779,0.9122163981052993,0.917934846734117
461,0.0017067695471245851,0.010967341094190388,,False,0.9860427753790542,0.9849068252738076,0.9771760816081905,0.9808186380939653,0.9365461847389558,0.9248333259402229,0.9114816165843865,0.9171736333517924
462,0.0017054284333103066,0.010971689201354221,,False,0.9860427753790542,0.9849062193098107,0.9771760816081905,0.9808192450697852,0.9369477911646586,0.9251742124866621,0.9118353487521529,0.9175403141587714
463,0.0017015212388981021,0.010948970262063292,,False,0.9860427753790542,0.9849092122705044,0.9771760816081905,0.9808204357193941,0.9377510040160643,0.9258652815402003,0.9125713856807341,0.9182684668919213
464,0.0016999655578937005,0.010956719564627203,,False,0.9860427753790542,0.9849107852765893,0.9771760816081905,0.98082130944694,0.9369477911646586,0.9251535012150488,0.9118366041598214,0.9175272347807795
465,0.0016985041076567969,0.01095246192474831,,False,0.9860427753790542,0.9849051394941954,0.9771760816081905,0.980817162810206,0.9377510040160643,0.9258734059749716,0.9125823163149295,0.9182679099869416
466,0.0016954146708107458,0.010955678038246361,,False,0.9861431870669746,0.9850170757905148,0.9776881143782877,0.9811523846857537,0.9377510040160643,0.9258734059749716,0.9125823163149295,0.9182679099869416
467,0.0016933270792601947,0.010962989668645402,,False,0.9860427753790542,0.9849034738653791,0.9771760816081905,0.9808166587050182,0.9377510040160643,0.9258734059749716,0.9125823163149295,0.9182679099869416
468,0.0016912014669131796,0.010944768188552466,,False,0.9860427753790542,0.9849063920471173,0.9771760816081905,0.9808186223035982,0.9377510040160643,0.9258734059749716,0.9125823163149295,0.9182679099869416
469,0.0016890013549930086,0.010945979956331415,,False,0.9861431870669746,0.9850109256029902,0.9776881143782877,0.9811499834766249,0.9373493975903614,0.9254963236023261,0.9122094602373755,0.9178927761640119
470,0.0016875056370979137,0.01095138732584488,,False,0.9861431870669746,0.9850149975467765,0.9776881143782877,0.9811526407740302,0.9373493975903614,0.9255307861328398,0.9122094602373755,0.9179030717641292
471,0.0016857711306216385,0.010950966844459807,,False,0.9860427753790542,0.9849017902439543,0.9771760816081905,0.9808167393240245,0.9373493975903614,0.9255109237152883,0.9122017988111243,0.917894323279947
472,0.0016846199435325458,0.010960019321443377,,False,0.9861431870669746,0.9850068549848687,0.9776881143782877,0.9811482664702018,0.9365461847389558,0.9247965742447373,0.9114867671953005,0.917170945865923
473,0.0016818761176086933,0.01095062159322719,,False,0.9861431870669746,0.9850195557766439,0.9776881143782877,0.9811548516679297,0.9373493975903614,0.9255307861328398,0.9122094602373755,0.9179030717641292
474,0.0016801007408194827,0.01095742148617933,,False,0.9861431870669746,0.9850076982668813,0.9776881143782877,0.9811485319210254,0.9369477911646586,0.9251828115202326,0.9118544726619405,0.9175466109488286
475,0.0016778373786125412,0.010939276608739121,,False,0.9861431870669746,0.9850195557766439,0.9776881143782877,0.9811548516679297,0.9377510040160643,0.9258940869244098,0.9125823163149295,0.9182798009162588
476,0.00167559990024258,0.010949780686270281,,False,0.9861431870669746,0.9850116719834919,0.9776881143782877,0.9811505961157481,0.9377510040160643,0.9258734059749716,0.9125823163149295,0.9182679099869416
477,0.0016740117660175794,0.010963468586060938,,False,0.9861431870669746,0.9850128245499037,0.9776881143782877,0.9811512887625581,0.9365461847389558,0.9247910189553655,0.9114560866560163,0.9171536480737849
478,0.0016722905452107952,0.010968443974061434,,False,0.9861431870669746,0.9850087711469828,0.9776881143782877,0.9811480411609459,0.936144578313253,0.9244452139064586,0.9111010990805813,0.9167977515570875
479,0.0016693910775917602,0.010956604500153,,False,0.9861431870669746,0.9850086528497294,0.9776881143782877,0.9811487104644433,0.9369477911646586,0.9251678032122018,0.9118621340881917,0.9175436698382526
480,0.0016676707023089022,0.010953122309429417,,False,0.9861431870669746,0.9850157658140222,0.9776881143782877,0.9811520732368957,0.9365461847389558,0.9247910189553655,0.9114560866560163,0.9171536480737849
481,0.0016657244010632253,0.0109613449833372,,False,0.9861431870669746,0.985469481155631,0.9776881143782877,0.9813558506558953,0.9373493975903614,0.9255179688693376,0.9122171216636266,0.9179006977736499
482,0.001664192102911081,0.010958319009270268,,False,0.9861431870669746,0.9850101192173457,0.9776881143782877,0.9811490612093591,0.9369477911646586,0.9251539047329835,0.9118468112356894,0.9175373726483601
483,0.0016624450421078153,0.010949200677154719,,False,0.9861431870669746,0.9850103585087852,0.9776881143782877,0.9811502842235478,0.9369477911646586,0.9251678032122018,0.9118621340881917,0.9175436698382526
484,0.0016607308085170242,0.010945128857588736,,False,0.9861431870669746,0.9854677754965755,0.9776881143782877,0.9813542768967908,0.9381526104417671,0.9262406660911581,0.9129551723924835,0.9186415093946189
485,0.001659243569248371,0.010942835934509851,,False,0.9861431870669746,0.9850139149733246,0.9776881143782877,0.981151152309018,0.9369477911646586,0.9251390598769496,0.9118544726619405,0.917532241193682
486,0.0016576667691931874,0.010948251974098254,,False,0.9861431870669746,0.9854667762180339,0.9776881143782877,0.9813539721996093,0.9373493975903614,0.9255349459145074,0.9122094602373755,0.9179006415986346
487,0.0016568478238950333,0.01095526877636728,,False,0.9861431870669746,0.9854719550819326,0.9776881143782877,0.9813568568778651,0.9369477911646586,0.9251496834891572,0.9118289427335703,0.9175214378184159
488,0.0016549714413215447,0.010955539078329163,,False,0.9861431870669746,0.9854667762180339,0.9776881143782877,0.9813539721996093,0.9369477911646586,0.9269550273860779,0.9118544726619405,0.9182106324236349
489,0.001653708872141694,0.010950222424980043,,False,0.9861431870669746,0.9854680861945266,0.9776881143782877,0.9813542836484673,0.9377510040160643,0.9258982467060775,0.9125823163149295,0.9182773707507642
490,0.0016526723598597841,0.010956002990569091,,False,0.9862435987548951,0.9855585171552619,0.9777788173261336,0.9814453988707518,0.9365461847389558,0.9265841155123431,0.9114816165843865,0.9178329522244371
491,0.001652060421484422,0.010954685153500334,,False,0.9862435987548951,0.9855670177918631,0.9777788173261336,0.9814497381450175,0.9377510040160643,0.9276569788840321,0.9125713856807341,0.9189370828095481
492,0.0016501896882671555,0.010953715673300836,,False,0.9862435987548951,0.985562776489719,0.9777788173261336,0.9814475351830814,0.9377510040160643,0.927689501661347,0.9125713856807341,0.9189353351859909
493,0.0016486945940692634,0.0109404808246497,,False,0.9862435987548951,0.985562776489719,0.9777788173261336,0.9814475351830814,0.9381526104417671,0.928051670041422,0.9129442417582881,0.9193121214699046
494,0.0016482830964782817,0.010954717317155475,,False,0.9862435987548951,0.985558827853213,0.9777788173261336,0.9814454056224283,0.9369477911646586,0.9269611012841827,0.9118468112356894,0.9182113161905462
495,0.001646419671608123,0.010949594772870021,,False,0.9862435987548951,0.985562776489719,0.9777788173261336,0.9814475351830814,0.9377510040160643,0.9276768008225255,0.9125713856807341,0.9189368835832349
496,0.001645068722669044,0.01094669534214662,,False,0.9862435987548951,0.985562776489719,0.9777788173261336,0.9814475351830814,0.9377510040160643,0.9277015043842862,0.9125892541828533,0.9189550935345072
497,0.0016435905037690906,0.010954404109805313,,False,0.9862435987548951,0.9855646948431891,0.9777788173261336,0.981448793758921,0.9381526104417671,0.928051670041422,0.9129442417582881,0.9193121214699046
498,0.0016421213771408388,0.010936158606869847,,False,0.9862435987548951,0.9855646948431891,0.9777788173261336,0.981448793758921,0.9381526104417671,0.9284276028249315,0.9146468673515776,0.9205372526804427
499,0.0016410624913924183,0.010942886779249128,,False,0.9862435987548951,0.9855666140753048,0.9777788173261336,0.9814504010960524,0.9381526104417671,0.9284247372767597,0.9146354048680408,0.920531186001019
500,0.0016380171328607093,0.01092639781225297,,False,0.9862435987548951,0.9855646948431891,0.9777788173261336,0.981448793758921,0.9389558232931727,0.9291375524790655,0.9153747110045666,0.9212697988166134
501,0.001636077773195964,0.010929720908485258,,False,0.9862435987548951,0.9855677904381154,0.9777788173261336,0.9814501224086959,0.9385542168674699,0.9288119205438023,0.9150018549270124,0.9209078353642417
502,0.0016346435118457863,0.01094495946281535,,False,0.9862435987548951,0.9855605929417123,0.9777788173261336,0.9814466256888549,0.9373493975903614,0.9260192861076858,0.9139190236985887,0.9191475818754162
503,0.0016336653608566092,0.010939830778184261,,False,0.9862435987548951,0.985562512173828,0.9777788173261336,0.9814482330259864,0.9369477911646586,0.9256418937767342,0.9135461676210347,0.9187710802417581
504,0.0016322126891582297,0.010949405072541479,,False,0.9862435987548951,0.9855605929417123,0.9777788173261336,0.9814466256888549,0.9373493975903614,0.9260059552554716,0.9138934937702184,0.9191310057948504
505,0.0016310233959602853,0.010939448459867824,,False,0.9862435987548951,0.9855669471561028,0.9777788173261336,0.9814498569578723,0.9385542168674699,0.9270753375774459,0.9150018549270124,0.9202373236447349
506,0.0016300542617162363,0.010963904850347192,,False,0.9862435987548951,0.985104955352894,0.9777788173261336,0.9812431436044895,0.9369477911646586,0.9240106447546227,0.91355709825523,0.9181194126995449
507,0.0016288016466101526,0.010943931112300206,,False,0.9862435987548951,0.9855605929417123,0.9777788173261336,0.9814466256888549,0.9377510040160643,0.9263517456903269,0.9142740112740236,0.9195024325559858
508,0.0016271972199454665,0.01092940346254054,,False,0.9862435987548951,0.9855605929417123,0.9777788173261336,0.9814466256888549,0.9377510040160643,0.9263517456903269,0.9142740112740236,0.9195024325559858
509,0.001626128749021593,0.010931841150222736,,False,0.9862435987548951,0.9855690897960384,0.9777788173261336,0.9814510352787713,0.9381526104417671,0.92672517192031,0.9146468673515776,0.9198802957093375
510,0.0016245657911888483,0.010931865641840656,,False,0.9862435987548951,0.9855690897960384,0.9777788173261336,0.9814510352787713,0.9381526104417671,0.9267293974159444,0.9146468673515776,0.919882556624984
511,0.0016225542089762421,0.010929007102586995,,False,0.9862435987548951,0.9855646948431891,0.9777788173261336,0.981448793758921,0.9385542168674699,0.9270664660123988,0.9150197234291316,0.9202444901008904
512,0.0016214394262898328,0.010941558561515515,,False,0.9862435987548951,0.9855605929417123,0.9777788173261336,0.9814466256888549,0.9381526104417671,0.9284911165850487,0.9146513919671904,0.9205448565448024
513,0.0016268297500056322,0.01094886940267891,,False,0.9862435987548951,0.9851202123905326,0.9777788173261336,0.9812515143607493,0.9381526104417671,0.9267199276902538,0.9146475909099048,0.9198754972706722
514,0.001618768296128356,0.01091892229130235,,False,0.9862435987548951,0.9855699330780507,0.9777788173261336,0.981451300729595,0.9385542168674699,0.9270530171179617,0.9150197234291316,0.9202428461113557
515,0.0016176697201084585,0.010936625964331892,,False,0.9862435987548951,0.9855611250387825,0.9777788173261336,0.9814466224823946,0.9385542168674699,0.9270943189560303,0.9150164542211873,0.9202454441815969
516,0.001616420341467013,0.010926360656733622,,False,0.9862435987548951,0.9855646948431891,0.9777788173261336,0.981448793758921,0.9381526104417671,0.9267264043855477,0.9146545287778287,0.9198770194212555
517,0.001616121968866049,0.010928806734143233,,False,0.9862435987548951,0.9855699330780507,0.9777788173261336,0.981451300729595,0.9377510040160643,0.9263624805926648,0.9142849419082189,0.9195134232614295
518,0.00161529363718682,0.010929373028485592,,False,0.9862435987548951,0.9855646948431891,0.9777788173261336,0.981448793758921,0.9381526104417671,0.9267191719318907,0.9146435981436333,0.9198688398933295
519,0.0016145570239945234,0.010914694386418851,,False,0.9862435987548951,0.9855605929417123,0.9777788173261336,0.9814466256888549,0.9385542168674699,0.9270734476859174,0.9150087927949363,0.9202374529809035
520,0.001614490271907091,0.010925798408329935,,False,0.9862435987548951,0.9855690897960384,0.9777788173261336,0.9814510352787713,0.9385542168674699,0.9270597688888098,0.9150337908739653,0.9202420666819635
521,0.001612959947240672,0.01092805868904751,,False,0.9862435987548951,0.9855690897960384,0.9777788173261336,0.9814510352787713,0.9381526104417671,0.9266903257903165,0.914657797985773,0.9198759736634476
522,0.001612224671638613,0.010928254409229725,,False,0.9862435987548951,0.9855646948431891,0.9777788173261336,0.981448793758921,0.9377510040160643,0.9263305417933183,0.9142849419082189,0.9195004554626744
523,0.0016114778654786508,0.010918779910613467,,False,0.9862435987548951,0.9855614362237249,0.9777788173261336,0.9814468911396786,0.9381526104417671,0.9267066820154005,0.9146468673515776,0.9198689719001172
524,0.0016111429594549804,0.01092577399249789,,False,0.9862435987548951,0.9855690897960384,0.9777788173261336,0.9814510352787713,0.9377510040160643,0.9263305417933183,0.9142849419082189,0.9195004554626744
525,0.0016104426541707368,0.010907401861990627,,False,0.9862435987548951,0.9855690897960384,0.9777788173261336,0.9814510352787713,0.9385542168674699,0.9270530171179617,0.9150197234291316,0.9202428461113557
526,0.0016097089368591374,0.01091770266954921,,False,0.9862435987548951,0.9851090572543709,0.9777788173261336,0.9812453116745559,0.9373493975903614,0.9259508791427034,0.9139108304229963,0.9191257152755374
527,0.0016090569409639218,0.010914182588180247,,False,0.9862435987548951,0.9855646948431891,0.9777788173261336,0.981448793758921,0.9385542168674699,0.9270544429217471,0.9150273848553828,0.9202402707863175
528,0.0016085466858109594,0.01090858653798718,,False,0.9862435987548951,0.9855605929417123,0.9777788173261336,0.9814466256888549,0.9381526104417671,0.9266768318636603,0.9146532733701602,0.9198654344594601
529,0.0016081122623941946,0.010903094490138276,,False,0.9862435987548951,0.9855690897960384,0.9777788173261336,0.9814510352787713,0.9389558232931727,0.9274164179632742,0.9154002409329368,0.9206163561071874
530,0.0016082947299400714,0.010923761475827583,,False,0.9862435987548951,0.9855605929417123,0.9777788173261336,0.9814466256888549,0.9381526104417671,0.9266932331209635,0.9146468673515776,0.9198673279105825
531,0.0016067374854693145,0.010913031848170125,,False,0.9862435987548951,0.9855646948431891,0.9777788173261336,0.981448793758921,0.9381526104417671,0.9266902807580973,0.9146532733701602,0.9198670784489946
532,0.0016061902816945377,0.01091683884083234,,False,0.9862435987548951,0.9855670177918631,0.9777788173261336,0.9814497381450175,0.9381526104417671,0.9266932331209635,0.9146468673515776,0.9198673279105825
533,0.0016058933360846516,0.010913101974502208,,False,0.9862435987548951,0.985558827853213,0.9777788173261336,0.9814454056224283,0.9385542168674699,0.9270780817920047,0.9150209788368002,0.9202365598197052
534,0.0016051605189051912,0.010915709951615539,,False,0.9862435987548951,0.9855646948431891,0.9777788173261336,0.981448793758921,0.9381526104417671,0.9266932331209635,0.9146468673515776,0.9198673279105825
535,0.0016045040883387637,0.01091635010250708,,False,0.9862435987548951,0.985562776489719,0.9777788173261336,0.9814475351830814,0.9381526104417671,0.9266932331209635,0.9146468673515776,0.9198673279105825
536,0.0016039721074265997,0.010903192400602637,,False,0.9862435987548951,0.985562776489719,0.9777788173261336,0.9814475351830814,0.9381526104417671,0.9266932331209635,0.9146468673515776,0.9198673279105825
537,0.0016032211992452088,0.010910907945507982,,False,0.9862435987548951,0.9855670177918631,0.9777788173261336,0.9814497381450175,0.9377510040160643,0.9263135704703487,0.914272755866355,0.9194925877234454
538,0.001602624356065022,0.010902946789746164,,False,0.9863440104428155,0.9851958836066051,0.9778695202739792,0.9813336868246115,0.9381526104417671,0.9266932331209635,0.9146468673515776,0.9198673279105825
539,0.001602093990626942,0.01091523583530282,,False,0.9863440104428155,0.9856418648891572,0.9778695202739792,0.9815324856414718,0.9385542168674699,0.9270780817920047,0.9150209788368002,0.9202365598197052
540,0.0016015039251706437,0.010911716819680704,,False,0.9863440104428155,0.9856521991027208,0.9778695202739792,0.9815381146752249,0.9381526104417671,0.9266768318636603,0.9146532733701602,0.9198654344594601
541,0.0016007440387319951,0.01090535674967431,,False,0.9863440104428155,0.9856500548278073,0.9778695202739792,0.9815368181640609,0.9385542168674699,0.9270544429217471,0.9150273848553828,0.9202402707863175
542,0.0016001880613252736,0.01090819347004219,,False,0.9863440104428155,0.9856458135256629,0.9778695202739792,0.9815346152021246,0.9385542168674699,0.9270780817920047,0.9150209788368002,0.9202365598197052
543,0.0015997580452778235,0.01089907633242237,,False,0.9863440104428155,0.9856485094351868,0.9778695202739792,0.9815353232937455,0.9385542168674699,0.9270530171179617,0.9150197234291316,0.9202428461113557
544,0.001598686490910492,0.010900018609131146,,False,0.9863440104428155,0.9856500548278073,0.9778695202739792,0.9815368181640609,0.9381526104417671,0.9266932331209635,0.9146468673515776,0.9198673279105825
545,0.0015977819417225864,0.01090848409732005,,False,0.9863440104428155,0.9856458135256629,0.9778695202739792,0.9815346152021246,0.9381526104417671,0.9266932331209635,0.9146468673515776,0.9198673279105825
546,0.00159689259649941,0.010902116374250446,,False,0.9863440104428155,0.9856458135256629,0.9778695202739792,0.9815346152021246,0.9381526104417671,0.9266932331209635,0.9146468673515776,0.9198673279105825
547,0.0015958551891131594,0.010901219705820734,,False,0.9863440104428155,0.9851876936679553,0.9778695202739792,0.9813293543020224,0.9381526104417671,0.9266932331209635,0.9146468673515776,0.9198673279105825
548,0.0015947234829156282,0.010898027224759108,,False,0.9863440104428155,0.9856500548278073,0.9778695202739792,0.9815368181640609,0.9377510040160643,0.9263135704703487,0.914272755866355,0.9194925877234454
549,0.001593702619990221,0.010900068485784967,,False,0.9863440104428155,0.9851958836066051,0.9778695202739792,0.9813336868246115,0.9385542168674699,0.9270780817920047,0.9150209788368002,0.9202365598197052
550,0.0015926365127231369,0.010901672079414794,,False,0.9863440104428155,0.9851958836066051,0.9778695202739792,0.9813336868246115,0.9381526104417671,0.9266768318636603,0.9146532733701602,0.9198654344594601
551,0.001591531268991387,0.010899142563536898,,False,0.9863440104428155,0.9851920488859687,0.9778695202739792,0.9813314795695587,0.9381526104417671,0.9266768318636603,0.9146532733701602,0.9198654344594601
552,0.0015905491980525402,0.010910301005902524,,False,0.9863440104428155,0.9851958836066051,0.9778695202739792,0.9813336868246115,0.9381526104417671,0.9266932331209635,0.9146468673515776,0.9198673279105825
553,0.0015899775379795,0.010887686408336199,,False,0.9863440104428155,0.9851935995665408,0.9778695202739792,0.9813329766634342,0.9385542168674699,0.9270398054655986,0.9150261294477142,0.9202414714262862
554,0.0015894450342585553,0.010912034967968581,,False,0.9863440104428155,0.9851893582643968,0.9778695202739792,0.9813307737014978,0.9381526104417671,0.9267470243402458,0.914640461332995,0.9198652214386107
555,0.001588352007087743,0.01090314711105653,,False,0.9863440104428155,0.9851895185620246,0.9778695202739792,0.981331163319892,0.9381526104417671,0.9266932331209635,0.9146468673515776,0.9198673279105825
556,0.0015881372956796241,0.010908651032701413,,False,0.9863440104428155,0.9851857228060459,0.9778695202739792,0.9813290722202331,0.9385542168674699,0.9270780817920047,0.9150209788368002,0.9202365598197052
557,0.0015873086665784914,0.01090340829259133,,False,0.9863440104428155,0.9851857859035038,0.9778695202739792,0.9813286023657821,0.9377510040160643,0.9263135704703487,0.914272755866355,0.9194925877234454
558,0.0015867082670669855,0.01090550127212937,,False,0.9863440104428155,0.9851958836066051,0.9778695202739792,0.9813336868246115,0.9381526104417671,0.9266932331209635,0.9146468673515776,0.9198673279105825
559,0.0015865652187411093,0.01090462472809179,,False,0.9863440104428155,0.9851938155569084,0.9778695202739792,0.9813325456616988,0.9385542168674699,0.9271316006787731,0.9150145728182176,0.9202390953800462
560,0.0015859627812098774,0.010915924219080001,,False,0.9863440104428155,0.9847457166932744,0.9778695202739792,0.9811314024228169,0.9385542168674699,0.9270780817920047,0.9150209788368002,0.9202365598197052
561,0.0015852306549335733,0.010899167858779086,,False,0.9863440104428155,0.9851857228060459,0.9778695202739792,0.9813290722202331,0.9381526104417671,0.9266932331209635,0.9146468673515776,0.9198673279105825
562,0.0015848367602436233,0.010907886357908483,,False,0.9863440104428155,0.9856486140697555,0.9778695202739792,0.9815363734537073,0.9381526104417671,0.9266768318636603,0.9146532733701602,0.9198654344594601
563,0.001584308608239905,0.010894717691132488,,False,0.9863440104428155,0.9856492371553593,0.9778695202739792,0.9815364587477993,0.9385542168674699,0.9270398054655986,0.9150261294477142,0.9202414714262862
564,0.0015838138813925916,0.010908047280854889,,False,0.9863440104428155,0.9851935995665408,0.9778695202739792,0.9813329766634342,0.9385542168674699,0.9270780817920047,0.9150209788368002,0.9202365598197052
565,0.0015833405408145736,0.010907890753512187,,False,0.9863440104428155,0.9851935995665408,0.9778695202739792,0.9813329766634342,0.9381526104417671,0.9266932331209635,0.9146468673515776,0.9198673279105825
566,0.0015830515277003734,0.010910538472203392,,False,0.9863440104428155,0.9856500548278073,0.9778695202739792,0.9815368181640609,0.9377510040160643,0.9263135704703487,0.914272755866355,0.9194925877234454
567,0.001582623846821773,0.010903812850015394,,False,0.9863440104428155,0.9851957377463525,0.9778695202739792,0.9813339990808768,0.9381526104417671,0.9266782895702078,0.9146532733701602,0.9198690012902164
568,0.0015823825664286091,0.010899926317929657,,False,0.9863440104428155,0.9851878539532005,0.9778695202739792,0.981329743528695,0.9381526104417671,0.9266768318636603,0.9146532733701602,0.9198654344594601
569,0.0015818793423260672,0.01089150280953307,,False,0.9863440104428155,0.9856516737057821,0.9778695202739792,0.9815372077127802,0.9381526104417671,0.9284054454312027,0.9146532733701602,0.9205467643870785
570,0.0015814512157015731,0.010908944910543821,,False,0.9863440104428155,0.9856490912951066,0.9778695202739792,0.9815367710040648,0.9389558232931727,0.9274950087275783,0.9153950903220228,0.9206091655915388
571,0.0015808430116916522,0.010909463766245561,,False,0.9863440104428155,0.9851957377463525,0.9778695202739792,0.9813339990808768,0.9381526104417671,0.9267052985584624,0.9146468673515776,0.9198689561646494
572,0.0015804411398769804,0.010903898993311364,,False,0.9863440104428155,0.9851936065991977,0.9778695202739792,0.9813333277724152,0.9389558232931727,0.927468967532518,0.9153950903220228,0.9206079927007502
573,0.0015801199561135747,0.010897381368287296,,False,0.9863440104428155,0.9851936065991977,0.9778695202739792,0.9813333277724152,0.9385542168674699,0.9288114918854937,0.9150209788368002,0.9209171826831959
574,0.001579515232811697,0.010897731004229921,,False,0.9863440104428155,0.9851936065991977,0.9778695202739792,0.9813333277724152,0.9385542168674699,0.9287943251507165,0.9150273848553828,0.9209160004520318
575,0.0015791517921958467,0.010898224173155495,,False,0.9863440104428155,0.9856490912951066,0.9778695202739792,0.9815367710040648,0.9381526104417671,0.9284320485409565,0.9146468673515776,0.920543104579258
576,0.0015790696107097798,0.010903516988712073,,False,0.986444422130736,0.985730923415232,0.9779581963403091,0.9816208088091014,0.9385542168674699,0.927079308030768,0.9150319094709956,0.9202481681473151
577,0.0015784950695700766,0.010906765026002666,,False,0.986444422130736,0.9857344597652573,0.9779581963403091,0.9816232895166164,0.9385542168674699,0.9271345553955734,0.9150331648786642,0.9202422031655922
578,0.0015779856556570153,0.010902125012683221,,False,0.986444422130736,0.9857342354787922,0.9779581963403091,0.981623369771557,0.9381526104417671,0.9267044779620763,0.914665459412024,0.9198713649072617
579,0.001577602313498289,0.010901648686557129,,False,0.986444422130736,0.9852788221764391,0.9779581963403091,0.981419807432251,0.9389558232931727,0.9291781219307664,0.9153893102987415,0.9212866725043372
580,0.0015770666133005074,0.010906650645266611,,False,0.986444422130736,0.9857344597652573,0.9779581963403091,0.9816232895166164,0.9389558232931727,0.9291781219307664,0.9153893102987415,0.9212866725043372
581,0.0015768825796748272,0.010902260022465832,,False,0.986444422130736,0.985730303149831,0.9779581963403091,0.9816211255289495,0.9389558232931727,0.9291795796373139,0.9153893102987415,0.9212902393350936
582,0.00157619526077621,0.010897288446225123,,False,0.986444422130736,0.9857340896185396,0.9779581963403091,0.9816236820278222,0.9385542168674699,0.9287943251507165,0.9150273848553828,0.9209160004520318
583,0.0015757146823661364,0.010902166977137782,,False,0.986444422130736,0.9857344597652573,0.9779581963403091,0.9816232895166164,0.9389558232931727,0.9291781219307664,0.9153893102987415,0.9212866725043372
584,0.0015752621288636329,0.010900324557299572,,False,0.986444422130736,0.9857340896185396,0.9779581963403091,0.9816236820278222,0.9385542168674699,0.9288114918854937,0.9150209788368002,0.9209171826831959
585,0.00157492450528637,0.01089282266866856,,False,0.986444422130736,0.9857340896185396,0.9779581963403091,0.9816236820278222,0.9389558232931727,0.9291566162806983,0.9154002409329368,0.9212957075380659
586,0.0015741249519462984,0.010903390844475166,,False,0.986444422130736,0.9857344597652573,0.9779581963403091,0.9816232895166164,0.9389558232931727,0.9291781219307664,0.9153893102987415,0.9212866725043372
587,0.0015734915655843894,0.01090040954778966,,False,0.986444422130736,0.9857344597652573,0.9779581963403091,0.9816232895166164,0.9393574297188755,0.9295546614096843,0.9157634217839639,0.9216638185221228
588,0.0015729792894296976,0.010903773766837986,,False,0.986444422130736,0.9857344597652573,0.9779581963403091,0.9816232895166164,0.9389558232931727,0.9291795796373139,0.9153893102987415,0.9212902393350936
589,0.0015719247918091575,0.01090000473160296,,False,0.986444422130736,0.9857340896185396,0.9779581963403091,0.9816236820278222,0.9401606425702811,0.9302991498989124,0.9164925208446214,0.9223910389100973
590,0.0015708727594773702,0.010885318275087796,,False,0.986444422130736,0.9857340896185396,0.9779581963403091,0.9816236820278222,0.9393574297188755,0.9295383372973368,0.9157442978741762,0.9216511394333998
591,0.0015696938176388217,0.010897840068117516,,False,0.986444422130736,0.9857344597652573,0.9779581963403091,0.9816232895166164,0.9393574297188755,0.9295847495562636,0.9157314858370111,0.9216447411076525
592,0.0015683491159932737,0.010887033869724628,,False,0.986444422130736,0.9861941849717257,0.9779581963403091,0.9818276272174956,0.9393574297188755,0.9295847495562636,0.9157314858370111,0.9216447411076525
593,0.0015674093782582542,0.01090257343243745,,False,0.986444422130736,0.9857327761438328,0.9779581963403091,0.9816233701356221,0.9385542168674699,0.9288400044475935,0.9149954489084298,0.9209105298877654
594,0.0015663307115061907,0.01088531196768919,,False,0.986444422130736,0.986193814825008,0.9779581963403091,0.9818280197287016,0.9397590361445783,0.9299705526098931,0.9161055973222337,0.922018610545346
595,0.0015658561554497583,0.010883674916228742,,False,0.986444422130736,0.986193814825008,0.9779581963403091,0.9818280197287016,0.9389558232931727,0.9292025983342881,0.9153573743517884,0.9212767324247907
596,0.0015650618973382202,0.010885350010122223,,False,0.986444422130736,0.986193814825008,0.9779581963403091,0.9818280197287016,0.9389558232931727,0.9291972303026864,0.9153573743517884,0.9212792022644387
597,0.001564495428206573,0.010885125349304844,,False,0.986444422130736,0.9861941849717257,0.9779581963403091,0.9818276272174956,0.9393574297188755,0.9295383372973368,0.9157442978741762,0.9216511394333998
598,0.0015640753824211332,0.010880536816019212,,False,0.986444422130736,0.9861941849717257,0.9779581963403091,0.9818276272174956,0.9393574297188755,0.9295383372973368,0.9157442978741762,0.9216511394333998
599,0.0015635743216544347,0.010884460863795544,,False,0.986444422130736,0.986193814825008,0.9779581963403091,0.9818280197287016,0.9389558232931727,0.9291972303026864,0.9153573743517884,0.9212792022644387
600,0.0015633988260384472,0.010886314106456739,,False,0.986444422130736,0.986193814825008,0.9779581963403091,0.9818280197287016,0.9393574297188755,0.9295383372973368,0.9157442978741762,0.9216511394333998
