epoch,mse,validation_mse,accuracy,converged,training_accuracy,training_macro_precision_present,training_macro_recall_present,training_macro_f1_present,validation_accuracy,validation_macro_precision_present,validation_macro_recall_present,validation_macro_f1_present
0,0.40916063574777306,0.4104400130441294,,False,0.11336479566221508,0.10443899184868198,0.10595335057252638,0.09620155751620756,0.10281124497991968,0.09006013465845783,0.09470378760177195,0.08477267154040985
1,0.08800351730837223,0.08766733622942442,,False,0.30484988452655887,0.2743082917776966,0.2748695567914712,0.2553087564643019,0.306425702811245,0.27127288813590245,0.2749469579128713,0.25391971301528937
2,0.07373556219314953,0.07353985222566961,,False,0.44331760216889243,0.3658336500148619,0.3960685771462457,0.35439101649568505,0.4353413654618474,0.3565082223999482,0.3881692379285373,0.3436393942451058
3,0.06553589113371025,0.06581558794971902,,False,0.5253539511999197,0.4390087973033326,0.4711253800464348,0.4308477323309852,0.5112449799196788,0.47642359442090915,0.45781310382593926,0.41698596379989006
4,0.05901864620797378,0.05971369103131831,,False,0.5943367808012853,0.5634905740918971,0.534782074825545,0.49502135075616266,0.5907630522088353,0.5624870282144415,0.5313070489998452,0.4919869956891364
5,0.05369509538441672,0.054800890113859614,,False,0.6407269806205442,0.6184296882795459,0.5776175975545619,0.5349544963898842,0.6313253012048192,0.6051048325609193,0.5688173139734,0.5278615243151183
6,0.049549663995255386,0.05089446143526717,,False,0.6763731298323125,0.6702888527140158,0.6104545629439985,0.5666918421877636,0.6662650602409639,0.6631982382747701,0.6010187307134416,0.5583692464820207
7,0.04645937647872279,0.04787451086747771,,False,0.6966562907922482,0.6963469511199669,0.6290400870122288,0.5850998713306592,0.6839357429718875,0.6905269918653136,0.6172011968259856,0.57426679068839
8,0.04395350184400299,0.045541321955054365,,False,0.7170398634401044,0.7291729429409561,0.6477902469887004,0.606510228012105,0.7012048192771084,0.7053812717209489,0.6330816468890322,0.5923087428312174
9,0.041754370107456834,0.04344425878507833,,False,0.7351139672657897,0.7469696043506975,0.6645075353165893,0.628518125231012,0.7188755020080321,0.7228357944433819,0.6494275135136489,0.6132030307071115
10,0.039525751209021166,0.041286893571793624,,False,0.7569033035445326,0.7643330146839259,0.6846670018471432,0.659913388434314,0.7377510040160643,0.7381993105908542,0.6670433745908891,0.6416094962669963
11,0.0369983794565634,0.038960512644232725,,False,0.7857214579777086,0.7860031658312937,0.711512466948212,0.6980462407641385,0.7674698795180723,0.7667605212458404,0.694901115622916,0.6817033409790842
12,0.03453296907511183,0.0366142411441185,,False,0.8050005020584396,0.8041242774997651,0.7294507564936243,0.7191520421673361,0.7871485943775101,0.7851221688512904,0.7131605203013829,0.7029917160953929
13,0.03252841248679548,0.03467300404801948,,False,0.8156441409780099,0.8140251192762189,0.7392869024176805,0.7297498002838838,0.7963855421686747,0.7948087788171438,0.7217581391476814,0.7123749866855406
14,0.030927395461321665,0.033133004650350024,,False,0.8276935435284667,0.8262171321477408,0.7504313934866795,0.7416057579129814,0.8096385542168675,0.807985068643241,0.7339951351216016,0.7251906917584385
15,0.02961586174211574,0.031860083310954135,,False,0.8361281253137866,0.8348924697446449,0.7582812907848443,0.7496266587719129,0.8168674698795181,0.8151550666716464,0.7406698131906359,0.7319577193826245
16,0.028500934437402925,0.03074935050701972,,False,0.8416507681494126,0.8405736265641,0.7634182269383814,0.754698855593742,0.8220883534136546,0.8207269491021278,0.7454344563942095,0.7367633283889506
17,0.027538279940676997,0.02979404737495903,,False,0.8471734109850386,0.8460394965609772,0.7685301571836793,0.7598513627152197,0.8313253012048193,0.8299127332768212,0.7539364859809841,0.7452821336738474
18,0.026681356990228083,0.028976668467253244,,False,0.8510894668139372,0.8500784122732002,0.7721099432895332,0.7634921099425033,0.8357429718875502,0.8343914859081567,0.7579980610482973,0.7494068095647031
19,0.025915393831114412,0.028222704901220967,,False,0.8551059343307561,0.8541529035156077,0.7758233443687831,0.7671598812837447,0.8401606425702811,0.8390223261441099,0.7620941974058951,0.7534978200501355
20,0.025239182087805043,0.027535901065174194,,False,0.8585199317200523,0.8575074605618707,0.7789571679932858,0.7702725987924279,0.8457831325301205,0.8446172065322383,0.7672823307399324,0.7586230864324693
21,0.024618402848154003,0.026930804169436964,,False,0.8625363992368712,0.8616668112742818,0.7826620827187779,0.7739176992071085,0.8465863453815261,0.8456236982487809,0.7680393933633057,0.7594229556698218
22,0.024066880900329404,0.0264149562531734,,False,0.8657495732503263,0.8647044288054011,0.7855854239776197,0.7767319002489057,0.8497991967871485,0.8485510129035817,0.7709643429065524,0.7621451522047759
23,0.02356394778949389,0.025915472883449912,,False,0.8685611005120996,0.8675997326700461,0.7881928381245848,0.7793018739474256,0.8538152610441767,0.8525577077855686,0.774710719480621,0.7657972397863361
24,0.02308506185179492,0.025482511283677543,,False,0.870970981022191,0.8701565489874395,0.7903674351250233,0.7814735480862384,0.8566265060240964,0.8554084312192509,0.7772228384919043,0.7683159379703414
25,0.022624470963653318,0.02504516741844244,,False,0.8739833316598052,0.873046206639605,0.7931649296468043,0.7842814475285359,0.8546184738955823,0.8533145562072546,0.7752982306840642,0.766543422539165
26,0.02222808718760702,0.024665678057031123,,False,0.8760919771061352,0.8752621084115311,0.7951329489831843,0.7863324112063802,0.857429718875502,0.856367055520703,0.777936443373108,0.7692097549743541
27,0.021838425619476815,0.02428226114559258,,False,0.8778993874887037,0.8769109174541918,0.7967644509746724,0.7878445161019629,0.8578313253012049,0.8565289919643166,0.7783039600504628,0.7694526645395037
28,0.02147601969453855,0.023943061741922882,,False,0.8797067978712723,0.8787694478897154,0.7984511214854885,0.7895224905650148,0.8598393574297188,0.8586388495908296,0.780117934993134,0.7712916775782832
29,0.021140702914764033,0.023656229666530963,,False,0.8811125615021589,0.8802601776396202,0.799718673203972,0.7907919138313182,0.8610441767068273,0.860011586238914,0.7812562471611242,0.7723724405087132
30,0.020820129409706952,0.023357438436774874,,False,0.8817150316296817,0.880878989459301,0.8002489839718901,0.7913374414886559,0.8634538152610441,0.8624092173980171,0.7834148108943761,0.7745647839573752
31,0.020528327476524548,0.02310713023213534,,False,0.8840245004518525,0.8831933778643822,0.8023626976292523,0.7933760496570005,0.8642570281124498,0.863285692079682,0.7842202508260486,0.7753450249392619
32,0.020250765260726063,0.022847332418518822,,False,0.8855306757706597,0.8845765273727964,0.8037454691318134,0.7947304750023348,0.8642570281124498,0.8630057899339759,0.7841353276986857,0.7752211818984597
33,0.019990303118048114,0.02261994168357448,,False,0.8866352043377849,0.8858070869429018,0.8047932973611582,0.7957579181684598,0.8666666666666667,0.8654481633546822,0.7863310755528308,0.7774269150254417
34,0.01972409811447478,0.0223916637683247,,False,0.8890450848478763,0.8882445099817314,0.806984337759833,0.7979820308443841,0.8666666666666667,0.8657575305625493,0.7863124953919344,0.7774548220543764
35,0.019489143898525477,0.02216941408759978,,False,0.8899487900391606,0.8890875342232449,0.8078110202799581,0.7987551704810445,0.8678714859437751,0.8669209997171139,0.7874514335552258,0.7785183877660881
36,0.019264889040366204,0.02200702562991755,,False,0.8910533186062858,0.8903688694804326,0.8088121698944446,0.7998166092777288,0.8674698795180723,0.8665914069930285,0.7870709075689363,0.7781768960568248
37,0.01904154479084186,0.021800962374061282,,False,0.8926599056130133,0.8918356094499711,0.8103054467802401,0.8012307810109864,0.870281124497992,0.8692740531770917,0.7897031344804452,0.7807353058516012
38,0.018835898270213217,0.021633770279385248,,False,0.8933627874284567,0.8926059298899476,0.8109811600294993,0.8018918805151062,0.8698795180722891,0.8688457876397179,0.7893061158974608,0.7803703778048424
39,0.01863685892711692,0.02145719437701104,,False,0.8942664926197409,0.9053872666199848,0.8122303962767106,0.8037893442867432,0.8698795180722891,0.8689109419551448,0.7893124362525675,0.7804409129036137
40,0.018448412432818483,0.02133189254035764,,False,0.8953710211868662,0.9064315794191842,0.8132063960168184,0.8047277088492523,0.8698795180722891,0.8689431754841996,0.7893116863424445,0.780375885925403
41,0.018271873699029828,0.02118283405183836,,False,0.8968771965056732,0.9077343783382263,0.8145820333175474,0.8060432732353224,0.8698795180722891,0.8687718769550439,0.7892951852632655,0.7803493934018618
42,0.018088366300253803,0.021027448455150168,,False,0.8972788432573552,0.9079576640901892,0.8149415820802222,0.8063903867905539,0.8706827309236947,0.8697387277422797,0.7900142489811591,0.7810918197230371
43,0.01791857711665049,0.020874080438977177,,False,0.8985841952003213,0.909127800449832,0.8161865400568532,0.8076391087323825,0.8698795180722891,0.8688521470203188,0.7893022291766995,0.7803641924393844
44,0.017762650533194153,0.020764649393853724,,False,0.8991866653278442,0.9097632763456599,0.8167140785506276,0.8082097645133713,0.8714859437751004,0.8706119625316955,0.7907438798911579,0.7818492528934508
45,0.01760886827043527,0.02061815952232092,,False,0.8999899588312079,0.9103725318964323,0.8174925601018638,0.8089514547194359,0.8706827309236947,0.869778304968736,0.7900497285888174,0.7811651071179366
46,0.01746123940472999,0.020502817484769936,,False,0.9011948990862536,0.9114488213296982,0.8186023041808185,0.8100442963621366,0.8718875502008032,0.8710555970617029,0.7911797329532205,0.7822715416776228
47,0.017310503779707814,0.020393186038819736,,False,0.9015965458379356,0.9118328360099474,0.8189291431136166,0.8103703766454913,0.8726907630522088,0.8717790352639667,0.7918616982136971,0.7829155610971588
48,0.017169480833187412,0.020278161137134473,,False,0.9019981925896174,0.9121887066547961,0.8193158638743565,0.8107368944976292,0.8726907630522088,0.8717430985519126,0.7918844599301501,0.7829670740568061
49,0.01704447584054892,0.02017554961358477,,False,0.9033035445325835,0.913342783356494,0.8205304409683054,0.8119558428854217,0.87429718875502,0.8735622787281707,0.7934198857314275,0.7845030126786099
50,0.01690443491598786,0.020071811487836905,,False,0.9039060146601064,0.913918557641778,0.8210763039795371,0.8124913585517349,0.8755020080321285,0.8746762976122137,0.7944665137938659,0.7855420887347392
51,0.01678101932819374,0.01998023403576972,,False,0.903604779596345,0.9137112207668405,0.8207886098867461,0.8122342160937108,0.8759036144578313,0.875037931620743,0.7948271838295561,0.7859100147832103
52,0.016659567531259814,0.019885291916304913,,False,0.9050105432272316,0.9149082850491372,0.8220971863812474,0.8135012632600226,0.876706827309237,0.8758153999172031,0.7955792935207624,0.7866498599315261
53,0.016538051628444836,0.019782294045676156,,False,0.9057134250426749,0.9155682846486596,0.8227551472659859,0.8141509313654764,0.8791164658634538,0.8783701422934083,0.7978303769331649,0.7888990625753227
54,0.016424007769898517,0.01968236623916627,,False,0.9059142484185159,0.9157650308304471,0.8229530905846357,0.8143336268283652,0.8783132530120482,0.8774951064465617,0.7970808900725669,0.7881594719049269
55,0.016315071624299245,0.019600617466337986,,False,0.9063158951701978,0.9161493338135599,0.823306881198358,0.8147118762115879,0.8783132530120482,0.8776091357858128,0.797093607963772,0.788197387110271
56,0.01620684504542467,0.019512484618793045,,False,0.9069183652977206,0.9166665187748949,0.8238701102628787,0.815269083568347,0.8803212851405623,0.8796803811885451,0.798953869233475,0.790063303963293
57,0.01610106385387478,0.01943810189600244,,False,0.907420423737323,0.9171637847131476,0.8243262134088655,0.8157312199910658,0.8799196787148594,0.8793171978332843,0.7985708324318487,0.7897081121319752
58,0.015995576746846474,0.01935695447620388,,False,0.9079224821769254,0.9176322228784627,0.824792098392996,0.8161834507712759,0.8811244979919679,0.880471323115741,0.7996868550148939,0.7907988898709024
59,0.015894707770889423,0.019277362404102064,,False,0.9086253639923687,0.9182007457063932,0.8254269529183182,0.8167652790993394,0.8799196787148594,0.8791707023955632,0.7985670313745632,0.7896388736420568
60,0.0157968436520995,0.01919203942095993,,False,0.9088261873682096,0.9183280855972369,0.8256070178529544,0.816935416920517,0.880722891566265,0.8800236724451521,0.7993139989373397,0.7903925025231844
61,0.01570868634510689,0.019120832208063303,,False,0.9097298925594939,0.9191723534859949,0.8264384127681935,0.8177836705870021,0.8811244979919679,0.8805299317263808,0.79970723433235,0.7908078928240574
62,0.015612260409783576,0.019052128397327724,,False,0.9102319509990963,0.9196059572959309,0.8268910697289701,0.8182464712028511,0.8827309236947791,0.8821128994819647,0.8011942400724638,0.7922933162121358
63,0.015521713810380679,0.018977283336410876,,False,0.9107340094386986,0.9200994848905799,0.8273553971838482,0.8186959302730172,0.8835341365461847,0.8829478325123612,0.8019071603249857,0.793035194572862
64,0.015431050109006516,0.01890246410869251,,False,0.9104327743749372,0.9198012704028486,0.8270752427893028,0.8184063984276975,0.8823293172690763,0.8816419489226794,0.8008265346058239,0.7919103947975971
65,0.015359687125849595,0.018826005160421957,,False,0.9109348328145396,0.9202604577761391,0.8275486719682463,0.8188448079582137,0.8819277108433735,0.880713268045847,0.8004549509009068,0.7913262434099804
66,0.01526234588729175,0.018756232825263498,,False,0.9109348328145396,0.9202615307386017,0.827538431061154,0.8188550081387709,0.885140562248996,0.8840381598493103,0.8034234791814439,0.7943090779381371
67,0.015178128690748046,0.018693609751359985,,False,0.9117381263179034,0.9209879528994964,0.8282810962031808,0.8196207556851582,0.8855421686746988,0.8844905507774681,0.803796335258998,0.794693321903027
68,0.015102552725928479,0.018633017436855113,,False,0.9123405964454262,0.9215017236674472,0.8288606309937213,0.8201889918512011,0.8855421686746988,0.8845845685602886,0.8038263898029812,0.7947241234955621
69,0.01502226447243003,0.01856049410049154,,False,0.9127422431971082,0.9218641264994302,0.829204689313539,0.8205394806956189,0.8863453815261044,0.8853021926633585,0.8045420474141061,0.7954358714293221
70,0.014941798227416264,0.0185027259280337,,False,0.9130434782608695,0.9221408694361869,0.829480327840425,0.8208124204251942,0.8859437751004016,0.8848768918354234,0.8041691913365521,0.7950537765912775
71,0.014869660827962696,0.01844080865421217,,False,0.9127422431971082,0.9218874541606648,0.8292204887819045,0.8205603639620822,0.8863453815261044,0.8853459209874746,0.804539310055503,0.7954594299393376
72,0.014795390419693114,0.018373605082227594,,False,0.9138467717642333,0.9228209642970513,0.8302248342456746,0.8215285586192951,0.8867469879518072,0.8856960696350042,0.8049039728574647,0.7958026625162034
73,0.014724899859609406,0.018338457760976107,,False,0.9136459483883924,0.9226908602415248,0.8300367712407236,0.8213781069344827,0.88714859437751,0.8862180711216214,0.8052837583204585,0.7962314511619981
74,0.014650947869740876,0.018277978228669067,,False,0.9145496535796767,0.9234791298743237,0.8308652120072004,0.8221840951174827,0.88714859437751,0.8861632061482274,0.8052768204525346,0.796205310887784
75,0.014582407717016594,0.01822170822011415,,False,0.9149513003313585,0.9238668865713584,0.8312166489271122,0.8225513851824725,0.8875502008032129,0.8865845800719163,0.8056387458958932,0.7965787797535246
76,0.014517893967621303,0.01815519281335844,,False,0.91525253539512,0.9241361777808168,0.8315079449542448,0.822807749221188,0.88714859437751,0.8861724665738664,0.8052715722785945,0.7962218310861816
77,0.014457198727523804,0.018131215754103647,,False,0.915051712019279,0.9240291625467224,0.831316844861332,0.8226874560846154,0.8879518072289156,0.8871319046477278,0.806034500588725,0.7969871253338809
78,0.014381205850700343,0.018057479561436725,,False,0.9159554172105633,0.924782312005742,0.8321502141444567,0.8234514435271595,0.8883534136546185,0.8873715359635899,0.80637731060478,0.7972874280759994
79,0.014315834295790211,0.018017073084436497,,False,0.9161562405864042,0.9249699688920592,0.8323257291858928,0.8236376050969576,0.8891566265060241,0.8881667231395562,0.8071242781675567,0.7980261318363129
80,0.014252343412859813,0.01796828966340794,,False,0.9166582990260066,0.9254252808155632,0.8327860550145866,0.8241015754314372,0.8883534136546185,0.8874093137666779,0.8063785660124486,0.7972942254269576
81,0.014190962165574873,0.01792010554323943,,False,0.9172607691535295,0.9259370354869123,0.8333562786719083,0.82465868782651,0.8887550200803213,0.8878148440995839,0.8067514220900027,0.7976676240097674
82,0.014132556702553062,0.0178800079935905,,False,0.9174615925293704,0.9262089925408173,0.8335218031919263,0.8248331975436428,0.8879518072289156,0.8869969784500825,0.8060057099348945,0.7969248491149926
83,0.014070182200352074,0.017812852377863692,,False,0.9176624159052114,0.926280419211415,0.8337216026329644,0.8250084756534153,0.8883534136546185,0.8873965847193843,0.8063964345145679,0.7973100108057111
84,0.014017335616612444,0.01778467487058035,,False,0.9180640626568932,0.9266698201741913,0.8340988278634411,0.825414818531456,0.8895582329317269,0.8887454682670344,0.8074741151320777,0.7984385923254437
85,0.013953117945887385,0.017720902611439132,,False,0.9183652977206547,0.9269546730937167,0.8343644641871862,0.8256542717689201,0.8883534136546185,0.8873853614681104,0.8063639667182737,0.7972894277732088
86,0.013898835952827846,0.01770615099351177,,False,0.9184657094085752,0.9271232847727047,0.8344333916538249,0.8257445828924764,0.88714859437751,0.8862473922892318,0.8052741976219262,0.7962265423652584
87,0.013843469687026088,0.01765524372483598,,False,0.9189677678481776,0.9274575455051683,0.83491898519125,0.8262099112980743,0.8879518072289156,0.8870791501107499,0.8060020412749149,0.7969498347913917
88,0.013784341504386849,0.017582037062882444,,False,0.9192690029119389,0.9277717866579306,0.8351938941959656,0.8264780165970748,0.8883534136546185,0.8873527556511454,0.8063709045861975,0.7973028231033455
89,0.013729697617065599,0.017547963677932876,,False,0.9194698262877798,0.9280057381417299,0.8353672589747353,0.8266660124214933,0.8887550200803213,0.8877837873033385,0.8067450160714201,0.7976846644823392
90,0.013675928175255241,0.01751672569850901,,False,0.9194698262877798,0.9279813791635841,0.8353674587311539,0.8266680447816436,0.8895582329317269,0.8886486969788409,0.8074781078983491,0.7984104013399352
91,0.013627858063563297,0.01747175752371558,,False,0.9201727081032233,0.9285956233791022,0.8360277317296025,0.8272978273317366,0.8883534136546185,0.8874394613974017,0.806401682688508,0.7973294529099693
92,0.013571081948621638,0.017428641262977138,,False,0.9200722964153027,0.9285305798379674,0.8359393197232803,0.8272319192930657,0.8899598393574297,0.8890809233363313,0.807870087885691,0.7988003008896548
93,0.013520398811809687,0.017371919124998674,,False,0.9204739431669846,0.9288853923432714,0.8363076641509181,0.8275850136249265,0.8903614457831325,0.8893679409878397,0.8082719021199831,0.7991876438128876
94,0.01347202779828586,0.01735139776998126,,False,0.9199718847273822,0.9284998213093085,0.8358501528836145,0.8271504280074177,0.8907630522088353,0.8898473838704537,0.8086217390845039,0.7995473324905552
95,0.013420855243222264,0.017306449780522294,,False,0.9206747665428255,0.9290878264329007,0.8364912600610528,0.8277779064741677,0.8907630522088353,0.8898655250552934,0.8086396075866231,0.799562879561669
96,0.013373092840637943,0.017284802835130435,,False,0.9207751782307461,0.9291694863297457,0.8365864906636286,0.8278742879337875,0.8907630522088353,0.8899061794403116,0.8086403311449505,0.7995593142812626
97,0.013321851324061794,0.01723210341256666,,False,0.9211768249824279,0.9295140147323137,0.8369604474824148,0.8282358971255481,0.8919678714859438,0.8910975711878679,0.8097479687434173,0.8006818879705795
98,0.013273162050127508,0.017186094777278803,,False,0.9215784717341099,0.9298766153004246,0.8373413369218334,0.8285954913912366,0.8919678714859438,0.891063029346332,0.8097479687434173,0.8006738390018172
99,0.013227608483045881,0.017168523691080732,,False,0.9216788834220303,0.9299651126342242,0.8374299336611606,0.8286815082233235,0.8919678714859438,0.891063029346332,0.8097479687434173,0.8006738390018172
100,0.013184507695122067,0.017104703114768555,,False,0.9221809418616327,0.9304412746678516,0.8379066097102043,0.8291515487155955,0.8907630522088353,0.8897798540345231,0.8086608309601624,0.7995808481648766
101,0.013134186216968144,0.01706591628825754,,False,0.922883823677076,0.9310573448030764,0.8385529219596207,0.8298005702490454,0.8919678714859438,0.8910524297707689,0.8097543747619999,0.8006881288647738
102,0.013088707619352763,0.017052696417339797,,False,0.9227834119891556,0.9310086699606788,0.8384540198714286,0.8297177106516919,0.8919678714859438,0.8910743561724505,0.8097479687434173,0.8006819751048813
103,0.013046051775732835,0.017028546684287094,,False,0.922883823677076,0.931073108454809,0.8385456318586892,0.8298017352104019,0.8919678714859438,0.8910975711878679,0.8097479687434173,0.8006818879705795
104,0.013002902278134151,0.01697832645279831,,False,0.922883823677076,0.9311398240380088,0.8385433063840373,0.8297846439774106,0.8919678714859438,0.8909089845018383,0.8097615043389097,0.8006348627889278
105,0.012957310119599191,0.016942721315585878,,False,0.9234862938045989,0.9316416505737882,0.8390963160727896,0.8303593788088897,0.8919678714859438,0.8909170558216668,0.8097295683919569,0.8006186047866188
106,0.012915498252874443,0.01690482534900532,,False,0.9241891756200422,0.9322137327940266,0.8397648925261021,0.830989931922237,0.8919678714859438,0.8909826496041843,0.809747436894076,0.8006464125697537
107,0.012871690830436027,0.0168622914264882,,False,0.924791645747565,0.9327764192852153,0.8407384593516074,0.8324979622964724,0.8927710843373494,0.8917055402337941,0.8104893479918985,0.8013500874270908
108,0.01283122130503688,0.016848994331590338,,False,0.9246912340596446,0.9327503681207924,0.8406397050211699,0.832432291001166,0.8939759036144578,0.8930330621344942,0.8115763797296431,0.8024850488661452
109,0.01278720498684696,0.016815212887288447,,False,0.9245908223717241,0.9326166601503529,0.840549832715861,0.8323315943885073,0.8919678714859438,0.8910396810682286,0.8097620361882509,0.8006831685807693
110,0.012745757159810994,0.016768289184235483,,False,0.9249924691234059,0.9329742061918869,0.8409263185569207,0.8326877241734961,0.8927710843373494,0.8917747250272947,0.8104975412674909,0.8013840842051301
111,0.01270581020021159,0.016741797314827497,,False,0.9249924691234059,0.9329501920860144,0.8409216239416444,0.8326697144838495,0.893574297188755,0.8925784073929446,0.8112144542862845,0.8021046494249326
112,0.01266699309827296,0.016714875216966345,,False,0.9251932924992469,0.9331975574647318,0.841105570992907,0.8328956237105181,0.8931726907630522,0.8922540667943873,0.8108408746504031,0.8017769415895442
113,0.012630256498965346,0.016675704957763115,,False,0.9257957626267698,0.9337679259520885,0.8416621460612627,0.8334382058943334,0.8939759036144578,0.8930182903229424,0.8115763797296431,0.8024915362957994
114,0.012586793790910402,0.016651361225178067,,False,0.9256953509388492,0.9336197250925097,0.8415627890835001,0.8333409821653994,0.8939759036144578,0.8930241660187115,0.8115687183033921,0.8024955184222016
115,0.012547427617623315,0.016632845127871707,,False,0.9256953509388492,0.9336276680191978,0.8415660093065007,0.8333372339985247,0.893574297188755,0.8925831468799039,0.811195862225838,0.8021023493162912
116,0.012508105282717574,0.016588520209766332,,False,0.9260969976905312,0.9340097286880599,0.8419421003822003,0.8337090275220773,0.8939759036144578,0.8929868624073938,0.8115763797296431,0.8024765318504186
117,0.012471190865526434,0.016551628042452273,,False,0.9261974093784516,0.9340588707693477,0.8420333657854123,0.833784262160923,0.8943775100401606,0.8934118866871857,0.8119492358071972,0.8028585766787306
118,0.012432885820253235,0.016532094345909628,,False,0.9262978210663722,0.9341622456853373,0.8421272889562585,0.8338800769110862,0.8943775100401606,0.8934118866871857,0.8119492358071972,0.8028585766787306
119,0.012398381942738283,0.016509583440018637,,False,0.9259965860026107,0.9338883206941895,0.8418562818399236,0.833608411903892,0.893574297188755,0.89263849585883,0.8112323227884036,0.8021452410077304
120,0.012360035937568193,0.016474946839146437,,False,0.9261974093784516,0.9340543784959523,0.8420386128899289,0.8337868343550666,0.8947791164658635,0.8938409745499305,0.8123367972244365,0.8032150759576867
121,0.012326469869129103,0.016448898991755275,,False,0.9269002911938949,0.9346706948916368,0.8426893519879636,0.8344183768357172,0.8951807228915662,0.8942005318482633,0.8126770794601862,0.8035814649409309
122,0.012294619907403333,0.01640436095375635,,False,0.9274023496334973,0.9351614415854824,0.8431612817226105,0.8348699021574837,0.8951807228915662,0.8941690319465805,0.8127115347049604,0.8035585573390502
123,0.012248161185614535,0.01638481733227176,,False,0.9267998795059745,0.9346175543945436,0.8425866123252458,0.8343299991527956,0.8947791164658635,0.8937994018501075,0.8123246111825726,0.803203994728343
124,0.012215302000378696,0.016350881850148793,,False,0.9271011145697359,0.9348529906332926,0.8428740565035334,0.8345969056710318,0.8963855421686747,0.8954184979074901,0.8138198101982788,0.8046672442164803
125,0.01217736295374973,0.01633125286210331,,False,0.9270007028818155,0.9348094698914594,0.8427724446490429,0.834514220827933,0.8951807228915662,0.8942367658688568,0.8126987226677952,0.8035858234355513
126,0.012145110302140624,0.016313077222934683,,False,0.9275027613214178,0.9352207872853096,0.8436593121316501,0.8359145221963006,0.8963855421686747,0.8954470938804799,0.8138249523267085,0.8046850535945406
127,0.012109238160474965,0.016282201814046604,,False,0.9277035846972588,0.9354642458366355,0.8434084764009506,0.8351624962896876,0.8959839357429719,0.8950471364264279,0.8134265663207841,0.8043183554411013
128,0.0120751188225226,0.01623926690915015,,False,0.9282056431368612,0.9358808465571351,0.8443011489645184,0.8365680633970781,0.8963855421686747,0.8953990346528096,0.8138070838245892,0.8046653957065277
129,0.012040758023954575,0.01622858535537403,,False,0.9276031730093383,0.9353770915516298,0.8437353205969897,0.8360238020753471,0.8959839357429719,0.8950586750896286,0.8134265663207841,0.8043252256567097
130,0.012011855271952983,0.016210126980564628,,False,0.9281052314489406,0.9358376190506793,0.8446239960019025,0.8374190077367942,0.8959839357429719,0.8950219920311719,0.8134342277470351,0.8043059015630036
131,0.011978230390883462,0.01616218002365767,,False,0.928808113264384,0.9364534048673074,0.8456945484973742,0.8389775438746306,0.8967871485943775,0.895741091774909,0.8141901206262158,0.8049887061204916
132,0.011942176315622605,0.016135566055721043,,False,0.9291093483281454,0.9366855767398735,0.845976463129325,0.8392557035940041,0.8971887550200803,0.8961252230444228,0.8145739073379653,0.8053504935498106
133,0.01191221601378708,0.016119781127599504,,False,0.9290089366402249,0.9366570649142809,0.8462920380409253,0.8400956921750634,0.8967871485943775,0.895776950450766,0.8141901206262158,0.8050137158119227
134,0.011876551496089835,0.016093657621407832,,False,0.9295109950798273,0.9370826532715602,0.8463398364459498,0.8396302514858865,0.8963855421686747,0.8952917757311698,0.8138128723303549,0.8045992335265875
135,0.011844891857604681,0.016071835246327194,,False,0.9295109950798273,0.937076742335878,0.8467544338751586,0.8405444132431219,0.8971887550200803,0.8961786160167018,0.8145629767037698,0.8053788225609786
136,0.01181365234610481,0.016035486821176677,,False,0.9295109950798273,0.9370985595147769,0.8467577462887821,0.8405508350873602,0.8979919678714859,0.8969780580738909,0.8152977582246825,0.8061159874852002
137,0.011781080582645624,0.016036742648235396,,False,0.9294105833919069,0.9369596380474139,0.8470814388829712,0.841377131862902,0.8971887550200803,0.8961548526370363,0.8145315810886424,0.8053543260049406
138,0.011747804792908538,0.016005306015637138,,False,0.9302138768952706,0.9376646640779129,0.8478246184530347,0.8421126096945657,0.8971887550200803,0.8961230829172278,0.814550173149089,0.8053423603858783
139,0.01171528385578177,0.015978480264410542,,False,0.9299126418315092,0.9374260914915236,0.8475456696506589,0.8418263154215113,0.8975903614457831,0.8965302255886767,0.814930690652894,0.8057128038886645
140,0.011684615616684081,0.01595411991846975,,False,0.9302138768952706,0.9376750640925215,0.8478180578771615,0.8420987287420112,0.8971887550200803,0.8961230829172278,0.814550173149089,0.8053423603858783
141,0.011653546459735294,0.015930361599947433,,False,0.930515111959032,0.9379788671927345,0.8480984529943805,0.8423858467285343,0.8975903614457831,0.8965707417097977,0.8149120985924476,0.8057252356156835
142,0.011624066328816214,0.015905961017546627,,False,0.9303142885831911,0.9377576870044046,0.8479070664342507,0.8421952127174035,0.8979919678714859,0.8970033691082966,0.8152862100776702,0.8061073119836908
143,0.011593881036449215,0.01588087443570529,,False,0.9308163470227935,0.9382031676317537,0.8483677323912975,0.8426411097612531,0.8975903614457831,0.8965931673639851,0.8149312225022354,0.8057432445323143
144,0.011561704322203341,0.015860701210310874,,False,0.9308163470227935,0.9382256480984831,0.8483628479857283,0.8426436443983979,0.8979919678714859,0.8969776192542513,0.8152926160962528,0.8060870331045994
145,0.011532961439154932,0.01583768111018117,,False,0.930715935334873,0.93812015391195,0.8486881393926136,0.843449547579525,0.8983935742971888,0.8974129752563611,0.815673133600058,0.8064741232197691
146,0.011502564477511022,0.015824065529894234,,False,0.9310171703986344,0.9383649265413276,0.8493875444120411,0.8446188286663223,0.8995983935742972,0.8986656044339687,0.8167845459040145,0.8075732073758648
147,0.011471481884138195,0.01579229621561514,,False,0.9313184054623959,0.9386410072018871,0.8496649103262209,0.8448979655589571,0.8991967871485944,0.798714426637865,0.8164040284002093,0.807341773796535
148,0.011444735362567258,0.015778721763642464,,False,0.9313184054623959,0.938711326958273,0.8496605672140977,0.8449056243804031,0.8991967871485944,0.7987402884175149,0.8163905784681927,0.807375681008264
149,0.011414281011071623,0.015751251786128868,,False,0.9312179937744753,0.9385290200754302,0.8499922385807482,0.8456968198744909,0.8987951807228916,0.7983320494209827,0.8160421029568509,0.8069681666406735
150,0.011389764306240814,0.015719770522751995,,False,0.9315192288382368,0.9288342141528694,0.8502818152275846,0.845977802370298,0.8995983935742972,0.7991055138472546,0.8167896880324444,0.8077403730762783
151,0.01135595122975807,0.01572120610292403,,False,0.9314188171503163,0.9217654398068235,0.8505982729185697,0.84674462250991,0.8991967871485944,0.7987366006436953,0.8164040284002093,0.8073474293385788
152,0.011327326650854473,0.01570504250286508,,False,0.9315192288382368,0.9230773289567787,0.8511103840855448,0.8477089343365198,0.8995983935742972,0.799130076778707,0.8167717338668494,0.8077378108725335
153,0.01129690870810729,0.015675135509047724,,False,0.9319208755899187,0.9234202135762971,0.8514878582930218,0.8480702315505979,0.8991967871485944,0.79874885928147,0.8164040284002093,0.8073435774045593
154,0.011267580779413911,0.015643644719505165,,False,0.932422934029521,0.9239417090278421,0.8519290317658685,0.8485329039576208,0.9004016064257028,0.7998214203567103,0.8175032546623021,0.8084669277688677
155,0.011240352528545007,0.015634098308678318,,False,0.9325233457174416,0.9267418995607044,0.8532962552371439,0.8511745218534894,0.9012048192771084,0.8005976573785444,0.8182624082669427,0.8092216216707944
156,0.011208619299034021,0.015605950960988386,,False,0.9330254041570438,0.9272300973265124,0.8537540066141855,0.8516350267410306,0.9012048192771084,0.8006008017187725,0.818264927564764,0.8092016985907475
157,0.011183426355445282,0.015576405535973807,,False,0.9331258158449643,0.9273266200086281,0.8538572225073996,0.8517291215776868,0.9008032128514056,0.8557126534166037,0.819579459891473,0.8126029560801895
158,0.011152297735976337,0.01556332362633525,,False,0.9329249924691234,0.9271281164425917,0.8536760064020009,0.851546406506805,0.9020080321285141,0.8568038409849604,0.8207043221274463,0.8136880668286705
159,0.011123667606515616,0.015535293105517763,,False,0.9331258158449643,0.9219613682863059,0.8538618387257979,0.8517166719521148,0.9020080321285141,0.8568343625707023,0.8206972782140122,0.8137114025076552
160,0.011095558118454583,0.015513989036550822,,False,0.9334270509087258,0.9185992938022439,0.8545464677975827,0.8527961434308972,0.9028112449799197,0.857511573627325,0.8214326976297764,0.8144262654809294
161,0.011069184489113041,0.015507890201493617,,False,0.9330254041570438,0.9088711176532787,0.8537559641348251,0.8515731536069163,0.9032128514056225,0.8578944598214348,0.8217876852052114,0.814788894158859
162,0.011042800013441925,0.015494143203783759,,False,0.9335274625966462,0.9153772820145711,0.8563299295506803,0.8560773390173352,0.9032128514056225,0.8579189311890554,0.8218132151335816,0.8148157201226479
163,0.011010195669175589,0.015454876674625445,,False,0.9341299327241691,0.9177759567474438,0.8577187384852581,0.8581913541126273,0.9036144578313253,0.8582678685196936,0.8221937326373868,0.8151762574918678
164,0.010982144702492827,0.015442188452913331,,False,0.93433075610001,0.9179510213779449,0.8579054798484701,0.85837788568666,0.9036144578313253,0.8582726192832342,0.8221682027090166,0.8151784525595661
165,0.01095533032710941,0.01542093474365411,,False,0.9342303444120895,0.9178895905645028,0.8578132132152202,0.8582858726254005,0.9044176706827309,0.8590082348849432,0.8229106456561802,0.8159124124720137
166,0.010925024959996052,0.015396725619439345,,False,0.934531579475851,0.9196904091112414,0.8589345563724229,0.8600969888931738,0.9036144578313253,0.8400287388622493,0.822186794769463,0.8152570147239434
167,0.010899117813322258,0.015395171871254363,,False,0.9349332262275328,0.9207808556155447,0.8597093822332786,0.8612292990148053,0.9040160642570281,0.8586627459539424,0.822530128152375,0.8155667194473225
168,0.010868931586705547,0.015363258504029231,,False,0.9348328145396124,0.9179698629483357,0.8596224648612942,0.8610898975294762,0.9036144578313253,0.8400670990311121,0.8221682027090166,0.8152843029236875
169,0.010840876702835676,0.01534382100227321,,False,0.9349332262275328,0.9187789479567208,0.8601344976313915,0.861926070561156,0.9036144578313253,0.8400670990311121,0.8221682027090166,0.8152843029236875
170,0.010812319250749209,0.015318039888246761,,False,0.9349332262275328,0.9187907374037958,0.8601412995466714,0.8619281379801107,0.9036144578313253,0.8400285707434305,0.8221746087275991,0.8152622540883847
171,0.010785259946126781,0.015296105309176062,,False,0.9349332262275328,0.9177071444362722,0.8609833967358083,0.8633466398312696,0.9036144578313253,0.8401059720075907,0.8221758641352674,0.815292709897403
172,0.010756366092940714,0.01527220875040052,,False,0.9353348729792148,0.9187224123544593,0.8617707685385692,0.864440379335385,0.9036144578313253,0.840037439216117,0.8221855393617945,0.8152819463700824
173,0.01072835406865056,0.015248406449414161,,False,0.9357365197308967,0.9168587990758569,0.8621419782965929,0.8647475355813238,0.9028112449799197,0.8303583590688253,0.8214482385430605,0.8146244569605433
174,0.010700500589687065,0.015231548632409896,,False,0.9357365197308967,0.9154792362455749,0.8625607187819622,0.8654108038157985,0.9028112449799197,0.8303903696458147,0.821429646482614,0.8146502274543681
175,0.010671935307015924,0.015206059143713051,,False,0.9360377547946581,0.917040818622249,0.8636780766068848,0.8670997578509216,0.9032128514056225,0.830765578444423,0.8218101639864192,0.8150313349306324
176,0.010643518252341715,0.015179684743439961,,False,0.93643940154634,0.9173775660892258,0.8653017369690243,0.8694879112547448,0.9044176706827309,0.848504367165522,0.8245916280418607,0.8196339684019974
177,0.010616018811476618,0.015158955754233268,,False,0.9368410482980218,0.9188040830182511,0.8665174434627743,0.8712036788191859,0.9040160642570281,0.8591890464833642,0.8259253903238677,0.8226285914504887
178,0.010589709201507185,0.015140585131586223,,False,0.9373431067376242,0.920776299147453,0.8682315385855889,0.8736567697333346,0.9052208835341365,0.8603612941808816,0.8270560122010878,0.8237706997327301
179,0.010560025454244205,0.015118219534190474,,False,0.9373431067376242,0.9191806666017582,0.8682340386293429,0.8735771074497225,0.9056224899598394,0.849583288366391,0.8257280384248465,0.8207394943948858
180,0.010530507019726557,0.015090007982674274,,False,0.9376443418013857,0.9203857523627508,0.8693514748511435,0.8751491966334428,0.9056224899598394,0.8606406739209631,0.8274051340897656,0.8240965321250792
181,0.010503953648517379,0.015076855279332045,,False,0.9380459885530675,0.9219973283452129,0.8709816960887002,0.8774287707770141,0.9060240963855422,0.8534137886105932,0.8277606535145416,0.8244566370642576
182,0.010482169865809137,0.015043450691889683,,False,0.9385480469926699,0.9232728905007099,0.8722780754474992,0.8791319747837104,0.9072289156626506,0.862678714954063,0.8322813954348245,0.8317442938406252
183,0.01044536680489468,0.015037743508755438,,False,0.9384476353047495,0.9235313295612833,0.8726103344380611,0.8796579392636302,0.9072289156626506,0.8685440101891201,0.8322813954348245,0.8318748038465867
184,0.010418159691662366,0.015024287575639748,,False,0.9387488703685108,0.924158363414513,0.8733064408376102,0.8805450595123236,0.9060240963855422,0.8554895152170778,0.8294640026661582,0.8276136339817641
185,0.010388369546219665,0.014996746235758618,,False,0.9390501054322723,0.9257442654824372,0.8752638689701535,0.8832249507195862,0.9056224899598394,0.8612538418150736,0.8307721289742847,0.8302861994591845
186,0.010360841089923762,0.014974374773139537,,False,0.9394517521839542,0.9267046597848214,0.8764699812582839,0.8847651758821163,0.9056224899598394,0.856520583401513,0.8307721289742847,0.8301811809951809
187,0.01033355483893885,0.014957707107859966,,False,0.9396525755597952,0.9271449132537151,0.8770837736406261,0.8855265190138285,0.9068273092369478,0.8623770783943098,0.8318944634299524,0.83139934213941
188,0.010305560032886565,0.014923217275097949,,False,0.9400542223114771,0.9277884044201242,0.8778602014020712,0.886463353040931,0.9072289156626506,0.8672495336289514,0.835641984300761,0.8373777045023805
189,0.01027637278572546,0.014911494218469873,,False,0.9401546339993976,0.9266807776504383,0.8779574219631274,0.8864571799595022,0.9068273092369478,0.8626514427191049,0.8335779651134541,0.8342093341921053
190,0.010247030075847872,0.014887737466562419,,False,0.9404558690631589,0.9277573516289408,0.879487002660209,0.888416588592129,0.9068273092369478,0.8673754331101278,0.8335843711320367,0.8343573616439673
191,0.010220438299800873,0.014877597098985668,,False,0.9407571041269204,0.9276782786396398,0.8810213422761555,0.8902354722079333,0.9072289156626506,0.8718958105872472,0.8356291722635958,0.8375489394868737
192,0.010192003140672076,0.014854170884805644,,False,0.9410583391906818,0.9286862261570208,0.8825574405864474,0.8921289566164659,0.9076305220883534,0.8673168757954538,0.8376867854323201,0.8402371990000188
193,0.010166928387268825,0.014815462002851,,False,0.9414599859423637,0.9295211262796848,0.8837664294110241,0.893545385490341,0.9080321285140562,0.8676494337073931,0.8380801149732905,0.8406156781595557
194,0.010133880945032016,0.0148111584494393,,False,0.9414599859423637,0.9287262483393811,0.8841860005389304,0.8939491947526168,0.908433734939759,0.871239136912089,0.840131322123432,0.8435837394929977
195,0.010106727241309397,0.01479770513390046,,False,0.9422632794457275,0.9303125392361805,0.8866076143457433,0.8967369409518408,0.908433734939759,0.8712530841482912,0.8401249161048495,0.8435811720535633
196,0.010077731562658239,0.014764119743122079,,False,0.942162867757807,0.9297065972617562,0.88735156784112,0.8975175487103277,0.9088353413654618,0.8715892732946485,0.8405054336086546,0.8439462382097618
197,0.010049741031368258,0.014734954831415067,,False,0.9425645145094889,0.9304640507084989,0.8885628479067643,0.8988655993692716,0.908433734939759,0.8740386335572017,0.8418148238069337,0.8461047312924689
198,0.010021933592847577,0.014708732085057758,,False,0.9424641028215685,0.9305735489583653,0.8888876661514119,0.8992641569353856,0.9088353413654618,0.8743995927498144,0.842187679884488,0.8464761207819826
199,0.009993476832672784,0.014708999300037582,,False,0.9429661612611708,0.9310312505214975,0.8893431023558881,0.8997310062410351,0.9088353413654618,0.8769240181067565,0.8438660309570756,0.8489350533299347
200,0.009965483673701024,0.014686468027093712,,False,0.9427653378853299,0.9310559036107775,0.8895877258168287,0.9000308815208437,0.9104417670682731,0.8784215079015772,0.8453485035990922,0.850410483366481
201,0.009936346953821243,0.014660889603043892,,False,0.9433678080128527,0.9323209915894659,0.8918098955247685,0.9024859352894463,0.9112449799196787,0.8833827561393248,0.8494637299365407,0.8558246298690795
202,0.009908387814618174,0.014636785027215332,,False,0.9433678080128527,0.9314714288248498,0.8918098955247685,0.9023463728504171,0.9112449799196787,0.8833705526482574,0.8494637299365407,0.8558267312787246
203,0.009880337731192108,0.014617590897352269,,False,0.944070689828296,0.9314549285321768,0.8928848583334472,0.9033107713202543,0.9116465863453815,0.887194853100078,0.8532239686985544,0.8606184703194091
204,0.00985397782729409,0.014585260278336416,,False,0.9436690430766141,0.9311068104153741,0.8925113756070233,0.90294221854709,0.9108433734939759,0.886445987265606,0.8524757457281092,0.8598736778603723
205,0.009824458770748043,0.014574914972484693,,False,0.9443719248920575,0.9322813571972366,0.8944209566437391,0.9049717298798226,0.9120481927710843,0.8890671571803384,0.8552815818672788,0.8630972376132846
206,0.009796506133020542,0.014564268500201595,,False,0.9443719248920575,0.9316945010676169,0.8948352707010029,0.9052901977823501,0.9120481927710843,0.8904508459467723,0.8569395536224101,0.8651659351129282
207,0.009768527315520786,0.014546155109158004,,False,0.9447735716437393,0.9322258593855499,0.8956264280796253,0.9060999163753376,0.91285140562249,0.8897266542893804,0.8593764204047867,0.8674403721213414
208,0.0097414378910312,0.01451123904212183,,False,0.9446731599558189,0.9319477372653312,0.8951161540038731,0.9055548556144315,0.91285140562249,0.889706621866503,0.8593642343629229,0.867442141293118
209,0.00971345520679572,0.014495297573205878,,False,0.9447735716437393,0.9320420839179542,0.8952050982573737,0.9056452938870032,0.9132530120481928,0.8900787506813361,0.8597383458481453,0.8678101184518474
210,0.009688239701764955,0.014463787066896284,,False,0.9449743950195802,0.932426457079173,0.8958048980543859,0.9062809364766485,0.9124497991967871,0.8893347301435754,0.8589901228777003,0.8670657698406364
211,0.009657858947489778,0.014453530902701843,,False,0.9450748067075008,0.9326496190641937,0.8963254071880016,0.9068123854639043,0.9132530120481928,0.890082936319269,0.8597383458481453,0.8678113076785363
212,0.009632420858428076,0.014432647054169615,,False,0.9453760417712622,0.9340391678921889,0.8974393459636294,0.9081238319544597,0.91285140562249,0.8897206860593693,0.8593642343629229,0.8674378271058771
213,0.009603187988967919,0.014425891423883324,,False,0.9456772768350236,0.9335653215095348,0.8977163353851166,0.9082620747659553,0.9132530120481928,0.891341967450717,0.861434033573511,0.8697390370655135
214,0.009576467510456568,0.014414461992544349,,False,0.9456772768350236,0.9335520356452359,0.8977181724763399,0.9082554934985646,0.9132530120481928,0.890082936319269,0.8597383458481453,0.8678113076785363
215,0.009549234502136888,0.014382292726751063,,False,0.9458781002108645,0.9346474922594538,0.8983225884917504,0.9090183458918936,0.9132530120481928,0.8913503619034517,0.861434033573511,0.8697413012964659
216,0.009522262616957782,0.01436273828217553,,False,0.9464805703383874,0.9347766838545609,0.8997162637496281,0.9103011493795954,0.9140562248995984,0.8931914916627276,0.8638548360757468,0.8723418470820585
217,0.009496501016733305,0.01433482781276631,,False,0.9463801586504669,0.9346823861429788,0.89962336623026,0.9101990624435286,0.9136546184738956,0.8928253579474088,0.8634794607003714,0.871980713444824
218,0.009469347158712527,0.01432709262557795,,False,0.9465809820263079,0.9351869892608808,0.9006475201334584,0.9112511619509793,0.9144578313253012,0.891185975334971,0.864242397492986,0.8722197415801545
219,0.009442703567152894,0.014307909377943982,,False,0.9468822170900693,0.93490204829416,0.9013441790222478,0.9117996593363247,0.9144578313253012,0.8911661264748089,0.8642302114511222,0.8722188438362815
220,0.009415371091306017,0.014287328997296442,,False,0.9470830404659102,0.9359193521616699,0.9019486734345362,0.9125462578902135,0.9140562248995984,0.8907853615125716,0.8638682860077636,0.8718449539421343
221,0.009389476213275069,0.014272560051062932,,False,0.9471834521538307,0.935463688483044,0.9024666070250148,0.9129057285846667,0.914859437751004,0.8926520010173318,0.8662878246198465,0.874389854333674
222,0.009363726591137768,0.014249754569262496,,False,0.9473842755296716,0.9364724361421365,0.9030687773900969,0.9136570333791014,0.9152610441767068,0.8940601168916655,0.8683576238304346,0.8765164466914623
223,0.009338186500223535,0.014239911085048478,,False,0.9474846872175922,0.9360389090370081,0.9035763837320887,0.9140119201115593,0.914859437751004,0.8926560249163598,0.8662878246198465,0.8743865318165235
224,0.009312208757322174,0.014213458156883406,,False,0.947886333969274,0.9377895996899956,0.9039480483796828,0.9146867281381462,0.914859437751004,0.8926560249163598,0.8662878246198465,0.8743865318165235
225,0.009286280271319764,0.014199864382331031,,False,0.9479867456571945,0.9366445425025357,0.9044627488835404,0.9148793595085338,0.914859437751004,0.8926560249163598,0.8662878246198465,0.8743865318165235
226,0.009259655940812643,0.014188171699378926,,False,0.9481875690330355,0.9378928115635122,0.9059080658491084,0.9164329467673866,0.9152610441767068,0.8940400777874251,0.8683454377885708,0.8765042173787209
227,0.009235090333553618,0.014174233855373187,,False,0.9483883924088764,0.9380528523746169,0.9060930485179751,0.9166134114080295,0.9160642570281124,0.895755579681321,0.8707771624425176,0.8789580692875213
228,0.009209747328485183,0.014156733882497899,,False,0.9488904508484788,0.9386354921324485,0.9069749872413213,0.9174682800515339,0.9160642570281124,0.895755579681321,0.8707771624425176,0.8789580692875213
229,0.009185495787329401,0.01414206386060855,,False,0.9490912742243197,0.939096250747937,0.907989369282768,0.9184448227885446,0.9160642570281124,0.895755579681321,0.8707771624425176,0.8789580692875213
230,0.009160046061638505,0.014121757444666993,,False,0.9493925092880812,0.9394762343264342,0.9086969178754103,0.91911073791759,0.9164658634538153,0.8961208515824697,0.871152537817893,0.8793231071256338
231,0.00913464586995854,0.01410256455989437,,False,0.9496937443518425,0.9397546212598762,0.908971426265537,0.9193869156189637,0.9164658634538153,0.8983600078978663,0.8711525378178929,0.8798492832189422
232,0.009110528602348409,0.014083621922553602,,False,0.9500953911035245,0.9407114548320882,0.911434623648849,0.9216795931206421,0.9156626506024096,0.8953820807433837,0.8704030509572951,0.8785895010791741
233,0.00908623260038149,0.014071056445349228,,False,0.9500953911035245,0.9404758560661539,0.9106014477466751,0.9209148260459913,0.9164658634538153,0.8983600078978663,0.8711525378178929,0.8798492832189422
234,0.009064456707052212,0.014039911047090224,,False,0.9504970378552063,0.9403621906703569,0.9113896692043666,0.9215044282422011,0.9164658634538153,0.8983517808610775,0.8711538017080458,0.8798457528487074
235,0.00903811102036769,0.014028916681172905,,False,0.9504970378552063,0.9405745882654506,0.9122325970360402,0.9222600375747096,0.9164658634538153,0.899228130903171,0.8728360395013947,0.8815417620544318
236,0.009014013550077459,0.014019025547492752,,False,0.9507982729189678,0.9404670465715778,0.9133435799482194,0.9231125074076463,0.9172690763052209,0.8999731270636926,0.8735855263619926,0.8822770742578094
237,0.008993149046285481,0.014008903580167455,,False,0.9506978612310473,0.9409729883815658,0.913251781258559,0.9231869544600985,0.9172690763052209,0.8999686932978845,0.8735855263619926,0.8822716130466528
238,0.008968108121081602,0.013994652357020045,,False,0.9509990962948087,0.9407740738652698,0.9139373063157394,0.9236558415085009,0.9176706827309237,0.9003466443134351,0.8739405139374274,0.8826300772981709
239,0.008945682556887425,0.01396907739294661,,False,0.9513003313585702,0.9410570934598004,0.9142226944435934,0.9239333347493931,0.9168674698795181,0.8995996281257551,0.8732114148767701,0.8819085060494622
240,0.008919001243574648,0.013959676290392967,,False,0.9511999196706497,0.9404768091151929,0.9145470577986704,0.9240418635491218,0.9172690763052209,0.8999731270636926,0.8735855263619926,0.8822770742578094
241,0.00889619591602302,0.0139389169218743,,False,0.9514007430464906,0.940552971123523,0.9143142280339761,0.9238674628231619,0.9168674698795181,0.8995996281257551,0.8732114148767701,0.8819085060494622
242,0.008873055065741915,0.013921414619359621,,False,0.9514007430464906,0.9407917809790833,0.915152916139944,0.9245927340642903,0.9168674698795181,0.8995922888084582,0.8732114148767701,0.8819068294315482
243,0.008850282516609723,0.01390913748520148,,False,0.951701978110252,0.9407477219234589,0.9162735725847452,0.9254321134820387,0.9168674698795181,0.8995996281257551,0.8732114148767701,0.8819085060494622
244,0.008828792498225572,0.013906686646715478,,False,0.951902801486093,0.9409013596706779,0.9164577438138668,0.9256127173324367,0.9172690763052209,0.8999774441761529,0.8735785884940688,0.8822576480157683
245,0.008803983734665594,0.013876234421136462,,False,0.9522040365498544,0.9409770894494939,0.9179970067800277,0.9267909352046081,0.9164658634538153,0.8992216750932394,0.8728494894334113,0.8815302416146187
246,0.00878172597143048,0.013857134802304273,,False,0.9527060949894568,0.9422058816416996,0.9193008278148656,0.9281105842391622,0.9168674698795181,0.8995922888084582,0.8732114148767701,0.8819068294315482
247,0.008759523030319405,0.013850393009612,,False,0.9527060949894568,0.9422092338535933,0.9193014587009838,0.9281076376200856,0.9164658634538153,0.8970403774730147,0.872838558799216,0.8809884958834788
248,0.008736736391612583,0.013832493555040886,,False,0.9527060949894568,0.9422046279336124,0.9192996216097605,0.9281096535028214,0.9164658634538153,0.897033038155718,0.872838558799216,0.8809868192655648
249,0.008715415337478131,0.013822538633749335,,False,0.9526056833015363,0.9410344041331231,0.9192089186619147,0.9276854009994447,0.9164658634538153,0.8970462697056831,0.8728829637232779,0.8810186589215893
250,0.008693118328014154,0.013808959755697856,,False,0.9528065066773772,0.9418765766031826,0.9198072279517524,0.9283809262992091,0.9164658634538153,0.8970621099699679,0.8728829637232779,0.8810268886482936
251,0.00867014642769906,0.013792658120768185,,False,0.9529069183652977,0.9420687748056243,0.9203281135780605,0.9288128052924773,0.9176706827309237,0.8982119555702552,0.8739405054549433,0.8821000046753302
252,0.008650128593282297,0.013789250324237626,,False,0.9530073300532182,0.9415228629592161,0.919999026629188,0.9283960168049368,0.9176706827309237,0.8981938506197089,0.87395395538696,0.8820896959079834
253,0.008626322124122336,0.013755900225047435,,False,0.9532081534290592,0.9419436559414793,0.92102688771137,0.9292676249168983,0.9176706827309237,0.8998333931405416,0.8773723015459491,0.8853490828952071
254,0.008605388492064039,0.013742574915470315,,False,0.9534089768049001,0.9416068139618771,0.9212108829439436,0.929284936581622,0.9180722891566265,0.9001636955755978,0.8777272891213839,0.885688140488644
255,0.008583941889286855,0.01372532578757846,,False,0.9535093884928205,0.9427389555579823,0.9213015858917895,0.929711729054245,0.9172690763052209,0.8994545926462081,0.8769969261705737,0.8849757720084762
256,0.008563520096888568,0.013707683443260477,,False,0.9534089768049001,0.9427685797888119,0.9216237364026768,0.9299585286148813,0.9180722891566265,0.9001797525359075,0.877688558175093,0.8856990522805671
257,0.008541019045540905,0.013700823079788435,,False,0.9535093884928205,0.9423228083950852,0.9217203263771587,0.9298774424440004,0.9180722891566265,0.9001734457089976,0.8777007442169569,0.8856950901270229
258,0.008525257547869829,0.013705363545446853,,False,0.9535093884928205,0.9417820116352024,0.9217164334259,0.9297080901336502,0.9188755020080321,0.9009233370153859,0.8784298432776143,0.8864156900291351
259,0.008500298025977737,0.013671506970141393,,False,0.9537102118686616,0.942498367823267,0.9219102879633712,0.9300626033791745,0.9184738955823293,0.9013242372024313,0.8797392334758934,0.8875885381075059
260,0.008478420542745233,0.013666015576734039,,False,0.9541118586203434,0.9428480731722099,0.9222835345690368,0.9304378309103559,0.9196787148594378,0.9031711019249961,0.882545069615063,0.8902172058494163
261,0.008457342945620437,0.013651152848276326,,False,0.9541118586203434,0.9423589178476468,0.9222835345690368,0.9302771541180922,0.9192771084337349,0.902784134991375,0.8821709581298403,0.8898473869209069
262,0.008436579268811499,0.01363126483140733,,False,0.9541118586203434,0.9428758039810066,0.9222835345690368,0.9304447050929459,0.9192771084337349,0.902784134991375,0.8821709581298403,0.8898473869209069
263,0.008416945764171322,0.013621803220882306,,False,0.9542122703082638,0.9425504697578919,0.922795567339134,0.930700986491312,0.9192771084337349,0.902784134991375,0.8821709581298403,0.8898473869209069
264,0.008397254614261947,0.013619059091003728,,False,0.9543126819961844,0.9431396080255884,0.9228894905099803,0.9309562356615808,0.9196787148594378,0.9031711019249961,0.882545069615063,0.8902172058494163
265,0.008376831542379334,0.013604079236319623,,False,0.9544130936841049,0.9428677740179978,0.9233983823840796,0.931224334944885,0.9192771084337349,0.9027849502055894,0.8821709581298403,0.8898516648620914
266,0.008357430057499197,0.013582792407745757,,False,0.9546139170599458,0.9436532803211569,0.9240086854261261,0.931904082565197,0.9188755020080321,0.9024102871514591,0.881795582754465,0.8894792537726861
267,0.008335686014575306,0.013568601572629756,,False,0.9546139170599458,0.9436523602295459,0.9240042589980207,0.9319029491778577,0.9188755020080321,0.9024071066172699,0.881795582754465,0.8894744023643207
268,0.008316217936963115,0.013556607100093045,,False,0.9549151521237071,0.9449202432298305,0.9242860285105594,0.9325078255840782,0.9192771084337349,0.902784134991375,0.8821709581298403,0.8898473869209069
269,0.008296930023575401,0.013546055557384024,,False,0.9551159754995482,0.9447154528855557,0.9248856233325046,0.9328574220093448,0.9196787148594378,0.9031468877027599,0.8825328835731989,0.89022239290176
270,0.008278974895704281,0.013539482375026345,,False,0.9550155638116277,0.9446044371934179,0.9247949203846587,0.9327599945140798,0.9192771084337349,0.9027952748012675,0.8821709581298403,0.8898504468239826
271,0.008256517620607803,0.013513490762243095,,False,0.9553167988753891,0.9449931126582002,0.9254914999464455,0.9333660736447489,0.9196787148594378,0.9031529843661068,0.8825328835731989,0.8902163896636055
272,0.008237991054101407,0.01350805365046871,,False,0.95551762225123,0.9457752529426678,0.9260969827251514,0.9340500932591616,0.9196787148594378,0.9031529843661068,0.8825328835731989,0.8902163896636055
273,0.008219032692663063,0.013488252204790779,,False,0.9556180339391506,0.9458793744147572,0.9261874174858264,0.93414333186819,0.9200803212851406,0.9042173590169005,0.8845904967419232,0.8920634516112835
274,0.00819864647574257,0.013469296339323745,,False,0.9558188573149915,0.9461461914070148,0.9267932940997673,0.9346466936628052,0.9204819277108434,0.9045735580428084,0.8849633528194772,0.8924387243678313
275,0.008181204759112763,0.01346546769606121,,False,0.955718445627071,0.9459609059662419,0.9262795026353248,0.9342335709865974,0.9192771084337349,0.9028055790604308,0.8821447046431428,0.8898664340209996
276,0.008161157516482472,0.013451615412612973,,False,0.9561200923787528,0.9460093438341042,0.927491438277083,0.9350767605688196,0.9204819277108434,0.9045938961475248,0.8849633528194772,0.8924553778373121
277,0.008142528791749561,0.013443227813923705,,False,0.9561200923787528,0.9465018829121211,0.9274919898361986,0.9352451266676981,0.9200803212851406,0.9041895398845851,0.884587977444102,0.89206750066589
278,0.008128238056625135,0.013414755545509388,,False,0.9562205040666734,0.9465988972314542,0.927587040815272,0.935336627766035,0.9204819277108434,0.9052144749284358,0.8866455906128263,0.8938708785635868
279,0.008107695530592447,0.013428505813355581,,False,0.9561200923787528,0.9460129596515277,0.9274856149234549,0.9350768014319701,0.9196787148594378,0.9044772968915981,0.8858845556052158,0.893121822030901
280,0.008087217562205219,0.013398291966647696,,False,0.9564213274425143,0.9463750999818257,0.9281833232235935,0.9356654506876537,0.9204819277108434,0.9034451989842124,0.8866455906128263,0.8932832380154109
281,0.008068661164449844,0.013396997373628941,,False,0.9565217391304348,0.9464816427898215,0.9282721560836791,0.9357623792482703,0.9204819277108434,0.9034599858349475,0.8866455906128263,0.89329801457512
282,0.008051007265067616,0.013385656993707789,,False,0.9567225625062757,0.9467327109670521,0.9288800704753866,0.9362598241120119,0.9192771084337349,0.9023441709650485,0.8855091802298406,0.8921796103607819
283,0.008031842277390292,0.013360466486553535,,False,0.9568229741941962,0.9469254451250078,0.9293895139086017,0.9366672539751959,0.9200803212851406,0.9030600283295449,0.886270215237451,0.8929120432327426
284,0.008014573900773836,0.013349036459527336,,False,0.9569233858821167,0.9470208642090259,0.9294846432845529,0.9367607291234168,0.9200803212851406,0.9030600283295449,0.886270215237451,0.8929120432327426
285,0.007995594589236757,0.013342099907427027,,False,0.9569233858821167,0.9470130754011173,0.9294828061933297,0.9367597132705462,0.9196787148594378,0.9026877153739454,0.8858896977336458,0.8925366524761232
286,0.007978233567173991,0.013328420145560385,,False,0.9570237975700372,0.9471001786240625,0.929577935569281,0.936848889520394,0.9204819277108434,0.9034396477302311,0.8866455906128263,0.8932813611056392
287,0.007961171620431974,0.01331292941825555,,False,0.9569233858821167,0.9465342933990593,0.9294845648876751,0.93658568299371,0.9192771084337349,0.9006211969212544,0.8855168416560917,0.89158291697466
288,0.007943289118671091,0.013307399648784248,,False,0.9569233858821167,0.9470080550335577,0.9294828061933297,0.9367579869801437,0.9192771084337349,0.9023228502927072,0.8855091802298406,0.8921629867000568
289,0.007926587121075981,0.01329754671875129,,False,0.9568229741941962,0.9468286308329876,0.9289707734232324,0.9363512637451998,0.9196787148594378,0.9027080209473747,0.8858845556052158,0.8925341814827252
290,0.00790780576072875,0.013282036281379458,,False,0.9571242092579576,0.9472898693027239,0.9300835150297568,0.9372587694912858,0.9196787148594378,0.9027080209473747,0.8858845556052158,0.8925341814827252
291,0.007891818241305219,0.013270048105348115,,False,0.9573250326337985,0.9471761127344893,0.9311093392642967,0.9378903369795348,0.9192771084337349,0.9006458849735313,0.8855168416560917,0.8916008605518988
292,0.007874474540863837,0.013256276260057456,,False,0.9575258560096396,0.9475313039404144,0.9321334048044913,0.9386865163292506,0.9184738955823293,0.8998954419524104,0.8847667372826767,0.8908510409336403
293,0.007857077157976303,0.013255111234203844,,False,0.9578270910734009,0.9482562627871007,0.9324043958059273,0.9391289788064001,0.9188755020080321,0.8986851346776201,0.8851107942239161,0.8906520014503791
294,0.007839824884328009,0.013247388571256834,,False,0.9578270910734009,0.9478792384981802,0.932828393361939,0.9392663859395373,0.9184738955823293,0.8983063688039172,0.8847488687805575,0.8902779446223109
295,0.007822475598618317,0.013230963115550795,,False,0.9580279144492418,0.9485254394752106,0.9330180112615974,0.9396192446118535,0.9188755020080321,0.9002784249110481,0.885142112658052,0.8912214998168424
296,0.007806438680181133,0.013220761000886065,,False,0.9580279144492418,0.9481516322608022,0.9334328877742275,0.9397501289649982,0.9188755020080321,0.9002771671998784,0.8851217248581116,0.8912160632179101
297,0.007791382250934951,0.013211173185204905,,False,0.9580279144492418,0.9481516322608022,0.9334328877742275,0.9397501289649982,0.9184738955823293,0.8998977352020536,0.8847476133728889,0.8908408772810633
298,0.007773964717012742,0.013196500701736422,,False,0.9581283261371624,0.9482441062758927,0.9335268109450738,0.9398431823789585,0.9184738955823293,0.8998977352020536,0.8847476133728889,0.8908408772810633
299,0.007755390459413894,0.013184600394562304,,False,0.9583291495130033,0.9488874184977709,0.9337082168407653,0.9401976233528422,0.9180722891566265,0.8979269368060925,0.8843747572953349,0.8899027586854642
300,0.007739422304224981,0.013178842728029792,,False,0.9583291495130033,0.9488889527188396,0.9337063938428312,0.9401984133469603,0.9184738955823293,0.8983063688039172,0.8847488687805575,0.8902779446223109
301,0.007722751128839409,0.01316292975299434,,False,0.9584295612009238,0.9489758598880077,0.9337918496861604,0.9402834506504276,0.9184738955823293,0.8983297635027073,0.8847443441649446,0.8902862646938616
302,0.007705964130243944,0.013154499866008182,,False,0.9586303845767647,0.9491640834243129,0.9339778580065052,0.9404730188147385,0.9184738955823293,0.8983063688039172,0.8847488687805575,0.8902779446223109
303,0.00769111066953834,0.01314663686994139,,False,0.9585299728888442,0.9486187432502073,0.9338844873248993,0.9402066184562783,0.9184738955823293,0.8983534027247634,0.8847443441649446,0.8902905940412771
304,0.007674533537286236,0.013139804024848985,,False,0.9586303845767647,0.949161472666896,0.9339790642116103,0.9404716342728356,0.9184738955823293,0.8983304072390239,0.8847366827386935,0.8902817614937333
305,0.007659264407113405,0.013124034877493071,,False,0.9586303845767647,0.9491691064218314,0.9339778580065052,0.9404747505956893,0.9188755020080321,0.8986953305297016,0.8851172002424987,0.8906554527865845
306,0.007642013599085606,0.013115979933807876,,False,0.9587307962646852,0.9492582972617915,0.9340712286881112,0.9405682927316099,0.9184738955823293,0.8983173138025555,0.8847476133728889,0.8902888794658197
307,0.007628294864943372,0.01311605185063734,,False,0.9590320313284466,0.9496123782500026,0.9347717615157658,0.9411448220936539,0.9180722891566265,0.8979749693640878,0.8843760127030034,0.889913047362184
308,0.00761127076135023,0.01310923131719843,,False,0.9590320313284466,0.9491541272207622,0.9347743508526482,0.9409749248931257,0.9188755020080321,0.8987141974541724,0.8851217248581116,0.8906725970910053
309,0.0075946411478250795,0.013090934566073022,,False,0.9589316196405262,0.9484370191744014,0.9359348129768108,0.941425122008895,0.9184738955823293,0.8983394549118844,0.8847552747991401,0.8902984812278475
310,0.0075789114339724125,0.013077579104752119,,False,0.9591324430163671,0.9494052525848284,0.9357050457112367,0.9416581174958654,0.9192771084337349,0.8990519323010796,0.8855009869542482,0.8910390293487649
311,0.007563442244726144,0.013074063756968894,,False,0.9593332663922081,0.949237613505253,0.9363104491629399,0.941968805296467,0.9188755020080321,0.8987093821888605,0.8851281308766941,0.8906756409627208
312,0.007548410437930523,0.013064109359300373,,False,0.9592328547042875,0.9494940850176445,0.9357965793016194,0.9417515021423376,0.9200803212851406,0.8998153875605716,0.8862492099246935,0.8917905932325166
313,0.007532115989057521,0.013048964989923726,,False,0.9592328547042875,0.9491529327943132,0.9362127313802309,0.9418759783155495,0.9188755020080321,0.8987093821888605,0.8851281308766941,0.8906756409627208
314,0.007518031946366381,0.01304715048956822,,False,0.9596345014559695,0.9499327624963527,0.9365884889259009,0.9424159857591321,0.9208835341365462,0.9005642253888557,0.8869961774874701,0.8925315084180377
315,0.00750150656614627,0.01303882072767132,,False,0.9597349131438899,0.950110133749783,0.9371023587872214,0.9428012502302252,0.9200803212851406,0.8998142319112671,0.8862479545170249,0.8917863591393694
316,0.007485710624194516,0.013027178538580207,,False,0.9596345014559695,0.9503923513718736,0.93658836756636,0.9425883086381464,0.9200803212851406,0.8998001735917724,0.8862492099246935,0.8917849583998166
317,0.0074708025802566825,0.013022902481884048,,False,0.9597349131438899,0.9501164938862934,0.9371023587872214,0.9428037949901389,0.9208835341365462,0.9005642253888557,0.8869961774874701,0.8925315084180377
318,0.00745598241100124,0.01301656775088159,,False,0.9600361482076514,0.950476129522216,0.9377990960728886,0.9433720294602652,0.9200803212851406,0.8998400887793563,0.886250465332362,0.8917966222068718
319,0.007441830493478414,0.013003986263387517,,False,0.9598353248318104,0.9502057051111712,0.9371937710180632,0.9428892337473057,0.9204819277108434,0.9001826388915755,0.8866233214099161,0.8921600105929159
320,0.007424733206798488,0.012987236857128595,,False,0.9599357365197309,0.9499477597194012,0.9377102302162661,0.9431055749981058,0.9196787148594378,0.9001536841534065,0.887559855530641,0.8927920013745124
321,0.007410492175104004,0.012983708492650885,,False,0.9600361482076514,0.9497006406706441,0.938212400593573,0.9433122944788186,0.9192771084337349,0.8997858763787057,0.8871857440454183,0.8924212211594735
322,0.0073950304247715455,0.012975465999113624,,False,0.9603373832714128,0.9503018467284703,0.93807878313678,0.9434716583410049,0.9204819277108434,0.9008778207629058,0.8883055676857492,0.8935268875856782
323,0.007382821874901749,0.012967845190555743,,False,0.9602369715834923,0.949778644513645,0.9379849392929361,0.943206766845644,0.9220883534136546,0.902423104244493,0.8898032775167923,0.8950196221822018
324,0.00736520274040221,0.012952817748457995,,False,0.9602369715834923,0.9498704702186578,0.9384036013814274,0.9434991422904814,0.9208835341365462,0.9019231752220102,0.8903631808544734,0.8952411158929243
325,0.007350321300082591,0.01294271585433763,,False,0.9604377949593332,0.9509300666751697,0.9385835319547186,0.9440308644412426,0.9200803212851406,0.9005114482344246,0.8879327116081952,0.8931610245932562
326,0.00733562944214593,0.012935864265568022,,False,0.9606386183351742,0.950665840325758,0.9387650271435386,0.9440359095148495,0.921285140562249,0.9016345156112932,0.8890537906561943,0.8942703353344115
327,0.0073225772584601745,0.0129236817614295,,False,0.9604377949593332,0.9509184962554937,0.938586121291601,0.9440283443610179,0.921285140562249,0.9022821242985644,0.8907181684299084,0.8955952727235752
328,0.0073081991119721525,0.012918624879841021,,False,0.9604377949593332,0.9505101744572888,0.9385842659277104,0.9438633076672834,0.9204819277108434,0.901492299107135,0.8899776068857143,0.8948357659992742
329,0.00729157091685392,0.01290821641235258,,False,0.9605382066472538,0.9502276820990289,0.9390976808994603,0.944061809617948,0.9208835341365462,0.9018935742872125,0.8903440569446857,0.8952169167502954
330,0.00727788032271029,0.012899372428136506,,False,0.9605382066472538,0.9509412827339434,0.938259447683063,0.9438317777141061,0.9204819277108434,0.9015203927766218,0.8899776068857143,0.8948424317919697
331,0.007261936357070982,0.01290354592895222,,False,0.9605382066472538,0.9506702139440981,0.939095091562578,0.9442386395545201,0.9204819277108434,0.9009212239491937,0.8883080785010862,0.8935433715634221
332,0.0072487231634939,0.012900824591825483,,False,0.9607390300230947,0.95057884586336,0.9401199877453096,0.944821995415559,0.921285140562249,0.9016345156112932,0.8890537906561943,0.8942703353344115
333,0.007234306682037401,0.012889116538078435,,False,0.9609398533989356,0.9508563585469081,0.9407236624113113,0.9452898733282308,0.9208835341365462,0.9018984713824086,0.8903517183709369,0.8952191484251529
334,0.007218127477518588,0.012876772050049256,,False,0.9610402650868561,0.9512745815277712,0.9403976370314344,0.9452667126371749,0.9224899598393574,0.9027198532857833,0.890163407220657,0.8953572184818385
335,0.0072040986292622655,0.012867824796507407,,False,0.9612410884626971,0.9514765563674842,0.9405777500186017,0.9454562354650073,0.9208835341365462,0.901880531971858,0.8903517183709369,0.8952103154891345
336,0.007192066157345003,0.012867854573604235,,False,0.9609398533989356,0.9512001913836899,0.9402960360731942,0.9451756107761695,0.9208835341365462,0.9012551541972351,0.888663066076521,0.8938913326272555
337,0.007175426754854486,0.012855562217454274,,False,0.9610402650868561,0.9508589156124985,0.9403970854723186,0.945097184909138,0.9220883534136546,0.9023710677042668,0.8897828897168518,0.8949912431844464
338,0.007161348318653781,0.012840384141514158,,False,0.9611406767747765,0.9513821189103506,0.9404890739522719,0.9453654211275535,0.921285140562249,0.9022464551019846,0.8907258298561594,0.8955811944498956
339,0.007146367205377105,0.012839859987161624,,False,0.9610402650868561,0.9508600954980894,0.9403970854723186,0.9450974538418971,0.9224899598393574,0.9027198532857833,0.890163407220657,0.8953572184818385
340,0.0071331285291018395,0.012831258573573132,,False,0.9612410884626971,0.9512056578421348,0.9414224365446207,0.9458478868218135,0.921285140562249,0.902262142410284,0.8907258298561594,0.895594545270877
341,0.007119391190589407,0.012828785748026447,,False,0.961441911838538,0.9515458448564164,0.9424452165527077,0.9465904386608531,0.9220883534136546,0.9030285518548224,0.8914663914003533,0.8963351498486382
342,0.0071043308304321266,0.01282249739964811,,False,0.9613415001506175,0.9513134085627267,0.9415111126109503,0.9459453229849455,0.9216867469879518,0.9026259363859618,0.891099941341382,0.8959615065470116
343,0.007091367893473484,0.01282080125325128,,False,0.9615423235264585,0.9520589468586171,0.9425354463383157,0.9468614500891087,0.9224899598393574,0.9034206821557387,0.891867288221615,0.8967228591681542
344,0.007075702244081119,0.012810256277222166,,False,0.9615423235264585,0.9519765868836326,0.9421190161064076,0.9465780458638926,0.9224899598393574,0.9033975562078077,0.8918481643118271,0.8967062820664202
345,0.0070639111824170675,0.012796041816588038,,False,0.9617431469022995,0.9521719523782818,0.942302900875691,0.946763865520831,0.921285140562249,0.9022139041046334,0.8907258298561594,0.8955727962316146
346,0.007048629784458505,0.012791624994506593,,False,0.9617431469022995,0.9518189811654594,0.9427276397811113,0.9468661138927188,0.9220883534136546,0.9029818564532808,0.8914740528266045,0.8963184720733371
347,0.0070342394877774515,0.012786584223460868,,False,0.9617431469022995,0.9518316877276585,0.942722945165835,0.9468693472148435,0.9224899598393574,0.9033598888970383,0.8918469089041585,0.8966948746476473
348,0.00702038129261967,0.012774669695792459,,False,0.9618435585902199,0.9522579098994878,0.9423944344660737,0.9468548673454791,0.9228915662650602,0.9037270371936184,0.8922210203893811,0.8970642350369711
349,0.007007302088815668,0.012772290068653902,,False,0.9618435585902199,0.9522591903696213,0.94239912908135,0.9468595485431721,0.9224899598393574,0.9027412275491847,0.8901825311304447,0.8953782418931083
350,0.006993028726363819,0.012757915211360445,,False,0.9619439702781404,0.9523535099299105,0.9424878051476797,0.9469504065510649,0.9224899598393574,0.9033267459511407,0.8918469089041585,0.8966821508754532
351,0.0069788556493221516,0.012758539371644414,,False,0.9620443819660609,0.9525186767618357,0.942999837917777,0.9473201966735153,0.9228915662650602,0.9036929569236174,0.8922210203893811,0.8970515726857262
352,0.006966352486685335,0.012745063536206485,,False,0.9621447936539813,0.9526874167559976,0.9435136293822196,0.9476889131476783,0.9220883534136546,0.9029818564532808,0.8914740528266045,0.8963184720733371
353,0.006952156401747309,0.01274057261534684,,False,0.9624460287177428,0.9530363774242707,0.9442128766777667,0.9482439717049529,0.9224899598393574,0.9033267459511407,0.8918469089041585,0.8966821508754532
354,0.0069390363299046244,0.012730110866836238,,False,0.9624460287177428,0.9531177996929069,0.9446310656040201,0.9485210943084912,0.9220883534136546,0.9029818564532808,0.8914740528266045,0.8963184720733371
355,0.006925064652058027,0.012729275740358606,,False,0.9624460287177428,0.9531179624891042,0.9446293069096748,0.9485229039675241,0.9228915662650602,0.9036929569236174,0.8922210203893811,0.8970515726857262
356,0.006911522068300622,0.01271900695785541,,False,0.9625464404056632,0.9532042579653053,0.9447244362856261,0.9486115659900425,0.9224899598393574,0.9033267459511407,0.8918469089041585,0.8966821508754532
357,0.006898582926992305,0.012712914769101514,,False,0.9624460287177428,0.9530521425642077,0.9442141622098741,0.9482513290570316,0.9228915662650602,0.9036929569236174,0.8922210203893811,0.8970515726857262
358,0.006885083310850792,0.012713710743653015,,False,0.9628476754694246,0.9538896811598918,0.9450031844014587,0.9490700160567016,0.9228915662650602,0.9036929569236174,0.8922210203893811,0.8970515726857262
359,0.006871689190626736,0.012702861420789828,,False,0.9630484988452656,0.9540766497818365,0.9451916844590159,0.9492557847502948,0.9228915662650602,0.9037114932284189,0.8921778708729877,0.8970285469693289
360,0.006859313891968411,0.012699133753524812,,False,0.9625464404056632,0.9531226910638989,0.9443092915858254,0.9483330408846895,0.9236947791164659,0.9029765330883878,0.8929126523939003,0.8972105309804925
361,0.006845450661313178,0.012695949955184374,,False,0.9628476754694246,0.9538060458125721,0.9445893252337654,0.9487866337957281,0.9224899598393574,0.9033687466201604,0.8918729706818702,0.8967261354058462
362,0.006831585365140006,0.012689773428183093,,False,0.9631489105331861,0.9541422737697948,0.9452868138349673,0.9493380740057297,0.923293172690763,0.9040544239650791,0.8925507269505418,0.8973923031075933
363,0.006818233829944165,0.012687171795039823,,False,0.9630484988452656,0.9540666508060691,0.9451929699911233,0.9492517589063131,0.9236947791164659,0.9044218259802749,0.8929126523939003,0.897772106132453
364,0.006805926175016504,0.012681444485600272,,False,0.9630484988452656,0.9540684713753789,0.9451947286854687,0.9492493194890561,0.9228915662650602,0.9037302136616222,0.8922026772430307,0.8970668658277131
365,0.006792218312297843,0.012670229467586173,,False,0.9630484988452656,0.9540603704549464,0.9451929699911233,0.9492462322672088,0.9236947791164659,0.9044218259802749,0.8929126523939003,0.897772106132453
366,0.0067801283365173815,0.012658843755523598,,False,0.9632493222211065,0.9546773066094413,0.9453788023149206,0.949616179631686,0.9236947791164659,0.9044218259802749,0.8929126523939003,0.897772106132453
367,0.006767412469293277,0.0126544688003805,,False,0.9628476754694246,0.953797436295629,0.9445893252337654,0.9487793433949628,0.9236947791164659,0.9044218259802749,0.8929126523939003,0.897772106132453
368,0.006753373605387971,0.012649507710625302,,False,0.9631489105331861,0.9541547745427538,0.9452880993670747,0.9493396910978176,0.9236947791164659,0.9029765330883878,0.8929126523939003,0.8972105309804925
369,0.006741559856754257,0.012645169012271121,,False,0.9630484988452656,0.9540691125974354,0.9452056727267846,0.9492580985609792,0.9236947791164659,0.9044063202513072,0.8928935284841126,0.8977551588117743
370,0.006729592062354929,0.012646802342030368,,False,0.963349733909027,0.9543338965248286,0.945460852462518,0.949521964122691,0.923293172690763,0.9034185061679307,0.8908741631349639,0.8960798433267306
371,0.006715655970194952,0.012634911446288907,,False,0.9631489105331861,0.9541523123198549,0.9452972847140452,0.9493474132649649,0.9236947791164659,0.9044449393080927,0.8929317763036883,0.8977886880303666
372,0.00670222207345806,0.01262648311859034,,False,0.9632493222211065,0.9542463417192649,0.9453924140899965,0.9494408397452688,0.9236947791164659,0.9044449393080927,0.8929317763036883,0.8977886880303666
373,0.0066899867807405115,0.01261914491999419,,False,0.9631489105331861,0.9541511345923976,0.9452880993670747,0.9493374914909819,0.9236947791164659,0.9044449393080927,0.8929317763036883,0.8977886880303666
374,0.006677853289273769,0.012615933483036834,,False,0.9631489105331861,0.9541511345923976,0.9452880993670747,0.9493374914909819,0.9240963855421687,0.9047706290379368,0.8932676399693352,0.8981246721327754
375,0.006664774173386746,0.012612528828866296,,False,0.963349733909027,0.9543361717746736,0.9454748407302866,0.9495250489218888,0.9236947791164659,0.9044449393080927,0.8929317763036883,0.8977886880303666
376,0.006652864289148698,0.012602573255358388,,False,0.963349733909027,0.9544169273707345,0.9458935028187779,0.9498033782371318,0.9240963855421687,0.9033253361460497,0.8932676399693352,0.8975630969808152
377,0.006639723657633001,0.012596547800527201,,False,0.9635505572848679,0.954938315932096,0.9456479703184226,0.9498819942024154,0.9236947791164659,0.9044449393080927,0.8929317763036883,0.8977886880303666
378,0.006627237066969305,0.012593034482390224,,False,0.9635505572848679,0.9545844376462556,0.9460820028763351,0.9499803576280679,0.9240963855421687,0.904789835259289,0.8932867638791229,0.8981413794775173
379,0.006616579192897416,0.012598214423754339,,False,0.9635505572848679,0.9545851383317837,0.9460675414463289,0.9499782611525546,0.9236947791164659,0.9044449393080927,0.8929317763036883,0.8977886880303666
380,0.0066025852879460145,0.012586025356688488,,False,0.9634501455969475,0.9545038290470368,0.9459741707647229,0.9498906102254039,0.9236947791164659,0.9044449393080927,0.8929317763036883,0.8977886880303666
381,0.006590225332653484,0.01258290778908837,,False,0.9636509689727885,0.9546822052868931,0.9461644295166255,0.9500733548117472,0.923293172690763,0.9041020191318874,0.8925767887282533,0.8974359550119302
382,0.006580922466395202,0.012571996578389014,,False,0.9637513806607089,0.955197220785272,0.9462651674663722,0.9503479906242046,0.9244979919678715,0.9051373323749371,0.8936417514545578,0.8984950425031458
383,0.0065688517861393365,0.012563923251214245,,False,0.9636509689727885,0.954694338565695,0.9461718751816441,0.9500784494176262,0.9240963855421687,0.9033420301644112,0.8932867638791229,0.8975802850940071
384,0.006554150663521752,0.012560927427785072,,False,0.9635505572848679,0.9541842530038943,0.946090200787013,0.9498144704942213,0.9240963855421687,0.904789835259289,0.8932867638791229,0.8981413794775173
385,0.006541061410318999,0.012551351481058504,,False,0.9638517923486294,0.9552959350453565,0.946345835412317,0.950440125941424,0.9240963855421687,0.904789835259289,0.8932867638791229,0.8981413794775173
386,0.006528738859039617,0.012549677126820608,,False,0.9638517923486294,0.9552878535198697,0.946345835412317,0.950435311205474,0.9240963855421687,0.904789835259289,0.8932867638791229,0.8981413794775173
387,0.006517055389872565,0.012549693179163449,,False,0.9640526157244703,0.9550453292952356,0.946532498378651,0.9504398695676988,0.9240963855421687,0.904789835259289,0.8932867638791229,0.8981413794775173
388,0.006505535322898316,0.012545885775198903,,False,0.9640526157244703,0.955469096752102,0.9465331292647693,0.9506207620482632,0.9236947791164659,0.9044449393080927,0.8929317763036883,0.8977886880303666
389,0.006495634498905868,0.01254262206118132,,False,0.9640526157244703,0.9558984544928416,0.9465313705704239,0.9508052045057376,0.923293172690763,0.9034470554561561,0.8908811010028876,0.8961073617863966
390,0.006481545352288626,0.012535618104239666,,False,0.9641530274123908,0.9555679084063073,0.9466238322126149,0.9507145648793475,0.9248995983935743,0.9040853052694625,0.8940106147658403,0.8983391161444714
391,0.006472190978556571,0.012535006746513143,,False,0.9638517923486294,0.9552862168164098,0.9463555732485278,0.9504433824572802,0.923293172690763,0.9034470554561561,0.8908811010028876,0.8961073617863966
392,0.006457945799557066,0.012521304783938125,,False,0.9640526157244703,0.9554688698820196,0.946554108307986,0.9506291719856499,0.9244979919678715,0.9037139227960844,0.8936486893224816,0.8979595071771852
393,0.006445549616903517,0.012513522530736688,,False,0.9641530274123908,0.9555603539851322,0.9466365349482762,0.9507167471794921,0.9244979919678715,0.9051592156879715,0.8936486893224816,0.8985210823291455
394,0.006434477935384433,0.012503751590471415,,False,0.9643538507882318,0.9557384632475594,0.9468219917095051,0.9508985870573264,0.9240963855421687,0.9048143197367753,0.8932937017470469,0.8981683908819947
395,0.006421886773944938,0.012495768304901607,,False,0.9644542624761522,0.9558217151649198,0.9469164901993382,0.9509890617126876,0.9248995983935743,0.9055305981613496,0.8940106147658403,0.8989006912964318
396,0.0064122484855438505,0.012490878739265724,,False,0.9645546741640727,0.9559165242588344,0.9470120927375274,0.9510831843973092,0.9248995983935743,0.905508499512099,0.8940106147658403,0.89889695827527
397,0.0063989643275059955,0.012485690003826627,,False,0.9645546741640727,0.955918863722323,0.9470007539308516,0.9510774615751763,0.9248995983935743,0.9055305981613496,0.8940106147658403,0.8989006912964318
398,0.006387526321398779,0.012480009937253586,,False,0.9646550858519932,0.9564346846689593,0.9470934708965929,0.9513510861661434,0.9244979919678715,0.9051857022101532,0.8936556271904055,0.8985479998492809
399,0.00637619207631476,0.012476846945531831,,False,0.9645546741640727,0.9563348011374805,0.9470109649293003,0.9512594026759115,0.9248995983935743,0.9061808785331351,0.895706302491206,0.9001991874776571
400,0.006364011635536367,0.012475881433478008,,False,0.9645546741640727,0.9559267647490393,0.9470078240333023,0.9510845657502816,0.9248995983935743,0.905508499512099,0.8940106147658403,0.89889695827527
401,0.006353084476204719,0.012472795629559037,,False,0.9647554975399136,0.9562402303585524,0.9480318102464944,0.951807413364549,0.9248995983935743,0.906208250285466,0.8956953718570106,0.9002151017276281
402,0.006341435092927968,0.012465871336082276,,False,0.9648559092278342,0.9566863631472368,0.9477071506558516,0.9518108441930142,0.9244979919678715,0.9051857022101532,0.8936556271904055,0.8985479998492809
403,0.006330666248908383,0.012456137245924436,,False,0.9646550858519932,0.9561443131866658,0.9479379664026505,0.9517119977783552,0.9248995983935743,0.9055305981613496,0.8940106147658403,0.8989006912964318
404,0.0063192407300564305,0.012449912708492114,,False,0.9648559092278342,0.9567218849130497,0.9481284020812253,0.9520689655632428,0.9253012048192771,0.9065290823728755,0.8960682279345646,0.9005751248447308
405,0.006307288611754331,0.012448363364368066,,False,0.9650567326036751,0.9569227114598249,0.9483131065967952,0.9522579354446599,0.9248995983935743,0.9062062850709298,0.8957132403591298,0.9002261664187416
406,0.006296351241523739,0.01244442052010868,,False,0.9651571442915955,0.9569945046614059,0.9483981225739677,0.9523393573039469,0.9248995983935743,0.9061820560197789,0.8957132403591298,0.9002218792848721
407,0.006284690586911893,0.012442290315275365,,False,0.9650567326036751,0.9569248208811165,0.9483131065967952,0.952261173958827,0.9248995983935743,0.9061820560197789,0.8957132403591298,0.9002218792848721
408,0.0062750617268259095,0.012434324677794798,,False,0.9650567326036751,0.9569254649193178,0.9483148652911405,0.9522589296358345,0.9253012048192771,0.9065290823728755,0.8960682279345646,0.9005751248447308
409,0.006263412288790631,0.012431093448495103,,False,0.9654583793553569,0.9573055638029793,0.9486669330971709,0.9526248687959112,0.9253012048192771,0.9051006152071227,0.8960682279345646,0.9000112764373659
410,0.006252626208862079,0.01242659395860407,,False,0.9655587910432775,0.9573981039110397,0.9487571639742636,0.9527157900174079,0.9257028112449799,0.9054496605089037,0.8964232155099994,0.9003644887677285
411,0.006242192086692974,0.012426915253482738,,False,0.9653579676674365,0.9571952044645309,0.9485889187916968,0.9525350918169142,0.9248995983935743,0.9061820560197789,0.8957132403591298,0.9002218792848721
412,0.006229069514692216,0.012413281230524811,,False,0.9653579676674365,0.95720889651369,0.948578053147259,0.9525335979133465,0.9253012048192771,0.9065290823728755,0.8960682279345646,0.9005751248447308
413,0.006218876403619417,0.012415693365507933,,False,0.9654583793553569,0.9572931312536497,0.9486714238288649,0.9526245547347583,0.9253012048192771,0.90717573043469,0.8977708535278541,0.901870366374291
414,0.006207701913305698,0.012408143739968593,,False,0.9654583793553569,0.9572973195706793,0.9486731825232102,0.9526254496965131,0.9248995983935743,0.9061820560197789,0.8957132403591298,0.9002218792848721
415,0.006196576136492966,0.01239985965998602,,False,0.9654583793553569,0.9573026213473257,0.9486731825232102,0.9526269474195086,0.9253012048192771,0.9065290823728755,0.8960682279345646,0.9005751248447308
416,0.006185848446967152,0.012397628529960448,,False,0.9654583793553569,0.9572921517950255,0.9486662560513509,0.9526187418731163,0.9248995983935743,0.9061820560197789,0.8957132403591298,0.9002218792848721
417,0.006175807975513273,0.012398497989467152,,False,0.9656592027311979,0.9575464278535077,0.9492674380500156,0.9530744733142232,0.9261044176706827,0.9064673182040424,0.8984808286787237,0.9020056417904073
418,0.006165326382019256,0.012389419724543027,,False,0.9656592027311979,0.957478855109976,0.948842526535485,0.9528014340337955,0.9248995983935743,0.9054318359372974,0.8973801289481808,0.9009248014795362
419,0.006153775116196849,0.012386702850552937,,False,0.9654583793553569,0.9572931312536497,0.9486714238288649,0.9526245547347583,0.9253012048192771,0.9057712465491647,0.8977708535278541,0.9012991839001858
420,0.006143550130883748,0.012380080445048475,,False,0.9655587910432775,0.9573908196785076,0.9487600998951946,0.9527165480259998,0.9248995983935743,0.9054272313356108,0.8973979974503001,0.9009354872726667
421,0.006132760539083027,0.012376245791938112,,False,0.9657596144191184,0.9576380216100523,0.9493672620412431,0.9531696142708443,0.9265060240963855,0.9074209666157027,0.900538441847448,0.9036091974623501
422,0.006123111858421348,0.012366428883189956,,False,0.9656592027311979,0.9575351687201752,0.9492716595030541,0.9530718342161477,0.9253012048192771,0.9086744231024912,0.8977733728256754,0.9024660905094528
423,0.006111696346041731,0.012364467563361833,,False,0.9658600261070388,0.9577323763504187,0.9494606327228491,0.9532644639367489,0.9261044176706827,0.9099234428233179,0.9001859735698345,0.904436217657607
424,0.00610186054238142,0.012366809479595587,,False,0.9660608494828798,0.9579602170450343,0.9500659577776744,0.9537096714918716,0.9265060240963855,0.9088633557199491,0.9005779535571763,0.9042351092689326
425,0.006090650015574448,0.012359371553183061,,False,0.9659604377949593,0.9578128480116904,0.9495513356706949,0.9533505074704774,0.9261044176706827,0.9084663876893155,0.9002038420719537,0.9038539503634857
426,0.006080199777324173,0.012353339958895558,,False,0.9660608494828798,0.9579657541028568,0.9500633684407922,0.9537087196697177,0.9261044176706827,0.9084663876893155,0.9002038420719537,0.9038539503634857
427,0.006071022595608948,0.01235620940009533,,False,0.9661612611708003,0.9580457130322346,0.9501566607255203,0.9537972174424757,0.9265060240963855,0.9088633557199491,0.9005779535571763,0.9042351092689326
428,0.006060261064401461,0.012346608997678548,,False,0.9661612611708003,0.958063696124384,0.950152044507122,0.9538007593982084,0.9261044176706827,0.90843947426608,0.9001668496600467,0.903822240577425
429,0.006052717403471813,0.012348378768642478,,False,0.9662616728587208,0.958919931623262,0.9498197706313299,0.9539804662068564,0.9261044176706827,0.9085175078719847,0.9002050974796223,0.90387094632887
430,0.006039593994141277,0.012336188269278603,,False,0.9660608494828798,0.9579657541028568,0.9500633684407922,0.9537087196697177,0.9261044176706827,0.9085175078719847,0.9002050974796223,0.90387094632887
431,0.006029636149670043,0.012333519683675718,,False,0.9662616728587208,0.9585649308112638,0.9502506622932445,0.954074190517918,0.9261044176706827,0.9085175078719847,0.9002050974796223,0.90387094632887
432,0.006019112142075104,0.012330561290912215,,False,0.9662616728587208,0.9585649308112638,0.9502506622932445,0.954074190517918,0.9261044176706827,0.9085175078719847,0.9002050974796223,0.90387094632887
433,0.006009251860590002,0.01233036672407598,,False,0.9662616728587208,0.9581493935423606,0.950245415188728,0.9538915591972708,0.9257028112449799,0.9081387252577071,0.8998309859943997,0.9034977318774673
434,0.005998931750474581,0.012325944025020241,,False,0.9662616728587208,0.9585603320968485,0.9502506622932445,0.9540728286335809,0.9261044176706827,0.9085175078719847,0.9002050974796223,0.90387094632887
435,0.005990080214341532,0.012319393213594149,,False,0.9663620845466412,0.959494162957692,0.9503426690458652,0.9545271781643989,0.9261044176706827,0.9085175078719847,0.9002050974796223,0.90387094632887
436,0.005980212797453786,0.01231569002628798,,False,0.9663620845466412,0.9582484941393761,0.9503366706258141,0.953982527950048,0.9265060240963855,0.9088498915187275,0.9004978116288758,0.9041866909788799
437,0.005972122785160661,0.0123098197944687,,False,0.9664624962345617,0.9587671767354254,0.9504273735736598,0.9542591586186515,0.9269076305220884,0.9091932604604867,0.90087066770643,0.9045511036240426
438,0.005959024334372227,0.012307852904851667,,False,0.9663620845466412,0.9582341224269074,0.9503393383595742,0.9539799240867279,0.9273092369477912,0.909567025849064,0.9012626476937717,0.9049353431441198
439,0.005949207614872528,0.012302196948144831,,False,0.9664624962345617,0.9583446265931104,0.95043004130742,0.954077405559419,0.9265060240963855,0.9088442151587058,0.900515680130995,0.90419789129368
440,0.005939462464044445,0.012299074619360514,,False,0.9664624962345617,0.9583233460642169,0.9504326306443023,0.9540726729974224,0.9269076305220884,0.9092220578897918,0.9008897916162177,0.9045711638046865
441,0.005929959169588787,0.012293479158614755,,False,0.9666633196104026,0.9585605332310494,0.9510379556991276,0.954520200489265,0.9269076305220884,0.9091891831179778,0.9008885362085491,0.9045620706331131
442,0.005919676562144484,0.012291272958019659,,False,0.9664624962345617,0.9583205749891864,0.95043004130742,0.9540679220647215,0.9265060240963855,0.9088442151587058,0.900515680130995,0.90419789129368
443,0.0059102749655508624,0.012286937276710827,,False,0.9665629079224822,0.9584829094605198,0.9509420740775174,0.9544276901036882,0.9269076305220884,0.9091932604604867,0.90087066770643,0.9045511036240426
444,0.005900074119217689,0.01228479909164364,,False,0.9668641429862436,0.9591637870797229,0.9512225808876953,0.9548865266049487,0.9269076305220884,0.9092220578897918,0.9008897916162177,0.9045711638046865
445,0.005891044086190816,0.01227903039078103,,False,0.9667637312983232,0.9586806058727273,0.9511287370438514,0.954621901766095,0.9269076305220884,0.9091932604604867,0.90087066770643,0.9045511036240426
446,0.0058808341793855695,0.012276954817797793,,False,0.9668641429862436,0.9591785498124646,0.951219439991697,0.9548905470263297,0.9265060240963855,0.9088442151587058,0.900515680130995,0.90419789129368
447,0.005871371025115108,0.012270651090344755,,False,0.9668641429862436,0.9591924102333356,0.951219439991697,0.9548969513090727,0.9265060240963855,0.9088442151587058,0.900515680130995,0.90419789129368
448,0.005863409621999783,0.01226682212982741,,False,0.9669645546741641,0.9593455488864421,0.9517314727617945,0.955254060834657,0.9269076305220884,0.9092128578791195,0.90087066770643,0.904561421328354
449,0.005853552598482759,0.012269820036241986,,False,0.9669645546741641,0.9597387869251214,0.9517341404955546,0.9554301991250491,0.9273092369477912,0.909567025849064,0.9012626476937717,0.9049353431441198
450,0.005842189765137299,0.012261242601729106,,False,0.9670649663620845,0.960680315080332,0.9518253166056384,0.955887301369578,0.9265060240963855,0.9088442151587058,0.900515680130995,0.90419789129368
451,0.00583392872749368,0.012255695169029725,,False,0.9672657897379255,0.9613027959743976,0.9520126104580905,0.9562593278035225,0.9261044176706827,0.9085008462169465,0.900142824053441,0.9038334786485172
452,0.0058251628927790886,0.012255492532002428,,False,0.9674666131137665,0.9614806455842368,0.952194104716786,0.9564440507206022,0.9273092369477912,0.9095858916231467,0.9012651669915931,0.904944838695488
453,0.005814374349614675,0.01224473715309537,,False,0.9672657897379255,0.9612315143655366,0.9515892537543229,0.9559855417195673,0.927710843373494,0.9099552515547852,0.9016367676614786,0.905317247524304
454,0.005804768844675238,0.012245073335430522,,False,0.967165378050005,0.9607756544060775,0.9519186872872444,0.9559822362770503,0.9273092369477912,0.9095710588337437,0.9012639115839245,0.9049445299086774
455,0.005795140217761103,0.012239550969165512,,False,0.9672657897379255,0.9612976991607756,0.9520121372958525,0.9562609874993524,0.9273092369477912,0.9095710588337437,0.9012639115839245,0.9049445299086774
456,0.005785839460496472,0.012231427939046198,,False,0.9672657897379255,0.9617558856626981,0.9520126104580905,0.9564536368698064,0.9273092369477912,0.9095884833849214,0.9012639115839245,0.9049542879406522
457,0.005776872699637544,0.01222880041315884,,False,0.9672657897379255,0.9613214974569863,0.9520126897850929,0.9562667777011826,0.9269076305220884,0.9092246496515664,0.9008885362085491,0.9045806130498507
458,0.005767290404646346,0.012221111048826333,,False,0.9674666131137665,0.9614771600406341,0.9521941056469103,0.9564403142688356,0.9269076305220884,0.9092254734432382,0.9008910555063705,0.9045813242164564
459,0.0057577304559877345,0.012220740615512355,,False,0.9675670248016869,0.962002158933442,0.9522879494907541,0.9567194416157805,0.927710843373494,0.9099726761059627,0.9016367676614786,0.905327005556279
460,0.005748284335630961,0.01221984862417226,,False,0.9675670248016869,0.9619950823525123,0.9522879494907541,0.9567166772202813,0.9273092369477912,0.9095924624795225,0.9012639115839245,0.9049449792387284
461,0.005739107096173591,0.012212928079285243,,False,0.9675670248016869,0.9619950823525123,0.9522879494907541,0.9567166772202813,0.9265060240963855,0.9088526335417687,0.900515680130995,0.9042080119692838
462,0.005731845474809322,0.012206496724849041,,False,0.9677678481775278,0.9622027902389689,0.9524737818145513,0.9569086606190133,0.9265060240963855,0.9088700580929463,0.900515680130995,0.9042177700012588
463,0.005720945980717617,0.012205790689223539,,False,0.9676674364896074,0.9621476354253663,0.9527999822608515,0.957078366203632,0.9269076305220884,0.9092330680346294,0.9008885362085491,0.9045907337254548
464,0.005711603166523962,0.012203600072974467,,False,0.9678682598654483,0.9623582113470861,0.9534053073156767,0.9575172190733718,0.9273092369477912,0.9096172607556707,0.9012613922861031,0.9049634513410815
465,0.005703356869871792,0.012201756685494594,,False,0.9679686715533689,0.9624222512289364,0.9530806467949097,0.9573547961449944,0.9269076305220884,0.9092330680346294,0.9008885362085491,0.9045907337254548
466,0.005693350110989054,0.012193725105450913,,False,0.9679686715533689,0.9624216045738161,0.9530773481750313,0.9573546949126084,0.9273092369477912,0.9096172607556707,0.9012613922861031,0.9049634513410815
467,0.005684082919013123,0.01218655261277759,,False,0.9678682598654483,0.9623412550587143,0.9529846083795436,0.9572646053414593,0.9273092369477912,0.9096172607556707,0.9012613922861031,0.9049634513410815
468,0.005675770299033123,0.012192805483566188,,False,0.9680690832412893,0.9625461415981553,0.9535920486788887,0.9577045333810789,0.9273092369477912,0.9096172607556707,0.9012613922861031,0.9049634513410815
469,0.0056678349464716555,0.012193312004514277,,False,0.9683703183050507,0.9628340345072974,0.9538694145930686,0.9579900416622225,0.9273092369477912,0.9096172607556707,0.9012613922861031,0.9049634513410815
470,0.005656883837194368,0.012179069004486705,,False,0.9684707299929712,0.96292440518396,0.9539626284809187,0.9580831105764882,0.9273092369477912,0.9096172607556707,0.9012613922861031,0.9049634513410815
471,0.005648480271762042,0.012177902658589094,,False,0.9681694949292098,0.962614084884454,0.9532640111413654,0.9575466246758292,0.9273092369477912,0.9096172607556707,0.9012613922861031,0.9049634513410815
472,0.00563995043681036,0.012179413464421869,,False,0.9683703183050507,0.9628287383377635,0.9538693361961906,0.9579879671591931,0.9273092369477912,0.9096172607556707,0.9012613922861031,0.9049634513410815
473,0.005631445604251476,0.012173695778089539,,False,0.9686715533688122,0.9631569738635063,0.9545703431162076,0.9585262065133231,0.9273092369477912,0.9096172607556707,0.9012613922861031,0.9049634513410815
474,0.00562179410989189,0.01216683046982419,,False,0.9685711416808916,0.963039051366661,0.9544764199453613,0.9584226326418466,0.9273092369477912,0.9096172607556707,0.9012613922861031,0.9049634513410815
475,0.00561306471448711,0.012162632771489122,,False,0.9685711416808916,0.9630452415649879,0.954474661251016,0.9584273443910928,0.9273092369477912,0.9096172607556707,0.9012613922861031,0.9049634513410815
476,0.0056039404039980424,0.012156855470451816,,False,0.9687719650567326,0.9632499151398926,0.9546637137978136,0.9586204242975911,0.9273092369477912,0.9096157434724419,0.9012613922861031,0.9049562577229755
477,0.005595268457020412,0.012154414715699946,,False,0.9686715533688122,0.9631474133859442,0.954568031932622,0.9585250936279335,0.9273092369477912,0.9096172607556707,0.9012613922861031,0.9049634513410815
478,0.0055859191992398095,0.012157797330101005,,False,0.9685711416808916,0.963040155432089,0.954474661251016,0.9584249645115912,0.9273092369477912,0.9096172607556707,0.9012613922861031,0.9049634513410815
479,0.005577166105766012,0.012148514752851567,,False,0.9687719650567326,0.9632519903999379,0.9546637137978136,0.9586200404415602,0.9273092369477912,0.9096172607556707,0.9012613922861031,0.9049634513410815
480,0.00556873984061852,0.01214521798505818,,False,0.9688723767446531,0.9633219778408473,0.9547553257850743,0.9587054756475928,0.9273092369477912,0.9096157434724419,0.9012613922861031,0.9049562577229755
481,0.005559894593819253,0.012146524502333932,,False,0.9689727884325735,0.9634244020493468,0.9548504551610255,0.9588031599610929,0.9273092369477912,0.9096172607556707,0.9012613922861031,0.9049634513410815
482,0.005551442416310398,0.012142966485130214,,False,0.9689727884325735,0.9634642936875123,0.9552673585551715,0.9590564767289594,0.9273092369477912,0.9096172607556707,0.9012613922861031,0.9049634513410815
483,0.00554245076125511,0.012137201980669544,,False,0.9688723767446531,0.9633704992745624,0.9551751940786706,0.9589641827430255,0.9273092369477912,0.9096172607556707,0.9012613922861031,0.9049634513410815
484,0.005533934573618312,0.0121352285064761,,False,0.969073200120494,0.9635515384267784,0.9553624879311228,0.9591491126039641,0.927710843373494,0.9105611251189506,0.9033190054548275,0.9065480531366892
485,0.0055250290622191525,0.012129673898750581,,False,0.9689727884325735,0.9634680606565387,0.9552691172495168,0.9590600483236165,0.927710843373494,0.9105611251189506,0.9033190054548275,0.9065480531366892
486,0.005516775662403878,0.01212628596166241,,False,0.9689727884325735,0.9634573892456747,0.9552691172495168,0.9590546331385043,0.9281124497991968,0.9101190187209013,0.9053766186235518,0.907510253961451
487,0.005508709505597504,0.012121405134962819,,False,0.969073200120494,0.9635599453095948,0.9553642466254681,0.9591499014677862,0.927710843373494,0.9091711232814013,0.9033190054548275,0.9059444473331093
488,0.005500023030790519,0.012118150856531118,,False,0.9689727884325735,0.963473965000467,0.9552691172495168,0.9590608966636027,0.927710843373494,0.9105611251189506,0.9033190054548275,0.9065480531366892
489,0.005491382439481523,0.012115217171199583,,False,0.969073200120494,0.9635584021622348,0.9553642466254681,0.9591501357107182,0.9281124497991968,0.9101190187209013,0.9053766186235518,0.907510253961451
490,0.005482358523361526,0.01210841870043187,,False,0.969073200120494,0.9635603202195343,0.9553642466254681,0.9591497135934062,0.9273092369477912,0.9101691182876368,0.9029448939696049,0.906177122354203
491,0.005473993541524118,0.012108508795696768,,False,0.9689727884325735,0.9634710143003206,0.9552691172495168,0.9590593397651355,0.9273092369477912,0.9087791164500876,0.9029448939696049,0.9055735165506231
492,0.005466766860824246,0.012105873568436818,,False,0.9691736118084145,0.9636473328405462,0.9554466732657583,0.9592334629466303,0.9269076305220884,0.9092261555155177,0.9008872808008805,0.9045858873526053
493,0.005457670372287174,0.012094933709372618,,False,0.9691736118084145,0.9636515362775278,0.9554466732657583,0.9592363403534941,0.9273092369477912,0.9087791164500876,0.9029448939696049,0.9055735165506231
494,0.005448759805187855,0.012098564820689866,,False,0.9691736118084145,0.9636480796992504,0.9554529226917978,0.9592407745010401,0.9285140562248996,0.91050424436251,0.9057507301087744,0.9078766279007294
495,0.00544147069211169,0.012088986145047617,,False,0.9694748468721759,0.9639343827537338,0.9557127014647473,0.9595120052452365,0.9281124497991968,0.9101100412769506,0.9053766186235518,0.9075058087889801
496,0.005433431983719478,0.012085793865789228,,False,0.9695752585600964,0.9640261068447578,0.9558059937494754,0.9596063631674588,0.9281124497991968,0.9101100412769506,0.9053766186235518,0.9075058087889801
497,0.005424322067402724,0.012085252215952828,,False,0.9695752585600964,0.9640090941305081,0.9558210015199493,0.9596128984113785,0.9285140562248996,0.91050424436251,0.9057507301087744,0.9078766279007294
498,0.005415573782010973,0.01208173991456381,,False,0.9694748468721759,0.9639310178467648,0.9557173960800236,0.9595137218077637,0.9285140562248996,0.91050424436251,0.9057507301087744,0.9078766279007294
499,0.005408081272739176,0.012080594329258267,,False,0.9694748468721759,0.9639214335493844,0.9557283401213394,0.9595162061134778,0.9285140562248996,0.91050424436251,0.9057507301087744,0.9078766279007294
500,0.005399973262528743,0.012078326307744651,,False,0.9696756702480168,0.964103557525595,0.9559149246907955,0.9597054140101979,0.9293172690763052,0.9111906205445351,0.9064964422638825,0.9086022139617523
501,0.005392256353088047,0.012075023368191358,,False,0.9696756702480168,0.9640999505015679,0.9559034281602394,0.9596994911241611,0.9293172690763052,0.911159631697819,0.9064964422638825,0.908589935108972
502,0.005382593126604999,0.012069615519775602,,False,0.9696756702480168,0.9641151590347121,0.9559046106054735,0.9596996494944244,0.9285140562248996,0.91050424436251,0.9057507301087744,0.9078766279007294
503,0.005374832186489307,0.012067483105153777,,False,0.9698764936238579,0.9643420145249502,0.9565099356602987,0.9601415485868553,0.9285140562248996,0.91050424436251,0.9057507301087744,0.9078766279007294
504,0.005366508864039525,0.012065124838825514,,False,0.9697760819359373,0.9642414175984008,0.9564165649786928,0.960043428310526,0.9285140562248996,0.91050424436251,0.9057507301087744,0.9078766279007294
505,0.005358521744383614,0.012063357679980777,,False,0.9699769053117783,0.9644402573886176,0.9565985333297505,0.9602368229957042,0.9281124497991968,0.9101100412769506,0.9053766186235518,0.9075058087889801
506,0.005351628325349446,0.012064041771487405,,False,0.9699769053117783,0.9644289562726479,0.9566032279450268,0.9602357154133006,0.9285140562248996,0.9105097357816037,0.9057507301087744,0.9078765948121704
507,0.00534409097674252,0.012058595289875499,,False,0.9701777286876192,0.9646506908339576,0.9572038583845759,0.9606719078194857,0.9289156626506024,0.9107654286122594,0.9061223307786599,0.9082191159972227
508,0.005334499862995149,0.012055704671381649,,False,0.9699769053117783,0.9644384389636779,0.9566032279450268,0.9602388538563742,0.9285140562248996,0.910418488509618,0.9057494747011058,0.9078560194746276
509,0.00532756563380143,0.012057448609076673,,False,0.9696756702480168,0.964123341824089,0.9559046106054735,0.9597004680457317,0.9285140562248996,0.9105288443781618,0.9057507301087744,0.9078809661416697
510,0.0053184030134664695,0.01204746473986217,,False,0.9698764936238579,0.9642985966643168,0.9560911951749296,0.9598883650416548,0.9285140562248996,0.910418488509618,0.9057494747011058,0.9078560194746276
511,0.005310336676125705,0.012043307492591675,,False,0.9699769053117783,0.9644388783957992,0.9566050650362501,0.9602357458512013,0.9285140562248996,0.910418488509618,0.9057494747011058,0.9078560194746276
512,0.0053028796688224895,0.012038656443005204,,False,0.9701777286876192,0.9646164307112769,0.9567851962960846,0.9604213864514412,0.9289156626506024,0.9107654286122594,0.9061223307786599,0.9082191159972227
513,0.005294860416913293,0.012036907552401954,,False,0.9700773169996988,0.964535999984757,0.9566872093960802,0.9603280790172951,0.9285140562248996,0.910418488509618,0.9057494747011058,0.9078560194746276
514,0.005287254910675536,0.012036875316318762,,False,0.9701777286876192,0.964623001813211,0.9567870333873079,0.9604214965882285,0.9289156626506024,0.9108126915951775,0.9061235861863284,0.9082268385863769
515,0.005279545732261551,0.012038975431829035,,False,0.9700773169996988,0.9645178591821105,0.9566919040113565,0.9603250356545748,0.9289156626506024,0.9107654286122594,0.9061223307786599,0.9082191159972227
516,0.005271521174507173,0.012030382783818652,,False,0.9704789637513807,0.9650118264299324,0.957899774993832,0.9612174207836096,0.9285140562248996,0.910418488509618,0.9057494747011058,0.9078560194746276
517,0.005264058141306873,0.012028655403172774,,False,0.9703785520634601,0.9649046559532715,0.9578064043122261,0.9611163854655275,0.9285140562248996,0.910418488509618,0.9057494747011058,0.9078560194746276
518,0.005256131739827265,0.012024695440157244,,False,0.9703785520634601,0.9649026874424571,0.9578110989275024,0.9611206720039858,0.9285140562248996,0.910418488509618,0.9057494747011058,0.9078560194746276
519,0.005248608544052013,0.01202380722495035,,False,0.9704789637513807,0.9649486946026334,0.9574810345084628,0.9609549594543516,0.9285140562248996,0.910418488509618,0.9057494747011058,0.9078560194746276
520,0.005241215099847364,0.012019687730084036,,False,0.9703785520634601,0.9649108957757258,0.9578064043122261,0.961118190532441,0.9285140562248996,0.910418488509618,0.9057494747011058,0.9078560194746276
521,0.005233250232351312,0.012019833025400899,,False,0.9705793754393012,0.965078768663742,0.9579977618938363,0.9613041425410276,0.9285140562248996,0.9104230267847923,0.9057494747011058,0.9078560437122873
522,0.005225196277761247,0.012017729543065786,,False,0.9705793754393012,0.965089023596701,0.9579930672785602,0.961303649070198,0.9285140562248996,0.910418488509618,0.9057494747011058,0.9078560194746276
523,0.0052177413924600095,0.012013440940408392,,False,0.9707801988151421,0.9652617418581548,0.9581798086417721,0.9614871766158881,0.9285140562248996,0.910418488509618,0.9057494747011058,0.9078560194746276
524,0.005210298981017128,0.012011766499408208,,False,0.9707801988151421,0.9656584467495579,0.9577564519380045,0.9614231279628456,0.9285140562248996,0.910418488509618,0.9057494747011058,0.9078560194746276
525,0.005202895021820234,0.012005507593673746,,False,0.9707801988151421,0.9656584467495579,0.9577564519380045,0.9614231279628456,0.9285140562248996,0.910418488509618,0.9057494747011058,0.9078560194746276
526,0.005194990563111222,0.012003251628001038,,False,0.9707801988151421,0.965644174928286,0.9577564519380045,0.9614188502895181,0.9285140562248996,0.9104230267847923,0.9057494747011058,0.9078560437122873
527,0.005187760986559106,0.012003684389476873,,False,0.9708806105030625,0.9657796167377806,0.9582684847081018,0.9617669559742171,0.9285140562248996,0.9104230267847923,0.9057494747011058,0.9078560437122873
528,0.005180504449966722,0.011997493415207734,,False,0.9706797871272216,0.9655666786237034,0.9576677758716747,0.9613329362090073,0.9285140562248996,0.9104230267847923,0.9057494747011058,0.9078560437122873
529,0.0051732504079346755,0.011994971035910813,,False,0.9710814338789036,0.9660212872567769,0.9588732473075611,0.9622074126103038,0.9285140562248996,0.9104230267847923,0.9057494747011058,0.9078560437122873
530,0.0051669362443296386,0.011987898885722114,,False,0.970981022190983,0.9659349910624907,0.9587751820106788,0.9621130868655522,0.9285140562248996,0.910418488509618,0.9057494747011058,0.9078560194746276
531,0.005159027949689413,0.011985145142599227,,False,0.9710814338789036,0.966011632054589,0.9588685526922848,0.9622025765883421,0.9289156626506024,0.9107654286122594,0.9061223307786599,0.9082191159972227
532,0.005151144859402929,0.0119819788578581,,False,0.971181845566824,0.9661131327916463,0.9589619233738907,0.962298340091663,0.9285140562248996,0.9104250920561634,0.9057494747011058,0.9078500787462791
533,0.005143616189599359,0.01197819232059871,,False,0.9712822572547445,0.966241250797157,0.959473956143988,0.9626420244146081,0.9285140562248996,0.9104230267847923,0.9057494747011058,0.9078560437122873
534,0.005136933078656161,0.01197777897076011,,False,0.971181845566824,0.9660910911406686,0.9589619233738907,0.9622913069135157,0.9289156626506024,0.9107961340140552,0.9061235861863284,0.9082262994935504
535,0.005129481776681789,0.0119785810766523,,False,0.971181845566824,0.9660993057174811,0.9589619233738907,0.962293532861251,0.9289156626506024,0.9107961340140552,0.9061235861863284,0.9082262994935504
536,0.0051224787414492325,0.011977432626237256,,False,0.971181845566824,0.9660937247941658,0.9589619233738907,0.9622919088103896,0.9289156626506024,0.9107961340140552,0.9061235861863284,0.9082262994935504
537,0.005115798711718133,0.011976648227567978,,False,0.9712822572547445,0.9662373687616665,0.959473956143988,0.9626443540341607,0.9301204819277108,0.9118952320203471,0.907244673716812,0.9093342175350908
538,0.005107980551646866,0.011967942164851324,,False,0.9712822572547445,0.966241250797157,0.959473956143988,0.9626420244146081,0.9289156626506024,0.9108193845782606,0.9061235861863284,0.908230667740668
539,0.005101441931672247,0.011963706461167069,,False,0.9712822572547445,0.9662355299427531,0.959473956143988,0.9626403649098015,0.9289156626506024,0.9107961340140552,0.9061235861863284,0.9082262994935504
540,0.005093832451731609,0.011959968561957305,,False,0.971181845566824,0.9661071147262502,0.9589619233738907,0.9622966068135046,0.9289156626506024,0.910810582542047,0.9061223307786599,0.9082285600371551
541,0.005086847028507562,0.01195516006903512,,False,0.971181845566824,0.9661013938718462,0.9589619233738907,0.962294947308698,0.9293172690763052,0.9111846750582941,0.9064964422638825,0.908592905477703
542,0.005079845395427411,0.011958370505671119,,False,0.9712822572547445,0.9662310954452804,0.959473956143988,0.9626384220787999,0.9289156626506024,0.9108539984166355,0.9061235861863284,0.9082313713494483
543,0.005073061348273843,0.011955539642094263,,False,0.971181845566824,0.9661053982856642,0.9589619233738907,0.9622971029267811,0.9289156626506024,0.9108193845782606,0.9061235861863284,0.908230667740668
544,0.0050660739385218895,0.011954115202302544,,False,0.9712822572547445,0.9662531631656406,0.959473956143988,0.9626482322965089,0.9293172690763052,0.9112058603511285,0.9064964422638825,0.9086032386908288
545,0.0050594208890354184,0.011951811554491997,,False,0.9713826689426649,0.9663313959321239,0.9595677999878318,0.962735740836464,0.9293172690763052,0.9112058603511285,0.9064964422638825,0.9086032386908288
546,0.005052103714589493,0.0119420158143071,,False,0.9713826689426649,0.9663374368470596,0.9595677999878318,0.9627366374776416,0.9293172690763052,0.9112058603511285,0.9064964422638825,0.9086032386908288
547,0.005047666457976216,0.011939235102309853,,False,0.9712822572547445,0.966248872658242,0.9594744293062258,0.9626437273232197,0.9293172690763052,0.9111755007148015,0.906502848282465,0.9086039686959501
548,0.0050393859593669075,0.011939481884574357,,False,0.9715834923185058,0.9665322408883621,0.9597518736172836,0.9629246984447103,0.9285140562248996,0.9104453374658062,0.9057494747011058,0.9078604700190086
549,0.005031445567326524,0.011936168268845599,,False,0.9715834923185058,0.9665262903515219,0.9597518736172836,0.962923802733875,0.9289156626506024,0.9108193845782606,0.9061235861863284,0.908230667740668
550,0.005025455673079274,0.011933347939510768,,False,0.9715834923185058,0.9665162856717573,0.9597550145132817,0.9629232934607221,0.9293172690763052,0.9112058603511285,0.9064964422638825,0.9086032386908288
551,0.005017783571407618,0.011931307562823495,,False,0.9714830806305854,0.9664302969525056,0.9596611706694378,0.9628318080865039,0.9293172690763052,0.9112058603511285,0.9064964422638825,0.9086032386908288
552,0.0050117231321299,0.01193698981063762,,False,0.9716839040064263,0.9666129372839369,0.9598452442988896,0.9630148432251021,0.9293172690763052,0.9112382674379566,0.9064964422638825,0.9086040491447915
553,0.005004273030920659,0.01192877699293204,,False,0.9715834923185058,0.9665201520999731,0.9597518736172836,0.9629219309531718,0.9293172690763052,0.9112382674379566,0.9064964422638825,0.9086040491447915
554,0.004998360804120572,0.011929864685467799,,False,0.9717843156943469,0.9666754246025469,0.9599412827142557,0.963098578310036,0.929718875502008,0.9116317491850514,0.9068705537491051,0.9089793388528756
555,0.004990882241492553,0.011921122219280747,,False,0.9714830806305854,0.9664117779505251,0.9596611706694378,0.9628227672980962,0.9293172690763052,0.9112092154823951,0.9064964422638825,0.9085979088777398
556,0.004984575333554287,0.011917889215025892,,False,0.9717843156943469,0.9666927036661086,0.9599339203652194,0.9630995187259894,0.9293172690763052,0.9112382674379566,0.9064964422638825,0.9086040491447915
557,0.004978038961695651,0.011919059226589668,,False,0.9716839040064263,0.9665827933575648,0.9598483851948877,0.9630030038588147,0.9293172690763052,0.9112058603511285,0.9064964422638825,0.9086032386908288
558,0.004970876298578545,0.011912414662416895,,False,0.9718847273822673,0.9667940463064512,0.9600277642090632,0.9631966551157389,0.9293172690763052,0.9112092154823951,0.9064964422638825,0.9085979088777398
559,0.004964872427354541,0.011905723453180656,,False,0.9717843156943469,0.9666986579488276,0.9599339203652194,0.9630999155834,0.9289156626506024,0.9095577279292681,0.9061223307786599,0.9076429412618907
560,0.004959824600051201,0.011907682386248007,,False,0.9715834923185058,0.9665155861459903,0.9597523467795216,0.9629150978495845,0.9293172690763052,0.9099195048834865,0.906502848282465,0.9080225874158262
561,0.0049515630390408434,0.011901203746384564,,False,0.9716839040064263,0.9666077969755662,0.9598457174611276,0.9630080079170855,0.9293172690763052,0.9099162879633808,0.9064842562220186,0.9080199114570111
562,0.004944878682718878,0.0119009223212938,,False,0.9717843156943469,0.9667063016937233,0.9599343935274572,0.9631049622867986,0.9293172690763052,0.9099195048834865,0.906502848282465,0.9080225874158262
563,0.004938138263346566,0.011895867080088905,,False,0.9719851390701878,0.966903561182609,0.9601210564937913,0.9632995107580078,0.9293172690763052,0.9099162879633808,0.9064842562220186,0.9080199114570111
564,0.004931612955499346,0.01189199923193604,,False,0.9718847273822673,0.9668110751364681,0.9600276858121853,0.9632044954825848,0.9289156626506024,0.9095577279292681,0.9061223307786599,0.9076429412618907
565,0.004925893554665316,0.011893012647892557,,False,0.9721859624460287,0.967066440958384,0.9603077978570033,0.9634748595262627,0.9289156626506024,0.9095858530640757,0.9061223307786599,0.9076491403137008
566,0.004918995235749555,0.011891678067982895,,False,0.9721859624460287,0.9670590353625127,0.9603077978570033,0.9634703979401552,0.9289156626506024,0.9095858530640757,0.9061223307786599,0.9076491403137008
567,0.004913427905592087,0.011891328673927238,,False,0.9720855507581082,0.9669685784498626,0.9602144271753973,0.9633765324435851,0.9293172690763052,0.9099483702641584,0.9064977061540352,0.9080215383030846
568,0.004905855762760963,0.011887399576498448,,False,0.9721859624460287,0.9670569542338979,0.9603077978570033,0.9634700239766646,0.9289156626506024,0.9095801037408116,0.9061223307786599,0.9076538866473283
569,0.004899482868261564,0.011887829987173708,,False,0.9723867858218697,0.967292531451187,0.9609149600030518,0.9639126561141106,0.9293172690763052,0.909943105424396,0.906502848282465,0.9080276488754667
570,0.004892985761464959,0.011881868793095772,,False,0.9722863741339491,0.9672024225330834,0.9608198306271005,0.963820745782181,0.9289156626506024,0.9095858530640757,0.9061223307786599,0.9076491403137008
571,0.004886651988700282,0.011880114460012468,,False,0.9723867858218697,0.967295814024038,0.9609149600030518,0.9639143462899441,0.9289156626506024,0.909579976798405,0.9061409228391065,0.907660187018182
572,0.0048804703404778755,0.011873889766600868,,False,0.9723867858218697,0.9672840866337447,0.9609149600030518,0.963908475502591,0.9289156626506024,0.9095858530640757,0.9061223307786599,0.9076491403137008
573,0.004874953596960905,0.0118763017020707,,False,0.9724871975097902,0.9673885642710081,0.9610036360693814,0.9640050336076619,0.929718875502008,0.9102651638710453,0.9068757043600192,0.9083850509276703
574,0.004868010588173305,0.011872546507090815,,False,0.9722863741339491,0.9671974455980629,0.9608195624399296,0.9638155842047124,0.9293172690763052,0.9099195048834865,0.906502848282465,0.9080225874158262
575,0.004862192374633338,0.011867213335280395,,False,0.9722863741339491,0.967201780315188,0.9608195624399296,0.9638187580679877,0.9293172690763052,0.9099228600147531,0.906502848282465,0.9080172576027371
576,0.004855581830967512,0.011862502798298865,,False,0.9722863741339491,0.967201780315188,0.9608195624399296,0.9638187580679877,0.929718875502008,0.9102853772148358,0.9068782236578404,0.9083896555921209
577,0.004849333106228183,0.011864020174139553,,False,0.9723867858218697,0.9672916760736795,0.9609176277368119,0.9639141458845769,0.9301204819277108,0.9107099373268167,0.907252335143063,0.9087665703204484
578,0.0048438488528054005,0.01185620443815166,,False,0.9723867858218697,0.9673082330655673,0.9609102653877755,0.963917218544005,0.9301204819277108,0.9111955554687968,0.9089358368265648,0.9099149700590128
579,0.004837099344182701,0.011854097961435033,,False,0.9724871975097902,0.9673755425343386,0.9610063038031416,0.9639997468734739,0.9289156626506024,0.9095858530640757,0.9061223307786599,0.9076491403137008
580,0.004831026895582444,0.011852819321920057,,False,0.9724871975097902,0.9673796837012508,0.9610063038031416,0.9640025247946598,0.9289156626506024,0.9096469772101093,0.9061345168205237,0.9076578931890532
581,0.00482433220909999,0.011852752446949978,,False,0.9724871975097902,0.9673902370705993,0.9610063038031416,0.9640084835804034,0.9293172690763052,0.91000905207294,0.9065150343243291,0.9080317142019501
582,0.004818439434461352,0.011849981265716325,,False,0.9725876091977106,0.9674688568981114,0.9610996744847475,0.9640941318700175,0.9289156626506024,0.909617925254548,0.9061345168205237,0.9076517529220014
583,0.00481293195632656,0.011842343578279744,,False,0.9724871975097902,0.967375382199063,0.9610016091878654,0.9639950763810621,0.929718875502008,0.9108330382687142,0.9085604614511893,0.9095425720696291
584,0.004806640210387736,0.011839380862657149,,False,0.9725876091977106,0.9674787331671565,0.9610923121357112,0.9640933845780051,0.929718875502008,0.9102681398561787,0.9068647737258237,0.9083931321632215
585,0.004799985485185375,0.011842119360320218,,False,0.9724871975097902,0.9673847281735457,0.9610063038031416,0.9640058892489287,0.9293172690763052,0.9099711521723355,0.9065150343243291,0.9080309554677921
586,0.004793760100121024,0.011840944099329538,,False,0.9726880208856311,0.9676112143805502,0.9616090395210848,0.964438583916729,0.9289156626506024,0.9096145701232814,0.9061345168205237,0.9076570827350903
587,0.004787708088781984,0.01183644759641228,,False,0.9727884325735515,0.9676946585338734,0.9617024102026908,0.9645260932555478,0.929718875502008,0.9103435722203622,0.9068904096997044,0.9084044486241025
588,0.004782207885669817,0.011832454580844868,,False,0.972888844261472,0.9682093311358382,0.9617963333735369,0.9648116687799104,0.9289156626506024,0.909617925254548,0.9061345168205237,0.9076517529220014
589,0.004775507701430426,0.011827362960790337,,False,0.9727884325735515,0.9681196430388772,0.9617029626919309,0.9647171734126925,0.929718875502008,0.9103332965181902,0.9068769597676876,0.9083974673961615
590,0.0047697476686021775,0.011830803197951467,,False,0.9726880208856311,0.9676155046665413,0.9616043449058085,0.9644375094897844,0.929718875502008,0.9103370245036846,0.9068904096997044,0.9083980236440868
591,0.0047639656827149985,0.011831870084806776,,False,0.9729892559493926,0.9682814800826686,0.9618850094398665,0.9648904892360485,0.9293172690763052,0.9099821174568414,0.9065150343243291,0.9080261273224516
592,0.0047573452811731295,0.011828283929776976,,False,0.972888844261472,0.9677910645375027,0.9617910862690204,0.9646210744390097,0.929718875502008,0.9103446346569242,0.9068904096997044,0.9083985253118354
593,0.004752046322469394,0.011821894980768965,,False,0.9727884325735515,0.9676898657200064,0.9616930209721382,0.9645185361567916,0.9301204819277108,0.9112528931604876,0.9089480228684287,0.9099239536894657
594,0.004745999250274753,0.011817156783674856,,False,0.973089667637313,0.9683926369477016,0.9619710177724361,0.9649869309448474,0.9301204819277108,0.9112425401513219,0.908934572936412,0.9099293462474731
595,0.0047400373577078745,0.011816054724868135,,False,0.9731900793252335,0.9684901968005565,0.9620643884540421,0.9650864345200181,0.9301204819277108,0.9106893005333677,0.907252335143063,0.9087758459607007
596,0.004733835368018247,0.011813933487245479,,False,0.9731900793252335,0.9684844762103588,0.962061720720282,0.9650761400451527,0.9301204819277108,0.9106893005333677,0.907252335143063,0.9087758459607007
597,0.0047288330512726155,0.01181488719119846,,False,0.9731900793252335,0.9684923095489649,0.9620690830693184,0.96509029504896,0.929718875502008,0.9103327500275957,0.9068840036811218,0.9083902194029582
598,0.004721972514546833,0.011808467362809657,,False,0.9732904910131539,0.9685739190517944,0.9621550914018879,0.9651715461209912,0.9301204819277108,0.9106903629699298,0.907252335143063,0.9087699226484336
599,0.004716458264835684,0.011809631986417664,,False,0.9732904910131539,0.9690028662098494,0.9621550914018879,0.9653650713508721,0.9301204819277108,0.9107171534715515,0.907252335143063,0.908780235947962
600,0.0047104680795914695,0.01180122128400465,,False,0.9733909027010744,0.968679812370979,0.9622484620834939,0.9652727282250753,0.9301204819277108,0.9106893005333677,0.907252335143063,0.9087758459607007
601,0.004705513547207958,0.011799365400114715,,False,0.9731900793252335,0.9684885668477334,0.962061720720282,0.9650788922743327,0.9309236947791165,0.9119799603785306,0.9096904658155925,0.9106782509479824
602,0.004699045620359551,0.011794174122534076,,False,0.9731900793252335,0.968485266751817,0.962061720720282,0.9650772315159093,0.9305220883534137,0.9110489864657626,0.9076142605864218,0.9091410821088781
603,0.004693446125295918,0.011792209527359626,,False,0.9732904910131539,0.9685805868966253,0.962157759135648,0.9651795086005391,0.9301204819277108,0.9106903629699298,0.907252335143063,0.9087699226484336
604,0.0046872400174428055,0.011788709251352199,,False,0.9731900793252335,0.9684775485069598,0.962061720720282,0.9650723615552859,0.9309236947791165,0.9114183317695775,0.9079947780902269,0.909522354085094
605,0.004681578605932323,0.011783604140760311,,False,0.9732904910131539,0.9685807313279491,0.9621550914018879,0.9651729652586448,0.9305220883534137,0.9123149900011006,0.9076142605864218,0.9097165766075778
606,0.004675979891345473,0.011781345728634453,,False,0.9732904910131539,0.9685703443684157,0.9621556438911281,0.965165415164339,0.9305220883534137,0.912325150685004,0.9076194027148515,0.9097201178187628
607,0.004669775905727046,0.011783598843224486,,False,0.9733909027010744,0.969086851631138,0.962249014572734,0.9654519405515936,0.929718875502008,0.9115961194487942,0.9068769597676876,0.9089736096943697
608,0.0046644360504954725,0.011780005961289171,,False,0.9733909027010744,0.9690972259695442,0.962249014572734,0.9654570208585151,0.9305220883534137,0.9116185056150097,0.9093150904402171,0.9102999296463317
609,0.004658252858561633,0.011777434795676046,,False,0.9734913143889948,0.9691827612352102,0.9623314412130244,0.9655420262251427,0.9305220883534137,0.9116084124826711,0.9093099483117874,0.9102964144237679
610,0.004653190447986667,0.011778652161166506,,False,0.9735917260769154,0.9697108025092395,0.9624248118946304,0.9658325926014361,0.9305220883534137,0.91230689316884,0.9076264466282856,0.9097057303854158
611,0.004647202398140796,0.011773291482068836,,False,0.9734913143889948,0.9696153143423616,0.9623314412130244,0.9657362909698713,0.9301204819277108,0.9119530113740013,0.907252335143063,0.9093507469602223
612,0.0046430983279723715,0.011773347386645453,,False,0.9735917260769154,0.9697108025092395,0.9624248118946304,0.9658325926014361,0.9305220883534137,0.9123099498397439,0.9076264466282856,0.9097109476567624
613,0.004636372273267595,0.011762858049705402,,False,0.9735917260769154,0.969710657608526,0.9624248118946304,0.9658317243197572,0.9301204819277108,0.9119342986550804,0.9072498158452418,0.9093403426683442
614,0.004630790086437218,0.011760079350045338,,False,0.9734913143889948,0.9691746768557054,0.9623314412130244,0.9655379112028815,0.9305220883534137,0.9122929221509133,0.9076117412886003,0.9097115021287886
615,0.00462495364856066,0.011760276047793327,,False,0.9734913143889948,0.9696166963629393,0.9623314412130244,0.9657374871675741,0.9301204819277108,0.9119342986550804,0.9072498158452418,0.9093403426683442
616,0.004619190254637729,0.011758569281328582,,False,0.9736921377648359,0.9698040801913356,0.9625072385349205,0.9659188667214464,0.929718875502008,0.9115904941739186,0.9068769597676876,0.9089783489708386
617,0.004615366618433285,0.011761493913123493,,False,0.9736921377648359,0.9697990916264246,0.9625072385349205,0.9659144811997282,0.9301204819277108,0.9119530579145371,0.9072510712529103,0.9093338103909095
618,0.004608142664718873,0.011753417481836732,,False,0.9735917260769154,0.9697130764717158,0.9624138678533145,0.9658240456539229,0.9309236947791165,0.9126820426102111,0.9079947780902269,0.9100972550846157
619,0.004602775988343785,0.011750227668657213,,False,0.9735917260769154,0.9697112368298326,0.9624138678533145,0.9658244385704516,0.9313253012048193,0.913582184106651,0.9100523912589513,0.9116300708476702
620,0.00459706857426276,0.011747828282729775,,False,0.9735917260769154,0.9697103478573388,0.9624138678533145,0.9658238359766899,0.9309236947791165,0.9126820426102111,0.9079947780902269,0.9100972550846157
621,0.0045913815783626445,0.011747519782105535,,False,0.9735917260769154,0.9697103478573388,0.9624138678533145,0.9658238359766899,0.9317269076305221,0.9139259885878128,0.9104252473365053,0.9119920645451758
622,0.004586158238770057,0.011741283653209476,,False,0.9735917260769154,0.969710118945749,0.9624138678533145,0.9658246295692633,0.9313253012048193,0.9130258470913731,0.908367634167781,0.9104592487821213
623,0.004580672453284079,0.011745187343509362,,False,0.9736921377648359,0.9698070076428726,0.9625072385349205,0.9659193894952589,0.9313253012048193,0.9130349498100883,0.9083688895754496,0.9104522930367097
624,0.004574699682683333,0.011737212182337258,,False,0.9735917260769154,0.9697103478573388,0.9624138678533145,0.9658238359766899,0.9317269076305221,0.9139259885878128,0.9104252473365053,0.9119920645451758
625,0.004569679471610272,0.01173614087445959,,False,0.9736921377648359,0.969795592757031,0.9625089972292658,0.9659124911778706,0.9317269076305221,0.9139259885878128,0.9104252473365053,0.9119920645451758
626,0.00456474243239853,0.011731881668452565,,False,0.9737925494527563,0.9698981745243032,0.9625997001771114,0.9660087340049363,0.9321285140562249,0.9148065682098425,0.9124828605052294,0.9134997221957301
627,0.004559412479056925,0.011731027898637149,,False,0.9737925494527563,0.9698966388478296,0.9625997001771114,0.9660083304028502,0.9321285140562249,0.9148065682098425,0.9124828605052294,0.9134997221957301
628,0.004553531404512874,0.011733322292525822,,False,0.9736921377648359,0.9698009080063031,0.9625045708011601,0.9659146355600261,0.9317269076305221,0.9139198152488598,0.9103997174081349,0.9119740064405095
629,0.004547591557553843,0.011725808738924901,,False,0.9736921377648359,0.969801136917893,0.9625045708011601,0.9659138419674529,0.9325301204819277,0.9146428438137048,0.9111543463971626,0.9127108109984543
630,0.0045433202619982165,0.011719067124906404,,False,0.9738929611406768,0.970029901738549,0.9631117329472089,0.9663513571318929,0.9321285140562249,0.9148065682098425,0.9124828605052294,0.9134997221957301
631,0.00453680012861366,0.011720347066253238,,False,0.9737925494527563,0.9698937678102469,0.9625997001771114,0.9660081228826568,0.9317269076305221,0.9139259885878128,0.9104252473365053,0.9119920645451758
632,0.004531621802077582,0.011721611921999489,,False,0.9737925494527563,0.9703230745125099,0.9625997001771114,0.9661967665869091,0.9317269076305221,0.9139259885878128,0.9104252473365053,0.9119920645451758
633,0.004527018055553402,0.011712006076094496,,False,0.9738929611406768,0.9700319945160213,0.9631117329472089,0.9663516918623214,0.9317269076305221,0.9139760667438753,0.9104073788343859,0.9119882148368994
634,0.0045212520167973915,0.01171356107718352,,False,0.9738929611406768,0.9700212520425617,0.9631117329472089,0.9663484740657409,0.9321285140562249,0.9143095099660816,0.91078023491194,0.9123544725732715
635,0.004515578968633258,0.01171040056546953,,False,0.9738929611406768,0.9704559983709348,0.9631117329472089,0.9665421628693974,0.9321285140562249,0.9142924255812813,0.91078023491194,0.9123499196524568
636,0.004510719051300751,0.011708013119926393,,False,0.9738929611406768,0.9704601769443535,0.9631117329472089,0.9665435676799718,0.9321285140562249,0.9143095099660816,0.91078023491194,0.9123544725732715
637,0.004505207693660326,0.011707036203579095,,False,0.9739933728285972,0.9701095158835822,0.9632051036288148,0.9664402669645956,0.9317269076305221,0.9139539946841475,0.9104183094685815,0.9119838192941094
638,0.004499762412642362,0.01170339985327687,,False,0.9738929611406768,0.9704601769443535,0.9631117329472089,0.9665435676799718,0.9321285140562249,0.9143095099660816,0.91078023491194,0.9123544725732715
639,0.004494782857209612,0.011702187200894557,,False,0.9740937845165177,0.9706304247067696,0.9632937796951446,0.9667201133297176,0.9321285140562249,0.9143095099660816,0.91078023491194,0.9123544725732715
640,0.004490565773757352,0.011697324307572468,,False,0.9740937845165177,0.9702058789212915,0.9632937796951446,0.9665322613724329,0.9321285140562249,0.914868012073833,0.9124759226373058,0.9135044756823686
641,0.004484670785536988,0.01169557899756605,,False,0.9740937845165177,0.9706367094998927,0.9632937796951446,0.9667218553856518,0.9321285140562249,0.9143095099660816,0.91078023491194,0.9123544725732715
642,0.004480546223170787,0.011689934246776706,,False,0.9740937845165177,0.9706339256524126,0.9632937796951446,0.9667205160375628,0.9321285140562249,0.9148729298026953,0.9124759226373058,0.9134999871407766
643,0.004473964631414772,0.011694085768407926,,False,0.9740937845165177,0.9706443276752031,0.9632937796951446,0.9667266870968327,0.9321285140562249,0.9143095099660816,0.91078023491194,0.9123544725732715
644,0.004469680025336756,0.011693870522422647,,False,0.9740937845165177,0.9706471232612457,0.9632984743104208,0.9667314600876663,0.9321285140562249,0.9142953542264842,0.9107738288933575,0.9123352879131983
645,0.004464049038611445,0.011688617683826797,,False,0.9740937845165177,0.9706363580997363,0.9632937796951446,0.9667245031225897,0.9321285140562249,0.9143095099660816,0.91078023491194,0.9123544725732715
646,0.004458705571036075,0.011688760328913745,,False,0.9741941962044381,0.9711752664845574,0.9633889090710959,0.9670152908950761,0.9325301204819277,0.9146742550855433,0.9111099414731006,0.9126967839431666
647,0.004453706930398964,0.011682874070578567,,False,0.9741941962044381,0.9711689816914344,0.9633889090710959,0.9670135488391421,0.9325301204819277,0.914722858461394,0.9111099414731006,0.9127200294599503
648,0.00444903425273755,0.011683623279303406,,False,0.9743950195802792,0.9713707421259079,0.9635729827005475,0.9672035456797321,0.9325301204819277,0.9147059629623138,0.9111221275149646,0.9126961733303267
649,0.0044434907253684324,0.011677649904170447,,False,0.9742946078923587,0.9712765485376555,0.9634796120189415,0.9671097827428237,0.9325301204819277,0.914709870307858,0.9111099414731006,0.9127053894829028
650,0.004438370309545244,0.011674684271357707,,False,0.9742946078923587,0.9712723766185177,0.9634796120189415,0.9671083776494884,0.9329317269076305,0.915059392383989,0.9114840529583232,0.913066295152508
651,0.004433684059358446,0.011671917667624898,,False,0.9742946078923587,0.9712665230915039,0.9634796120189415,0.9671040281817951,0.9321285140562249,0.9143141050685991,0.91078023491194,0.9123549900638213
652,0.004428938570659014,0.011668991641883527,,False,0.9742946078923587,0.9712758532727993,0.9634796120189415,0.9671087377000962,0.9325301204819277,0.915242655755762,0.9128378480806644,0.9138909133024252
653,0.0044239510339604375,0.011667746615593286,,False,0.9742946078923587,0.9712758532727993,0.9634796120189415,0.9671087377000962,0.9321285140562249,0.9143575596364533,0.91078023491194,0.9123821122949314
654,0.004418593285177525,0.01166136547982229,,False,0.9743950195802792,0.9713697807825058,0.9635703149667874,0.9672020161603816,0.9325301204819277,0.9147227175037997,0.9111543463971626,0.9127540024942307
655,0.0044139711028762085,0.011659173632617495,,False,0.9742946078923587,0.9712779322406191,0.9634796120189415,0.9671096332793047,0.9325301204819277,0.9147207635722895,0.9111543463971626,0.912754186740893
656,0.004408861229219957,0.011657025365648352,,False,0.9742946078923587,0.9712765485376555,0.9634796120189415,0.9671097827428237,0.9329317269076305,0.9156067827612665,0.913211959565887,0.9142628549352163
657,0.004403663335585985,0.011655990651958749,,False,0.9742946078923587,0.9712723766185177,0.9634796120189415,0.9671083776494884,0.9329317269076305,0.9150912749002542,0.9114840529583232,0.913092445234623
658,0.004399154330892739,0.011654067914729558,,False,0.9743950195802792,0.9713697807825058,0.9635703149667874,0.9672020161603816,0.9329317269076305,0.9156067827612665,0.913211959565887,0.9142628549352163
659,0.004393924956622595,0.01165252453207997,,False,0.9744954312681996,0.9714563737127215,0.9636636856483933,0.9672925486708797,0.9329317269076305,0.9150503797198398,0.9115284578823852,0.9131032184703373
660,0.004388931692196046,0.011652090693306047,,False,0.9743950195802792,0.9713632084274553,0.9635729827005475,0.9672003141257337,0.9325301204819277,0.9147001873942927,0.9111543463971626,0.9127429992052907
661,0.004384306525561865,0.011647134858898883,,False,0.9746962546440405,0.9716408399530471,0.963845732396329,0.9674756644737043,0.9333333333333333,0.9159520890178011,0.9135860710511096,0.914622757134686
662,0.0043794759822665215,0.011644381572274064,,False,0.9745958429561201,0.9715553510905178,0.963752361714723,0.9673849526275506,0.9329317269076305,0.9156067827612665,0.913211959565887,0.9142628549352163
663,0.004374691490434795,0.011643691927884893,,False,0.9746962546440405,0.9716391617370689,0.9638372522051912,0.9674722336442064,0.9337349397590361,0.9158056484020997,0.9122322759287685,0.9138232500420495
664,0.004369647333100221,0.011647987353066618,,False,0.9746962546440405,0.9716377618350435,0.9638439737019837,0.9674742490917407,0.9333333333333333,0.9154216136979869,0.9119025693676078,0.9134748211835986
665,0.004365601491806802,0.011642355461140844,,False,0.9748970780198816,0.9718168878203183,0.9640260204499194,0.9676550531783382,0.9333333333333333,0.9154310895159286,0.9119025693676078,0.913471300771322
666,0.004359871544774028,0.011635034250900931,,False,0.974796666331961,0.9717306282803748,0.963939103077935,0.9675677765111376,0.9329317269076305,0.9150690484630779,0.9115284578823852,0.9131138545626334
667,0.004355192286092773,0.011634365505890244,,False,0.974796666331961,0.9717310110041719,0.9639326497683134,0.9675658841667283,0.9329317269076305,0.9145163288472626,0.9098449561988837,0.9119481779849258
668,0.0043504618384422435,0.011630947956807636,,False,0.974796666331961,0.9717328634805154,0.9639344084626588,0.9675661809332206,0.9325301204819277,0.9141493547431269,0.909470844713661,0.9115770559725781
669,0.004345698452684291,0.011630183401793568,,False,0.9746962546440405,0.9716411495684303,0.9638392790867074,0.967473773515679,0.9329317269076305,0.9145163288472626,0.9098449561988837,0.9119481779849258
670,0.00434096589039793,0.011628444315011375,,False,0.974796666331961,0.9717310110041719,0.9639326497683134,0.9675658841667283,0.9329317269076305,0.9144973893368891,0.9098449561988837,0.9119367902506527
671,0.004336868540295771,0.011629561452183537,,False,0.9748970780198816,0.9718250414235884,0.9640259420530415,0.9676617066652133,0.9329317269076305,0.914501919978036,0.9098449561988837,0.9119380225935435
672,0.004331981579606226,0.011621127429180722,,False,0.974796666331961,0.9717310110041719,0.9639326497683134,0.9675658841667283,0.9329317269076305,0.9145163288472626,0.9098449561988837,0.9119481779849258
673,0.004326906270192658,0.01161885605472821,,False,0.974997489707802,0.9719167764785183,0.9641146181193712,0.9677513618783183,0.9329317269076305,0.9145163288472626,0.9098449561988837,0.9119481779849258
674,0.004322209691963285,0.011622911425287338,,False,0.974796666331961,0.9717310110041719,0.9639326497683134,0.9675658841667283,0.9329317269076305,0.9145163288472626,0.9098449561988837,0.9119481779849258
675,0.004318033145415503,0.011621815285922984,,False,0.974796666331961,0.9717310110041719,0.9639326497683134,0.9675658841667283,0.9333333333333333,0.9148935994415981,0.9102190676841063,0.9123069500018595
676,0.004312867734597586,0.011616751889534833,,False,0.9748970780198816,0.9718228067606454,0.9640213258346431,0.9676563277646524,0.9329317269076305,0.9145163288472626,0.9098449561988837,0.9119481779849258
677,0.00430838992756186,0.01161475113811756,,False,0.9750979013957225,0.9720087213685341,0.9642032941857008,0.9678418070756201,0.9329317269076305,0.9145163288472626,0.9098449561988837,0.9119481779849258
678,0.004303623680656123,0.01160826149122743,,False,0.9750979013957225,0.9720087213685341,0.9642032941857008,0.9678418070756201,0.9329317269076305,0.9145163288472626,0.9098449561988837,0.9119481779849258
679,0.0042995406108891675,0.0116020818406865,,False,0.974997489707802,0.9719246755992589,0.9641099235040949,0.967751667358104,0.9333333333333333,0.9154201372963914,0.9119025693676078,0.9134828548952287
680,0.00429495823059844,0.011600669022857554,,False,0.974997489707802,0.9719246755992589,0.9641099235040949,0.967751667358104,0.9333333333333333,0.9154201372963914,0.9119025693676078,0.9134828548952287
681,0.004290015782869237,0.011598388314579162,,False,0.9750979013957225,0.9720023696241965,0.9642032941857008,0.9678374632103061,0.9329317269076305,0.9145163288472626,0.9098449561988837,0.9119481779849258
682,0.0042864476829315755,0.011591403582094498,,False,0.974997489707802,0.9719151953107007,0.9641099235040949,0.967746194632357,0.9329317269076305,0.9145163288472626,0.9098449561988837,0.9119481779849258
683,0.004280953029985174,0.011592087518233042,,False,0.9750979013957225,0.9720008053520862,0.9642032941857008,0.9678368987800897,0.9329317269076305,0.9145163288472626,0.9098449561988837,0.9119481779849258
684,0.004276785980030698,0.01159144293017723,,False,0.9751983130836429,0.9720978116490409,0.9642919702520305,0.9679299215504291,0.9329317269076305,0.9145163288472626,0.9098449561988837,0.9119481779849258
685,0.004271912788338129,0.011589900178763553,,False,0.9751983130836429,0.9720861261336192,0.9642919702520305,0.9679236685191602,0.9329317269076305,0.9145163288472626,0.9098449561988837,0.9119481779849258
686,0.004267579381073424,0.011586556750410414,,False,0.9752987247715634,0.972179621775994,0.9643853409336365,0.9680177101386404,0.9329317269076305,0.9145163288472626,0.9098449561988837,0.9119481779849258
687,0.004263141090774021,0.011586536750889923,,False,0.9751983130836429,0.972093919952119,0.9642919702520305,0.9679285464351869,0.9329317269076305,0.9145163288472626,0.9098449561988837,0.9119481779849258
688,0.004258705135518278,0.01158631935400729,,False,0.9751983130836429,0.972093919952119,0.9642919702520305,0.9679285464351869,0.9329317269076305,0.9145163288472626,0.9098449561988837,0.9119481779849258
689,0.004253862125176141,0.011582922564663862,,False,0.9751983130836429,0.9720962473769306,0.9642919702520305,0.9679293571202126,0.9333333333333333,0.9154201372963914,0.9119025693676078,0.9134828548952287
690,0.004250096775636211,0.011578206323163807,,False,0.9751983130836429,0.9720962473769306,0.9642919702520305,0.9679293571202126,0.9333333333333333,0.9154201372963914,0.9119025693676078,0.9134828548952287
691,0.004245154187072434,0.011580970747398276,,False,0.9752987247715634,0.9721874155944938,0.9643853409336365,0.968022588054667,0.9329317269076305,0.9145163288472626,0.9098449561988837,0.9119481779849258
692,0.004241948107731973,0.011580954166036052,,False,0.9753991364594838,0.9722772599294542,0.9644787116152425,0.968114655756099,0.9333333333333333,0.9149060249668618,0.9102190676841063,0.9123172028840448
693,0.0042366608708483385,0.011573418629717268,,False,0.9751983130836429,0.9720923556800086,0.9642919702520305,0.9679279820049705,0.9333333333333333,0.9154201372963914,0.9119025693676078,0.9134828548952287
694,0.004232039986926552,0.011571674103495825,,False,0.9751983130836429,0.972093919952119,0.9642919702520305,0.9679285464351869,0.9333333333333333,0.9149060249668618,0.9102190676841063,0.9123172028840448
695,0.004227684179595109,0.01156910046203503,,False,0.9751983130836429,0.9720991421621464,0.9642919702520305,0.9679292098511638,0.9325301204819277,0.9147008832245463,0.9111543379146786,0.9127440309349358
696,0.004223012594411752,0.011563854471757977,,False,0.9751983130836429,0.972093919952119,0.9642919702520305,0.9679285464351869,0.9337349397590361,0.9157996461655649,0.9122779447429833,0.9138561770753988
697,0.004218740317202999,0.011564660151581892,,False,0.9751983130836429,0.9720911851051357,0.9642919702520305,0.96792873237956,0.9333333333333333,0.9148958377164362,0.910220331574259,0.9123215001650959
698,0.004214193229446329,0.011563502111022384,,False,0.9751983130836429,0.972093919952119,0.9642919702520305,0.9679285464351869,0.9333333333333333,0.9148958377164362,0.910220331574259,0.9123215001650959
699,0.00420981562268809,0.011564697333183669,,False,0.9751983130836429,0.972093919952119,0.9642919702520305,0.9679285464351869,0.9329317269076305,0.9145163288472626,0.9098449561988837,0.9119481779849258
700,0.004205881704260469,0.011560748865158307,,False,0.9752987247715634,0.9722197533227876,0.9648040030221279,0.9682699913360716,0.9333333333333333,0.9154201372963914,0.9119025693676078,0.9134828548952287
701,0.004201776862164814,0.011557853047204218,,False,0.9752987247715634,0.9722170184758043,0.9648040030221279,0.9682701772804447,0.9329317269076305,0.9150315844521911,0.9115284578823852,0.913102621904501
702,0.0041974730069250996,0.011552457344621953,,False,0.9753991364594838,0.9723058680720285,0.9648972953068559,0.968362674812533,0.9329317269076305,0.9150315844521911,0.9115284578823852,0.913102621904501
703,0.004192918266358857,0.011550221240577863,,False,0.9752987247715634,0.9722197533227876,0.9648040030221279,0.9682699913360716,0.9333333333333333,0.9154201372963914,0.9119025693676078,0.9134828548952287
704,0.004188476269707199,0.011549421016812698,,False,0.9753991364594838,0.9723058680720285,0.9648972953068559,0.968362674812533,0.9337349397590361,0.9157996461655649,0.9122779447429833,0.9138561770753988
705,0.004184291122990198,0.011548619033354966,,False,0.9752987247715634,0.9721828316339748,0.9643852625367586,0.9680210808710813,0.9329317269076305,0.9145334322798059,0.9098474754967049,0.9119475447623958
706,0.004180848962991378,0.011549058232858341,,False,0.9753991364594838,0.9722680527982498,0.9644787116152425,0.9681092518190442,0.9333333333333333,0.9149241269598163,0.9102215869819275,0.9123165213074709
707,0.004175840311876941,0.01154383766238321,,False,0.9754995481474044,0.9723672704702098,0.9645720038999706,0.968208755415914,0.9333333333333333,0.9148958377164362,0.910220331574259,0.9123215001650959
708,0.004172229825618252,0.011538959961850684,,False,0.9752987247715634,0.9722170184758043,0.9648040030221279,0.9682701772804447,0.9337349397590361,0.9157996461655649,0.9122779447429833,0.9138561770753988
709,0.004167638857960604,0.011539809821261007,,False,0.9755999598353249,0.9724811467930787,0.9650839582731899,0.9685460054615773,0.9337349397590361,0.9152855338360355,0.9105944430594816,0.9126905250642149
710,0.004163283944988915,0.011539126420911138,,False,0.9755999598353249,0.9724811467930787,0.9650839582731899,0.9685460054615773,0.9337349397590361,0.9157996461655649,0.9122779447429833,0.9138561770753988
711,0.00415950403309733,0.011538256586490324,,False,0.9755999598353249,0.9724581582690219,0.9646652961846987,0.9683024777936721,0.9337349397590361,0.9152855338360355,0.9105944430594816,0.9126905250642149
712,0.004154781432026245,0.01153625275858556,,False,0.9759011948990862,0.9727599797539952,0.965363913524252,0.9688289304157264,0.9337349397590361,0.9152855338360355,0.9105944430594816,0.9126905250642149
713,0.004150946402907228,0.011532805892526128,,False,0.9758007832111658,0.9726750365186108,0.965270542842646,0.9687386605425726,0.9333333333333333,0.9148958377164362,0.910220331574259,0.9123215001650959
714,0.004146447320085498,0.011529304089092895,,False,0.9758007832111658,0.9726713462813312,0.965270542842646,0.9687373172489758,0.9329317269076305,0.9145334322798059,0.9098474754967049,0.9119475447623958
715,0.0041429345709385395,0.011527395950715903,,False,0.9761020182749272,0.9729437124376452,0.9655504980937083,0.9690162696656464,0.9337349397590361,0.9152855338360355,0.9105944430594816,0.9126905250642149
716,0.004138262821917785,0.011526073636392705,,False,0.9758007832111658,0.9726750365186108,0.965270542842646,0.9687386605425726,0.9333333333333333,0.9154201372963914,0.9119025693676078,0.9134828548952287
717,0.00413415286550625,0.011523596297408917,,False,0.9759011948990862,0.9727556563408856,0.965363835127374,0.9688273262107501,0.9337349397590361,0.9157996461655649,0.9122779447429833,0.9138561770753988
718,0.004130024564996224,0.011525048186680433,,False,0.9759011948990862,0.9727650655602267,0.965363913524252,0.968831396454369,0.9325301204819277,0.9141789382566762,0.9094721001213296,0.9115838921543384
719,0.004126038321750892,0.011523070728291571,,False,0.9759011948990862,0.9727608396238355,0.965363913524252,0.9688281853600016,0.9329317269076305,0.9145696329366868,0.9098462116065522,0.9119528686994135
720,0.004122365991661024,0.011525692223004737,,False,0.9760016065870067,0.97285432044689,0.96545720580898,0.9689238357784584,0.9329317269076305,0.9145446180906427,0.9098462116065522,0.9119431991273009
721,0.004118267234862966,0.01151759516850192,,False,0.9762024299628477,0.9730619981515716,0.9660625308638056,0.9693536867248473,0.934136546184739,0.916188329738272,0.9126520562282059,0.9142252495371697
722,0.004114076154053267,0.011511692416920207,,False,0.9761020182749272,0.9729715461714785,0.9659691601821996,0.9692608437839989,0.9337349397590361,0.9157996461655649,0.9122779447429833,0.9138561770753988
723,0.004109708148037881,0.011514668635807348,,False,0.9762024299628477,0.973063438633806,0.9660625308638056,0.96935326375638,0.9333333333333333,0.9154702160290518,0.9119038247752764,0.9134870232119376
724,0.004106568153453112,0.011517176071319742,,False,0.9762024299628477,0.9730546678462699,0.9660625308638056,0.9693490596041566,0.9333333333333333,0.9149241269598163,0.9102215869819275,0.9123165213074709
725,0.004102120625229201,0.011514406048068367,,False,0.9762024299628477,0.9730540548553664,0.9660625308638056,0.9693487704444217,0.9329317269076305,0.9145446180906427,0.9098462116065522,0.9119431991273009
726,0.00409915953017393,0.011513286455141141,,False,0.9762024299628477,0.973059329684975,0.9660625308638056,0.9693514184831175,0.9333333333333333,0.9149241269598163,0.9102215869819275,0.9123165213074709
727,0.004093892926256855,0.011507873897087115,,False,0.9761020182749272,0.972960335576471,0.9659691601821996,0.9692546912390286,0.9329317269076305,0.9150555050634088,0.9115297132900538,0.9131083287407059
728,0.004089757178518186,0.011505571703888896,,False,0.9762024299628477,0.973054603700279,0.9660625308638056,0.9693479884227857,0.9337349397590361,0.9158247100521815,0.9122792001506519,0.913850675819995
729,0.004085925826104184,0.011502062518882614,,False,0.9761020182749272,0.9729694265497945,0.9659691601821996,0.969257793520633,0.9333333333333333,0.9154350139325823,0.9119050886654292,0.913481650920876
730,0.004082146991165435,0.011502783571973438,,False,0.9762024299628477,0.9730679440240407,0.9660625308638056,0.9693555831214107,0.9333333333333333,0.9149241269598163,0.9102215869819275,0.9123165213074709
731,0.004078451725799093,0.011499096857101458,,False,0.9762024299628477,0.9730500066905097,0.9660624524669276,0.9693471555485164,0.9333333333333333,0.9154350139325823,0.9119050886654292,0.913481650920876
732,0.004074149575330448,0.01149460418877197,,False,0.9763028416507682,0.9731490007990138,0.9661558231485335,0.9694438827926051,0.9333333333333333,0.9154350139325823,0.9119050886654292,0.913481650920876
733,0.004070329255856045,0.011489605130691125,,False,0.9762024299628477,0.9730711376983133,0.9660625308638056,0.9693568206914621,0.9333333333333333,0.9154702160290518,0.9119038247752764,0.9134870232119376
734,0.0040662153317412445,0.011490580896300456,,False,0.9762024299628477,0.9730679440240407,0.9660625308638056,0.9693555831214107,0.9329317269076305,0.9145696329366868,0.9098462116065522,0.9119528686994135
735,0.0040624656270480475,0.011488281399954652,,False,0.9763028416507682,0.9731521410151797,0.9661558231485335,0.9694453702590149,0.9337349397590361,0.9158444212159806,0.9122588123507113,0.9138453510420474
736,0.004058576970078725,0.011489125449610265,,False,0.9763028416507682,0.973153226229113,0.9661558231485335,0.9694437461148557,0.9333333333333333,0.9154350139325823,0.9119050886654292,0.913481650920876
737,0.00405444851909979,0.011484085502462417,,False,0.9763028416507682,0.9731525245565898,0.9661558231485335,0.969444303823852,0.9333333333333333,0.9154350139325823,0.9119050886654292,0.913481650920876
738,0.004050863485593433,0.011486932728062789,,False,0.9763028416507682,0.9731575380427364,0.9661558231485335,0.9694480486772145,0.934136546184739,0.9161989152391103,0.9126341877260867,0.9142090036501048
739,0.004047120748797386,0.011483004443404485,,False,0.9763028416507682,0.9731494725485833,0.9661558231485335,0.9694431020172849,0.9337349397590361,0.9158247100521815,0.9122792001506519,0.913850675819995
740,0.004043069488632602,0.011481278389794248,,False,0.9764032533386886,0.9732466119879611,0.9662382497888237,0.9695330413721273,0.9337349397590361,0.9158444212159806,0.9122588123507113,0.9138453510420474
741,0.004039485242405373,0.011478006541123352,,False,0.9763028416507682,0.9731575380427364,0.9661558231485335,0.9694480486772145,0.934136546184739,0.9161989152391103,0.9126341877260867,0.9142090036501048
742,0.004035609301172837,0.011478579361781616,,False,0.9763028416507682,0.9731575380427364,0.9661558231485335,0.9694480486772145,0.9337349397590361,0.9158444212159806,0.9122588123507113,0.9138453510420474
743,0.004032202495732287,0.011469699363096638,,False,0.9763028416507682,0.9731485259264113,0.9661448791072177,0.9694346215086481,0.9329317269076305,0.9150627361462017,0.9115105893802661,0.9130955345584683
744,0.004027817363586891,0.01147276510909442,,False,0.9764032533386886,0.973250975366683,0.9662382497888237,0.9695353249299887,0.9337349397590361,0.9158444212159806,0.9122588123507113,0.9138453510420474
745,0.004024027373221607,0.011472671292583737,,False,0.9764032533386886,0.9732428494132814,0.9662382497888237,0.9695303785776169,0.9345381526104418,0.9165794237248447,0.9129961131694453,0.9145851892089976
746,0.004020415360485675,0.011472510356175546,,False,0.9764032533386886,0.9732384860345599,0.9662382497888237,0.9695280950197555,0.9337349397590361,0.9158444212159806,0.9122588123507113,0.9138453510420474
747,0.004017283785232331,0.011472560074675528,,False,0.9766040767145295,0.9734231018093481,0.9664249911520356,0.9697144101395393,0.9337349397590361,0.9152983321467454,0.9105765745573624,0.9126748491375807
748,0.004012832242548186,0.011468611456614139,,False,0.9766040767145295,0.9734385682175165,0.9664176288029991,0.9697178399529176,0.9345381526104418,0.9165794237248447,0.9129961131694453,0.9145851892089976
749,0.004009141681867114,0.011468051302932901,,False,0.9768049000903705,0.9736228258769203,0.966604370166211,0.9699041227672005,0.934136546184739,0.9156788406324795,0.9109385000007211,0.9130510346964736
750,0.004005541069057717,0.011468071030642811,,False,0.9768049000903705,0.9736185357618786,0.966604370166211,0.9699018760352897,0.934136546184739,0.916224929701715,0.91262073779407,0.9142215366009404
751,0.004001477334938061,0.01146139447793062,,False,0.97670448840245,0.9735242346000539,0.9665109994846051,0.9698069720311597,0.9345381526104418,0.9165794237248447,0.9129961131694453,0.9145851892089976
752,0.003997784048859437,0.011462469890490086,,False,0.9768049000903705,0.9736454824562644,0.9670230322547023,0.9701442583555893,0.9345381526104418,0.9165794237248447,0.9129961131694453,0.9145851892089976
753,0.003993878957686904,0.011463297582218146,,False,0.97670448840245,0.9735242346000539,0.9665109994846051,0.9698069720311597,0.9345381526104418,0.9165794237248447,0.9129961131694453,0.9145851892089976
754,0.003990645128336979,0.011462835790284748,,False,0.9768049000903705,0.9736146999235188,0.966604370166211,0.9698991764148285,0.934136546184739,0.916224929701715,0.91262073779407,0.9142215366009404
755,0.003986585390254543,0.01145696617657834,,False,0.9768049000903705,0.9736488343157519,0.9670230322547023,0.9701455364819341,0.9345381526104418,0.9165794237248447,0.9129961131694453,0.9145851892089976
756,0.003982883662129447,0.011459007255681598,,False,0.9768049000903705,0.9736454824562644,0.9670230322547023,0.9701442583555893,0.9345381526104418,0.9165794237248447,0.9129961131694453,0.9145851892089976
757,0.0039791034232338745,0.011456744575094054,,False,0.976905311778291,0.9737358741425024,0.9671164029363083,0.9702364639936055,0.9345381526104418,0.9165794237248447,0.9129961131694453,0.9145851892089976
758,0.003975471321105028,0.011455612299113502,,False,0.976905311778291,0.9737358741425024,0.9671164029363083,0.9702364639936055,0.9345381526104418,0.9165794237248447,0.9129961131694453,0.9145851892089976
759,0.003971762772561996,0.011455663455363814,,False,0.9772065468420524,0.9740594718258279,0.9678125093358574,0.9707637554466536,0.934136546184739,0.916224929701715,0.91262073779407,0.9142215366009404
760,0.003968335863593242,0.011454705933554379,,False,0.9771061351541319,0.9739276063144539,0.9673004765657601,0.9704223899040537,0.934136546184739,0.9156788406324795,0.9109385000007211,0.9130510346964736
761,0.0039647914518818415,0.01144698078621848,,False,0.9772065468420524,0.9740544770465862,0.9678125093358574,0.9707600529153105,0.934136546184739,0.916208171294191,0.91262073779407,0.9142106429649929
762,0.0039608020276885245,0.011446744270839212,,False,0.9772065468420524,0.9740204332978006,0.9673937688504881,0.9705167280532994,0.934136546184739,0.9156788406324795,0.9109385000007211,0.9130510346964736
763,0.003957264023641088,0.011444505150847484,,False,0.9772065468420524,0.9740544770465862,0.9678125093358574,0.9707600529153105,0.9345381526104418,0.9165794237248447,0.9129961131694453,0.9145851892089976
764,0.003953879320384016,0.011446313231697971,,False,0.9772065468420524,0.9740513458724264,0.9678125093358574,0.9707588090942816,0.9345381526104418,0.9165794237248447,0.9129961131694453,0.9145851892089976
765,0.003950381186606351,0.011443694571155905,,False,0.9772065468420524,0.9740519954750746,0.9678124309389795,0.9707600109856117,0.9345381526104418,0.9165794237248447,0.9129961131694453,0.9145851892089976
766,0.003946333943916679,0.011442583981632587,,False,0.9773069585299728,0.9741440945472495,0.9679058016205855,0.9708531483946261,0.9345381526104418,0.9165794237248447,0.9129961131694453,0.9145851892089976
767,0.003942826663195123,0.011439060512743937,,False,0.9773069585299728,0.9741472257214093,0.9679058016205855,0.9708543922156553,0.9345381526104418,0.9165604232180063,0.9129961131694453,0.9145737177778153
768,0.003939775390016949,0.011434681566287058,,False,0.9773069585299728,0.9741472257214093,0.9679058016205855,0.9708543922156553,0.934136546184739,0.916208171294191,0.91262073779407,0.9142106429649929
769,0.0039354481392972875,0.011437966213152625,,False,0.9773069585299728,0.9741440945472495,0.9679058016205855,0.9708531483946261,0.9349397590361446,0.917423149834547,0.9150537263381696,0.9160711826070007
770,0.0039321942943207734,0.01143623347424818,,False,0.9773069585299728,0.9741403682536761,0.9679058016205855,0.9708503866872447,0.9349397590361446,0.917423149834547,0.9150537263381696,0.9160711826070007
771,0.003928556546616852,0.011432655593294939,,False,0.9773069585299728,0.9741480109587681,0.9679058016205855,0.970853914340872,0.9345381526104418,0.9165794237248447,0.9129961131694453,0.9145851892089976
772,0.003924786323506949,0.011432240000530973,,False,0.9773069585299728,0.9741440945472495,0.9679058016205855,0.9708531483946261,0.9345381526104418,0.9165604232180063,0.9129961131694453,0.9145737177778153
773,0.003921246927766624,0.011431202616550716,,False,0.9773069585299728,0.9741440945472495,0.9679058016205855,0.9708531483946261,0.9345381526104418,0.9165794237248447,0.9129961131694453,0.9145851892089976
774,0.003917793032428914,0.011434113533594505,,False,0.9773069585299728,0.9741440945472495,0.9679058016205855,0.9708531483946261,0.9349397590361446,0.917423149834547,0.9150537263381696,0.9160711826070007
775,0.003914251784444792,0.011438209510739258,,False,0.9774073702178934,0.9742227451437331,0.9679997247914317,0.9709396296613169,0.9349397590361446,0.917423149834547,0.9150537263381696,0.9160711826070007
776,0.003910610250120803,0.011430817765420683,,False,0.9773069585299728,0.9741472257214093,0.9679058016205855,0.9708543922156553,0.9345381526104418,0.9170708979107318,0.9146783509627942,0.9157081077941783
777,0.003906852221211114,0.011427288860075657,,False,0.9774073702178934,0.9742315796536,0.9679997247914317,0.9709425724781278,0.9349397590361446,0.917423149834547,0.9150537263381696,0.9160711826070007
778,0.003903487321033554,0.011430920733767983,,False,0.9773069585299728,0.9741527544903114,0.9679058016205855,0.9708571058392259,0.9349397590361446,0.917423149834547,0.9150537263381696,0.9160711826070007
779,0.0039001094720027495,0.011430309791343013,,False,0.9774073702178934,0.9742338552314188,0.9679997247914317,0.9709440119122265,0.9349397590361446,0.9169432386448667,0.913358038612804,0.914949820334396
780,0.003896180998604175,0.01142344585736356,,False,0.9773069585299728,0.9741440945472495,0.9679058016205855,0.9708531483946261,0.9349397590361446,0.917423149834547,0.9150537263381696,0.9160711826070007
781,0.003892835313464199,0.01141936403639483,,False,0.9774073702178934,0.9742378442907721,0.9679997247914317,0.9709447772220443,0.9349397590361446,0.917423149834547,0.9150537263381696,0.9160711826070007
782,0.003889019322883169,0.011418718568146548,,False,0.9774073702178934,0.9742378442907721,0.9679997247914317,0.9709447772220443,0.9353413654618474,0.9178059652614073,0.9154156517815283,0.9164472851635814
783,0.0038856898319810994,0.011424835026324548,,False,0.9775077819058139,0.9743278637165551,0.9680930954730377,0.9710380472665745,0.9353413654618474,0.9178059652614073,0.9154156517815283,0.9164472851635814
784,0.0038820472413557613,0.011420844588229569,,False,0.9775077819058139,0.9743278637165551,0.9680930954730377,0.9710380472665745,0.9353413654618474,0.9178059652614073,0.9154156517815283,0.9164472851635814
785,0.0038785054329009633,0.01141792324907212,,False,0.9774073702178934,0.9742378442907721,0.9679997247914317,0.9709447772220443,0.9353413654618474,0.9178059652614073,0.9154156517815283,0.9164472851635814
786,0.0038749644265568565,0.011414354595382752,,False,0.9776081935937343,0.9744183629446963,0.9681864661546437,0.971129732774038,0.9353413654618474,0.9178059652614073,0.9154156517815283,0.9164472851635814
787,0.0038718260893904734,0.011418677416596131,,False,0.9778090169695752,0.9746059858977092,0.9683685129025794,0.9713160852658276,0.9349397590361446,0.9169271686614171,0.913358038612804,0.9149388561484812
788,0.0038680627291240413,0.011417809637423025,,False,0.9777086052816548,0.9745101005238966,0.9682751422209734,0.971221725163891,0.9345381526104418,0.9170708979107318,0.9146783509627942,0.9157081077941783
789,0.0038641916881006744,0.011415581255768588,,False,0.9777086052816548,0.9745073452490247,0.9682751422209734,0.971219021694486,0.9353413654618474,0.9178059652614073,0.9154156517815283,0.9164472851635814
790,0.0038609282902129197,0.011416353977889978,,False,0.9778090169695752,0.9745979328369706,0.9683685129025794,0.9713111382925668,0.9353413654618474,0.9178059652614073,0.9154156517815283,0.9164472851635814
791,0.0038570328535707295,0.011414618130522414,,False,0.9778090169695752,0.9745979328369706,0.9683685129025794,0.9713111382925668,0.9353413654618474,0.9178059652614073,0.9154156517815283,0.9164472851635814
792,0.003853497053998231,0.011412043673757115,,False,0.9778090169695752,0.9745979328369706,0.9683685129025794,0.9713111382925668,0.9353413654618474,0.9178059652614073,0.9154156517815283,0.9164472851635814
793,0.0038499713205311734,0.011408025745053478,,False,0.9778090169695752,0.9745979328369706,0.9683685129025794,0.9713111382925668,0.9357429718875502,0.9181920257418535,0.9157961692853335,0.9168312095638991
794,0.0038465872000292057,0.011405879592539494,,False,0.9778090169695752,0.9741610288838969,0.9683685129025794,0.971112076362087,0.9349397590361446,0.917423149834547,0.9150537263381696,0.9160711826070007
795,0.0038428327595898585,0.01140449133835911,,False,0.9778090169695752,0.9746011958090589,0.9683685129025794,0.9713118389790911,0.9353413654618474,0.9178059652614073,0.9154156517815283,0.9164472851635814
796,0.0038392563136573914,0.011401540459369888,,False,0.9777086052816548,0.974510897542456,0.9682751422209734,0.9712197559282942,0.9353413654618474,0.9178059652614073,0.9154156517815283,0.9164472851635814
797,0.003835575074765388,0.011400686523056742,,False,0.9778090169695752,0.9745959357914783,0.9683685129025794,0.971311351822611,0.9353413654618474,0.9178059652614073,0.9154156517815283,0.9164472851635814
798,0.0038321119219944712,0.011404032871649981,,False,0.9778090169695752,0.9745979328369706,0.9683685129025794,0.9713111382925668,0.9353413654618474,0.9178059652614073,0.9154156517815283,0.9164472851635814
799,0.0038290627703724206,0.01140386094834652,,False,0.9778090169695752,0.9746080683978696,0.9683685129025794,0.9713166076355141,0.9353413654618474,0.9178059652614073,0.9154156517815283,0.9164472851635814
800,0.003825032865847729,0.0114027072889269,,False,0.9778090169695752,0.9745979328369706,0.9683685129025794,0.9713111382925668,0.9357429718875502,0.9181920257418535,0.9157961692853335,0.9168312095638991
801,0.003821322234730432,0.011400495590361475,,False,0.9778090169695752,0.9745979328369706,0.9683685129025794,0.9713111382925668,0.9357429718875502,0.9181920257418535,0.9157961692853335,0.9168312095638991
802,0.0038176667768165386,0.011401252025563451,,False,0.9778090169695752,0.9745979328369706,0.9683685129025794,0.9713111382925668,0.9353413654618474,0.9178059652614073,0.9154156517815283,0.9164472851635814
803,0.003814197602353808,0.011395832950546985,,False,0.9778090169695752,0.9745984177016188,0.9683685129025794,0.9713106252778704,0.9353413654618474,0.9178059652614073,0.9154156517815283,0.9164472851635814
804,0.0038106562797240277,0.011395113607306046,,False,0.9778090169695752,0.9741663044300599,0.9683685129025794,0.9711136676250162,0.9353413654618474,0.9178059652614073,0.9154156517815283,0.9164472851635814
805,0.003806975226689986,0.011392785713220025,,False,0.9778090169695752,0.9745984177016188,0.9683685129025794,0.9713106252778704,0.9357429718875502,0.9181920257418535,0.9157961692853335,0.9168312095638991
806,0.003804001068233184,0.011388151906587833,,False,0.9778090169695752,0.9746005429987229,0.9683685129025794,0.9713115057318594,0.9357429718875502,0.9181920257418535,0.9157961692853335,0.9168312095638991
807,0.0038000795338052943,0.01139076955583906,,False,0.9778090169695752,0.9746011958090589,0.9683685129025794,0.9713118389790911,0.9357429718875502,0.9181920257418535,0.9157961692853335,0.9168312095638991
808,0.0037966258720580196,0.011389682175055359,,False,0.9778090169695752,0.9746011958090589,0.9683685129025794,0.9713118389790911,0.9353413654618474,0.9178059652614073,0.9154156517815283,0.9164472851635814
809,0.0037932677150300316,0.011389675942884554,,False,0.9778090169695752,0.9745916093310615,0.9683685129025794,0.9713097929919763,0.9353413654618474,0.9178059652614073,0.9154156517815283,0.9164472851635814
810,0.003790074302260075,0.011392422351274927,,False,0.9778090169695752,0.9745984177016188,0.9683685129025794,0.9713106252778704,0.9357429718875502,0.9182196647008364,0.9157961692853335,0.916835580175146
811,0.0037862349401193945,0.01138929655851913,,False,0.9779094286574957,0.9747219251126763,0.9688805456726767,0.971646460477881,0.9357429718875502,0.9181920257418535,0.9157961692853335,0.9168312095638991
812,0.003783109670433532,0.011390685342641914,,False,0.9778090169695752,0.9746080683978696,0.9683685129025794,0.9713166076355141,0.9353413654618474,0.9178059652614073,0.9154156517815283,0.9164472851635814
813,0.0037795400906395975,0.01138468622717454,,False,0.9779094286574957,0.9747219251126763,0.9688805456726767,0.971646460477881,0.9357429718875502,0.9181920257418535,0.9157961692853335,0.9168312095638991
814,0.00377605145576044,0.011384977072834219,,False,0.9779094286574957,0.9747189949468622,0.9688805456726767,0.9716452087141695,0.9357429718875502,0.9181920257418535,0.9157961692853335,0.9168312095638991
815,0.0037729221378070663,0.011386389683193705,,False,0.9779094286574957,0.9742821815526285,0.9688805456726767,0.9714467972806856,0.9357429718875502,0.9181920257418535,0.9157961692853335,0.9168312095638991
816,0.003769509471595004,0.011383977095829789,,False,0.9779094286574957,0.9747291305077614,0.9688805456726767,0.9716506780571168,0.9353413654618474,0.9178059652614073,0.9154156517815283,0.9164472851635814
817,0.003766045885991129,0.011380324937876623,,False,0.9779094286574957,0.9742827725964808,0.9688805456726767,0.9714473759317988,0.9357429718875502,0.9181920257418535,0.9157961692853335,0.9168312095638991
818,0.0037626965605436252,0.011377244476899905,,False,0.9779094286574957,0.9742892947293922,0.9688805456726767,0.9714481362640645,0.9357429718875502,0.9182196647008364,0.9157961692853335,0.916835580175146
819,0.0037593243295512713,0.011375998215596168,,False,0.9779094286574957,0.9747194285073368,0.9688805456726767,0.9716463794615964,0.9357429718875502,0.9182196647008364,0.9157961692853335,0.916835580175146
820,0.0037564087608024303,0.011376177971997133,,False,0.9779094286574957,0.9742787847128809,0.9688805456726767,0.9714450548503102,0.9357429718875502,0.9182196647008364,0.9157961692853335,0.916835580175146
821,0.0037532438687157034,0.011374862097610535,,False,0.9779094286574957,0.9742787847128809,0.9688805456726767,0.9714450548503102,0.9357429718875502,0.9182549520540986,0.9158013114137632,0.9168376528351503
822,0.003749512675411297,0.011376776760585364,,False,0.9779094286574957,0.9747214345124087,0.9688805456726767,0.9716465980172073,0.9357429718875502,0.9182196647008364,0.9157961692853335,0.916835580175146
823,0.0037461916354386217,0.01137717097674376,,False,0.9779094286574957,0.9747116870164579,0.9688805456726767,0.9716440818819463,0.9357429718875502,0.9182196647008364,0.9157961692853335,0.916835580175146
824,0.0037429871975778687,0.01137465602848221,,False,0.9780098403454162,0.9748143610846165,0.9689692217390063,0.9717375091213518,0.9357429718875502,0.9182196647008364,0.9157961692853335,0.916835580175146
825,0.0037397495211491305,0.011372877219059219,,False,0.9780098403454162,0.9748089425942368,0.9689692217390063,0.9717358819035948,0.9357429718875502,0.9182196647008364,0.9157961692853335,0.916835580175146
826,0.0037366702906568906,0.011368561562806604,,False,0.9780098403454162,0.9743818637996507,0.9689692217390063,0.9715392186628014,0.9349397590361446,0.9174876639264014,0.9150402764061529,0.9160865277995914
827,0.003733371478801018,0.011369108233228772,,False,0.9781102520333367,0.9744678370243233,0.969057897805336,0.9716265124034263,0.936144578313253,0.9173772346829817,0.9161766867891387,0.9166174539313544
828,0.003729965041109511,0.011370125256670045,,False,0.9781102520333367,0.974471481398121,0.969057897805336,0.9716285784019862,0.9353413654618474,0.9178490641356655,0.9154156517815283,0.9164595943145782
829,0.003726929167956044,0.01136921849837994,,False,0.9780098403454162,0.974811421072904,0.9689692217390063,0.9717362551580783,0.9353413654618474,0.9178490641356655,0.9154156517815283,0.9164595943145782
830,0.0037237601119715588,0.011363397809783576,,False,0.9781102520333367,0.9744774136728585,0.969057897805336,0.971631565204605,0.9357429718875502,0.9169815364152877,0.9157961692853335,0.9162422566237234
831,0.003720398490477539,0.011364183159333007,,False,0.9781102520333367,0.974471481398121,0.969057897805336,0.9716285784019862,0.9357429718875502,0.9182196647008364,0.9157961692853335,0.916835580175146
832,0.003717267060573781,0.011362997752764394,,False,0.9781102520333367,0.9744796199135278,0.969057897805336,0.971634261274978,0.9353413654618474,0.9166119309391383,0.9154156517815283,0.9158662112524103
833,0.0037140518755639884,0.011359588314732303,,False,0.9781102520333367,0.974471481398121,0.969057897805336,0.9716285784019862,0.936144578313253,0.9173772346829817,0.9161766867891387,0.9166174539313544
834,0.0037110276138788783,0.01136032027277704,,False,0.9781102520333367,0.9744741351721878,0.969057897805336,0.9716297604116316,0.936144578313253,0.9173772346829817,0.9161766867891387,0.9166174539313544
835,0.0037078261680382318,0.011363803150116467,,False,0.9781102520333367,0.9744816169590202,0.969057897805336,0.9716340477449337,0.9357429718875502,0.9170078811281037,0.9157961692853335,0.9162421053767668
836,0.0037045244066071137,0.01135936978091303,,False,0.9782106637212572,0.9745542062273989,0.969151268486942,0.9717176820804089,0.9353413654618474,0.9166464809188396,0.915420793909958,0.9158690388617801
837,0.003701501878878071,0.011360759257405022,,False,0.9782106637212572,0.9745542062273989,0.969151268486942,0.9717176820804089,0.9353413654618474,0.9166464809188396,0.915420793909958,0.9158690388617801
838,0.00369835702717594,0.01135747317291771,,False,0.9782106637212572,0.9745642183726607,0.969151268486942,0.9717202817261573,0.9353413654618474,0.9166119309391383,0.9154156517815283,0.9158662112524103
839,0.0036951994081564944,0.011361174118199837,,False,0.9782106637212572,0.9745642197713748,0.969151268486942,0.9717231210549132,0.9353413654618474,0.9166119309391383,0.9154156517815283,0.9158662112524103
840,0.003692004966283496,0.011355636046864187,,False,0.9782106637212572,0.9745542062273989,0.969151268486942,0.9717176820804089,0.9349397590361446,0.9162505307298743,0.9150402764061529,0.9154931447374237
841,0.0036890613725708422,0.011358310583820072,,False,0.9782106637212572,0.9745642197713748,0.969151268486942,0.9717231210549132,0.9349397590361446,0.9162303176006499,0.9150606642060934,0.9155061060339479
842,0.0036858317109765915,0.011353996417155593,,False,0.9782106637212572,0.9745577073327465,0.969151268486942,0.9717169605718942,0.9353413654618474,0.9166656501285344,0.915420793909958,0.9158672291903831
843,0.0036829697718069503,0.011352766172404792,,False,0.9782106637212572,0.9745505618536012,0.969151268486942,0.9717156160818488,0.9353413654618474,0.9166262677896153,0.9154411817098986,0.9158820001583042
844,0.003679582689742973,0.011353216741475767,,False,0.9782106637212572,0.9749936337511991,0.969151268486942,0.97192012155139,0.9357429718875502,0.9170078811281037,0.9157961692853335,0.9162421053767668
845,0.0036764491550501546,0.011351365362111671,,False,0.9782106637212572,0.9745505618536012,0.969151268486942,0.9717156160818488,0.9357429718875502,0.9170056244368967,0.9157936499875122,0.916243915844023
846,0.003673279146473553,0.01135119504776721,,False,0.9782106637212572,0.9745502183437991,0.969151268486942,0.9717153609989203,0.9353413654618474,0.9166464809188396,0.915420793909958,0.9158690388617801
847,0.00367013241953468,0.011352527864704651,,False,0.9782106637212572,0.9745635637630572,0.969151268486942,0.9717227869946541,0.9357429718875502,0.9170056244368967,0.9157936499875122,0.916243915844023
848,0.003667234312736341,0.011349024506610449,,False,0.9782106637212572,0.9745502183437991,0.969151268486942,0.9717153609989203,0.9357429718875502,0.9170056244368967,0.9157936499875122,0.916243915844023
849,0.0036639392662336924,0.01134657999736466,,False,0.9782106637212572,0.9745529979387294,0.969151268486942,0.9717167631530622,0.9357429718875502,0.9170056244368967,0.9157936499875122,0.916243915844023
850,0.003661127141416441,0.011346742667401214,,False,0.9782106637212572,0.9745604189491064,0.969151268486942,0.9717210155424232,0.9349397590361446,0.9162761064782684,0.9150632870367019,0.9155212764367897
851,0.0036580610862718497,0.01135041291063075,,False,0.9782106637212572,0.9745642197713748,0.969151268486942,0.9717231210549132,0.9349397590361446,0.9162761064782684,0.9150632870367019,0.9155212764367897
852,0.0036547624755027836,0.011348478248067274,,False,0.9782106637212572,0.9745642197713748,0.969151268486942,0.9717231210549132,0.9353413654618474,0.9166385931212601,0.9154386624120774,0.9158943181364797
853,0.0036517919156176916,0.011346398435761764,,False,0.9782106637212572,0.9745628550342347,0.969151268486942,0.9717221626136366,0.9357429718875502,0.9170190372218633,0.9157936499875122,0.9162544716972209
854,0.003648582956090784,0.011346363318083762,,False,0.9782106637212572,0.9745462011764872,0.969151268486942,0.9717129761147285,0.9349397590361446,0.9162974070608146,0.9150454185345828,0.9155065530152883
855,0.0036455367511120888,0.01134441027663547,,False,0.9783110754091776,0.9746614574612218,0.9692419714347879,0.9718166893724278,0.9353413654618474,0.9166565505788716,0.9154182746121369,0.915881429997531
856,0.003642415939195157,0.01134540275799815,,False,0.9782106637212572,0.9745604189491064,0.969151268486942,0.9717210155424232,0.9353413654618474,0.9166565505788716,0.9154182746121369,0.915881429997531
857,0.0036394443452378014,0.011345084833897342,,False,0.9782106637212572,0.9745604189491064,0.969151268486942,0.9717210155424232,0.9353413654618474,0.9166734618847252,0.9154182746121369,0.9158796935322354
858,0.0036364964172909938,0.011344118105038777,,False,0.9783110754091776,0.9746362110372238,0.969244639168548,0.9718043651827498,0.9349397590361446,0.9163155044779692,0.9150454185345828,0.915504769064127
859,0.0036333801368137997,0.011343009117412213,,False,0.9783110754091776,0.9746504767199181,0.969244639168548,0.9718125854193939,0.9353413654618474,0.9166565505788716,0.9154182746121369,0.915881429997531
860,0.0036304562264576875,0.01133976679489351,,False,0.9784114870970981,0.9747360476496563,0.9693353421163938,0.971900111548332,0.9353413654618474,0.9166565505788716,0.9154182746121369,0.915881429997531
861,0.0036274395149156267,0.011341252845528399,,False,0.9784114870970981,0.9747515070771876,0.9693353421163938,0.9719082962684248,0.9353413654618474,0.9166565505788716,0.9154182746121369,0.915881429997531
862,0.0036244705560511247,0.011341762112118802,,False,0.9783110754091776,0.9746518425547079,0.969244639168548,0.9718127610122517,0.9349397590361446,0.9162905135895962,0.9150632870367019,0.9155189422851373
863,0.003621397504285548,0.011342984106884715,,False,0.9783110754091776,0.9746420194923243,0.969244639168548,0.9718073706466348,0.9349397590361446,0.9162905135895962,0.9150632870367019,0.9155189422851373
864,0.003618368749741155,0.01133927067361952,,False,0.9784114870970981,0.9747316390624674,0.9693353421163938,0.9718972907722626,0.9353413654618474,0.9166734618847252,0.9154182746121369,0.9158796935322354
865,0.003615737581517385,0.011337501185709153,,False,0.9785118987850185,0.97482806151562,0.9694240181827235,0.9719904412537628,0.9349397590361446,0.9163182009533579,0.9150885680509764,0.9155447648777151
866,0.0036124648935161865,0.011342755796582718,,False,0.9783110754091776,0.9746363988940551,0.969244639168548,0.9718045808527209,0.9349397590361446,0.9162761064782684,0.9150632870367019,0.9155212764367897
867,0.0036101692888788287,0.011345632824673612,,False,0.9783110754091776,0.9746363988940551,0.969244639168548,0.9718045808527209,0.9349397590361446,0.9163351122592116,0.9150885680509764,0.9155430284124194
868,0.003606533216008274,0.011339758074052922,,False,0.9783110754091776,0.974642638275166,0.969244639168548,0.9718080790336633,0.9353413654618474,0.9166734618847252,0.9154182746121369,0.9158796935322354
869,0.0036036356804718156,0.011336308523537095,,False,0.9785118987850185,0.9748290067019485,0.9694292652872399,0.9719925544440208,0.9353413654618474,0.9166734618847252,0.9154182746121369,0.9158796935322354
870,0.003600664399957615,0.011335551660069942,,False,0.9784114870970981,0.9747323284631483,0.9693333152348776,0.9718974393594829,0.9349397590361446,0.9163351122592116,0.9150885680509764,0.9155430284124194
871,0.0035978372627339505,0.011336532412228227,,False,0.9784114870970981,0.9747292085720901,0.9693385623393943,0.9718969868566,0.9353413654618474,0.9166734618847252,0.9154182746121369,0.9158796935322354
872,0.0035948753303463145,0.011332172480497324,,False,0.9785118987850185,0.9748258218292675,0.969427238405724,0.9719903542446046,0.9349397590361446,0.9163351122592116,0.9150885680509764,0.9155430284124194
873,0.003591679073872667,0.011332206299814582,,False,0.9786123104729391,0.9749243818005048,0.9695179413535696,0.9720849262122511,0.9349397590361446,0.9162905135895962,0.9150632870367019,0.9155189422851373
874,0.003588972425907772,0.011327914680434616,,False,0.9786123104729391,0.9749215171691122,0.9695179413535696,0.972083177456966,0.9345381526104418,0.9159511930367095,0.9147335804755414,0.9151823054694945
875,0.0035861475285425253,0.01132746063825255,,False,0.9786123104729391,0.9749218606789145,0.9695179413535696,0.9720834325398946,0.9349397590361446,0.9163351122592116,0.9150885680509764,0.9155430284124194
876,0.0035830699736657673,0.011332204118320088,,False,0.9786123104729391,0.9749372512139571,0.9695179413535696,0.9720916178551755,0.9345381526104418,0.9159198929712709,0.9147131926756009,0.9151629644941279
877,0.003580141124654327,0.011330873691688191,,False,0.9786123104729391,0.9749343609129334,0.9695179413535696,0.9720903560412685,0.9345381526104418,0.9159511930367095,0.9147335804755414,0.9151823054694945
878,0.003577456350279736,0.011325785857155934,,False,0.9786123104729391,0.9749218606789145,0.9695179413535696,0.9720834325398946,0.9345381526104418,0.9159198929712709,0.9147131926756009,0.9151629644941279
879,0.0035742145725050673,0.011325609510081611,,False,0.9786123104729391,0.9749162301857583,0.9695179413535696,0.9720813740923655,0.9349397590361446,0.9163017777353595,0.9150885680509764,0.9155368803538365
880,0.0035714661196720133,0.011325109034602298,,False,0.9786123104729391,0.974912080623446,0.9695179413535696,0.9720788044708196,0.9353413654618474,0.9166281438501839,0.9154182746121369,0.9158668157849973
881,0.003569003926339643,0.011324525494884951,,False,0.9786123104729391,0.974912080623446,0.9695179413535696,0.9720788044708196,0.9353413654618474,0.9166701278038403,0.9154690855547815,0.9159122862551422
882,0.003565785721099885,0.01132289739349314,,False,0.9787127221608595,0.9750210458466521,0.9696113120351756,0.972180106720739,0.9353413654618474,0.9166281438501839,0.9154182746121369,0.9158668157849973
883,0.003563095324585605,0.011330358139081297,,False,0.9787127221608595,0.9750115614090221,0.9696113120351756,0.9721750857071589,0.9349397590361446,0.9162905135895962,0.9150632870367019,0.9155189422851373
884,0.003560576411262424,0.011327887692531749,,False,0.9787127221608595,0.9750168962843397,0.9696113120351756,0.9721775370991929,0.9349397590361446,0.9162905135895962,0.9150632870367019,0.9155189422851373
885,0.003557102128099931,0.011322712078815548,,False,0.9787127221608595,0.9750177132112063,0.9696113120351756,0.972180171662235,0.9345381526104418,0.915909934018383,0.9146827695328967,0.9151361084983315
886,0.0035542738160087486,0.011322026511136965,,False,0.9787127221608595,0.9750168962843397,0.9696113120351756,0.9721775370991929,0.9345381526104418,0.915909934018383,0.9146827695328967,0.9151361084983315
887,0.0035515348608742814,0.011323881452758337,,False,0.9787127221608595,0.9750040145635466,0.9696113120351756,0.9721741335915416,0.9345381526104418,0.9159086288255076,0.9146879116613267,0.9151450264254287
888,0.003548861727079029,0.011317515858449981,,False,0.9787127221608595,0.9750068303019207,0.9696113120351756,0.9721753964287322,0.9357429718875502,0.9170084774293541,0.915798792115942,0.9162489513749582
889,0.0035459013634944777,0.011318958470359367,,False,0.9787127221608595,0.9750140805459656,0.9696113120351756,0.9721762742620021,0.9357429718875502,0.9170084774293541,0.915798792115942,0.9162489513749582
890,0.0035429873326683703,0.011318451758906107,,False,0.9787127221608595,0.9750040145635466,0.9696113120351756,0.9721741335915416,0.9353413654618474,0.9166701278038403,0.9154690855547815,0.9159122862551422
891,0.0035402110955639115,0.01132220721714073,,False,0.9787127221608595,0.9750182301082779,0.9696113120351756,0.9721788438835482,0.9353413654618474,0.9166281438501839,0.9154182746121369,0.9158668157849973
892,0.0035373006411975032,0.011315813831647844,,False,0.9787127221608595,0.9750177132112063,0.9696113120351756,0.972180171662235,0.9357429718875502,0.9170084774293541,0.915798792115942,0.9162489513749582
893,0.0035349245570168992,0.011313463598984249,,False,0.9787127221608595,0.9750068303019207,0.9696113120351756,0.9721753964287322,0.9353413654618474,0.9166265926652655,0.9154234167405666,0.9158750355152496
894,0.0035316463421494132,0.011317261805401544,,False,0.9787127221608595,0.9750040145635466,0.9696113120351756,0.9721741335915416,0.9357429718875502,0.9170084774293541,0.915798792115942,0.9162489513749582
895,0.0035291212729030926,0.011314256865374591,,False,0.9787127221608595,0.9749998650012343,0.9696113120351756,0.9721715639699955,0.9357429718875502,0.9170116838866605,0.9158240731302162,0.9162569040570556
896,0.003526275359267564,0.011315735405457848,,False,0.9787127221608595,0.97499799415337,0.9696113120351756,0.9721708296586198,0.9353413654618474,0.9166297991225719,0.915448697754841,0.915882988197347
897,0.0035234531835007924,0.01131245252046058,,False,0.9787127221608595,0.97499799415337,0.9696113120351756,0.9721708296586198,0.9353413654618474,0.9166313503074905,0.915443555626411,0.9158747684670947
898,0.003520526806388655,0.011311582811377818,,False,0.9787127221608595,0.9749987254306208,0.9696113120351756,0.9721714085075889,0.936144578313253,0.9173953441870564,0.9161790607056511,0.9166164607096212
899,0.0035178963651147383,0.01131153127898255,,False,0.9787127221608595,0.9749987254306208,0.9696113120351756,0.9721714085075889,0.936144578313253,0.9173953441870564,0.9161790607056511,0.9166164607096212
900,0.003514873280043064,0.011315597787362817,,False,0.9787127221608595,0.9750040145635466,0.9696113120351756,0.9721741335915416,0.9349397590361446,0.9162484016607697,0.9150681802510358,0.915500880385241
901,0.0035121629938823142,0.011315396324129605,,False,0.9787127221608595,0.9750030386301953,0.9696113120351756,0.9721714603282096,0.9349397590361446,0.916245195203463,0.9150428992367614,0.9154929277031436
902,0.00350932154526496,0.011316381918665791,,False,0.9787127221608595,0.9749998650012343,0.9696113120351756,0.9721715639699955,0.9349397590361446,0.9162484016607697,0.9150681802510358,0.915500880385241
903,0.0035065951404595836,0.011315126507324807,,False,0.9787127221608595,0.9750040145635466,0.9696113120351756,0.9721741335915416,0.9349397590361446,0.9162484016607697,0.9150681802510358,0.915500880385241
904,0.003503835040821319,0.011314894061566008,,False,0.9787127221608595,0.9749998650012343,0.9696113120351756,0.9721715639699955,0.9353413654618474,0.9165848628322484,0.9153978868121962,0.9158375865847133
905,0.0035010254732712725,0.01131263659252506,,False,0.9787127221608595,0.9750040145635466,0.9696113120351756,0.9721741335915416,0.9349397590361446,0.9162484016607697,0.9150681802510358,0.915500880385241
906,0.003498583475812497,0.011315561077638661,,False,0.9787127221608595,0.9749998650012343,0.9696113120351756,0.9721715639699955,0.9353413654618474,0.9165848628322484,0.9153978868121962,0.9158375865847133
907,0.0034956334520873725,0.011313200384515687,,False,0.97881313384878,0.9750914953971453,0.9696937386754659,0.9722587102591435,0.9353413654618474,0.9165848628322484,0.9153978868121962,0.9158375865847133
908,0.0034929015391417305,0.011312642084180318,,False,0.9787127221608595,0.9750040145635466,0.9696113120351756,0.9721741335915416,0.9349397590361446,0.9162484016607697,0.9150681802510358,0.915500880385241
909,0.0034902890649725475,0.011312422769610735,,False,0.97881313384878,0.9750929729848665,0.9696937386754659,0.9722600531164544,0.9349397590361446,0.9162484016607697,0.9150681802510358,0.915500880385241
910,0.0034876948897215,0.01131285181669656,,False,0.97881313384878,0.9750929729848665,0.9696937386754659,0.9722600531164544,0.9349397590361446,0.9162484016607697,0.9150681802510358,0.915500880385241
911,0.003484576025201852,0.011310960364740314,,False,0.97881313384878,0.9750956449594577,0.9696937386754659,0.9722612798806894,0.9349397590361446,0.9162484016607697,0.9150681802510358,0.915500880385241
912,0.0034818889700554702,0.011307275488390531,,False,0.97881313384878,0.9750988185884188,0.9696937386754659,0.9722611762389035,0.9349397590361446,0.9162484016607697,0.9150681802510358,0.915500880385241
913,0.0034791076435089162,0.011305690500722368,,False,0.97881313384878,0.9750956449594577,0.9696937386754659,0.9722612798806894,0.9349397590361446,0.9162484016607697,0.9150681802510358,0.915500880385241
914,0.003476581462456741,0.011304384546938802,,False,0.9789135455367005,0.9751853378351127,0.9697824147417956,0.972350641696473,0.9349397590361446,0.9162484016607697,0.9150681802510358,0.915500880385241
915,0.0034742017518613433,0.011307558605602347,,False,0.97881313384878,0.9750929729848665,0.9696937386754659,0.9722600531164544,0.9349397590361446,0.9162484016607697,0.9150681802510358,0.915500880385241
916,0.0034720266071173564,0.011308209856010509,,False,0.9790139572246209,0.9753090219095262,0.9702990637302913,0.9726883672501088,0.9349397590361446,0.9162484016607697,0.9150681802510358,0.915500880385241
917,0.0034686305152091743,0.01130630836063336,,False,0.9790139572246209,0.9752801016947781,0.9698757070265237,0.9724461297576941,0.9349397590361446,0.9162484016607697,0.9150681802510358,0.915500880385241
918,0.0034657653258318498,0.0113030763313206,,False,0.9791143689125414,0.9753647840330633,0.969970836402475,0.9725355243164108,0.9349397590361446,0.9162484016607697,0.9150681802510358,0.915500880385241
919,0.003463461345438392,0.011300853967582247,,False,0.9791143689125414,0.9753647840330633,0.969970836402475,0.9725355243164108,0.9349397590361446,0.9162484016607697,0.9150681802510358,0.915500880385241
920,0.003460365430536776,0.01130125054529964,,False,0.9791143689125414,0.9753647840330633,0.969970836402475,0.9725355243164108,0.9349397590361446,0.9162484016607697,0.9150681802510358,0.915500880385241
921,0.003457772000847017,0.011305727170542994,,False,0.9791143689125414,0.9753647840330633,0.969970836402475,0.9725355243164108,0.9353413654618474,0.9166179919968651,0.9153978868121962,0.9158409420156006
922,0.0034551613529787677,0.011300605229147272,,False,0.9792147806004619,0.9754888183836956,0.9704828691725722,0.9728696163412524,0.9353413654618474,0.9166179919968651,0.9153978868121962,0.9158409420156006
923,0.003452688600699568,0.011305606535416634,,False,0.9792147806004619,0.9754888183836956,0.9704828691725722,0.9728696163412524,0.9353413654618474,0.9166179919968651,0.9153978868121962,0.9158409420156006
924,0.0034499140659147373,0.01130353634543583,,False,0.9793151922883824,0.9760045209909425,0.9705652958128623,0.9731525436773878,0.9353413654618474,0.9166179919968651,0.9153978868121962,0.9158409420156006
925,0.003447321669803398,0.011306550507019678,,False,0.9792147806004619,0.9763141526590619,0.9700532630427651,0.9730146876886513,0.9353413654618474,0.9166179919968651,0.9153978868121962,0.9158409420156006
926,0.0034444999459263556,0.011302678548860044,,False,0.9792147806004619,0.9758828774908123,0.9700532630427651,0.9728183406727813,0.9353413654618474,0.9166179919968651,0.9153978868121962,0.9158409420156006
927,0.003441893294161344,0.011301172671621316,,False,0.9792147806004619,0.9758828774908123,0.9700532630427651,0.9728183406727813,0.9353413654618474,0.9166179919968651,0.9153978868121962,0.9158409420156006
928,0.0034392551859667815,0.01129978073071676,,False,0.9793151922883824,0.9760045209909425,0.9705652958128623,0.9731525436773878,0.9353413654618474,0.9166179919968651,0.9153978868121962,0.9158409420156006
929,0.0034367830234146605,0.011299902335724536,,False,0.9792147806004619,0.9758828774908123,0.9700532630427651,0.9728183406727813,0.9353413654618474,0.9166179919968651,0.9153978868121962,0.9158409420156006
930,0.0034340563046520787,0.011297477151775601,,False,0.9793151922883824,0.9760045209909425,0.9705652958128623,0.9731525436773878,0.9353413654618474,0.9166179919968651,0.9153978868121962,0.9158409420156006
931,0.0034315222883595856,0.011295270949336219,,False,0.9793151922883824,0.9760045209909425,0.9705652958128623,0.9731525436773878,0.9353413654618474,0.9166179919968651,0.9153978868121962,0.9158409420156006
932,0.003429015211258465,0.011297709101760093,,False,0.9793151922883824,0.9760045209909425,0.9705652958128623,0.9731525436773878,0.9353413654618474,0.9166179919968651,0.9153978868121962,0.9158409420156006
933,0.003426459838833964,0.011297643243483889,,False,0.9793151922883824,0.9760045209909425,0.9705652958128623,0.9731525436773878,0.9353413654618474,0.9166179919968651,0.9153978868121962,0.9158409420156006
934,0.0034236835519269575,0.01129549859434243,,False,0.9793151922883824,0.9760045209909425,0.9705652958128623,0.9731525436773878,0.9353413654618474,0.9166179919968651,0.9153978868121962,0.9158409420156006
935,0.003421329952622032,0.011293654933346324,,False,0.9794156039763029,0.9760963958398151,0.9706477224531525,0.9732397049387994,0.9353413654618474,0.9166179919968651,0.9153978868121962,0.9158409420156006
936,0.003418785353502317,0.011292786262823325,,False,0.9794156039763029,0.9760950459330144,0.9706477224531525,0.9732395556146598,0.9353413654618474,0.9166179919968651,0.9153978868121962,0.9158409420156006
937,0.003416421300769747,0.011290702917999109,,False,0.9795160156642233,0.9761883875577061,0.9707363985194822,0.9733309509030508,0.9353413654618474,0.9166179919968651,0.9153978868121962,0.9158409420156006
938,0.0034134472399980566,0.011292516508583058,,False,0.9793151922883824,0.9760045209909425,0.9705652958128623,0.9731525436773878,0.9353413654618474,0.9166179919968651,0.9153978868121962,0.9158409420156006
939,0.003410939348748544,0.011290358458859876,,False,0.9794156039763029,0.9760978626156344,0.9706539718791921,0.9732439389657789,0.9353413654618474,0.9166179919968651,0.9153978868121962,0.9158409420156006
940,0.0034085562681780415,0.011290366250305819,,False,0.9794156039763029,0.9760963958398151,0.9706477224531525,0.9732397049387994,0.9353413654618474,0.9166179919968651,0.9153978868121962,0.9158409420156006
941,0.0034057683798241023,0.01129199180838531,,False,0.9794156039763029,0.9760965127088335,0.9706539718791921,0.9732437896416395,0.9353413654618474,0.9166179919968651,0.9153978868121962,0.9158409420156006
942,0.0034034750619043735,0.011291300664189074,,False,0.9795160156642233,0.9766173759608576,0.9707363985194822,0.9735274453751135,0.9349397590361446,0.9162489736953204,0.9150237753269737,0.9154698968323578
943,0.003400893418771399,0.01129433594376516,,False,0.9795160156642233,0.9761883875577061,0.9707363985194822,0.9733309509030508,0.9353413654618474,0.9166179919968651,0.9153978868121962,0.9158409420156006
944,0.0033984653422655417,0.011293766149853059,,False,0.9794156039763029,0.9760965127088335,0.9706539718791921,0.9732437896416395,0.9353413654618474,0.9166179919968651,0.9153978868121962,0.9158409420156006
945,0.003395756091134845,0.01129337272917677,,False,0.9794156039763029,0.9760904931243187,0.9706539718791921,0.973240516658407,0.9353413654618474,0.9166179919968651,0.9153978868121962,0.9158409420156006
946,0.003393169503969166,0.011289437551763168,,False,0.9794156039763029,0.9760978626156344,0.9706539718791921,0.9732439389657789,0.9353413654618474,0.9166179919968651,0.9153978868121962,0.9158409420156006
947,0.003390837708897408,0.0112902994428153,,False,0.9795160156642233,0.9761836571461373,0.9707363985194822,0.9733278274831694,0.9349397590361446,0.9162489736953204,0.9150237753269737,0.9154698968323578
948,0.0033882755486703527,0.011290756941574142,,False,0.9795160156642233,0.9766124922988,0.9707363985194822,0.9735242832543296,0.9353413654618474,0.9166179919968651,0.9153978868121962,0.9158409420156006
949,0.003386120695883764,0.011281183338045647,,False,0.9795160156642233,0.9761823072393364,0.9707363985194822,0.9733276781590298,0.9349397590361446,0.9162489736953204,0.9150237753269737,0.9154698968323578
950,0.0033831419166500698,0.01128545519270195,,False,0.9795160156642233,0.9761883875577061,0.9707363985194822,0.9733309509030508,0.9349397590361446,0.9162489736953204,0.9150237753269737,0.9154698968323578
951,0.0033805923996585068,0.011288339548798348,,False,0.9795160156642233,0.9766173759608576,0.9707363985194822,0.9735274453751135,0.9349397590361446,0.9162489736953204,0.9150237753269737,0.9154698968323578
952,0.0033782585416308737,0.011287118826912395,,False,0.9795160156642233,0.976189737464507,0.9707363985194822,0.9733311002271905,0.9349397590361446,0.9162489736953204,0.9150237753269737,0.9154698968323578
953,0.0033758568803753035,0.011285353949461695,,False,0.9795160156642233,0.9761883875577061,0.9707363985194822,0.9733309509030508,0.9349397590361446,0.9162489736953204,0.9150237753269737,0.9154698968323578
954,0.003373090485184364,0.011285267583658066,,False,0.9795160156642233,0.9761883875577061,0.9707363985194822,0.9733309509030508,0.9349397590361446,0.9162489736953204,0.9150237753269737,0.9154698968323578
955,0.0033707506325688186,0.011289310948167293,,False,0.9794156039763029,0.9765149577373996,0.9706539718791921,0.9734343627359373,0.9353413654618474,0.9165853826098418,0.9153534818881341,0.9158061007877261
956,0.00336818016499552,0.011286150813253383,,False,0.9794156039763029,0.97651948152747,0.9706539718791921,0.9734370111304698,0.9349397590361446,0.9162489736953204,0.9150237753269737,0.9154698968323578
957,0.0033656949647252778,0.011286567920436365,,False,0.9794156039763029,0.97651948152747,0.9706539718791921,0.9734370111304698,0.9349397590361446,0.9162489736953204,0.9150237753269737,0.9154698968323578
958,0.0033633234300053014,0.011286813305094125,,False,0.9794156039763029,0.97651948152747,0.9706539718791921,0.9734370111304698,0.9349397590361446,0.9162489736953204,0.9150237753269737,0.9154698968323578
959,0.003360819321142175,0.011282582108016182,,False,0.9795160156642233,0.9766112956424879,0.9707363985194822,0.9735241726310926,0.9349397590361446,0.9162489736953204,0.9150237753269737,0.9154698968323578
960,0.003358975015031488,0.011278668182078117,,False,0.9795160156642233,0.9766112956424879,0.9707363985194822,0.9735241726310926,0.9353413654618474,0.9166313746435198,0.9154042928307788,0.9158519472977458
961,0.0033558322806414524,0.01128049372141931,,False,0.9795160156642233,0.9766112956424879,0.9707363985194822,0.9735241726310926,0.9349397590361446,0.9162489736953204,0.9150237753269737,0.9154698968323578
962,0.003353432564350592,0.011281822533054944,,False,0.9795160156642233,0.9766112956424879,0.9707363985194822,0.9735241726310926,0.9349397590361446,0.9162489736953204,0.9150237753269737,0.9154698968323578
963,0.003350996301910932,0.011280278155033194,,False,0.9795160156642233,0.9766173759608576,0.9707363985194822,0.9735274453751135,0.9349397590361446,0.9162489736953204,0.9150237753269737,0.9154698968323578
964,0.003348526790898161,0.011278969056486253,,False,0.9796164273521438,0.9767265910289635,0.9712484312895795,0.9738550468100203,0.9349397590361446,0.9162489736953204,0.9150237753269737,0.9154698968323578
965,0.0033461465465790155,0.011280819441574509,,False,0.9795160156642233,0.9766112956424879,0.9707363985194822,0.9735241726310926,0.9353413654618474,0.9166313746435198,0.9154042928307788,0.9158519472977458
966,0.003343702483592646,0.01128197609336657,,False,0.9796164273521438,0.9767328151111161,0.9712484312895795,0.973858355626997,0.9349397590361446,0.9162489736953204,0.9150237753269737,0.9154698968323578
967,0.003341383814217493,0.011283501263561013,,False,0.9795160156642233,0.9770486656517375,0.9707363985194822,0.9737235950665694,0.9349397590361446,0.9162489736953204,0.9150237753269737,0.9154698968323578
968,0.0033388672098830017,0.011282452697317251,,False,0.9797168390400642,0.9768205619276333,0.9713422751334233,0.973948952752116,0.9349397590361446,0.9162489736953204,0.9150237753269737,0.9154698968323578
969,0.003336470537366525,0.011280192365705795,,False,0.9797168390400642,0.9768232521526049,0.9713422751334233,0.9739501838013841,0.9349397590361446,0.9162489736953204,0.9150237753269737,0.9154698968323578
970,0.0033340476571083358,0.011280494004246197,,False,0.9797168390400642,0.9768232521526049,0.9713422751334233,0.9739501838013841,0.9349397590361446,0.9162489736953204,0.9150237753269737,0.9154698968323578
971,0.003332070885098173,0.011276430157220955,,False,0.9798172507279848,0.9769116606059607,0.9714361983042696,0.9740403031425634,0.9349397590361446,0.9162489736953204,0.9150237753269737,0.9154698968323578
972,0.0033294644942211795,0.011277858836846115,,False,0.9797168390400642,0.9768232521526049,0.9713422751334233,0.9739501838013841,0.9349397590361446,0.9162489736953204,0.9150237753269737,0.9154698968323578
973,0.0033271441098371825,0.011278279139748097,,False,0.9798172507279848,0.9773513439264947,0.9714361983042696,0.9742424151132936,0.9349397590361446,0.9162489736953204,0.9150237753269737,0.9154698968323578
974,0.003324599312646334,0.011277614016308704,,False,0.9798172507279848,0.9773451198443421,0.9714361983042696,0.9742391062963169,0.9349397590361446,0.9162489736953204,0.9150237753269737,0.9154698968323578
975,0.0033220653677286894,0.011279378614978608,,False,0.9798172507279848,0.9769168721868229,0.9714361983042696,0.9740429981834259,0.9349397590361446,0.9162489736953204,0.9150237753269737,0.9154698968323578
976,0.003319735075709006,0.011277508222918575,,False,0.9798172507279848,0.9769168721868229,0.9714361983042696,0.9740429981834259,0.9349397590361446,0.9162489736953204,0.9150237753269737,0.9154698968323578
977,0.003317502877091198,0.011275606969261746,,False,0.9798172507279848,0.9773451198443421,0.9714361983042696,0.9742391062963169,0.9345381526104418,0.9158783834356193,0.9146432578231685,0.9150939005978039
978,0.0033148959328746855,0.011277095844117778,,False,0.9798172507279848,0.9769105039891,0.9714361983042696,0.9740396532493405,0.9345381526104418,0.9158783834356193,0.9146432578231685,0.9150939005978039
979,0.0033126824130469304,0.011277430130346823,,False,0.9798172507279848,0.9769105039891,0.9714361983042696,0.9740396532493405,0.9349397590361446,0.9162489736953204,0.9150237753269737,0.9154698968323578
980,0.0033102526143882227,0.01127778591570432,,False,0.9798172507279848,0.9769105039891,0.9714361983042696,0.9740396532493405,0.9345381526104418,0.9158783834356193,0.9146432578231685,0.9150939005978039
981,0.0033079231892190002,0.011279649661619876,,False,0.9798172507279848,0.9769088163815732,0.9714361983042696,0.9740390337390493,0.9345381526104418,0.9158783834356193,0.9146432578231685,0.9150939005978039
982,0.0033054370635105324,0.011277355257462053,,False,0.9798172507279848,0.976902426006874,0.9714361983042696,0.9740356830804195,0.9345381526104418,0.9158783834356193,0.9146432578231685,0.9150939005978039
983,0.003303275296783243,0.011279821205360663,,False,0.9798172507279848,0.9769075152962061,0.9714361983042696,0.9740383476844927,0.9345381526104418,0.9158783834356193,0.9146432578231685,0.9150939005978039
984,0.0033007909055010887,0.011277634484186776,,False,0.9798172507279848,0.9769075152962061,0.9714361983042696,0.9740383476844927,0.9345381526104418,0.9158783834356193,0.9146432578231685,0.9150939005978039
985,0.003298337064595418,0.011276642701880007,,False,0.9798172507279848,0.9769075152962061,0.9714361983042696,0.9740383476844927,0.9345381526104418,0.9158783834356193,0.9146432578231685,0.9150939005978039
986,0.003295981485043206,0.01127369744247351,,False,0.9798172507279848,0.9773451198443421,0.9714361983042696,0.9742391062963169,0.9345381526104418,0.9158783834356193,0.9146432578231685,0.9150939005978039
987,0.003294041387244769,0.011277788110383775,,False,0.9798172507279848,0.9773419870358782,0.9714361983042696,0.9742377646143606,0.9345381526104418,0.9158783834356193,0.9146432578231685,0.9150939005978039
988,0.003291344678922647,0.011278257763163577,,False,0.9798172507279848,0.9773419870358782,0.9714361983042696,0.9742377646143606,0.9349397590361446,0.9162610363050901,0.9150237753269737,0.9154766478799172
989,0.0032889593359952006,0.011277494478154883,,False,0.9798172507279848,0.9773419870358782,0.9714361983042696,0.9742377646143606,0.9345381526104418,0.9158783834356193,0.9146432578231685,0.9150939005978039
990,0.0032867050583497794,0.011275983718901891,,False,0.9798172507279848,0.9773451198443421,0.9714361983042696,0.9742391062963169,0.9345381526104418,0.9158783834356193,0.9146432578231685,0.9150939005978039
991,0.003284430014831177,0.011274515328622808,,False,0.9798172507279848,0.9764822171386709,0.9714361983042696,0.9738418982925278,0.9345381526104418,0.9158783834356193,0.9146432578231685,0.9150939005978039
992,0.0032821792379167584,0.011276383336689242,,False,0.9798172507279848,0.9769075152962061,0.9714361983042696,0.9740383476844927,0.9345381526104418,0.9158783834356193,0.9146432578231685,0.9150939005978039
993,0.0032797925798216487,0.011275984104952135,,False,0.9798172507279848,0.9769140279624354,0.9714361983042696,0.9740417287799116,0.9345381526104418,0.9158783834356193,0.9146432578231685,0.9150939005978039
994,0.0032773790269697667,0.011274573673288619,,False,0.9798172507279848,0.9769075152962061,0.9714361983042696,0.9740383476844927,0.9345381526104418,0.9158783834356193,0.9146432578231685,0.9150939005978039
995,0.0032751222298363645,0.01127399441934005,,False,0.9798172507279848,0.9773431817318546,0.9714361983042696,0.9742378753282951,0.9345381526104418,0.9158783834356193,0.9146432578231685,0.9150939005978039
996,0.003272849740001876,0.01127509730521298,,False,0.9798172507279848,0.9769087099921828,0.9714361983042696,0.9740384583984274,0.9345381526104418,0.9158783834356193,0.9146432578231685,0.9150939005978039
997,0.003270317167933918,0.011273241122783958,,False,0.9798172507279848,0.976902426006874,0.9714361983042696,0.9740356830804195,0.9349397590361446,0.9162610363050901,0.9150237753269737,0.9154766478799172
998,0.003268233454165414,0.01126909045333302,,False,0.9798172507279848,0.9764771278493386,0.9714361983042696,0.9738392336884546,0.9349397590361446,0.9167548319249276,0.9167008709918929,0.9165716295037895
999,0.0032659565540427166,0.011268880780460035,,False,0.9798172507279848,0.9773451198443421,0.9714361983042696,0.9742391062963169,0.9353413654618474,0.9171374847943983,0.917081388495698,0.9169543767859027
1000,0.0032634855349767703,0.011272638561171142,,False,0.9798172507279848,0.9773368977465459,0.9714361983042696,0.9742351000102872,0.9349397590361446,0.9162610363050901,0.9150237753269737,0.9154766478799172
1001,0.0032612064080753574,0.011272540574921656,,False,0.9798172507279848,0.9773350445911618,0.9714361983042696,0.9742346546966618,0.9353413654618474,0.9171374847943983,0.917081388495698,0.9169543767859027
1002,0.003258787175312575,0.011267925636088801,,False,0.9798172507279848,0.9769032716952579,0.9714361983042696,0.9740368981166907,0.9353413654618474,0.9171374847943983,0.917081388495698,0.9169543767859027
1003,0.0032567018467153336,0.011271645331155612,,False,0.9799176624159052,0.9769971657207616,0.9715295689858756,0.9741296748291745,0.9349397590361446,0.9162610363050901,0.9150237753269737,0.9154766478799172
1004,0.003254189088209615,0.011270009041519062,,False,0.9798172507279848,0.9769064725429337,0.9714361983042696,0.9740374928294219,0.9353413654618474,0.9171374847943983,0.917081388495698,0.9169543767859027
1005,0.0032520580818369365,0.011269305959758549,,False,0.9798172507279848,0.9769064725429337,0.9714361983042696,0.9740374928294219,0.9353413654618474,0.9171374847943983,0.917081388495698,0.9169543767859027
1006,0.0032499154496330963,0.01126912937016675,,False,0.9799176624159052,0.9769951630784873,0.9715295689858756,0.9741291911014144,0.9353413654618474,0.9171374847943983,0.917081388495698,0.9169543767859027
1007,0.003247475263513316,0.01126702767256169,,False,0.9799176624159052,0.9774257377689897,0.9715295689858756,0.9743268366964143,0.9353413654618474,0.9171374847943983,0.917081388495698,0.9169543767859027
1008,0.003245143228804355,0.011269830300224326,,False,0.9799176624159052,0.9769971657207616,0.9715295689858756,0.9741296748291745,0.9353413654618474,0.9171374847943983,0.917081388495698,0.9169543767859027
1009,0.003242847199329604,0.011268468512858261,,False,0.9799176624159052,0.9769971657207616,0.9715295689858756,0.9741296748291745,0.9345381526104418,0.9164032720934683,0.9163711644307322,0.9162258726579302
1010,0.003240579990033998,0.011267225898851145,,False,0.9799176624159052,0.977426782978076,0.9715295689858756,0.9743269089962143,0.9349397590361446,0.916783662729238,0.9167516819345374,0.9166080314610424
1011,0.00323843069860665,0.011268320436359792,,False,0.9799176624159052,0.9774257377689897,0.9715295689858756,0.9743268366964143,0.9349397590361446,0.916783662729238,0.9167516819345374,0.9166080314610424
1012,0.003236040711410315,0.011266605371306094,,False,0.9799176624159052,0.9774257377689897,0.9715295689858756,0.9743268366964143,0.9349397590361446,0.916783662729238,0.9167516819345374,0.9166080314610424
1013,0.003233903769952093,0.011265097917188728,,False,0.9799176624159052,0.9769951630784873,0.9715295689858756,0.9741291911014144,0.9349397590361446,0.916783662729238,0.9167516819345374,0.9166080314610424
1014,0.0032316751935632638,0.011270559483657494,,False,0.9799176624159052,0.9774275300245677,0.9715295689858756,0.9743276741743357,0.9349397590361446,0.916783662729238,0.9167516819345374,0.9166080314610424
1015,0.003229330714882152,0.011265722786724565,,False,0.9799176624159052,0.977426782978076,0.9715295689858756,0.9743269089962143,0.9349397590361446,0.916783662729238,0.9167516819345374,0.9166080314610424
1016,0.0032274172842626354,0.011263958812434954,,False,0.9799176624159052,0.9769951630784873,0.9715295689858756,0.9741291911014144,0.9349397590361446,0.916783662729238,0.9167516819345374,0.9166080314610424
1017,0.003225260179551151,0.011263601711874242,,False,0.9799176624159052,0.9769951630784873,0.9715295689858756,0.9741291911014144,0.9349397590361446,0.916783662729238,0.9167516819345374,0.9166080314610424
1018,0.0032227946053832433,0.011261697382523712,,False,0.9799176624159052,0.9769951630784873,0.9715295689858756,0.9741291911014144,0.9349397590361446,0.916783662729238,0.9167516819345374,0.9166080314610424
1019,0.003220953165980274,0.01125785958699612,,False,0.9799176624159052,0.976998076565454,0.9715295689858756,0.9741304976259456,0.9349397590361446,0.916783662729238,0.9167516819345374,0.9166080314610424
1020,0.003218458987221571,0.011261878248997598,,False,0.9799176624159052,0.9769951630784873,0.9715295689858756,0.9741291911014144,0.9349397590361446,0.916783662729238,0.9167516819345374,0.9166080314610424
1021,0.0032162439128571017,0.01126402270084422,,False,0.9799176624159052,0.9769934482057163,0.9715295689858756,0.9741287625458733,0.9349397590361446,0.916783662729238,0.9167516819345374,0.9166080314610424
1022,0.0032138670336063066,0.01126238392854407,,False,0.9799176624159052,0.97699254780342,0.9715295689858756,0.9741279590771474,0.9349397590361446,0.916783662729238,0.9167516819345374,0.9166080314610424
1023,0.003211707245546845,0.011260784091411413,,False,0.9799176624159052,0.9769934482057163,0.9715295689858756,0.9741287625458733,0.9349397590361446,0.916783662729238,0.9167516819345374,0.9166080314610424
1024,0.0032095804707185567,0.01126034898627526,,False,0.9799176624159052,0.9769951630784873,0.9715295689858756,0.9741291911014144,0.9349397590361446,0.916783662729238,0.9167516819345374,0.9166080314610424
1025,0.0032074822550107558,0.011265306564562427,,False,0.9799176624159052,0.9769965759534256,0.9715295689858756,0.9741296992982671,0.9349397590361446,0.916783662729238,0.9167516819345374,0.9166080314610424
1026,0.0032054872385152387,0.011262548133171306,,False,0.9799176624159052,0.9769965759534256,0.9715295689858756,0.9741296992982671,0.9349397590361446,0.916783662729238,0.9167516819345374,0.9166080314610424
1027,0.003203032605949078,0.011263742468957122,,False,0.9799176624159052,0.9774250681053049,0.9715295689858756,0.9743264804406733,0.9349397590361446,0.916783662729238,0.9167516819345374,0.9166080314610424
1028,0.0032010581486732427,0.011261759479575046,,False,0.9799176624159052,0.9769959101249791,0.9715295689858756,0.9741299562795357,0.9349397590361446,0.916783662729238,0.9167516819345374,0.9166080314610424
1029,0.003198549773777389,0.011262131245471974,,False,0.9799176624159052,0.9769959101249791,0.9715295689858756,0.9741299562795357,0.9349397590361446,0.916783662729238,0.9167516819345374,0.9166080314610424
1030,0.0031964266378723856,0.011263031010231347,,False,0.9799176624159052,0.9769959101249791,0.9715295689858756,0.9741299562795357,0.9349397590361446,0.916783662729238,0.9167516819345374,0.9166080314610424
1031,0.003194583745637731,0.011266470965765609,,False,0.9800180741038257,0.9770853878983845,0.9716229396674816,0.974221348603999,0.9349397590361446,0.916783662729238,0.9167516819345374,0.9166080314610424
1032,0.003192006918240571,0.011262175752112625,,False,0.9799176624159052,0.9769965759534256,0.9715295689858756,0.9741296992982671,0.9349397590361446,0.916783662729238,0.9167516819345374,0.9166080314610424
1033,0.0031899076885715627,0.011264064041242236,,False,0.9799176624159052,0.9774283488493294,0.9715295689858756,0.9743274558782383,0.9349397590361446,0.916783662729238,0.9167516819345374,0.9166080314610424
1034,0.0031878225982609884,0.011257540009039464,,False,0.9799176624159052,0.9769990378726886,0.9715295689858756,0.9741308930319295,0.9349397590361446,0.916783662729238,0.9167516819345374,0.9166080314610424
1035,0.003185577829841201,0.011260349251760287,,False,0.9799176624159052,0.9769965759534256,0.9715295689858756,0.9741296992982671,0.9349397590361446,0.916783662729238,0.9167516819345374,0.9166080314610424
1036,0.003183503981366894,0.011259445824942331,,False,0.9799176624159052,0.9769965759534256,0.9715295689858756,0.9741296992982671,0.9349397590361446,0.916783662729238,0.9167516819345374,0.9166080314610424
1037,0.00318135567867407,0.011260116991518295,,False,0.9799176624159052,0.9769965759534256,0.9715295689858756,0.9741296992982671,0.9349397590361446,0.916783662729238,0.9167516819345374,0.9166080314610424
1038,0.003179242094180475,0.01125920644873909,,False,0.9799176624159052,0.9769990378726886,0.9715295689858756,0.9741308930319295,0.9349397590361446,0.916783662729238,0.9167516819345374,0.9166080314610424
1039,0.0031771411208733327,0.011262368444044973,,False,0.9800180741038257,0.9770857831083926,0.9716119956261657,0.9742156352792521,0.9349397590361446,0.916783662729238,0.9167516819345374,0.9166080314610424
1040,0.0031750190938360143,0.01126111811846474,,False,0.9800180741038257,0.9770857831083926,0.9716119956261657,0.9742156352792521,0.9349397590361446,0.916783662729238,0.9167516819345374,0.9166080314610424
1041,0.0031729627842413998,0.011257113334331883,,False,0.9799176624159052,0.9769965759534256,0.9715295689858756,0.9741296992982671,0.9349397590361446,0.9167458495253837,0.9167516819345374,0.9165935853177829
1042,0.003170902534229996,0.01125944107211032,,False,0.9801184857917462,0.9771791317835046,0.971707125002117,0.9743095978282543,0.9349397590361446,0.916783662729238,0.9167516819345374,0.9166080314610424
1043,0.003168776795006964,0.0112580969853651,,False,0.9801184857917462,0.9771791317835046,0.971707125002117,0.9743095978282543,0.9349397590361446,0.916783662729238,0.9167516819345374,0.9166080314610424
1044,0.003166597479884685,0.011258822718986775,,False,0.9801184857917462,0.9771791317835046,0.971707125002117,0.9743095978282543,0.9349397590361446,0.9167458495253837,0.9167516819345374,0.9165935853177829
1045,0.003164550080820154,0.01125478254337809,,False,0.9801184857917462,0.9771791317835046,0.971707125002117,0.9743095978282543,0.9349397590361446,0.916783662729238,0.9167516819345374,0.9166080314610424
1046,0.003162521483610466,0.011254200673958688,,False,0.9801184857917462,0.9771791317835046,0.971707125002117,0.9743095978282543,0.9349397590361446,0.916783662729238,0.9167516819345374,0.9166080314610424
1047,0.0031604734177831688,0.011255453592966907,,False,0.9801184857917462,0.9771791317835046,0.971707125002117,0.9743095978282543,0.9349397590361446,0.9167458495253837,0.9167516819345374,0.9165935853177829
1048,0.0031584108426284956,0.01125660019804571,,False,0.9802188974796666,0.9772703305462868,0.971800495683723,0.9744018472318293,0.9349397590361446,0.9167458495253837,0.9167516819345374,0.9165935853177829
1049,0.0031561206445564157,0.011254358123603002,,False,0.9801184857917462,0.9771791317835046,0.971707125002117,0.9743095978282543,0.9349397590361446,0.9167458495253837,0.9167516819345374,0.9165935853177829
1050,0.003154377082956898,0.0112590821083718,,False,0.9802188974796666,0.9772703305462868,0.971800495683723,0.9744018472318293,0.9349397590361446,0.9167458495253837,0.9167516819345374,0.9165935853177829
1051,0.003152064294823043,0.011253048548508423,,False,0.9801184857917462,0.9771791317835046,0.971707125002117,0.9743095978282543,0.9349397590361446,0.9167458495253837,0.9167516819345374,0.9165935853177829
1052,0.003150012783220924,0.01125191592522277,,False,0.9802188974796666,0.9772703305462868,0.971800495683723,0.9744018472318293,0.9349397590361446,0.9167458495253837,0.9167516819345374,0.9165935853177829
1053,0.0031479271653568723,0.011254222295171451,,False,0.9802188974796666,0.9772703305462868,0.971800495683723,0.9744018472318293,0.9349397590361446,0.9167458495253837,0.9167516819345374,0.9165935853177829
1054,0.0031458623718042984,0.011253834973898678,,False,0.9802188974796666,0.9772703305462868,0.971800495683723,0.9744018472318293,0.9349397590361446,0.9167458495253837,0.9167516819345374,0.9165935853177829
1055,0.003143849028441736,0.011253024230328262,,False,0.9803193091675871,0.977361269587721,0.9718943395275669,0.9744937810036947,0.9349397590361446,0.9167458495253837,0.9167516819345374,0.9165935853177829
1056,0.0031417652542119214,0.01125621830636001,,False,0.9803193091675871,0.9773603026491559,0.9718943395275669,0.9744933672924042,0.9349397590361446,0.9167458495253837,0.9167516819345374,0.9165935853177829
1057,0.003139672133417645,0.011253741135316193,,False,0.9802188974796666,0.9772694386007829,0.971800495683723,0.9744014328917808,0.9349397590361446,0.9167458495253837,0.9167516819345374,0.9165935853177829
1058,0.003137734570035356,0.011253378286425504,,False,0.9803193091675871,0.977361269587721,0.9718943395275669,0.9744937810036947,0.9349397590361446,0.9167458495253837,0.9167516819345374,0.9165935853177829
1059,0.0031358192904358683,0.011254736277063795,,False,0.9803193091675871,0.977361269587721,0.9718943395275669,0.9744937810036947,0.9349397590361446,0.9167458495253837,0.9167516819345374,0.9165935853177829
1060,0.003133628416254808,0.011251108347544588,,False,0.9803193091675871,0.977361269587721,0.9718943395275669,0.9744937810036947,0.9349397590361446,0.9167458495253837,0.9167516819345374,0.9165935853177829
1061,0.00313160792498601,0.011253127246525364,,False,0.9803193091675871,0.977361269587721,0.9718943395275669,0.9744937810036947,0.9349397590361446,0.9167458495253837,0.9167516819345374,0.9165935853177829
1062,0.003129486239849641,0.011251130722894508,,False,0.9803193091675871,0.977361269587721,0.9718943395275669,0.9744937810036947,0.9349397590361446,0.9167458495253837,0.9167516819345374,0.9165935853177829
1063,0.0031276939904106584,0.011249509916287285,,False,0.9804197208555075,0.9774538024653899,0.9719894689035181,0.9745873269169721,0.9349397590361446,0.9167458495253837,0.9167516819345374,0.9165935853177829
1064,0.0031255823205199465,0.011255451080059889,,False,0.9803193091675871,0.977361269587721,0.9718943395275669,0.9744937810036947,0.9349397590361446,0.9167458495253837,0.9167516819345374,0.9165935853177829
1065,0.0031236797068034438,0.011251034642465128,,False,0.9804197208555075,0.9774546929559906,0.9719894689035181,0.9745877414737572,0.9349397590361446,0.9167458495253837,0.9167516819345374,0.9165935853177829
1066,0.0031215734369468505,0.011255153657132264,,False,0.9803193091675871,0.9773603026491559,0.9718943395275669,0.9744933672924042,0.9349397590361446,0.9167458495253837,0.9167516819345374,0.9165935853177829
1067,0.0031196079295528136,0.011253444072354681,,False,0.9803193091675871,0.9773603026491559,0.9718943395275669,0.9744933672924042,0.9349397590361446,0.9167458495253837,0.9167516819345374,0.9165935853177829
1068,0.0031176858034550844,0.011251027082840866,,False,0.9804197208555075,0.9774538024653899,0.9719894689035181,0.9745873269169721,0.9349397590361446,0.9167458495253837,0.9167516819345374,0.9165935853177829
1069,0.00311563170996329,0.011254247752303565,,False,0.9803193091675871,0.9773603026491559,0.9718943395275669,0.9744933672924042,0.9353413654618474,0.9171060483174952,0.91712579341976,0.9169604513534687
1070,0.0031134571379773943,0.011251312419491451,,False,0.9803193091675871,0.977361269587721,0.9718943395275669,0.9744937810036947,0.9353413654618474,0.9171060483174952,0.91712579341976,0.9169604513534687
1071,0.0031116779396643678,0.011251985434964562,,False,0.9804197208555075,0.97747712441272,0.9724063722976641,0.9748245015456464,0.9353413654618474,0.9171060483174952,0.91712579341976,0.9169604513534687
1072,0.003109595514215248,0.011248364270961443,,False,0.9805201325434281,0.9775706242289542,0.9725015016736154,0.9749184611702143,0.9357429718875502,0.9174721051706531,0.9174877188631186,0.9173383441152304
1073,0.003107724278175619,0.011246536413249759,,False,0.9805201325434281,0.9775706242289542,0.9725015016736154,0.9749184611702143,0.9353413654618474,0.9171119063785417,0.917113607377896,0.9169714780795446
1074,0.003105577336033766,0.011245116222886056,,False,0.9805201325434281,0.9775706242289542,0.9725015016736154,0.9749184611702143,0.9353413654618474,0.9171119063785417,0.917113607377896,0.9169714780795446
1075,0.0031033570471497153,0.011244437023036683,,False,0.9805201325434281,0.9775706242289542,0.9725015016736154,0.9749184611702143,0.9353413654618474,0.9171060483174952,0.91712579341976,0.9169604513534687
1076,0.0031015579044868036,0.011252063617851216,,False,0.9804197208555075,0.9774499065018938,0.9719877102091729,0.9745848179983465,0.9353413654618474,0.9171060483174952,0.91712579341976,0.9169604513534687
1077,0.0030993279021551664,0.011246695135725194,,False,0.9805201325434281,0.9775433316136177,0.9720828395851241,0.9746787785624895,0.9353413654618474,0.9171060483174952,0.91712579341976,0.9169604513534687
1078,0.0030974537528832345,0.011243993542727,,False,0.9806205442313485,0.9776345650293659,0.9721761318698522,0.974771631208932,0.9353413654618474,0.9171060483174952,0.91712579341976,0.9169604513534687
1079,0.0030954043386518747,0.011246216241728139,,False,0.9805201325434281,0.9775411399176419,0.9720810024939008,0.9746776706447888,0.9353413654618474,0.9171060483174952,0.91712579341976,0.9169604513534687
1080,0.00309337686682443,0.011242310149902407,,False,0.980720955919269,0.9777513867929302,0.9726881646399494,0.9751027654621741,0.9353413654618474,0.9171060483174952,0.91712579341976,0.9169604513534687
1081,0.0030914160082869757,0.011241328122153952,,False,0.9805201325434281,0.9775411399176419,0.9720810024939008,0.9746776706447888,0.9353413654618474,0.9171060483174952,0.91712579341976,0.9169604513534687
1082,0.0030896428355421616,0.011242293279716998,,False,0.980720955919269,0.9781808043400816,0.9726881646399494,0.9753010112915538,0.9357429718875502,0.9174737643789835,0.9174877188631186,0.9173336911645293
1083,0.0030874938354571962,0.011240812474709715,,False,0.9808213676071895,0.9782742254994462,0.9727832940159007,0.9753949306000719,0.9353413654618474,0.9171060483174952,0.91712579341976,0.9169604513534687
1084,0.0030856819252631108,0.0112450237815946,,False,0.9806205442313485,0.9780664265570304,0.9721761318698522,0.9749697780563591,0.9353413654618474,0.9171060483174952,0.91712579341976,0.9169604513534687
1085,0.003083552097433724,0.011240694639995798,,False,0.980720955919269,0.9781598477163951,0.9722712612458034,0.9750636973648772,0.9357429718875502,0.9174614995796363,0.9174621889347484,0.9173197759711881
1086,0.0030817108091979414,0.011243255858090485,,False,0.9806205442313485,0.9780664265570304,0.9721761318698522,0.9749697780563591,0.9357429718875502,0.9174737643789835,0.9174877188631186,0.9173336911645293
1087,0.003079682870245083,0.011242051951572527,,False,0.980720955919269,0.9781598477163951,0.9722712612458034,0.9750636973648772,0.936144578313253,0.9178169377584496,0.9178375643101236,0.9176813839907276
1088,0.003077951105009889,0.011237243660091486,,False,0.9808213676071895,0.9782742254994462,0.9727832940159007,0.9753949306000719,0.9353413654618474,0.9171069471809344,0.9170880774495258,0.9169487090395437
1089,0.0030756442598810275,0.011239606067741142,,False,0.980720955919269,0.9781598477163951,0.9722712612458034,0.9750636973648772,0.9357429718875502,0.9174737643789835,0.9174877188631186,0.9173336911645293
1090,0.003073941771201864,0.011239551329143857,,False,0.9806205442313485,0.9780664265570304,0.9721761318698522,0.9749697780563591,0.9353413654618474,0.9171084724031944,0.9171072013593135,0.9169605830078039
1091,0.003071885380639534,0.01123882942477788,,False,0.9806205442313485,0.9780664265570304,0.9721761318698522,0.9749697780563591,0.9349397590361446,0.9167424155500365,0.9167452759159548,0.9165826902460422
1092,0.0030697083268852172,0.011237504490863973,,False,0.980720955919269,0.9781598477163951,0.9722712612458034,0.9750636973648772,0.9357429718875502,0.9174631587879668,0.9174621889347484,0.917315123020487
1093,0.003067870087901956,0.011243544263177443,,False,0.980720955919269,0.9781561662120113,0.9722695025514582,0.975061223487883,0.9357429718875502,0.9174604770806832,0.9175011687951353,0.9173221180998455
1094,0.003065984829256724,0.011242476043036369,,False,0.980720955919269,0.9781808043400816,0.9726881646399494,0.9753010112915538,0.9349397590361446,0.9167424155500365,0.9167452759159548,0.9165826902460422
1095,0.0030638541289628764,0.01123754296488049,,False,0.9808213676071895,0.9782742254994462,0.9727832940159007,0.9753949306000719,0.936144578313253,0.9178169377584496,0.9178375643101236,0.9176813839907276
1096,0.0030620059209978917,0.011244193621562303,,False,0.980720955919269,0.9781561662120113,0.9722695025514582,0.975061223487883,0.9353413654618474,0.9170961945205194,0.9171206512913302,0.9169489512162828
1097,0.003059981776521065,0.011237620234286311,,False,0.9808213676071895,0.9782742254994462,0.9727832940159007,0.9753949306000719,0.936144578313253,0.9178169377584496,0.9178375643101236,0.9176813839907276
1098,0.003058072740408341,0.011234962413402801,,False,0.9808213676071895,0.9782742254994462,0.9727832940159007,0.9753949306000719,0.936144578313253,0.9178169377584496,0.9178375643101236,0.9176813839907276
1099,0.0030559441745027943,0.011234985489037468,,False,0.9809217792951099,0.9783638905721622,0.9728766646975067,0.9754863769535247,0.936144578313253,0.9178169377584496,0.9178375643101236,0.9176813839907276
1100,0.0030540361632027625,0.01123312827155969,,False,0.9809217792951099,0.9783638905721622,0.9728766646975067,0.9754863769535247,0.936144578313253,0.9178169377584496,0.9178375643101236,0.9176813839907276
1101,0.003052110218329411,0.011235315249533183,,False,0.9809217792951099,0.9783638905721622,0.9728766646975067,0.9754863769535247,0.936144578313253,0.9178169377584496,0.9178375643101236,0.9176813839907276
1102,0.003050085646665345,0.011235477572462182,,False,0.9809217792951099,0.9783638905721622,0.9728766646975067,0.9754863769535247,0.936144578313253,0.9178169377584496,0.9178375643101236,0.9176813839907276
1103,0.003048044750808945,0.011234135779284797,,False,0.9809217792951099,0.9783638905721622,0.9728766646975067,0.9754863769535247,0.936144578313253,0.9178169377584496,0.9178375643101236,0.9176813839907276
1104,0.0030461224129568077,0.011232470150755047,,False,0.9809217792951099,0.9783638905721622,0.9728766646975067,0.9754863769535247,0.936144578313253,0.9178169377584496,0.9178375643101236,0.9176813839907276
1105,0.003044166833839177,0.011235128229386392,,False,0.9808213676071895,0.9782705439950625,0.9727815353215554,0.9753924567230777,0.936144578313253,0.9178169377584496,0.9178375643101236,0.9176813839907276
1106,0.0030419625209900615,0.011233607290729536,,False,0.9809217792951099,0.9783638905721622,0.9728766646975067,0.9754863769535247,0.936144578313253,0.9178169377584496,0.9178375643101236,0.9176813839907276
1107,0.003040364418392417,0.011233156537752038,,False,0.9809217792951099,0.9783638905721622,0.9728766646975067,0.9754863769535247,0.936144578313253,0.9178169377584496,0.9178375643101236,0.9176813839907276
1108,0.0030380514621782028,0.011234458766229546,,False,0.9809217792951099,0.9783638905721622,0.9728766646975067,0.9754863769535247,0.936144578313253,0.9178169377584496,0.9178375643101236,0.9176813839907276
1109,0.003035952670977033,0.01123625432365821,,False,0.9809217792951099,0.9783638905721622,0.9728766646975067,0.9754863769535247,0.9365461847389558,0.918151504909344,0.9181672708712844,0.9180181295971127
1110,0.0030339579566169865,0.011236250716503946,,False,0.9809217792951099,0.9783415501144409,0.9724580026090154,0.9752471886498204,0.9365461847389558,0.918151504909344,0.9181672708712844,0.9180181295971127
1111,0.0030319941097968657,0.011232377846149109,,False,0.9810221909830305,0.9784604743499798,0.9729673676453524,0.9755789462808845,0.936144578313253,0.9178169377584496,0.9178375643101236,0.9176813839907276
1112,0.003030154036547813,0.01123115425572795,,False,0.9809217792951099,0.9783638905721622,0.9728766646975067,0.9754863769535247,0.936144578313253,0.9178169377584496,0.9178375643101236,0.9176813839907276
1113,0.0030279500144941196,0.011232347924255781,,False,0.9809217792951099,0.9783638905721622,0.9728766646975067,0.9754863769535247,0.936144578313253,0.9178169377584496,0.9178375643101236,0.9176813839907276
1114,0.003025759497360271,0.011232251320893477,,False,0.9809217792951099,0.9783638905721622,0.9728766646975067,0.9754863769535247,0.936144578313253,0.9178169377584496,0.9178375643101236,0.9176813839907276
1115,0.003023872994290617,0.011230713825326684,,False,0.9811226026709509,0.9785502756915572,0.9730607383269584,0.9756703874346297,0.936144578313253,0.9178169377584496,0.9178375643101236,0.9176813839907276
1116,0.0030216870336605313,0.01123123679743786,,False,0.9810221909830305,0.9784557787821515,0.9729700353791126,0.9755783835190992,0.936144578313253,0.9178169377584496,0.9178375643101236,0.9176813839907276
1117,0.0030196438830022497,0.011229916874580931,,False,0.9810221909830305,0.9784557787821515,0.9729700353791126,0.9755783835190992,0.9365461847389558,0.918151504909344,0.9181672708712844,0.9180181295971127
1118,0.003017797343763299,0.011226367511589938,,False,0.9810221909830305,0.9784536919137395,0.9729700353791126,0.9755778181072698,0.9365461847389558,0.918151504909344,0.9181672708712844,0.9180181295971127
1119,0.003015413514677017,0.011230195263480876,,False,0.9811226026709509,0.9785502756915572,0.9730607383269584,0.9756703874346297,0.9365461847389558,0.918151504909344,0.9181672708712844,0.9180181295971127
1120,0.003013382220698131,0.01123200209634088,,False,0.9810221909830305,0.9784557787821515,0.9729700353791126,0.9755783835190992,0.936144578313253,0.9178169377584496,0.9178375643101236,0.9176813839907276
1121,0.0030112831364224103,0.011231229480841825,,False,0.9811226026709509,0.9785502756915572,0.9730607383269584,0.9756703874346297,0.9365461847389558,0.918151504909344,0.9181672708712844,0.9180181295971127
1122,0.003009135405826395,0.011230159655792802,,False,0.9811226026709509,0.9785502756915572,0.9730607383269584,0.9756703874346297,0.936144578313253,0.9178169377584496,0.9178375643101236,0.9176813839907276
1123,0.003007041511542641,0.011229237382825682,,False,0.9812230143588714,0.9790781576309302,0.9731546614978046,0.9759625358735087,0.936144578313253,0.9178169377584496,0.9178375643101236,0.9176813839907276
1124,0.0030049129559478437,0.011227169591458764,,False,0.9811226026709509,0.9785502756915572,0.9730607383269584,0.9756703874346297,0.936144578313253,0.9178169377584496,0.9178375643101236,0.9176813839907276
1125,0.0030029580792047495,0.011224840054040964,,False,0.9811226026709509,0.9785502756915572,0.9730607383269584,0.9756703874346297,0.9365461847389558,0.918151504909344,0.9181672708712844,0.9180181295971127
1126,0.0030009442165104022,0.011222250059672605,,False,0.9811226026709509,0.9785502756915572,0.9730607383269584,0.9756703874346297,0.9365461847389558,0.918151504909344,0.9181672708712844,0.9180181295971127
1127,0.002999228126735937,0.011218933562471842,,False,0.9811226026709509,0.9785522352370596,0.9730607383269584,0.9756715156122845,0.936144578313253,0.9177603388441798,0.9177931593860618,0.9176478088573357
1128,0.002996677082651246,0.011223545155852804,,False,0.9811226026709509,0.9785502756915572,0.9730607383269584,0.9756703874346297,0.936144578313253,0.9178169377584496,0.9178375643101236,0.9176813839907276
1129,0.0029944745639940646,0.011224353107895942,,False,0.9811226026709509,0.9785502756915572,0.9730607383269584,0.9756703874346297,0.9365461847389558,0.918151504909344,0.9181672708712844,0.9180181295971127
1130,0.0029923470946594225,0.011224696358698343,,False,0.9811226026709509,0.9785502756915572,0.9730607383269584,0.9756703874346297,0.936144578313253,0.9178169377584496,0.9178375643101236,0.9176813839907276
1131,0.002990244454182637,0.011223860174593633,,False,0.9811226026709509,0.9785502756915572,0.9730607383269584,0.9756703874346297,0.936144578313253,0.9178169377584496,0.9178375643101236,0.9176813839907276
1132,0.002988226575558744,0.011224361451914737,,False,0.9811226026709509,0.9785502756915572,0.9730607383269584,0.9756703874346297,0.9365461847389558,0.918151504909344,0.9181672708712844,0.9180181295971127
1133,0.002986197492244333,0.011221236514574491,,False,0.9811226026709509,0.9785502756915572,0.9730607383269584,0.9756703874346297,0.9365461847389558,0.918151504909344,0.9181672708712844,0.9180181295971127
1134,0.0029841305091532332,0.011222446524660826,,False,0.9811226026709509,0.9785502756915572,0.9730607383269584,0.9756703874346297,0.9365461847389558,0.918151504909344,0.9181672708712844,0.9180181295971127
1135,0.002982089788770364,0.011221045488544985,,False,0.9811226026709509,0.9785502756915572,0.9730607383269584,0.9756703874346297,0.9365461847389558,0.918151504909344,0.9181672708712844,0.9180181295971127
1136,0.0029801148626611355,0.01122209241402185,,False,0.9811226026709509,0.9785502756915572,0.9730607383269584,0.9756703874346297,0.9365461847389558,0.918151504909344,0.9181672708712844,0.9180181295971127
1137,0.002977761654364914,0.01122140232825973,,False,0.9811226026709509,0.9785502756915572,0.9730607383269584,0.9756703874346297,0.9365461847389558,0.918151504909344,0.9181672708712844,0.9180181295971127
1138,0.0029757486832743233,0.011222394218183966,,False,0.9811226026709509,0.9785502756915572,0.9730607383269584,0.9756703874346297,0.9365461847389558,0.918151504909344,0.9181672708712844,0.9180181295971127
1139,0.0029737544023551742,0.01121708354584596,,False,0.9812230143588714,0.9790781576309302,0.9731546614978046,0.9759625358735087,0.9365461847389558,0.918151504909344,0.9181672708712844,0.9180181295971127
1140,0.002971708629749471,0.011223484515620384,,False,0.9814238377347123,0.9797027156620961,0.9733414028610166,0.9763485285423352,0.9369477911646586,0.9185298025314843,0.9185426462466597,0.9183914626571984
1141,0.0029696922640322348,0.011225778230763601,,False,0.9814238377347123,0.9797027156620961,0.9733414028610166,0.9763485285423352,0.9365461847389558,0.918151504909344,0.9181672708712844,0.9180181295971127
1142,0.0029675594424018537,0.01122426195288676,,False,0.9814238377347123,0.9797027156620961,0.9733414028610166,0.9763485285423352,0.9369477911646586,0.9185298025314843,0.9185426462466597,0.9183914626571984
1143,0.002965605821495065,0.011222912337417554,,False,0.9814238377347123,0.9797027156620961,0.9733414028610166,0.9763485285423352,0.9369477911646586,0.9185298025314843,0.9185426462466597,0.9183914626571984
1144,0.0029635523593711573,0.011219971311007847,,False,0.9813234260467918,0.9796120212618707,0.9732480321794106,0.9762577371218367,0.936144578313253,0.9178169377584496,0.9178375643101236,0.9176813839907276
1145,0.002961585040957741,0.01121864628816737,,False,0.9813234260467918,0.9791703069766728,0.9732474796901703,0.9760565392210864,0.936144578313253,0.9178169377584496,0.9178375643101236,0.9176813839907276
1146,0.0029595567328046276,0.01122121391956804,,False,0.9813234260467918,0.9791703069766728,0.9732474796901703,0.9760565392210864,0.9365461847389558,0.918151504909344,0.9181672708712844,0.9180181295971127
1147,0.002957908792245171,0.011223714884592432,,False,0.9813234260467918,0.9791696031920724,0.9732474796901703,0.9760552079631056,0.9369477911646586,0.9185298025314843,0.9185426462466597,0.9183914626571984
1148,0.002955835853801728,0.011220548913832614,,False,0.9813234260467918,0.9791703069766728,0.9732474796901703,0.9760565392210864,0.9365461847389558,0.9181718374240836,0.9181672708712844,0.9180266109914965
1149,0.0029536398863701037,0.011220565472875449,,False,0.9813234260467918,0.9791703069766728,0.9732474796901703,0.9760565392210864,0.936144578313253,0.9177934039977276,0.9177918954959089,0.9176526306657566
1150,0.002951720652107002,0.011217946303937241,,False,0.9814238377347123,0.9797033466627008,0.9733414028610166,0.9763498603544541,0.9365461847389558,0.9181718374240836,0.9181672708712844,0.9180266109914965
1151,0.00294978070265657,0.011217466841741627,,False,0.9813234260467918,0.9791703069766728,0.9732474796901703,0.9760565392210864,0.936144578313253,0.9177934039977276,0.9177918954959089,0.9176526306657566
1152,0.002947918767128762,0.01121507291120472,,False,0.9813234260467918,0.9791703069766728,0.9732474796901703,0.9760565392210864,0.936144578313253,0.9178372702731894,0.9178375643101236,0.9176898653851112
1153,0.0029460309678796667,0.011215705184339881,,False,0.9813234260467918,0.9791703069766728,0.9732474796901703,0.9760565392210864,0.9369477911646586,0.9185298025314843,0.9185426462466597,0.9183914626571984
1154,0.002944085490471235,0.011214411683313733,,False,0.9814238377347123,0.9797033466627008,0.9733414028610166,0.9763498603544541,0.9369477911646586,0.9185298025314843,0.9185426462466597,0.9183914626571984
1155,0.0029422722842117853,0.011214629184962707,,False,0.9814238377347123,0.9797033466627008,0.9733414028610166,0.9763498603544541,0.9369477911646586,0.9185298025314843,0.9185426462466597,0.9183914626571984
1156,0.0029405437118537408,0.0112159967492724,,False,0.9814238377347123,0.9797033466627008,0.9733414028610166,0.9763498603544541,0.9369477911646586,0.9185298025314843,0.9185426462466597,0.9183914626571984
1157,0.0029387118437428387,0.01121594626668273,,False,0.9814238377347123,0.9797033466627008,0.9733414028610166,0.9763498603544541,0.9369477911646586,0.9185298025314843,0.9185426462466597,0.9183914626571984
1158,0.0029370959728269737,0.011213280559268285,,False,0.9814238377347123,0.9797033466627008,0.9733414028610166,0.9763498603544541,0.9365461847389558,0.9181718374240836,0.9181672708712844,0.9180266109914965
1159,0.0029349940240389156,0.01121693218108867,,False,0.9814238377347123,0.9797033466627008,0.9733414028610166,0.9763498603544541,0.9365461847389558,0.9181718374240836,0.9181672708712844,0.9180266109914965
1160,0.002933207843458916,0.011217491635794625,,False,0.9814238377347123,0.9797033466627008,0.9733414028610166,0.9763498603544541,0.9369477911646586,0.9185298025314843,0.9185426462466597,0.9183914626571984
1161,0.0029312403420054304,0.011213231789798366,,False,0.9814238377347123,0.9797033466627008,0.9733414028610166,0.9763498603544541,0.9365461847389558,0.9181718374240836,0.9181672708712844,0.9180266109914965
1162,0.0029295166770611286,0.011211427931770272,,False,0.9814238377347123,0.9797033466627008,0.9733414028610166,0.9763498603544541,0.9369477911646586,0.9185298025314843,0.9185426462466597,0.9183914626571984
1163,0.0029276267598507526,0.011211959331413633,,False,0.9814238377347123,0.9797033466627008,0.9733414028610166,0.9763498603544541,0.9365461847389558,0.9181718374240836,0.9181672708712844,0.9180266109914965
1164,0.0029259357824973427,0.011209922275913692,,False,0.9814238377347123,0.9797033466627008,0.9733414028610166,0.9763498603544541,0.9365461847389558,0.9181718374240836,0.9181672708712844,0.9180266109914965
1165,0.002924150731269589,0.011207725226019824,,False,0.9814238377347123,0.9797033466627008,0.9733414028610166,0.9763498603544541,0.9365461847389558,0.9181718374240836,0.9181672708712844,0.9180266109914965
1166,0.0029223322482658538,0.011207410686901927,,False,0.9814238377347123,0.9797033466627008,0.9733414028610166,0.9763498603544541,0.9365461847389558,0.9181718374240836,0.9181672708712844,0.9180266109914965
1167,0.0029205692972266864,0.011207467548971459,,False,0.9814238377347123,0.9797033466627008,0.9733414028610166,0.9763498603544541,0.9365461847389558,0.9181718374240836,0.9181672708712844,0.9180266109914965
1168,0.0029188855100228035,0.011206597602883209,,False,0.9813234260467918,0.9791703069766728,0.9732474796901703,0.9760565392210864,0.9365461847389558,0.9181718374240836,0.9181672708712844,0.9180266109914965
1169,0.002917147832761876,0.011203143252647174,,False,0.9813234260467918,0.9791703069766728,0.9732474796901703,0.9760565392210864,0.9365461847389558,0.9181718374240836,0.9181672708712844,0.9180266109914965
1170,0.0029154433618150616,0.011206191988476857,,False,0.9814238377347123,0.9797033466627008,0.9733414028610166,0.9763498603544541,0.9365461847389558,0.9181718374240836,0.9181672708712844,0.9180266109914965
1171,0.002913980399137499,0.011210045212908424,,False,0.9814238377347123,0.9797041506600674,0.9733414028610166,0.9763494095266787,0.9369477911646586,0.9185298025314843,0.9185426462466597,0.9183914626571984
1172,0.0029120418170352465,0.011207155914082664,,False,0.9814238377347123,0.9797047816606721,0.9733414028610166,0.9763507413387976,0.9365461847389558,0.9181718374240836,0.9181672708712844,0.9180266109914965
1173,0.002910340500399907,0.011202270695023376,,False,0.9814238377347123,0.9797033466627008,0.9733414028610166,0.9763498603544541,0.9369477911646586,0.9185291064491852,0.9185291963146428,0.9183982676214097
1174,0.0029086305004693237,0.0112038195666832,,False,0.9814238377347123,0.9797033466627008,0.9733414028610166,0.9763498603544541,0.9369477911646586,0.9185291064491852,0.9185291963146428,0.9183982676214097
1175,0.0029067428383355255,0.011204283143546765,,False,0.9814238377347123,0.9797033466627008,0.9733414028610166,0.9763498603544541,0.9365461847389558,0.9181718374240836,0.9181672708712844,0.9180266109914965
1176,0.0029051651847109543,0.011202517239838025,,False,0.9813234260467918,0.9791703069766728,0.9732474796901703,0.9760565392210864,0.9365461847389558,0.9181718374240836,0.9181672708712844,0.9180266109914965
1177,0.0029034811005721876,0.011203348021811584,,False,0.9814238377347123,0.9797033466627008,0.9733414028610166,0.9763498603544541,0.9365461847389558,0.9181718374240836,0.9181672708712844,0.9180266109914965
1178,0.002901899690125023,0.011203238478331285,,False,0.9814238377347123,0.9797033466627008,0.9733414028610166,0.9763498603544541,0.9369477911646586,0.9185291064491852,0.9185291963146428,0.9183982676214097
1179,0.002900208980838199,0.011207642125470924,,False,0.9814238377347123,0.9797047816606721,0.9733414028610166,0.9763507413387976,0.9365461847389558,0.9181718374240836,0.9181672708712844,0.9180266109914965
1180,0.0028983852286821542,0.011204287988954446,,False,0.9814238377347123,0.9797033466627008,0.9733414028610166,0.9763498603544541,0.9365461847389558,0.9181718374240836,0.9181672708712844,0.9180266109914965
1181,0.002896828578693433,0.011203573514987002,,False,0.9814238377347123,0.9797033466627008,0.9733414028610166,0.9763498603544541,0.9365461847389558,0.9181718374240836,0.9181672708712844,0.9180266109914965
1182,0.002895071808061194,0.011206848815077611,,False,0.9814238377347123,0.9797033466627008,0.9733414028610166,0.9763498603544541,0.9365461847389558,0.9181718374240836,0.9181672708712844,0.9180266109914965
1183,0.002893473000989696,0.011205098113710295,,False,0.9814238377347123,0.9797033466627008,0.9733414028610166,0.9763498603544541,0.9369477911646586,0.9185291064491852,0.9185291963146428,0.9183982676214097
1184,0.0028917798438250156,0.011202518046414804,,False,0.9814238377347123,0.9797033466627008,0.9733414028610166,0.9763498603544541,0.9369477911646586,0.9185291064491852,0.9185291963146428,0.9183982676214097
1185,0.0028901567203739914,0.01120350709385406,,False,0.9814238377347123,0.9797033466627008,0.9733414028610166,0.9763498603544541,0.9369477911646586,0.9185291064491852,0.9185291963146428,0.9183982676214097
1186,0.0028884782065875894,0.011201774165462215,,False,0.9814238377347123,0.9797033466627008,0.9733414028610166,0.9763498603544541,0.9369477911646586,0.9185291064491852,0.9185291963146428,0.9183982676214097
1187,0.0028868408856770065,0.011201053768855825,,False,0.9814238377347123,0.9797033466627008,0.9733414028610166,0.9763498603544541,0.9369477911646586,0.9185291064491852,0.9185291963146428,0.9183982676214097
1188,0.0028853073868744996,0.01120108874526101,,False,0.9816246611105532,0.9799076706245123,0.9739468063127199,0.9767737886159173,0.9369477911646586,0.9185291064491852,0.9185291963146428,0.9183982676214097
1189,0.0028835991687379066,0.011198567036108878,,False,0.9816246611105532,0.9799076706245123,0.9739468063127199,0.9767737886159173,0.9369477911646586,0.9185291064491852,0.9185291963146428,0.9183982676214097
1190,0.0028821011833375368,0.011197497991193937,,False,0.9814238377347123,0.9797033466627008,0.9733414028610166,0.9763498603544541,0.9369477911646586,0.9185291064491852,0.9185291963146428,0.9183982676214097
1191,0.0028804001741143987,0.011197512761109734,,False,0.9815242494226328,0.979796944032784,0.9734347735426225,0.9764435000077741,0.9369477911646586,0.9185291064491852,0.9185291963146428,0.9183982676214097
1192,0.0028788590726741476,0.011198330540700479,,False,0.9816246611105532,0.9799076706245123,0.9739468063127199,0.9767737886159173,0.9369477911646586,0.9185291064491852,0.9185291963146428,0.9183982676214097
1193,0.002877292057631939,0.01120000246146481,,False,0.9815242494226328,0.979796944032784,0.9734347735426225,0.9764435000077741,0.9369477911646586,0.9185291064491852,0.9185291963146428,0.9183982676214097
1194,0.002875596709572493,0.01119712224346159,,False,0.9816246611105532,0.9799076706245123,0.9739468063127199,0.9767737886159173,0.9369477911646586,0.9185291064491852,0.9185291963146428,0.9183982676214097
1195,0.002874103955179363,0.0111936999706962,,False,0.9817250727984738,0.9800159253618249,0.9744588390828172,0.977101165053613,0.9369477911646586,0.9185291064491852,0.9185291963146428,0.9183982676214097
1196,0.0028724810462214157,0.011193576357732545,,False,0.9817250727984738,0.9800159253618249,0.9744588390828172,0.977101165053613,0.9369477911646586,0.9185291064491852,0.9185291963146428,0.9183982676214097
1197,0.0028708741111759905,0.01119554268452108,,False,0.9817250727984738,0.9800159253618249,0.9744588390828172,0.977101165053613,0.9369477911646586,0.9185291064491852,0.9185291963146428,0.9183982676214097
1198,0.0028694113289928313,0.011193099247951272,,False,0.9818254844863942,0.9801084411076094,0.974549542030663,0.9771930735726344,0.9369477911646586,0.9185291064491852,0.9185291963146428,0.9183982676214097
1199,0.002867791443435414,0.011195635971429507,,False,0.9817250727984738,0.9800159253618249,0.9744588390828172,0.977101165053613,0.9369477911646586,0.9185291064491852,0.9185291963146428,0.9183982676214097
1200,0.0028664185232761606,0.011195581363741585,,False,0.9817250727984738,0.9800159253618249,0.9744588390828172,0.977101165053613,0.9369477911646586,0.9185291064491852,0.9185291963146428,0.9183982676214097
