epoch,mse,validation_mse,accuracy,converged,training_accuracy,training_macro_precision_present,training_macro_recall_present,training_macro_f1_present,validation_accuracy,validation_macro_precision_present,validation_macro_recall_present,validation_macro_f1_present
0,0.35800097040643447,0.3569165096047622,,False,0.051009137463600765,0.08730167765442216,0.06034084740948104,0.05489275873168008,0.04939759036144578,0.08117372788562041,0.05803942655621351,0.05130465944363588
1,0.08195184522090157,0.08328774684255383,,False,0.35927301937945577,0.2532913118625842,0.31972610009620644,0.2501417731526073,0.3582329317269076,0.23603338528705306,0.31544350588047826,0.2391415035903496
2,0.06938160705003442,0.07056006913258026,,False,0.44713324630987045,0.33212511161479136,0.39698318258728205,0.3084443524993251,0.44417670682730925,0.3197202812368887,0.3934482909750631,0.30065735229761076
3,0.06370852999253974,0.06487339123978496,,False,0.4935234461291294,0.4014847746619687,0.439415025252828,0.36012954583126966,0.4863453815261044,0.38319445841912064,0.4319659100602012,0.3468629390175914
4,0.05908151068098236,0.06036334063079453,,False,0.553167988753891,0.4734984926705115,0.49446720428822527,0.4352501942680216,0.5518072289156627,0.4678879001016781,0.49174539316353066,0.43257065231717634
5,0.05129415653547516,0.05275277506663745,,False,0.6473541520232955,0.5660077474793672,0.5823643864778673,0.5465360182852196,0.6401606425702812,0.5488335485056985,0.5749692217967562,0.5361533808184963
6,0.04218757504259553,0.04330252952717671,,False,0.7332061451953007,0.6810723229135495,0.6632715772719828,0.6392402736490023,0.7353413654618474,0.7015178656011964,0.6657676447570581,0.6445226078294406
7,0.0371616652595732,0.03831101659751765,,False,0.7720654684205241,0.7052509131615035,0.6992831454996576,0.6862886098610163,0.7710843373493976,0.7349727205956095,0.6990655363998511,0.687808246609234
8,0.03365492497279107,0.03493744815588987,,False,0.799779094286575,0.7401191340510755,0.7254249208472298,0.717262309538475,0.8,0.735834138742715,0.7259713668021495,0.7191779487229419
9,0.03093313508372898,0.032301606853928494,,False,0.8182548448639422,0.758275681134261,0.7424908360603761,0.7348909948022389,0.8164658634538152,0.7519289195020457,0.7412783112830081,0.7347045692633607
10,0.028928540988995582,0.030505405324782367,,False,0.8342203032432975,0.7724531936775629,0.7568417804561789,0.7498043045624163,0.827710843373494,0.7799721482172874,0.7533373889464192,0.7494779623096769
11,0.0272296414676149,0.02887837346103873,,False,0.8445627070991063,0.7772144172356351,0.7664049243237655,0.7590147289209351,0.8333333333333334,0.7840758276374815,0.7586110306390514,0.7543294614223032
12,0.025838979683179723,0.027571455842063414,,False,0.8519931720052214,0.7882269703940054,0.7734287030130611,0.7662061754414631,0.8429718875502008,0.8040747680103619,0.7676825028777879,0.7635969117724957
13,0.024739513282564584,0.026551166133195955,,False,0.8582186966562908,0.7994698974210688,0.7791651488401364,0.7719389949983299,0.8506024096385543,0.8661884570962188,0.7747211196265572,0.7705788911850961
14,0.02373442822365153,0.025702026788769088,,False,0.8648458680590421,0.8048399864715383,0.7853295674883971,0.7778301912652681,0.8518072289156626,0.8670079173549484,0.7759118170953467,0.771383434545691
15,0.022834450720502768,0.02485341950078142,,False,0.868862335575861,0.7992601569891099,0.7885557080409271,0.780604258237575,0.857429718875502,0.8717232296046826,0.782781614795367,0.7800524598218587
16,0.022075651727941643,0.024123310006955428,,False,0.8736820965960438,0.803471019266279,0.7929767122106375,0.7849089835008318,0.8642570281124498,0.8777466284038801,0.789007645905807,0.7861484941431497
17,0.02139506424439724,0.02356489297852995,,False,0.8789035043679084,0.8171273791935895,0.7978858917352656,0.7896010449847934,0.8658634538152611,0.8792659267931688,0.78896185907522,0.7841171197432028
18,0.020881372325364335,0.02308768468602574,,False,0.880911738126318,0.8189929678009176,0.799713439894314,0.7912200481376566,0.8678714859437751,0.8814695282459869,0.7891028612751483,0.7821908405590519
19,0.020263946091608212,0.0225321366080491,,False,0.8837232653880912,0.8400159281904767,0.8023108992314181,0.7940244533763254,0.8710843373493976,0.8841009119342353,0.7937409680912099,0.7890122441319899
20,0.019775109907386703,0.022115299155035413,,False,0.8880409679686716,0.8438625631067075,0.8063827964873626,0.7979400956492169,0.8746987951807229,0.8874442530208473,0.7971920644843732,0.7923289870239996
21,0.019320253580018387,0.021719737056093962,,False,0.8891454965357968,0.8448922877390697,0.8073849045812813,0.7989869625025479,0.8755020080321285,0.8881523829632421,0.797965923428699,0.7930915896125417
22,0.018947102484338924,0.021383595368458668,,False,0.8927603173009339,0.8481750969736669,0.811146076876179,0.8032231339896203,0.8763052208835341,0.8521864597458845,0.7987268036681733,0.7937917341325605
23,0.01854462763492306,0.021052484998866142,,False,0.8945677276835023,0.8682819536809038,0.8128206332763175,0.8048691872806902,0.8795180722891566,0.8550640923342271,0.8016850392093667,0.7967572362276968
24,0.01822443924468157,0.020706514582302576,,False,0.8944673159955819,0.8500206703913418,0.8127058717226217,0.8049176645788598,0.8795180722891566,0.836559453942529,0.7999836181945499,0.7932380389466959
25,0.017940091620460112,0.020454494074936703,,False,0.895772667938548,0.8514994935095974,0.8139185916250113,0.8062243626761408,0.8791164658634538,0.8362601756451921,0.7995998230003161,0.7928839188998396
26,0.017571711087608948,0.020146270124618858,,False,0.8985841952003213,0.8535760338070582,0.8169592000376926,0.8095437051335472,0.8823293172690763,0.8391192633854758,0.8025243750803231,0.7956685681621611
27,0.017308032463026323,0.019966893394705726,,False,0.9007932523345717,0.8554503268603361,0.819047302708861,0.8115074600957535,0.8831325301204819,0.8399349722945686,0.8033255169396486,0.7964127787126748
28,0.017018883395424966,0.01968022908105455,,False,0.9018977809016969,0.8565540207027385,0.8200427727384942,0.8125792108311191,0.8831325301204819,0.839813570181612,0.8033152157178205,0.7964337439241063
29,0.016775886548208555,0.019460341807458575,,False,0.9025002510292198,0.865013432664397,0.8210269603128544,0.8140673009291127,0.8859437751004016,0.842552674655434,0.805892856981195,0.7989989338327341
30,0.016564749193845634,0.01932999483095763,,False,0.9034039562205041,0.8718403053130199,0.8222937015430595,0.8158041769120579,0.8839357429718876,0.8407150020905767,0.804029214488276,0.7971320677729988
31,0.01630896235044981,0.019061290910142328,,False,0.9053117782909931,0.8781628480744281,0.8244595106725172,0.8185084473459402,0.8843373493975903,0.8408821499405703,0.8044087858714536,0.7975763569947776
32,0.016099707138989002,0.018959885971850537,,False,0.9053117782909931,0.8818265060740097,0.824923632720322,0.8193922267962379,0.8875502008032129,0.8440260274094262,0.8074344398869588,0.8005260579888726
33,0.015893142374796825,0.018748751742735596,,False,0.9072196003614821,0.8945829622095172,0.8270595401399249,0.8220317108191613,0.8879518072289156,0.8442179204183922,0.8076746470628172,0.8008169241440212
34,0.015690916638018568,0.018578041928602677,,False,0.9085249523044482,0.8957429676452053,0.8282619595725951,0.8232143513135034,0.8899598393574297,0.8460884414000611,0.8095631671370094,0.8026808676402687
35,0.015521737107484031,0.01843697541311692,,False,0.9092278341198916,0.8963451179780973,0.8288886864782403,0.8238318992523568,0.8891566265060241,0.8453788510400092,0.8088085466304658,0.8019366606944892
36,0.015338859640596968,0.018257152357523294,,False,0.9094286574957325,0.8986514220764392,0.8295023060684529,0.8249327257100606,0.8891566265060241,0.8454029419562716,0.808756977295214,0.8018905126448392
37,0.01519597024986651,0.01817927061710922,,False,0.9106335977507782,0.8996411614224074,0.830656940021093,0.8259759405352839,0.891566265060241,0.8477676019080329,0.8111011003365578,0.804160385719284
38,0.015010323174161667,0.018047214027818656,,False,0.9119389496937443,0.9039813607062528,0.8327005055283431,0.8289653905742652,0.8895582329317269,0.8457403078934369,0.8091579886444701,0.8022437860472252
39,0.01483574471718892,0.017860956320419747,,False,0.9119389496937443,0.9026521088906758,0.8322513016480736,0.8281491193845727,0.8919678714859438,0.8478302893814169,0.8113969123668042,0.8045471517869119
40,0.01467897071798238,0.017743324501197578,,False,0.9134451250125515,0.905282345489244,0.8340806919515573,0.8303458812968094,0.8927710843373494,0.8487859920659973,0.8121713769243967,0.8052595474853195
41,0.014549388572778524,0.0176486822383074,,False,0.9134451250125515,0.9055697525159174,0.8340821003184217,0.8304237490078684,0.8927710843373494,0.8485549179594858,0.8121310500231044,0.8052314020042846
42,0.014374090142804738,0.017503363700243,,False,0.9149513003313585,0.906750862002759,0.8354536758667659,0.8317448606632522,0.8939759036144578,0.8496779870213008,0.8132494858584605,0.8063243825952812
43,0.01424614661086015,0.0174475618658608,,False,0.9155537704588814,0.9071483644062357,0.8360228427195396,0.8322611738960477,0.8939759036144578,0.8497666549230923,0.8132811080168538,0.80629911243828
44,0.014101081503537689,0.01732701761617582,,False,0.9156541821468019,0.9073264585633041,0.8361079655207919,0.8323712062763056,0.8963855421686747,0.8519385069925535,0.8154987820138532,0.8085536084797085
45,0.013975999940461305,0.01722737573141882,,False,0.9161562405864042,0.9063088341138315,0.836145397225097,0.8319430369021035,0.8963855421686747,0.8518519725487623,0.8155051965149199,0.8084972718870107
46,0.013833139876008382,0.017107015380121892,,False,0.9174615925293704,0.9089719092112107,0.8377806614288044,0.8340371671871327,0.8955823293172691,0.8696879654037208,0.8164653706785613,0.8114434966959336
47,0.013727289023977782,0.017007507491943505,,False,0.9179636509689728,0.9107440872266515,0.8386533796778877,0.8354011441027892,0.8967871485943775,0.8706406859739085,0.8175543042013103,0.8125342449537033
48,0.013611269755024781,0.016937181775604767,,False,0.9183652977206547,0.911053703840816,0.8390090451529125,0.8357459413437982,0.8979919678714859,0.8717391912608414,0.8186626653581043,0.8136381204508983
49,0.013478808462688771,0.016818032448024885,,False,0.9191685912240185,0.9145599746495134,0.8410124839654007,0.8390358007211255,0.8979919678714859,0.8717991668299352,0.8187067873469211,0.8136590043687476
50,0.013380645834586901,0.01676182202927897,,False,0.9200722964153027,0.9145536811532597,0.8414244413995537,0.83900362800532,0.8987951807228916,0.8653564586266966,0.8211417727263279,0.8178925281702618
51,0.013290953780894324,0.016717544124188313,,False,0.9200722964153027,0.909953097265813,0.8418465967911705,0.8397648201804988,0.8971887550200803,0.853042513789392,0.8179197847075592,0.8128654248199888
52,0.013174799807927096,0.016602924988942676,,False,0.9208755899186666,0.9106560620378252,0.8425689269914783,0.8405087914651507,0.8995983935742972,0.8550763383363186,0.82017013607915,0.8151335371910815
53,0.01305177991718802,0.016556775678161075,,False,0.9220805301737122,0.9135630285793128,0.8445249610568099,0.8432627485103424,0.8991967871485944,0.8658946073548319,0.8214547199073862,0.8181672747719236
54,0.012951627399145994,0.016474498062247614,,False,0.9226830003012351,0.9156454359032309,0.8459046750038289,0.8454449421366905,0.9,0.8558036325374232,0.8221978007494015,0.8188917770091305
55,0.012865540226557847,0.01641259648110679,,False,0.9226830003012351,0.9174825355783428,0.8471764456808114,0.8478558401444387,0.9,0.8557070502914645,0.8222648392228074,0.8189715116674429
56,0.012745012331367538,0.01632199814501787,,False,0.9237875288683602,0.9178911030406547,0.8477353857254144,0.8480468554211033,0.9004016064257028,0.856102961744713,0.8225693929368029,0.8192808074372147
57,0.012674061677950045,0.016292479740570576,,False,0.9245908223717241,0.9148703722337019,0.8484729225289205,0.8487517714509449,0.8991967871485944,0.8440755638726594,0.8197456882955142,0.8147931905685035
58,0.01256425428502091,0.016226333480242477,,False,0.9253941158750879,0.9161843813642179,0.8496478257692632,0.8502570813565389,0.9008032128514056,0.8643114542888437,0.8246053628979181,0.8228693557380607
59,0.012465420033937163,0.016120741337676305,,False,0.9256953509388492,0.9144955323647659,0.8507597024838679,0.8520408374082853,0.8995983935742972,0.8632246971852794,0.8235250509673157,0.8217679015315321
60,0.012381350616440514,0.01608360741263426,,False,0.9262978210663722,0.9127276912093917,0.8517358134072753,0.8532939074120054,0.9008032128514056,0.8642815059255341,0.8245862305056462,0.8228548463727169
61,0.01228504851036097,0.0160174402400534,,False,0.926699467818054,0.9160165586622343,0.852101988260309,0.8537127759837969,0.9004016064257028,0.8639635719119876,0.824272010047608,0.8225572028062053
62,0.012206309186131295,0.01594635885314729,,False,0.9269002911938949,0.9179237714137817,0.8535351743509875,0.8561593329518167,0.9032128514056225,0.8664351960685681,0.8268334271972871,0.8250836073886446
63,0.01211588296890844,0.01590773871155529,,False,0.9276031730093383,0.9158273735289184,0.8541863058662152,0.856726989584522,0.9016064257028112,0.8650416634981763,0.8253344534760912,0.8236313110211807
64,0.012029040960948624,0.015902679049034318,,False,0.9279044080730997,0.9146766332319662,0.8553172064048813,0.8583781532257021,0.9020080321285141,0.8653618074876017,0.8257098288514666,0.8239752161721343
65,0.011942319114815705,0.015783515856375042,,False,0.9285068782006225,0.918243773681705,0.85628908064564,0.8597619255049872,0.9024096385542169,0.8657658994361839,0.8260781518309236,0.8243818458525907
66,0.011865504941203954,0.015752508911755652,,False,0.9293101717039863,0.9190069515455198,0.8570418318984995,0.860504875241645,0.9024096385542169,0.8581981409540578,0.8260781518309236,0.8243181610284674
67,0.01177672218331005,0.015708524807359323,,False,0.9292097600160659,0.9170055437199033,0.8573672316109067,0.8610321337734017,0.9024096385542169,0.8581496314090463,0.8260985396308641,0.8243132708908806
68,0.011692989928799769,0.0156358172462948,,False,0.9297118184556682,0.9179316637451367,0.8582521983292823,0.8622033086992569,0.9028112449799197,0.8660427449760342,0.8264510079084776,0.8247322398623661
69,0.01162125166456111,0.01562522723933196,,False,0.9304147002711115,0.9202817129757679,0.8605930164840597,0.8655953585959747,0.9024096385542169,0.8717030379987819,0.8277802455748717,0.8275099560581273
70,0.011532691755899518,0.015559734578745066,,False,0.9304147002711115,0.9206730582892109,0.8610063179438643,0.8662933509063919,0.9032128514056225,0.8724101834560816,0.8285086210772019,0.8282714454003316
71,0.011452191076270447,0.015511225754644772,,False,0.930715935334873,0.9194301787011478,0.8616968463472099,0.867157305043786,0.9028112449799197,0.8646749252068362,0.8281357649996478,0.8277842371324243
72,0.011375695830267579,0.01547429731675806,,False,0.9318204639019982,0.9218701070792985,0.8644036130912429,0.8707956103285891,0.9036144578313253,0.8702256352508827,0.8305662342459262,0.8314872738400169
73,0.011301282067366896,0.015424064156044855,,False,0.9325233457174416,0.9237427165719699,0.8667254328154723,0.8740009578717729,0.9040160642570281,0.8706661002185345,0.8309288832476123,0.8318612146641138
74,0.01122705856011063,0.015355227539261886,,False,0.9331258158449643,0.9248536918325129,0.868112680681368,0.8757928474660057,0.906425702811245,0.8801573991800251,0.8365112593745752,0.8397960585646931
75,0.011162608805301944,0.015326737009645148,,False,0.9330254041570438,0.9245683402031705,0.8675910775038898,0.8751013280274335,0.9068273092369478,0.8833527759996126,0.8385930265662456,0.8428987062247437
76,0.01106919025877271,0.015324081711413622,,False,0.9344311677879306,0.9255537903747751,0.871014450481445,0.8793089804850012,0.9060240963855422,0.8826956623179201,0.8378499542067145,0.8421234937580471
77,0.010996410212481732,0.015265489570183484,,False,0.9356361080429763,0.9251678539211873,0.8742244172722807,0.8831000150306352,0.9060240963855422,0.8800628557551031,0.8395500605021825,0.8444711691785589
78,0.010920162836818792,0.01521794546426752,,False,0.9363389898584196,0.9263451858851818,0.8757124977088456,0.8848893409849778,0.9072289156626506,0.8812312418284348,0.8406354110284275,0.845551718493893
79,0.010849333414684194,0.01514202422353731,,False,0.93643940154634,0.92686582162542,0.8766303493506932,0.8860917957336267,0.9076305220883534,0.8815595669637241,0.8410261271256166,0.8459721694981593
80,0.010773773579135303,0.015150932334580303,,False,0.9368410482980218,0.9284599402493314,0.8770218119350842,0.8865816027839846,0.9068273092369478,0.8782488136286154,0.8385777978597033,0.8425930422782151
81,0.010701947839660076,0.015068770408343056,,False,0.9378451651772266,0.9290300938146907,0.879613744757623,0.8895636955379492,0.9076305220883534,0.8818806032355101,0.8443765258806537,0.8505140548583294
82,0.010638945615668798,0.015016986549050735,,False,0.938146400240988,0.9322555003828019,0.8815900866949558,0.8922314747341255,0.9068273092369478,0.8810005857560596,0.8437197219498265,0.8498136799886562
83,0.010571246041607984,0.015042320320692415,,False,0.9391505171201928,0.9312213703295209,0.8858650722667823,0.8967727364417291,0.9072289156626506,0.8799070743976242,0.8457102881626606,0.8520918256064458
84,0.01049287101880956,0.014962123118249319,,False,0.9389496937443519,0.9304354622050847,0.8839639591406842,0.8946171943032364,0.9080321285140562,0.8807262686172296,0.8464585111331058,0.85289016219183
85,0.010408903059264996,0.014880246122942305,,False,0.9395521638718747,0.9324535344072993,0.8858122996899852,0.8968153410630373,0.9072289156626506,0.8799389245477774,0.8457676598920237,0.8522038252724952
86,0.010332336468890518,0.014836397028314352,,False,0.9400542223114771,0.9330594034260713,0.886685333241267,0.897766892799464,0.9076305220883534,0.8770939994483472,0.8461157095995347,0.852151927986487
87,0.010262980413159017,0.014825481033464276,,False,0.9416608093182046,0.9357982123920441,0.8923642828243632,0.9039696875534179,0.9076305220883534,0.8822832878686447,0.8511784006919039,0.8585621586542458
88,0.010188243776277826,0.014747936801398461,,False,0.9423636911336479,0.9355588260281635,0.8959328594651631,0.9074330134699449,0.9088353413654618,0.883413416668448,0.8522681613057672,0.8596916956456542
89,0.010118089931302027,0.014719828142239233,,False,0.9431669846370118,0.9379832921750287,0.896685371318973,0.9084894088906109,0.9080321285140562,0.8826898260375153,0.8515403261352624,0.8589393018950631
90,0.010046467070434916,0.014670801695850657,,False,0.9442715132041369,0.9390709756953254,0.8981367472494353,0.9099464990877811,0.9088353413654618,0.8848490170230241,0.8539720507892093,0.8617209019609189
91,0.00998702143970824,0.014594197395704497,,False,0.9436690430766141,0.9378010126584891,0.8979992203058522,0.9096740487192676,0.9092369477911647,0.8865158102666926,0.8560679117775091,0.8641113587697807
92,0.009929034148207134,0.014608907730756243,,False,0.9441711015162165,0.9406075358654706,0.8976155294392902,0.9097309371927369,0.9088353413654618,0.8861883157746057,0.8557059863341504,0.8637532731268429
93,0.00987763323853067,0.01453987442676716,,False,0.9443719248920575,0.9384411842557108,0.8986482559146478,0.9103264585883889,0.9096385542168675,0.8869138648685052,0.856452945414443,0.8645207117267675
94,0.009793485507803013,0.014523851879490679,,False,0.9458781002108645,0.9405374269614241,0.9029258903235213,0.914609032640239,0.9096385542168675,0.8869573362320067,0.8563712016013518,0.8644461289041846
95,0.009730622601144875,0.014467535152060798,,False,0.9453760417712622,0.9408237930675719,0.9025005655470003,0.9143256326620907,0.9100401606425703,0.8872968444955728,0.8567595437820283,0.8648327518484371
96,0.009657599400311396,0.014433621963642698,,False,0.9456772768350236,0.9382700851346999,0.9036077374152287,0.9147638862925371,0.9092369477911647,0.8892473726270206,0.8560405861096448,0.8645561101334057
97,0.009594196671509335,0.014352159284256689,,False,0.9463801586504669,0.9403040516277191,0.9037993287518512,0.9153170253718689,0.9108433734939759,0.8894806139736864,0.8557603812755157,0.8640236782685871
98,0.00953774201950366,0.014329967946886606,,False,0.9463801586504669,0.939620100024091,0.9042196513334753,0.9155421927370928,0.9116465863453815,0.8914542800068962,0.8582303622315224,0.8667809573989689
99,0.009497209219257922,0.01427330478123277,,False,0.9469826287779898,0.9409606192826744,0.904744787244982,0.9162710454448284,0.9112449799196787,0.889850478450437,0.8561536166705261,0.8644273468412401
100,0.009411090753102863,0.014242267724750797,,False,0.9474846872175922,0.9412180193801798,0.9077444897010236,0.9189302565957428,0.9120481927710843,0.8929904936920116,0.8602484636905183,0.8690766936932923
101,0.009353557665646751,0.014240967219196777,,False,0.9472838638417512,0.9416335266894083,0.9071613047937233,0.9185223301769925,0.9116465863453815,0.89258753307718,0.8599264185556089,0.868712211988456
102,0.009304201087319103,0.014181527278186104,,False,0.9475850989055126,0.9408932781884223,0.9091353779223993,0.9200213010159217,0.9124497991967871,0.8933001677891341,0.8606669800998029,0.8694707408760837
103,0.009233215390734587,0.014155446631836337,,False,0.948087157345115,0.9420275659472213,0.9095594444326698,0.9206327231384892,0.9112449799196787,0.892244584020136,0.8595459010518037,0.8683527509986002
104,0.009201804776891566,0.014117695260974597,,False,0.9485892157847173,0.9430569888080981,0.9091662951827223,0.9205084583011174,0.9120481927710843,0.8930027489755109,0.8602196645542038,0.8690576085867368
105,0.009155719544381047,0.014111912688481672,,False,0.9487900391605583,0.9419885684987646,0.9102044217287327,0.9211030132918994,0.91285140562249,0.8947534499684414,0.8627127537037853,0.8717118643015065
106,0.009086244645953232,0.014072262713617566,,False,0.9486896274726379,0.9426895147363241,0.9105310267263869,0.9215591215196766,0.9124497991967871,0.8922286991516059,0.858954936676567,0.8675143537060129
107,0.00902532122311615,0.014055191536884552,,False,0.9492920976001606,0.943039775685582,0.9136271602323992,0.9241584617955245,0.91285140562249,0.8947777428103567,0.8627513870870503,0.8717271548630792
108,0.00897710489299015,0.014032539904769032,,False,0.9490912742243197,0.9433522505696614,0.9125818052910952,0.923411112009663,0.9120481927710843,0.8918901000195771,0.8585726319157521,0.8671090210258511
109,0.008915280102322688,0.013968653031499965,,False,0.9491916859122402,0.9429628839069351,0.913517462952131,0.924062670693712,0.9120481927710843,0.8940843266657397,0.8620044195242738,0.8709923767001446
110,0.008859314725310808,0.01392121092694312,,False,0.9498945677276835,0.9442549686593138,0.9141662847112185,0.9248960648863105,0.9136546184738956,0.8955524652570614,0.8634360812236458,0.8724328907142199
111,0.008815647647039276,0.013893707567374736,,False,0.9495933326639221,0.9433313931469242,0.9138839889911287,0.9244341258282974,0.91285140562249,0.8948328973973925,0.8627513870870503,0.8717375574857211
112,0.008777007594508498,0.013865603799958496,,False,0.9507982729189678,0.9440428585828577,0.9162657125729292,0.9264505435311136,0.9140562248995984,0.8968634966010531,0.8655656430450782,0.8746954891623643
113,0.008723543431645884,0.01386229583171284,,False,0.9504970378552063,0.9437811801471272,0.9159743511861907,0.9261682526627077,0.9136546184738956,0.897484351954149,0.8668353034728473,0.8760693176955408
114,0.008673417843374604,0.013832389955055206,,False,0.9510995079827292,0.944482649790861,0.9173670431246728,0.9274243574801958,0.914859437751004,0.8985258896741224,0.867967313155042,0.8772046657648571
115,0.008632954597918163,0.013812904181530009,,False,0.9507982729189678,0.9447809195670326,0.9166659527607562,0.9269798038667033,0.9136546184738956,0.8945471404205014,0.8617021456787047,0.8705052777621433
116,0.008575795508286882,0.01378804961934031,,False,0.9511999196706497,0.9446658923407332,0.9178682935663143,0.9278574040916001,0.9140562248995984,0.8978504949537555,0.8671650100340078,0.8764041512122562
117,0.00853177841250305,0.01373420938582139,,False,0.951701978110252,0.9467997009721592,0.9170639065519681,0.927804038714341,0.914859437751004,0.8976410901008377,0.8661984213692997,0.875359911420719
118,0.008480882682372964,0.01370342477716945,,False,0.9523044482377748,0.946032597454302,0.9176268416375711,0.9279904752063725,0.914859437751004,0.8985541882727094,0.8679241636386484,0.8771648328538786
119,0.008449532330564233,0.013657673243212596,,False,0.9525052716136159,0.9457839656523969,0.9186494959975935,0.9287217571708126,0.9164658634538153,0.900859570198766,0.8711053751531933,0.8803927713528279
120,0.008395153048816174,0.01364387088937568,,False,0.9526056833015363,0.9465393546754124,0.9191564583994482,0.9293267252999894,0.9152610441767068,0.8989249043736955,0.8683064768819476,0.8775480999671557
121,0.008360812927450237,0.013625129528899159,,False,0.9526056833015363,0.9464975858830924,0.9187388951406645,0.9289899965662615,0.9156626506024096,0.8992962833909071,0.8686805883671702,0.8779376863431019
122,0.008314267649806339,0.013587890826975441,,False,0.9527060949894568,0.9462962118092884,0.9205147194719435,0.9302948003007891,0.9172690763052209,0.9015533529393246,0.8718197773566497,0.8811068201782748
123,0.008271307905085429,0.013560415220045608,,False,0.9533085651169796,0.9469484090341838,0.9214723309728308,0.9311965460077732,0.9172690763052209,0.9007647197021907,0.8700618162051028,0.8793378382465885
124,0.00824611092438961,0.013535995060761558,,False,0.9545135053720253,0.9482413289964156,0.9238620368935356,0.9333084745922616,0.9172690763052209,0.9000074571911723,0.8735993732333215,0.8823078973069151
125,0.008183178220579556,0.01352433012824432,,False,0.9537102118686616,0.947430225639338,0.9226907090279602,0.932228943011279,0.9176706827309237,0.9028307456540128,0.8738419024352316,0.8831507520910302
126,0.00815357252573303,0.013496076803641986,,False,0.9537102118686616,0.9483728878133293,0.921004309181914,0.9312307617054272,0.9188755020080321,0.9030891972662857,0.8732682026884118,0.8825822958622223
127,0.008101321232455355,0.013428045088825212,,False,0.9549151521237071,0.9492194377720842,0.9242159326166042,0.9338625346527694,0.9188755020080321,0.9014562629718191,0.8749644222631185,0.8837085374438892
128,0.008060117203292264,0.013418254735463242,,False,0.9547143287478662,0.9491564100332425,0.9248700328190655,0.9343337655290522,0.9188755020080321,0.9014718308148684,0.8749830143235651,0.8837058983558652
129,0.008031344186705001,0.013419691954491591,,False,0.9553167988753891,0.9490265281976029,0.9250076292588211,0.9343633704688368,0.9184738955823293,0.9034728627144128,0.8746189245419915,0.8839135473690286
130,0.007987373761373743,0.013372449708197762,,False,0.9553167988753891,0.9496876377712071,0.925421864919207,0.9348820920986763,0.9176706827309237,0.9027076179644341,0.8738533649187683,0.8831411516299733
131,0.007956736220635809,0.01333050775882471,,False,0.9554172105633095,0.9515118725955684,0.9250724805924979,0.935187380472293,0.9188755020080321,0.9029650573728117,0.8733240700960104,0.8826084179338971
132,0.007913650556246186,0.013333189468479903,,False,0.9553167988753891,0.9494209179968139,0.9271075093234187,0.9360215030221377,0.9196787148594378,0.9029574904074114,0.8774134835698434,0.886068177932308
133,0.007877894420658003,0.013319945189861035,,False,0.95551762225123,0.9489033535381916,0.9264360269547941,0.9353661345688388,0.9192771084337349,0.9025984418221492,0.8769974779758959,0.8856512614333868
134,0.007839599922284715,0.013272816028768918,,False,0.9565217391304348,0.9508825933166136,0.9269598200606709,0.9363321830675678,0.9196787148594378,0.9021692205617382,0.8756694957171702,0.8844124716100721
135,0.007795550631778626,0.013257698072566396,,False,0.9560196806908324,0.9504722223828106,0.9269012371890568,0.9361861282153419,0.9200803212851406,0.9056199765966709,0.8777444455386726,0.8869784552771898
136,0.007768889914629536,0.01326187168326962,,False,0.9558188573149915,0.9503439528485852,0.9271368279696195,0.9363194052343852,0.9196787148594378,0.9029775288351218,0.8773594034192546,0.8860324830867664
137,0.00772953760811939,0.013228926051696486,,False,0.9568229741941962,0.9519371603010386,0.9288996408128095,0.9380654284213441,0.9200803212851406,0.9056532872622469,0.8777322594968086,0.8869960970161269
138,0.007691464528014345,0.013195218229679721,,False,0.9570237975700372,0.9527090880157907,0.9290704302388405,0.938440094557389,0.9200803212851406,0.9056253647271615,0.8777322594968086,0.8869798151177661
139,0.007661473398203881,0.013192843342300318,,False,0.9569233858821167,0.9524792458801046,0.9281541184133802,0.9376969775068379,0.9204819277108434,0.9059628101523425,0.8781173016162267,0.8873540151718677
140,0.007642835647178483,0.013180945389225424,,False,0.9575258560096396,0.9532157857081986,0.9299618664982611,0.9392151628547687,0.9192771084337349,0.9042828262445656,0.8753042035028413,0.8846153927488936
141,0.007593281480808126,0.01313979602030175,,False,0.9578270910734009,0.9530396048532849,0.9310846251857777,0.9399500153589698,0.921285140562249,0.9051905601183383,0.8804819793142834,0.889047645043317
142,0.007559994082572897,0.013098429593622216,,False,0.9581283261371624,0.9537832014378999,0.9305134236943595,0.9397782032310192,0.9208835341365462,0.9047881316140418,0.8801721774263479,0.8887514955150908
143,0.007524463385990742,0.013099494325551454,,False,0.9582287378250829,0.9539713768314666,0.9314523316484,0.9405053138295965,0.921285140562249,0.9052275306116955,0.8804889171822072,0.8890825019162641
144,0.007508484762006139,0.013113281499825389,,False,0.9580279144492418,0.9537635047690007,0.9312741787818476,0.9403115891898938,0.921285140562249,0.9052234092927844,0.8805323156126967,0.889119561018259
145,0.007474401180342442,0.013050255197350763,,False,0.9589316196405262,0.954179787854448,0.9329470071939665,0.9415927369839251,0.9216867469879518,0.9054843466801352,0.8809249334948901,0.8895027830020319
146,0.007430488921537428,0.013027180769043563,,False,0.9593332663922081,0.9550990748777899,0.9333020075334902,0.9421448284385927,0.921285140562249,0.9044268283561036,0.878831477276417,0.8875164587772114
147,0.007392590232523971,0.013017180493659708,,False,0.9590320313284466,0.9548538363579113,0.9334559280465852,0.9421781710109269,0.9216867469879518,0.9055500978278721,0.8808878350374728,0.8894826908701783
148,0.007367755536844241,0.012969152329876188,,False,0.9593332663922081,0.9540624551426364,0.9337341236731773,0.942088573369044,0.9220883534136546,0.905886593525543,0.8812728771568908,0.8898661511215038
149,0.007332533079307163,0.012971488109817284,,False,0.9599357365197309,0.9562324660198299,0.934269422532626,0.943183335754079,0.9216867469879518,0.9055292044094282,0.8809025403771581,0.8894769592703045
150,0.007298758594273572,0.012959866128011586,,False,0.9596345014559695,0.9554079964723265,0.9339872964699129,0.9427192782440144,0.9216867469879518,0.9055374382393,0.8809000210793366,0.8894952953654821
151,0.00726948638317927,0.01293574745752946,,False,0.9598353248318104,0.9555828828546483,0.9341708047465036,0.9428981743597004,0.9220883534136546,0.9066621021300857,0.8829467036138657,0.8914131831132762
152,0.007238305618845567,0.012925779653661202,,False,0.9599357365197309,0.9563381314635284,0.9351148321353864,0.943809497065286,0.9216867469879518,0.9062530997771009,0.8825835227628385,0.8910326866553905
153,0.0072099088569158075,0.012903584486517157,,False,0.9599357365197309,0.9557186335435739,0.934682837516601,0.9432948482296281,0.9216867469879518,0.9062567792046432,0.8825835227628385,0.8910409388595729
154,0.007188066954287939,0.012934176831904568,,False,0.9603373832714128,0.9565873771554276,0.9346369740327037,0.9435448891851915,0.9220883534136546,0.9066854637893472,0.8829339857226605,0.8913798563527376
155,0.007148974703958231,0.012878761226192578,,False,0.9604377949593332,0.9566926289792188,0.93472976324655,0.9436427359240354,0.9216867469879518,0.9062926957790953,0.8825725921286431,0.8910313652225099
156,0.007125203959633529,0.012876992702864427,,False,0.9606386183351742,0.9569663850867616,0.9357508928658136,0.9444425738268127,0.9228915662650602,0.9073851049068904,0.8836758111570074,0.8921337334444286
157,0.007095170172659466,0.012851689236281832,,False,0.9607390300230947,0.9576142957651668,0.9358425048530743,0.944722873546893,0.9216867469879518,0.9063002852528508,0.8825559790341924,0.8910171588412847
158,0.00706928543179658,0.012834061554228098,,False,0.9607390300230947,0.9570108321608379,0.9354291188476189,0.9442303989874508,0.9228915662650602,0.9073335994220262,0.8836867417912028,0.8921320850358261
159,0.007035272811791535,0.012796417615259483,,False,0.9608394417110152,0.9566671698194374,0.936361644648658,0.9447521082625764,0.923293172690763,0.9084429615320874,0.8857321604355788,0.8940387882305796
160,0.007015439570939981,0.012794597446027537,,False,0.9610402650868561,0.9568550992858166,0.9365421415049346,0.9449342290621016,0.9220883534136546,0.9073410931765837,0.8846135922029167,0.8929029839120282
161,0.0069804888749166885,0.01275973422464156,,False,0.9610402650868561,0.9573905592680448,0.9365445120730046,0.9451203326685937,0.9224899598393574,0.9077014678943706,0.8850043167825898,0.8933071799225691
162,0.0069529646292081386,0.012753213502212132,,False,0.9609398533989356,0.9573302606707202,0.9368705236591364,0.945328933942392,0.9228915662650602,0.908030167406215,0.885371498882373,0.8936397131078265
163,0.006929410848445906,0.012733024267621035,,False,0.9615423235264585,0.9579406437699745,0.9378460228543815,0.9461895021860072,0.9224899598393574,0.907674850571436,0.8850068360804113,0.8932845353710515
164,0.006903764506002993,0.0127494599018695,,False,0.9616427352143789,0.957480523388893,0.9379364856634513,0.9460864276253519,0.9236947791164659,0.9088301977871307,0.8861203393656351,0.8944212600538037
165,0.006875178155886678,0.012742413144244003,,False,0.9622452053419018,0.9586880277953926,0.9397549288052688,0.9477194124523961,0.923293172690763,0.9084422605432212,0.8857507609785097,0.8940202814578245
166,0.006849738926534625,0.01272033275051506,,False,0.9624460287177428,0.9593688037239263,0.9395220571984344,0.9477981481868615,0.9228915662650602,0.9080342910010931,0.8853982842184117,0.8936620641298134
167,0.006838365125418506,0.012694851976844994,,False,0.9621447936539813,0.9590215907550879,0.938396769350461,0.946923068031409,0.923293172690763,0.908415769379528,0.8857550590508564,0.894044859675468
168,0.006795751488161353,0.012675487206969408,,False,0.9626468520935837,0.9590132643412917,0.9397015284032331,0.9477860430813466,0.9228915662650602,0.9080559049647378,0.8853796921579653,0.8936797685435847
169,0.006778392635115293,0.012654084354718336,,False,0.9625464404056632,0.9589619727369685,0.9400323450679315,0.9479916483128255,0.9244979919678715,0.9094519289132711,0.8868986253625477,0.8951534532932085
170,0.006742362390034339,0.012652076889139208,,False,0.9631489105331861,0.9600820101970283,0.9410120870497622,0.9490334984523456,0.9228915662650602,0.9080746458521283,0.8853618236558461,0.8936469987503739
171,0.006723553820553724,0.012666955317510803,,False,0.9631489105331861,0.9600618804669282,0.941018193775335,0.9490265646138517,0.923293172690763,0.9084037278927843,0.8857584224047607,0.8940078280494915
172,0.006691397125557514,0.012633557687532982,,False,0.9634501455969475,0.9603364512307908,0.9412947884314623,0.9493036277694983,0.9236947791164659,0.9087857941920932,0.8861337892976517,0.8943987245707626
173,0.006669204007691324,0.01260842076238031,,False,0.963349733909027,0.9597315744478111,0.9411982759237338,0.9490241005599184,0.9240963855421687,0.9091621346557122,0.8864957147410105,0.8947735426813852
174,0.0066455337226024105,0.012605214979352169,,False,0.9632493222211065,0.9596365874180476,0.9411013094565592,0.9489279572852902,0.9240963855421687,0.9091621346557122,0.8864957147410105,0.8947735426813852
175,0.006631033808279413,0.012578986991459958,,False,0.9629480871573451,0.9593758428770841,0.9408074680944777,0.9486482476534266,0.9236947791164659,0.9087822970957811,0.8861177165350266,0.8943817715086827
176,0.006605221473192682,0.012561498387093157,,False,0.9631489105331861,0.9595350715672816,0.9409972728869342,0.9488265671233516,0.9240963855421687,0.9091021976174551,0.8864989839489549,0.894770462998947
177,0.006572853046229062,0.012577743124575106,,False,0.9634501455969475,0.9598114198973308,0.9412785188887519,0.9491072584938097,0.9236947791164659,0.908805082674403,0.8861095232594344,0.894380017304639
178,0.006549930587960871,0.012571735544165366,,False,0.9636509689727885,0.9600050959498874,0.9414661883037723,0.9492975957270523,0.9244979919678715,0.9096056186413466,0.8868328422968104,0.8951128260718743
179,0.0065349757550610885,0.012578942150840888,,False,0.9641530274123908,0.960993847559729,0.9419418123537822,0.9499535364435077,0.9228915662650602,0.9081236753068568,0.8853606539116533,0.8936207247512306
180,0.006508541664958472,0.012563494219922415,,False,0.9636509689727885,0.9600057805913984,0.9414679469981176,0.9492973971562871,0.9236947791164659,0.9089049783219235,0.886084610843881,0.8943739640720906
181,0.006484035124437016,0.012516529649003162,,False,0.9634501455969475,0.9598190719305969,0.9412724121631791,0.9491054484410861,0.9236947791164659,0.9087954540381946,0.8861228586634565,0.8943871261256224
182,0.00645921628816415,0.01252975698349245,,False,0.9645546741640727,0.9603488754756877,0.9427247162545955,0.9502250557807059,0.9248995983935743,0.9099240228413181,0.8872324837104033,0.8954970584253004
183,0.006433614134163153,0.012496012023517978,,False,0.9642534391003112,0.9600330771509475,0.94202011354901,0.949656440403128,0.9253012048192771,0.9102532010117927,0.8876244636977452,0.8958874537319436
184,0.006414331553647369,0.012499683312067128,,False,0.9644542624761522,0.9607375466659112,0.9422182502161536,0.95003772751843,0.9240963855421687,0.909178259799303,0.8865033761672616,0.8947589291525249
185,0.006392628108167619,0.012490124545616117,,False,0.9642534391003112,0.9600806492888293,0.9424520308624028,0.9499559064241132,0.9240963855421687,0.909243081540559,0.8864676476455075,0.8947232049489592
186,0.006367621566372737,0.012464097121808985,,False,0.9646550858519932,0.9604399630985608,0.9428304141092946,0.9503257675856445,0.9244979919678715,0.9094385080984583,0.8868981019956907,0.8951305528168427
187,0.006344302817098659,0.012447416985034276,,False,0.9646550858519932,0.9604386745466259,0.9428304141092946,0.950326729737767,0.9253012048192771,0.9107954728947318,0.8893298266496377,0.8973493490406175
188,0.0063216696663408655,0.012431143419612725,,False,0.9649563209157546,0.9607176730134314,0.9431084109095926,0.9506045802797265,0.9253012048192771,0.9101953973135528,0.8876206889922553,0.8958713472932269
189,0.006298828448328882,0.012438912370142012,,False,0.9650567326036751,0.9613296493843193,0.9431976394651626,0.9508857096221577,0.9253012048192771,0.9102275446230819,0.8875862158781698,0.8958283901778026
190,0.006275636441654061,0.012409944629043743,,False,0.9651571442915955,0.9609564436111556,0.9437091197460197,0.951082521184975,0.9265060240963855,0.9119273730858729,0.8904086651117898,0.8984527296674298
191,0.006256224093601022,0.012397822181397558,,False,0.965257555979516,0.961045753254838,0.9438019379383853,0.9511760477018876,0.9265060240963855,0.9119103729617115,0.8904208511536537,0.8984631868299354
192,0.0062436275175035486,0.01240274375657893,,False,0.9653579676674365,0.9616806217329693,0.944317585696843,0.9517388515556028,0.9265060240963855,0.9118900278645796,0.8904330456780019,0.8984443964283138
193,0.006218791583139614,0.012421881931639542,,False,0.9655587910432775,0.9609039850140049,0.9449234440381168,0.9518336196712096,0.9253012048192771,0.9089178953423676,0.8892627796937475,0.8966951773585488
194,0.006196594485806408,0.012402867081334205,,False,0.9656592027311979,0.9620121460187568,0.9450184950171902,0.9523126061316495,0.9269076305220884,0.9122953366421575,0.8907306530415894,0.8987554460094722
195,0.006175663242490932,0.012379194208277097,,False,0.965257555979516,0.9610957109484638,0.9442179322931165,0.9514632942966921,0.9257028112449799,0.9107147598672682,0.8879016917438762,0.896195384106933
196,0.00615534361727116,0.012369205354069724,,False,0.9654583793553569,0.9612836759568769,0.9444068734464991,0.9516522679568477,0.9248995983935743,0.9106210214668516,0.8888598605897262,0.8969151544133024
197,0.0061290756373471485,0.012329419259429044,,False,0.9656592027311979,0.9619600517519962,0.9445789965859487,0.9520115320542791,0.9261044176706827,0.9121779208336602,0.8917424273937967,0.899549091446647
198,0.006110086156310347,0.012346782600763396,,False,0.9662616728587208,0.9625296315947889,0.9451531687616606,0.9525845563741806,0.9261044176706827,0.9116741889361708,0.8900039587507587,0.8980576916956677
199,0.006090394199718061,0.012321541092422554,,False,0.9664624962345617,0.962269419953135,0.9461671992999542,0.9531370041075884,0.9265060240963855,0.9131749008746883,0.8937707095768652,0.9012846869111646
200,0.006067434468695169,0.012296373161084877,,False,0.9663620845466412,0.9626118270707946,0.9452338367076053,0.9526672821421217,0.9261044176706827,0.9116063000982186,0.8900263518684906,0.8981037934731684
201,0.0060516147151748355,0.012309487957964774,,False,0.9665629079224822,0.9633081386854789,0.9454192934688344,0.9530416652450886,0.9261044176706827,0.9137648142688756,0.8900154212342952,0.8987269444959856
202,0.006031330326907981,0.012320793530806841,,False,0.9666633196104026,0.9629222430513339,0.94593225429074,0.9532266655697601,0.9273092369477912,0.9120516289492451,0.8944907857580926,0.9014036465217526
203,0.006011593924660236,0.012280362660327516,,False,0.9664624962345617,0.9627062602239653,0.945324242489761,0.9527596512474668,0.927710843373494,0.9142524516463004,0.8948520852061501,0.9024309260679144
204,0.005987090478050928,0.012273502180917304,,False,0.9669645546741641,0.9632304552706407,0.9466313065773461,0.9537874591953499,0.927710843373494,0.914251498691437,0.8949045149985538,0.902432975893777
205,0.005969125812399182,0.012271077488138216,,False,0.9672657897379255,0.9626538669533348,0.9481697151410989,0.9545353779497611,0.9273092369477912,0.9103135431852406,0.8945368095319137,0.9008292232832069
206,0.005961435951660782,0.012323518239053054,,False,0.967165378050005,0.9633801345083375,0.9463981986593551,0.9536867526933676,0.9261044176706827,0.9129765143964365,0.893400266751622,0.9009184240839243
207,0.005927739509443618,0.012250143074287971,,False,0.9670649663620845,0.9632801526443395,0.9463038999259408,0.9535925884669617,0.9273092369477912,0.9159142676490509,0.8945016043770165,0.9026683646668432
208,0.005907660367162963,0.012251961849040571,,False,0.9677678481775278,0.964037470633134,0.948217393116707,0.9550903433162193,0.9281124497991968,0.9146322131644415,0.8952659085925713,0.9027624142190537
209,0.005891643871158303,0.012241189168162183,,False,0.9675670248016869,0.9638412772477616,0.9480289714560277,0.9548954284037534,0.9289156626506024,0.9135005465143996,0.8960332639552884,0.9028974122129649
210,0.005872887045870957,0.012217432121392847,,False,0.967366201425846,0.9635963517698234,0.9469955798973844,0.9541513317609138,0.9281124497991968,0.9145930566928562,0.8952376413055979,0.9027638286662848
211,0.005869015010264179,0.012268588236959033,,False,0.9677678481775278,0.9641473505103028,0.9490470867574826,0.9556596097248286,0.9281124497991968,0.9128798692559583,0.8952136789916378,0.9021041547479253
212,0.005835518320990516,0.01218067344169528,,False,0.9680690832412893,0.9639059235072419,0.9493201778186643,0.9557325597525277,0.9281124497991968,0.9146162536074272,0.8952402641362064,0.9027942732951499
213,0.005816363753820128,0.012213792457021911,,False,0.9679686715533689,0.9643327219676432,0.9492424619085491,0.9558544820697943,0.9285140562248996,0.9150308066543857,0.895574872394185,0.9031314051864485
214,0.005795905568503271,0.012167476517611488,,False,0.9680690832412893,0.9643916234868344,0.9493236662288356,0.9559222595032336,0.9285140562248996,0.9131153572677468,0.8956400200777939,0.9025257967454401
215,0.005778072946669805,0.012209810100728937,,False,0.9684707299929712,0.9647743005773067,0.9496947945020882,0.9563001778343588,0.9281124497991968,0.9128529187356462,0.8952325848406439,0.9021177994791114
216,0.005761853760032243,0.012173022089912661,,False,0.9682699066171302,0.9645421507381884,0.949091853809078,0.95583257380911,0.9285140562248996,0.9150107943144382,0.8956181588094031,0.9031366762841699
217,0.005738526052970593,0.012146094009258396,,False,0.9685711416808916,0.9648510960410709,0.949791574266863,0.95638443846194,0.9293172690763052,0.9138913427155754,0.8963882515307233,0.9032670419736528
218,0.005722357717282822,0.012143903965463046,,False,0.9684707299929712,0.9647542737982313,0.9496977304230191,0.9562906193236618,0.9293172690763052,0.9111362355927957,0.8980498919458343,0.9034273995822026
219,0.005705410419401619,0.012126679862251894,,False,0.9685711416808916,0.9644200222991799,0.9502037830457327,0.9564768793121144,0.9293172690763052,0.9162914047620434,0.898010380236106,0.9052222436366206
220,0.005691124691844789,0.012175679441346099,,False,0.9685711416808916,0.9648675464347571,0.9497868796515867,0.9563914636237703,0.9281124497991968,0.912819026706092,0.8951948688704096,0.9020911169186654
221,0.005669740629286772,0.012143417463432041,,False,0.9684707299929712,0.9647722902649161,0.9496961767037408,0.9563000049976144,0.9293172690763052,0.9121894885467164,0.8963512591188163,0.9026388545296788
222,0.005648475209827955,0.012150140492956544,,False,0.9685711416808916,0.9648511374766005,0.9497868796515867,0.9563842132285445,0.9289156626506024,0.915429352803542,0.8959718909771693,0.9035019287547789
223,0.005639303713906568,0.012170194606898235,,False,0.9685711416808916,0.9648603663908628,0.9497913060796921,0.9563907619382194,0.9293172690763052,0.9146618547966072,0.8980411668209006,0.9045985724801243
224,0.005618531106377245,0.01214434666499114,,False,0.9688723767446531,0.9652134602898238,0.9509060745677326,0.9572198108084391,0.9293172690763052,0.9127824247802939,0.8980249795302808,0.9039987934845032
225,0.005602755521070405,0.01214430058759682,,False,0.9687719650567326,0.9650828016432121,0.9503940417976353,0.9568529983469133,0.9289156626506024,0.912490222980336,0.8976317441352705,0.9035992976127348
226,0.005582604313084668,0.012089110981599907,,False,0.9687719650567326,0.965483694217144,0.9495549589263074,0.9564741009088092,0.929718875502008,0.9166646490670048,0.898436197955405,0.9056224635982182
227,0.00557739379226124,0.012062180937602562,,False,0.9687719650567326,0.9650272597948413,0.9499718623204534,0.9565617538115104,0.9301204819277108,0.9140780236219022,0.9004670173056062,0.9060929655479641
228,0.005546307604220591,0.012083737848852288,,False,0.9689727884325735,0.9652938560408548,0.9509976865549932,0.9573051699382026,0.929718875502008,0.9149440730391921,0.8984112855398517,0.9049912064847566
229,0.0055345781290376305,0.012087601784535426,,False,0.969274023496335,0.965121596788167,0.9516987718718881,0.957663196417918,0.9301204819277108,0.9125781111249331,0.9004741553650004,0.9054457031753186
230,0.005512883055486988,0.012070564416772022,,False,0.969073200120494,0.9653905970555255,0.9510910572365991,0.9574011478864399,0.9305220883534137,0.9198747295736415,0.9008430101937984,0.9083560202012416
231,0.005503713310202629,0.012096486181175752,,False,0.969073200120494,0.965342360996905,0.9506694592271769,0.9571168764998146,0.9301204819277108,0.9153361373123864,0.8987553509635754,0.9053261214862778
232,0.005480779413346206,0.012044393536252522,,False,0.9691736118084145,0.9655167857900435,0.9516030900066964,0.9577648382928055,0.9301204819277108,0.9175779163501995,0.9004612372823249,0.9073452966318405
233,0.005467405184938517,0.012040594058131581,,False,0.9691736118084145,0.9655064108197574,0.9516031693336989,0.9577590236824309,0.9305220883534137,0.9161535676094962,0.9008475348094114,0.907090587545945
234,0.005460839886138857,0.012102654731964447,,False,0.9695752585600964,0.9654035786905992,0.9519653525601175,0.9579367667724701,0.9309236947791165,0.9139506272524203,0.9028815079352194,0.9074692904136978
235,0.005435253186628429,0.012019805792455492,,False,0.9693744351842555,0.9656911971070932,0.9517856892438724,0.9579424919903169,0.9317269076305221,0.9172618777556151,0.901976283766146,0.9081985199529612
236,0.00542266354587664,0.012033953016028831,,False,0.9694748468721759,0.9657887757947063,0.9518808979468262,0.9580407076623758,0.9305220883534137,0.914516436423109,0.9008874151178605,0.9064880270490954
237,0.005411193963067178,0.012046410040190185,,False,0.9698764936238579,0.966163658464033,0.9522453862080575,0.9584096167666912,0.9309236947791165,0.9148509525572828,0.9012307981543037,0.906798586026202
238,0.005389062105264507,0.012022107119684817,,False,0.9696756702480168,0.9659391837565532,0.9516381447350065,0.9579481499744831,0.9309236947791165,0.9183139675071585,0.9011942230637435,0.9080754975599046
239,0.005374301035166944,0.012000369098088317,,False,0.9699769053117783,0.9662898822854535,0.9527625867556687,0.9587742037060616,0.9313253012048193,0.9152120458215234,0.9015952344129996,0.9071913371156215
240,0.005366436991021113,0.012034478608331605,,False,0.9699769053117783,0.9667526233159462,0.9523404362570064,0.9587031213780077,0.9305220883534137,0.9168046393815446,0.9024926826278272,0.9083622220664349
241,0.005345737181164996,0.012011583711981848,,False,0.9702781403755397,0.9666098300904999,0.953458424968047,0.9593275663796429,0.9309236947791165,0.9139393180134522,0.9029058800189471,0.9074998884970599
242,0.005331085207393789,0.011995559241958715,,False,0.9700773169996988,0.9667994401649833,0.9520073176453882,0.9585074681397074,0.9317269076305221,0.919096678788924,0.9019327792901461,0.9088265832142969
243,0.005313198547443689,0.011992726984802218,,False,0.9701777286876192,0.9664317898204869,0.9525217499620747,0.9586831990502552,0.9309236947791165,0.9165832342760893,0.9012424111757797,0.9074705473030377
244,0.00529961846737613,0.01197902640676857,,False,0.9701777286876192,0.966390155500728,0.9520959937117178,0.9584004949249757,0.9305220883534137,0.9161556969697168,0.9008162248577596,0.9070690432138862
245,0.00528542278283647,0.01195555033312448,,False,0.9702781403755397,0.966590253231456,0.953444404334322,0.9593116621080505,0.9301204819277108,0.9158130011926084,0.9004785654526185,0.9067146578273557
246,0.005274026376826601,0.011949510677023678,,False,0.9702781403755397,0.9665974419846398,0.9534560254214577,0.9593176593349649,0.9305220883534137,0.9167277466580117,0.9025361786213428,0.9083909341977693
247,0.005257291321315781,0.011960305956378776,,False,0.9705793754393012,0.9668332625761786,0.9533038646941934,0.9593158774487959,0.9317269076305221,0.9178463159793311,0.9036728804220578,0.9095128676849148
248,0.005242029819413786,0.011942110761387369,,False,0.9704789637513807,0.9667811137452296,0.9536333775541171,0.9594993339283238,0.9313253012048193,0.9174530454001457,0.9032734794400769,0.9091385343306079
249,0.005228827799914311,0.011949626037485974,,False,0.9703785520634601,0.9666902190330442,0.9535395337102732,0.9594069528691028,0.9305220883534137,0.9167359514562557,0.902523992579479,0.9083845432362513
250,0.005216076273698513,0.011939641766431242,,False,0.9705793754393012,0.966877831702928,0.9537285069300684,0.9595969909568931,0.9317269076305221,0.916154009731946,0.903639397649707,0.9088613990986517
251,0.0052019382180321806,0.011936257419518858,,False,0.9706797871272216,0.9674428702278861,0.9538217992147965,0.9598789099830262,0.9305220883534137,0.9151422961895184,0.9025589488202801,0.907782217366107
252,0.005186420547243202,0.011930141122340518,,False,0.9704789637513807,0.9667838071438847,0.9536333775541171,0.9594998025195456,0.9317269076305221,0.9178410520556487,0.9036284670155117,0.9094962723458073
253,0.005176429949445357,0.011896973995036848,,False,0.9707801988151421,0.9675387603591964,0.9539151698964025,0.9599716901123413,0.9321285140562249,0.9165095414966089,0.9040122537272612,0.9092393522179765
254,0.005161841500699317,0.011934987551158256,,False,0.9708806105030625,0.9681257769266636,0.9540095662294866,0.9602619520374509,0.9301204819277108,0.9131808737128255,0.902141687818664,0.9067489648407618
255,0.005151595921240318,0.011951928900877568,,False,0.9710814338789036,0.9687999155097542,0.9541882038942534,0.9606386097654122,0.9305220883534137,0.9168860926426713,0.9025358321442207,0.9084072765029991
256,0.005134363426965822,0.011914901390309306,,False,0.9706797871272216,0.9684010002409487,0.9534032164533076,0.9599977352017098,0.9317269076305221,0.9178519780317137,0.9036259477176903,0.9094960523503798
257,0.005120296981045444,0.011894332549557941,,False,0.9705793754393012,0.9678055825728422,0.9533098457717016,0.9597065600530144,0.9313253012048193,0.9174930351900143,0.9032518362324677,0.9091261026370563
258,0.0051096155946463075,0.011911412387568428,,False,0.970981022190983,0.968678515503751,0.9536748855920487,0.9602709876338101,0.9313253012048193,0.9192541672499145,0.9032383863004512,0.9097710033197645
259,0.005097176919475421,0.011887144531357637,,False,0.9707801988151421,0.9675015764289492,0.953495774765044,0.9596972670412691,0.9305220883534137,0.9150915913078583,0.9025145354137337,0.9077624533465376
260,0.005083059075313485,0.011887318978752805,,False,0.9707801988151421,0.9680260027293764,0.9539199438386812,0.9601692568335234,0.9309236947791165,0.9154570510596698,0.9028899107891092,0.9081253650308044
261,0.005069567026015407,0.011873551960987772,,False,0.970981022190983,0.9676954230845366,0.9536791070450872,0.9598882924584005,0.9309236947791165,0.9154680231650024,0.9028899107891092,0.9081325778260957
262,0.00505834583494604,0.01189756850492908,,False,0.9712822572547445,0.9689455578711813,0.9539562047720962,0.9605456384631945,0.9309236947791165,0.9154913067168509,0.9028886468989563,0.9081351608764945
263,0.005044440550744492,0.011869544423912418,,False,0.9708806105030625,0.9685780453884862,0.9535898794196416,0.9601801028823603,0.9313253012048193,0.9175229902448839,0.9032518362324677,0.9091216375043675
264,0.005038114863656502,0.011888126059036346,,False,0.9715834923185058,0.9692587758717924,0.9546480897186069,0.9610963725087953,0.9305220883534137,0.9186482453370591,0.9025358321442207,0.9090574336850836
265,0.0050264972106945,0.011881131079268917,,False,0.9715834923185058,0.9688478288511377,0.9559156597861556,0.9617070648571217,0.9305220883534137,0.9093601147343118,0.9025736541599652,0.9054349616587208
266,0.005007044277483772,0.01185345400197456,,False,0.9712822572547445,0.9679989405260793,0.9543800346381016,0.9604320681165454,0.9301204819277108,0.9116698498629451,0.9021860927427259,0.9061962184635015
267,0.0050013454235366675,0.011827615212865579,,False,0.9713826689426649,0.9680920809340243,0.9544658379956039,0.9605234767213575,0.9317269076305221,0.9178563387274797,0.9036124977856738,0.9095024206243641
268,0.004983171337842262,0.011846295106397713,,False,0.9712822572547445,0.9689791243852875,0.9543748668605875,0.9608194317513925,0.9301204819277108,0.9147514400951253,0.9021848288525732,0.9074211901425573
269,0.004972782029698455,0.011867337857060171,,False,0.9716839040064263,0.9693236259188827,0.9543091865366454,0.960907636330545,0.9305220883534137,0.9135862706619267,0.9025023493718698,0.9071418868659167
270,0.0049593623314670475,0.011846614942806461,,False,0.9714830806305854,0.9681864316640887,0.9545614405337931,0.9606153400774736,0.9301204819277108,0.911749689193662,0.9021726428107092,0.9062092353988564
271,0.0049500088848600885,0.011847724385029897,,False,0.9714830806305854,0.9691321053047999,0.954131834403986,0.9607234442807591,0.9301204819277108,0.911749689193662,0.9021726428107092,0.9062092353988564
272,0.004935602512341981,0.011846653731052023,,False,0.9716839040064263,0.9684055215382372,0.9551558999441805,0.9610657032586525,0.9301204819277108,0.9117049079920962,0.9021726428107092,0.9062059471771734
273,0.004924457149018838,0.011829246806864611,,False,0.9718847273822673,0.9686222615103554,0.9557613033958838,0.9615203026083147,0.9305220883534137,0.9135567530217741,0.9025467542959318,0.9071796922048585
274,0.004913572942184473,0.011852697590346939,,False,0.9718847273822673,0.9691061976034349,0.9557503593545681,0.9617084458981078,0.9301204819277108,0.911749689193662,0.9021726428107092,0.9062092353988564
275,0.004903541746350576,0.011824560853601304,,False,0.9721859624460287,0.9689242568005807,0.9564444388726011,0.9620530646447575,0.9305220883534137,0.9120845201184158,0.9025723902698126,0.906587720226336
276,0.004893272906423705,0.01181098997708622,,False,0.9721859624460287,0.9694098790912729,0.9564444388726011,0.962251721877484,0.9313253012048193,0.9127593811712357,0.9032627583841789,0.9073104461458877
277,0.0048815684122306925,0.011844431250232093,,False,0.9720855507581082,0.9697928914543854,0.9563505950287572,0.9623490228277151,0.9301204819277108,0.9116842279976967,0.902152609970375,0.906172738560274
278,0.004868763885033241,0.01181363784236003,,False,0.9721859624460287,0.9689237354204098,0.9564444388726011,0.9620521847716711,0.9301204819277108,0.9103105255293463,0.9021982787845899,0.9056298151356975
279,0.004856929362206935,0.01179199779680117,,False,0.9722863741339491,0.9694959610116081,0.9565351418204467,0.9623390147339739,0.9305220883534137,0.9150653958274254,0.9025214732816575,0.9077583853728599
280,0.004847509343861144,0.011787813673832482,,False,0.9720855507581082,0.9693106483234342,0.9563461686006516,0.9621526891844331,0.929718875502008,0.9127770071645038,0.9018420273190022,0.9064506407970485
281,0.004836395643531591,0.011795498776586462,,False,0.9720855507581082,0.9693133579831267,0.9563526219102731,0.9621567528347134,0.9301204819277108,0.9147124099655812,0.902203952762361,0.9074288173613552
282,0.004823496289073407,0.011793827037820465,,False,0.9720855507581082,0.9693246425485269,0.9563526219102731,0.9621628043759585,0.9293172690763052,0.9094738576468827,0.9014235109097175,0.9048628228145775
283,0.004812168085595399,0.011798236570085515,,False,0.9721859624460287,0.9694171742840901,0.9564412979766028,0.9622540028086709,0.9289156626506024,0.9092273413027132,0.9010759358464379,0.9045172651654796
284,0.004802505980466654,0.011803103048711572,,False,0.9723867858218697,0.9696013008465426,0.9566258447682926,0.9624381144861877,0.929718875502008,0.9114027090892167,0.9017997867331551,0.9058379198638965
285,0.004794245707894171,0.011790024356181688,,False,0.9721859624460287,0.9694163437223396,0.956443324858119,0.9622530026640693,0.9293172690763052,0.9095436431602852,0.9014356969515815,0.9048838187784936
286,0.004784164088302206,0.01176298777008027,,False,0.9723867858218697,0.9695870118650807,0.9566284341051747,0.9624329960399428,0.9313253012048193,0.9157737499758726,0.9032562548025703,0.9084998575881128
287,0.0047731032044681715,0.011799576518443683,,False,0.9724871975097902,0.9696969657604539,0.9567145208346223,0.9625288085218252,0.9309236947791165,0.9171671319230875,0.9028642748152286,0.908741519892566
288,0.004760490652927478,0.011777616229450647,,False,0.9722863741339491,0.9695130417673588,0.9565320009244487,0.9623464030679697,0.9301204819277108,0.9147632092589516,0.902179580678633,0.9074184203696591
289,0.004748490463904222,0.011772703486461613,,False,0.9723867858218697,0.9695922695383332,0.9566258447682926,0.9624322859882781,0.9305220883534137,0.9120649708439372,0.9025454988882634,0.9065587618020248
290,0.0047383187791969145,0.011767447546499622,,False,0.9723867858218697,0.9696040182880125,0.9566258447682926,0.9624395687895309,0.929718875502008,0.9128492045276959,0.9018298412771384,0.9064615715008357
291,0.00473410773130006,0.01173947565549796,,False,0.9723867858218697,0.9695881535070511,0.9566285125020527,0.9624325070488003,0.9305220883534137,0.9134673003861704,0.9025902587719317,0.9071857102707656
292,0.00472034198754032,0.01177708407167918,,False,0.9723867858218697,0.9695912323929602,0.9566258447682926,0.9624308916788552,0.9305220883534137,0.9151805331562668,0.9025223822122039,0.9077546430378214
293,0.0047086608864748,0.011749926956109184,,False,0.9724871975097902,0.9696968455500234,0.9567191370530206,0.9625330769875349,0.9301204819277108,0.9147496691704818,0.9021726428107092,0.9074007711039235
294,0.004698108488483233,0.011736264294550198,,False,0.9724871975097902,0.9696988144556171,0.9567186638907828,0.9625343535540909,0.9293172690763052,0.9109086417923916,0.9014532104940945,0.9054757184575316
295,0.004689729604003352,0.011766575983567725,,False,0.9726880208856311,0.9698736597336998,0.956906352508595,0.9627165407690149,0.9301204819277108,0.9116764975948727,0.9021379046306897,0.9061717632666308
296,0.0046779034434146815,0.011757961122196044,,False,0.9726880208856311,0.9698797509402282,0.9569059577432351,0.9627190836438161,0.9293172690763052,0.9124350401749179,0.9014353419919752,0.9060592841874264
297,0.004668446554996534,0.011771240268836667,,False,0.9725876091977106,0.9697900310115612,0.9568125086647511,0.962628427088569,0.9289156626506024,0.9121342838882478,0.9010612305067526,0.905686059760699
298,0.004657971182598031,0.011722059105549609,,False,0.972888844261472,0.9700915810624031,0.9575112827980603,0.9631699105170805,0.929718875502008,0.9112427010213062,0.901782917055255,0.9058107769373885
299,0.0046489697873035255,0.011738148349972263,,False,0.9724871975097902,0.9696897826451073,0.956719294776901,0.962528855018742,0.9293172690763052,0.9109277772183262,0.901466660426111,0.9054686877379265
300,0.004637533410343343,0.011740521970636013,,False,0.9729892559493926,0.9701883666317817,0.9576051266419042,0.9632651701144019,0.929718875502008,0.9113831415143099,0.9018107173673504,0.9058317988423021
301,0.004630481399322346,0.011719543319550897,,False,0.9729892559493926,0.9701884159427174,0.9576046534796663,0.9632644861770587,0.929718875502008,0.9112774264968309,0.9018285773869855,0.9058702702087269
302,0.004620322388415937,0.011754529761784408,,False,0.9727884325735515,0.9699673598378725,0.956999723190201,0.9628092648723838,0.9293172690763052,0.9110119338402435,0.901436605882128,0.9054525506078607
303,0.004608645747185892,0.011712231375408137,,False,0.9729892559493926,0.9701870512862468,0.9576046534796663,0.9632642627941497,0.9293172690763052,0.9109596874054993,0.9014557297919157,0.9054696737967194
304,0.004598707361620239,0.011735828565776084,,False,0.973089667637313,0.9702755054821757,0.9576958295897501,0.9633525796841036,0.9285140562248996,0.9117364975313578,0.9007062429313177,0.9053273388283364
305,0.004589107655334571,0.011725151579267235,,False,0.972888844261472,0.9700923926077984,0.9575112827980603,0.9631695521876148,0.9293172690763052,0.9109730133292935,0.9014544743842473,0.9054715969114466
306,0.004586350002549914,0.011758762051101877,,False,0.9731900793252335,0.9703690723262652,0.9577882912319411,0.9634458231527598,0.9293172690763052,0.9125175947712637,0.9014231559501114,0.9060566154691733
307,0.004577545483544411,0.011681402411562727,,False,0.973089667637313,0.9702786796362078,0.9576953564275121,0.9633546544335894,0.9317269076305221,0.9145655761699967,0.9036522190736994,0.9083116102052888
308,0.004560432270906291,0.011722698684587338,,False,0.9731900793252335,0.9703705254491726,0.9577892002713561,0.9634468584373086,0.929718875502008,0.911330003229454,0.9017841809454078,0.9058089565260895
309,0.004553655996142058,0.011751240544279357,,False,0.9733909027010744,0.9700838003497481,0.9579767912894983,0.9634400423448974,0.929718875502008,0.9114005590130441,0.901809461959682,0.9058341421870758
310,0.0045432535534707325,0.011717265632307794,,False,0.9734913143889948,0.9706480401839723,0.9580637086614827,0.9637240034444228,0.9301204819277108,0.9138205829941403,0.9038658112382536,0.908087849667718
311,0.004533278672535317,0.011710530282989753,,False,0.9733909027010744,0.9701116508691793,0.9583932215214066,0.9637007642104953,0.929718875502008,0.9119969367331046,0.9034916997530309,0.9070888394958048
312,0.004525216720726374,0.011673870186845396,,False,0.9732904910131539,0.9704908154374716,0.9582980921454554,0.9638020341918173,0.9305220883534137,0.9126704712674694,0.9042590466332638,0.9078837443539732
313,0.004516327778222224,0.011716003358857694,,False,0.9734913143889948,0.9706481650961059,0.9580592822333772,0.9637216404915557,0.929718875502008,0.9134640522761612,0.9034916997530309,0.9077041213366681
314,0.004507750646035978,0.011710684013207946,,False,0.9736921377648359,0.970356066232498,0.9582430876756582,0.9637100636768943,0.9305220883534137,0.9142017428003117,0.9042277366816123,0.9084585157127901
315,0.004502116983427086,0.011657610680079429,,False,0.9736921377648359,0.9708621347536995,0.9586711399248267,0.9641747197144712,0.9305220883534137,0.9140950653671217,0.9042590466332638,0.9084859813786308
316,0.004486491464393978,0.011687529219618078,,False,0.9737925494527563,0.9704821439948199,0.9587551997727579,0.9640674298678652,0.9301204819277108,0.9137512653393508,0.9038405302239791,0.9080626000503279
317,0.004477675889506764,0.011693622216515326,,False,0.9738929611406768,0.9705748858015243,0.9588503291487093,0.9641612431672308,0.9301204819277108,0.9138069326980348,0.9038658112382536,0.9080747259477966
318,0.004469022924633406,0.011674807586545731,,False,0.9737925494527563,0.970482386170785,0.9587551997727579,0.9640687367277526,0.9301204819277108,0.9138069326980348,0.9038658112382536,0.9080747259477966
319,0.004465865125420129,0.011636019999102668,,False,0.9738929611406768,0.9710444436388455,0.958848492057486,0.9643551514988771,0.9309236947791165,0.9130044472451727,0.9046331581184864,0.9082664158313821
320,0.004450760891804407,0.011671004656440803,,False,0.9738929611406768,0.9705825826509749,0.958848492057486,0.9641648037335921,0.9309236947791165,0.9130846205025109,0.9046165619890042,0.9082023356193327
321,0.004442902272354408,0.011668376011801531,,False,0.9739933728285972,0.9706727958710513,0.9589423359013298,0.9642555643204551,0.9313253012048193,0.9126534495980734,0.9066741751577285,0.9092053649589794
322,0.004436738173592272,0.011704451565582422,,False,0.9738929611406768,0.9705763816303781,0.9588515353538143,0.9641625955999247,0.9305220883534137,0.9142066002364742,0.9042290005717651,0.9084303595611846
323,0.004425783181151508,0.011692364978821104,,False,0.9739933728285972,0.9706702854418668,0.9589454585246605,0.9642576866740629,0.9305220883534137,0.9142066002364742,0.9042290005717651,0.9084303595611846
324,0.004415742183233181,0.011672291389141705,,False,0.9742946078923587,0.9709579480349786,0.9592258869379605,0.9645401076899195,0.9305220883534137,0.9127143032782149,0.904241186613629,0.9078354595115548
325,0.004405981723952977,0.011659120471812275,,False,0.9739933728285972,0.9706869297897749,0.9589441729925531,0.9642630761242698,0.9309236947791165,0.9131042928504459,0.9046031120569875,0.9082108284252602
326,0.004397555281388483,0.011654107025006454,,False,0.9740937845165177,0.9707787613298196,0.9590369921150432,0.9643593227018216,0.9305220883534137,0.9141880925042063,0.9042277366816123,0.9084453919928688
327,0.00438840233791502,0.011667601927353204,,False,0.9742946078923587,0.970954482860982,0.959221538906733,0.9645378221407603,0.9309236947791165,0.9131042928504459,0.9046031120569875,0.9082108284252602
328,0.00437935826852513,0.011653722964313263,,False,0.9743950195802792,0.9710474232922842,0.959314831191461,0.9646312094148937,0.9301204819277108,0.9123242989313501,0.9038861990381941,0.9074807715867984
329,0.004375610726372688,0.011629376793539767,,False,0.9743950195802792,0.971067338281331,0.9597361610137125,0.9648884620378776,0.9313253012048193,0.9125559407063069,0.9066451109554803,0.9092025681817079
330,0.00436350350380386,0.011655602698623957,,False,0.9744954312681996,0.9711387273508186,0.9594112460995198,0.9647248554739496,0.9301204819277108,0.9123513057197434,0.9038658112382536,0.9074719913195837
331,0.004355261490991116,0.011663539422283051,,False,0.9745958429561201,0.9707709355622716,0.9595050899433636,0.964624095913268,0.9309236947791165,0.9130846205025109,0.9046165619890042,0.9082023356193327
332,0.004348628497139564,0.011654581623383925,,False,0.9744954312681996,0.9711368250113913,0.9594112460995198,0.9647225877209511,0.9305220883534137,0.9126515215942508,0.9042159055993546,0.9078142903035431
333,0.0043404434216588175,0.011606705319436108,,False,0.9742946078923587,0.9709499805506598,0.9592209873476172,0.9645348994826342,0.9317269076305221,0.9142585342240026,0.9070217417385241,0.9101766518339878
334,0.0043301563914643956,0.011639115875281675,,False,0.9744954312681996,0.9711467842824736,0.9594112460995198,0.9647294281521049,0.9309236947791165,0.9145421869371434,0.9046031120569875,0.9088099361914124
335,0.004320437867102017,0.011615104420126176,,False,0.9746962546440405,0.9713512224186738,0.9600171227134608,0.9651695585117402,0.9321285140562249,0.9146740774099378,0.9073849310720354,0.9105308600063342
336,0.004312552036796805,0.011613672334741618,,False,0.9743950195802792,0.971074507434934,0.9597330201177144,0.9648901717164247,0.9321285140562249,0.9146740774099378,0.9073849310720354,0.9105308600063342
337,0.0043031136054540444,0.0116212896307061,,False,0.974796666331961,0.9714493396227374,0.9601122520894122,0.9652655694000664,0.9309236947791165,0.9116992460273519,0.9046165619890042,0.907623079993142
338,0.004295884250707845,0.01160575053561075,,False,0.9746962546440405,0.9713558218764626,0.9600171227134608,0.965171219859501,0.9309236947791165,0.9116927125656696,0.9046152980988516,0.9076432649276283
339,0.0042872982392723495,0.011626469766693275,,False,0.9744954312681996,0.9711382126511984,0.9594112460995198,0.964724282152545,0.9313253012048193,0.9149150636560501,0.904978487432363,0.9091780555835071
340,0.004286473115215008,0.011669339635529134,,False,0.974796666331961,0.9714283065104686,0.9596909222671608,0.9650068106826202,0.9301204819277108,0.9123938634516677,0.9038548890865425,0.9074526897615591
341,0.00427015081419548,0.011616946877920024,,False,0.9746962546440405,0.971355846635378,0.9600139818174629,0.965170046339103,0.9309236947791165,0.9117189183752868,0.9046031120569875,0.9076315727990695
342,0.0042634985551566655,0.011607541075748422,,False,0.9746962546440405,0.9713548502717487,0.9600126962853555,0.9651691513748004,0.9321285140562249,0.9156162042315094,0.9057267104028082,0.9099466353791293
343,0.00425680589948768,0.01162855374518417,,False,0.974796666331961,0.9714545666779336,0.9601091111934141,0.9652655479753748,0.9313253012048193,0.9120540917247975,0.9049353379159695,0.9079643444096475
344,0.0042467356165948895,0.011609771584731568,,False,0.9746962546440405,0.9713587170644453,0.9600139818174629,0.9651701844296782,0.9317269076305221,0.9152735933242001,0.9053525989175856,0.9095616307370553
345,0.004237855896044316,0.011607220025922337,,False,0.974796666331961,0.9714483295195241,0.9601078256613067,0.9652619173648076,0.9321285140562249,0.9120948840921622,0.9074114759764628,0.9093708163566926
346,0.004230476230779961,0.011594844987233632,,False,0.9746962546440405,0.971357109485508,0.9600139818174629,0.9651688104822314,0.9317269076305221,0.9124305195080191,0.9053525989175856,0.9083797193807841
347,0.004223322575963148,0.011576905194218598,,False,0.974796666331961,0.9709813520890438,0.9601078256613067,0.965064750295242,0.9321285140562249,0.913273963890128,0.9073919749854696,0.9099381006658054
348,0.004215709355876408,0.011596688425899178,,False,0.9748970780198816,0.9720101050948475,0.9602017488321528,0.9655483367272283,0.9329317269076305,0.9183405510579793,0.9081170812798557,0.9125089372263113
349,0.004208565344459589,0.011588789795340901,,False,0.9748970780198816,0.9715401509249308,0.960202955037258,0.9653542649142525,0.9329317269076305,0.9140595700380333,0.9081274800647097,0.9106722104346683
350,0.004201929378931183,0.011629062480669366,,False,0.9748970780198816,0.9710746196696495,0.960202955037258,0.9651590121494288,0.9313253012048193,0.9107275957361117,0.9049487878479862,0.9073840425565073
351,0.004190796684796786,0.01158278417227196,,False,0.974796666331961,0.9709828095079013,0.9601078256613067,0.9650666670307232,0.9325301204819277,0.9124379884846056,0.9077977735035492,0.9097675831290779
352,0.004183622572496419,0.011581346185200335,,False,0.974796666331961,0.9714484008032181,0.9601078256613067,0.9652618373921165,0.9329317269076305,0.9154556616246405,0.9081398429963085,0.9113241552789686
353,0.004178044416962003,0.011626089221151732,,False,0.9748970780198816,0.9710770681327854,0.960202955037258,0.9651606593164755,0.9313253012048193,0.9113856283982861,0.9066632445235333,0.9086420643414781
354,0.004170074752550507,0.011559391036611895,,False,0.9748970780198816,0.9710772944365201,0.960202955037258,0.9651606176594895,0.9333333333333333,0.913157567849161,0.9085338104321306,0.91052347051597
355,0.004161352462386909,0.01155297066287822,,False,0.9748970780198816,0.9715385753189383,0.960202955037258,0.9653538527294683,0.9325301204819277,0.9124172948813833,0.9077779175529498,0.9097868606184432
356,0.004153413113694039,0.011558219891619344,,False,0.974997489707802,0.9716329698379922,0.9602968782081042,0.9654475565040761,0.9329317269076305,0.9168337963552182,0.9081170812798557,0.9118961295836514
357,0.004144088108781401,0.011586105624697383,,False,0.974997489707802,0.9721044808305097,0.9602968782081042,0.9656439110743844,0.9325301204819277,0.9165253119062796,0.9077302519034277,0.9114777623567747
358,0.004137874296309095,0.011556197075317918,,False,0.974997489707802,0.9721042620599598,0.9602968782081042,0.9656434909448214,0.9333333333333333,0.9172198165417361,0.9084695495574692,0.9122590848679817
359,0.0041296837715578336,0.011559813146196262,,False,0.9750979013957225,0.9721961606388088,0.9603908013789505,0.9657377057827105,0.9329317269076305,0.9154582127579963,0.908096693479915,0.9112824702472023
360,0.004122135225360534,0.011580847979743313,,False,0.974997489707802,0.9716325246699244,0.9602968782081042,0.9654469821425712,0.9321285140562249,0.9120948840921622,0.9074114759764628,0.9093708163566926
361,0.00411549478236561,0.011588924413564947,,False,0.974997489707802,0.9716325246699244,0.9602968782081042,0.9654469821425712,0.9329317269076305,0.9154727617111047,0.9081475129050438,0.9112957150363291
362,0.004108544350408033,0.011550432730203472,,False,0.974997489707802,0.9725770955454079,0.9602969575351066,0.9658390536144624,0.9325301204819277,0.9164815742355553,0.9077417059044802,0.9115348239217832
363,0.004101186329420348,0.011545253157055265,,False,0.9751983130836429,0.9718473425253057,0.9609028341490478,0.9658929496197205,0.9333333333333333,0.913130072087886,0.9084829994894859,0.9104826704328595
364,0.004096905229672742,0.01156643224979006,,False,0.9750979013957225,0.9721961098182681,0.9603908013789505,0.9657365547710539,0.9321285140562249,0.9120695147360327,0.90740506995788,0.9093801363178741
365,0.00408601956184669,0.011549037282755302,,False,0.9750979013957225,0.9721980025238276,0.9603908013789505,0.9657379233307058,0.9329317269076305,0.9184149725680485,0.9081398429963085,0.9125474568576583
366,0.004079969432515898,0.011571096493038367,,False,0.9751983130836429,0.9718466706096945,0.9609028341490478,0.9658922209823422,0.9317269076305221,0.9143736477648196,0.9069756229143999,0.9101126009187959
367,0.004074029880831558,0.011543049852394805,,False,0.9751983130836429,0.9727878419844891,0.9609028341490478,0.9662847291514249,0.9321285140562249,0.9171024537774719,0.9056840927357559,0.9105460056580651
368,0.004064448506980123,0.011531899051715037,,False,0.9751983130836429,0.972315221026687,0.9609028341490478,0.96608947369589,0.9333333333333333,0.9187420536046349,0.9084720688552904,0.9128807862396849
369,0.00405883103615711,0.011564997446663335,,False,0.9751983130836429,0.9718467539634484,0.9609028341490478,0.9658923393219941,0.9325301204819277,0.913761722324209,0.9077682508089073,0.9103439380161006
370,0.004051081718349303,0.011564078501916713,,False,0.9751983130836429,0.9718466706096945,0.9609028341490478,0.9658922209823422,0.9329317269076305,0.9168975836746891,0.9081411068864613,0.9119029912948459
371,0.004045075251589616,0.011535314460683982,,False,0.9751983130836429,0.9723155784757856,0.9609028341490478,0.9660871186142723,0.9333333333333333,0.9172128940690121,0.9084720688552904,0.9122578607064666
372,0.004036397109751095,0.011564284393119342,,False,0.9751983130836429,0.9718519642474058,0.9609028341490478,0.9658945823496907,0.9329317269076305,0.9154259815593776,0.9080979573700678,0.9112719806069239
373,0.004029966510835817,0.011557155173322009,,False,0.9751983130836429,0.9718467539634484,0.9609028341490478,0.9658923393219941,0.9325301204819277,0.9137616642571386,0.9077682508089073,0.91034897352253
374,0.004024482323389493,0.011527679426929302,,False,0.9752987247715634,0.9724055460910177,0.9609962048306537,0.9661786626971635,0.9329317269076305,0.9168327608656305,0.9081170812798557,0.9119028361955029
375,0.004017581717360991,0.011513186235350789,,False,0.9752987247715634,0.9724026686504378,0.9609962048306537,0.9661793341042182,0.9325301204819277,0.9164731404551976,0.9077417059044802,0.9115398982755091
376,0.004009636574708512,0.01152846725011784,,False,0.9752987247715634,0.972403284559049,0.9609962048306537,0.9661791787056919,0.9329317269076305,0.9140765563620317,0.9080979573700678,0.910680361210345
377,0.0040032247629120735,0.011538960064886156,,False,0.9751983130836429,0.9718526930742589,0.9609028341490478,0.9658952274197995,0.9329317269076305,0.9128129741272595,0.9081101434119316,0.9101191370750669
378,0.00399521325719824,0.011521416628878836,,False,0.9752987247715634,0.9724035860495035,0.9609962048306537,0.9661791359870673,0.9329317269076305,0.914116420471226,0.9081423622941299,0.9107305997222659
379,0.0039890561833210115,0.011528480769876295,,False,0.9752987247715634,0.9724028445098705,0.9609962048306537,0.9661787226081486,0.9333333333333333,0.9158533691462113,0.9085139629640153,0.9116795721089264
380,0.003981373863842315,0.011512021362169493,,False,0.9752987247715634,0.9724054180200115,0.9609962048306537,0.9661815583877653,0.9333333333333333,0.917197151409914,0.9084899373574097,0.9122840312306144
381,0.003973997698010915,0.011511137845950176,,False,0.9752987247715634,0.9724054180200115,0.9609962048306537,0.9661815583877653,0.9329317269076305,0.9154053076527933,0.9081170812798557,0.9112948385801585
382,0.003971213675994098,0.011560037134899887,,False,0.9752987247715634,0.972409677988608,0.9609962048306537,0.9661829238400963,0.9317269076305221,0.9144240986732611,0.907020027838462,0.9101667739692031
383,0.0039608754840128905,0.011532547377120736,,False,0.9752987247715634,0.9724055859700207,0.9609962048306537,0.966180827505672,0.9325301204819277,0.9180794675261015,0.9077682508089073,0.912165766454514
384,0.0039551838141220035,0.01153432847360048,,False,0.9752987247715634,0.9724055859700207,0.9609962048306537,0.966180827505672,0.9333333333333333,0.9158091072732992,0.9084720688552904,0.9116504355979858
385,0.0039476025667269715,0.011521921996374345,,False,0.9752987247715634,0.9724054180200115,0.9609962048306537,0.9661815583877653,0.9329317269076305,0.916920454484598,0.9081423622941299,0.9119271050583322
386,0.0039415006383989905,0.011505163043106748,,False,0.9752987247715634,0.9728800895288308,0.9609962048306537,0.9663792711185812,0.9325301204819277,0.9180114755941354,0.907787374718695,0.9121934156084498
387,0.003934701257326803,0.011506717328704086,,False,0.9752987247715634,0.9724055859700207,0.9609962048306537,0.966180827505672,0.9337349397590361,0.9147967127757956,0.9088449249328444,0.9114486795574296
388,0.003928551917732774,0.0114936167105243,,False,0.9753991364594838,0.9724953065756728,0.9610895755122597,0.9662730630905002,0.9325301204819277,0.9150350120915982,0.9077417059044802,0.9109279938987248
389,0.00392545009010825,0.011483251869780026,,False,0.9754995481474044,0.9725863727010788,0.9611829461938657,0.966365745179774,0.9329317269076305,0.9153809832414085,0.9081158173897028,0.9113008773130412
390,0.003915854489132371,0.01150723828820128,,False,0.9754995481474044,0.9725892920948677,0.9611828677969877,0.9663674388380245,0.9329317269076305,0.9154005188171895,0.9081145619820342,0.911309130999954
391,0.003909197287552268,0.011505160397662986,,False,0.9753991364594838,0.9724955281093861,0.9610895755122597,0.9662729810124391,0.9321285140562249,0.9133385384072759,0.9074107439356511,0.9100056013047726
392,0.0039028090582624024,0.011488103741027598,,False,0.9754995481474044,0.972589121822278,0.9611829461938657,0.9663672397654783,0.9325301204819277,0.9150723948960295,0.9077848554208737,0.9109756273898412
393,0.003896837027630732,0.011495247332675,,False,0.9753991364594838,0.9724953065756728,0.9610895755122597,0.9662730630905002,0.9325301204819277,0.9150350120915982,0.9077417059044802,0.9109279938987248
394,0.0038902978457267304,0.011529965063111327,,False,0.9753991364594838,0.9724991826707381,0.9610895755122597,0.9662751256392274,0.9329317269076305,0.9154543510592118,0.9080979573700678,0.9112688093982497
395,0.003886180239500547,0.011492067162784515,,False,0.9755999598353249,0.9726839318665572,0.9612762384785937,0.9664621484356439,0.9325301204819277,0.9150350120915982,0.9077417059044802,0.9109279938987248
396,0.003877138167583767,0.011503275593030243,,False,0.9753991364594838,0.9724953065756728,0.9610895755122597,0.9662730630905002,0.9325301204819277,0.915029941777707,0.9077404504968116,0.9109248254893215
397,0.003871185897416112,0.011506716903227398,,False,0.9754995481474044,0.9725892920948677,0.9611828677969877,0.9663674388380245,0.9329317269076305,0.9154005188171895,0.9081145619820342,0.911309130999954
398,0.0038689548315465503,0.011470848964435098,,False,0.9755999598353249,0.9726799968569332,0.9612762384785937,0.9664603253654458,0.9325301204819277,0.9164939488209622,0.9077848554208737,0.9115913778822871
399,0.0038606645995621436,0.011492794167506674,,False,0.9757003715232453,0.9727894063428629,0.961788192851813,0.9668059277384982,0.9329317269076305,0.9154005188171895,0.9081145619820342,0.911309130999954
400,0.0038537616599678554,0.011532730761781582,,False,0.9755999598353249,0.9726874302029446,0.961277997172939,0.9664635331525064,0.9329317269076305,0.9154214319771481,0.9080954380722466,0.9112831316415478
401,0.0038490911208155574,0.011492400719721052,,False,0.9755999598353249,0.9726870636328688,0.9612762384785937,0.966463718469305,0.9329317269076305,0.9183662727590439,0.9080941741820937,0.912545386946609
402,0.0038412940062618503,0.011505853054670155,,False,0.9754995481474044,0.9725931681899329,0.9611828677969877,0.9663695013867516,0.9329317269076305,0.9183557238396501,0.9080954380722466,0.9125152122799522
403,0.003835459469270957,0.011511762498006868,,False,0.9757003715232453,0.9728000928903854,0.9617900299430363,0.9668111184336534,0.9325301204819277,0.9150942014038481,0.9077657315110859,0.9109495963701717
404,0.003829267419162168,0.01148341105977377,,False,0.9755999598353249,0.9726832627343117,0.9612762384785937,0.9664616549099806,0.9329317269076305,0.9183311849024545,0.9081145619820342,0.9125495162270687
405,0.0038247188500912122,0.011523355686521356,,False,0.9757003715232453,0.9728000928903854,0.9617900299430363,0.9668111184336534,0.9325301204819277,0.9150699466972312,0.9077404504968116,0.9109220763921196
406,0.0038162838673564954,0.011485032371482493,,False,0.9757003715232453,0.9727997263203095,0.9617882712486909,0.9668113037504518,0.9325301204819277,0.9150217461679916,0.9077404504968116,0.9109320239235686
407,0.0038104447935301032,0.011495320360402447,,False,0.9760016065870067,0.9730976011905376,0.9624841094610692,0.9673423594087688,0.9325301204819277,0.9150217461679916,0.9077404504968116,0.9109320239235686
408,0.003804811133945912,0.01148135362809842,,False,0.9759011948990862,0.9729801359228255,0.9619767713062483,0.9669952359593369,0.9325301204819277,0.9150217461679916,0.9077404504968116,0.9109320239235686
409,0.0038000606308852382,0.011494604275737525,,False,0.9763028416507682,0.9733682641324276,0.9627646955982496,0.9676175446109253,0.9325301204819277,0.915042159212914,0.9077404504968116,0.9109221193166649
410,0.003794422958426616,0.011486509169650992,,False,0.9760016065870067,0.9730749889631449,0.9620659998618183,0.9670872007370988,0.9325301204819277,0.9164637131378467,0.9077404504968116,0.9115378698091108
411,0.003787630133046942,0.01148654985555297,,False,0.9764032533386886,0.9734911621197555,0.9632767283683469,0.9679675742289633,0.9325301204819277,0.915029941777707,0.9077404504968116,0.9109248254893215
412,0.003781666375144973,0.011475540008071437,,False,0.9763028416507682,0.9733790320123608,0.9627646955982496,0.967622962690451,0.9325301204819277,0.9150217461679916,0.9077404504968116,0.9109320239235686
413,0.0037756612961934214,0.011492339789430369,,False,0.9762024299628477,0.9732883205733407,0.9626714033135215,0.9675306912311635,0.9325301204819277,0.9164637131378467,0.9077404504968116,0.9115378698091108
414,0.003770453298381817,0.011505952933502704,,False,0.9764032533386886,0.9735182761547255,0.963695468853716,0.9682210980860986,0.9325301204819277,0.9136606647696836,0.9077404504968116,0.9103468862647609
415,0.0037634519859018048,0.011466760167207454,,False,0.9763028416507682,0.9733738969404742,0.9627621062613674,0.9676194576189499,0.9329317269076305,0.9153923232074741,0.9081145619820342,0.9113163294342012
416,0.0037584972405856473,0.011494305195448834,,False,0.9764032533386886,0.9734911621197555,0.9632767283683469,0.9679675742289633,0.9325301204819277,0.9151043354484005,0.9077657315110859,0.9109600540718108
417,0.003752286060991335,0.011481028044460191,,False,0.9765036650266091,0.973610457619524,0.9637861718015619,0.9683131454029633,0.9325301204819277,0.9164514957026397,0.9077404504968116,0.9115405759817674
418,0.003746036361342232,0.011484688045915488,,False,0.9765036650266091,0.973610457619524,0.9637861718015619,0.9683131454029633,0.9325301204819277,0.9164514957026397,0.9077404504968116,0.9115405759817674
419,0.0037441630047609187,0.011521778356438753,,False,0.9764032533386886,0.9734986464450055,0.9632741390314646,0.9679700193398327,0.9329317269076305,0.9168892385575099,0.9081133065743656,0.9119177905380016
420,0.0037381645406352917,0.011514481276938547,,False,0.9766040767145295,0.9737010989440987,0.96387946408629,0.9684054178444571,0.9325301204819277,0.9150339636031988,0.9077404504968116,0.910929317750912
421,0.0037289830196198027,0.011495850379711464,,False,0.9766040767145295,0.9737010989440987,0.96387946408629,0.9684054178444571,0.9325301204819277,0.9164672191951306,0.9077404504968116,0.9115432330518168
422,0.0037276677924737286,0.01151542243303505,,False,0.9766040767145295,0.9737010989440987,0.96387946408629,0.9684054178444571,0.9321285140562249,0.9146927516453179,0.9074107439356511,0.9105737897041357
423,0.003717317932954065,0.011481548963842089,,False,0.9766040767145295,0.9737010989440987,0.96387946408629,0.9684054178444571,0.9325301204819277,0.9150374696604824,0.9077404504968116,0.9109346809936183
424,0.003711206281065381,0.011487694479540213,,False,0.9766040767145295,0.9737010989440987,0.96387946408629,0.9684054178444571,0.9325301204819277,0.9150374696604824,0.9077404504968116,0.9109346809936183
425,0.003706116540821977,0.011469971597919681,,False,0.9766040767145295,0.9737010989440987,0.96387946408629,0.9684054178444571,0.9325301204819277,0.9150374696604824,0.9077404504968116,0.9109346809936183
426,0.0037021416978531827,0.011474455053210413,,False,0.9766040767145295,0.9736981158195506,0.96387946408629,0.9684041579610201,0.9329317269076305,0.9154374102211855,0.9081133065743656,0.9113145307485672
427,0.0036942002877910587,0.011482564858846763,,False,0.9766040767145295,0.9737010989440987,0.96387946408629,0.9684054178444571,0.9325301204819277,0.9150374696604824,0.9077404504968116,0.9109346809936183
428,0.003690806017007639,0.011477818587093562,,False,0.9766040767145295,0.9737010989440987,0.96387946408629,0.9684054178444571,0.9329317269076305,0.9154374102211855,0.9081133065743656,0.9113145307485672
429,0.003684107378186891,0.011483021256134152,,False,0.97670448840245,0.9737911520724801,0.9639681401526197,0.9684950260438477,0.9325301204819277,0.9136763882621745,0.9077404504968116,0.9103495433348106
430,0.0036789464479272693,0.011470924695470657,,False,0.97670448840245,0.9737911520724801,0.9639681401526197,0.9684950260438477,0.9325301204819277,0.9136763882621745,0.9077404504968116,0.9103495433348106
431,0.0036737145345900634,0.011478150076838828,,False,0.97670448840245,0.9737911520724801,0.9639681401526197,0.9684950260438477,0.9321285140562249,0.9133017052645207,0.9073675944192576,0.9099756378076127
432,0.0036701072230472375,0.011449366726274009,,False,0.97670448840245,0.9737915249917766,0.9639681401526197,0.9684958737551211,0.9333333333333333,0.9163189810613963,0.9101721751507585,0.912890928787346
433,0.0036627647583124968,0.011470509742360354,,False,0.97670448840245,0.9737911520724801,0.9639681401526197,0.9684950260438477,0.9321285140562249,0.9160948097081439,0.9073675944192576,0.9111698792362277
434,0.003656843624813418,0.011471547393753069,,False,0.97670448840245,0.9737911520724801,0.9639681401526197,0.9684950260438477,0.9325301204819277,0.9136763882621745,0.9077404504968116,0.9103495433348106
435,0.003652362147573226,0.011482938966495104,,False,0.97670448840245,0.9737911520724801,0.9639681401526197,0.9684950260438477,0.9329317269076305,0.9140763288228774,0.9081133065743656,0.9107293930897593
436,0.0036477485750267794,0.011480752180810513,,False,0.9768049000903705,0.9738834175889125,0.9640614324373478,0.9685886405276075,0.9329317269076305,0.9154374102211855,0.9081133065743656,0.9113145307485672
437,0.003641847424449013,0.011488357747020075,,False,0.9768049000903705,0.9738834175889125,0.9640614324373478,0.9685886405276075,0.9329317269076305,0.9140763288228774,0.9081133065743656,0.9107293930897593
438,0.003639099994193228,0.01150187072363111,,False,0.976905311778291,0.9739766923847767,0.9641501085036774,0.9686796691725112,0.9329317269076305,0.9141583985367246,0.908094182664578,0.9107039455349075
439,0.0036326101413450924,0.011488551393285425,,False,0.9771061351541319,0.9741653121178921,0.9643385192681065,0.9688666667259818,0.9321285140562249,0.9152430562699574,0.9090955010268212,0.9118074461719199
440,0.0036255077625246337,0.01149293152432667,,False,0.976905311778291,0.9739790888718098,0.9641527662713119,0.9686801153987707,0.9325301204819277,0.9136774117385522,0.9077404504968116,0.9103407843872028
441,0.003619581616735492,0.011461913692409653,,False,0.9771061351541319,0.974165684096476,0.9643399023998835,0.9688669755295045,0.9325301204819277,0.9142342022560448,0.9094252075879817,0.9115408230993644
442,0.0036162959208492582,0.011456225966504276,,False,0.9768049000903705,0.9738778736678688,0.9640614324373478,0.9685860694930218,0.9333333333333333,0.9150088258144015,0.9101709197430901,0.9122945783815113
443,0.0036101442235987246,0.011471546894686309,,False,0.9771061351541319,0.9741632943814794,0.9643373130630013,0.9688642212022105,0.9325301204819277,0.9136774117385522,0.9077404504968116,0.9103407843872028
444,0.0036040853984679617,0.011471446152824818,,False,0.9771061351541319,0.9741632943814794,0.9643373130630013,0.9688642212022105,0.9329317269076305,0.9146343570344059,0.909798063665536,0.9119213696710387
445,0.0036007779696113295,0.011486574743534579,,False,0.9773069585299728,0.974381774767184,0.9649426381178267,0.9693077160200159,0.9329317269076305,0.9146160302591083,0.9097968082578674,0.911894027968564
446,0.003595023674587251,0.011442381556390836,,False,0.9772065468420524,0.9747367559870368,0.9648481633878647,0.9694079468310961,0.9333333333333333,0.9163215253763437,0.9101632583168389,0.9128729560263741
447,0.0035897187485742278,0.011473865110479629,,False,0.9774073702178934,0.9749302596683709,0.9650371366076599,0.9695987623712805,0.9333333333333333,0.9163249914317456,0.9101696643354215,0.912866118364537
448,0.0035855398456132474,0.011495958559063577,,False,0.9774073702178934,0.9749299651337601,0.9650371366076599,0.9695979530607628,0.9325301204819277,0.9156275754479444,0.909421432882492,0.9121289934453632
449,0.0035783843328221934,0.01146484338280609,,False,0.9775077819058139,0.9750239179135664,0.965131059778506,0.9696910832910522,0.9329317269076305,0.9159507346835137,0.9097968082578674,0.9124936029396239
450,0.003573637905780899,0.011456585542043624,,False,0.9775077819058139,0.9750208517406933,0.965131059778506,0.9696897028680181,0.9329317269076305,0.9159472686281119,0.9097904022392849,0.9125004406014612
451,0.0035693815320702034,0.011469822388486678,,False,0.9775077819058139,0.9750240369389412,0.9651258126739896,0.9696905646143037,0.9321285140562249,0.9152529457245403,0.9090865841929016,0.9117824087698335
452,0.003563508329373257,0.011469798526143143,,False,0.9776081935937343,0.975116214168898,0.9652197358448357,0.9697823118463668,0.9325301204819277,0.9155801683874409,0.9094162907540623,0.9121159274865782
453,0.0035587561003354285,0.011476197979067048,,False,0.9775077819058139,0.9750179616375709,0.9651264435601077,0.9696860514340518,0.9325301204819277,0.9155801683874409,0.9094162907540623,0.9121159274865782
454,0.0035558918961696956,0.011442288886007191,,False,0.9777086052816548,0.975226336321489,0.9657364632302092,0.9701256481953828,0.9321285140562249,0.9151831043414488,0.9090543653107035,0.9117432482223761
455,0.0035492625881814164,0.01146741227957901,,False,0.9777086052816548,0.9752322001908161,0.9657317686149329,0.9701276488448874,0.9325301204819277,0.9155801683874409,0.9094162907540623,0.9121159274865782
456,0.003545201399834278,0.011481886142767756,,False,0.9777086052816548,0.9752367437043667,0.9657317686149329,0.9701295227795271,0.9321285140562249,0.916645020050836,0.9090357732502571,0.9123686377776214
457,0.003539718139148723,0.011473942559855602,,False,0.9777086052816548,0.9752335334247615,0.9657317686149329,0.9701281062857139,0.9325301204819277,0.9155801683874409,0.9094162907540623,0.9121159274865782
458,0.003535192201240138,0.011450155549625514,,False,0.9778090169695752,0.9753217116677787,0.9658251392965389,0.9702181804131279,0.9325301204819277,0.915549773474878,0.9094162907540623,0.9121176832279924
459,0.003529365329918643,0.011463922277539916,,False,0.9778090169695752,0.9753235649594573,0.9658251392965389,0.9702203385418228,0.9321285140562249,0.9152184388697846,0.9090409153786868,0.9117496998325367
460,0.0035261823879357557,0.011448256579956795,,False,0.9777086052816548,0.9752254445353762,0.9657312161256928,0.9701246720163754,0.9329317269076305,0.9159240302231102,0.9097891468316163,0.9124901986529055
461,0.003520232508060514,0.011483479428517842,,False,0.9778090169695752,0.9753235649594573,0.9658251392965389,0.9702203385418228,0.9321285140562249,0.9152184388697846,0.9090409153786868,0.9117496998325367
462,0.0035155675931645676,0.011458495340360482,,False,0.9778090169695752,0.9753217116677787,0.9658251392965389,0.9702181804131279,0.9321285140562249,0.9151890807948172,0.9090409153786868,0.9117514292221629
463,0.0035121433329306645,0.011493739381948214,,False,0.9780098403454162,0.9755131076782393,0.9660024914291984,0.9704037462033723,0.9325301204819277,0.9156164094111242,0.9093959029541216,0.9121091533564315
464,0.003506835409972681,0.01144570169462192,,False,0.9778090169695752,0.9753195357676285,0.9658250599695365,0.9702177998948337,0.9317269076305221,0.914816238964258,0.9086603978748816,0.9113731449679859
465,0.0035011831243159674,0.011483299706169186,,False,0.9779094286574957,0.9754143042603712,0.9659189831403828,0.9703113944325167,0.9321285140562249,0.9166253336604883,0.9090409153786868,0.9123648769300272
466,0.0034963194647916157,0.01145617841188286,,False,0.9779094286574957,0.9754146000844445,0.9659189831403828,0.970312204907563,0.9321285140562249,0.9165858941344605,0.9090357732502571,0.9123545023521815
467,0.0034918833198880374,0.011473578807421551,,False,0.9779094286574957,0.9754116067810931,0.9659189831403828,0.97031094033727,0.9317269076305221,0.914816238964258,0.9086603978748816,0.9113731449679859
468,0.0034882397574910744,0.011468533790949871,,False,0.9779094286574957,0.9754143042603712,0.9659189831403828,0.9703113944325167,0.9317269076305221,0.9162231337549619,0.9086603978748816,0.9119883220654764
469,0.003482421749211292,0.011472021819395996,,False,0.9780098403454162,0.9755045804707189,0.9660076592067125,0.97040189596938,0.9317269076305221,0.9148478089594294,0.9086603978748816,0.9113719993718229
470,0.0034784070609449992,0.011452236603072045,,False,0.9779094286574957,0.9754116067810931,0.9659189831403828,0.97031094033727,0.9317269076305221,0.914816238964258,0.9086603978748816,0.9113731449679859
471,0.0034747346900170367,0.01149388347254358,,False,0.9780098403454162,0.9755104230492316,0.9660076592067125,0.9704037698346828,0.9317269076305221,0.9162547037501333,0.9086603978748816,0.9119871764693133
472,0.0034727671059531116,0.011508119726914501,,False,0.9780098403454162,0.9755096830438911,0.9660076592067125,0.9704028860785482,0.9321285140562249,0.9166608319530509,0.9090409153786868,0.9123666143879015
473,0.0034658807399860297,0.011447375632366941,,False,0.9780098403454162,0.9755008284782496,0.9660076592067125,0.970399346815699,0.9321285140562249,0.9151833140895506,0.9090345093601042,0.911756959783728
474,0.0034601951385172867,0.011478294583285647,,False,0.9780098403454162,0.9755075811100187,0.9660076592067125,0.9704032796244706,0.9317269076305221,0.9162231337549619,0.9086603978748816,0.9119883220654764
475,0.0034557673948045434,0.011455956207004717,,False,0.9780098403454162,0.9755014281825942,0.9660076592067125,0.970399738034112,0.9321285140562249,0.915703756762075,0.910718011043606,0.9129103221336781
476,0.003451821014041223,0.011469220479657607,,False,0.9780098403454162,0.9755050329529189,0.9660076592067125,0.970400848176557,0.9325301204819277,0.9174791660034278,0.9110933864189814,0.9138956497320334
477,0.0034489885784289307,0.011440118139703886,,False,0.9780098403454162,0.9755014281825942,0.9660076592067125,0.970399738034112,0.9321285140562249,0.9156786535229868,0.9107301970854699,0.9129219492081402
478,0.0034430926749137603,0.01147495421457515,,False,0.9780098403454162,0.9755072566940145,0.9660070283205943,0.9704041069865428,0.9317269076305221,0.914816238964258,0.9086603978748816,0.9113731449679859
479,0.0034383567641415426,0.011488902399815346,,False,0.9781102520333367,0.975598276721916,0.9660983621545584,0.9704938634875189,0.9329317269076305,0.9164735929576828,0.9114279861944757,0.913624299170561
480,0.003434210294280535,0.01148911028439763,,False,0.9782106637212572,0.9756912973489794,0.9661916544392865,0.9705877479643821,0.9329317269076305,0.9164735929576828,0.9114279861944757,0.913624299170561
481,0.0034298320212147646,0.011473046990075635,,False,0.9782106637212572,0.9756891221730069,0.9661916544392865,0.97058616382526,0.9329317269076305,0.9164735929576828,0.9114279861944757,0.913624299170561
482,0.003425353685961323,0.011447431640996368,,False,0.9782106637212572,0.9756885249456838,0.9661916544392865,0.9705864397333583,0.9333333333333333,0.9167895692875445,0.9118212215894861,0.9140235364802555
483,0.0034229299862062715,0.011445482617664317,,False,0.9783110754091776,0.9762410610829462,0.9662854982831303,0.970875473900601,0.9333333333333333,0.9168146845227021,0.9118212215894861,0.9140335254207537
484,0.0034159994722214333,0.01147468907335535,,False,0.9783110754091776,0.9762434609660328,0.9662854982831303,0.9708776036420276,0.9317269076305221,0.9162231337549619,0.9086603978748816,0.9119883220654764
485,0.0034117374270619524,0.011478740860888582,,False,0.9782106637212572,0.9756920487085912,0.9661916544392865,0.9705875104436221,0.9325301204819277,0.9169929699505699,0.9093703730257514,0.9127022991023591
486,0.003407550628092658,0.01146488484578812,,False,0.9783110754091776,0.9757783396176181,0.9662849467240144,0.9706779767379321,0.9325301204819277,0.9160489140478175,0.9110921225288285,0.9132847078374561
487,0.0034068223700247113,0.01151907093988019,,False,0.9784114870970981,0.9758796704672912,0.9663742536764625,0.9707726140787758,0.9325301204819277,0.9170274517709329,0.9093703730257514,0.9127040847590214
488,0.003400549115981263,0.01150079017119879,,False,0.9784114870970981,0.9763398811717648,0.9663794214539766,0.9709727873857243,0.9321285140562249,0.9167020108149726,0.9090406664645907,0.9123705037198607
489,0.003394661650329906,0.01147469418024604,,False,0.9784114870970981,0.9763347767670761,0.9663787905678584,0.9709705721164489,0.9329317269076305,0.9173588231809477,0.909744484510974,0.913086174911262
490,0.0033913867109551152,0.011456104436625886,,False,0.9785118987850185,0.9768936154015049,0.9664727137387046,0.9712632923271209,0.9333333333333333,0.917677939322449,0.9101377199059844,0.9134844986378644
491,0.0033861058718224904,0.01147573337681401,,False,0.9785118987850185,0.976423543669212,0.9664727137387046,0.9710615565725583,0.9321285140562249,0.9166296365944384,0.9090153854503166,0.9123452079835468
492,0.003382731469708685,0.011485744499102751,,False,0.9785118987850185,0.976423543669212,0.9664727137387046,0.9710615565725583,0.9329317269076305,0.9179476621692455,0.9114787971371202,0.9142867717870374
493,0.0033786052372511864,0.011492308617965243,,False,0.9785118987850185,0.976423543669212,0.9664727137387046,0.9710615565725583,0.9329317269076305,0.9178752879487112,0.9114535161228461,0.9142614760507234
494,0.003373479067257444,0.011491649233458608,,False,0.9784114870970981,0.9763299737901006,0.9663787905678584,0.9709685018722323,0.9329317269076305,0.9178881306763744,0.9114279861944757,0.9142464049646593
495,0.0033695178038310562,0.011499113517304716,,False,0.9785118987850185,0.9764296958436991,0.9664727137387046,0.9710643243902977,0.9325301204819277,0.9170274517709329,0.9093703730257514,0.9127040847590214
496,0.0033665542345535965,0.011450928830525545,,False,0.9784114870970981,0.9768007168551242,0.9663787905678584,0.9711699610255045,0.934136546184739,0.9189204978694046,0.9125758505785139,0.9154009087977482
497,0.0033618919965879117,0.011486816427276345,,False,0.9785118987850185,0.976423543669212,0.9664727137387046,0.9710615565725583,0.934136546184739,0.9189443775789954,0.9125567266687261,0.9153763211291643
498,0.0033564889398929967,0.01146929318588377,,False,0.9785118987850185,0.9764254201106033,0.9664727137387046,0.9710622801984129,0.9333333333333333,0.9167895692875445,0.9118212215894861,0.9140235364802555
499,0.0033534426611440222,0.011503824292650936,,False,0.9785118987850185,0.9764264702047962,0.9664727137387046,0.9710629031909205,0.9329317269076305,0.9174124242197644,0.9097508905295566,0.9130780326205602
500,0.0033477669568916396,0.011483027243198312,,False,0.9785118987850185,0.976423543669212,0.9664727137387046,0.9710615565725583,0.9337349397590361,0.9172006494490401,0.9122017390932913,0.9143982447701526
501,0.0033437987668868832,0.011482382497092897,,False,0.9785118987850185,0.976423543669212,0.9664727137387046,0.9710615565725583,0.9329317269076305,0.9173576395220588,0.9097700144393444,0.9130936334928875
502,0.0033394747008692167,0.011472164484205885,,False,0.9785118987850185,0.9768944445869585,0.9664727137387046,0.9712631327410279,0.9333333333333333,0.9181967493707361,0.9118212215894861,0.914644568847262
503,0.0033358466391416645,0.011467846962725273,,False,0.9785118987850185,0.976423543669212,0.9664727137387046,0.9710615565725583,0.9337349397590361,0.9185525503006627,0.9122017390932913,0.9150179000453547
504,0.003331268075756008,0.011483964280455129,,False,0.9784114870970981,0.9763321619507583,0.9663787905678584,0.9709693807861134,0.9337349397590361,0.9186344302294687,0.9121826151835035,0.9150037492023313
505,0.0033270110378364657,0.011474110619578832,,False,0.9785118987850185,0.9764254201106033,0.9664727137387046,0.9710622801984129,0.9345381526104418,0.9193111191716018,0.9129308381539487,0.9157593879680263
506,0.003323914532972181,0.011503910511752017,,False,0.9785118987850185,0.9764244029110173,0.9664727137387046,0.9710610178513779,0.9337349397590361,0.9186139936874171,0.9121826151835035,0.914994920577869
507,0.003320484298194401,0.011449678023558544,,False,0.9784114870970981,0.9768010285743904,0.9663787905678584,0.971170116313531,0.9345381526104418,0.9193111191716018,0.9129308381539487,0.9157593879680263
508,0.0033143290906720766,0.011477223422629874,,False,0.9785118987850185,0.9764254201106033,0.9664727137387046,0.9710622801984129,0.9337349397590361,0.9185807053473682,0.9122017390932913,0.9150185649075888
509,0.0033105459933316303,0.011460281340580082,,False,0.9785118987850185,0.9764221418806552,0.9664727137387046,0.9710590376541473,0.934136546184739,0.9175404419710763,0.9125758505785139,0.914780588660312
510,0.0033055278421735934,0.01147593791063185,,False,0.9785118987850185,0.9764254201106033,0.9664727137387046,0.9710622801984129,0.9337349397590361,0.9185807053473682,0.9122017390932913,0.9150185649075888
511,0.0033020086148904835,0.011479939478882314,,False,0.9785118987850185,0.9764264702047962,0.9664727137387046,0.9710629031909205,0.934136546184739,0.9189751486968382,0.9125567266687261,0.9153775904784648
512,0.003299035839931171,0.011500621020522421,,False,0.9785118987850185,0.9764296958436991,0.9664727137387046,0.9710643243902977,0.934136546184739,0.9189751486968382,0.9125567266687261,0.9153775904784648
513,0.003293323078138444,0.011486846900645113,,False,0.9785118987850185,0.9764233483715922,0.9664727137387046,0.9710603947028424,0.934136546184739,0.9189751486968382,0.9125567266687261,0.9153775904784648
514,0.003289172064731553,0.011484953852247879,,False,0.9785118987850185,0.9764264294296733,0.9664727137387046,0.9710617797570325,0.9345381526104418,0.9193383886113042,0.9129308381539487,0.9157601246217761
515,0.0032858117162308147,0.011507182527321571,,False,0.9786123104729391,0.9765202821503648,0.9665613898050344,0.9711547468335537,0.934136546184739,0.9189751486968382,0.9125567266687261,0.9153775904784648
516,0.00328240839513107,0.01145769178270898,,False,0.9787127221608595,0.9766079436430469,0.9666547604866403,0.9712454219329799,0.934136546184739,0.9189204978694046,0.9125758505785139,0.9154009087977482
517,0.003278891770045616,0.011458054412745647,,False,0.9786123104729391,0.977457830440644,0.966560837315794,0.9715550061837782,0.9345381526104418,0.9192661579801453,0.9129499620637365,0.9157736835440331
518,0.0032726807985137335,0.011475889632492065,,False,0.9786123104729391,0.9765146101444022,0.966560837315794,0.9711525234472715,0.9333333333333333,0.9168915806191968,0.911819425849992,0.9140309544847395
519,0.003268898892587114,0.01147663904412006,,False,0.9786123104729391,0.9765111082123048,0.966560837315794,0.9711492413088738,0.9337349397590361,0.9172523689268449,0.9121948012253674,0.9143945013104169
520,0.0032646384437428474,0.01148732875404687,,False,0.9786123104729391,0.9769838884120242,0.966560837315794,0.9713525686435092,0.9345381526104418,0.9193383886113042,0.9129308381539487,0.9157601246217761
521,0.0032614629313482365,0.011486860621192101,,False,0.9786123104729391,0.9774612168638783,0.966560837315794,0.9715565845089673,0.9349397590361446,0.9196807233631377,0.9133049496391714,0.9161330410619737
522,0.003256973150029007,0.011480749439663105,,False,0.9786123104729391,0.9769796846091688,0.966560837315794,0.9713499044129575,0.9349397590361446,0.9183006674648093,0.9133049496391714,0.9155127209245375
523,0.003253461864543946,0.011487043228333254,,False,0.9786123104729391,0.9769796846091688,0.966560837315794,0.9713499044129575,0.9349397590361446,0.9183006674648093,0.9133049496391714,0.9155127209245375
524,0.0032501300002306865,0.011475007337278936,,False,0.9787127221608595,0.9775489514372757,0.9666547604866403,0.9716460207770231,0.9349397590361446,0.9196546697042547,0.9133049496391714,0.9161322485996559
525,0.003245060555181726,0.011471434977243013,,False,0.9787127221608595,0.9775476906748133,0.9666547604866403,0.971644824264161,0.9345381526104418,0.9192661579801453,0.9129499620637365,0.9157736835440331
526,0.0032427979369193754,0.011452361829259914,,False,0.9786123104729391,0.977454274662245,0.966560837315794,0.9715518078366642,0.934136546184739,0.9175263713990888,0.912574586688361,0.9147897668996605
527,0.0032394395031013243,0.011459531323567394,,False,0.9787127221608595,0.9766044417109495,0.9666547604866403,0.9712421397945822,0.9333333333333333,0.9154795201856015,0.9118507358016438,0.9134481860974927
528,0.003233492335400194,0.011483757414092891,,False,0.9787127221608595,0.977074216448723,0.9666547604866403,0.9714440811638335,0.934136546184739,0.9170582953038138,0.9108719610950716,0.91360422160443
529,0.003230037766754438,0.011463192328173763,,False,0.9786123104729391,0.9769808829500783,0.966560837315794,0.9713511826781249,0.9345381526104418,0.9179148831231981,0.912929574263796,0.9151483319552833
530,0.0032259059878726277,0.01150384762717582,,False,0.9786123104729391,0.9769808829500783,0.966560837315794,0.9713511826781249,0.9337349397590361,0.9172353621157819,0.9121813512933508,0.914393673834092
531,0.0032215858145308997,0.011469799002386708,,False,0.9786123104729391,0.9769796846091688,0.966560837315794,0.9713499044129575,0.9345381526104418,0.9179409367820812,0.912929574263796,0.9151491244176009
532,0.0032185692640231993,0.011477360574307238,,False,0.9787127221608595,0.9770731006217369,0.9666547604866403,0.9714429208404545,0.934136546184739,0.9162837845930434,0.9125676488204372,0.9141805339498165
533,0.003213859152324286,0.01148277506019236,,False,0.97881313384878,0.9771645021624058,0.96674343655297,0.9715338115566244,0.934136546184739,0.9175952002778607,0.9125676488204372,0.9147858882195157
534,0.0032115452855714347,0.011475746692127513,,False,0.9789135455367005,0.9777348736379174,0.9668320332922973,0.971828479987572,0.934136546184739,0.9175952002778607,0.9125676488204372,0.9147858882195157
535,0.0032066785418280066,0.011489750703808924,,False,0.97881313384878,0.9771637569384184,0.9667381894484534,0.9715315265111989,0.934136546184739,0.9175952002778607,0.9125676488204372,0.9147858882195157
536,0.003203464500536666,0.011477724725308154,,False,0.9790139572246209,0.9778262384185913,0.9669259564631436,0.9719195717897657,0.9345381526104418,0.9179148831231981,0.912929574263796,0.9151483319552833
537,0.003199669480957862,0.011485634198247824,,False,0.9789135455367005,0.9777322878943154,0.9668320332922973,0.971826520019362,0.9345381526104418,0.9179148831231981,0.912929574263796,0.9151483319552833
538,0.003195833560157919,0.011501957905460535,,False,0.9790139572246209,0.9773514219764292,0.9669259564631436,0.971717709617135,0.934136546184739,0.9175952002778607,0.9125676488204372,0.9147858882195157
539,0.0031920606615693714,0.011488226994395593,,False,0.9790139572246209,0.9773514219764292,0.9669259564631436,0.971717709617135,0.934136546184739,0.9150518006342399,0.9125676488204372,0.9136015720333389
540,0.0031885101969523553,0.011489890351955825,,False,0.9790139572246209,0.9778251128124104,0.9669259564631436,0.9719182927055822,0.9337349397590361,0.9166865051407103,0.9105100356517128,0.9132401929440273
541,0.0031851824594951285,0.011484478015697287,,False,0.9790139572246209,0.9778251128124104,0.9669259564631436,0.9719182927055822,0.934136546184739,0.9175691466189776,0.9125676488204372,0.9147850957571981
542,0.003181534156387547,0.011486471741759107,,False,0.9790139572246209,0.9773595599627526,0.9673440660623945,0.9719625350098282,0.934136546184739,0.9162837845930434,0.9125676488204372,0.9141805339498165
543,0.003178135280541836,0.011474689406431964,,False,0.9791143689125414,0.9779251167462153,0.9674379892332409,0.9722575815770037,0.934136546184739,0.9162734790670789,0.9125676488204372,0.9141915432600922
544,0.0031757934169419455,0.01151867183706904,,False,0.9791143689125414,0.9774539000797353,0.9674379892332409,0.9720561804867194,0.934136546184739,0.9176356971879698,0.9125740548390198,0.9147813357373968
545,0.00317158673418973,0.011506553518270412,,False,0.9792147806004619,0.9775435714651807,0.9675318330770847,0.9721467966784237,0.9333333333333333,0.9163494873442536,0.9101359241664903,0.9128591702362865
546,0.0031690979706053275,0.011522465130772326,,False,0.9791143689125414,0.9774596389407476,0.9674379892332409,0.9720602602463865,0.9333333333333333,0.9150315886776865,0.9101359241664903,0.9122713473565608
547,0.003165395650651801,0.011503446716825825,,False,0.9791143689125414,0.9779287563538429,0.9674379892332409,0.9722609002500323,0.9333333333333333,0.9150236244447344,0.9101371795741588,0.9122804420545224
548,0.003161260715294723,0.011503691945097974,,False,0.9791143689125414,0.9774532840979426,0.9674379892332409,0.9720556280313077,0.934136546184739,0.9175952002778607,0.9125676488204372,0.9147858882195157
549,0.0031600473607830185,0.011489898778221916,,False,0.9791143689125414,0.9774532840979426,0.9674379892332409,0.9720556280313077,0.934136546184739,0.9149843073513687,0.9125676488204372,0.9135861644648856
550,0.00315522995031766,0.01150679128627089,,False,0.9792147806004619,0.9775435714651807,0.9675318330770847,0.9721467966784237,0.9337349397590361,0.9146887291789001,0.9121935373352146,0.9132197568632806
551,0.003151284567656646,0.011482053695749195,,False,0.9791143689125414,0.9779214535891776,0.9674379099062383,0.9722556984537162,0.934136546184739,0.9162320394430906,0.9125676488204372,0.9141769281539567
552,0.0031499877953203425,0.01151449915194295,,False,0.9792147806004619,0.9775432071320844,0.9675318330770847,0.9721461062835028,0.9337349397590361,0.9167140410410582,0.9105164416702954,0.9132224240517366
553,0.003144954733340295,0.01149318901513191,,False,0.9792147806004619,0.9780151777243677,0.9675318330770847,0.9723487914751955,0.9337349397590361,0.9166735441309489,0.9105100356517128,0.9132269765338558
554,0.0031443837428191397,0.01146618226455604,,False,0.9791143689125414,0.9779214535891776,0.9674379099062383,0.9722556984537162,0.934136546184739,0.9149843073513687,0.9125676488204372,0.9135861644648856
555,0.0031380906677337854,0.011482777213614534,,False,0.9792147806004619,0.9780154041134534,0.9675318330770847,0.9723487502241197,0.9337349397590361,0.9153686064741433,0.9105100356517128,0.9126523700643016
556,0.003135943455677898,0.011473382295962935,,False,0.9792147806004619,0.9780154041134534,0.9675318330770847,0.9723487502241197,0.9337349397590361,0.9153686064741433,0.9105100356517128,0.9126523700643016
557,0.003131879284440731,0.011487625742512617,,False,0.9792147806004619,0.9780151777243677,0.9675318330770847,0.9723487914751955,0.9337349397590361,0.9153686064741433,0.9105100356517128,0.9126523700643016
558,0.003128557118711015,0.011504766757463055,,False,0.9792147806004619,0.9775444791627442,0.9675318330770847,0.9721480403303833,0.934136546184739,0.9162995327259618,0.9125676488204372,0.91419233572241
559,0.0031256066349317924,0.01149579388417399,,False,0.9792147806004619,0.9780151777243677,0.9675318330770847,0.9723487914751955,0.9337349397590361,0.9166735441309489,0.9105100356517128,0.9132269765338558
560,0.0031224958146846174,0.011495224126263968,,False,0.9792147806004619,0.9780154041134534,0.9675318330770847,0.9723487502241197,0.9337349397590361,0.9166474904720661,0.9105100356517128,0.9132261840715381
561,0.0031192947785526745,0.011494989525746856,,False,0.9792147806004619,0.9775435714651807,0.9675318330770847,0.9721467966784237,0.934136546184739,0.9162580931019735,0.9125676488204372,0.9141777206162742
562,0.003117036174387105,0.011515377477269063,,False,0.9791143689125414,0.9774542644128316,0.9674379892332409,0.9720568708816403,0.934136546184739,0.9163219566134208,0.9125740548390198,0.9141740303679745
563,0.0031131465825027247,0.01149824623395677,,False,0.9790139572246209,0.9778322918281204,0.9673440660623945,0.9721658088907835,0.9337349397590361,0.9153318818681119,0.9105100356517128,0.912624254483721
564,0.0031105720979873034,0.011488439940309882,,False,0.9792147806004619,0.978016230713223,0.9675318330770847,0.972350071361006,0.934136546184739,0.9156748765199768,0.9108719610950716,0.9130015104429492
565,0.003107649641510952,0.01148136609114107,,False,0.9792147806004619,0.978016230713223,0.9675318330770847,0.972350071361006,0.934136546184739,0.915651260006916,0.9108719610950716,0.9129866275675429
566,0.003103871389760527,0.011502131512086105,,False,0.9792147806004619,0.978016230713223,0.9675318330770847,0.972350071361006,0.9337349397590361,0.9153035503370942,0.9105100356517128,0.9126228720827595
567,0.003100885177676219,0.011499834068537268,,False,0.9792147806004619,0.9780151777243677,0.9675318330770847,0.9723487914751955,0.9337349397590361,0.9153035503370942,0.9105100356517128,0.9126228720827595
568,0.0030983423748107437,0.011485677013240858,,False,0.9792147806004619,0.978018531459656,0.9675318330770847,0.9723520768482052,0.9337349397590361,0.9153035503370942,0.9105100356517128,0.9126228720827595
569,0.0030952845045683617,0.011495287194742769,,False,0.9791143689125414,0.9779225065780329,0.9674379099062383,0.9722569783395265,0.9337349397590361,0.9153035503370942,0.9105100356517128,0.9126228720827595
570,0.0030926079437259505,0.011492575291333351,,False,0.9793151922883824,0.9776346840147428,0.9676252037586907,0.9722390070454503,0.934136546184739,0.9162084229300296,0.9125676488204372,0.9141620452785504
571,0.003092413052072084,0.01153022829854428,,False,0.9791143689125414,0.9774523528877778,0.9674379099062383,0.9720543652730359,0.934136546184739,0.9162805169894325,0.9125740548390198,0.9141594152618389
572,0.0030867914832525445,0.011480615373255839,,False,0.9793151922883824,0.9781058319306852,0.9676251244316882,0.9724412366892895,0.934136546184739,0.9162084229300296,0.9125676488204372,0.9141620452785504
573,0.0030829515516807037,0.011494444166525557,,False,0.9792147806004619,0.978016230713223,0.9675318330770847,0.972350071361006,0.934136546184739,0.9156795915379337,0.9108719610950716,0.9129880099685044
574,0.003079963099140932,0.011511845139311127,,False,0.9792147806004619,0.978016230713223,0.9675318330770847,0.972350071361006,0.9337349397590361,0.9153318818681119,0.9105100356517128,0.912624254483721
575,0.0030772944859272996,0.011497885107213062,,False,0.9793151922883824,0.978106144625657,0.9676252037586907,0.9724409655639307,0.9337349397590361,0.9153035503370942,0.9105100356517128,0.9126228720827595
576,0.0030741188207986507,0.011493154037975812,,False,0.9792147806004619,0.9780156289344636,0.9675312805878443,0.9723511216816098,0.9337349397590361,0.9153035503370942,0.9105100356517128,0.9126228720827595
577,0.0030715340276369577,0.011492298693569129,,False,0.9794156039763029,0.9782063579318306,0.9677185744402966,0.9725391312639586,0.9337349397590361,0.9153035503370942,0.9105100356517128,0.9126228720827595
578,0.0030684915561090542,0.011498749586874569,,False,0.9794156039763029,0.9782067346273582,0.9677185744402966,0.972539088212739,0.9333333333333333,0.9149325146488023,0.9101371795741588,0.9122501516106628
579,0.003065290777041158,0.011505859679736361,,False,0.9794156039763029,0.97773374649758,0.9677184951132942,0.9723362353551962,0.934136546184739,0.9162084229300296,0.9125676488204372,0.9141620452785504
580,0.00306248825174818,0.011507627705665689,,False,0.9795160156642233,0.9782935086142898,0.9678124182841406,0.9726297149952673,0.9333333333333333,0.9149325146488023,0.9101371795741588,0.9122501516106628
581,0.0030595225727581108,0.01151316348493556,,False,0.9795160156642233,0.9782961744086188,0.9678123389571378,0.972630529483473,0.934136546184739,0.9162084229300296,0.9125676488204372,0.9141620452785504
582,0.003057424055915113,0.011520595219004446,,False,0.9795160156642233,0.977824280814288,0.9678123389571378,0.9724260537794839,0.9345381526104418,0.9165927877486434,0.9129359802823784,0.9145206973129925
583,0.003055369481014253,0.011520334108817084,,False,0.9795160156642233,0.977822369064276,0.9678123389571378,0.9724254612566783,0.9345381526104418,0.9166071248314177,0.9129481663242424,0.9145388030548871
584,0.003051009405713282,0.011514008363268767,,False,0.9796164273521438,0.9783828760400635,0.9679062621279841,0.9727195584632145,0.9337349397590361,0.9153312165501905,0.910517697077964,0.9126269093869998
585,0.003049733993763526,0.011475930738996575,,False,0.9795160156642233,0.9782936836687658,0.9678123389571378,0.972627383452354,0.934136546184739,0.9156402818391906,0.9108719610950716,0.9129844185902045
586,0.0030452968359591264,0.011506195288038052,,False,0.9796164273521438,0.9783877103940759,0.9679062621279841,0.9727204341158056,0.9337349397590361,0.9152925721693688,0.9105100356517128,0.9126206631054211
587,0.0030423562018769648,0.011505950176561017,,False,0.9796164273521438,0.9783873336985484,0.9679062621279841,0.9727204771670254,0.9337349397590361,0.9152925721693688,0.9105100356517128,0.9126206631054211
588,0.0030403865301090755,0.011500067075463952,,False,0.9797168390400642,0.9784822974977886,0.9679996328095901,0.9728169947210193,0.9337349397590361,0.9153085434577007,0.9104991050175175,0.9126190751628093
589,0.0030371364089934742,0.01151977613079058,,False,0.9796164273521438,0.9783897524662645,0.9679062621279841,0.9727217562001287,0.9333333333333333,0.9149325146488023,0.9101371795741588,0.9122501516106628
590,0.003034345354876583,0.011502201246843872,,False,0.9797168390400642,0.978015585665817,0.9679996328095901,0.972615539430427,0.9337349397590361,0.9152925721693688,0.9105100356517128,0.9126206631054211
591,0.003031112412817901,0.01150856308464696,,False,0.9797168390400642,0.9780185342608618,0.9679996328095901,0.9726186453311649,0.9337349397590361,0.9153085434577007,0.9104991050175175,0.9126190751628093
592,0.003028039700701521,0.011513434502623383,,False,0.9797168390400642,0.978010385223096,0.9679996328095901,0.972615080127399,0.9345381526104418,0.9165896689082133,0.912929574263796,0.9145327508318345
593,0.0030267811387815467,0.011545115542514002,,False,0.9797168390400642,0.9780113765465079,0.9679996328095901,0.972614425264442,0.9333333333333333,0.9150191307545352,0.9101423301850728,0.9122387747631127
594,0.0030228877909254204,0.011529481083490379,,False,0.9796164273521438,0.9779158529425879,0.9679057096387438,0.9725193944435776,0.934136546184739,0.9157022522384823,0.910890553155518,0.9129996298590964
595,0.0030205569491152107,0.011535853207873602,,False,0.9797168390400642,0.9780168688640034,0.9679996328095901,0.9726167887692814,0.9345381526104418,0.9166390891111307,0.9129481663242424,0.9145407453208207
596,0.0030167855885791903,0.011518058946227261,,False,0.9797168390400642,0.9780077419260785,0.9679996328095901,0.9726118939344103,0.934136546184739,0.9156402818391906,0.9108719610950716,0.9129844185902045
597,0.0030144061264838593,0.011514460405318944,,False,0.9798172507279848,0.9785883192039196,0.9685116655796874,0.9731571616572836,0.9337349397590361,0.9152925721693688,0.9105100356517128,0.9126206631054211
598,0.0030114807154279382,0.01152272382509283,,False,0.9798172507279848,0.9780966861545054,0.9680947621855415,0.972705573713568,0.9345381526104418,0.916545154432126,0.912929574263796,0.9145235917859953
599,0.0030086104157980814,0.011516727942603952,,False,0.9798172507279848,0.9785672310361151,0.9680947621855415,0.9729062468224478,0.934136546184739,0.9156402818391906,0.9108719610950716,0.9129844185902045
600,0.003005951450020327,0.011523032340120105,,False,0.9796164273521438,0.9779238092101719,0.9679057096387438,0.9725243828219485,0.934136546184739,0.9161974447623042,0.9125676488204372,0.9141598363012117
