epoch,mse,validation_mse,accuracy,converged,training_accuracy,training_macro_precision_present,training_macro_recall_present,training_macro_f1_present,validation_accuracy,validation_macro_precision_present,validation_macro_recall_present,validation_macro_f1_present
0,0.27752728370681806,0.28004008093202476,,False,0.11015162164875991,0.0919962531650494,0.11625109845496838,0.08575409873142074,0.10441767068273092,0.09712462635848775,0.10716887157611227,0.08373246294608572
1,0.09886867792657203,0.0988561566190073,,False,0.1526257656391204,0.1341215930438088,0.13929067737945205,0.09992546211328354,0.15863453815261044,0.23272664147739677,0.14422822643983685,0.10479546366642807
2,0.08918276127439233,0.08905307561802255,,False,0.23526458479767046,0.19434951961770222,0.2139062276146333,0.10325343096436532,0.23373493975903614,0.15770388847902655,0.2126333860540885,0.10391064312988799
3,0.08140946078402873,0.08103649141501156,,False,0.2982227131238076,0.29869589148543024,0.2719698491577427,0.18118680374767526,0.2971887550200803,0.35438864091379507,0.2709877493499969,0.18151388024964776
4,0.06563988577822179,0.06469404158962332,,False,0.5024600863540516,0.48141798973101085,0.4566121503667848,0.39452380347417276,0.5088353413654618,0.4786304470098859,0.4621179436795162,0.401863525016654
5,0.045177095721198574,0.044617557610501526,,False,0.709107340094387,0.7008982540211742,0.639470892151757,0.6061104886642537,0.7076305220883534,0.7047273099164497,0.6380488218343884,0.6041052395746551
6,0.03480300348753462,0.03469289304403444,,False,0.7871272216085953,0.7828363369673705,0.712468424116087,0.7032507603425047,0.7947791164658634,0.7906957316875921,0.7193986897211976,0.7099768469361836
7,0.031015253584815945,0.031134603298257565,,False,0.8045988553067577,0.8132066112531458,0.7281120621539232,0.7158052320690996,0.8008032128514057,0.812989927250507,0.7244473747604709,0.7104245139511067
8,0.027727102673077073,0.02799228900252287,,False,0.8305050707902399,0.8344756393990778,0.7523469460486392,0.7435651987915795,0.8329317269076305,0.8382229464311721,0.7545733542689128,0.7457138719843304
9,0.024807355832593695,0.025056017869355258,,False,0.8556079927703585,0.8553449536440396,0.7760747251174162,0.7673112812619609,0.8538152610441767,0.8538321194699219,0.774351393276278,0.7658903308237576
10,0.023741404445785614,0.02419164957679801,,False,0.8628376343006325,0.8664468474265408,0.7826622636178945,0.7725797392359187,0.8522088353413655,0.8577243729011401,0.7727868293493177,0.7631564741145219
11,0.02178165302769188,0.022295904391062354,,False,0.8738829199718847,0.8737004799469472,0.7930767878340452,0.7840601965747119,0.8686746987951808,0.8688422888111285,0.7882688199849283,0.7795863113323915
12,0.020858823119554573,0.021511372046038237,,False,0.8799076212471132,0.8812696287088143,0.7986392570544968,0.7893388283036893,0.8698795180722891,0.8717138336595887,0.789354041846699,0.7805961152690125
13,0.019677060812478823,0.020670433734813577,,False,0.8865347926498645,0.8864950715843964,0.8046286853344199,0.7952634380359602,0.8751004016064257,0.8750464132638818,0.7940774993914206,0.7850902140731031
14,0.018711806252011024,0.01996110127936498,,False,0.8895471432874786,0.8889208853701023,0.8074046477490533,0.7984564763697422,0.8799196787148594,0.8797476780287983,0.7986240482055577,0.7897744046487275
15,0.01818173189902802,0.01955291438668576,,False,0.8941660809318205,0.8942876385943457,0.8118414642759065,0.8029070798052302,0.8799196787148594,0.8805954283471304,0.7988116839248968,0.7900951441784366
16,0.017494796782103517,0.019034007321170988,,False,0.8972788432573552,0.8973282130495954,0.8145424069825746,0.8053045445494197,0.8823293172690763,0.8821828062447373,0.8007304116093729,0.7917489301694556
17,0.0169123908664966,0.018626823864587094,,False,0.8989858419520033,0.8989085442076861,0.816138529125389,0.8071562653360158,0.885140562248996,0.8852468058317859,0.8034016356866805,0.7945363930881832
18,0.016425475428834733,0.01811405018093397,,False,0.9021990159654584,0.901979063651573,0.819278760401763,0.810125028941588,0.8883534136546185,0.8879957463968796,0.8065963335180002,0.7975685122703932
19,0.015962083023739797,0.017848834390391626,,False,0.9051109549151521,0.904806565987053,0.8217829631007684,0.8126479514852226,0.88714859437751,0.8866834591227228,0.8053291009439016,0.7962951298462434
20,0.015599101520815848,0.017578448269576514,,False,0.9062154834822773,0.9063686323137965,0.8228768271113871,0.8137238820406869,0.8895582329317269,0.889735132403591,0.8076161235408084,0.7985870523486729
21,0.01523588047796053,0.017350633185630217,,False,0.9086253639923687,0.9084025487717228,0.8250041570863977,0.8157737402426647,0.893574297188755,0.8936183643638592,0.8111653962345852,0.8021290326394102
22,0.014949564222518141,0.017119850111070097,,False,0.9116377146299829,0.9114931485443853,0.8277329575300292,0.8185728268368347,0.8943775100401606,0.8938976282309714,0.8118648784546408,0.802807957984294
23,0.015104306216423944,0.017324657032736505,,False,0.9097298925594939,0.9100051075738039,0.8258541488224723,0.8169642136295624,0.8923694779116466,0.8920706855984529,0.8099935356058254,0.8011138282599788
24,0.014331372059285386,0.016677031569216846,,False,0.9146500652675972,0.9145616722915781,0.8305688685484286,0.8213633613561483,0.8975903614457831,0.8970966411611192,0.8148936184515885,0.8057631869094657
25,0.014194978193301828,0.016603533858908552,,False,0.9155537704588814,0.915133796569442,0.8314269785334995,0.822247439765233,0.8947791164658635,0.8943895873070267,0.8123887308104378,0.8033984806788994
26,0.013873289140059072,0.01636149632679167,,False,0.9167587107139271,0.9162170055565756,0.8324956747528448,0.823229741936083,0.8983935742971888,0.8977299288489817,0.8156829326457226,0.8065335279167497
27,0.013664613457019954,0.01630551989539569,,False,0.9173611808414499,0.9172002001314886,0.8330964594922234,0.8238044620593681,0.8975903614457831,0.8972874416437884,0.8149237442068019,0.8057851341498528
28,0.013423009065234874,0.016035508589599286,,False,0.9184657094085752,0.9180521873232004,0.8340987835813158,0.8247458321785716,0.8995983935742972,0.898982745386583,0.8167892884847251,0.8075947296190858
29,0.013227275100975327,0.015983176320482087,,False,0.9194698262877798,0.919445170087607,0.8350390801263295,0.8257761095481947,0.8991967871485944,0.8989915940757927,0.8163754387465082,0.8072872278987293
30,0.013261169623262093,0.01607937117411092,,False,0.9199718847273822,0.9200438388824882,0.8354611561156564,0.82630823778343,0.8995983935742972,0.8993563448067828,0.8168350094386317,0.8078293905993712
31,0.012829810391711887,0.015721081243905564,,False,0.9216788834220303,0.930077862191212,0.8374766185113602,0.8286522449593434,0.9008032128514056,0.9003104211090844,0.8178989050491877,0.8087107819110096
32,0.012803850449029038,0.015689820859172813,,False,0.9219801184857918,0.9306244984917603,0.8377699852763796,0.828882765625341,0.9004016064257028,0.9002059253304522,0.8175478983404741,0.8083290545528033
33,0.012475923318850562,0.015470101352391156,,False,0.9241891756200422,0.9323359925055714,0.8401812236011228,0.8319516566433992,0.9020080321285141,0.9015058290226345,0.8189885799995753,0.8098992345440045
34,0.0123465923643399,0.015378135621914616,,False,0.9236871171804398,0.9321373882984698,0.8405457371644715,0.8333368250282415,0.9012048192771084,0.9007394350985136,0.8182646136805205,0.8090916083224291
35,0.012196045643601309,0.015325873298961226,,False,0.9256953509388492,0.9337668166507255,0.8423814911116027,0.8352352830032655,0.9028112449799197,0.9022891163702675,0.8197085441655314,0.8106225188903572
36,0.012042387381131668,0.015177767705360196,,False,0.9270007028818155,0.9348823447618323,0.8440515544483366,0.8373899365837365,0.9040160642570281,0.903426731484598,0.8208738512478578,0.811743106573301
37,0.011890723226698197,0.01504236730506244,,False,0.9265990561301336,0.9162004304648195,0.8436972801921946,0.837014019099449,0.9072289156626506,0.9067762521933345,0.8238730421983678,0.8146456251577165
38,0.011745525205885435,0.014984415318740767,,False,0.9283060548247816,0.9362069894095575,0.8452088829410402,0.8385456941847599,0.9068273092369478,0.9064110332328954,0.8234141844755174,0.8142810482143509
39,0.011633907361391181,0.014900370313321967,,False,0.9284064665127021,0.9175986433660867,0.8453774428499253,0.8386606877427135,0.9056224899598394,0.9050062891782531,0.8224177825314692,0.8131921015700456
40,0.011489904999028935,0.014852505516440363,,False,0.9292097600160659,0.9184035481210514,0.8460784527907208,0.8393979289405986,0.9060240963855422,0.9159280607138763,0.824368696560938,0.8173591655965583
41,0.011350682105568695,0.014777875205887104,,False,0.9299126418315092,0.9216565862471838,0.8471686837142947,0.8409150481429735,0.9060240963855422,0.9159053228807829,0.8244122867004136,0.8173226359324677
42,0.01122684170731207,0.014729492103489701,,False,0.9309167587107139,0.9182377666115982,0.8493123516450144,0.8445415833988926,0.9060240963855422,0.9158531366797769,0.8243602118676161,0.8173052197942297
43,0.011126696412179744,0.014660380346281839,,False,0.9318204639019982,0.9115051444847961,0.8501320230168248,0.8453330560725082,0.9060240963855422,0.9157943728230588,0.8260509343542869,0.8210159658670229
44,0.011003188065911048,0.01451927090482237,,False,0.9328245807812029,0.9126493831424884,0.8523836581233237,0.8488797203356051,0.908433734939759,0.9181715368983938,0.8283167112068242,0.8232857492623625
45,0.010888195346183393,0.014486250711195418,,False,0.9342303444120895,0.9176466759151823,0.8561572943320503,0.8551294781468937,0.9076305220883534,0.8899043903164588,0.8292308870440972,0.8260404504449099
46,0.010819031938207043,0.0144253060032605,,False,0.9340295210362486,0.9161933219074214,0.8555079097641426,0.8541660456262296,0.9080321285140562,0.8957205282944193,0.8312929306824743,0.829851792445023
47,0.010628281975383486,0.014317775710581626,,False,0.9361381664825785,0.9232283508320518,0.8616776529823499,0.8637986977118763,0.908433734939759,0.8714201910165661,0.8316626032155597,0.830018864541783
48,0.010537281369346117,0.014384527370493245,,False,0.9373431067376242,0.9262632398609636,0.8644132573408108,0.8678176105293827,0.908433734939759,0.8713045431957545,0.8315959375710718,0.8299637039714809
49,0.01040823725104971,0.014221346361804115,,False,0.9373431067376242,0.9263327520847393,0.8644460122433097,0.8678411498227898,0.9092369477911647,0.8780462749701067,0.8340793430116423,0.8338953026271416
50,0.010290358405857077,0.01418770190028132,,False,0.9390501054322723,0.93117713686556,0.8723082101074288,0.8794286530332195,0.9092369477911647,0.861096163848988,0.8357005797514471,0.8362794780191707
51,0.010176192071926124,0.014050722718545365,,False,0.9401546339993976,0.9302258395976281,0.8775529194146521,0.8861891696699515,0.9112449799196787,0.876815784202956,0.8444182367628768,0.8487665061105055
52,0.010093677218061882,0.01401854489514653,,False,0.9401546339993976,0.9325378899309036,0.8766896150386366,0.8852227603436381,0.9112449799196787,0.8847908303071164,0.8443860178806788,0.8492762923289888
53,0.009949205717107694,0.013906210022055812,,False,0.9412591625665228,0.9306502743362149,0.8777236438988221,0.8860475683499419,0.9120481927710843,0.8878709033598322,0.8468030371949404,0.8525971208764986
54,0.0098460071482457,0.013871708102754957,,False,0.9425645145094889,0.9349024100746662,0.8822573645368643,0.8919168267229038,0.91285140562249,0.8885695613756972,0.8475138991547576,0.8532963166119254
55,0.009825662245907753,0.01378972874364152,,False,0.9429661612611708,0.9307353648266334,0.8863937858111113,0.8963439957946796,0.91285140562249,0.8886011967906661,0.850878010395022,0.8577207420480044
56,0.009651070951600399,0.013651533071808102,,False,0.9437694547645346,0.9326821633982715,0.8858717144707657,0.8957472697625453,0.914859437751004,0.8902376686229587,0.8527329705158717,0.8595182777470316
57,0.009557139880570192,0.013601006422036791,,False,0.944070689828296,0.932372198863892,0.889122133165594,0.8993482043752012,0.9140562248995984,0.8895141379366103,0.8520269881312736,0.8587685377451947
58,0.009453442919763496,0.01351875988624536,,False,0.9447735716437393,0.9326192281220299,0.8910361437183083,0.9013550112542946,0.9152610441767068,0.8889824201148677,0.8548315603802902,0.8617997684361849
59,0.009341317746061872,0.013497911330682538,,False,0.9448739833316598,0.9358562818996943,0.8919626634617026,0.9028584279408007,0.9156626506024096,0.8942535572484935,0.8568609062620411,0.8647401834398991
60,0.009250605605251096,0.013482031384124654,,False,0.9458781002108645,0.93537937171243,0.8941136435936404,0.9049003954568471,0.9168674698795181,0.8948962445940247,0.8613458339970941,0.8695790612683864
61,0.00912765376382827,0.013412629750051374,,False,0.9463801586504669,0.9332759728711859,0.8962574311802776,0.9066329904683398,0.9176706827309237,0.896903887317565,0.8637610575718617,0.8723152361946493
62,0.009074884642962832,0.01338146903793311,,False,0.9472838638417512,0.9349617064462333,0.8992311778565786,0.9097362798450384,0.9168674698795181,0.8961787382126057,0.8630338518137244,0.8715773124949105
63,0.008970787369026274,0.013295045074872268,,False,0.9479867456571945,0.9377411281218683,0.8994398913323097,0.910367835360065,0.9160642570281124,0.8972971957266489,0.8606021271597775,0.8693212667619061
64,0.008930667060232204,0.013343717877798988,,False,0.9477859222813535,0.9335454797489725,0.9017408680017086,0.9116893365543712,0.9156626506024096,0.895230113232569,0.86186694070089,0.8704297137128274
65,0.008768113836892846,0.013190713422802001,,False,0.9482879807209559,0.93663597608774,0.9001422509781389,0.910772033006694,0.9180722891566265,0.900243313813673,0.864148618989101,0.8731477684768949
66,0.008706819943630218,0.013177377307369467,,False,0.949794156039763,0.9381859776576965,0.9040411569346867,0.9145938964871022,0.9156626506024096,0.8923647089804114,0.8619115088755723,0.8700171596148266
67,0.008638680182321818,0.013120415853873347,,False,0.9494929209760016,0.9391862892045313,0.9008324570944636,0.9117489182622295,0.9180722891566265,0.9035571992792537,0.8641446262228295,0.8736590460694442
68,0.008575974239774407,0.013131244776859554,,False,0.9503966261672858,0.9400201588264058,0.9041777421782784,0.9150351452771641,0.9172690763052209,0.8966165151840705,0.8634041885934571,0.8719668230531534
69,0.00846308916330265,0.013032703725118906,,False,0.9503966261672858,0.9391541099928966,0.9058615103385781,0.9163716939336655,0.9192771084337349,0.8983526808520126,0.8652671872217632,0.8737855005284721
70,0.008400790740907613,0.013041610229795999,,False,0.9511999196706497,0.9425204966621185,0.9057469605259872,0.916926432750101,0.9172690763052209,0.8966373520959531,0.8633907386614404,0.8719866770584292
71,0.008322500717280629,0.012954495323579231,,False,0.9511999196706497,0.9413600798531565,0.9065799234469597,0.9174314439691109,0.9184738955823293,0.9006351399600625,0.8645276630244559,0.8735230522636321
72,0.008245145422580901,0.012952660884271631,,False,0.951902801486093,0.9415689268266588,0.9080608284272862,0.9187461932674468,0.9164658634538153,0.8988636534653554,0.8626265285918459,0.8717041008859633
73,0.00817260929057617,0.012945054962290784,,False,0.9522040365498544,0.9425015812688193,0.9083227394971575,0.9191804316180541,0.9172690763052209,0.9006372257186886,0.8650454412086275,0.874400413079742
74,0.008123781582944559,0.012916864520693077,,False,0.9529069183652977,0.9434705234889547,0.9102353830329935,0.9210360914418116,0.9164658634538153,0.8970291685821352,0.8643150782578172,0.8731942891950021
75,0.008079690890654686,0.012834900113262463,,False,0.9526056833015363,0.9432812974116216,0.9099751821692332,0.9207475302217707,0.9184738955823293,0.902797789709923,0.8678597913126153,0.8774003024920618
76,0.008023039806158842,0.012804255168726084,,False,0.9533085651169796,0.9443086989054394,0.9118632266264703,0.922588834746795,0.9188755020080321,0.9062798537470618,0.8682248535666122,0.8783243242926392
77,0.007950245299530307,0.012863860658418155,,False,0.9544130936841049,0.9459619156699177,0.9128766079741732,0.9237937442519348,0.9188755020080321,0.8993149134455876,0.8665744490917721,0.8754386765753042
78,0.007877066779799541,0.012829252433988943,,False,0.9549151521237071,0.9461062996494272,0.9149979704339708,0.9256252451708651,0.9188755020080321,0.8976316997062891,0.8681819013219881,0.8767645738483436
79,0.007958104645133201,0.01292452350864903,,False,0.9535093884928205,0.9458397835738199,0.9124412364965723,0.9235047779018891,0.9172690763052209,0.9017379058158203,0.8667218252147696,0.8763166208277501
80,0.007723344641707679,0.012752581501509874,,False,0.9554172105633095,0.9485308991186285,0.9154678177490082,0.9265686106514255,0.9180722891566265,0.9023919457452629,0.8674868410891012,0.8770719544214018
81,0.00764970473961825,0.01272373389864299,,False,0.9552163871874686,0.9469882154943023,0.9148573591138365,0.9256801805696698,0.9192771084337349,0.9066247607180004,0.8685996029466864,0.8787269389068613
82,0.007595470421073376,0.012694826584161975,,False,0.955718445627071,0.9480316934235589,0.9178366582150521,0.9284089495707443,0.9180722891566265,0.9006330661433477,0.8691729477339,0.8783726997968105
83,0.007561039419295674,0.01269095512015342,,False,0.9564213274425143,0.9489285542241102,0.9168027158248483,0.9277371334368915,0.9208835341365462,0.9049699541446928,0.8700210427509392,0.8796650961396728
84,0.00748501115056182,0.012681888030843467,,False,0.9565217391304348,0.947004291448171,0.9194430499676205,0.9293842808392524,0.9200803212851406,0.9024634169879664,0.87104803825811,0.8802430277618928
85,0.007429297241528441,0.012594216761318765,,False,0.9571242092579576,0.9501881554295224,0.920404204154524,0.9309773097630654,0.9196787148594378,0.9010686954073983,0.8689741402357398,0.8780663527034641
86,0.007362526013906021,0.012610588904702812,,False,0.95762626769756,0.9511651378752161,0.9204447898182492,0.931252515671502,0.9216867469879518,0.9088504782641417,0.8708231689822383,0.8809627703437584
87,0.007333062366358432,0.012515605979788996,,False,0.9579275027613214,0.9521200737059576,0.9207316494417471,0.931676954201869,0.9216867469879518,0.9087689589099731,0.8708148781436199,0.8809326717196915
88,0.0073171591594713686,0.012502492953512613,,False,0.9570237975700372,0.950645645855441,0.9194703122573278,0.9303108742729511,0.921285140562249,0.9085628809569477,0.8704598726988737,0.8805576114673799
89,0.007238068987385932,0.012633022873560934,,False,0.9586303845767647,0.9507077661410038,0.9238818077899117,0.9338081629373729,0.9196787148594378,0.8982538356266271,0.8723200589632769,0.8805799840886706
90,0.0071475405063700405,0.012546762453281997,,False,0.959534089768049,0.9537027021383668,0.9263965154859376,0.9365689645884167,0.9220883534136546,0.9052169196735984,0.8745622869991571,0.8839002409079202
91,0.007106056093859025,0.012539933483044373,,False,0.9591324430163671,0.9529446704590855,0.9239363383975806,0.9344462870523849,0.9204819277108434,0.9056124078923392,0.871391088705777,0.8811398536012316
92,0.007037615254287206,0.012449587853012726,,False,0.9592328547042875,0.9532067939238282,0.9248535529783867,0.9352269797273982,0.9224899598393574,0.9104781611859385,0.8732200400238284,0.8835347550167945
93,0.006984293979072166,0.012421962831710227,,False,0.9601365598955719,0.9543098739471376,0.9273786838621216,0.9374591424919141,0.9220883534136546,0.9079660167779894,0.8745281663319546,0.884431324656075
94,0.006938855562616356,0.012467467229127806,,False,0.9603373832714128,0.9544717557913961,0.927548590636685,0.9376448679333362,0.921285140562249,0.9035924389767123,0.8720778615171115,0.881353970883649
95,0.006887285032348926,0.012430092852422088,,False,0.9606386183351742,0.9549045813906655,0.9286738339854045,0.938594314940191,0.9224899598393574,0.9018211496110804,0.8766501464208506,0.884906781812561
96,0.006847658773699467,0.012432487002572943,,False,0.9605382066472538,0.9549080643495864,0.9289822915433675,0.9388409263730068,0.9216867469879518,0.9011463084299471,0.8758562461537063,0.8841326156079479
97,0.0068218050153146985,0.012367928076798377,,False,0.9617431469022995,0.9553527671786353,0.9301221196678957,0.9397644211754516,0.9216867469879518,0.904223030875807,0.8775725397397943,0.8863322264221901
98,0.006778655939828468,0.012463856215263231,,False,0.9613415001506175,0.9539825146752625,0.9305907261309899,0.9397127125149465,0.9208835341365462,0.9013032536558241,0.8768150707637191,0.885098193964041
99,0.006740021175912091,0.012328896999651846,,False,0.9620443819660609,0.9563219339599822,0.9307859544106974,0.9405366212149178,0.9240963855421687,0.9088245854836123,0.8797664676483667,0.889150042727314
100,0.006662871092147727,0.012375325137994149,,False,0.9621447936539813,0.9547783767012648,0.931752291794017,0.9407772721908135,0.9224899598393574,0.9026709237819054,0.8782961929477644,0.8865456362894005
101,0.006602459054036992,0.012322254321083125,,False,0.9620443819660609,0.9575538105595266,0.9312234319449476,0.9412542451220722,0.923293172690763,0.9057946837012695,0.8790240162187186,0.8878754927063695
102,0.006551137929440187,0.012348501560104558,,False,0.9630484988452656,0.9559327796205402,0.9342405877407979,0.9429148730000444,0.9220883534136546,0.9024712239021204,0.8779113400246092,0.8862128304674518
103,0.006503391789569016,0.012317675307833653,,False,0.9639522040365499,0.9590552197853316,0.9354745149431718,0.9447848187654839,0.9224899598393574,0.9036546318518776,0.8799522629178914,0.8882043555978467
104,0.006497567473398894,0.012349922945520096,,False,0.9630484988452656,0.9580079083756414,0.933389875973977,0.9429811098442108,0.9228915662650602,0.9052096759912204,0.8786236546638646,0.8874645477463844
105,0.006419820198151927,0.012264914601416828,,False,0.9638517923486294,0.9592948111224513,0.933722135494317,0.943579169337452,0.923293172690763,0.9056404125674224,0.8789913482309543,0.887863735210331
106,0.006376287167417893,0.01228234827455615,,False,0.9636509689727885,0.9582770755950593,0.935621972180519,0.9446509364758389,0.9240963855421687,0.9096053676569793,0.8814180249024314,0.8908179356252849
107,0.006331546534062721,0.012280237822573915,,False,0.9639522040365499,0.9596465090290699,0.9359225067903336,0.945296129612546,0.923293172690763,0.9087556005207647,0.8807132979255017,0.8900374572646176
108,0.0062802628166694335,0.01224609881154838,,False,0.9645546741640727,0.9601602074004116,0.936031993832294,0.9455238592976405,0.9244979919678715,0.9098526551764077,0.8817805882406415,0.8911592948969612
109,0.006254490989260484,0.012179595843993841,,False,0.9648559092278342,0.9605300135465288,0.9371472354825724,0.9464286009373617,0.9248995983935743,0.9079390082020711,0.8821585864466255,0.8909662495398563
110,0.006224025497979359,0.012211860935828147,,False,0.9650567326036751,0.9611901981218787,0.9365003598477851,0.9461685644999837,0.9240963855421687,0.9105215908134076,0.8780235041585776,0.8880278692058596
111,0.006148260531880971,0.012174499574704338,,False,0.9651571442915955,0.9604028675042076,0.9386839646789823,0.9474684858974664,0.9257028112449799,0.9085623233498004,0.8829029311787936,0.8916799092179216
112,0.006129967560364699,0.012151299928675032,,False,0.9657596144191184,0.9611312065912274,0.9405071314145955,0.9489521862942384,0.9248995983935743,0.905751712125328,0.8821970344576713,0.8903676242659427
113,0.006091787444287999,0.012263213894275527,,False,0.9656592027311979,0.9610235790886242,0.9403980119200297,0.9488572399532136,0.9240963855421687,0.9071574259037037,0.8814173989071301,0.8902076266009595
114,0.006120009890479997,0.012204441934005307,,False,0.9653579676674365,0.9608260380399926,0.9401325590951299,0.9485863264873033,0.9253012048192771,0.908475120434521,0.8825404619865433,0.8913090748398713
115,0.006004028166037464,0.012178765961123852,,False,0.9664624962345617,0.9622921185003853,0.9411631950933033,0.9497878256560424,0.9236947791164659,0.9067261943622511,0.881044542829576,0.889810095402044
116,0.005964658893794953,0.012166701261904604,,False,0.9664624962345617,0.9618275101963197,0.94157100951048,0.9499182504569459,0.9248995983935743,0.9078488562455345,0.8821399943861788,0.8909611151839579
117,0.005914773746102255,0.012131747986766531,,False,0.9669645546741641,0.9624036509545297,0.9433027020401948,0.9512700989716998,0.9244979919678715,0.9074444098714736,0.8818037049167009,0.890539679909495
118,0.005895588782263721,0.012138525118472385,,False,0.9666633196104026,0.9616769349814265,0.9434239825481671,0.9511041777485918,0.9248995983935743,0.903598167459838,0.8821726657910095,0.8898109071513153
119,0.00590279653743941,0.012090615564354094,,False,0.9669645546741641,0.9630084215373055,0.9437202745356443,0.951748155121721,0.9253012048192771,0.908355432005246,0.882583957980059,0.8913015605224742
120,0.005800011478345113,0.012112618420158563,,False,0.9674666131137665,0.9629381662978785,0.9441765413826574,0.9520395487423036,0.9257028112449799,0.9072528060237111,0.8845973550140065,0.8927109767388708
121,0.0057689675443220656,0.012090224309366472,,False,0.9672657897379255,0.9626787929096885,0.943580875767165,0.9515511696874618,0.9261044176706827,0.9075149069472856,0.8849785019301789,0.8930473149209877
122,0.00575272653569426,0.01205443548050952,,False,0.9676674364896074,0.9636270005052976,0.9443673526238003,0.9523916395396146,0.9265060240963855,0.9116122944845387,0.8836934888810459,0.8929665388001639
123,0.005957566500954701,0.012120629405628462,,False,0.9658600261070388,0.9626071260063807,0.9426844064563681,0.9509006882880412,0.9269076305220884,0.9130938180813144,0.8857709461008191,0.8949773042461422
124,0.005661241427045938,0.012042052040136687,,False,0.9678682598654483,0.9643511683289757,0.9445355032945906,0.9527748738895223,0.9273092369477912,0.9121764472692779,0.8894608043219,0.8978413016624687
125,0.005626565701826314,0.012008916393283268,,False,0.9678682598654483,0.9638040435527565,0.9445387235175908,0.9525789530362176,0.9273092369477912,0.9114251772516001,0.88777604723073,0.8963042854329392
126,0.005598029901530695,0.01203803200017373,,False,0.9680690832412893,0.9645586257886433,0.9451440485724161,0.9532477837663238,0.927710843373494,0.914001362613884,0.8881514226061055,0.897269565643232
127,0.005664124904411405,0.012120956768142638,,False,0.9678682598654483,0.9634519104874898,0.9462056451631248,0.9535606942912919,0.9273092369477912,0.9142379752752468,0.8894659668323646,0.8984105829564507
128,0.005539549678236618,0.01200304575522307,,False,0.9686715533688122,0.9656655074891813,0.9457023752562199,0.9539996663948863,0.9285140562248996,0.9153965719877178,0.8906004839128302,0.8995527871322953
129,0.005509061264932988,0.012017043973362998,,False,0.9687719650567326,0.9652897861419107,0.9466346100403416,0.9544834959504919,0.9273092369477912,0.9142042421466822,0.8894767735517382,0.8983809107207382
130,0.005483884168479943,0.012010470112510644,,False,0.9685711416808916,0.963631046048647,0.9468688037340213,0.9540334648434567,0.9281124497991968,0.9149997768689051,0.8902224857068463,0.8991712497578612
131,0.0054745656454164866,0.01197619828547146,,False,0.9689727884325735,0.9650556709191765,0.9476581712726071,0.9550618486827341,0.9265060240963855,0.9135971844308721,0.8887401072107896,0.897671146755725
132,0.00541808319938809,0.012004929881138226,,False,0.9693744351842555,0.966353967845732,0.9471877890795475,0.9552298688278452,0.9281124497991968,0.9149857596032965,0.8902155478389224,0.8991383647982324
133,0.005387413100151155,0.011999636296476598,,False,0.9694748468721759,0.9644925064698148,0.9481119653948014,0.955143555633045,0.9265060240963855,0.9093871357974154,0.8887178295253952,0.8964601750504334
134,0.0053704002501780935,0.01199481118407838,,False,0.9695752585600964,0.9656196864829444,0.9486178923694502,0.9558977488627958,0.927710843373494,0.9146160808223992,0.8898401724635472,0.8987710902137356
135,0.005344581542102021,0.011979637929441836,,False,0.9696756702480168,0.9656910340644524,0.948296039024253,0.9557050941763919,0.9281124497991968,0.9150274345312452,0.8902335020045175,0.8991398447706952
136,0.005309173039704552,0.011941236143084712,,False,0.9694748468721759,0.965989441471062,0.9481122444782224,0.9557028384858823,0.927710843373494,0.9146043298909675,0.8898580409656662,0.8987862022269287
137,0.005271701842031365,0.011936159480532215,,False,0.9695752585600964,0.967668545842694,0.9481977687523037,0.9563718119236653,0.9273092369477912,0.9142152694381394,0.8894742542539169,0.8984056735868554
138,0.005255810518922564,0.011944366705679593,,False,0.9696756702480168,0.9662494563429935,0.9491387779957585,0.9564558733834149,0.9289156626506024,0.9157151451379575,0.8909650346995205,0.8998401628732563
139,0.005302839892806972,0.011958864810964752,,False,0.9698764936238579,0.9664386887623737,0.948898326931523,0.9563610652473642,0.9285140562248996,0.9155405955098223,0.8906261079871606,0.8995555072819106
140,0.005222429867107465,0.01193479737559907,,False,0.9698764936238579,0.9659309705138074,0.949312445049721,0.9564528229675147,0.927710843373494,0.9146073492482765,0.8897980294407262,0.8987411836899997
141,0.005183176366128933,0.011861534307429176,,False,0.9698764936238579,0.9679431615409114,0.9484722179483445,0.9566477614639847,0.927710843373494,0.9139865422059648,0.888143229330513,0.8972700321619508
142,0.005218538679506873,0.01189918532624157,,False,0.9699769053117783,0.9660098517113993,0.9489857412256162,0.9562573650669957,0.927710843373494,0.9148750097993956,0.8898682097901884,0.8988305745942112
143,0.005175983239701215,0.011942903432676524,,False,0.9701777286876192,0.9667418957578163,0.9495892646234334,0.9569189776136918,0.9305220883534137,0.9179896065597999,0.8941025529487803,0.9028389316086756
144,0.005160193569669277,0.011951083179574024,,False,0.9705793754393012,0.9666895611363377,0.9508030565592066,0.9576722529468397,0.9301204819277108,0.9176260016392178,0.8937170053318167,0.9024752177082992
145,0.005089529380998476,0.011879222188796728,,False,0.9704789637513807,0.9674879287006919,0.9494551740044026,0.9571104072170693,0.9273092369477912,0.9136605302731073,0.887747611536506,0.8968739759780847
146,0.005059355779001949,0.011885189747171647,,False,0.9704789637513807,0.9674950946500984,0.9498751398976686,0.9573877196281975,0.9293172690763052,0.9160746716171297,0.8912743534607404,0.9001872579939678
147,0.005066300879040915,0.011886102169321658,,False,0.9704789637513807,0.9684932340504336,0.9490368594300844,0.9572081430376174,0.9285140562248996,0.91471071871711,0.8889048937504906,0.897986112249614
148,0.005045110132270326,0.011876596523753445,,False,0.9707801988151421,0.9677924978824426,0.9505732358936729,0.9579519776898111,0.9289156626506024,0.9150260774945996,0.8892604131752668,0.8983354035770379
149,0.004986546123741928,0.01186560880659066,,False,0.9708806105030625,0.967394442852611,0.9506600016905499,0.9578528467273668,0.927710843373494,0.9146209923030475,0.8898223039614278,0.8987515579283074
150,0.004974464515024959,0.011819755055554644,,False,0.9707801988151421,0.9687992392215725,0.949726008212083,0.9577696849176431,0.9285140562248996,0.9146557887749227,0.888843529254856,0.8979504086178134
151,0.004949066953671739,0.01187098224932791,,False,0.970981022190983,0.9675030259294962,0.9507556042287391,0.9579476248122938,0.929718875502008,0.9170972193245888,0.8933447786666299,0.9020731233784635
152,0.004996065867998428,0.011891267464731424,,False,0.9707801988151421,0.9683109460553949,0.9505611499508407,0.9581428858193076,0.9289156626506024,0.9156865736190789,0.8908822793274387,0.8998041968186347
153,0.0049095212169226795,0.01186411234398142,,False,0.9710814338789036,0.9675762201643349,0.9508490542373473,0.9580305408660968,0.9305220883534137,0.9172105350860984,0.8923685232578791,0.901289628930885
154,0.004879214254571508,0.01184039716563798,,False,0.9710814338789036,0.9680462296493914,0.9504277244150958,0.9579386242503064,0.9281124497991968,0.9149816399361332,0.8901576929828438,0.899123611941659
155,0.004877605289699386,0.01187105590411241,,False,0.971181845566824,0.968178583334854,0.9509439002413536,0.9583187754502149,0.9289156626506024,0.9157330749934144,0.8909168465874843,0.8998488209907377
156,0.004836479802457322,0.011828722435014804,,False,0.9713826689426649,0.9693911069291167,0.9511252130162977,0.9588896262150186,0.9289156626506024,0.915073879481582,0.8892058096578208,0.8983091027649385
157,0.004824345993225927,0.011817438249460013,,False,0.9713826689426649,0.968887976741342,0.9511264201515272,0.9587010871044652,0.9285140562248996,0.9146492955611156,0.8888003882209466,0.8979016170392574
158,0.004793204225862337,0.011848127334332185,,False,0.9714830806305854,0.9684549605909059,0.9512197908331331,0.9585959805006917,0.9285140562248996,0.9153703673157941,0.8905273858979638,0.8994597739179837
159,0.004808196426977815,0.011814035665818,,False,0.9712822572547445,0.9687947248954214,0.9510330494699212,0.9586050547962321,0.9285140562248996,0.9148045120602164,0.8888317923185582,0.8979358873088911
160,0.004759257739649149,0.01180304400096702,,False,0.9715834923185058,0.9690443618347307,0.951306076388875,0.9588734917169384,0.9293172690763052,0.9154079311368721,0.8895607972332557,0.898642294838189
161,0.004736836542875505,0.0118152800173951,,False,0.9716839040064263,0.9691377778974931,0.9514052466642376,0.9589688756545891,0.9293172690763052,0.9154715070900585,0.8895811850331962,0.8986572216170534
162,0.004725577235214427,0.011822354046261507,,False,0.9719851390701878,0.9689226429542112,0.9521044948899093,0.959339128887179,0.9293172690763052,0.9160803584281619,0.8912768727585618,0.900184056759477
163,0.004708471621682282,0.011825068541310104,,False,0.9723867858218697,0.9692975173059146,0.9524708995693663,0.9597071940017167,0.9301204819277108,0.9168176949238662,0.8920047164115508,0.9009112840545451
164,0.004675832432266183,0.011796279417609572,,False,0.9723867858218697,0.9692618655919288,0.9520419243256772,0.9594187677369719,0.9293172690763052,0.9154500418706407,0.8895620611234085,0.8986432456857081
165,0.004659913805469645,0.0117813385110753,,False,0.9720855507581082,0.9684944337022056,0.9517757943998552,0.9589625885588258,0.9289156626506024,0.9157262154037534,0.8908989865678494,0.8998336966437184
166,0.004644422145058273,0.011801136408081565,,False,0.9725876091977106,0.968953009130968,0.9526627996740911,0.9596887222050676,0.9293172690763052,0.9161075234936765,0.8913011472792635,0.9002032046102086
167,0.0046333115616845185,0.011811559817882025,,False,0.9726880208856311,0.9690533875896234,0.9527493704620267,0.9597835021042828,0.9293172690763052,0.9160753417706844,0.891243051991573,0.9001740717998863
168,0.004606308732294011,0.011803904065866962,,False,0.9727884325735515,0.9696333530762892,0.9524126618515876,0.959794663753119,0.9293172690763052,0.9160948605652348,0.8912564849586213,0.9001794722913922
169,0.004583370786118239,0.011777644599206244,,False,0.972888844261472,0.9692393818886157,0.9529221052848027,0.9599670573009015,0.9293172690763052,0.9160509929153233,0.8912768727585618,0.900171575516211
170,0.004596590962098543,0.011786377667024731,,False,0.973089667637313,0.9699311814736059,0.9531048933821469,0.9603462022943098,0.9301204819277108,0.9184955182627041,0.8902847541654832,0.8999662341957573
171,0.0045573686149429395,0.011806574434982049,,False,0.9729892559493926,0.969327397699746,0.9530159491286463,0.9600535090270227,0.9305220883534137,0.9172161921740144,0.8923743032811604,0.9012847371443049
172,0.004531277288935244,0.011768506798702479,,False,0.9729892559493926,0.9693452071096806,0.9530128082326483,0.9600630200588903,0.9281124497991968,0.9167136994162602,0.8884754467070106,0.8981885313976785
173,0.004515140726532549,0.01176513836289506,,False,0.973089667637313,0.9699212434007526,0.9526847706951249,0.9600703714633274,0.929718875502008,0.9206485278302361,0.8898779627929461,0.9002515291186377
174,0.004515819448259025,0.011793286654708591,,False,0.9729892559493926,0.9693209394415843,0.9530159491286463,0.9600500180349901,0.9313253012048193,0.9231175541778069,0.8947779871913999,0.9047653566354076
175,0.004484574188960952,0.011787776557080343,,False,0.9732904910131539,0.9700900849982435,0.9528637089130191,0.9602431157399791,0.9293172690763052,0.9203486415080485,0.889547347301239,0.8999101554024842
176,0.004472553038663484,0.011736510444714604,,False,0.9734913143889948,0.9708124453575263,0.9534716233047268,0.9609091693561945,0.929718875502008,0.9206698400670759,0.8899298701228356,0.900283877384668
177,0.004524096236071356,0.011756857719199699,,False,0.9731900793252335,0.9710247256868375,0.9527709638988829,0.9605396451879096,0.929718875502008,0.9207000973495406,0.8899239959535943,0.9002933891195697
178,0.004437347490284671,0.011767767496555757,,False,0.9734913143889948,0.970311835347725,0.9534664455610867,0.960718049359902,0.9289156626506024,0.9180128806895664,0.8908937299114251,0.9004748105297566
179,0.004425974800691942,0.011758278208888364,,False,0.9733909027010744,0.9707106532489715,0.9529523750132228,0.9605311759184324,0.9305220883534137,0.9218844102640783,0.8922987652951816,0.9025338401904432
180,0.004401985809653059,0.011767580696166754,,False,0.9733909027010744,0.9697023386897866,0.9533757426132409,0.9604265284790474,0.9285140562248996,0.9176911585895778,0.8905305405779136,0.9001259115727382
181,0.004387914768962979,0.011713431306847433,,False,0.9735917260769154,0.9708813905915851,0.9531332726120056,0.9607164932590648,0.929718875502008,0.9211207914493866,0.8915915190204308,0.9018254283652846
182,0.0043795182790665795,0.01176347955953165,,False,0.9738929611406768,0.9702163439143694,0.9546810242466095,0.9614403613035652,0.9305220883534137,0.9183332198912628,0.8957788309094119,0.9042517149259215
183,0.004351620876217303,0.011741158042453253,,False,0.9735917260769154,0.9698959321260543,0.9535520914942528,0.9606077254472862,0.9301204819277108,0.9190941310065068,0.8919738322637298,0.9015775436272927
184,0.004336558054571114,0.011735373747995157,,False,0.9737925494527563,0.970091522278784,0.9537334983200688,0.9608007608076181,0.9293172690763052,0.9183675982232011,0.8912052130108601,0.9008125994452512
185,0.0043192534940184185,0.011726486642996463,,False,0.9739933728285972,0.9707898453537666,0.9543555760459683,0.9614570446881383,0.9301204819277108,0.9196640497936257,0.8937092412771214,0.9030848180555273
186,0.004365848117090627,0.011753564780837934,,False,0.9738929611406768,0.9706658121425618,0.953841428031351,0.9610755265468445,0.9305220883534137,0.9195008703566179,0.8924023584771132,0.9019419272706161
187,0.004298103018781508,0.011680986770618223,,False,0.9739933728285972,0.9707567204595262,0.953923380579279,0.9611672050346001,0.9289156626506024,0.9157850805379886,0.8908994038891961,0.899871433690381
188,0.004294250232503852,0.01174713880376617,,False,0.9743950195802792,0.9712030926663188,0.9551367768195677,0.962111518249859,0.9305220883534137,0.9205292194675183,0.8957693652611827,0.9049039337444663
189,0.004258045464501839,0.011729951309559276,,False,0.9740937845165177,0.9714046047660508,0.9544500517060547,0.9617455326849171,0.9313253012048193,0.9207186895847769,0.8947880797392737,0.9041649190323979
190,0.004265918903945628,0.011760541549646257,,False,0.9740937845165177,0.9708854559110957,0.9544468314830543,0.9615440904414988,0.9321285140562249,0.9214887410517524,0.8955254662214833,0.9048667927037464
191,0.0042506896662773625,0.011744109236869374,,False,0.9744954312681996,0.9717596257384247,0.9548187514541985,0.9621056672783196,0.9313253012048193,0.9207468120511505,0.894795103270673,0.9041701870496374
192,0.004225327217500044,0.011723892621746121,,False,0.9743950195802792,0.9711840768825781,0.9547106640190361,0.9618274419053575,0.9305220883534137,0.9195115179533536,0.8922962375148761,0.9019193704306456
193,0.004194358766973739,0.01171061875598687,,False,0.9743950195802792,0.9716745382803942,0.9547249066802304,0.9620200101747598,0.9301204819277108,0.9196238964317163,0.8936739300767138,0.9030675685849351
194,0.00419092207547601,0.01173623832442309,,False,0.9745958429561201,0.9719065587795988,0.9553199185798581,0.9624865730169999,0.9317269076305221,0.9215902265133765,0.8968002891597168,0.9059409226987492
195,0.0041758907203058,0.011700308335592373,,False,0.9748970780198816,0.9726752979067904,0.9551907735820918,0.9626944840192384,0.929718875502008,0.9187478450126009,0.8916053862737942,0.9012122261238092
196,0.004154409994586496,0.011716938766271437,,False,0.974796666331961,0.9725645050223588,0.9551005437964838,0.9625877362663142,0.9305220883534137,0.9194633756864832,0.8923332299267831,0.9019286030706295
197,0.00414788942782401,0.011694477339281192,,False,0.974997489707802,0.972766947135017,0.9552732786192598,0.9627789589675341,0.9293172690763052,0.9183858720279205,0.8912434608304355,0.9008381823437159
198,0.004123587926044087,0.011696861095691567,,False,0.9748970780198816,0.972663326652448,0.9551912467443296,0.9626836587670573,0.929718875502008,0.9186979428077827,0.8915862623640065,0.9011788585577702
199,0.004106252772836515,0.011711300158169735,,False,0.9750979013957225,0.9728523723542448,0.9553670440662257,0.9628678206893638,0.9305220883534137,0.9200086567782816,0.8939735820938913,0.9034132114008424
200,0.004103351657552929,0.011704527070135709,,False,0.9751983130836429,0.9724230990978894,0.9554556417356775,0.9627613450135342,0.929718875502008,0.918725967610589,0.8915850069563379,0.9012035403048527
201,0.004079072016087069,0.011712250470272105,,False,0.9752987247715634,0.9725231823982912,0.9555495649065239,0.9628565194379006,0.9313253012048193,0.9207625532471762,0.894774629807257,0.9041859138274627
202,0.004081304553188863,0.0117079555321999,,False,0.9753991364594838,0.9726584582314945,0.9560579826882607,0.9632342090682818,0.9305220883534137,0.9200640328117667,0.8940435169463237,0.9034704131068279
203,0.004054254522280937,0.01177093249747694,,False,0.9753991364594838,0.9721597560447895,0.9564835574548662,0.9633085249904281,0.9309236947791165,0.9204228126186648,0.8943338178432663,0.9037611424924596
204,0.004041273722774756,0.011753866992360806,,False,0.9758007832111658,0.9725262363441646,0.9568572781528943,0.9636844853291104,0.9309236947791165,0.9204163337427419,0.8943626169795809,0.9037626696413655
205,0.004059254558622924,0.011723285357891427,,False,0.9755999598353249,0.9728413959391927,0.9566670011283244,0.9636885089552106,0.9313253012048193,0.9208076680645695,0.8947652976407858,0.9041664110775164
206,0.004005647451808377,0.011700878755282593,,False,0.9759011948990862,0.9726149488955925,0.956945391763858,0.9637710489699484,0.9309236947791165,0.9203676085080235,0.8943655620812331,0.9037824326222135
207,0.0039934281002145175,0.01170439925961305,,False,0.9762024299628477,0.9734361956643875,0.9576440875002893,0.9645296891369581,0.9305220883534137,0.9200282329363245,0.8940023812302059,0.9034350326364586
208,0.0039967719432410865,0.011725784566963647,,False,0.9759011948990862,0.9730945591409237,0.9565292406153709,0.9636951143871387,0.9317269076305221,0.9210947512774794,0.8950921503265535,0.9045113435873061
209,0.0039639854899028906,0.011693428302866096,,False,0.9761020182749272,0.9732839331828935,0.9567133142448228,0.9638829815919744,0.9317269076305221,0.9211272417271158,0.8950934057342221,0.9045295225328499
210,0.003961481069319554,0.011685011620042868,,False,0.9764032533386886,0.9736181468122034,0.9578307504666232,0.9647171651167432,0.9309236947791165,0.9203892833436783,0.8943643066735647,0.9038038080236395
211,0.003938051535196125,0.011693006194211474,,False,0.9762024299628477,0.9734001122533975,0.95722534701492,0.9642498307725982,0.9309236947791165,0.9203454443738835,0.8943285696693262,0.9037516464575991
212,0.003928696923005438,0.011701739742951113,,False,0.9761020182749272,0.9727939813463282,0.957131976333314,0.9639569057804537,0.9309236947791165,0.9203561955214938,0.8943790120132498,0.903773601868756
213,0.003913576794291591,0.011723551873780018,,False,0.9761020182749272,0.9727985700405664,0.957132054730192,0.9639587920505677,0.9313253012048193,0.9207373788503772,0.8947136117887441,0.9041256366691086
214,0.003904228248112007,0.011698064122431993,,False,0.9761020182749272,0.9728569153309515,0.9575507952155612,0.9642468932931357,0.9309236947791165,0.9203481306871235,0.8943285696693262,0.9037469191288494
215,0.0038902796515642756,0.011703519684451555,,False,0.9765036650266091,0.9732502757857507,0.9583380886214443,0.9648900414655616,0.9313253012048193,0.9207307927844263,0.8947014257468803,0.9041354979214125
216,0.0038925842124379268,0.011730808169182894,,False,0.9764032533386886,0.9726949406214711,0.9586681530404838,0.9648723110005,0.9313253012048193,0.9207661191916076,0.8947078317654628,0.9041284942943965
217,0.003870842507646105,0.011667593956561787,,False,0.9765036650266091,0.9742351635091714,0.9579194265329529,0.965013010022584,0.9309236947791165,0.9198274496560193,0.892643812578156,0.9022657381091701
218,0.0038582979597691306,0.011716472524475404,,False,0.9768049000903705,0.9735300265407696,0.9590367843578755,0.9654294782163828,0.9313253012048193,0.9207449824275563,0.8947449302228802,0.9041276825767659
219,0.0038451710470648807,0.011682603950500393,,False,0.976905311778291,0.9740922426018364,0.9587088252172301,0.9654477186587349,0.9317269076305221,0.9211456895124996,0.8950934057342221,0.9045328871202903
220,0.0038284942300773027,0.011692814756257025,,False,0.9768049000903705,0.9735081072424637,0.9586154545356241,0.9651568308679135,0.9321285140562249,0.921484395173463,0.8954560547359081,0.9048729166978524
221,0.0038166702938729645,0.011682139125822645,,False,0.9771061351541319,0.9733420021165302,0.9597219467161088,0.9657734580644178,0.9317269076305221,0.92114578759835,0.8951119977946687,0.9045273343847607
222,0.0038080594088087728,0.011689400397981312,,False,0.9771061351541319,0.9738337914910977,0.9597219467161088,0.9659690639664658,0.9309236947791165,0.9203375890146243,0.8943407641936744,0.9037357902235148
223,0.0037913045248165085,0.011674033782093666,,False,0.9770057234662115,0.9737556492425732,0.9596395200758187,0.9658907210281574,0.9305220883534137,0.9199863562406263,0.8939544581841036,0.9033801048657215
224,0.003778549470501605,0.011683191152114423,,False,0.9772065468420524,0.973947966882618,0.9598153173977148,0.9660746197427648,0.9309236947791165,0.9203454443738835,0.8943285696693262,0.9037516464575991
225,0.003793455227942329,0.01170842415359054,,False,0.9771061351541319,0.9733826678480251,0.9601406088046001,0.9660451219327383,0.9313253012048193,0.9207719326998619,0.8947142377840454,0.9041313487530986
226,0.003760328977730749,0.011654260548222562,,False,0.9772065468420524,0.9739706304211995,0.960233979486206,0.9663404067543557,0.9309236947791165,0.9203687908529924,0.8943349756879088,0.9037554126806047
227,0.003749424307684344,0.011661433420477712,,False,0.9772065468420524,0.9739700956106516,0.960233979486206,0.96633956967235,0.9313253012048193,0.9207132514601398,0.8947103510632842,0.9041149566902101
228,0.0037411363173746174,0.011641966207884043,,False,0.9773069585299728,0.9735730439427474,0.960327350167812,0.9662374864726906,0.9313253012048193,0.9206830310894056,0.8947039450447014,0.9041043791637163
229,0.003727898237198954,0.011640285433407165,,False,0.9773069585299728,0.9740737646078323,0.960327350167812,0.9664398808290784,0.9313253012048193,0.9207537343775749,0.894715493191714,0.9041371703518014
230,0.003710164619308068,0.011635056284955996,,False,0.9774073702178934,0.9736717807008388,0.960420720849418,0.966332302572991,0.9317269076305221,0.9211249306660536,0.8950819432506854,0.9045066686914439
231,0.003700669163010835,0.011598637086148023,,False,0.9773069585299728,0.9740670347135489,0.960327350167812,0.9664355688961239,0.9305220883534137,0.9199553580728939,0.8939544581841036,0.903370103191974
232,0.0037107448014523656,0.011614391071353147,,False,0.9774073702178934,0.9741602978046784,0.960420720849418,0.9665313410438462,0.9321285140562249,0.9213873805958406,0.8954387180831299,0.9048399160364493
233,0.0036761464910669175,0.011638685699470007,,False,0.9775077819058139,0.973791722901351,0.9609327536195154,0.9666899760204883,0.9309236947791165,0.9203396437917127,0.8943349756879088,0.903752608530774
234,0.003663141441571085,0.011621634239614423,,False,0.9775077819058139,0.9737982644706498,0.9609327536195154,0.9666934885294624,0.9313253012048193,0.921166823200704,0.8963739967961865,0.9055597524298236
235,0.0036584811180975724,0.011609005092360576,,False,0.9775077819058139,0.9742877203602772,0.9609327536195154,0.9668919266583546,0.9313253012048193,0.9212062738805312,0.8963874467282031,0.9055720691990755
236,0.003651769341540161,0.011572783825208103,,False,0.9775077819058139,0.9742852847293864,0.9609327536195154,0.9668927415281962,0.9305220883534137,0.9204943939820964,0.8956691637737466,0.9048735037177301
237,0.003633146717401387,0.01160776268720726,,False,0.9775077819058139,0.9742847323345843,0.9609327536195154,0.9668909793775384,0.9313253012048193,0.9212808518713115,0.896423260913433,0.9056263128168579
238,0.0036275842839672053,0.011616296308803236,,False,0.9775077819058139,0.9742832766219567,0.9609327536195154,0.9668899174757857,0.9313253012048193,0.9211883919827414,0.8963995267245567,0.9055802818826437
239,0.003614075866235165,0.011597009510626779,,False,0.9776081935937343,0.9743739119461134,0.9610266767903616,0.9669823621611925,0.9317269076305221,0.9216439347379932,0.8967851863567918,0.9059838586069058
240,0.003603827105134962,0.011606183593928747,,False,0.9777086052816548,0.973975456637823,0.9611200474719676,0.9668748616729947,0.9305220883534137,0.9205069676214686,0.8956935443399586,0.904872680294743
241,0.003595049324777308,0.011555957437843448,,False,0.9776081935937343,0.974862732957061,0.9610266767903616,0.967182676860755,0.9309236947791165,0.9203363606311784,0.8943489574692668,0.9037573742094557
242,0.0035923889527359008,0.011570998308353758,,False,0.9778090169695752,0.9745647394915671,0.9612134181535735,0.9671739103802525,0.9313253012048193,0.9211665104661767,0.8963931207059742,0.9055778765093945
243,0.003567836907331911,0.011561784598268557,,False,0.9776081935937343,0.9743768081408457,0.9610266767903616,0.9669871896877841,0.9313253012048193,0.920691792568487,0.8947147696333866,0.904133407277096
244,0.003554195164706881,0.011564850621498417,,False,0.9776081935937343,0.9743679000946344,0.9610266767903616,0.9669805204879304,0.9317269076305221,0.9215625005111774,0.8967723828021109,0.9059587867833001
245,0.0035633938108021175,0.01160090004470931,,False,0.9778090169695752,0.9745731785983425,0.9612087235382973,0.9671728368074982,0.9313253012048193,0.9212705667437763,0.8964123302792378,0.905609919802046
246,0.0035462150591964326,0.011565080395836286,,False,0.9776081935937343,0.9743766868922746,0.9610266767903616,0.9669853969212432,0.9313253012048193,0.9207522446064714,0.8947288370782203,0.9041387090053973
247,0.003533684778255132,0.01155951703351754,,False,0.9776081935937343,0.9743801422035799,0.9610266767903616,0.96698590516498,0.9325301204819277,0.9227955120621066,0.8992181749008914,0.9081304661690148
248,0.003522566805937083,0.011524514157499575,,False,0.9777086052816548,0.9744695460397423,0.9611200474719676,0.9670798405142447,0.9317269076305221,0.9215097189079581,0.8967736382097793,0.905953297152505
249,0.0035113950672986264,0.011527036424860417,,False,0.9779094286574957,0.9751331085505581,0.9612958447938637,0.9674516005746303,0.9317269076305221,0.9210839029088438,0.8951144110469795,0.9045336485756407
250,0.0034907159956699867,0.011547721344033089,,False,0.9779094286574957,0.9746451662615162,0.9612958447938637,0.9672538971498406,0.9325301204819277,0.9227656078096914,0.8992117688823088,0.9081257817852637
251,0.003483114215346212,0.01154379156781058,,False,0.9781102520333367,0.9748463495312776,0.9614731969265231,0.9674437783809879,0.9321285140562249,0.9219322343231734,0.8971618171398357,0.9063376736867933
252,0.0034721872664436305,0.011533674236271156,,False,0.9779094286574957,0.9746471433721037,0.9612958447938637,0.9672565658098274,0.9321285140562249,0.9218947825306015,0.8971464942873335,0.9063289343470419
253,0.003471898472587963,0.01154268304576373,,False,0.9779094286574957,0.9746456389322371,0.9612958447938637,0.9672539520319509,0.9321285140562249,0.9224375224453613,0.8988631873254564,0.9077809312901233
254,0.0034545319046796765,0.011516052525350581,,False,0.9779094286574957,0.974651392054731,0.9612958447938637,0.967257513499465,0.9325301204819277,0.9222552679357169,0.8975270117911387,0.9067049768045334
255,0.003441883179868407,0.01152504025342576,,False,0.9781102520333367,0.9748422244330988,0.9614731969265231,0.967441844654679,0.9321285140562249,0.9219149178184579,0.8971618171398357,0.9063395325651226
256,0.003432180482771824,0.01148048811144329,,False,0.9782106637212572,0.9754141200409917,0.961563899874369,0.9677274171964102,0.9321285140562249,0.9218938737570775,0.8971541557135845,0.9063411412539991
257,0.0034291055351258174,0.011507994479410269,,False,0.9781102520333367,0.9748417075929754,0.9614778915417994,0.967443281358324,0.9313253012048193,0.9211987531335305,0.8964186506343444,0.9056101494044196
258,0.0034132652672714606,0.011512256811812548,,False,0.9781102520333367,0.974351938525645,0.9614778915417994,0.967244450212748,0.9313253012048193,0.9216650912424461,0.8980888084313398,0.9070027828899924
259,0.0034017320645000505,0.011489077242990519,,False,0.9784114870970981,0.9751473047335093,0.9621693033260722,0.9679842651376858,0.9333333333333333,0.9234689364482885,0.8999651424636682,0.9088852106701152
260,0.003393339818032575,0.011494285986984258,,False,0.9781102520333367,0.9748419873947101,0.9614778915417994,0.9674444679632246,0.9325301204819277,0.9223044328097403,0.8975346732173897,0.906711002362192
261,0.0033842893912776036,0.011503772337316025,,False,0.9783110754091776,0.9745403147199768,0.9616651060672492,0.9674308613173833,0.9313253012048193,0.9211727529639376,0.8964372426947911,0.9055993314120241
262,0.0033743098850977224,0.011495771392625602,,False,0.9784114870970981,0.9751496212119132,0.9621771388373465,0.9679897532929375,0.9321285140562249,0.9219333740569914,0.8971732796233725,0.9063546208156887
263,0.0033654957683972907,0.011476344819411781,,False,0.9786123104729391,0.975374410009467,0.9627747067777754,0.9684436654539833,0.9329317269076305,0.9231009227016901,0.8995858803675314,0.9085091741119479
264,0.0033620753397755067,0.011500174480168051,,False,0.9786123104729391,0.9748962602072648,0.9627751799400133,0.9682444239104677,0.9329317269076305,0.9231228172451398,0.899592286386114,0.9085134092245705
265,0.003349094699972172,0.011479741106024097,,False,0.9786123104729391,0.9748767277040558,0.9627778476737734,0.968236384654332,0.9325301204819277,0.922719632789689,0.8992162934979215,0.9081210622361086
266,0.0033406154893844747,0.011455678707159883,,False,0.9786123104729391,0.975364755674902,0.9627798745552896,0.9684403267931422,0.9333333333333333,0.9234607980208492,0.8999587364450856,0.9088847717937563
267,0.0033435082582221496,0.011490858452324483,,False,0.9787127221608595,0.9754653693279915,0.9628685506216192,0.9685338800934257,0.9329317269076305,0.9231453397376757,0.8995986924046966,0.908514445208417
268,0.003316922331470308,0.011459318049985796,,False,0.9787127221608595,0.9754641045537754,0.9628685506216192,0.9685338985366602,0.9329317269076305,0.9231260614816699,0.8995858803675314,0.9085132375388051
269,0.003309816384873909,0.011476882754573198,,False,0.9787127221608595,0.974973018235688,0.9628685506216192,0.9683308837954743,0.9333333333333333,0.9234904946009396,0.8999663978713366,0.9088836549221616
270,0.0033098958772170618,0.011459371772958766,,False,0.97881313384878,0.975563247761073,0.9629618429063473,0.968629735524015,0.9337349397590361,0.926105731292055,0.900341773246712,0.9099248811182705
271,0.003295813263225454,0.0114683573871169,,False,0.9787127221608595,0.9749805732901969,0.9628685506216192,0.9683341303376357,0.9333333333333333,0.9235021175773304,0.8999663978713366,0.9088875136109762
272,0.0032882970812612732,0.011453706081647232,,False,0.9787127221608595,0.9759355259381022,0.9628685506216192,0.9687262591895627,0.9329317269076305,0.9253488615167905,0.8995993302995482,0.9091703880862513
273,0.0033003939676544036,0.011485984554575007,,False,0.9787127221608595,0.974989380050348,0.9628685506216192,0.968338406261827,0.934136546184739,0.9265064440135752,0.9007286967690997,0.910300089775348
274,0.003269991959396476,0.011433106913664066,,False,0.9787127221608595,0.9754550782057382,0.9628685506216192,0.9685295345152414,0.9333333333333333,0.9257118587355495,0.8999612557429069,0.9095493018790974
275,0.003260140860093898,0.011439510936588928,,False,0.9787127221608595,0.9749751349225294,0.9628685506216192,0.9683330861924632,0.9333333333333333,0.9257296751963945,0.8999612557429069,0.9095506050460995
276,0.0032566072392186687,0.011457370226438827,,False,0.9787127221608595,0.9749791171275665,0.9628685506216192,0.9683336831472423,0.9325301204819277,0.9227546238399101,0.899223954924173,0.9081363090268836
277,0.0032486937871676466,0.011428546019855362,,False,0.9787127221608595,0.9749751036788388,0.9628685506216192,0.9683330393134059,0.9325301204819277,0.9227357432636152,0.899223954924173,0.9081350567860468
278,0.003238799686706477,0.011432728519144408,,False,0.97881313384878,0.97506910461545,0.9629618429063473,0.9684269174827556,0.9329317269076305,0.9231260614816699,0.8995858803675314,0.9085132375388051
279,0.0032304427738819876,0.011427647839906916,,False,0.9789135455367005,0.9751478772253134,0.9630551351910754,0.968514343892084,0.9329317269076305,0.925358237554635,0.8995993302995482,0.9091736765341781
280,0.003226486040922735,0.011428759989878655,,False,0.9789135455367005,0.9756406398147305,0.9630551351910754,0.9687172560831456,0.9333333333333333,0.9257442474207096,0.8999676617614895,0.9095520798988669
281,0.003235074714971287,0.01137705401617124,,False,0.9790139572246209,0.9762266135003053,0.9631485058726814,0.9690144635365111,0.9337349397590361,0.9238386154562807,0.9003397857982319,0.9092637651548213
282,0.0032101766835830057,0.011418228487339538,,False,0.9789135455367005,0.9756410276727608,0.9630551351910754,0.9687172242143549,0.9333333333333333,0.925700936101017,0.8999612557429069,0.9095387095120109
283,0.003204567905424115,0.011417116568798352,,False,0.9789135455367005,0.9756205164657692,0.9630551351910754,0.9687075329579419,0.9329317269076305,0.925358237554635,0.8995993302995482,0.9091736765341781
284,0.0031964867881652836,0.01140464604737135,,False,0.9790139572246209,0.975731468843574,0.9631485058726814,0.9688104583456375,0.9337349397590361,0.9260972779398445,0.9003544911379172,0.9099320331542337
285,0.0031888394395298953,0.011425970882017805,,False,0.9790139572246209,0.9752650257110813,0.9631485058726814,0.9686191421245908,0.9337349397590361,0.926105731292055,0.900341773246712,0.9099248811182705
286,0.0032014851074346788,0.011381264520970694,,False,0.9791143689125414,0.9763206582089451,0.9632392088205273,0.9691054319379925,0.9337349397590361,0.9256440590246149,0.8986588034125516,0.9084839920741773
287,0.003180792432448716,0.01141532633296748,,False,0.9791143689125414,0.9754044092973425,0.9636605386427787,0.9689821405159148,0.9333333333333333,0.9261367267307027,0.9016569434682725,0.9109473807023439
288,0.003173602536494829,0.011422132341542863,,False,0.9791143689125414,0.9753533875470899,0.9632392088205273,0.9687069971995196,0.9317269076305221,0.9220407543331824,0.8984782427690647,0.9073981217256439
289,0.0031633290537530635,0.011391060833150881,,False,0.9790139572246209,0.9757135088988768,0.9631485058726814,0.9688013658012176,0.9333333333333333,0.9257124282349898,0.8999721863771022,0.9095450046498015
290,0.0031559496053641446,0.011387393886333568,,False,0.9791143689125414,0.9758222458951352,0.9632392088205273,0.9689011983302118,0.9333333333333333,0.9257180014208141,0.8999734417847708,0.9095419971535126
291,0.0031494088732998047,0.01138657300894933,,False,0.9793151922883824,0.9760581242539398,0.9642632743607218,0.9696080657703461,0.9337349397590361,0.9256525184661211,0.8986582715632103,0.9084770972725035
292,0.003146912893678164,0.011392191908371267,,False,0.9792147806004619,0.9754715771927338,0.9637512415906245,0.9690608749446837,0.934136546184739,0.9268336553395934,0.9024051664387177,0.9116728753039605
293,0.0031380835391425577,0.011412238480366125,,False,0.9791143689125414,0.9753734186928968,0.9636605386427787,0.9689665883871054,0.9333333333333333,0.9261059531102485,0.9016569434682725,0.9109349594794964
294,0.0031294220226116957,0.011403882829109433,,False,0.9792147806004619,0.9759312588376934,0.9637512415906245,0.9692507551097579,0.9333333333333333,0.9252686478077113,0.8982899401012691,0.9080945975254644
295,0.0031257421788376534,0.011378887619755923,,False,0.9794156039763029,0.9761443585910408,0.9643566450423278,0.969697987110967,0.9337349397590361,0.9256411495649208,0.8986518655446277,0.9084714751112207
296,0.0031157648174061714,0.011384466993264078,,False,0.9795160156642233,0.9762374916942493,0.9644499373270558,0.9697915261761847,0.9329317269076305,0.9249049770854505,0.8979158286160465,0.9077258913947143
297,0.0031101102539824853,0.011399428767346198,,False,0.9794156039763029,0.9756786180437906,0.9643565666454498,0.9695045691020786,0.934136546184739,0.9260151787391965,0.8990323830484329,0.9088458543224132
298,0.0031007578687155613,0.011375302044167947,,False,0.9794156039763029,0.9761489624658961,0.9643565666454498,0.9697005209668264,0.9329317269076305,0.9249049770854505,0.8979158286160465,0.9077258913947143
299,0.0030973284505450643,0.01140419187721542,,False,0.9794156039763029,0.9761458607382054,0.9643565666454498,0.9696992863531483,0.9333333333333333,0.9252800167089116,0.8982963461198517,0.908100219686747
300,0.0030899717448301866,0.01140433144089629,,False,0.9798172507279848,0.9760609109965704,0.9647247139043533,0.9698774800944672,0.9337349397590361,0.9260886023745196,0.9003552146962446,0.9099095065604759
301,0.003081344083932017,0.011381804305098496,,False,0.9795160156642233,0.976243189898589,0.9644498589301779,0.9697953486718328,0.9333333333333333,0.9252908246634833,0.8982963461198517,0.9081041747370338
302,0.003075578977315822,0.011403484288011403,,False,0.9795160156642233,0.975737738183574,0.9640311968416866,0.9693357403408365,0.9337349397590361,0.9260549867664071,0.9003475532699934,0.9098993359382455
303,0.0030816945267897835,0.011419947276581896,,False,0.9796164273521438,0.9763675678947218,0.9645405618780237,0.9699016729583785,0.934136546184739,0.9260782139456624,0.8990184097495592,0.9088542006766757
304,0.0030646474121085064,0.011372649451696863,,False,0.9798172507279848,0.9765595867333143,0.9647273032412357,0.9700929916595383,0.9333333333333333,0.9252696898407142,0.8982586301496175,0.9080817952134242
305,0.003059892658214161,0.011370546607941496,,False,0.9800180741038257,0.9772308031281148,0.9649087091369272,0.9704766454494664,0.9333333333333333,0.9253015969597901,0.8982476995154222,0.9080938104048456
306,0.003051458326559871,0.011365005479912616,,False,0.9801184857917462,0.977268114446923,0.9650020798185331,0.9705428932491488,0.9337349397590361,0.9256559050456102,0.8986531209522963,0.9084664863661508
307,0.0030456604097066457,0.011376085026445666,,False,0.9800180741038257,0.976250915275797,0.9649113768706873,0.9700676928906421,0.9333333333333333,0.9257200423820069,0.8999746971924394,0.9095380302857947
308,0.003038127702999222,0.011365304013033274,,False,0.9801184857917462,0.9772903227069326,0.9650020798185331,0.9705529388320916,0.9337349397590361,0.9256686535852187,0.8986531209522963,0.9084782552071036
309,0.003033661686000445,0.011400517526882729,,False,0.9801184857917462,0.9772942795304521,0.9650020798185331,0.9705552977364099,0.9337349397590361,0.9256682826487312,0.8986404030610912,0.9084593773406721
310,0.0030278615933374076,0.011381467999908057,,False,0.9800180741038257,0.97721527600738,0.9649087091369272,0.9704696844594474,0.9337349397590361,0.9256807832397533,0.8986282170192273,0.9084660407835882
311,0.003019861560452226,0.011353399408594658,,False,0.9801184857917462,0.9772927795819982,0.9650020798185331,0.9705552472802341,0.9337349397590361,0.925660401962844,0.8986218110006448,0.9084627901553218
312,0.0030146440461507893,0.011376571841587501,,False,0.9801184857917462,0.9772855017047767,0.9650020798185331,0.9705511508884,0.934136546184739,0.9260439130587249,0.8990214524142376,0.9088487672954089
313,0.003009373854933844,0.011406315552116762,,False,0.9801184857917462,0.9768005363178115,0.9650020798185331,0.9703487861835285,0.934136546184739,0.926471634359245,0.9007171401396032,0.9102729385579578
314,0.0030076518711178273,0.011399992507992007,,False,0.9801184857917462,0.9768403365032723,0.9649911357772173,0.9703634863657109,0.934136546184739,0.9264581700312122,0.9006980162298154,0.9102564634499889
315,0.0029923737138769866,0.011370454472614547,,False,0.9802188974796666,0.977378606000049,0.9650953721032612,0.970645058926682,0.934136546184739,0.9260402136780169,0.8990214524142376,0.9088509254675018
316,0.0029859222804017203,0.011365749088855102,,False,0.9801184857917462,0.9772795047990803,0.9650020798185331,0.9705480616866955,0.934136546184739,0.9264306636637455,0.9007107341210207,0.9102665421884042
317,0.002985282426266154,0.0113962283260229,,False,0.9802188974796666,0.9768922596676803,0.9650972091944845,0.9704416538267515,0.9337349397590361,0.9261149179736056,0.9003743386060322,0.9099179906545208
318,0.002977676772992889,0.011392219039439686,,False,0.9803193091675871,0.9769861151141187,0.9651905014792125,0.9705366158409008,0.934136546184739,0.9264769885405002,0.900736264049391,0.9102855436381435
319,0.0029903083058406034,0.011330547915765824,,False,0.9803193091675871,0.9774571760687736,0.965189215947105,0.9707316084809067,0.9337349397590361,0.9256716092354053,0.8986722448620841,0.9084754925771854
320,0.002965859917479238,0.01134037777135227,,False,0.9804197208555075,0.9775559484229226,0.9652843453230564,0.9708277460370716,0.9345381526104418,0.9267996775356236,0.9010726595643794,0.9106422248681153
321,0.002961023728778435,0.011346899881500684,,False,0.9803193091675871,0.9774631783793473,0.9651905014792125,0.9707343580995175,0.934136546184739,0.9260284848292871,0.8990150463956551,0.9088445936974825
322,0.002958205972225291,0.011351245141591164,,False,0.9804197208555075,0.9775523170264978,0.9652843453230564,0.9708263960537988,0.9337349397590361,0.9260739925276817,0.9003666771797811,0.9099042422378102
323,0.002956088637851801,0.011385640843009696,,False,0.9804197208555075,0.9775905062036272,0.9657025342493097,0.9710930883759618,0.9337349397590361,0.9261051357837999,0.9003226408544401,0.9098956223860664
324,0.002944982558408304,0.011362552187709391,,False,0.9806205442313485,0.9773160786921993,0.9662969936596971,0.9713272341299404,0.9345381526104418,0.9268027649869085,0.9010657216964554,0.9106184595105398
325,0.0029468550248636966,0.011385565576017356,,False,0.9804197208555075,0.977588434234574,0.9657025342493097,0.9710917924177832,0.9337349397590361,0.9256999388548933,0.8986664648388027,0.9084856597733868
326,0.002941327675541023,0.011395569630761174,,False,0.9805201325434281,0.9776837242015595,0.9657849608895999,0.9711804479608386,0.9349397590361446,0.9272115514385274,0.9014526452188432,0.9110045505792065
327,0.0029297190013217182,0.011366235486338526,,False,0.9806205442313485,0.9777761904004065,0.9658788047334438,0.9712737977082972,0.934136546184739,0.92646832463449,0.9006980162298154,0.9102597723836043
328,0.0029310474269094336,0.011404635808614899,,False,0.9806205442313485,0.9772966409327383,0.9658788047334438,0.9710729540106693,0.9345381526104418,0.9268300232567379,0.901072127715038,0.910629187906173
329,0.0029219091078605958,0.011336754258793408,,False,0.9806205442313485,0.9777652696277195,0.9658788047334438,0.9712684574364899,0.9349397590361446,0.9271677710865186,0.901439833181678,0.9109897139367759
330,0.0029195407708808786,0.011336306682824298,,False,0.9805201325434281,0.9776724715839258,0.9657963780931537,0.9711804172520844,0.934136546184739,0.9264656226140795,0.9007298580308084,0.9102767628518939
331,0.0029122528705848414,0.011378110793358038,,False,0.9806205442313485,0.9772998330054808,0.9658788047334438,0.9710747822684149,0.9345381526104418,0.9268273144852499,0.901072127715038,0.9106313203052684
332,0.0029051798919167864,0.011360177619038238,,False,0.9806205442313485,0.9777657577814638,0.9658788047334438,0.9712680914491424,0.9349397590361446,0.9272109512298621,0.9014641077023798,0.9110252862277619
333,0.0029019328456327638,0.011351450034005396,,False,0.9806205442313485,0.9777715674192992,0.9658788047334438,0.9712714504839437,0.9345381526104418,0.9267965458871833,0.9010657216964554,0.9106288830266109
334,0.002900778418734677,0.011355890196723409,,False,0.9805201325434281,0.9776887398226353,0.9657849608895999,0.9711839395752168,0.9337349397590361,0.9261072954910367,0.9003117102202446,0.9098976714559799
335,0.002893031664766417,0.011364772023250522,,False,0.980720955919269,0.9778628966779771,0.96597272790429,0.9713637174899019,0.9345381526104418,0.9268300232567379,0.901072127715038,0.910629187906173
336,0.0028939284728536616,0.011327409477015337,,False,0.980720955919269,0.9778825676515681,0.966390837503541,0.9716198465256739,0.9349397590361446,0.9271652941737464,0.901439833181678,0.9109872370744999
337,0.0028852001373344343,0.011330304202680075,,False,0.980720955919269,0.9778882783151744,0.966390837503541,0.9716236698984058,0.9345381526104418,0.9268113130296963,0.9010657216964554,0.9106244887305969
338,0.0028839551667275633,0.011320372621847177,,False,0.9808213676071895,0.9779740962850405,0.9664847606743874,0.9717130991582938,0.9337349397590361,0.9261024337633893,0.9003544826554329,0.909912612854356
339,0.0028725144626112003,0.011355983290611018,,False,0.9808213676071895,0.9779803398870823,0.9664847606743874,0.9717151428753819,0.9349397590361446,0.9271888135858509,0.9014462392002606,0.9110000619441279
340,0.002867535386921343,0.01133601160974495,,False,0.9808213676071895,0.9779816461064763,0.9664847606743874,0.9717165477795946,0.9345381526104418,0.9268289717268553,0.9010912516248258,0.9106413102508686
341,0.002864766980005786,0.011330706741965218,,False,0.9808213676071895,0.9779923277112764,0.9664847606743874,0.9717228135752561,0.934136546184739,0.926450283886243,0.9006794156868847,0.9102623878029724
342,0.0028616334190553973,0.011349301792824333,,False,0.980720955919269,0.9778542739098073,0.96597272790429,0.9713595223513186,0.934136546184739,0.9264769885405002,0.900736264049391,0.9102855436381435
343,0.002853897654136957,0.011329183904209382,,False,0.9808213676071895,0.9779818348822433,0.9664847606743874,0.9717170721162474,0.9349397590361446,0.9271768374419105,0.9014276471398142,0.9109977421106841
344,0.002853570935283117,0.011321750897082823,,False,0.9808213676071895,0.977500713498374,0.9664847606743874,0.9715139778063069,0.9345381526104418,0.9268144161954945,0.9010848456062432,0.9106320106985663
345,0.0028450719029890314,0.011344479983708041,,False,0.9808213676071895,0.9779749864253048,0.9664847606743874,0.9717128328161494,0.9345381526104418,0.926819445830017,0.9010912516248258,0.9106353364458943
346,0.0028456154229299854,0.011339006616298787,,False,0.9809217792951099,0.9776361184852335,0.9669967934444846,0.9718718400708019,0.9345381526104418,0.9267904275356226,0.9010644662887868,0.9106246218044094
347,0.0028375157576856153,0.01131985647865768,,False,0.9809217792951099,0.9785470590076655,0.9665671873146775,0.9720009774336,0.9345381526104418,0.9268064141099068,0.9010810709007535,0.9106442130871932
348,0.002831500328136128,0.011327515829839988,,False,0.9809217792951099,0.9780933599211639,0.9669967934444846,0.9720634828764894,0.9345381526104418,0.9268141855796986,0.9010726595643794,0.9106359470211528
349,0.002828389656662125,0.011338726661573423,,False,0.9810221909830305,0.9782217396997355,0.9675088262145819,0.972418994322855,0.9337349397590361,0.9260897880402355,0.9003430201718964,0.909900107247844
350,0.0028233163075922552,0.011342667057731978,,False,0.9810221909830305,0.9782131327633002,0.9675088262145819,0.9724131996963822,0.9349397590361446,0.9272141744206118,0.9014531770681846,0.9110247200484913
351,0.002820421572512019,0.011328582363594353,,False,0.9811226026709509,0.978781524967824,0.967591252854872,0.9727025992338896,0.9345381526104418,0.926799366277797,0.90105479106226,0.9106194187025197
352,0.002815415407275836,0.011334416141937595,,False,0.9810221909830305,0.9782232163117554,0.9675088262145819,0.9724188390691351,0.9349397590361446,0.9271758889799013,0.9014353085660652,0.9109950473311333
353,0.0028136210393770885,0.011315173326147687,,False,0.9810221909830305,0.9782093073515564,0.9675088262145819,0.9724117011296881,0.934136546184739,0.9264431732703456,0.9007119895286892,0.9102579247396785
354,0.002807942132798614,0.011359877985244883,,False,0.9811226026709509,0.9787739069819281,0.967591252854872,0.97269814770844,0.9345381526104418,0.9268439891203831,0.9010803209906304,0.9106505844083443
355,0.0028025569151382142,0.01132949784041247,,False,0.9810221909830305,0.9782133215390671,0.9675088262145819,0.9724137240330349,0.9349397590361446,0.9271494701098472,0.9014385777740094,0.9109908861013724
356,0.002801094487917482,0.011318295827836694,,False,0.9811226026709509,0.9787785090743066,0.967591252854872,0.9727019035460782,0.9337349397590361,0.9260949178879156,0.90032442811145,0.9099047804814586
357,0.002794081197978332,0.011338815409274405,,False,0.9813234260467918,0.9784884757689158,0.9677783889834439,0.9726861757074465,0.9353413654618474,0.9275500390459818,0.9018369637799339,0.9113888509854644
358,0.002791225154782251,0.01135542821940088,,False,0.9812230143588714,0.9779313738027385,0.9676850966987158,0.9723955697288709,0.9349397590361446,0.9271682436749256,0.9014641077023798,0.9110055737742386
359,0.002786798648357759,0.011326862091094807,,False,0.9811226026709509,0.9783076267806163,0.967591252854872,0.9725030296014879,0.9349397590361446,0.9271497507455633,0.901432789268244,0.9109933623168494
360,0.0027832503660928797,0.011345064798415565,,False,0.9813234260467918,0.9784875783265837,0.9677783889834439,0.9726859999013738,0.9357429718875502,0.9302952138002843,0.9022123391553093,0.9124338655145328
361,0.002778813280301137,0.011347213141679965,,False,0.9813234260467918,0.9780237342630342,0.9677783889834439,0.9724885451438596,0.9357429718875502,0.927907299740261,0.9021988892232926,0.9117579720126171
362,0.002773932885541287,0.011333975993945191,,False,0.9813234260467918,0.9784930451229147,0.9677783889834439,0.972689454226831,0.9345381526104418,0.9268512447959725,0.9010778016928092,0.910663857810328
363,0.0027709144351284838,0.011351514647717935,,False,0.9813234260467918,0.9784884757689158,0.9677783889834439,0.9726861757074465,0.9353413654618474,0.9275742471668575,0.9018235138479171,0.9114080312653995
364,0.002767688220948939,0.011341631198329604,,False,0.9813234260467918,0.9780210045634785,0.9677783889834439,0.9724884380649876,0.934136546184739,0.9264679425834019,0.9007049456152552,0.9102792093232444
365,0.0027640619089538405,0.01132170832694045,,False,0.9813234260467918,0.978486635164152,0.9677783889834439,0.972686241568171,0.934136546184739,0.9264679425834019,0.9007049456152552,0.9102792093232444
366,0.0027614411681009614,0.011363754421909431,,False,0.9813234260467918,0.9784954900697015,0.9677783889834439,0.972689540291705,0.9353413654618474,0.9276262807476249,0.9018197127906318,0.9114064374058641
367,0.0027555029402685518,0.01133497611192447,,False,0.9814238377347123,0.9785860850605158,0.9678723121542903,0.9727813424380197,0.9357429718875502,0.9303029688762465,0.9021810207211735,0.9124379068542715
368,0.002751170166012811,0.011342029940658764,,False,0.9813234260467918,0.978492187674082,0.9677783889834439,0.9726881722329485,0.9357429718875502,0.9302865293728197,0.9021810207211735,0.9124283199844996
369,0.0027460497937624303,0.011344965993903677,,False,0.9813234260467918,0.9784886662845239,0.9677783889834439,0.9726867010280625,0.9353413654618474,0.9299198685764577,0.9018285524435599,0.9120588569901984
370,0.002744535977237915,0.011364863363176951,,False,0.9814238377347123,0.9781454580459089,0.9682904217535412,0.9728369948785868,0.9357429718875502,0.9302933906453252,0.9021899460375773,0.912418565126558
371,0.002739330470396926,0.011344922799285962,,False,0.9813234260467918,0.9784906109260815,0.9677783889834439,0.9726877773650983,0.9349397590361446,0.9271905167440426,0.9014506577703632,0.911028121333698
372,0.00273964870423534,0.01131787709515776,,False,0.9814238377347123,0.9785811435039018,0.9678717596650499,0.9727807371533788,0.9345381526104418,0.9267991708526601,0.9010713956742266,0.9106403264779921
373,0.0027311947308735636,0.01134338827003045,,False,0.9813234260467918,0.978500425393452,0.9677783889834439,0.9726938656387402,0.9357429718875502,0.9302972303522663,0.9021810207211735,0.9124349039347253
374,0.0027291947052302135,0.011353960832429302,,False,0.9813234260467918,0.978499312214356,0.9677783889834439,0.9726932682913804,0.9357429718875502,0.9302972303522663,0.9021810207211735,0.9124349039347253
375,0.002725040534428066,0.01135311740874963,,False,0.9815242494226328,0.9782376134183823,0.9683843449243875,0.9729296673676314,0.9345381526104418,0.9291747102890712,0.9010835901985748,0.9113114510615858
376,0.0027218655231550145,0.01132831349004536,,False,0.9814238377347123,0.9786098721161056,0.9682904217535412,0.9730363342489553,0.9353413654618474,0.9299254683200918,0.9018005032173682,0.9120623336407405
377,0.002718958714613406,0.01133835245165182,,False,0.9814238377347123,0.9786102322166693,0.9682904217535412,0.9730376824081866,0.9349397590361446,0.9296038550691805,0.9014531770681844,0.9117148916376424
378,0.002713294977261826,0.011341589246538402,,False,0.9814238377347123,0.9781501050521493,0.9682904217535412,0.9728396542202427,0.9357429718875502,0.9302972303522663,0.9021810207211735,0.9124349039347253
379,0.00270983073057512,0.011326437024678717,,False,0.9815242494226328,0.9782421092950856,0.9683843449243875,0.9729328977624758,0.9357429718875502,0.9302972303522663,0.9021810207211735,0.9124349039347253
380,0.0027083963965426846,0.011337759995143994,,False,0.9816246611105532,0.9783315535017751,0.9684777156059935,0.9730235621407842,0.9353413654618474,0.9299041379624886,0.9018221464249773,0.9120489472926445
381,0.0027026691929220793,0.011360528451511476,,False,0.9814238377347123,0.9786071288997059,0.9682904217535412,0.9730334313811954,0.9357429718875502,0.9303018480794645,0.9022014085211139,0.9124428329670915
382,0.0027001134597552743,0.011324604796188166,,False,0.9815242494226328,0.9782337980287372,0.9683837924351472,0.9729296343022457,0.9349397590361446,0.9295701023217645,0.9014455156419334,0.9117047263192267
383,0.0026965852387591123,0.011362971292619477,,False,0.9814238377347123,0.9785998025411143,0.9682904217535412,0.9730301816731013,0.9357429718875502,0.9303342094122242,0.9022065506495438,0.9124611634499836
384,0.002692782423694314,0.011338736589441343,,False,0.9815242494226328,0.9786921182858721,0.9683837924351472,0.9731243568936877,0.9349397590361446,0.9295701023217645,0.9014455156419334,0.9117047263192267
385,0.00268835233358896,0.01134486646349279,,False,0.9815242494226328,0.9787014683441444,0.9683843449243875,0.9731284686389924,0.9353413654618474,0.9299431270172508,0.9018260331457386,0.9120791551610125
386,0.002686650353561218,0.011364659669678817,,False,0.9816246611105532,0.978822023306174,0.9688963776944848,0.9734742960701868,0.9357429718875502,0.930278444398776,0.90219447065319,0.9124169294441062
387,0.002680967622324585,0.011331107585768588,,False,0.9816246611105532,0.9787917160420861,0.9684777156059935,0.9732198134852654,0.9349397590361446,0.9295701023217645,0.9014455156419334,0.9117047263192267
388,0.002678456850494667,0.011320482390290477,,False,0.9815242494226328,0.9786992138197941,0.9683837924351472,0.9731275496726064,0.9353413654618474,0.9299431270172508,0.9018260331457386,0.9120791551610125
389,0.0026743098701157092,0.011332646514382998,,False,0.9816246611105532,0.9788148172706761,0.9688958252052444,0.9734722690886224,0.9353413654618474,0.9299431270172508,0.9018260331457386,0.9120791551610125
390,0.0026711258230947945,0.011340390419777557,,False,0.9815242494226328,0.978697524293777,0.9683837924351472,0.973126059689407,0.9353413654618474,0.9299431270172508,0.9018260331457386,0.9120791551610125
391,0.002669793154640878,0.011309900350978248,,False,0.9818254844863942,0.9785405598513776,0.9690784244424204,0.9734594939158614,0.9353413654618474,0.9299273964032816,0.901819627127156,0.9120692454634588
392,0.0026650948386406316,0.011340928766251372,,False,0.9816246611105532,0.97881618466517,0.9688958252052444,0.973473956093973,0.9357429718875502,0.9302972303522663,0.9021810207211735,0.9124349039347253
393,0.00266132931351805,0.01133759790655684,,False,0.9817250727984738,0.9784524636866726,0.9689897483760908,0.9733711992886137,0.936144578313253,0.9309389914232157,0.9042386338898977,0.9142010763118831
394,0.002657456344613886,0.011330201255981892,,False,0.9817250727984738,0.9784540765320366,0.9689897483760908,0.9733714240874873,0.9353413654618474,0.9299324260378042,0.9018260331457386,0.9120725712107868
395,0.002654299280559067,0.01131479589276328,,False,0.9816246611105532,0.9788163598190452,0.9688958252052444,0.9734737225523933,0.9353413654618474,0.9298926766070755,0.901819627127156,0.9120614107661592
396,0.0026517705749466115,0.011328871929220073,,False,0.9817250727984738,0.978906316984015,0.9689897483760908,0.9735648689695802,0.9353413654618474,0.929937297390959,0.901827288553407,0.9120668496799232
397,0.0026477002808548496,0.011352397248470278,,False,0.9817250727984738,0.9789072578677445,0.9689897483760908,0.9735641554301411,0.9353413654618474,0.9298902053631157,0.9018260331457386,0.9120586755336367
398,0.0026441137868032376,0.011323752979213331,,False,0.9817250727984738,0.9788995638870066,0.9689897483760908,0.9735618596668336,0.9353413654618474,0.9299324260378042,0.9018260331457386,0.9120725712107868
399,0.002641015468818419,0.011319965417677845,,False,0.9818254844863942,0.9790151880748523,0.9690784244424204,0.9736632338143845,0.9357429718875502,0.9305798584536775,0.9038772402958801,0.9138420017908424
400,0.0026398747115806225,0.0113134132808628,,False,0.9818254844863942,0.9790073632874287,0.9690784244424204,0.9736593984613651,0.9353413654618474,0.9298851757285931,0.901819627127156,0.9120553497863086
401,0.0026355203631273074,0.011332652978200622,,False,0.9817250727984738,0.9784743398340277,0.9689897483760908,0.9733808079487694,0.9357429718875502,0.9306232649055212,0.9038657778123436,0.9138385665649607
402,0.0026298260585725978,0.011331458367415758,,False,0.9817250727984738,0.9789014061701828,0.9689897483760908,0.9735633884198729,0.9357429718875502,0.9302806092587635,0.9022001446309612,0.912437504232254
403,0.0026272226961639817,0.011345919135704307,,False,0.9818254844863942,0.9790252446050596,0.9690784244424204,0.9736666765082336,0.936144578313253,0.930633700046887,0.902555132206396,0.9127933005686187
404,0.0026251152982453567,0.01135828337609806,,False,0.9817250727984738,0.9789206762105874,0.9689897483760908,0.9735707870523043,0.9349397590361446,0.9299053800121606,0.9031430847702686,0.91311026122354
405,0.0026218252764130486,0.011366980582536596,,False,0.9817250727984738,0.9780093834594759,0.9689897483760908,0.973177627002771,0.9345381526104418,0.9294980915397439,0.9027625672664635,0.9127283738275841
406,0.002615897739164153,0.011338109984318417,,False,0.9818254844863942,0.9790187552644513,0.9690784244424204,0.9736646873327501,0.9357429718875502,0.9305886178232622,0.9038849017221313,0.9138396609417145
407,0.002613274483922751,0.011326196260040746,,False,0.9818254844863942,0.9785477419835428,0.9690784244424204,0.9734625079080104,0.9357429718875502,0.9306042437028234,0.9038772402958801,0.9138496236258753
408,0.0026085463607634866,0.011336135265103481,,False,0.9818254844863942,0.9790038460506878,0.9690784244424204,0.9736581049959605,0.9357429718875502,0.9305886178232622,0.9038849017221313,0.9138396609417145
409,0.002606658624075571,0.01132889627133047,,False,0.9817250727984738,0.9784543561191702,0.9689897483760908,0.9733712256527761,0.9353413654618474,0.9299046360776243,0.901827288553407,0.9120595928874066
410,0.002609474472349034,0.011292742525611374,,False,0.9818254844863942,0.9790050358797419,0.9690784244424204,0.973658863396013,0.9353413654618474,0.9299095609777388,0.901819627127156,0.9120629716213418
411,0.002600262435824026,0.011349980105952081,,False,0.9818254844863942,0.9785732250332205,0.9690784244424204,0.9734743866128986,0.9349397590361446,0.9298725290156425,0.9031175548418984,0.9130923189252673
412,0.002598124243103564,0.011354220474830043,,False,0.9818254844863942,0.9790269809569035,0.9690784244424204,0.9736677210653407,0.9353413654618474,0.9302592031762281,0.9034904109194524,0.9134768142203402
413,0.0025930680161027593,0.011327613727244112,,False,0.9818254844863942,0.9790159723251377,0.9690784244424204,0.9736635941307709,0.9357429718875502,0.9305684475204896,0.9038593717937611,0.9138203547067361
414,0.0025980542535730764,0.011310071581614806,,False,0.9818254844863942,0.9785519629261701,0.9690784244424204,0.9734644535705799,0.9357429718875502,0.9306042437028234,0.9038772402958801,0.9138496236258753
415,0.0025854793341333095,0.011328521405614316,,False,0.9818254844863942,0.9790107194711086,0.9690784244424204,0.9736620448645608,0.9357429718875502,0.930279972899537,0.9021810207211735,0.9124313251336231
416,0.0025816177889328076,0.011325865677238011,,False,0.9818254844863942,0.9790038460506878,0.9690784244424204,0.9736581049959605,0.936144578313253,0.930975291983848,0.9042577577996853,0.9142241562367874
417,0.002577701498414351,0.011326887991124017,,False,0.9819258961743147,0.9786557290004482,0.9691608510827106,0.9735576356672431,0.936144578313253,0.930975291983848,0.9042577577996853,0.9142241562367874
418,0.0025764088587964533,0.011352237988908059,,False,0.9818254844863942,0.9785605278313975,0.9690784244424204,0.9734676694347679,0.9353413654618474,0.9302689188532367,0.9035095348292401,0.9134910154877345
419,0.002570611901140916,0.011322656983660358,,False,0.9819258961743147,0.9791120694285601,0.9691608510827106,0.9737531450354676,0.9365461847389558,0.9313283827719714,0.9046127453751203,0.9145799525731522
420,0.0025674154369819007,0.011343783353140334,,False,0.9819258961743147,0.9786467810183179,0.9691608510827106,0.9735530266703736,0.936144578313253,0.9309665767733255,0.9042386338898977,0.9142092211172912
421,0.002563685915561713,0.011339939360847826,,False,0.9819258961743147,0.9791013804444888,0.9691608510827106,0.9737475077129064,0.936144578313253,0.930975291983848,0.9042577577996853,0.9142241562367874
422,0.00256610285334954,0.011377539900474975,,False,0.9819258961743147,0.9791240069722265,0.9691608510827106,0.9737576354796267,0.9353413654618474,0.9302661157976347,0.903496816938035,0.9134715208952411
423,0.0025578106566561416,0.011353612944677422,,False,0.9819258961743147,0.9791136589539313,0.9691608510827106,0.9737530024987302,0.936144578313253,0.9309665767733255,0.9042386338898977,0.9142092211172912
424,0.002554882715376588,0.011343614089510902,,False,0.9819258961743147,0.9790954364281563,0.9691608510827106,0.973745179243904,0.936144578313253,0.9309665767733255,0.9042386338898977,0.9142092211172912
425,0.002552523784841662,0.0113239331049197,,False,0.9819258961743147,0.9791062297097777,0.9691608510827106,0.9737495955465651,0.936144578313253,0.9306417788981827,0.902555132206396,0.9128020565894839
426,0.0025488121595959416,0.011327020174981056,,False,0.9819258961743147,0.9786405265376471,0.9691608510827106,0.9735503418549639,0.936144578313253,0.930975291983848,0.9042577577996853,0.9142241562367874
427,0.002545304232550395,0.011333861289671803,,False,0.9819258961743147,0.978649284185312,0.9691608510827106,0.9735539338233232,0.9365461847389558,0.9313283827719714,0.9046127453751203,0.9145799525731522
428,0.0025424563699974665,0.01133535916864537,,False,0.9819258961743147,0.9791065780815111,0.9691608510827106,0.9737502893113257,0.9365461847389558,0.9313283827719714,0.9046127453751203,0.9145799525731522
429,0.0025403090360601147,0.011343859212530229,,False,0.9819258961743147,0.9791025323661482,0.9691608510827106,0.9737479286946056,0.936144578313253,0.9309665767733255,0.9042386338898977,0.9142092211172912
430,0.0025386532420366864,0.011315334959210964,,False,0.9819258961743147,0.9791022219018095,0.9691608510827106,0.9737475723481983,0.936144578313253,0.9306417788981827,0.902555132206396,0.9128020565894839
431,0.0025360033529413534,0.011324753798398009,,False,0.9820263078622352,0.9787677243823738,0.9696728838528078,0.9738982204288928,0.936144578313253,0.930975291983848,0.9042577577996853,0.9142241562367874
432,0.0025311758021891637,0.0113393647194537,,False,0.9820263078622352,0.9787678037974809,0.9696728838528078,0.9738972709217426,0.9357429718875502,0.930279972899537,0.9021810207211735,0.9124313251336231
433,0.0025318700528117787,0.011358761107445468,,False,0.9820263078622352,0.9787625695503941,0.9696728838528078,0.973894299804329,0.9353413654618474,0.9299248659996479,0.9018260331457386,0.9120756013630577
434,0.002526774868806049,0.011328377632636546,,False,0.9820263078622352,0.9792297908149377,0.9696728838528078,0.9740972750245825,0.936144578313253,0.9306417788981827,0.902555132206396,0.9128020565894839
435,0.0025240670225834846,0.011338536751695688,,False,0.9820263078622352,0.9792107572566398,0.9696728838528078,0.9740879200428483,0.9357429718875502,0.9302876845451856,0.9022001446309612,0.9124462852562666
436,0.002522029005824562,0.011350976515121122,,False,0.9821267195501556,0.978878239484475,0.9697615599191375,0.9739950233954148,0.9349397590361446,0.9295596372515276,0.9014449837925922,0.9116968501711783
437,0.002518272917159767,0.011354643229998853,,False,0.9820263078622352,0.9792273311054634,0.9696728838528078,0.9740964452769495,0.9353413654618474,0.929920089220368,0.9018190952778148,0.9120650112955013
438,0.0025161857747870654,0.0113344187695683,,False,0.9821267195501556,0.9788573666667523,0.9697615599191375,0.9739863435611061,0.9357429718875502,0.92789143833509,0.9021797568310207,0.9117450929755857
439,0.0025126281449653364,0.011349729828812199,,False,0.9820263078622352,0.9792111393555412,0.9696728838528078,0.9740887240879084,0.9357429718875502,0.930279972899537,0.9021810207211735,0.9124313251336231
440,0.002509634700964062,0.011351594517687089,,False,0.9821267195501556,0.9793095872125566,0.9697615599191375,0.9741813195959218,0.9357429718875502,0.930279972899537,0.9021810207211735,0.9124313251336231
441,0.0025073572364117925,0.011366043421564642,,False,0.9821267195501556,0.9793083397067152,0.9697615599191375,0.9741799393056186,0.9349397590361446,0.929563991711259,0.9014641077023798,0.9117093132979333
442,0.0025046523369874974,0.011365228399746496,,False,0.9821267195501556,0.9788728538942782,0.9697615599191375,0.9739926710849153,0.9349397590361446,0.9275960190996986,0.903127221585941,0.9124184977437478
443,0.0025015510987378103,0.011362009560528833,,False,0.9821267195501556,0.979290458894807,0.9697615599191375,0.974172025403171,0.9353413654618474,0.929920089220368,0.9018190952778148,0.9120650112955013
444,0.0024992018602842826,0.011348182551776366,,False,0.9821267195501556,0.9793076558463025,0.9697615599191375,0.9741803765167941,0.9349397590361446,0.929563991711259,0.9014641077023798,0.9117093132979333
445,0.002496748159303809,0.011343832719426508,,False,0.9821267195501556,0.9788464527647681,0.9697615599191375,0.9739819991835614,0.9357429718875502,0.9302818952190138,0.9021932067630374,0.9124357427513622
446,0.0024936645615111796,0.011357968437712435,,False,0.9821267195501556,0.9788516827748482,0.9697615599191375,0.9739831441368842,0.9349397590361446,0.9271796670588053,0.9014437199024393,0.9110121180852904
447,0.002491107102832856,0.01136795543124923,,False,0.9821267195501556,0.9788675902355841,0.9697615599191375,0.9739899223464228,0.9353413654618474,0.9299300076218979,0.9018190952778148,0.9120690816991885
448,0.0024880181802386494,0.011372107776231691,,False,0.9821267195501556,0.9793117719913239,0.9697615599191375,0.9741807334599931,0.9357429718875502,0.9306393680695554,0.9038767084465389,0.9138513720444489
449,0.002485290460294906,0.011358287864755063,,False,0.9821267195501556,0.9788700675458956,0.9697615599191375,0.9739924329451921,0.9353413654618474,0.9299300076218979,0.9018190952778148,0.9120690816991885
450,0.0024827470620364103,0.011367910931219019,,False,0.9821267195501556,0.979310257362727,0.9697615599191375,0.9741803521626609,0.9357429718875502,0.9306393680695554,0.9038767084465389,0.9138513720444489
451,0.00247960107181587,0.0113660077315056,,False,0.9821267195501556,0.9792860795462496,0.9697615599191375,0.9741699263336917,0.9353413654618474,0.9299300076218979,0.9018190952778148,0.9120690816991885
452,0.002477373436531145,0.011385455072509409,,False,0.9821267195501556,0.9793159389225088,0.9697615599191375,0.9741844540396715,0.9353413654618474,0.9299300076218979,0.9018190952778148,0.9120690816991885
453,0.0024746812287257994,0.011369783815431335,,False,0.9821267195501556,0.97886539094198,0.9697615599191375,0.9739903249376365,0.9357429718875502,0.9283141568227055,0.9038754445563862,0.9131569551799996
454,0.002471984788251517,0.011385160543989735,,False,0.9821267195501556,0.9797673354322506,0.9697615599191375,0.9743779024454735,0.9353413654618474,0.930280043658242,0.903521720871104,0.9134951269621209
455,0.0024683205282630713,0.011385911879930594,,False,0.9821267195501556,0.9788466927531856,0.9697615599191375,0.9739804645036669,0.9357429718875502,0.9283219622160698,0.9038741891487176,0.9131583093501803
456,0.0024687559659682798,0.01135447101949656,,False,0.9823275429259966,0.9794987662753307,0.9699481444885936,0.9743711916465636,0.9353413654618474,0.9279386608673543,0.9034949270525812,0.9127812797888922
457,0.002463054661910798,0.011384422417763041,,False,0.9823275429259966,0.9799481997654556,0.9699481444885936,0.9745644687643513,0.9353413654618474,0.929931528782817,0.9018369637799339,0.9120904006846602
458,0.0024600706898494605,0.01139196088760572,,False,0.9823275429259966,0.9794930857074571,0.9699481444885936,0.9743682739388758,0.9353413654618474,0.9279626378047562,0.9035192015732828,0.9128020642678525
459,0.0024573471738351216,0.011377042843888146,,False,0.9824279546139171,0.9800720093577938,0.9704601772586909,0.9749106243244589,0.9365461847389558,0.9313687319667052,0.9046236760093157,0.9145942826513388
460,0.002453479423528349,0.011396266162790167,,False,0.9824279546139171,0.9796138720921354,0.9704601772586909,0.9747126366678128,0.9353413654618474,0.9279513294478987,0.9035192015732828,0.9128069622402566
461,0.002450355643209356,0.011375783387088167,,False,0.9824279546139171,0.9800714291798222,0.9704601772586909,0.9749100190089011,0.9357429718875502,0.9306373199466415,0.9038945769486583,0.9138721573230604
462,0.0024486809804322167,0.011397269246763014,,False,0.9825283663018375,0.9796925606456619,0.9705534695434189,0.9748003735990706,0.9357429718875502,0.9283248406518465,0.9038811270166415,0.9131838002301307
463,0.002446033941667759,0.011396213408456991,,False,0.9825283663018375,0.9801503769966052,0.9705534695434189,0.974997853126355,0.936144578313253,0.9310079527148124,0.9042495645240931,0.9142235044329843
464,0.002441556433981176,0.011393688077256263,,False,0.9825283663018375,0.980159593541279,0.9705534695434189,0.9750013395357312,0.9357429718875502,0.9283338920644414,0.9038811270166415,0.913178309438616
465,0.0024414053255921897,0.011415881782634519,,False,0.9824279546139171,0.9796203445400311,0.9704601772586909,0.9747159344824632,0.9349397590361446,0.925435284716868,0.903127221585941,0.9117530936065814
466,0.0024358235634822285,0.011384415716773346,,False,0.9825283663018375,0.980166805546676,0.9705534695434189,0.9750058577355638,0.9357429718875502,0.9283248406518465,0.9038811270166415,0.9131838002301307
467,0.002433809832356446,0.011392639374161509,,False,0.9824279546139171,0.9796102259096229,0.9704601772586909,0.9747111812573104,0.9353413654618474,0.9279737299927342,0.9035127955547002,0.9128151106721426
468,0.002430363066047222,0.011406199373407155,,False,0.9824279546139171,0.9800604712652778,0.9704601772586909,0.974905015020125,0.9357429718875502,0.9306699994063989,0.9038945769486583,0.9138847060847944
469,0.0024263060622310593,0.011395987178521886,,False,0.9825283663018375,0.979703441790299,0.9705534695434189,0.9748053784193507,0.9357429718875502,0.9283586962889324,0.9038811270166415,0.9131963197774992
470,0.002424002359447824,0.01140513738971144,,False,0.9825283663018375,0.9796925606456619,0.9705534695434189,0.9748003735990706,0.9353413654618474,0.9279964934418421,0.9035192015732828,0.9128145838152208
471,0.0024218201335639193,0.011387035923297465,,False,0.9825283663018375,0.9797052544575268,0.9705534695434189,0.9748069334844407,0.9353413654618474,0.9279924962096887,0.9035006095128364,0.9128158293923759
472,0.002419078732572107,0.011417412484258772,,False,0.982628777989758,0.9797871586299058,0.9706485989193703,0.9748951153177854,0.9357429718875502,0.9283677477015273,0.9038811270166415,0.9131908289859845
473,0.0024162806835272598,0.011407989494315178,,False,0.982628777989758,0.9802397410626433,0.9706485989193703,0.975090087132507,0.9357429718875502,0.9283586962889324,0.9038811270166415,0.9131963197774992
474,0.002413249608658073,0.011408592280666789,,False,0.982628777989758,0.9797986971532244,0.9706485989193703,0.9749007647092203,0.9357429718875502,0.9283677477015273,0.9038811270166415,0.9131908289859845
475,0.0024106814426299358,0.011413573175073778,,False,0.982628777989758,0.9802433253974709,0.9706485989193703,0.9750915069749371,0.9357429718875502,0.9283677477015273,0.9038811270166415,0.9131908289859845
476,0.0024086912155593713,0.011402382441578103,,False,0.982628777989758,0.9797878160085873,0.9706485989193703,0.9748957598889402,0.9357429718875502,0.9283586962889324,0.9038811270166415,0.9131963197774992
477,0.0024067788542946273,0.01140878703794329,,False,0.9827291896776785,0.9798776539695082,0.9707437282953215,0.9749872397157588,0.9357429718875502,0.9283677477015273,0.9038811270166415,0.9131908289859845
478,0.0024040103492427465,0.011411718700209421,,False,0.9827291896776785,0.9798812246661911,0.9707437282953215,0.9749885666647824,0.9353413654618474,0.9279924962096887,0.9035006095128364,0.9128158293923759
479,0.00240138303958519,0.011408271862834246,,False,0.9827291896776785,0.9803387967704632,0.9707437282953215,0.9751863795466414,0.9353413654618474,0.9279924962096887,0.9035006095128364,0.9128158293923759
480,0.0023990972401640286,0.011411170100206853,,False,0.9827291896776785,0.9798837552167396,0.9707437282953215,0.9749908391711491,0.9357429718875502,0.9283677477015273,0.9038811270166415,0.9131908289859845
481,0.002396279043144403,0.011415441758772373,,False,0.9827291896776785,0.9798826300028982,0.9707437282953215,0.9749899878894899,0.9357429718875502,0.9283677477015273,0.9038811270166415,0.9131908289859845
482,0.0023936907415725178,0.011423204416516479,,False,0.9827291896776785,0.9798820482866986,0.9707437282953215,0.9749893424245119,0.9357429718875502,0.9283677477015273,0.9038811270166415,0.9131908289859845
483,0.002392062756795161,0.011416660696099356,,False,0.9827291896776785,0.9803345550569544,0.9707437282953215,0.9751843151330567,0.936144578313253,0.9310119746790279,0.9042488409657659,0.9142503009356854
484,0.0023888216278746916,0.011408233515327854,,False,0.9827291896776785,0.9798826300028982,0.9707437282953215,0.9749899878894899,0.936144578313253,0.9287103360031781,0.9042539830941956,0.9135546376422428
485,0.002388495586052545,0.011410200085579802,,False,0.9827291896776785,0.9798783882893893,0.9707437282953215,0.974987923475905,0.9357429718875502,0.9283567606555793,0.9038734655903904,0.9131828690690145
486,0.0023842396378047,0.011433308211891511,,False,0.9827291896776785,0.9798820482866986,0.9707437282953215,0.9749893424245119,0.936144578313253,0.9287277153437654,0.9042539830941956,0.9135629789696451
487,0.0023814335405450138,0.01141963411416866,,False,0.9827291896776785,0.9798826300028982,0.9707437282953215,0.9749899878894899,0.9353413654618474,0.9280089114120005,0.9035006095128364,0.9128242269157586
488,0.0023784620904772724,0.01142282528190658,,False,0.9827291896776785,0.9803400489661994,0.9707437282953215,0.9751877619525983,0.9357429718875502,0.928351499713651,0.9038734655903904,0.9131880355720169
489,0.002377025933157978,0.011431361045249932,,False,0.9827291896776785,0.9803397282043816,0.9707437282953215,0.975187254298568,0.9357429718875502,0.9283458547766641,0.9038734655903904,0.9131940699451044
490,0.00237448063365838,0.011420996629160842,,False,0.9827291896776785,0.9803358072526905,0.9707437282953215,0.9751856975390134,0.9353413654618474,0.9280194368119891,0.9035184780149554,0.912836176546211
491,0.0023715530517656974,0.011432646148032348,,False,0.9827291896776785,0.9803382150542634,0.9707437282953215,0.9751857340816633,0.9365461847389558,0.9314125296651797,0.9046293584695709,0.9146282032668148
492,0.0023699314798308934,0.011432595901558646,,False,0.9827291896776785,0.9798821561001095,0.9707437282953215,0.974989441416709,0.936144578313253,0.9287277153437654,0.9042539830941956,0.9135629789696451
493,0.0023671326763767394,0.011408533776393295,,False,0.9827291896776785,0.9798844468843113,0.9707437282953215,0.9749915842263144,0.9357429718875502,0.928351499713651,0.9038734655903904,0.9131880355720169
494,0.00236810543692216,0.011411156095334355,,False,0.9827291896776785,0.9798812246661911,0.9707437282953215,0.9749885666647824,0.9357429718875502,0.928351499713651,0.9038734655903904,0.9131880355720169
495,0.002364275143739572,0.011418409380404877,,False,0.9827291896776785,0.9803435669544496,0.9707437282953215,0.9751908527775099,0.936144578313253,0.9287531350669725,0.9042284531658252,0.9135501634895729
496,0.0023608644809752395,0.011436849925670707,,False,0.9827291896776785,0.9803397282043816,0.9707437282953215,0.975187254298568,0.9365461847389558,0.9314125296651797,0.9046293584695709,0.9146282032668148
497,0.002358784317254704,0.011423807423479706,,False,0.9827291896776785,0.9803418658476125,0.9707437282953215,0.9751893582894228,0.9357429718875502,0.928351499713651,0.9038734655903904,0.9131880355720169
498,0.0023571944176788684,0.011434304048808129,,False,0.9827291896776785,0.9803397282043816,0.9707437282953215,0.975187254298568,0.9365461847389558,0.9314125296651797,0.9046293584695709,0.9146282032668148
499,0.0023575028265011076,0.01146081077681611,,False,0.9827291896776785,0.979878565980891,0.9707437282953215,0.9749869209426559,0.9365461847389558,0.929121897520797,0.9046223145561368,0.9139342131498152
500,0.0023533858306330957,0.011415366900930701,,False,0.9827291896776785,0.9803404655846121,0.9707437282953215,0.9751879392292797,0.9357429718875502,0.928351499713651,0.9038734655903904,0.9131880355720169
501,0.0023506306561477917,0.011431214713388234,,False,0.9827291896776785,0.9798944494528039,0.9707437282953215,0.9749964165219198,0.936144578313253,0.9287277153437654,0.9042539830941956,0.9135629789696451
502,0.0023491271919015115,0.011434217400857741,,False,0.9827291896776785,0.9803397282043816,0.9707437282953215,0.975187254298568,0.936144578313253,0.9310363140350655,0.9042488409657659,0.9142532598691866
503,0.0023472158537283907,0.011422895858497527,,False,0.9827291896776785,0.9803463274123314,0.9707437282953215,0.9751920650567685,0.936144578313253,0.9287286618378034,0.9042353910337491,0.9135558905604374
504,0.0023451338214484476,0.011428944343245944,,False,0.9827291896776785,0.9798811171821852,0.9707437282953215,0.9749892010396268,0.9357429718875502,0.928373175857891,0.9038734655903904,0.9131912665923971
505,0.00234342100829398,0.01144203173043619,,False,0.9827291896776785,0.9803365517967042,0.9707437282953215,0.9751849104053026,0.936144578313253,0.9287277153437654,0.9042539830941956,0.9135629789696451
506,0.0023422727820661894,0.011456345861178219,,False,0.9827291896776785,0.9798763627794399,0.9707437282953215,0.9749842315998354,0.9365461847389558,0.9291231246903018,0.9046345005980007,0.9139398990188821
507,0.0023396085729455087,0.01143538294451824,,False,0.9827291896776785,0.9803353338871914,0.9707437282953215,0.975185151589815,0.9365461847389558,0.9290832013236778,0.9046159085375542,0.9139276029376854
508,0.002338174980496937,0.011431271216961716,,False,0.9827291896776785,0.9803386892864574,0.9707437282953215,0.9751870139214858,0.936144578313253,0.9287286618378034,0.9042353910337491,0.9135558905604374
509,0.002336485694342481,0.011432705803134088,,False,0.9827291896776785,0.9803416834941248,0.9707437282953215,0.9751876980447675,0.936144578313253,0.9287531350669725,0.9042284531658252,0.9135501634895729
510,0.0023345615896855684,0.011449666369733378,,False,0.9827291896776785,0.9803416834941248,0.9707437282953215,0.9751876980447675,0.9353413654618474,0.9280601916144351,0.9034936716449126,0.9128214785169705
511,0.0023330234836828737,0.011458788986432005,,False,0.9827291896776785,0.9798821218138861,0.9707437282953215,0.97498781782624,0.936144578313253,0.9287868391467318,0.9042361145920764,0.913560625564135
512,0.002331224381432804,0.011441328728141494,,False,0.9827291896776785,0.9798786174806077,0.9707437282953215,0.9749864383433668,0.936144578313253,0.9287286618378034,0.9042353910337491,0.9135558905604374
513,0.0023289088736952513,0.011441462723751196,,False,0.9827291896776785,0.9798853588956941,0.9707437282953215,0.9749912654532115,0.9365461847389558,0.9290658219830905,0.9046159085375542,0.913919261610283
514,0.002328474233739714,0.011461380107351836,,False,0.9827291896776785,0.9803504681531047,0.9707437282953215,0.9751927715248851,0.9357429718875502,0.9284111018026187,0.9038741891487176,0.9131926489779438
515,0.002326050328821553,0.011456611785221293,,False,0.9827291896776785,0.9798802271982735,0.9707437282953215,0.9749884778137469,0.9365461847389558,0.9291026506715654,0.9046159085375542,0.9139302632062427
516,0.0023247102918493158,0.011454479988532579,,False,0.9827291896776785,0.9803409461138946,0.9707437282953215,0.9751870131140559,0.9365461847389558,0.929112606327002,0.904598040035435,0.9139095022024113
517,0.0023222017194294287,0.011446684587624437,,False,0.9827291896776785,0.9803374417806159,0.9707437282953215,0.9751856336311826,0.9357429718875502,0.9283855153169457,0.9038734655903904,0.9131986725947585
518,0.0023207255053417663,0.011456495119461228,,False,0.9827291896776785,0.9803377993025456,0.9707437282953215,0.9751862906956058,0.9357429718875502,0.9284057199063623,0.9038811270166415,0.9132017792066145
519,0.0023187568165629444,0.011449137466183406,,False,0.9827291896776785,0.9803365517967042,0.9707437282953215,0.9751849104053026,0.9357429718875502,0.9284063669440792,0.9038878159704693,0.9132074843207706
520,0.002317240131147645,0.011455139619328213,,False,0.9828296013655989,0.9804368721824047,0.9708370989769275,0.9752819129368816,0.936144578313253,0.9287803557778411,0.9042683334742745,0.9135818569665761
521,0.002315707975794343,0.011446262908203622,,False,0.9828296013655989,0.980436436657221,0.9708370989769275,0.9752812167562104,0.9357429718875502,0.9283964351106582,0.9038555970882712,0.9131778553949468
522,0.0023145395892840213,0.011451238771179841,,False,0.9828296013655989,0.9804368721824047,0.9708370989769275,0.9752819129368816,0.936144578313253,0.9287694598061444,0.9042361145920764,0.9135522842367325
523,0.002311911584862515,0.011444489439840099,,False,0.9828296013655989,0.9804448403802309,0.9708370989769275,0.9752867823027022,0.9357429718875502,0.9283818571968845,0.9039133458988395,0.9132146692816531
524,0.002310171421593687,0.011448903212615328,,False,0.9828296013655989,0.9799734449915751,0.9708370989769275,0.9750799562183615,0.9353413654618474,0.9280448666594343,0.9035258905271105,0.9128419309163499
525,0.0023087039152961415,0.01145643084019499,,False,0.9828296013655989,0.9799734449915751,0.9708370989769275,0.9750799562183615,0.936144578313253,0.9287694598061444,0.9042361145920764,0.9135522842367325
526,0.0023069511033521695,0.011440955956857644,,False,0.9829300130535195,0.9801026168262028,0.9713491317470248,0.9754284359940127,0.9357429718875502,0.9283899517417675,0.9038878159704693,0.913199086797388
527,0.0023050622054459975,0.011451327568593973,,False,0.9829300130535195,0.9800962391546483,0.9713491317470248,0.9754249610282025,0.9353413654618474,0.9280448666594343,0.9035258905271105,0.9128419309163499
528,0.002303726168009951,0.011447045580128561,,False,0.9829300130535195,0.9805551297284185,0.9713491317470248,0.9756275545848069,0.9353413654618474,0.9280541514551385,0.9035514204554809,0.9128658547280176
529,0.0023017856676332262,0.011436883032610095,,False,0.9829300130535195,0.9805657103387273,0.9713491317470248,0.9756326605252856,0.9353413654618474,0.9280448666594343,0.9035258905271105,0.9128419309163499
530,0.002299858278051397,0.011441967975283374,,False,0.9829300130535195,0.9805474444955481,0.9713491317470248,0.9756231639349787,0.9349397590361446,0.9276637474190649,0.9031709029516757,0.9124830845588294
531,0.002297734668713244,0.011454515127048493,,False,0.9829300130535195,0.9805468871600806,0.9713491317470248,0.9756214801836415,0.9357429718875502,0.9284178913549206,0.9039064080309157,0.9132163597581356
532,0.0022958477503785425,0.011454202675097497,,False,0.9830304247414399,0.9802014431624811,0.971861164517122,0.9757597862309897,0.9357429718875502,0.9284178913549206,0.9039064080309157,0.9132163597581356
533,0.0022953399502686094,0.01144876201788034,,False,0.9830304247414399,0.9802039076765625,0.971861164517122,0.9757617184386755,0.9345381526104418,0.9273100083731632,0.9028159153762407,0.9121279945126433
534,0.0022920061864232953,0.011444864958982002,,False,0.9829300130535195,0.9805641623728609,0.9713491317470248,0.975631204855949,0.9353413654618474,0.9280448666594343,0.9035258905271105,0.9128419309163499
535,0.0022898793032269963,0.011448172479274989,,False,0.9830304247414399,0.9802077995290178,0.971861164517122,0.9757638043906499,0.9349397590361446,0.9276637474190649,0.9031709029516757,0.9124830845588294
536,0.0022878345203040337,0.011443728702770833,,False,0.9830304247414399,0.9802173329058869,0.971861164517122,0.975768095915678,0.9353413654618474,0.9280448666594343,0.9035258905271105,0.9128419309163499
537,0.0022854359902822023,0.011458875348195407,,False,0.9830304247414399,0.9802163648644336,0.971861164517122,0.9757673722898237,0.9357429718875502,0.9284178913549206,0.9039064080309157,0.9132163597581356
538,0.0022833219220194222,0.01146068044627938,,False,0.9830304247414399,0.9802163648644336,0.971861164517122,0.9757673722898237,0.9357429718875502,0.9284178913549206,0.9039064080309157,0.9132163597581356
539,0.002280983611660431,0.011461141806949932,,False,0.9830304247414399,0.9802105153694308,0.971861164517122,0.9757654147175815,0.9357429718875502,0.9284178913549206,0.9039064080309157,0.9132163597581356
540,0.00227886967297682,0.011476286953360525,,False,0.9830304247414399,0.9802094453950014,0.971861164517122,0.9757648099821332,0.9353413654618474,0.9258648500502746,0.9035335519533617,0.912162124623671
541,0.0022765532919850374,0.011469373557947174,,False,0.9830304247414399,0.9802104952036148,0.971861164517122,0.975765996986214,0.9353413654618474,0.9258648500502746,0.9035335519533617,0.912162124623671
542,0.0022748912712082458,0.011448306028040194,,False,0.9830304247414399,0.9802173329058869,0.971861164517122,0.975768095915678,0.9349397590361446,0.9254918253547884,0.9031530344495565,0.9117876957818852
543,0.0022729150770943755,0.011446826951015473,,False,0.9830304247414399,0.9806795223479909,0.971861164517122,0.9759729799695948,0.9349397590361446,0.9254975172478639,0.9031408484076926,0.9117886989331462
544,0.0022697804175157332,0.0114575546126551,,False,0.9830304247414399,0.9806886997588461,0.971861164517122,0.9759768057638775,0.9349397590361446,0.9254918253547884,0.9031530344495565,0.9117876957818852
545,0.0022679979585549523,0.0114658894286328,,False,0.9830304247414399,0.980673880534,0.971861164517122,0.9759710400226811,0.9357429718875502,0.9262301374352465,0.9038954773967204,0.9125307534204978
546,0.002265488579621962,0.011458815105121624,,False,0.9830304247414399,0.9806651368963339,0.971861164517122,0.9759658307633359,0.9349397590361446,0.925457849301924,0.9031530344495565,0.911780518767745
547,0.0022636281820116355,0.011461853694130627,,False,0.9830304247414399,0.9806766518784852,0.971861164517122,0.9759716873924383,0.9349397590361446,0.9254975172478639,0.9031408484076926,0.9117886989331462
548,0.002262076365379438,0.011456494088425891,,False,0.9830304247414399,0.9806567652520646,0.971861164517122,0.9759624562230166,0.9353413654618474,0.925854885943408,0.9035149598929153,0.9121557538268892
549,0.0022593654928309854,0.011466787227313983,,False,0.9830304247414399,0.9806673764730426,0.971861164517122,0.9759663974139161,0.9353413654618474,0.925854885943408,0.9035149598929153,0.9121557538268892
550,0.00225719709021923,0.01146109729020416,,False,0.9831308364293604,0.9803284777679474,0.971954535198728,0.9758722350173541,0.9345381526104418,0.9250974348207635,0.9027789229643339,0.9114129860635407
551,0.002256275003698586,0.011463598985795471,,False,0.9831308364293604,0.9802980083205107,0.971954535198728,0.9758545698494101,0.9349397590361446,0.925457849301924,0.9031530344495565,0.911780518767745
552,0.002253638512993171,0.011468474031333244,,False,0.9831308364293604,0.9803042131610155,0.971954535198728,0.9758583643016928,0.9345381526104418,0.9250974348207635,0.9027789229643339,0.9114129860635407
553,0.0022515517199471567,0.011469886249775707,,False,0.9831308364293604,0.9803182791011614,0.971954535198728,0.9758674606964521,0.9353413654618474,0.9258377699779802,0.9035213659114978,0.9121559452307333
554,0.002249907986183496,0.01145338838474807,,False,0.9831308364293604,0.9807450758291834,0.971954535198728,0.976052760578637,0.9349397590361446,0.925457849301924,0.9031530344495565,0.911780518767745
555,0.0022466273949879653,0.011459763893489945,,False,0.9831308364293604,0.9807695201666262,0.971954535198728,0.9760646744824771,0.9349397590361446,0.9254529923040828,0.9031408484076926,0.911777588127904
556,0.0022449548504538384,0.011458157157554782,,False,0.9831308364293604,0.9807612982165824,0.971954535198728,0.9760614639812785,0.9353413654618474,0.9258508496892406,0.9035027738510512,0.9121521273919705
557,0.0022425152183660033,0.011460112970837748,,False,0.9831308364293604,0.9807644033010366,0.971954535198728,0.9760631174433336,0.9357429718875502,0.9261907638998849,0.9038942219890518,0.9125279351226907
558,0.002240525980924247,0.011455409565049824,,False,0.9831308364293604,0.9807621882547816,0.971954535198728,0.9760621484908848,0.9353413654618474,0.925816873636376,0.9035027738510512,0.9121449503778306
559,0.002238216047295527,0.011452914193183917,,False,0.9831308364293604,0.9807529999865415,0.971954535198728,0.9760568268477292,0.9349397590361446,0.9254614998881725,0.9031408484076926,0.9117809944779514
560,0.0022360129367239197,0.011453728684679977,,False,0.9831308364293604,0.9807564080234196,0.971954535198728,0.9760598180824539,0.9357429718875502,0.9261719281227193,0.9038756299286054,0.9125174702184865
561,0.002234836153087073,0.011467219611399673,,False,0.9832312481172808,0.9808668488752083,0.9720452381465738,0.9761602301220377,0.9357429718875502,0.9261931437261838,0.9038832913548563,0.9125199011306123
562,0.0022319077172272077,0.011474432848835151,,False,0.9832312481172808,0.9808533628589928,0.9720452381465738,0.9761520706604805,0.9353413654618474,0.9258244579169439,0.9035322965456931,0.9121593551666906
563,0.0022299506812172177,0.011461163869982758,,False,0.9832312481172808,0.9808561801571426,0.9720452381465738,0.9761542879017983,0.9357429718875502,0.9261719281227193,0.9038756299286054,0.9125174702184865
564,0.0022285531973230224,0.011468016756088498,,False,0.9832312481172808,0.9803979131084897,0.9720452381465738,0.9759505061220932,0.9349397590361446,0.9254504287426683,0.9031517790418879,0.9117849759554981
565,0.0022262358005807076,0.011475423853828357,,False,0.9832312481172808,0.9808552901189436,0.9720452381465738,0.9761536033921919,0.9357429718875502,0.9261907638998849,0.9038942219890518,0.9125279351226907
566,0.0022245905509568078,0.011455009877177387,,False,0.9832312481172808,0.9804161408763059,0.9720452381465738,0.9759630047057528,0.9357429718875502,0.9261719281227193,0.9038756299286054,0.9125174702184865
567,0.0022232242818572114,0.0114677572836375,,False,0.9832312481172808,0.9808660300676666,0.9720452381465738,0.9761591206185088,0.9353413654618474,0.925816873636376,0.9035027738510512,0.9121449503778306
568,0.002221221349397768,0.011456856967206807,,False,0.9832312481172808,0.9808659641351313,0.9720452381465738,0.9761594202125347,0.9357429718875502,0.9261719281227193,0.9038756299286054,0.9125174702184865
569,0.002219636222810063,0.01146544077029716,,False,0.9832312481172808,0.9808641028077157,0.9720452381465738,0.9761575878867976,0.9357429718875502,0.9261719281227193,0.9038756299286054,0.9125174702184865
570,0.0022178294408399988,0.011459819160458875,,False,0.9832312481172808,0.979956117097005,0.9720452381465738,0.9757579995846695,0.9357429718875502,0.9261719281227193,0.9038756299286054,0.9125174702184865
571,0.0022167440571157606,0.011489369300878925,,False,0.9832312481172808,0.9804104185788705,0.9720452381465738,0.975958104594493,0.9357429718875502,0.9261907638998849,0.9038942219890518,0.9125279351226907
572,0.0022150501548883045,0.011470035508460489,,False,0.9832312481172808,0.9804098301713802,0.9720452381465738,0.9759573684745264,0.9349397590361446,0.9254504287426683,0.9031517790418879,0.9117849759554981
573,0.0022129319918464266,0.01146881398156215,,False,0.9832312481172808,0.9804012643476584,0.9720452381465738,0.9759543503622972,0.9349397590361446,0.9254504287426683,0.9031517790418879,0.9117849759554981
574,0.0022111637084289964,0.01147757134702684,,False,0.9832312481172808,0.9799552270588061,0.9720452381465738,0.9757573150750631,0.9357429718875502,0.9261719281227193,0.9038756299286054,0.9125174702184865
575,0.0022096899639560534,0.011467690443054148,,False,0.9832312481172808,0.979965967007529,0.9720452381465738,0.9757628323013802,0.9353413654618474,0.9258144938100771,0.9035137044852467,0.9121529843699088
576,0.002208487688119435,0.011466263816894869,,False,0.9832312481172808,0.9803990902226573,0.9720452381465738,0.9759518512482094,0.9357429718875502,0.9261719281227193,0.9038756299286054,0.9125174702184865
577,0.002207544506889216,0.011463346625586266,,False,0.9832312481172808,0.9804048880007223,0.9720452381465738,0.9759561495358794,0.9353413654618474,0.9258080467904262,0.9035137044852467,0.9121501079685602
578,0.0022051030057738032,0.01147342290572458,,False,0.9832312481172808,0.9803970607077387,0.9720452381465738,0.9759519408590871,0.9357429718875502,0.9261719281227193,0.9038756299286054,0.9125174702184865
579,0.0022046228281931133,0.01148472695772072,,False,0.9832312481172808,0.9799508293387892,0.9720452381465738,0.975755172428982,0.9357429718875502,0.9261820759647015,0.9038942219890518,0.9125244871797525
580,0.002202216394993685,0.011470165431826882,,False,0.9832312481172808,0.9804113086170696,0.9720452381465738,0.9759587891040993,0.9353413654618474,0.9258080467904262,0.9035137044852467,0.9121501079685602
581,0.0022018908408827672,0.011465044778085442,,False,0.9833316598052013,0.9804979411096464,0.9721385304313019,0.9760489130890451,0.9353413654618474,0.9258058985640729,0.9035137044852467,0.9121483327233566
582,0.0021999447291607874,0.011480810362494197,,False,0.9833316598052013,0.9804878238634122,0.9721385304313019,0.9760439038536928,0.936144578313253,0.9265481982125271,0.9042561474324106,0.9128924209712684
583,0.0021981058931345803,0.011483317283321555,,False,0.9833316598052013,0.9809303277777721,0.9721385304313019,0.9762364052198023,0.9353413654618474,0.9258080467904262,0.9035137044852467,0.9121501079685602
584,0.0021969538491434667,0.01147193628359767,,False,0.9833316598052013,0.9809474045328321,0.9721385304313019,0.9762460619765092,0.9353413654618474,0.9258080467904262,0.9035137044852467,0.9121501079685602
585,0.0021951475807532425,0.011475636120918516,,False,0.9833316598052013,0.9800508950041839,0.9721385304313019,0.9758527636603405,0.9357429718875502,0.9261719281227193,0.9038756299286054,0.9125174702184865
586,0.0021940366704448567,0.011474082422578856,,False,0.9833316598052013,0.9800401550554609,0.9721385304313019,0.9758472464340233,0.9353413654618474,0.9258080467904262,0.9035137044852467,0.9121501079685602
587,0.0021923919196819093,0.011472279657660497,,False,0.9833316598052013,0.9804994538503343,0.9721385304313019,0.9760501055896162,0.9353413654618474,0.9258080467904262,0.9035137044852467,0.9121501079685602
588,0.002191107402189724,0.011474614340466127,,False,0.9833316598052013,0.9804985638121351,0.9721385304313019,0.9760494210800099,0.9357429718875502,0.9261719281227193,0.9038756299286054,0.9125174702184865
589,0.00219017753636904,0.011482913136375209,,False,0.9833316598052013,0.9804985638121351,0.9721385304313019,0.9760494210800099,0.9357429718875502,0.9261719281227193,0.9038756299286054,0.9125174702184865
590,0.0021890746886012113,0.011481379036960742,,False,0.9833316598052013,0.980950621769442,0.9721385304313019,0.9762474471030659,0.9357429718875502,0.9261719281227193,0.9038756299286054,0.9125174702184865
591,0.002187599435350757,0.011473055889765292,,False,0.9833316598052013,0.9804887139016114,0.9721385304313019,0.9760445883632991,0.9353413654618474,0.9258080467904262,0.9035137044852467,0.9121501079685602
592,0.002185992019290174,0.011480661560193436,,False,0.9833316598052013,0.9800433722920706,0.9721385304313019,0.9758486315605802,0.9357429718875502,0.9261719281227193,0.9038756299286054,0.9125174702184865
593,0.0021849653185092455,0.011495758948168781,,False,0.9833316598052013,0.9804835641069286,0.9721385304313019,0.9760417959049279,0.9353413654618474,0.9258080467904262,0.9035137044852467,0.9121501079685602
594,0.0021838526055053243,0.011472495553682275,,False,0.9833316598052013,0.9814066932591818,0.9721385304313019,0.9764467336889422,0.9357429718875502,0.9261719281227193,0.9038756299286054,0.9125174702184865
595,0.0021826736627206865,0.011464447515054006,,False,0.9833316598052013,0.9804897630049673,0.9721385304313019,0.9760457355013311,0.9353413654618474,0.9258080467904262,0.9035137044852467,0.9121501079685602
596,0.0021808973358694835,0.011480516893332656,,False,0.9833316598052013,0.9800423352036829,0.9721385304313019,0.9758482053321986,0.9353413654618474,0.9258080467904262,0.9035137044852467,0.9121501079685602
597,0.002179564498603295,0.01148078164844778,,False,0.9833316598052013,0.9800371788255181,0.9721385304313019,0.9758449885580038,0.9353413654618474,0.9258080467904262,0.9035137044852467,0.9121501079685602
598,0.002178910089958066,0.011482385826187446,,False,0.9833316598052013,0.9809407784424002,0.9721385304313019,0.9762430387021789,0.9357429718875502,0.9261719281227193,0.9038756299286054,0.9125174702184865
599,0.0021775386383760457,0.011479731413074032,,False,0.9833316598052013,0.9804890596401106,0.9721385304313019,0.9760448979842431,0.9353413654618474,0.9258080467904262,0.9035137044852467,0.9121501079685602
600,0.002176327731789492,0.01148743113872549,,False,0.9833316598052013,0.9804783196913873,0.9721385304313019,0.9760393807579262,0.9353413654618474,0.9258080467904262,0.9035137044852467,0.9121501079685602
601,0.0021751334226156665,0.011486737857211465,,False,0.9833316598052013,0.9809496138237148,0.9721385304313019,0.9762465330089457,0.9353413654618474,0.9258080467904262,0.9035137044852467,0.9121501079685602
602,0.002173313702310349,0.011481917255532338,,False,0.9833316598052013,0.9809366645841092,0.9721385304313019,0.9762405447501923,0.9353413654618474,0.9258080467904262,0.9035137044852467,0.9121501079685602
603,0.0021721857941261434,0.01148016592019099,,False,0.9833316598052013,0.9809474045328321,0.9721385304313019,0.9762460619765092,0.9353413654618474,0.9258080467904262,0.9035137044852467,0.9121501079685602
604,0.002171164008463037,0.011489436377625546,,False,0.9833316598052013,0.9800464912412493,0.9721385304313019,0.9758500872702484,0.9353413654618474,0.9258080467904262,0.9035137044852467,0.9121501079685602
605,0.002169681449648579,0.011493084794893325,,False,0.9833316598052013,0.9800530685689238,0.9721385304313019,0.9758532982426922,0.9353413654618474,0.9258080467904262,0.9035137044852467,0.9121501079685602
606,0.0021688762311859477,0.011477829580129464,,False,0.9834320714931218,0.981043816973074,0.9722292333791478,0.9763400079693086,0.9353413654618474,0.9258080467904262,0.9035137044852467,0.9121501079685602
607,0.0021674422910606976,0.011483970112959265,,False,0.9834320714931218,0.9801453737343565,0.9722292333791478,0.9759451745993284,0.9357429718875502,0.9261719281227193,0.9038756299286054,0.9125174702184865
608,0.0021662348846200625,0.011501659876157335,,False,0.9834320714931218,0.9805799447142487,0.9722292333791478,0.976135975520802,0.9353413654618474,0.9258080467904262,0.9035137044852467,0.9121501079685602
609,0.0021652010683904013,0.01149836983440493,,False,0.9834320714931218,0.9801560309691294,0.9722292333791478,0.9759496803642657,0.9353413654618474,0.9258080467904262,0.9035137044852467,0.9121501079685602
610,0.0021636031030780895,0.011481036085650907,,False,0.9834320714931218,0.981043816973074,0.9722292333791478,0.9763400079693086,0.9357429718875502,0.9261719281227193,0.9038756299286054,0.9125174702184865
611,0.0021629530414692282,0.011483717568133501,,False,0.9835324831810422,0.9802527691386838,0.972741266149245,0.9762784718997763,0.9353413654618474,0.9258080467904262,0.9035137044852467,0.9121501079685602
612,0.0021616184945275952,0.01148859421541914,,False,0.9835324831810422,0.9798393395503204,0.972741266149245,0.9760945993761254,0.9353413654618474,0.9258080467904262,0.9035137044852467,0.9121501079685602
613,0.002160109517743907,0.011502659889753528,,False,0.9835324831810422,0.9802463070884639,0.972741266149245,0.976274632872845,0.9353413654618474,0.9258080467904262,0.9035137044852467,0.9121501079685602
614,0.0021584864279520716,0.011502384881977445,,False,0.9835324831810422,0.9807074626137315,0.972741266149245,0.97648095770864,0.9353413654618474,0.9258080467904262,0.9035137044852467,0.9121501079685602
615,0.002157213891267457,0.011488664871648553,,False,0.9835324831810422,0.9807074626137315,0.972741266149245,0.97648095770864,0.9353413654618474,0.9258080467904262,0.9035137044852467,0.9121501079685602
616,0.002155948583880465,0.011493005445343898,,False,0.9835324831810422,0.9802539774672822,0.972741266149245,0.9762796585036083,0.9353413654618474,0.9258080467904262,0.9035137044852467,0.9121501079685602
617,0.0021545033414204886,0.011503776340991678,,False,0.9835324831810422,0.9798246649266081,0.972741266149245,0.9760876605565669,0.9353413654618474,0.9258080467904262,0.9035137044852467,0.9121501079685602
618,0.0021530737699878505,0.01150579462284708,,False,0.9835324831810422,0.9806929029089826,0.972741266149245,0.9764738650501094,0.9353413654618474,0.9258080467904262,0.9035137044852467,0.9121501079685602
619,0.0021521712893306203,0.011512212801288233,,False,0.9836328948689628,0.9803483704896561,0.9728299422155747,0.9763699977566073,0.9353413654618474,0.9258080467904262,0.9035137044852467,0.9121501079685602
620,0.0021503933380302522,0.011501798943367173,,False,0.9836328948689628,0.9799129885443434,0.9728299422155747,0.9761761600476948,0.9353413654618474,0.9258080467904262,0.9035137044852467,0.9121501079685602
621,0.002149101763550445,0.011511656253113492,,False,0.9836328948689628,0.9799176222264995,0.9728299422155747,0.97617834423313,0.9353413654618474,0.9258080467904262,0.9035137044852467,0.9121501079685602
622,0.0021476391859178677,0.01150481505401076,,False,0.9836328948689628,0.979924963226491,0.9728299422155747,0.9761819193796251,0.9353413654618474,0.9258080467904262,0.9035137044852467,0.9121501079685602
623,0.002146368048889434,0.01150439978994259,,False,0.9836328948689628,0.9799129885443434,0.9728299422155747,0.9761761600476948,0.9353413654618474,0.9258080467904262,0.9035137044852467,0.9121501079685602
624,0.002145109426407827,0.011503953755204363,,False,0.9836328948689628,0.9799137257171052,0.9728299422155747,0.9761768061964466,0.9353413654618474,0.9258080467904262,0.9035137044852467,0.9121501079685602
625,0.00214451395622263,0.011513382276264693,,False,0.9836328948689628,0.9803624882484167,0.9728299422155747,0.9763769947484833,0.936144578313253,0.9265286189069051,0.9042561474324106,0.9128851794845652
626,0.0021421239505087473,0.011514838451050424,,False,0.9837333065568832,0.9800211940462243,0.973341974985672,0.9765075812094948,0.9353413654618474,0.9258080467904262,0.9035137044852467,0.9121501079685602
627,0.0021409983384531104,0.011509206992318863,,False,0.9838337182448037,0.981453582696014,0.973435345667278,0.977199569806429,0.9353413654618474,0.9257874510616203,0.9035137044852467,0.9121429151937518
628,0.0021393035269114194,0.011511190977217405,,False,0.9838337182448037,0.981449592342436,0.973435345667278,0.9771975275755831,0.9353413654618474,0.9258080467904262,0.9035137044852467,0.9121501079685602
629,0.00213757268695694,0.01151851643981227,,False,0.9838337182448037,0.981442501686895,0.973435345667278,0.9771944953048174,0.9353413654618474,0.9257874510616203,0.9035137044852467,0.9121429151937518
630,0.002136282050241218,0.01151786767634184,,False,0.9838337182448037,0.9810069358117315,0.973435345667278,0.9770013469022774,0.9353413654618474,0.9258080467904262,0.9035137044852467,0.9121501079685602
631,0.002134341786067121,0.011511184228212004,,False,0.9838337182448037,0.9805721789094337,0.973435345667278,0.9768072487431981,0.9353413654618474,0.9258144938100771,0.9035137044852467,0.9121529843699088
632,0.0021326322552120106,0.011518552865572398,,False,0.9838337182448037,0.9814492424837753,0.973435345667278,0.9771969099144179,0.9353413654618474,0.9257874510616203,0.9035137044852467,0.9121429151937518
633,0.0021310195648585263,0.011519317363704798,,False,0.9838337182448037,0.9814590958892766,0.973435345667278,0.9772018349716838,0.9357429718875502,0.928362930920674,0.9038686920606815,0.913186239671697
634,0.002129138228980017,0.0115213201213474,,False,0.9838337182448037,0.9814599079242217,0.973435345667278,0.9772024803650419,0.9357429718875502,0.9283555118075005,0.9038686920606815,0.9131833887994385
635,0.0021276992634946825,0.011537525816264022,,False,0.9838337182448037,0.9814430733163627,0.973435345667278,0.9771940388720276,0.936144578313253,0.9287089452529701,0.9042492095644867,0.9135505752358224
636,0.002125564447555699,0.0115259915137007,,False,0.9838337182448037,0.9814485865096254,0.973435345667278,0.9771963040372825,0.9357429718875502,0.9283349160786947,0.9038686920606815,0.91317619602463
637,0.0021239525026735605,0.011521634228512566,,False,0.9838337182448037,0.9809972645131868,0.973435345667278,0.9769954978068403,0.9357429718875502,0.9283349160786947,0.9038686920606815,0.91317619602463
638,0.0021225448968534323,0.011542650388528754,,False,0.9838337182448037,0.9809972645131868,0.973435345667278,0.9769954978068403,0.936144578313253,0.9287089452529701,0.9042492095644867,0.9135505752358224
639,0.0021207046422122354,0.011534327675169917,,False,0.9838337182448037,0.9805493002587836,0.973435345667278,0.9767951214259215,0.9357429718875502,0.9283615830548018,0.9038686920606815,0.9131808459855301
640,0.0021186649981055614,0.01152838402897943,,False,0.9837333065568832,0.980453061039116,0.9733415018234342,0.9767010803229912,0.9357429718875502,0.9283349160786947,0.9038686920606815,0.91317619602463
641,0.002116912618168439,0.01153185172209989,,False,0.9838337182448037,0.9809972645131868,0.973435345667278,0.9769954978068403,0.9357429718875502,0.9283102185216351,0.9038686920606815,0.9131634503584617
642,0.0021153664543929122,0.011529916964851424,,False,0.9838337182448037,0.9809972645131868,0.973435345667278,0.9769954978068403,0.9357429718875502,0.9283349160786947,0.9038686920606815,0.91317619602463
643,0.00211421572820214,0.011546989433731248,,False,0.9838337182448037,0.9809988055152199,0.973435345667278,0.976995724663263,0.936144578313253,0.9287089452529701,0.9042492095644867,0.9135505752358224
644,0.0021123557884144394,0.011537681322525795,,False,0.9837333065568832,0.9809032905468236,0.9733415018234342,0.9769023274435923,0.9357429718875502,0.9283423351918683,0.9038686920606815,0.9131790468968887
645,0.002111734453891308,0.011531533617688725,,False,0.9838337182448037,0.9809809819436445,0.9734348725050401,0.9769889500308003,0.9357429718875502,0.9283176376348086,0.9038686920606815,0.9131663012307202
646,0.00210949708707414,0.01152759285314098,,False,0.9838337182448037,0.9809930887889173,0.9734348725050401,0.976994104371228,0.9357429718875502,0.9283349160786947,0.9038686920606815,0.91317619602463
647,0.002107961479087886,0.011538321537400533,,False,0.9838337182448037,0.9809970044029761,0.9734348725050401,0.9769961473401162,0.9357429718875502,0.9283423351918683,0.9038686920606815,0.9131790468968887
648,0.0021069447506755043,0.01154462808845481,,False,0.9839341299327242,0.9815334110619521,0.9735282431866461,0.9772860070394935,0.9357429718875502,0.9283349160786947,0.9038686920606815,0.91317619602463
649,0.002105602236765154,0.011528299252185415,,False,0.9839341299327242,0.9815382134504755,0.9735282431866461,0.9772886946636975,0.9357429718875502,0.9283319928491629,0.9038686920606815,0.9131681578983711
650,0.0021037578447522043,0.011538273662931682,,False,0.9839341299327242,0.9815329954932798,0.9735282431866461,0.9772865029885062,0.9357429718875502,0.9283387505506744,0.9038686920606815,0.9131731049499471
651,0.002102217129380742,0.011537282757843948,,False,0.9839341299327242,0.9815329954932798,0.9735282431866461,0.9772865029885062,0.9357429718875502,0.9283319928491629,0.9038686920606815,0.9131681578983711
652,0.0021009688377729803,0.011537553483086566,,False,0.9839341299327242,0.9815387191675735,0.9735282431866461,0.9772887499173311,0.9357429718875502,0.9283439509355984,0.9038686920606815,0.9131753871383244
653,0.00209942778963985,0.011533647427651362,,False,0.9839341299327242,0.9815382134504755,0.9735282431866461,0.9772886946636975,0.936144578313253,0.9286950159321292,0.9042428035459041,0.9135376504763902
654,0.0020983575561985043,0.011539926693484841,,False,0.9839341299327242,0.981534524561255,0.9735282431866461,0.9772866892885729,0.936144578313253,0.9286568515563955,0.9042428035459041,0.9135196632635716
655,0.002096607286030061,0.011533454475730858,,False,0.9839341299327242,0.981534524561255,0.9735282431866461,0.9772866892885729,0.936144578313253,0.9286737561995579,0.9042428035459041,0.9135358886509545
656,0.0020940459519335802,0.011544560054279921,,False,0.9839341299327242,0.981534524561255,0.9735282431866461,0.9772866892885729,0.9357429718875502,0.9283267924642389,0.9038686920606815,0.9131658757099941
657,0.0020931636119451563,0.011527950604261332,,False,0.9840345416206446,0.9816303459541975,0.9736216138682521,0.9773813062181779,0.9369477911646586,0.9294228833198525,0.9049910265163494,0.9142700010361325
658,0.0020900718605470887,0.011543525179957376,,False,0.9839341299327242,0.981534524561255,0.9735282431866461,0.9772866892885729,0.9369477911646586,0.9294228833198525,0.9049910265163494,0.9142700010361325
659,0.0020879401393805327,0.0115415958122784,,False,0.9840345416206446,0.9816326573211044,0.9736216138682521,0.9773825290337006,0.936144578313253,0.9286737561995579,0.9042428035459041,0.9135358886509545
660,0.0020876310233239404,0.011538477178779925,,False,0.9840345416206446,0.9816303459541975,0.9736216138682521,0.9773813062181779,0.9365461847389558,0.9290675701578236,0.9046360389409145,0.9139140397443509
661,0.0020831441059818673,0.011550277440082494,,False,0.9840345416206446,0.9816258977600951,0.9736216138682521,0.9773796388737629,0.9369477911646586,0.9294228833198525,0.9049910265163494,0.9142700010361325
662,0.0020806040986942986,0.011553339038283188,,False,0.9840345416206446,0.981627349215483,0.9736216138682521,0.9773797861558633,0.9365461847389558,0.9290675701578236,0.9046360389409145,0.9139140397443509
663,0.0020783349182129486,0.011554264726688657,,False,0.9840345416206446,0.981627349215483,0.9736216138682521,0.9773797861558633,0.9369477911646586,0.9294207214728668,0.9049974325349319,0.9142729925362585
664,0.002076576404917613,0.011561994119051552,,False,0.9840345416206446,0.9816388994814551,0.9736216138682521,0.9773843756620203,0.9365461847389558,0.9290686447099321,0.9046424449594971,0.9139175579455845
665,0.002073158377110475,0.011548820645135962,,False,0.9840345416206446,0.9816286934174556,0.9736216138682521,0.9773805072528167,0.936144578313253,0.9287200242135718,0.9042810513654795,0.9135599469138067
666,0.002070829847560121,0.011554182804169852,,False,0.9840345416206446,0.9816286934174556,0.9736216138682521,0.9773805072528167,0.936144578313253,0.9287200242135718,0.9042810513654795,0.9135599469138067
667,0.0020694603123219166,0.011541662461254343,,False,0.9840345416206446,0.9816285911660719,0.9736216138682521,0.9773810823860872,0.9369477911646586,0.92944074769204,0.9050088950184685,0.914293192015075
668,0.0020662542335461625,0.011563179504222266,,False,0.9840345416206446,0.9816359128114692,0.9736216138682521,0.9773835126443117,0.9365461847389558,0.9290847545059356,0.9046615688692847,0.9139334513807671
669,0.0020637054220539164,0.011560537214766584,,False,0.9840345416206446,0.981634001523077,0.9736216138682521,0.9773832501306541,0.9381526104417671,0.9305184689666226,0.9061063255410673,0.9153920435432252
670,0.002061567289369872,0.01155378784292034,,False,0.9840345416206446,0.9816285911660719,0.9736216138682521,0.9773810823860872,0.9369477911646586,0.92944074769204,0.9050088950184685,0.914293192015075
671,0.0020595945004542263,0.011577429045452406,,False,0.9840345416206446,0.9816327236729455,0.9736216138682521,0.9773820165126215,0.9365461847389558,0.9290847545059356,0.9046615688692847,0.9139334513807671
672,0.0020565223372639363,0.011576407991289584,,False,0.9840345416206446,0.9816395147163396,0.9736216138682521,0.977385515295909,0.9377510040160643,0.930139539692677,0.9057444000977086,0.9150127791030148
673,0.0020565336865681866,0.011588106761371602,,False,0.9840345416206446,0.9816316214343888,0.9736216138682521,0.9773818858025876,0.9369477911646586,0.929443860824963,0.9050234943126435,0.9143035355779607
674,0.0020552575157318015,0.011583060400927176,,False,0.9840345416206446,0.9816377162358911,0.9736216138682521,0.9773850888548764,0.9369477911646586,0.929443860824963,0.9050234943126435,0.9143035355779607
675,0.0020517386583004515,0.011582102922450896,,False,0.9840345416206446,0.9816340678749182,0.9736216138682521,0.9773827376095751,0.9365461847389558,0.9290668344524118,0.9046615688692847,0.9139223586304518
676,0.0020505568510502848,0.011559944029012044,,False,0.9840345416206446,0.9816357204116601,0.9736216138682521,0.977383536574936,0.9369477911646586,0.9294467741305404,0.9050344249468387,0.9143096209558776
677,0.0020497932551695264,0.01157835348829727,,False,0.9840345416206446,0.9816387563439396,0.9736216138682521,0.9773857333055707,0.9373493975903614,0.9297844276050539,0.9053963503901975,0.9146656108625459
678,0.002047192571710083,0.011570100153868279,,False,0.9840345416206446,0.9816357204116601,0.9736216138682521,0.977383536574936,0.9369477911646586,0.9294288540770166,0.9050344249468387,0.9142985282055623
679,0.0020458512640546852,0.011564648612623709,,False,0.9840345416206446,0.9816405211977433,0.9736216138682521,0.9773859579997484,0.9373493975903614,0.9298034070004656,0.9053963503901975,0.9146766571425284
680,0.002044676082901931,0.011575046305925886,,False,0.9840345416206446,0.9816357204116601,0.9736216138682521,0.977383536574936,0.9365461847389558,0.9290847545059356,0.9046615688692847,0.9139334513807671
681,0.002044887814012713,0.01155931069848055,,False,0.9840345416206446,0.981637562504528,0.9736216138682521,0.9773853149638239,0.9373493975903614,0.9297868056190255,0.9053894125222737,0.9146581657164999
682,0.0020428647992699754,0.011561233678814503,,False,0.9840345416206446,0.9816387563439396,0.9736216138682521,0.9773857333055707,0.9373493975903614,0.9298034070004656,0.9053963503901975,0.9146766571425284
683,0.002041043876659005,0.011568521952598422,,False,0.9840345416206446,0.9816367678164829,0.9736216138682521,0.9773839170972032,0.9369477911646586,0.9294467741305404,0.9050344249468387,0.9143096209558776
684,0.0020397017345869404,0.011567669877853454,,False,0.9840345416206446,0.9816367678164829,0.9736216138682521,0.9773839170972032,0.9369477911646586,0.9294467741305404,0.9050344249468387,0.9143096209558776
685,0.0020388197942874,0.011565647107362598,,False,0.9840345416206446,0.9816357204116601,0.9736216138682521,0.977383536574936,0.9369477911646586,0.9294467741305404,0.9050344249468387,0.9143096209558776
686,0.0020377854505593445,0.011577590436691104,,False,0.9840345416206446,0.9816367678164829,0.9736216138682521,0.9773839170972032,0.9365461847389558,0.9290847545059356,0.9046615688692847,0.9139334513807671
687,0.002036532064904652,0.011571544664998181,,False,0.9840345416206446,0.9816405211977433,0.9736216138682521,0.9773859579997484,0.9369477911646586,0.9294470701835829,0.9050344249468387,0.9143121026306379
688,0.0020359652157168505,0.011580845129609652,,False,0.9841349533085652,0.9817287733141588,0.9737123168160979,0.9774757586512222,0.9365461847389558,0.9290847545059356,0.9046615688692847,0.9139334513807671
689,0.0020350082924872467,0.01157726621619166,,False,0.9841349533085652,0.9817287733141588,0.9737123168160979,0.9774757586512222,0.9369477911646586,0.9294467741305404,0.9050344249468387,0.9143096209558776
690,0.0020335305432756497,0.011564831215839701,,False,0.9841349533085652,0.9817287733141588,0.9737123168160979,0.9774757586512222,0.9369477911646586,0.9294467741305404,0.9050344249468387,0.9143096209558776
691,0.0020323530501730556,0.011570499600979755,,False,0.9841349533085652,0.9817302743745105,0.9737123168160979,0.9774765193656353,0.9369477911646586,0.9294288540770166,0.9050344249468387,0.9142985282055623
692,0.0020313710941713622,0.011576316599869605,,False,0.9841349533085652,0.9817275015605402,0.9737123168160979,0.977475340441237,0.9365461847389558,0.9290605722708203,0.9046615688692847,0.9139169328035209
693,0.0020301440410918814,0.011575820849192031,,False,0.9841349533085652,0.981282202208205,0.9737123168160979,0.9772775353168675,0.9365461847389558,0.9290784923243441,0.9046615688692847,0.9139280255538362
694,0.0020291227978760885,0.011579051171019691,,False,0.9841349533085652,0.9812800019024132,0.9737123168160979,0.9772758982887356,0.9365461847389558,0.9290847545059356,0.9046615688692847,0.9139334513807671
695,0.002028377609045094,0.011569576238929805,,False,0.9842353649964856,0.9818247539879026,0.9738056874977039,0.9775703769285568,0.9365461847389558,0.9290768246978681,0.9046590495714635,0.9139386979007154
696,0.0020275986447031383,0.011572277951271118,,False,0.9842353649964856,0.9818247539879026,0.9738056874977039,0.9775703769285568,0.936144578313253,0.9287162904660564,0.9042887127917307,0.9135511607721365
697,0.0020263679682363555,0.011572889557192668,,False,0.9842353649964856,0.9818222395645217,0.9738056874977039,0.9775686606147569,0.936144578313253,0.9287162904660564,0.9042887127917307,0.9135511607721365
698,0.0020261391002368606,0.011576232808849354,,False,0.9842353649964856,0.9813722791623489,0.9738056874977039,0.9773684687201817,0.936144578313253,0.9287074156328029,0.9042861934939093,0.9135571547003072
699,0.0020247292521289196,0.01158452822780697,,False,0.9841349533085652,0.981282202208205,0.9737123168160979,0.9772775353168675,0.936144578313253,0.9286937814326648,0.9042683249917902,0.9135349998335219
700,0.002022987325439505,0.011578891436089847,,False,0.9843357766844061,0.9814832826637926,0.9743177202678012,0.9777030932035269,0.9357429718875502,0.9283440793698391,0.9039133374163553,0.9131803434801213
701,0.0020250396056885403,0.011568207965526187,,False,0.9843357766844061,0.981928995306429,0.9743177202678012,0.9779022281492422,0.9373493975903614,0.9298209996392581,0.9054072725419088,0.9146806430786162
702,0.0020204553725232674,0.01157210709058148,,False,0.9843357766844061,0.9814850502465728,0.9743177202678012,0.9777038292856131,0.9365461847389558,0.9290659925288822,0.9046437003671655,0.9139058171255372
703,0.0020196756465409244,0.011574281319873638,,False,0.9843357766844061,0.9814850502465728,0.9743177202678012,0.9777038292856131,0.936144578313253,0.9287162904660564,0.9042887127917307,0.9135511607721365
704,0.0020183066719976026,0.011569701960877586,,False,0.9843357766844061,0.9819290304470284,0.9743177202678012,0.9779021645504096,0.936144578313253,0.9286937814326648,0.9042683249917902,0.9135349998335219
705,0.0020181674096512977,0.011574977387715029,,False,0.9843357766844061,0.9814832826637926,0.9743177202678012,0.9777030932035269,0.9365461847389558,0.9290571176956287,0.9046411810693442,0.9139118110537078
706,0.002016310833911958,0.0115756762614333,,False,0.9844361883723265,0.9816003700658891,0.9748297530378984,0.9780388768673848,0.936144578313253,0.9286937814326648,0.9042683249917902,0.9135349998335219
707,0.0020155465979171533,0.011564618721433184,,False,0.9843357766844061,0.9814850151059732,0.9743177202678012,0.9777038928844457,0.9369477911646586,0.9293945739704128,0.9049961686447792,0.914257347352107
708,0.00201406219863846,0.011573194377330356,,False,0.9843357766844061,0.9814809254996215,0.9743177202678012,0.9777014165579351,0.9357429718875502,0.9283440793698391,0.9039133374163553,0.9131803434801213
709,0.002012509411324999,0.011568397100187776,,False,0.9843357766844061,0.9814809254996215,0.9743177202678012,0.9777014165579351,0.9365461847389558,0.9290380137980914,0.9046411810693442,0.9139007487543451
710,0.002011187949853305,0.011572942854027438,,False,0.9843357766844061,0.9814812747578099,0.9743177202678012,0.9777014322447702,0.9357429718875502,0.9283440793698391,0.9039133374163553,0.9131803434801213
711,0.002010667988152599,0.011574624016433301,,False,0.9843357766844061,0.9814870174064788,0.9743177202678012,0.9777042848364097,0.936144578313253,0.9286937814326648,0.9042683249917902,0.9135349998335219
712,0.002009127720355976,0.011565689443384358,,False,0.9843357766844061,0.9814834750636017,0.9743177202678012,0.9777030692729023,0.9369477911646586,0.9294265267606939,0.9050140371468984,0.9142933542541161
713,0.0020077011787708564,0.0115716203629975,,False,0.9844361883723265,0.9816037555503869,0.9748297530378984,0.9780400528134324,0.9357429718875502,0.9283440793698391,0.9039133374163553,0.9131803434801213
714,0.0020128925225260264,0.011571324693807625,,False,0.9844361883723265,0.9816053307333578,0.9748297530378984,0.9780408128261432,0.9365461847389558,0.9290918358994438,0.9046538989605494,0.9139253428031682
715,0.0020054681230615,0.011563183382652177,,False,0.9844361883723265,0.9816101899817138,0.9748297530378984,0.9780440379913666,0.936144578313253,0.9286937814326648,0.9042683249917902,0.9135349998335219
716,0.002003558610899487,0.0115681627651003,,False,0.9844361883723265,0.9816037555503869,0.9748297530378984,0.9780400528134324,0.936144578313253,0.9286937814326648,0.9042683249917902,0.9135349998335219
717,0.00200253212530011,0.011565471523347436,,False,0.9843357766844061,0.9814882433312613,0.9743177202678012,0.9777050291622851,0.936144578313253,0.9286937814326648,0.9042683249917902,0.9135349998335219
718,0.0020007456777412502,0.01157427227386004,,False,0.9844361883723265,0.9815762503321221,0.9744128496437524,0.9777963410825912,0.936144578313253,0.9286937814326648,0.9042683249917902,0.9135349998335219
719,0.001999022149367138,0.011568595907020671,,False,0.984536600060247,0.9816933377342187,0.9749248824138497,0.9781321247464493,0.936144578313253,0.9286937814326648,0.9042683249917902,0.9135349998335219
720,0.0019980681258095923,0.011570975921645065,,False,0.984536600060247,0.9816979279981647,0.9749248824138497,0.978135374653282,0.9365461847389558,0.9290519223641951,0.9046399256616758,0.9139263057464139
721,0.001995967971367124,0.011565850986148726,,False,0.984536600060247,0.9816948363325891,0.9749248824138497,0.9781328855701447,0.9369477911646586,0.9294265267606939,0.9050140371468984,0.9142933542541161
722,0.0019932454615426668,0.011571411600128418,,False,0.984536600060247,0.9816933377342187,0.9749248824138497,0.9781321247464493,0.9365461847389558,0.9290633798772201,0.9046411810693442,0.9139172368806388
723,0.0019920380012650642,0.011569318174588748,,False,0.984536600060247,0.9816942258582082,0.9749248824138497,0.9781332424853518,0.9373493975903614,0.929796610555192,0.905388148632121,0.9146644080037672
724,0.001990394440635609,0.011582323516949794,,False,0.984536600060247,0.9816959256534159,0.9749248824138497,0.9781336754457095,0.9365461847389558,0.9290633798772201,0.9046411810693442,0.9139172368806388
725,0.0019896052536908402,0.011567833197477333,,False,0.984536600060247,0.9816948363325891,0.9749248824138497,0.9781328855701447,0.9369477911646586,0.9294312107397893,0.9050152925545668,0.9142877071508284
726,0.001989448363787107,0.011582857870617781,,False,0.984536600060247,0.9816959256534159,0.9749248824138497,0.9781336754457095,0.9357429718875502,0.9283296932448482,0.9039006195251501,0.9131844651889998
727,0.001984148908740336,0.011572913164376905,,False,0.984536600060247,0.9816933377342187,0.9749248824138497,0.9781321247464493,0.9365461847389558,0.9290633798772201,0.9046411810693442,0.9139172368806388
728,0.0019817296550835375,0.011574245071695305,,False,0.984536600060247,0.9816948363325891,0.9749248824138497,0.9781328855701447,0.9365461847389558,0.9290633798772201,0.9046411810693442,0.9139172368806388
729,0.0019803712024288114,0.011574340723308983,,False,0.984536600060247,0.9816948363325891,0.9749248824138497,0.9781328855701447,0.9357429718875502,0.9283317356436319,0.9038942135065676,0.9131682671953875
730,0.001979330899218813,0.011583333646323198,,False,0.984536600060247,0.9816969986721785,0.9749248824138497,0.97813442140975,0.936144578313253,0.9286937814326648,0.9042683249917902,0.9135349998335219
731,0.0019795074301929235,0.011586130256120953,,False,0.984536600060247,0.9816959256534159,0.9749248824138497,0.9781336754457095,0.9357429718875502,0.9283196999361873,0.903892958098899,0.9131758949154878
732,0.0019773117439121106,0.011577094042927881,,False,0.984536600060247,0.9816965431453694,0.9749248824138497,0.9781348173562812,0.9357429718875502,0.9283271327735633,0.9038942135065676,0.9131824076053423
733,0.001976017589679608,0.011586192136222279,,False,0.984536600060247,0.9816948363325891,0.9749248824138497,0.9781328855701447,0.936144578313253,0.9286937814326648,0.9042683249917902,0.9135349998335219
734,0.001975063072170659,0.011585736612765647,,False,0.984536600060247,0.9816948363325891,0.9749248824138497,0.9781328855701447,0.936144578313253,0.9286937814326648,0.9042683249917902,0.9135349998335219
735,0.0019773550675868242,0.01158647415183235,,False,0.984536600060247,0.9816969986721785,0.9749248824138497,0.97813442140975,0.9365461847389558,0.929061612295234,0.9046424364770128,0.9139054701037117
736,0.001973073705512359,0.011593181706482072,,False,0.984536600060247,0.9816969986721785,0.9749248824138497,0.97813442140975,0.936144578313253,0.9286915226266914,0.9042695803994588,0.9135320432992599
737,0.0019722733279565786,0.011596982506648184,,False,0.984536600060247,0.9816955000738081,0.9749248824138497,0.9781336605860547,0.9353413654618474,0.9279457449503798,0.9035213574290135,0.912788813318003
738,0.001970951186102044,0.011592648197092617,,False,0.984536600060247,0.9816969986721785,0.9749248824138497,0.97813442140975,0.9357429718875502,0.9283236917641222,0.9038954689142362,0.9131615730290703
739,0.001971054502269093,0.011604410510643828,,False,0.984536600060247,0.9816959256534159,0.9749248824138497,0.9781336754457095,0.9353413654618474,0.9279457449503798,0.9035213574290135,0.912788813318003
740,0.0019691211979750854,0.01159362005817943,,False,0.984536600060247,0.9816969986721785,0.9749248824138497,0.97813442140975,0.936144578313253,0.9286915226266914,0.9042695803994588,0.9135320432992599
741,0.0019681598483865356,0.011599750661219804,,False,0.984536600060247,0.9816955000738081,0.9749248824138497,0.9781336605860547,0.9357429718875502,0.9283236917641222,0.9038954689142362,0.9131615730290703
742,0.001967336136731478,0.011604809517784708,,False,0.9846370117481675,0.9818118282860389,0.975436915183947,0.978467322991259,0.9357429718875502,0.9283236917641222,0.9038954689142362,0.9131615730290703
743,0.0019666530267649376,0.011599355197727618,,False,0.984536600060247,0.9816941568287404,0.9749248824138497,0.9781324978499407,0.9353413654618474,0.9279513464363868,0.9035213574290135,0.9127950754873767
744,0.001965940031031904,0.011607125648979394,,False,0.984536600060247,0.9816959256534159,0.9749248824138497,0.9781336754457095,0.9353413654618474,0.9279457449503798,0.9035213574290135,0.912788813318003
745,0.0019648568505615505,0.011611764611906411,,False,0.9847374234360879,0.9819016466018865,0.9755193418242372,0.9785528607269948,0.9353413654618474,0.9279457449503798,0.9035213574290135,0.912788813318003
746,0.0019636397324746327,0.0116071207239152,,False,0.9847374234360879,0.981902988605059,0.9755193418242372,0.9785535819494259,0.9357429718875502,0.9283170975846556,0.9038954689142362,0.9131553579490905
747,0.001962767175608435,0.01161000395153047,,False,0.9847374234360879,0.981902496370659,0.9755193418242372,0.978554080481604,0.9357429718875502,0.9283236917641222,0.9038954689142362,0.9131615730290703
748,0.0019624176994247652,0.011616803831256678,,False,0.9847374234360879,0.981899169567436,0.9755193418242372,0.9785517551588454,0.9353413654618474,0.9279457449503798,0.9035213574290135,0.912788813318003
749,0.0019609596122720126,0.011611537402959208,,False,0.9847374234360879,0.981902496370659,0.9755193418242372,0.978554080481604,0.936144578313253,0.9286915226266914,0.9042695803994588,0.9135320432992599
750,0.001960122563358241,0.011609235416881735,,False,0.9847374234360879,0.9819009977722887,0.9755193418242372,0.9785533196579086,0.9353413654618474,0.9279457449503798,0.9035213574290135,0.912788813318003
751,0.001959286408552323,0.011614666279723981,,False,0.9847374234360879,0.9818984086515771,0.9755193418242372,0.9785522775618788,0.9353413654618474,0.9279457449503798,0.9035213574290135,0.912788813318003
752,0.001959047555182696,0.011617050730540457,,False,0.9847374234360879,0.9818929380417667,0.9755193418242372,0.9785488815539676,0.9353413654618474,0.9279457449503798,0.9035213574290135,0.912788813318003
753,0.00195743562858573,0.01161811335115029,,False,0.9847374234360879,0.981902988605059,0.9755193418242372,0.9785535819494259,0.9353413654618474,0.9279513464363868,0.9035213574290135,0.9127950754873767
754,0.0019566876525356465,0.011619301030522815,,False,0.9848378351240085,0.9820070202404477,0.9760313745943344,0.978880903415291,0.9353413654618474,0.9279457449503798,0.9035213574290135,0.912788813318003
755,0.0019557562678351394,0.011620025258094205,,False,0.9847374234360879,0.9818911692170913,0.9755193418242372,0.9785477039581987,0.9357429718875502,0.9283236917641222,0.9038954689142362,0.9131615730290703
756,0.0019550190290026966,0.011621389700797433,,False,0.9848378351240085,0.9820076690700454,0.9760313745943344,0.9788804444843772,0.9353413654618474,0.9279457449503798,0.9035213574290135,0.912788813318003
757,0.001954015774798042,0.01162237545145473,,False,0.9848378351240085,0.9824422446399202,0.9760313745943344,0.9790791673975205,0.936144578313253,0.9286915226266914,0.9042695803994588,0.9135320432992599
758,0.0019530645345799166,0.011622033284312168,,False,0.9848378351240085,0.9824426126016195,0.9760313745943344,0.9790798690571817,0.9353413654618474,0.9279457449503798,0.9035213574290135,0.912788813318003
759,0.0019520745013876827,0.01162113497620513,,False,0.9848378351240085,0.9820066522787485,0.9760313745943344,0.9788802017556298,0.936144578313253,0.9286915226266914,0.9042695803994588,0.9135320432992599
760,0.001951385423245158,0.011628471105155863,,False,0.9848378351240085,0.9820051536803782,0.9760313745943344,0.9788794409319347,0.9353413654618474,0.9279457449503798,0.9035213574290135,0.912788813318003
761,0.0019501853847112072,0.011621484246582608,,False,0.9848378351240085,0.9824371641788591,0.9760313745943344,0.9790775184243403,0.9357429718875502,0.9283092725587108,0.9038942135065676,0.9131663219309623
762,0.0019493259426100707,0.011621417399996146,,False,0.9848378351240085,0.9824426126016195,0.9760313745943344,0.9790798690571817,0.9353413654618474,0.9279513464363868,0.9035213574290135,0.9127950754873767
763,0.001948184423838377,0.011631214661870545,,False,0.9848378351240085,0.9824358065527252,0.9760313745943344,0.9790762846406545,0.9353413654618474,0.9279457449503798,0.9035213574290135,0.912788813318003
764,0.0019472361983001892,0.011626619201236555,,False,0.9848378351240085,0.98244074604155,0.9760313745943344,0.9790784065738253,0.9353413654618474,0.9279513464363868,0.9035213574290135,0.9127950754873767
765,0.0019462201283186721,0.011630065507077837,,False,0.9848378351240085,0.9824358065527252,0.9760313745943344,0.9790762846406545,0.9353413654618474,0.9279457449503798,0.9035213574290135,0.912788813318003
766,0.001945109546132061,0.011637483582462886,,False,0.9848378351240085,0.9824358065527252,0.9760313745943344,0.9790762846406545,0.9353413654618474,0.9279605162880981,0.9035335434708774,0.9127901767426349
767,0.0019439136327002661,0.011637992048297305,,False,0.9848378351240085,0.9824358065527252,0.9760313745943344,0.9790762846406545,0.9349397590361446,0.927588126902622,0.9031594319856548,0.912423681304941
768,0.0019425794121938292,0.01163761913466042,,False,0.9848378351240085,0.9824358065527252,0.9760313745943344,0.9790762846406545,0.9353413654618474,0.9279457449503798,0.9035213574290135,0.912788813318003
769,0.0019416494210756686,0.011642347039830142,,False,0.9848378351240085,0.9824373051510956,0.9760313745943344,0.9790770454643497,0.9357429718875502,0.9283349413301338,0.9039076549561,0.9131668620928042
770,0.001941419163400384,0.01164381913087955,,False,0.9848378351240085,0.9824422446399202,0.9760313745943344,0.9790791673975205,0.9357429718875502,0.9283349413301338,0.9039076549561,0.9131668620928042
771,0.001939220925407911,0.011646228006303732,,False,0.9848378351240085,0.98244074604155,0.9760313745943344,0.9790784065738253,0.9349397590361446,0.9275937283886287,0.9031594319856548,0.9124299434743146
772,0.0019379222227867477,0.011642618412690249,,False,0.9848378351240085,0.9824358065527252,0.9760313745943344,0.9790762846406545,0.9353413654618474,0.9279671104675646,0.9035335434708774,0.9127963918226144
773,0.0019368959047880658,0.011643032010494731,,False,0.9848378351240085,0.9824373051510956,0.9760313745943344,0.9790770454643497,0.9353413654618474,0.9279807635051847,0.9035335434708774,0.9128073139899572
774,0.0019357496736072631,0.011643852462135158,,False,0.9848378351240085,0.9824358065527252,0.9760313745943344,0.9790762846406545,0.9349397590361446,0.9276071196828908,0.9031594319856548,0.9124299215043737
775,0.0019352855509580527,0.011648164634672782,,False,0.9848378351240085,0.9824395556440135,0.9760313745943344,0.9790777236349792,0.9349397590361446,0.9276071196828908,0.9031594319856548,0.9124299215043737
776,0.001934125931276667,0.011643335971606734,,False,0.9848378351240085,0.9824373051510956,0.9760313745943344,0.9790770454643497,0.936144578313253,0.9286803875065094,0.904280511033654,0.9135332897489992
777,0.0019329105038809731,0.01163924745388253,,False,0.9848378351240085,0.9824358065527252,0.9760313745943344,0.9790762846406545,0.9353413654618474,0.927969505673129,0.9035322880632088,0.9128074850517408
778,0.0019322779341879367,0.011640771181829206,,False,0.9848378351240085,0.9824373051510956,0.9760313745943344,0.9790770454643497,0.9357429718875502,0.9283275512651757,0.9039063995484314,0.9131791658829452
779,0.001931077131280387,0.011641187457982545,,False,0.9848378351240085,0.9824358065527252,0.9760313745943344,0.9790762846406545,0.9353413654618474,0.9279751071591357,0.9035322880632088,0.9128137472211145
780,0.0019302506035705816,0.011649234469950039,,False,0.9848378351240085,0.9824358065527252,0.9760313745943344,0.9790762846406545,0.9349397590361446,0.9276071196828908,0.9031594319856548,0.9124299215043737
781,0.001929636560216067,0.011646810891274373,,False,0.9848378351240085,0.9824354460559136,0.9760313745943344,0.9790760926867293,0.9357429718875502,0.92832054355214,0.9039063995484314,0.9131726958706783
782,0.0019284733608765777,0.011653628036840325,,False,0.9848378351240085,0.9824346161551889,0.9760313745943344,0.9790756017018085,0.9349397590361446,0.9276071196828908,0.9031594319856548,0.9124299215043737
783,0.0019278979257724431,0.011660938070173398,,False,0.9848378351240085,0.9824395556440135,0.9760313745943344,0.9790777236349792,0.9349397590361446,0.9276071196828908,0.9031594319856548,0.9124299215043737
784,0.0019270454764261829,0.011659779504036861,,False,0.9848378351240085,0.9824363135677887,0.9760313745943344,0.9790754428823334,0.9353413654618474,0.9279860223208409,0.903534798878546,0.9127995183636985
785,0.0019259960512491808,0.011660434538463176,,False,0.9848378351240085,0.9824361419839074,0.9760313745943344,0.9790757482976632,0.9349397590361446,0.9276127211688975,0.9031594319856548,0.9124361836737473
786,0.0019256782033590333,0.011661319038953394,,False,0.9848378351240085,0.9824371186131613,0.9760313745943344,0.9790762771689939,0.936144578313253,0.9287163220319091,0.904280511033654,0.9135507003207928
787,0.00192440948951005,0.011659440891666123,,False,0.9848378351240085,0.9824358065527252,0.9760313745943344,0.9790762846406545,0.9357429718875502,0.9283454024273519,0.9039063995484314,0.9131854610167858
788,0.0019236193230369833,0.011656651983985593,,False,0.9848378351240085,0.9824374839870799,0.9760313745943344,0.9790764695200944,0.9353413654618474,0.9279821564819637,0.9035335434708774,0.912813674738302
789,0.0019227951647733342,0.011661866280225707,,False,0.9848378351240085,0.982433019664132,0.9760313745943344,0.9790738461775893,0.9353413654618474,0.9279751071591357,0.9035322880632088,0.9128137472211145
790,0.0019221354237622227,0.011665797574986097,,False,0.9848378351240085,0.982433019664132,0.9760313745943344,0.9790738461775893,0.9353413654618474,0.9279807635051847,0.9035335434708774,0.9128073139899572
791,0.0019210946116824297,0.011667707991079973,,False,0.9849382468119289,0.9825481358530932,0.9765434073644317,0.9794065501900232,0.9349397590361446,0.9276062597277408,0.9031594319856548,0.912435698773257
792,0.001920673433178585,0.011667782781447178,,False,0.9849382468119289,0.982551127681258,0.9765434073644317,0.9794080704716804,0.9357429718875502,0.9282926180964282,0.9039185855902956,0.9131563652710051
793,0.0019193139652699295,0.011670225304951322,,False,0.9849382468119289,0.982550151052004,0.9765434073644317,0.9794075416003497,0.9353413654618474,0.9279860223208409,0.903534798878546,0.9127995183636985
794,0.001918499037806074,0.011672114144106627,,False,0.9849382468119289,0.9825470287322285,0.9765434073644317,0.9794056394802758,0.9345381526104418,0.927243687680828,0.9027865759081009,0.9120574328768087
795,0.0019174119646116908,0.011674577316773474,,False,0.9849382468119289,0.9825470287322285,0.9765434073644317,0.9794056394802758,0.9345381526104418,0.9272492891668348,0.9027865759081009,0.9120636950461825
796,0.0019165080085603422,0.011668831025700469,,False,0.9849382468119289,0.982551127681258,0.9765434073644317,0.9794080704716804,0.9353413654618474,0.9279401067408392,0.9035457295127414,0.9127944143163175
797,0.0019151672302687736,0.01166793233079153,,False,0.9849382468119289,0.9825481358530932,0.9765434073644317,0.9794065501900232,0.934136546184739,0.926856026711663,0.9024233950570735,0.911705455555559
798,0.0019137153253397715,0.011670253457964649,,False,0.9849382468119289,0.9825481358530932,0.9765434073644317,0.9794065501900232,0.9345381526104418,0.9272265355473963,0.9027975065422962,0.9120778326974802
799,0.0019121675536695436,0.011672681532283253,,False,0.9849382468119289,0.98211363168098,0.9765434073644317,0.9792070118440572,0.934136546184739,0.9272606624859269,0.9041056328504224,0.9130707725025725
800,0.0019106245800266644,0.011667412446969415,,False,0.9849382468119289,0.9821191024311319,0.9765434073644317,0.9792101491441705,0.9349397590361446,0.9280012784339955,0.9048538558208676,0.9138136329376901
801,0.0019081038203263866,0.011668951055836376,,False,0.9849382468119289,0.9825450135333177,0.9765434073644317,0.9794046480699493,0.9349397590361446,0.9279878012021128,0.9048551197110205,0.9138241722336132
802,0.0019052049445580281,0.01167134357891373,,False,0.9849382468119289,0.9825450135333177,0.9765434073644317,0.9794046480699493,0.9349397590361446,0.9280012784339955,0.9048538558208676,0.9138136329376901
803,0.001903325921764784,0.011679197919454523,,False,0.9849382468119289,0.982551127681258,0.9765434073644317,0.9794080704716804,0.9365461847389558,0.9298097860614032,0.908033811927744,0.916625578621232
804,0.0019011950964962622,0.011681609520444204,,False,0.9849382468119289,0.9825559250416889,0.9765434073644317,0.9794106657634595,0.9365461847389558,0.9298097860614032,0.908033811927744,0.916625578621232
805,0.0018993853993718426,0.011680135203706903,,False,0.9849382468119289,0.9825496711590544,0.9765434073644317,0.9794072084280716,0.9353413654618474,0.9287110583450714,0.9069102135819234,0.9155128308388785
806,0.0018978815309209517,0.011685402860535335,,False,0.9849382468119289,0.9825564862742975,0.9765434073644317,0.9794111557109887,0.9357429718875502,0.9290810811325814,0.907284325067146,0.9158735977258995
807,0.0018964253731257109,0.01168055104868743,,False,0.9849382468119289,0.9825564862742975,0.9765434073644317,0.9794111557109887,0.9357429718875502,0.9290769512775411,0.907284325067146,0.9158789135985254
808,0.001895390374552681,0.011689520041733669,,False,0.9849382468119289,0.9825496711590544,0.9765434073644317,0.9794072084280716,0.936144578313253,0.929455567262826,0.9076584365523686,0.916250282511575
809,0.0018939779275294999,0.011686624487532899,,False,0.9849382468119289,0.9825481358530932,0.9765434073644317,0.9794065501900232,0.936144578313253,0.929455567262826,0.9076584365523686,0.916250282511575
810,0.001893653929026246,0.011684091180879444,,False,0.9849382468119289,0.9829978028521036,0.9765434073644317,0.9796123992500991,0.9365461847389558,0.9298097860614032,0.908033811927744,0.916625578621232
811,0.0018919663347785841,0.011681652221610354,,False,0.9849382468119289,0.982546506763112,0.9765434073644317,0.9794054075279112,0.936144578313253,0.929455567262826,0.9076584365523686,0.916250282511575
812,0.0018912564674705254,0.011679826281095899,,False,0.9849382468119289,0.9825515495131992,0.9765434073644317,0.9794085255273394,0.9349397590361446,0.9283362739343062,0.9065361020967008,0.9151405928242686
813,0.0018900107867413538,0.011683339233778163,,False,0.9849382468119289,0.9829951138561968,0.9765434073644317,0.9796109554875579,0.936144578313253,0.9290852665642689,0.9059761987590197,0.9149196274018843
814,0.0018891590477051114,0.01167854174424874,,False,0.9849382468119289,0.9825450135333177,0.9765434073644317,0.9794046480699493,0.9353413654618474,0.9283622781991079,0.9052267118984219,0.9141796813567757
815,0.0018884473190541866,0.011682976450606947,,False,0.9849382468119289,0.9830055463779949,0.9765434073644317,0.9796158470050454,0.9353413654618474,0.928705784209628,0.9069102135819234,0.9155130183202337
816,0.0018878118307283256,0.011676836170798767,,False,0.9849382468119289,0.982551127681258,0.9765434073644317,0.9794080704716804,0.9353413654618474,0.9279358034866009,0.903544474105073,0.9128014526590873
817,0.0018876733880887086,0.011677391543202126,,False,0.9849382468119289,0.9825421825099537,0.9765434073644317,0.9794028191609164,0.9345381526104418,0.9276301727612489,0.904479744335645,0.9134431979985376
818,0.0018860554257062552,0.011680030313276968,,False,0.9849382468119289,0.9825450135333177,0.9765434073644317,0.9794046480699493,0.9349397590361446,0.9275747823450463,0.9031690987296975,0.9124205879763458
819,0.001885780207654513,0.011680520295300333,,False,0.9849382468119289,0.9825457777348561,0.9765434073644317,0.9794044921928786,0.9357429718875502,0.9283100171361391,0.9039185855902956,0.9131671905361123
820,0.0018847404428531294,0.01168481020379378,,False,0.9849382468119289,0.9829853276478,0.9765434073644317,0.9796051443200974,0.9357429718875502,0.9283001991532457,0.9039185855902956,0.9131625345144554
821,0.0018839326009193955,0.011687376304180807,,False,0.9849382468119289,0.9829901274019304,0.9765434073644317,0.9796072313196112,0.9349397590361446,0.9276042064586303,0.9031690987296975,0.9124390036199357
822,0.0018832531134393548,0.011683531693884211,,False,0.9849382468119289,0.9829951138561968,0.9765434073644317,0.9796109554875579,0.9349397590361446,0.9275436708031776,0.9031703626198504,0.9124235840894074
823,0.0018825720220162596,0.01168581262562811,,False,0.9849382468119289,0.9829826614486417,0.9765434073644317,0.9796038655899351,0.9349397590361446,0.9276042064586303,0.9031690987296975,0.9124390036199357
824,0.0018819752397835285,0.011682986253209807,,False,0.9849382468119289,0.982996497556522,0.9765434073644317,0.9796115754420209,0.9349397590361446,0.9275841153638932,0.9031703626198504,0.9124427056385902
825,0.0018813289077698125,0.01168624662974618,,False,0.9849382468119289,0.9825496711590544,0.9765434073644317,0.9794072084280716,0.9353413654618474,0.928334740379475,0.9052267118984219,0.9141662836812192
826,0.0018806003713876442,0.011684975316907823,,False,0.9849382468119289,0.9825529332135243,0.9765434073644317,0.9794091454818025,0.9345381526104418,0.9272342896298151,0.9027949872444749,0.9120737024615754
827,0.0018799185524654139,0.011691122994348904,,False,0.9850386584998494,0.9826634261799485,0.9770554401345292,0.9797377443053364,0.9349397590361446,0.9275998041228838,0.9031690987296975,0.9124333725839112
828,0.0018793147526333178,0.011684884683011185,,False,0.9850386584998494,0.9826702412951919,0.9770554401345292,0.9797416915882535,0.9345381526104418,0.9272308799875285,0.9027949872444749,0.9120680243361569
829,0.0018788822224234695,0.011683330052126144,,False,0.9850386584998494,0.9826577521800457,0.9770554401345292,0.9797347042762777,0.9353413654618474,0.9279236974124407,0.903544474105073,0.9127962441818264
830,0.001877998542393246,0.011688134246747474,,False,0.9850386584998494,0.9830938815941186,0.9770554401345292,0.9799339801052942,0.9349397590361446,0.9275626762708862,0.9031690987296975,0.9124153794990849
831,0.001877529503482087,0.011691422750389278,,False,0.9850386584998494,0.9831114238058117,0.9770554401345292,0.979944247028031,0.9353413654618474,0.928280872421652,0.9052279757885745,0.9141570449208629
832,0.0018774938675842976,0.011686613505020904,,False,0.9850386584998494,0.9822392224859205,0.9770554401345292,0.9795425993553822,0.9353413654618474,0.9283391427152213,0.9052267118984219,0.9141719147172434
833,0.0018762780584284445,0.011686579660988685,,False,0.9850386584998494,0.9826587825295472,0.9770554401345292,0.9797356959385287,0.9345381526104418,0.9272308799875285,0.9027949872444749,0.9120680243361569
834,0.0018758047228228825,0.011693485557996196,,False,0.9850386584998494,0.9822296707094585,0.9770554401345292,0.97953668644292,0.9353413654618474,0.9282899184632716,0.9052267118984219,0.9141492837441976
835,0.0018750702363614187,0.011692807000791675,,False,0.9851390701877698,0.9827745791597581,0.9775674729046264,0.9800651205997115,0.9345381526104418,0.9272142656189271,0.9027949872444749,0.9120617190942109
836,0.001874466668282314,0.011687758268522912,,False,0.9851390701877698,0.9827700755791464,0.9775674729046264,0.980063107208414,0.9345381526104418,0.9271849594191706,0.9027949872444749,0.9120556057598689
837,0.0018739122782394926,0.011686608997622626,,False,0.9851390701877698,0.9827745791597581,0.9775674729046264,0.9800651205997115,0.9345381526104418,0.9272176752612137,0.9027949872444749,0.9120673972196295
838,0.0018730630380356418,0.011692434857136043,,False,0.9851390701877698,0.9832159571846361,0.9775674729046264,0.9802695571661518,0.9345381526104418,0.9272142656189271,0.9027949872444749,0.9120617190942109
839,0.0018725707600621918,0.011691623783564451,,False,0.9851390701877698,0.9832176070096283,0.9775674729046264,0.9802703562253777,0.9349397590361446,0.9275670786066326,0.9031690987296975,0.9124210105351094
840,0.001871926857263446,0.01170002073317686,,False,0.9851390701877698,0.983210168240898,0.9775674729046264,0.9802653592923564,0.9349397590361446,0.9275854326868402,0.9031690987296975,0.9124276143725027
841,0.001871272638563395,0.011692863714302993,,False,0.9851390701877698,0.9832159571846361,0.9775674729046264,0.9802695571661518,0.9345381526104418,0.9272342896298151,0.9027949872444749,0.9120737024615754
842,0.0018707538719950163,0.011692939815736995,,False,0.9851390701877698,0.9827775502529117,0.9775674729046264,0.9800669844842549,0.934136546184739,0.9268676986850247,0.9024221311669209,0.9116968892256732
843,0.0018699183650989907,0.011693005507680447,,False,0.9851390701877698,0.9832159571846361,0.9775674729046264,0.9802695571661518,0.9345381526104418,0.9272142656189271,0.9027949872444749,0.9120617190942109
844,0.0018691861040850868,0.01169167673639404,,False,0.9852394818756903,0.9832976194850312,0.9776607651893544,0.9803571630450794,0.9349397590361446,0.9275898350225867,0.9031690987296975,0.9124332454085269
845,0.0018684730693369336,0.0116957212736204,,False,0.9851390701877698,0.9832077777294711,0.9775674729046264,0.980265595526855,0.9349397590361446,0.9275571191805434,0.9031690987296975,0.9124214539487663
846,0.0018677196982276234,0.011701273138324005,,False,0.9851390701877698,0.9832128463567881,0.9775674729046264,0.9802676583479517,0.9349397590361446,0.9276042064586303,0.9031690987296975,0.9124390036199357
847,0.001866992075345307,0.011699666437120318,,False,0.9851390701877698,0.9832124213798724,0.9775674729046264,0.9802676438936628,0.9349397590361446,0.9275571191805434,0.9031690987296975,0.9124214539487663
848,0.0018663926882533863,0.011700766155544037,,False,0.9851390701877698,0.9832159571846361,0.9775674729046264,0.9802695571661518,0.9337349397590361,0.9264981884097028,0.9020480196816982,0.911324463729708
849,0.0018657481754321091,0.011699465791385852,,False,0.9852394818756903,0.9832991785154134,0.9776607651893544,0.9803573007581833,0.9349397590361446,0.9275571191805434,0.9031690987296975,0.9124214539487663
850,0.0018643252393599225,0.011703366646944975,,False,0.9851390701877698,0.9832124213798724,0.9775674729046264,0.9802676438936628,0.9349397590361446,0.9275571191805434,0.9031690987296975,0.9124214539487663
851,0.0018633197079797853,0.011698684897248075,,False,0.9852394818756903,0.983301621573315,0.9776607651893544,0.980359162778317,0.9349397590361446,0.9275527168447968,0.9031690987296975,0.9124158229127421
852,0.001862542169403415,0.01170014496628516,,False,0.9852394818756903,0.9832967628808321,0.9776607651893544,0.9803563079251586,0.9349397590361446,0.9275571191805434,0.9031690987296975,0.9124214539487663
853,0.001861684484636625,0.01170984427092146,,False,0.9851390701877698,0.983209601135589,0.9775674729046264,0.9802658181966759,0.9349397590361446,0.9275527168447968,0.9031690987296975,0.9124158229127421
854,0.001860650116941284,0.011706639443188293,,False,0.9851390701877698,0.9832124213798724,0.9775674729046264,0.9802676438936628,0.9345381526104418,0.9271849594191706,0.9027949872444749,0.9120556057598689
855,0.0018597646869664675,0.011705411491121212,,False,0.9851390701877698,0.9832155322077205,0.9775674729046264,0.9802695427118633,0.9349397590361446,0.9275571191805434,0.9031690987296975,0.9124214539487663
856,0.0018590745086389776,0.01170340748886975,,False,0.9851390701877698,0.9832137581295659,0.9775674729046264,0.9802684533592996,0.9345381526104418,0.9271991479266859,0.9027949872444749,0.9120613259085089
857,0.0018581937289854351,0.011704172410569803,,False,0.9851390701877698,0.9832124213798724,0.9775674729046264,0.9802676438936628,0.9349397590361446,0.9275571191805434,0.9031690987296975,0.9124214539487663
858,0.0018572581856204089,0.011702186413128224,,False,0.9851390701877698,0.9832124213798724,0.9775674729046264,0.9802676438936628,0.9349397590361446,0.9275571191805434,0.9031690987296975,0.9124214539487663
859,0.0018568898378967073,0.01170203924378972,,False,0.9852394818756903,0.9833011188829511,0.9776607651893544,0.9803597459169371,0.9345381526104418,0.9271991479266859,0.9027949872444749,0.9120613259085089
860,0.0018558215540041664,0.011708568673032018,,False,0.9852394818756903,0.983294564248831,0.9776607651893544,0.9803548816916591,0.9345381526104418,0.9271815497768839,0.9027949872444749,0.9120499276344503
861,0.001854905082644949,0.01171180898053994,,False,0.9851390701877698,0.9832077777294711,0.9775674729046264,0.980265595526855,0.9349397590361446,0.9275527168447968,0.9031690987296975,0.9124158229127421
862,0.0018542028263136847,0.011716852666719851,,False,0.9851390701877698,0.983209601135589,0.9775674729046264,0.9802658181966759,0.9349397590361446,0.9275527168447968,0.9031690987296975,0.9124158229127421
863,0.0018534772301704952,0.011718803463487965,,False,0.9851390701877698,0.9832097432639824,0.9775674729046264,0.9802653448380675,0.9349397590361446,0.9275571191805434,0.9031690987296975,0.9124214539487663
864,0.0018527340817391421,0.011716820705307664,,False,0.9851390701877698,0.9832077637541357,0.9775674729046264,0.9802650835355406,0.9349397590361446,0.9275571191805434,0.9031690987296975,0.9124214539487663
865,0.0018521588878780823,0.011718139891747024,,False,0.9851390701877698,0.9832081887310513,0.9775674729046264,0.9802650979898294,0.9345381526104418,0.9271957382843993,0.9027949872444749,0.9120556477830903
866,0.0018510371788879921,0.011720491232395429,,False,0.9851390701877698,0.9832097432639824,0.9775674729046264,0.9802653448380675,0.9349397590361446,0.9275571191805434,0.9031690987296975,0.9124214539487663
867,0.0018502378225665357,0.01172881936464471,,False,0.9851390701877698,0.9832097432639824,0.9775674729046264,0.9802653448380675,0.9345381526104418,0.9271953598449981,0.9027949872444749,0.9120492351457793
868,0.0018490654378962054,0.011728852096598597,,False,0.9851390701877698,0.9832097432639824,0.9775674729046264,0.9802653448380675,0.9349397590361446,0.9275646624197544,0.9031690987296975,0.9124209960308447
869,0.0018481829813330592,0.011729695197045678,,False,0.9851390701877698,0.983212563508266,0.9775674729046264,0.9802671705350546,0.9345381526104418,0.9271815497768839,0.9027949872444749,0.9120499276344503
870,0.0018471418157491445,0.01172959037052708,,False,0.9851390701877698,0.9832077637541357,0.9775674729046264,0.9802650835355406,0.9349397590361446,0.927569064755501,0.9031690987296975,0.9124266270668691
871,0.0018461544734935376,0.011729400690532748,,False,0.9851390701877698,0.9832061944348259,0.9775674729046264,0.9802636945888543,0.9349397590361446,0.9275527168447968,0.9031690987296975,0.9124158229127421
872,0.001845514007872832,0.011723638157997995,,False,0.9851390701877698,0.9827715942957731,0.9775674729046264,0.9800634576615628,0.9349397590361446,0.927569064755501,0.9031690987296975,0.9124266270668691
873,0.0018441920587406848,0.011731905098597888,,False,0.9851390701877698,0.9832145211771438,0.9775674729046264,0.9802680474338066,0.9349397590361446,0.927569064755501,0.9031690987296975,0.9124266270668691
874,0.0018428866248816791,0.01172797174006877,,False,0.9852394818756903,0.9832955346980579,0.9776607651893544,0.9803552484490188,0.9349397590361446,0.9275571191805434,0.9031690987296975,0.9124214539487663
875,0.0018420101469059094,0.011736512038865268,,False,0.9852394818756903,0.9832959596749736,0.9776607651893544,0.9803552629033077,0.9349397590361446,0.9275527168447968,0.9031690987296975,0.9124158229127421
876,0.001840902430826692,0.01174152730783933,,False,0.9851390701877698,0.9832109941889561,0.9775674729046264,0.9802657815883684,0.934136546184739,0.9268334223157476,0.9024112005327254,0.9116764393610772
877,0.001840541562048231,0.011741404683428783,,False,0.9852394818756903,0.9833035136757415,0.9776607651893544,0.9803591795924811,0.9333333333333333,0.9260806367266122,0.9016751636041442,0.9109384688083113
878,0.001838948292230666,0.01173704073157796,,False,0.9852394818756903,0.9832999350407319,0.9776607651893544,0.9803584663047382,0.9345381526104418,0.9271872396314078,0.9027962426521433,0.9120493397625867
879,0.0018380949772308635,0.011737741268058334,,False,0.9852394818756903,0.9832928173581256,0.9776607651893544,0.9803546582256093,0.9345381526104418,0.9275629109609214,0.9044919303775091,0.9134133617923214
880,0.001837320381868668,0.011749497196457155,,False,0.9852394818756903,0.9833016869249818,0.9776607651893544,0.9803586902003352,0.9349397590361446,0.9279595674961284,0.9048538558208676,0.9137897303011039
881,0.001836321400034666,0.011745033135971137,,False,0.9852394818756903,0.9832988520153201,0.9776607651893544,0.9803559881251824,0.9345381526104418,0.9271872396314078,0.9027962426521433,0.9120493397625867
882,0.0018358560082680192,0.011745431528090952,,False,0.9852394818756903,0.9833016869249818,0.9776607651893544,0.9803586902003352,0.9353413654618474,0.9282987459363977,0.9052157812642263,0.9141466333068247
883,0.0018347628797932601,0.011744369058325014,,False,0.9852394818756903,0.9833016869249818,0.9776607651893544,0.9803586902003352,0.9349397590361446,0.9279177735522526,0.9048538558208676,0.9137766198238703
884,0.0018341648330287429,0.011745000448606473,,False,0.9852394818756903,0.9832962267765839,0.9776607651893544,0.9803548122193045,0.934136546184739,0.9271695948720821,0.9041300049341504,0.9130343719133935
885,0.0018331164990042785,0.011745229108596083,,False,0.9852394818756903,0.9833001176056722,0.9776607651893544,0.9803573012536488,0.9337349397590361,0.9264325825561224,0.9020723917654261,0.9113015668745614
886,0.001832485711425234,0.011746408245869132,,False,0.9852394818756903,0.9833016869249818,0.9776607651893544,0.9803586902003352,0.9345381526104418,0.9271872396314078,0.9027962426521433,0.9120493397625867
887,0.0018317013789289152,0.011745606851458,,False,0.9852394818756903,0.9832913390302013,0.9776607651893544,0.9803537800110499,0.934136546184739,0.9267930779495467,0.9024343172087848,0.911671058078998
888,0.0018309765398341429,0.011749649461268807,,False,0.9852394818756903,0.9833018231084739,0.9776607651893544,0.9803578520097259,0.9337349397590361,0.9264325825561224,0.9020723917654261,0.9113015668745614
889,0.0018302959406976506,0.01174920785482924,,False,0.9852394818756903,0.9832926730658708,0.9776607651893544,0.980353750042059,0.934136546184739,0.9271695948720821,0.9041300049341504,0.9130343719133935
890,0.0018298067624939803,0.011751943211317568,,False,0.9852394818756903,0.9833008096841981,0.9776607651893544,0.9803568650239346,0.9337349397590361,0.9264325825561224,0.9020723917654261,0.9113015668745614
891,0.0018291505136632843,0.011750543473149896,,False,0.9851390701877698,0.9832129884851817,0.9775674729046264,0.9802671849893433,0.9345381526104418,0.9275749308630693,0.9044919303775091,0.9134185307613701
892,0.0018281933787465086,0.011753251348340269,,False,0.9852394818756903,0.9832942691077062,0.9776607651893544,0.9803539353205524,0.934136546184739,0.9271695948720821,0.9041300049341504,0.9130343719133935
893,0.0018276410401376504,0.011759581353942082,,False,0.9852394818756903,0.9832904074253795,0.9776607651893544,0.9803519706047454,0.9337349397590361,0.9267923240116208,0.9037558934489278,0.9126583083133553
894,0.0018268261787424145,0.01175411883215304,,False,0.9852394818756903,0.9832904074253795,0.9776607651893544,0.9803519706047454,0.9337349397590361,0.9264352607710398,0.9020723917654261,0.9113039306556434
895,0.0018263479954393476,0.011751317046136668,,False,0.9852394818756903,0.9832904074253795,0.9776607651893544,0.9803519706047454,0.9337349397590361,0.9264467151522605,0.9020723917654261,0.9113054463637327
896,0.0018256487833328138,0.01176300743859084,,False,0.9852394818756903,0.9832904074253795,0.9776607651893544,0.9803519706047454,0.9337349397590361,0.9264467151522605,0.9020723917654261,0.9113054463637327
897,0.0018248191048652433,0.011755505070434205,,False,0.9852394818756903,0.9832904074253795,0.9776607651893544,0.9803519706047454,0.9337349397590361,0.9264325825561224,0.9020723917654261,0.9113015668745614
898,0.0018242450229178323,0.01175831680911868,,False,0.9852394818756903,0.983292208099242,0.9776607651893544,0.9803528078515276,0.934136546184739,0.9271704770997253,0.9041300049341504,0.9130324802966526
899,0.0018236085315503751,0.011758791939880622,,False,0.9852394818756903,0.9832904074253795,0.9776607651893544,0.9803519706047454,0.9337349397590361,0.9264334647837659,0.9020723917654261,0.9112996752578204
900,0.0018231260770215573,0.011761358564364029,,False,0.9852394818756903,0.983292208099242,0.9776607651893544,0.9803528078515276,0.9337349397590361,0.9264334647837659,0.9020723917654261,0.9112996752578204
901,0.0018224544950589097,0.01176194829259256,,False,0.9852394818756903,0.9832904074253795,0.9776607651893544,0.9803519706047454,0.9337349397590361,0.9264485111395344,0.9020723917654261,0.9113097017615553
902,0.0018218084603674675,0.01176068254874987,,False,0.9852394818756903,0.9832904074253795,0.9776607651893544,0.9803519706047454,0.934136546184739,0.926832420218769,0.9024477671408013,0.9116753973476571
903,0.0018213026475251094,0.011770450650672514,,False,0.9852394818756903,0.9832904074253795,0.9776607651893544,0.9803519706047454,0.934136546184739,0.9271704770997253,0.9041300049341504,0.9130324802966526
904,0.0018205073279639757,0.011768038724389532,,False,0.9851390701877698,0.9832053538213896,0.9775674729046264,0.9802623959146768,0.9337349397590361,0.9264352607710398,0.9020723917654261,0.9113039306556434
905,0.001820015411821017,0.011767424151465658,,False,0.9852394818756903,0.9832904074253795,0.9776607651893544,0.9803519706047454,0.9337349397590361,0.9264429218673688,0.9020723917654261,0.9113123190018607
906,0.0018193866736570072,0.011763553358759818,,False,0.9852394818756903,0.9833004284133339,0.9776607651893544,0.9803581139856679,0.9337349397590361,0.9264352607710398,0.9020723917654261,0.9113039306556434
907,0.0018188837370498915,0.011766174740046108,,False,0.9852394818756903,0.9832904074253795,0.9776607651893544,0.9803519706047454,0.9337349397590361,0.9264429218673688,0.9020723917654261,0.9113123190018607
908,0.0018183065569195198,0.011762453692754702,,False,0.9852394818756903,0.9832973060935584,0.9776607651893544,0.980356211865594,0.9337349397590361,0.9264485111395344,0.9020723917654261,0.9113097017615553
909,0.0018180113656979322,0.011763155022940988,,False,0.9852394818756903,0.9832935646809795,0.9776607651893544,0.9803546317121208,0.9345381526104418,0.927560086656409,0.9045053803095257,0.9134140028415515
910,0.001817293320259101,0.01176967812161111,,False,0.9852394818756903,0.9832973060935584,0.9776607651893544,0.980356211865594,0.9337349397590361,0.9264375834454339,0.9020723917654261,0.9113023568229366
911,0.0018166836830089605,0.0117664849016791,,False,0.9852394818756903,0.9832930344765689,0.9776607651893544,0.9803542362464326,0.934136546184739,0.9268232885119425,0.9024477671408013,0.9116723078068613
912,0.0018161552872674605,0.01176563051568476,,False,0.9852394818756903,0.9832930344765689,0.9776607651893544,0.9803542362464326,0.934136546184739,0.9268176992397767,0.9024477671408013,0.9116749250471666
913,0.0018156509204404535,0.011769177138727998,,False,0.9852394818756903,0.9832930344765689,0.9776607651893544,0.9803542362464326,0.9345381526104418,0.927550190861242,0.9045053803095257,0.9134066358256698
914,0.0018152902233763604,0.01176630993024641,,False,0.9851390701877698,0.9832112914391734,0.9775674729046264,0.9802666308308995,0.934136546184739,0.9268232885119425,0.9024477671408013,0.9116723078068613
915,0.001814829132138526,0.011771424673834144,,False,0.9851390701877698,0.9832162142249364,0.9775674729046264,0.9802687490232346,0.934136546184739,0.9268232885119425,0.9024477671408013,0.9116723078068613
916,0.0018143329700895524,0.011770169288147557,,False,0.9851390701877698,0.9832066637626072,0.9775674729046264,0.9802645861143622,0.934136546184739,0.9268232885119425,0.9024477671408013,0.9116723078068613
917,0.0018137651628634664,0.011776149290996839,,False,0.9852394818756903,0.9832930344765689,0.9776607651893544,0.9803542362464326,0.934136546184739,0.9268176992397767,0.9024477671408013,0.9116749250471666
918,0.0018132750632229673,0.011776051500228035,,False,0.9852394818756903,0.9833102644007661,0.9776608435862322,0.9803623871593113,0.934136546184739,0.9268176992397767,0.9024477671408013,0.9116749250471666
919,0.0018128138723492453,0.011775558205277096,,False,0.9852394818756903,0.9833069369474029,0.9776608435862322,0.9803604145291867,0.934136546184739,0.9268176992397767,0.9024477671408013,0.9116749250471666
920,0.001812342903018888,0.011775956207426238,,False,0.9852394818756903,0.9833007139384369,0.9776608435862322,0.9803582242504388,0.934136546184739,0.9268275950349438,0.9024477671408013,0.9116822920630483
921,0.0018118811697641856,0.01177905132826544,,False,0.9853398935636108,0.9833905205062631,0.9777515465340783,0.9804482366936704,0.934136546184739,0.9268176992397767,0.9024477671408013,0.9116749250471666
922,0.0018114868651169546,0.011782247256100194,,False,0.9853398935636108,0.9833922668161341,0.9777515465340783,0.9804484204759925,0.934136546184739,0.9268275950349438,0.9024477671408013,0.9116822920630483
923,0.0018110757494446388,0.01177886327891496,,False,0.9853398935636108,0.9833983522093602,0.9777515465340783,0.9804522227987326,0.934136546184739,0.9268275950349438,0.9024477671408013,0.9116822920630483
924,0.0018106267224531586,0.011787757867612925,,False,0.9853398935636108,0.9833877632355222,0.9777515465340783,0.980446407084695,0.934136546184739,0.9268176992397767,0.9024477671408013,0.9116749250471666
925,0.0018103248758981315,0.011780813377303538,,False,0.9853398935636108,0.9833938931456007,0.9777515465340783,0.9804504257205662,0.934136546184739,0.9268275950349438,0.9024477671408013,0.9116822920630483
926,0.0018097451661894261,0.011783192291731415,,False,0.9853398935636108,0.9833905205062631,0.9777515465340783,0.9804482366936704,0.934136546184739,0.9268176992397767,0.9024477671408013,0.9116749250471666
927,0.0018092406067273495,0.011784388549262306,,False,0.9853398935636108,0.9833983522093602,0.9777515465340783,0.9804522227987326,0.934136546184739,0.9268176992397767,0.9024477671408013,0.9116749250471666
928,0.0018089044005342439,0.01179092421791264,,False,0.9853398935636108,0.9833896601460488,0.9777515465340783,0.9804466290391939,0.934136546184739,0.9268275950349438,0.9024477671408013,0.9116822920630483
929,0.001808366225309069,0.011789976173772988,,False,0.9853398935636108,0.9833905205062631,0.9777515465340783,0.9804482366936704,0.934136546184739,0.9268176992397767,0.9024477671408013,0.9116749250471666
930,0.001808041178838531,0.011783441648141319,,False,0.9853398935636108,0.9833921695679853,0.9777515465340783,0.9804496273612826,0.934136546184739,0.9268176992397767,0.9024477671408013,0.9116749250471666
931,0.0018077087468065822,0.011784482802787691,,False,0.9854403052515313,0.9834799372849078,0.9778448388188062,0.9805397897576059,0.9337349397590361,0.9264486778584986,0.9020736556555788,0.9113038426046651
932,0.001807153774537692,0.011794106997604541,,False,0.9853398935636108,0.9833896601460488,0.9777515465340783,0.9804466290391939,0.934136546184739,0.9268275950349438,0.9024477671408013,0.9116822920630483
933,0.0018068218148635591,0.011790389211422135,,False,0.9853398935636108,0.9833922440838785,0.9777515465340783,0.9804490350529539,0.934136546184739,0.9268275950349438,0.9024477671408013,0.9116822920630483
934,0.001806299858675371,0.011787548196598593,,False,0.9853398935636108,0.9833905205062631,0.9777515465340783,0.9804482366936704,0.934136546184739,0.9268176992397767,0.9024477671408013,0.9116749250471666
935,0.0018060628603789282,0.011790619149804855,,False,0.9853398935636108,0.9833968132183865,0.9777515465340783,0.9804516757280903,0.934136546184739,0.9268176992397767,0.9024477671408013,0.9116749250471666
936,0.001805443480721316,0.011795197149352616,,False,0.9853398935636108,0.9833983522093602,0.9777515465340783,0.9804522227987326,0.9337349397590361,0.9264528458814029,0.9020749110632474,0.9112967726029476
937,0.0018051003349252596,0.011796698398277504,,False,0.9853398935636108,0.9833951641566644,0.9777515465340783,0.9804502850604783,0.9337349397590361,0.9264627416765698,0.9020749110632474,0.9113041396188293
938,0.0018046364038728038,0.01179440193688155,,False,0.9853398935636108,0.9833905205062631,0.9777515465340783,0.9804482366936704,0.9337349397590361,0.9264627416765698,0.9020749110632474,0.9113041396188293
939,0.001804297786194248,0.011795251571613556,,False,0.9853398935636108,0.9833968132183865,0.9777515465340783,0.9804516757280903,0.9337349397590361,0.9264528458814029,0.9020749110632474,0.9112967726029476
940,0.0018038280384773764,0.011800116119672166,,False,0.9853398935636108,0.9833951641566644,0.9777515465340783,0.9804502850604783,0.9337349397590361,0.9264528458814029,0.9020749110632474,0.9112967726029476
941,0.0018034063312429014,0.011800710641643083,,False,0.9853398935636108,0.98339688773428,0.9777515465340783,0.9804510834197617,0.9337349397590361,0.9264627416765698,0.9020749110632474,0.9113041396188293
942,0.0018030160376020408,0.011806061702012708,,False,0.9853398935636108,0.9833983522093602,0.9777515465340783,0.9804522227987326,0.9337349397590361,0.9264528458814029,0.9020749110632474,0.9112967726029476
943,0.0018025199503068413,0.011800835889766053,,False,0.9853398935636108,0.9833951641566644,0.9777515465340783,0.9804502850604783,0.934136546184739,0.9268275950349438,0.9024477671408013,0.9116822920630483
944,0.0018022744870263999,0.01180482887686843,,False,0.9853398935636108,0.9833898070976583,0.9777515465340783,0.9804477941913969,0.9333333333333333,0.9261001465016252,0.9016943935594424,0.9109311958803973
945,0.0018016792450497325,0.011805742947208502,,False,0.9853398935636108,0.983390690190128,0.9777515465340783,0.980448787268912,0.934136546184739,0.9268176992397767,0.9024477671408013,0.9116749250471666
946,0.001801202548099546,0.011811256574653324,,False,0.9853398935636108,0.9833905205062631,0.9777515465340783,0.9804482366936704,0.9337349397590361,0.9264627416765698,0.9020749110632474,0.9113041396188293
947,0.0018007843022071065,0.011813309898037238,,False,0.9853398935636108,0.9833905205062631,0.9777515465340783,0.9804482366936704,0.9337349397590361,0.9264528458814029,0.9020749110632474,0.9112967726029476
948,0.0018003669740969935,0.011811334016040651,,False,0.9853398935636108,0.9833922440838785,0.9777515465340783,0.9804490350529539,0.9337349397590361,0.9264627416765698,0.9020749110632474,0.9113041396188293
949,0.0017999141489552367,0.011807714894173208,,False,0.9853398935636108,0.983390690190128,0.9777515465340783,0.980448787268912,0.934136546184739,0.9268176992397767,0.9024477671408013,0.9116749250471666
950,0.001799405881118404,0.011816479187380192,,False,0.9853398935636108,0.9833905205062631,0.9777515465340783,0.9804482366936704,0.9337349397590361,0.9264627416765698,0.9020749110632474,0.9113041396188293
951,0.0017989745952368688,0.011816396237602517,,False,0.9853398935636108,0.9833935688242647,0.9777515465340783,0.9804501394982679,0.9337349397590361,0.9264627416765698,0.9020749110632474,0.9113041396188293
952,0.0017985373543078086,0.01181419405971937,,False,0.9853398935636108,0.9833922440838785,0.9777515465340783,0.9804490350529539,0.9333333333333333,0.9261001465016252,0.9016943935594424,0.9109311958803973
953,0.0017980642139575464,0.011821646497348558,,False,0.9853398935636108,0.9833905205062631,0.9777515465340783,0.9804482366936704,0.9337349397590361,0.9264528458814029,0.9020749110632474,0.9112967726029476
954,0.0017974116232946557,0.011820260596109272,,False,0.9853398935636108,0.983390690190128,0.9777515465340783,0.980448787268912,0.9333333333333333,0.9261001465016252,0.9016943935594424,0.9109311958803973
955,0.001796965763174946,0.011824236577432498,,False,0.9853398935636108,0.9833938791702652,0.9777515465340783,0.9804499137292516,0.9333333333333333,0.9261001465016252,0.9016943935594424,0.9109311958803973
956,0.0017963134608667392,0.011834049701394067,,False,0.9853398935636108,0.9833879329193874,0.9777515465340783,0.9804469576599367,0.9333333333333333,0.9261001465016252,0.9016943935594424,0.9109311958803973
957,0.0017955695777397394,0.011833580102329867,,False,0.9853398935636108,0.9833921555926497,0.9777515465340783,0.9804491153699681,0.9333333333333333,0.9261001465016252,0.9016943935594424,0.9109311958803973
958,0.001794969721458028,0.011837055680765459,,False,0.9853398935636108,0.983389398321909,0.9777515465340783,0.9804472857609928,0.9337349397590361,0.9264627416765698,0.9020749110632474,0.9113041396188293
959,0.0017942606319547396,0.011839134054348603,,False,0.9853398935636108,0.9833912864755153,0.9777515465340783,0.9804486342837673,0.9333333333333333,0.9261001465016252,0.9016943935594424,0.9109311958803973
960,0.0017935330199341617,0.01184477140737283,,False,0.9853398935636108,0.983389398321909,0.9777515465340783,0.9804472857609928,0.9333333333333333,0.9261001465016252,0.9016943935594424,0.9109311958803973
961,0.001792810346624654,0.011844261377307867,,False,0.9853398935636108,0.9833921695679853,0.9777515465340783,0.9804496273612826,0.9333333333333333,0.9261001465016252,0.9016943935594424,0.9109311958803973
962,0.00179200316084176,0.011851401072801988,,False,0.9853398935636108,0.9833940580062497,0.9777515465340783,0.9804493377849965,0.9337349397590361,0.9264881504106346,0.9020563190028008,0.9113028833511484
963,0.0017909869240554752,0.011856419448809894,,False,0.9853398935636108,0.9833940580062497,0.9777515465340783,0.9804493377849965,0.9333333333333333,0.9261001465016252,0.9016943935594424,0.9109311958803973
964,0.0017903080489000054,0.01186373704252113,,False,0.9854403052515313,0.9834852643892282,0.9778453903779218,0.9805418848607295,0.9337349397590361,0.9287986490052423,0.9020672496369961,0.9120054894183883
965,0.0017893736398410692,0.011859566165442124,,False,0.9853398935636108,0.9833921695679853,0.9777515465340783,0.9804496273612826,0.9337349397590361,0.9287866180926563,0.9020672496369961,0.9119975616739784
966,0.0017886326468757217,0.011861910519965954,,False,0.9853398935636108,0.9833912864755153,0.9777515465340783,0.9804486342837673,0.9337349397590361,0.9287986490052423,0.9020672496369961,0.9120054894183883
967,0.0017878210357415495,0.011866183389778044,,False,0.9854403052515313,0.9834833276355988,0.9778453903779218,0.9805415607025922,0.9337349397590361,0.9287986490052423,0.9020672496369961,0.9120054894183883
968,0.001787148221446064,0.011865272964572519,,False,0.9854403052515313,0.9834833276355988,0.9778453903779218,0.9805415607025922,0.9337349397590361,0.9287986490052423,0.9020672496369961,0.9120054894183883
969,0.0017865394255479265,0.011872060786993635,,False,0.9854403052515313,0.9834833902109573,0.9778453903779218,0.9805410483292695,0.934136546184739,0.9291855205027565,0.902429175080355,0.9123772340209236
970,0.0017856406950407043,0.011881248708056156,,False,0.9854403052515313,0.9834833902109573,0.9778453903779218,0.9805410483292695,0.934136546184739,0.9291855205027565,0.902429175080355,0.9123772340209236
971,0.0017849421299802257,0.011874183000504182,,False,0.9854403052515313,0.9834860849063395,0.9778453903779218,0.9805433903115678,0.934136546184739,0.9291855205027565,0.902429175080355,0.9123772340209236
972,0.001784324697093714,0.011868777383058061,,False,0.9854403052515313,0.9834860849063395,0.9778453903779218,0.9805433903115678,0.9337349397590361,0.9287986490052423,0.9020672496369961,0.9120054894183883
973,0.0017837288236045737,0.011874853105606941,,False,0.9854403052515313,0.9834860849063395,0.9778453903779218,0.9805433903115678,0.9337349397590361,0.9287986490052423,0.9020672496369961,0.9120054894183883
974,0.0017831695196583982,0.011883708923008572,,False,0.9854403052515313,0.9834861474816982,0.9778453903779218,0.9805428779382448,0.934136546184739,0.9291855205027565,0.902429175080355,0.9123772340209236
975,0.001782803028445943,0.011878608517863766,,False,0.9854403052515313,0.9834860849063395,0.9778453903779218,0.9805433903115678,0.9337349397590361,0.9288047413059185,0.9020550635951324,0.9119989076363867
976,0.0017820495535078727,0.011880335372072925,,False,0.9854403052515313,0.9834861474816982,0.9778453903779218,0.9805428779382448,0.934136546184739,0.9291855205027565,0.902429175080355,0.9123772340209236
977,0.0017815200197359628,0.011876408989824718,,False,0.9854403052515313,0.9834860849063395,0.9778453903779218,0.9805433903115678,0.934136546184739,0.9291855205027565,0.902429175080355,0.9123772340209236
978,0.0017810074609981678,0.011876497096235727,,False,0.9854403052515313,0.9834861474816982,0.9778453903779218,0.9805428779382448,0.934136546184739,0.9291855205027565,0.902429175080355,0.9123772340209236
979,0.0017805173884140036,0.011879053121280363,,False,0.9854403052515313,0.9834861474816982,0.9778453903779218,0.9805428779382448,0.934136546184739,0.9291855205027565,0.902429175080355,0.9123772340209236
980,0.0017800272388154377,0.011881905920828321,,False,0.9854403052515313,0.9834861474816982,0.9778453903779218,0.9805428779382448,0.934136546184739,0.9291855205027565,0.902429175080355,0.9123772340209236
981,0.001779534537433642,0.011877725128550459,,False,0.9854403052515313,0.9834860849063395,0.9778453903779218,0.9805433903115678,0.934136546184739,0.9291855205027565,0.902429175080355,0.9123772340209236
982,0.0017790880039855275,0.011880977067077993,,False,0.9854403052515313,0.9834861474816982,0.9778453903779218,0.9805428779382448,0.934136546184739,0.9291855205027565,0.902429175080355,0.9123772340209236
983,0.0017786925627984822,0.01188469274074409,,False,0.9854403052515313,0.9834861474816982,0.9778453903779218,0.9805428779382448,0.934136546184739,0.9291855205027565,0.902429175080355,0.9123772340209236
984,0.0017782818598872398,0.011882125940126997,,False,0.9854403052515313,0.9834993706782831,0.9778453903779218,0.980549098182621,0.934136546184739,0.9291855205027565,0.902429175080355,0.9123772340209236
985,0.0017779104746403918,0.011886826823823693,,False,0.9854403052515313,0.9834861474816982,0.9778453903779218,0.9805428779382448,0.9345381526104418,0.9298555346035839,0.9044867882490792,0.9141166680196378
986,0.0017775751418155062,0.011892829605026864,,False,0.9854403052515313,0.9834960432249198,0.9778453903779218,0.9805471255524965,0.934136546184739,0.9294858339647997,0.9041126767638565,0.913746318796234
987,0.0017770124642558025,0.011889042438938199,,False,0.9854403052515313,0.9835107043446687,0.9778453903779218,0.9805542196244379,0.934136546184739,0.9291855205027565,0.902429175080355,0.9123772340209236
988,0.001776495415950045,0.011886655178871145,,False,0.9854403052515313,0.9834909472358283,0.9778453903779218,0.9805449649377587,0.934136546184739,0.9291855205027565,0.902429175080355,0.9123772340209236
989,0.0017761963527755447,0.01188871412929347,,False,0.9854403052515313,0.9834861474816982,0.9778453903779218,0.9805428779382448,0.9345381526104418,0.9298555346035839,0.9044867882490792,0.9141166680196378
990,0.0017758828969274907,0.011892172556443184,,False,0.9854403052515313,0.9835038454423201,0.9778453903779218,0.9805514755201679,0.9345381526104418,0.9298555346035839,0.9044867882490792,0.9141166680196378
991,0.001775312965091845,0.011895739131699296,,False,0.9854403052515313,0.9834909472358283,0.9778453903779218,0.9805449649377587,0.9345381526104418,0.9298555346035839,0.9044867882490792,0.9141166680196378
992,0.0017749506563656625,0.01189133028699783,,False,0.9854403052515313,0.9834909472358283,0.9778453903779218,0.9805449649377587,0.9345381526104418,0.9298555346035839,0.9044867882490792,0.9141166680196378
993,0.0017745775511804718,0.011892360775780307,,False,0.9854403052515313,0.9835107043446687,0.9778453903779218,0.9805542196244379,0.9345381526104418,0.9298555346035839,0.9044867882490792,0.9141166680196378
994,0.001774188245739743,0.011898417410517212,,False,0.9854403052515313,0.9835107043446687,0.9778453903779218,0.9805542196244379,0.934136546184739,0.9295012393358232,0.904111412873704,0.9137548325916232
995,0.0017738374520712113,0.011897755011693718,,False,0.9854403052515313,0.9835021240040653,0.9778453903779218,0.9805500476490651,0.934136546184739,0.9295012393358232,0.904111412873704,0.9137548325916232
996,0.0017734982463819527,0.011893509333506667,,False,0.9854403052515313,0.9834971677496684,0.9778453903779218,0.980547921967984,0.934136546184739,0.9294858339647997,0.9041126767638565,0.913746318796234
997,0.0017735524622808207,0.011894741112917913,,False,0.9854403052515313,0.9834971677496684,0.9778453903779218,0.980547921967984,0.9333333333333333,0.9284756701401348,0.901679688219757,0.9116528425845901
998,0.00177274109005288,0.011892684902009459,,False,0.9854403052515313,0.9834861474816982,0.9778453903779218,0.9805428779382448,0.934136546184739,0.9294858339647997,0.9041126767638565,0.913746318796234
999,0.001772519052797105,0.011893161194889298,,False,0.9854403052515313,0.9834878710593136,0.9778453903779218,0.9805436762975283,0.9345381526104418,0.9298555346035839,0.9044867882490792,0.9141166680196378
1000,0.0017720343290604287,0.01188867942771434,,False,0.9854403052515313,0.9834976140974323,0.9778453903779218,0.9805489135742644,0.9345381526104418,0.9298555346035839,0.9044867882490792,0.9141166680196378
1001,0.0017716125276138303,0.01189070569449157,,False,0.9854403052515313,0.9834993706782831,0.9778453903779218,0.980549098182621,0.9345381526104418,0.9298555346035839,0.9044867882490792,0.9141166680196378
1002,0.0017713096739717213,0.011889479820409466,,False,0.9854403052515313,0.9834941352885243,0.9778453903779218,0.9805469026760131,0.9345381526104418,0.9298555346035839,0.9044867882490792,0.9141166680196378
1003,0.00177096390925717,0.011894482374938134,,False,0.9854403052515313,0.9834993706782831,0.9778453903779218,0.980549098182621,0.9345381526104418,0.9298555346035839,0.9044867882490792,0.9141166680196378
1004,0.0017707283587796324,0.011892696014619708,,False,0.9854403052515313,0.9834861474816982,0.9778453903779218,0.9805428779382448,0.9345381526104418,0.9298555346035839,0.9044867882490792,0.9141166680196378
1005,0.0017702609772654743,0.011894831149528233,,False,0.9854403052515313,0.9834861474816982,0.9778453903779218,0.9805428779382448,0.9345381526104418,0.9298555346035839,0.9044867882490792,0.9141166680196378
1006,0.001769909593578627,0.011891010636550408,,False,0.9854403052515313,0.9834861474816982,0.9778453903779218,0.9805428779382448,0.9345381526104418,0.9298555346035839,0.9044867882490792,0.9141166680196378
1007,0.0017695675070694644,0.011891329363120796,,False,0.9854403052515313,0.9834861474816982,0.9778453903779218,0.9805428779382448,0.9345381526104418,0.9298555346035839,0.9044867882490792,0.9141166680196378
1008,0.0017692105067774106,0.011896192070120203,,False,0.9854403052515313,0.9834861474816982,0.9778453903779218,0.9805428779382448,0.9345381526104418,0.9298555346035839,0.9044867882490792,0.9141166680196378
1009,0.0017689572007349873,0.011896916857489523,,False,0.9854403052515313,0.9835021240040653,0.9778453903779218,0.9805500476490651,0.9345381526104418,0.9298555346035839,0.9044867882490792,0.9141166680196378
1010,0.0017685247104177887,0.011899956997977712,,False,0.9854403052515313,0.9834971677496684,0.9778453903779218,0.980547921967984,0.9345381526104418,0.9298555346035839,0.9044867882490792,0.9141166680196378
1011,0.0017682296847113818,0.01190212006844975,,False,0.9854403052515313,0.9835021240040653,0.9778453903779218,0.9805500476490651,0.934136546184739,0.9294858339647997,0.9041126767638565,0.913746318796234
1012,0.0017679213338771913,0.01190018152026976,,False,0.9854403052515313,0.9834861474816982,0.9778453903779218,0.9805428779382448,0.934136546184739,0.9294858339647997,0.9041126767638565,0.913746318796234
1013,0.001767528004608817,0.011899694084536875,,False,0.9854403052515313,0.9834909472358283,0.9778453903779218,0.9805449649377587,0.9345381526104418,0.9298555346035839,0.9044867882490792,0.9141166680196378
1014,0.0017671796331984802,0.011901419285136355,,False,0.9854403052515313,0.9835021240040653,0.9778453903779218,0.9805500476490651,0.9345381526104418,0.9298555346035839,0.9044867882490792,0.9141166680196378
1015,0.0017667921778006391,0.01190169146197717,,False,0.9854403052515313,0.9834993706782831,0.9778453903779218,0.980549098182621,0.934136546184739,0.9294858339647997,0.9041126767638565,0.913746318796234
1016,0.0017665171105586013,0.011904497984533408,,False,0.9854403052515313,0.9834971677496684,0.9778453903779218,0.980547921967984,0.9345381526104418,0.9298555346035839,0.9044867882490792,0.9141166680196378
1017,0.0017662607582911041,0.011899134299286112,,False,0.9854403052515313,0.9835002160676698,0.9778453903779218,0.9805498247725816,0.9345381526104418,0.9298555346035839,0.9044867882490792,0.9141166680196378
1018,0.001765778324194665,0.011899617466076897,,False,0.9854403052515313,0.9834993706782831,0.9778453903779218,0.980549098182621,0.934136546184739,0.9294858339647997,0.9041126767638565,0.913746318796234
1019,0.0017654374751190052,0.011899388344142382,,False,0.9854403052515313,0.9834941352885243,0.9778453903779218,0.9805469026760131,0.9345381526104418,0.9298555346035839,0.9044867882490792,0.9141166680196378
1020,0.0017650414208676883,0.011899356706419483,,False,0.9854403052515313,0.9834941352885243,0.9778453903779218,0.9805469026760131,0.934136546184739,0.9294858339647997,0.9041126767638565,0.913746318796234
1021,0.0017648718338870533,0.011903343821601596,,False,0.9854403052515313,0.9835068969021888,0.9778453903779218,0.9805532628041438,0.934136546184739,0.9294858339647997,0.9041126767638565,0.913746318796234
1022,0.0017642890978364478,0.011902684586158424,,False,0.9854403052515313,0.9834861474816982,0.9778453903779218,0.9805428779382448,0.934136546184739,0.9291855205027565,0.902429175080355,0.9123772340209236
1023,0.0017639133680987977,0.011908811521016641,,False,0.9854403052515313,0.9834861474816982,0.9778453903779218,0.9805428779382448,0.9345381526104418,0.9298555346035839,0.9044867882490792,0.9141166680196378
1024,0.0017634896057966052,0.011906169933664704,,False,0.9854403052515313,0.9834861474816982,0.9778453903779218,0.9805428779382448,0.9345381526104418,0.9298555346035839,0.9044867882490792,0.9141166680196378
1025,0.001763404330303423,0.011909526472259135,,False,0.9854403052515313,0.9834971677496684,0.9778453903779218,0.980547921967984,0.9345381526104418,0.9298555346035839,0.9044867882490792,0.9141166680196378
1026,0.0017625911975163422,0.01191491201894884,,False,0.9854403052515313,0.9834861474816982,0.9778453903779218,0.9805428779382448,0.934136546184739,0.9294858339647997,0.9041126767638565,0.913746318796234
1027,0.0017621092831012308,0.011912563471992514,,False,0.9854403052515313,0.9834861474816982,0.9778453903779218,0.9805428779382448,0.934136546184739,0.9294858339647997,0.9041126767638565,0.913746318796234
1028,0.0017619929071212015,0.011915214363221594,,False,0.9854403052515313,0.9834861474816982,0.9778453903779218,0.9805428779382448,0.9345381526104418,0.9298555346035839,0.9044867882490792,0.9141166680196378
1029,0.0017612706328132555,0.011916527537627704,,False,0.9854403052515313,0.9834861474816982,0.9778453903779218,0.9805428779382448,0.934136546184739,0.9294858339647997,0.9041126767638565,0.913746318796234
1030,0.0017610445454940506,0.011917805721986413,,False,0.9854403052515313,0.9835053120567613,0.9778453903779218,0.9805519853873194,0.934136546184739,0.9291855205027565,0.902429175080355,0.9123772340209236
1031,0.0017599989680412615,0.011922853084565766,,False,0.9854403052515313,0.9834993706782831,0.9778453903779218,0.980549098182621,0.9337349397590361,0.9288158198639722,0.9020550635951324,0.9120068847975197
1032,0.001759609880747269,0.011927043277799919,,False,0.9854403052515313,0.9834941352885243,0.9778453903779218,0.9805469026760131,0.934136546184739,0.9294858339647997,0.9041126767638565,0.913746318796234
1033,0.0017587525497162833,0.011932290666548783,,False,0.9854403052515313,0.9834861474816982,0.9778453903779218,0.9805428779382448,0.934136546184739,0.9294858339647997,0.9041126767638565,0.913746318796234
1034,0.0017585564208727306,0.011940868034452825,,False,0.9854403052515313,0.9834909472358283,0.9778453903779218,0.9805449649377587,0.9337349397590361,0.9291181251645746,0.9037385652786339,0.9133758883963138
1035,0.0017579459007069885,0.011948216326617236,,False,0.9854403052515313,0.9834909472358283,0.9778453903779218,0.9805449649377587,0.9337349397590361,0.9291181251645746,0.9037385652786339,0.9133758883963138
1036,0.0017565512641306436,0.011941160754263247,,False,0.9854403052515313,0.9834941352885243,0.9778453903779218,0.9805469026760131,0.934136546184739,0.9294858339647997,0.9041126767638565,0.913746318796234
1037,0.0017565524659425296,0.01193864832709087,,False,0.9854403052515313,0.9834909472358283,0.9778453903779218,0.9805449649377587,0.934136546184739,0.9294858339647997,0.9041126767638565,0.913746318796234
1038,0.0017553332361106286,0.011937662153193744,,False,0.9854403052515313,0.9834861474816982,0.9778453903779218,0.9805428779382448,0.934136546184739,0.9294858339647997,0.9041126767638565,0.913746318796234
1039,0.0017539435370169016,0.01194473919310342,,False,0.9854403052515313,0.9834861474816982,0.9778453903779218,0.9805428779382448,0.934136546184739,0.9294858339647997,0.9041126767638565,0.913746318796234
1040,0.0017531745577705593,0.011946531142403367,,False,0.9854403052515313,0.9834861474816982,0.9778453903779218,0.9805428779382448,0.934136546184739,0.9294858339647997,0.9041126767638565,0.913746318796234
1041,0.001765955134524181,0.011991374674392409,,False,0.9855407169394518,0.9835947447359654,0.9779405197538732,0.9806451159296196,0.934136546184739,0.9295036317717673,0.904125488801022,0.9137625343015707
1042,0.0017533674177496886,0.011974317682783934,,False,0.9855407169394518,0.9835857441194915,0.9779405197538732,0.9806408366755553,0.934136546184739,0.9294846001727117,0.9041190827824394,0.9137486220011313
1043,0.0017526397775357676,0.011957040563010654,,False,0.9855407169394518,0.9835900735707924,0.9779405197538732,0.9806419253099664,0.9345381526104418,0.9298555346035839,0.9044867882490792,0.9141166680196378
1044,0.0017497913509266637,0.01196121792656817,,False,0.9855407169394518,0.9835900735707924,0.9779405197538732,0.9806419253099664,0.934136546184739,0.9294858339647997,0.9041126767638565,0.913746318796234
1045,0.0017489975911487046,0.011963162647233327,,False,0.9855407169394518,0.98359836923343,0.9779405197538732,0.9806460269974286,0.9337349397590361,0.9288158198639722,0.9020550635951324,0.9120068847975197
1046,0.0017481949047978378,0.011965663022528984,,False,0.9855407169394518,0.9835871924651932,0.9779405197538732,0.9806409442861224,0.934136546184739,0.9294846001727117,0.9041190827824394,0.9137486220011313
1047,0.0017478308057328842,0.011971161802912043,,False,0.9855407169394518,0.9835790533028221,0.9779405197538732,0.9806368812802272,0.934136546184739,0.9294846001727117,0.9041190827824394,0.9137486220011313
1048,0.001747411918362772,0.011966364544143173,,False,0.9855407169394518,0.9835924278549518,0.9779405197538732,0.9806431397927303,0.934136546184739,0.9294858339647997,0.9041126767638565,0.913746318796234
1049,0.0017471630586434652,0.011971636174350835,,False,0.9855407169394518,0.9835822529763685,0.9779405197538732,0.9806388223529514,0.934136546184739,0.9294846001727117,0.9041190827824394,0.9137486220011313
1050,0.0017464221041385043,0.011965703714192545,,False,0.9855407169394518,0.9835822529763685,0.9779405197538732,0.9806388223529514,0.934136546184739,0.9294846001727117,0.9041190827824394,0.9137486220011313
1051,0.0017461569656383887,0.01196191342732326,,False,0.9855407169394518,0.9835822529763685,0.9779405197538732,0.9806388223529514,0.934136546184739,0.9294858339647997,0.9041126767638565,0.913746318796234
1052,0.001745549279501342,0.011968978621795974,,False,0.9855407169394518,0.9835871924651932,0.9779405197538732,0.9806409442861224,0.934136546184739,0.9294846001727117,0.9041190827824394,0.9137486220011313
1053,0.0017452173500663172,0.011959915516290245,,False,0.9855407169394518,0.9835908230089834,0.9779405197538732,0.9806429935005964,0.934136546184739,0.9294858339647997,0.9041126767638565,0.913746318796234
1054,0.001744821616962119,0.011960625610710625,,False,0.9855407169394518,0.9835822529763685,0.9779405197538732,0.9806388223529514,0.9337349397590361,0.9288145860718843,0.902061469613715,0.912009188002417
1055,0.0017457879616020388,0.011971563251949346,,False,0.9855407169394518,0.9835947447359654,0.9779405197538732,0.9806451159296196,0.934136546184739,0.9294964418225042,0.9041190827824394,0.9137558018133737
1056,0.0017446019593176426,0.011955538510926485,,False,0.9855407169394518,0.9835790533028221,0.9779405197538732,0.9806368812802272,0.934136546184739,0.9294858339647997,0.9041126767638565,0.913746318796234
1057,0.0017438750209152899,0.01195765566268139,,False,0.9855407169394518,0.9835871924651932,0.9779405197538732,0.9806409442861224,0.934136546184739,0.9294858339647997,0.9041126767638565,0.913746318796234
1058,0.0017434704607146145,0.011957708061888747,,False,0.9855407169394518,0.9835790533028221,0.9779405197538732,0.9806368812802272,0.9345381526104418,0.9298503732748438,0.904493194267662,0.91411915849265
1059,0.001746643881502055,0.011975681492278855,,False,0.9855407169394518,0.9835895267787697,0.9779405197538732,0.9806429242544282,0.934136546184739,0.9294964418225042,0.9041190827824394,0.9137558018133737
1060,0.0017435951985976738,0.011968307474767835,,False,0.9855407169394518,0.9835822529763685,0.9779405197538732,0.9806388223529514,0.934136546184739,0.9294964418225042,0.9041190827824394,0.9137558018133737
1061,0.0017428480117170234,0.011964204684024744,,False,0.9855407169394518,0.9835822529763685,0.9779405197538732,0.9806388223529514,0.934136546184739,0.9294964418225042,0.9041190827824394,0.9137558018133737
1062,0.0017430413959614588,0.011950529799304306,,False,0.9855407169394518,0.9835822529763685,0.9779405197538732,0.9806388223529514,0.9337349397590361,0.9291231751755724,0.9037321592600515,0.9133733480331245
1063,0.001742326204193288,0.01195155975452949,,False,0.9855407169394518,0.9835822529763685,0.9779405197538732,0.9806388223529514,0.9337349397590361,0.9291231751755724,0.9037321592600515,0.9133733480331245
1064,0.001741773346543861,0.011950029774764809,,False,0.9855407169394518,0.9835871924651932,0.9779405197538732,0.9806409442861224,0.934136546184739,0.9294858339647997,0.9041126767638565,0.913746318796234
1065,0.0017417843363544353,0.011955178577711075,,False,0.9855407169394518,0.9836002579292279,0.9779405197538732,0.9806473810948744,0.934136546184739,0.9294964418225042,0.9041190827824394,0.9137558018133737
1066,0.0017411126128579534,0.011948190445923147,,False,0.9855407169394518,0.9835790533028221,0.9779405197538732,0.9806368812802272,0.934136546184739,0.9294858339647997,0.9041126767638565,0.913746318796234
1067,0.0017413933468416732,0.011953842331433028,,False,0.9855407169394518,0.9835908230089834,0.9779405197538732,0.9806429935005964,0.934136546184739,0.9294964418225042,0.9041190827824394,0.9137558018133737
1068,0.0017403856908762476,0.011944887852480303,,False,0.9855407169394518,0.9835871924651932,0.9779405197538732,0.9806409442861224,0.9345381526104418,0.9298600284687973,0.904493194267662,0.9141257636214711
1069,0.001740042329802299,0.011948168176109783,,False,0.9855407169394518,0.9835871924651932,0.9779405197538732,0.9806409442861224,0.934136546184739,0.9291900143679701,0.9024355810989376,0.9123863296227568
1070,0.001739835160803406,0.011950267311362143,,False,0.9855407169394518,0.9835871924651932,0.9779405197538732,0.9806409442861224,0.9345381526104418,0.9298600284687973,0.904493194267662,0.9141257636214711
1071,0.0017395357697812077,0.01195008291240041,,False,0.9855407169394518,0.9835871924651932,0.9779405197538732,0.9806409442861224,0.934136546184739,0.9294945113047031,0.9041126767638565,0.9137529793401377
1072,0.0017392737557803707,0.011951776877932571,,False,0.9855407169394518,0.9835871924651932,0.9779405197538732,0.9806409442861224,0.9345381526104418,0.9298600284687973,0.904493194267662,0.9141257636214711
1073,0.0017389128295476476,0.011942505511016601,,False,0.9855407169394518,0.9835871924651932,0.9779405197538732,0.9806409442861224,0.9345381526104418,0.9298600284687973,0.904493194267662,0.9141257636214711
1074,0.0017388015136035417,0.011944122761277305,,False,0.9855407169394518,0.9835871924651932,0.9779405197538732,0.9806409442861224,0.934136546184739,0.9294945113047031,0.9041126767638565,0.9137529793401377
1075,0.0017384921556774155,0.011949086418917183,,False,0.9855407169394518,0.9835838530569525,0.9779405197538732,0.9806389682797411,0.934136546184739,0.9294964418225042,0.9041190827824394,0.9137558018133737
1076,0.0017382050641895823,0.011945280901832315,,False,0.9855407169394518,0.9835871924651932,0.9779405197538732,0.9806409442861224,0.934136546184739,0.9294964418225042,0.9041190827824394,0.9137558018133737
1077,0.0017380640815078585,0.011944704483315397,,False,0.9855407169394518,0.9835790533028221,0.9779405197538732,0.9806368812802272,0.934136546184739,0.9294945113047031,0.9041126767638565,0.9137529793401377
1078,0.0017378008526592477,0.011941850606863268,,False,0.9855407169394518,0.9835871924651932,0.9779405197538732,0.9806409442861224,0.934136546184739,0.9294945113047031,0.9041126767638565,0.9137529793401377
1079,0.0017373515642083877,0.011946737093919106,,False,0.9855407169394518,0.9835790533028221,0.9779405197538732,0.9806368812802272,0.9345381526104418,0.9298600284687973,0.904493194267662,0.9141257636214711
1080,0.001737047435397009,0.011942926393686649,,False,0.9855407169394518,0.9835871924651932,0.9779405197538732,0.9806409442861224,0.9345381526104418,0.9298600284687973,0.904493194267662,0.9141257636214711
1081,0.0017369500069550983,0.011942799743809617,,False,0.9855407169394518,0.9835871924651932,0.9779405197538732,0.9806409442861224,0.934136546184739,0.9294945113047031,0.9041126767638565,0.9137529793401377
1082,0.0017365122618303076,0.011943110122393488,,False,0.9855407169394518,0.9835871924651932,0.9779405197538732,0.9806409442861224,0.9345381526104418,0.9298600284687973,0.904493194267662,0.9141257636214711
1083,0.0017371179518510236,0.011952538604865635,,False,0.9855407169394518,0.9835908230089834,0.9779405197538732,0.9806429935005964,0.934136546184739,0.9294964418225042,0.9041190827824394,0.9137558018133737
1084,0.0017359963214934884,0.011941170503916495,,False,0.9855407169394518,0.9835871924651932,0.9779405197538732,0.9806409442861224,0.9345381526104418,0.9298600284687973,0.904493194267662,0.9141257636214711
1085,0.0017357974632842181,0.011942285190437748,,False,0.9855407169394518,0.9835871924651932,0.9779405197538732,0.9806409442861224,0.9345381526104418,0.9298600284687973,0.904493194267662,0.9141257636214711
1086,0.0017356268937198478,0.011936121525349015,,False,0.9855407169394518,0.9835871924651932,0.9779405197538732,0.9806409442861224,0.934136546184739,0.9294945113047031,0.9041126767638565,0.9137529793401377
1087,0.0017352567414191731,0.011938713486033505,,False,0.9855407169394518,0.9835871924651932,0.9779405197538732,0.9806409442861224,0.934136546184739,0.9291900143679701,0.9024355810989376,0.9123863296227568
1088,0.0017351196337977869,0.011944574176995086,,False,0.9855407169394518,0.9835871924651932,0.9779405197538732,0.9806409442861224,0.934136546184739,0.9294964418225042,0.9041190827824394,0.9137558018133737
1089,0.0017347286319369006,0.011938185403565497,,False,0.9855407169394518,0.9840262400174153,0.9779405197538732,0.9808421360950688,0.934136546184739,0.9294945113047031,0.9041126767638565,0.9137529793401377
1090,0.0017343873816075743,0.011939752739090476,,False,0.9855407169394518,0.9835871924651932,0.9779405197538732,0.9806409442861224,0.9345381526104418,0.9298600284687973,0.904493194267662,0.9141257636214711
1091,0.0017341589992780587,0.0119380701738698,,False,0.9855407169394518,0.9840262400174153,0.9779405197538732,0.9808421360950688,0.934136546184739,0.9291900143679701,0.9024355810989376,0.9123863296227568
1092,0.0017339112614969602,0.011935848232303146,,False,0.9855407169394518,0.9835871924651932,0.9779405197538732,0.9806409442861224,0.934136546184739,0.9294945113047031,0.9041126767638565,0.9137529793401377
1093,0.0017338524567201653,0.011933662353490273,,False,0.9855407169394518,0.9835924278549518,0.9779405197538732,0.9806431397927303,0.934136546184739,0.9294945113047031,0.9041126767638565,0.9137529793401377
1094,0.001733303771083607,0.011939452795209072,,False,0.9855407169394518,0.9835871924651932,0.9779405197538732,0.9806409442861224,0.934136546184739,0.9294945113047031,0.9041126767638565,0.9137529793401377
1095,0.001733105423571425,0.011939985170862887,,False,0.9855407169394518,0.9835871924651932,0.9779405197538732,0.9806409442861224,0.9345381526104418,0.9298600284687973,0.904493194267662,0.9141257636214711
1096,0.0017327533987516815,0.011937667724052947,,False,0.9855407169394518,0.9835871924651932,0.9779405197538732,0.9806409442861224,0.9345381526104418,0.9298600284687973,0.904493194267662,0.9141257636214711
1097,0.0017328480394221068,0.011938868162322201,,False,0.9855407169394518,0.9835920526755976,0.9779405197538732,0.9806435748517804,0.934136546184739,0.9294964418225042,0.9041190827824394,0.9137558018133737
1098,0.0017322538935548087,0.011938467894829463,,False,0.9855407169394518,0.9840181008550446,0.9779405197538732,0.9808380730891734,0.934136546184739,0.9295146558966524,0.904138206692227,0.9137722551631806
1099,0.0017320031375772232,0.011937032638013333,,False,0.9855407169394518,0.9835924278549518,0.9779405197538732,0.9806431397927303,0.9345381526104418,0.9298600284687973,0.904493194267662,0.9141257636214711
1100,0.0017316377420949548,0.011932849729825359,,False,0.9855407169394518,0.9840314754071741,0.9779405197538732,0.9808443316016766,0.934136546184739,0.9294945113047031,0.9041126767638565,0.9137529793401377
1101,0.0017313352958903243,0.011935574539335265,,False,0.9855407169394518,0.9835924278549518,0.9779405197538732,0.9806431397927303,0.934136546184739,0.9294945113047031,0.9041126767638565,0.9137529793401377
1102,0.0017311345176810975,0.011937319468325117,,False,0.9855407169394518,0.9840262400174153,0.9779405197538732,0.9808421360950688,0.9345381526104418,0.9298600284687973,0.904493194267662,0.9141257636214711
1103,0.0017307782635996385,0.011932371821680231,,False,0.9855407169394518,0.9835920526755976,0.9779405197538732,0.9806435748517804,0.934136546184739,0.9294945113047031,0.9041126767638565,0.9137529793401377
1104,0.0017305155060684933,0.011933680737869616,,False,0.9855407169394518,0.9836030972244715,0.9779405197538732,0.9806481091043039,0.9345381526104418,0.9298600284687973,0.904493194267662,0.9141257636214711
1105,0.001730470475204034,0.01193100498828266,,False,0.9855407169394518,0.9840243967516115,0.9779405197538732,0.9808409210205736,0.934136546184739,0.9295196838670842,0.9041318006736445,0.913769750255715
1106,0.001729852656232558,0.01193000552493515,,False,0.9855407169394518,0.9835920526755976,0.9779405197538732,0.9806435748517804,0.9337349397590361,0.9291512661696983,0.9037576891884219,0.9134000295933665
1107,0.001729488247030588,0.011933503679691612,,False,0.9855407169394518,0.9835838530569525,0.9779405197538732,0.9806389682797411,0.9337349397590361,0.9291512661696983,0.9037576891884219,0.9134000295933665
1108,0.0017290490857021109,0.011932033970724785,,False,0.9855407169394518,0.9840309455386781,0.9779405197538732,0.9808447276455085,0.9337349397590361,0.9291512661696983,0.9037576891884219,0.9134000295933665
1109,0.0017287118374164105,0.011934645438252801,,False,0.9855407169394518,0.9835974271330602,0.9779405197538732,0.9806458052085385,0.9337349397590361,0.9291512661696983,0.9037576891884219,0.9134000295933665
1110,0.0017283248642630932,0.011936419619876758,,False,0.9855407169394518,0.984041990087552,0.9779405197538732,0.9808492618980321,0.934136546184739,0.9295146558966524,0.904138206692227,0.9137722551631806
1111,0.0017278436050638907,0.01193597128345695,,False,0.9855407169394518,0.9840309455386781,0.9779405197538732,0.9808447276455085,0.934136546184739,0.9298059537139108,0.905815302357146,0.9151057970264677
1112,0.0017276699098958033,0.011930600704989976,,False,0.9855407169394518,0.9840331049312923,0.9779405197538732,0.9808455425116929,0.934136546184739,0.9295196838670842,0.9041318006736445,0.913769750255715
1113,0.0017269628491785296,0.011932073343064092,,False,0.9855407169394518,0.9835942120682117,0.9779405197538732,0.9806443897179649,0.934136546184739,0.9298059537139108,0.905815302357146,0.9151057970264677
1114,0.0017264778083491772,0.011933711119309244,,False,0.9855407169394518,0.9835995865256744,0.9779405197538732,0.9806466200747229,0.934136546184739,0.9298059537139108,0.905815302357146,0.9151057970264677
1115,0.00172620644883438,0.011939274988701114,,False,0.9855407169394518,0.9840331049312923,0.9779405197538732,0.9808455425116929,0.934136546184739,0.9298047989505288,0.9058217083757286,0.9151081114647006
1116,0.0017253062579951062,0.011930434595697231,,False,0.9855407169394518,0.9840331049312923,0.9779405197538732,0.9808455425116929,0.934136546184739,0.9298059537139108,0.905815302357146,0.9151057970264677
1117,0.00172475347056505,0.011933599105863899,,False,0.9855407169394518,0.9840331049312923,0.9779405197538732,0.9808455425116929,0.934136546184739,0.9298059537139108,0.905815302357146,0.9151057970264677
1118,0.0017242145764595784,0.011932634053721669,,False,0.9855407169394518,0.9840384793887549,0.9779405197538732,0.9808477728684513,0.934136546184739,0.9298059537139108,0.905815302357146,0.9151057970264677
1119,0.0017238290764002417,0.0119309682823122,,False,0.9855407169394518,0.9840467496289556,0.9779405197538732,0.9808515177024313,0.934136546184739,0.9298059537139108,0.905815302357146,0.9151057970264677
1120,0.001723419611313004,0.011929044555867614,,False,0.9855407169394518,0.98404484169256,0.9779405197538732,0.9808512948259478,0.9345381526104418,0.9301743714112966,0.9061894138423686,0.9154755176888162
1121,0.0017226508568097252,0.01193258102548491,,False,0.9855407169394518,0.9840441494801664,0.9779405197538732,0.9808500767642165,0.934136546184739,0.9298059537139108,0.905815302357146,0.9151057970264677
1122,0.001722412951480877,0.011933113441143003,,False,0.9855407169394518,0.9840350128676878,0.9779405197538732,0.9808457653881764,0.934136546184739,0.9298059537139108,0.905815302357146,0.9151057970264677
1123,0.0017217453053690567,0.011929225457079161,,False,0.9855407169394518,0.9840441494801664,0.9779405197538732,0.9808500767642165,0.934136546184739,0.9298059537139108,0.905815302357146,0.9151057970264677
1124,0.0017215403213510254,0.011929332243834823,,False,0.9855407169394518,0.9840384793887549,0.9779405197538732,0.9808477728684513,0.9345381526104418,0.930167916318307,0.9061894138423686,0.9154694355303703
1125,0.0017209839989543658,0.0119308412268643,,False,0.9855407169394518,0.9840441494801664,0.9779405197538732,0.9808500767642165,0.934136546184739,0.9298059537139108,0.905815302357146,0.9151057970264677
1126,0.0017206622451928768,0.011932230978257229,,False,0.9855407169394518,0.9840522293249298,0.9779405197538732,0.980854380453443,0.934136546184739,0.9298059537139108,0.905815302357146,0.9151057970264677
1127,0.0017203873969496755,0.011933557676870791,,False,0.9855407169394518,0.9840522293249298,0.9779405197538732,0.980854380453443,0.934136546184739,0.9298059537139108,0.905815302357146,0.9151057970264677
1128,0.0017201199019718026,0.011929506485592828,,False,0.9855407169394518,0.9840384793887549,0.9779405197538732,0.9808477728684513,0.934136546184739,0.9297972763740074,0.905815302357146,0.915099136482564
1129,0.001719664724479291,0.011929254132389655,,False,0.9855407169394518,0.9840441494801664,0.9779405197538732,0.9808500767642165,0.934136546184739,0.9297972763740074,0.905815302357146,0.915099136482564
1130,0.0017194187902523153,0.011931767869600566,,False,0.9855407169394518,0.9840480444975298,0.9779405197538732,0.980852192088024,0.9345381526104418,0.9301693434408647,0.9061958198609512,0.9154780225962819
1131,0.0017189919423876653,0.011934168402357354,,False,0.9855407169394518,0.9840480444975298,0.9779405197538732,0.980852192088024,0.934136546184739,0.9298059537139108,0.905815302357146,0.9151057970264677
1132,0.001718812635688101,0.011930847010388422,,False,0.9855407169394518,0.9840522293249298,0.9779405197538732,0.980854380453443,0.934136546184739,0.9297972763740074,0.905815302357146,0.915099136482564
1133,0.0017184178937706073,0.011932271765878591,,False,0.9855407169394518,0.9840522293249298,0.9779405197538732,0.980854380453443,0.934136546184739,0.9298059537139108,0.905815302357146,0.9151057970264677
1134,0.0017182219888627387,0.011929643370215747,,False,0.9855407169394518,0.9840384793887549,0.9779405197538732,0.9808477728684513,0.934136546184739,0.9297972763740074,0.905815302357146,0.915099136482564
1135,0.001717922092534236,0.011932021620875791,,False,0.9855407169394518,0.9840384793887549,0.9779405197538732,0.9808477728684513,0.934136546184739,0.9298059537139108,0.905815302357146,0.9151057970264677
1136,0.0017176792903565085,0.011930051466029304,,False,0.9855407169394518,0.9840462827534124,0.9779405197538732,0.9808520070653799,0.934136546184739,0.9297972763740074,0.905815302357146,0.915099136482564
1137,0.0017177636595669436,0.011937746481250065,,False,0.9855407169394518,0.9840462827534124,0.9779405197538732,0.9808520070653799,0.934136546184739,0.9298047989505288,0.9058217083757286,0.9151081114647006
1138,0.0017170696753452974,0.011932792564142503,,False,0.9855407169394518,0.9840462827534124,0.9779405197538732,0.9808520070653799,0.934136546184739,0.9297972763740074,0.905815302357146,0.915099136482564
1139,0.0017168301589009522,0.011931603518044582,,False,0.9855407169394518,0.9840384793887549,0.9779405197538732,0.9808477728684513,0.934136546184739,0.9297972763740074,0.905815302357146,0.915099136482564
1140,0.001716668219256818,0.01193094593463399,,False,0.9855407169394518,0.9840462827534124,0.9779405197538732,0.9808520070653799,0.934136546184739,0.9298059537139108,0.905815302357146,0.9151057970264677
1141,0.0017163242405487179,0.011927143662864252,,False,0.9855407169394518,0.9840462827534124,0.9779405197538732,0.9808520070653799,0.934136546184739,0.9297972763740074,0.905815302357146,0.915099136482564
1142,0.0017160779134346776,0.01192673654303659,,False,0.9855407169394518,0.9840462827534124,0.9779405197538732,0.9808520070653799,0.934136546184739,0.9297972763740074,0.905815302357146,0.915099136482564
1143,0.0017158146691123827,0.01193117027861109,,False,0.9855407169394518,0.9840384793887549,0.9779405197538732,0.9808477728684513,0.934136546184739,0.9298059537139108,0.905815302357146,0.9151057970264677
1144,0.0017157282596545092,0.011929752715665301,,False,0.9855407169394518,0.9840384793887549,0.9779405197538732,0.9808477728684513,0.934136546184739,0.9298059537139108,0.905815302357146,0.9151057970264677
1145,0.001715328570302117,0.011927662252937857,,False,0.9855407169394518,0.9840462827534124,0.9779405197538732,0.9808520070653799,0.934136546184739,0.9297972763740074,0.905815302357146,0.915099136482564
1146,0.0017151207633957027,0.011928712786288027,,False,0.9855407169394518,0.9840462827534124,0.9779405197538732,0.9808520070653799,0.9345381526104418,0.930167916318307,0.9061894138423686,0.9154694355303703
1147,0.0017148241596337027,0.011927725980903496,,False,0.9855407169394518,0.9840462827534124,0.9779405197538732,0.9808520070653799,0.934136546184739,0.9298059537139108,0.905815302357146,0.9151057970264677
1148,0.001714586355358512,0.011926660251737503,,False,0.9855407169394518,0.9840462827534124,0.9779405197538732,0.9808520070653799,0.934136546184739,0.9297972763740074,0.905815302357146,0.915099136482564
1149,0.0017143737494518122,0.011927222823273088,,False,0.9855407169394518,0.9840384793887549,0.9779405197538732,0.9808477728684513,0.934136546184739,0.9298059537139108,0.905815302357146,0.9151057970264677
1150,0.0017141064145478667,0.0119307602573739,,False,0.9855407169394518,0.9840462827534124,0.9779405197538732,0.9808520070653799,0.934136546184739,0.9298059537139108,0.905815302357146,0.9151057970264677
1151,0.0017139693016096625,0.011927514738419655,,False,0.9855407169394518,0.9840402008270096,0.9779405197538732,0.9808492007395542,0.9345381526104418,0.930167916318307,0.9061894138423686,0.9154694355303703
1152,0.0017136851660570864,0.011929488645196369,,False,0.9855407169394518,0.9840522293249298,0.9779405197538732,0.980854380453443,0.9345381526104418,0.930167916318307,0.9061894138423686,0.9154694355303703
1153,0.0017134013570857991,0.011928766819157425,,False,0.9855407169394518,0.9840462827534124,0.9779405197538732,0.9808520070653799,0.934136546184739,0.9298059537139108,0.905815302357146,0.9151057970264677
1154,0.0017131737273972214,0.011927761678674669,,False,0.9855407169394518,0.9840462827534124,0.9779405197538732,0.9808520070653799,0.934136546184739,0.9298059537139108,0.905815302357146,0.9151057970264677
1155,0.0017129649153509816,0.011926704430289745,,False,0.9855407169394518,0.9840462827534124,0.9779405197538732,0.9808520070653799,0.9345381526104418,0.930167916318307,0.9061894138423686,0.9154694355303703
1156,0.001712772981678239,0.011929253865348708,,False,0.9855407169394518,0.9840522293249298,0.9779405197538732,0.980854380453443,0.934136546184739,0.9298059537139108,0.905815302357146,0.9151057970264677
1157,0.0017125453747492828,0.011930478330579142,,False,0.9855407169394518,0.9840422360011668,0.9779405197538732,0.9808498534253494,0.9345381526104418,0.930182401723924,0.9061906777325215,0.9154686687124097
1158,0.0017123750467659608,0.011928470109164173,,False,0.9855407169394518,0.9840422360011668,0.9779405197538732,0.9808498534253494,0.9353413654618474,0.9309180548268104,0.9069389007029667,0.9162025124700021
1159,0.0017122421977714497,0.011931181800553567,,False,0.9855407169394518,0.9840462827534124,0.9779405197538732,0.9808520070653799,0.9345381526104418,0.930182401723924,0.9061906777325215,0.9154686687124097
1160,0.0017118425404790516,0.011926209214692571,,False,0.9855407169394518,0.9840462827534124,0.9779405197538732,0.9808520070653799,0.934136546184739,0.9298059537139108,0.905815302357146,0.9151057970264677
1161,0.0017116371610711332,0.011926807875747032,,False,0.9855407169394518,0.9840422360011668,0.9779405197538732,0.9808498534253494,0.9349397590361446,0.9305508194213097,0.9065647892177441,0.9158383893747583
1162,0.001711386044131103,0.011925883603949241,,False,0.9855407169394518,0.9840422360011668,0.9779405197538732,0.9808498534253494,0.9349397590361446,0.9305508194213097,0.9065647892177441,0.9158383893747583
1163,0.001711247038493671,0.011925476524281492,,False,0.9855407169394518,0.9840439574394215,0.9779405197538732,0.9808512812964523,0.9353413654618474,0.9309180548268104,0.9069389007029667,0.9162025124700021
1164,0.0017110449746721886,0.011926916753940664,,False,0.9855407169394518,0.9840422360011668,0.9779405197538732,0.9808498534253494,0.9353413654618474,0.9309180548268104,0.9069389007029667,0.9162025124700021
1165,0.0017107513664035019,0.011925049382543964,,False,0.9855407169394518,0.9840462827534124,0.9779405197538732,0.9808520070653799,0.9345381526104418,0.930182401723924,0.9061906777325215,0.9154686687124097
1166,0.001710546048288765,0.011923298023452985,,False,0.9855407169394518,0.9840522293249298,0.9779405197538732,0.980854380453443,0.9349397590361446,0.9305454037593628,0.9065647892177441,0.9158322871460732
1167,0.0017103018407001777,0.011921703473011575,,False,0.9855407169394518,0.9840462827534124,0.9779405197538732,0.9808520070653799,0.9349397590361446,0.9305508194213097,0.9065647892177441,0.9158383893747583
1168,0.0017102382681815976,0.011922360899162933,,False,0.9855407169394518,0.9840522293249298,0.9779405197538732,0.980854380453443,0.9345381526104418,0.9301491988489153,0.906170289932581,0.9154587467732388
1169,0.0017098721585767558,0.01192062678988431,,False,0.9855407169394518,0.9840422360011668,0.9779405197538732,0.9808498534253494,0.9349397590361446,0.9305508194213097,0.9065647892177441,0.9158383893747583
1170,0.0017096960451721416,0.011921293056320892,,False,0.9855407169394518,0.9840506196963003,0.9779405197538732,0.9808542337951975,0.9349397590361446,0.9305166772407857,0.9065444014178036,0.9158285176111849
1171,0.0017094701358277547,0.011922877005722936,,False,0.9855407169394518,0.9840480444975298,0.9779405197538732,0.980852192088024,0.9353413654618474,0.9309212258702302,0.9069389007029667,0.916208033372286
1172,0.0017093039434419408,0.011923402912720767,,False,0.9855407169394518,0.9840422360011668,0.9779405197538732,0.9808498534253494,0.9345381526104418,0.930182401723924,0.9061906777325215,0.9154686687124097
1173,0.0017090101638172425,0.011923592185948174,,False,0.9855407169394518,0.9840422360011668,0.9779405197538732,0.9808498534253494,0.9349397590361446,0.9305508194213097,0.9065647892177441,0.9158383893747583
1174,0.0017088944044091566,0.011923501863136078,,False,0.9855407169394518,0.9840422360011668,0.9779405197538732,0.9808498534253494,0.9345381526104418,0.930182401723924,0.9061906777325215,0.9154686687124097
1175,0.0017086097098695733,0.011920124111231924,,False,0.9855407169394518,0.9840367228079043,0.9779405197538732,0.9808475882600945,0.9349397590361446,0.9305508194213097,0.9065647892177441,0.9158383893747583
1176,0.0017085779852145319,0.011920824556452467,,False,0.9855407169394518,0.9840406311551982,0.9779405197538732,0.9808497071332156,0.9353413654618474,0.9309212258702302,0.9069389007029667,0.916208033372286
1177,0.001708180409873376,0.011921026630352608,,False,0.9856411286273722,0.9841385739108165,0.978034363597717,0.9809450309651184,0.9349397590361446,0.9305508194213097,0.9065647892177441,0.9158383893747583
1178,0.0017080650108128098,0.011923196477739833,,False,0.9856411286273722,0.984143063351072,0.978034363597717,0.980947296107592,0.9353413654618474,0.930893125250799,0.9069197767931789,0.9161913892971268
1179,0.0017078183376903608,0.01192091810937146,,False,0.9856411286273722,0.9841401835394458,0.978034363597717,0.9809451776233639,0.9357429718875502,0.9312625977182031,0.9072938882784016,0.916561082223715
1180,0.0017075659567691737,0.011922339689989203,,False,0.9856411286273722,0.9841401835394458,0.978034363597717,0.9809451776233639,0.9353413654618474,0.930893125250799,0.9069197767931789,0.9161913892971268
1181,0.0017074205633690065,0.01191854211588424,,False,0.9856411286273722,0.984143063351072,0.978034363597717,0.980947296107592,0.9349397590361446,0.930505825678794,0.9065578513498203,0.9158189463209625
1182,0.0017071547073382088,0.01191932393416108,,False,0.9856411286273722,0.9841385739108165,0.978034363597717,0.9809450309651184,0.9353413654618474,0.930893125250799,0.9069197767931789,0.9161913892971268
1183,0.0017069373599302845,0.011919571720845165,,False,0.9856411286273722,0.9841329223126023,0.978034363597717,0.9809427310329544,0.9349397590361446,0.9305508194213097,0.9065647892177441,0.9158383893747583
1184,0.0017067992988666336,0.011920865726536512,,False,0.9856411286273722,0.9841361367872001,0.978034363597717,0.9809430239833336,0.9353413654618474,0.9309212258702302,0.9069389007029667,0.916208033372286
1185,0.001706732607987102,0.011921922665111372,,False,0.9856411286273722,0.9841413765914555,0.978034363597717,0.9809458619709007,0.9353413654618474,0.9309212258702302,0.9069389007029667,0.916208033372286
1186,0.0017063487956089445,0.011921091264424534,,False,0.9856411286273722,0.9841385739108165,0.978034363597717,0.9809450309651184,0.9353413654618474,0.9309212258702302,0.9069389007029667,0.916208033372286
1187,0.001706283657460308,0.011923078207741255,,False,0.9856411286273722,0.9841304666957887,0.978034363597717,0.9809407200875684,0.9349397590361446,0.9305339262982254,0.906576975259608,0.9158355903961216
1188,0.0017059645826313378,0.011921440720841597,,False,0.9856411286273722,0.9841385739108165,0.978034363597717,0.9809450309651184,0.9353413654618474,0.9309212258702302,0.9069389007029667,0.916208033372286
1189,0.0017059716599899517,0.011923374405506915,,False,0.9856411286273722,0.9841385739108165,0.978034363597717,0.9809450309651184,0.9345381526104418,0.9301635198493047,0.9062028637743853,0.9154659463985938
1190,0.001705527338130076,0.011917898972873313,,False,0.9856411286273722,0.9841385739108165,0.978034363597717,0.9809450309651184,0.9353413654618474,0.930893125250799,0.9069197767931789,0.9161913892971268
1191,0.0017053109259119643,0.011918732144089249,,False,0.9856411286273722,0.9841329223126023,0.978034363597717,0.9809427310329544,0.9353413654618474,0.9309212258702302,0.9069389007029667,0.916208033372286
1192,0.0017051240428395203,0.011918421890568461,,False,0.9856411286273722,0.9841329223126023,0.978034363597717,0.9809427310329544,0.9357429718875502,0.9312625977182031,0.9072938882784016,0.916561082223715
1193,0.0017049299495194518,0.011919623204507674,,False,0.9856411286273722,0.9841329223126023,0.978034363597717,0.9809427310329544,0.9353413654618474,0.9308752981461983,0.9069319628350428,0.9161886392475507
1194,0.0017047496648801043,0.01192050464122549,,False,0.9856411286273722,0.9841329223126023,0.978034363597717,0.9809427310329544,0.9353413654618474,0.9308752981461983,0.9069319628350428,0.9161886392475507
1195,0.0017046121090211414,0.01192198112560276,,False,0.9856411286273722,0.9841329223126023,0.978034363597717,0.9809427310329544,0.9349397590361446,0.9305339262982254,0.906576975259608,0.9158355903961216
1196,0.0017044578176628423,0.011920872416646246,,False,0.9856411286273722,0.9841339632491243,0.978034363597717,0.9809433770160921,0.9353413654618474,0.9309212258702302,0.9069389007029667,0.916208033372286
1197,0.0017041289958799404,0.011920025172652993,,False,0.9856411286273722,0.984143063351072,0.978034363597717,0.980947296107592,0.9349397590361446,0.930505825678794,0.9065578513498203,0.9158189463209625
1198,0.0017039081685970145,0.011919143939122705,,False,0.9856411286273722,0.9841288618498203,0.978034363597717,0.9809405737954344,0.9353413654618474,0.9308752981461983,0.9069319628350428,0.9161886392475507
1199,0.0017037611136704026,0.011918630679458366,,False,0.9856411286273722,0.984143063351072,0.978034363597717,0.980947296107592,0.9349397590361446,0.930505825678794,0.9065578513498203,0.9158189463209625
1200,0.001703494212946387,0.011916237790057562,,False,0.9856411286273722,0.9841385739108165,0.978034363597717,0.9809450309651184,0.9353413654618474,0.9308752981461983,0.9069319628350428,0.9161886392475507
