epoch,mse,validation_mse,accuracy,converged,training_accuracy,training_macro_precision_present,training_macro_recall_present,training_macro_f1_present,validation_accuracy,validation_macro_precision_present,validation_macro_recall_present,validation_macro_f1_present
0,0.27752728370681806,0.28004008093202476,,False,0.11015162164875991,0.0919962531650494,0.11625109845496838,0.08575409873142074,0.10441767068273092,0.09712462635848775,0.10716887157611227,0.08373246294608572
1,0.09507702004435321,0.09509338178529829,,False,0.23375840947886334,0.16979576328326637,0.21240980879013746,0.17110713672905922,0.2353413654618474,0.17455488071989667,0.21006530263386913,0.17084453476669237
2,0.08587066557458657,0.08586488074247112,,False,0.31760216889245907,0.20750391370173926,0.28109080545071563,0.19604088950176854,0.3257028112449799,0.22866570928190383,0.2868078419254194,0.20165787438568059
3,0.07943178322897407,0.07941363311213209,,False,0.3567627271814439,0.24450834493014525,0.31614917513780916,0.2241866148922719,0.3634538152610442,0.2655874963647617,0.32094397328124047,0.22931223591409391
4,0.07500861776669737,0.07488154805858592,,False,0.39501958027914447,0.2824790665957113,0.3505469962870438,0.2664449894230623,0.40200803212851405,0.2847667230379207,0.35619736339598884,0.2680758833057834
5,0.07111887563162311,0.07085179923085101,,False,0.4516517722662918,0.330701894380776,0.40030599388555127,0.3215992814982361,0.45863453815261046,0.35503942654997833,0.40812406654765154,0.3285819618589118
6,0.06664471882217995,0.06632978355956173,,False,0.5002510292198011,0.4061506269796014,0.44468332600730587,0.3655687950614452,0.5100401606425703,0.4158937432477996,0.45338245921959675,0.3724941063892964
7,0.06265180171211857,0.06247240555860342,,False,0.535796766743649,0.44055973906037504,0.47796645078778777,0.4046962447908597,0.5469879518072289,0.46356892529633087,0.48746238779811424,0.41247741905147767
8,0.059311208517768874,0.059220033220427945,,False,0.5658198614318707,0.47730973396309906,0.5056453166209453,0.4376681084344487,0.5718875502008032,0.4880646086156843,0.5104983425842545,0.43939994905406565
9,0.05636334912098789,0.05638426842232137,,False,0.5926297821066372,0.5019293242930571,0.529944772555461,0.4645922211354393,0.5895582329317269,0.49642261992581577,0.5268890827329753,0.4590866274995054
10,0.053800015848073035,0.05397037367225265,,False,0.6139170599457777,0.5217444724571083,0.549600977062074,0.48597939601925805,0.6072289156626506,0.5279818524442992,0.5431877746789423,0.48034933746086267
11,0.0515210537670805,0.05186362970705895,,False,0.637915453358771,0.5488771183704028,0.5720539495908828,0.5165330384228771,0.6353413654618474,0.5594025836608357,0.5694033735005776,0.5154025786116504
12,0.04917034614572145,0.0496054675159742,,False,0.6611105532684004,0.5754764854323162,0.5936815341401629,0.5510406763901223,0.6578313253012048,0.5778716038891516,0.5903762181432374,0.5470505606858996
13,0.04591797806750661,0.04638019901495241,,False,0.7038859323225224,0.6169398152210562,0.6338403609156907,0.6096927400262371,0.7,0.610097457958783,0.6298908672718123,0.6036580281863795
14,0.042262761255098875,0.042690088260949735,,False,0.7350135555778693,0.6630373567249257,0.663507625671307,0.6451289362111541,0.7253012048192771,0.6351749865745818,0.6537592962607074,0.6319851368685092
15,0.03944664811630821,0.03992536564152019,,False,0.7543930113465207,0.6820938558532605,0.6816971497726486,0.6668732974222569,0.7477911646586345,0.6579438809543477,0.6749030872789942,0.6588615376549382
16,0.03731013219041735,0.037822875742709955,,False,0.7684506476553871,0.6765199942635203,0.6944184781321627,0.6812458821495677,0.7626506024096386,0.6708882868199183,0.688745577529345,0.6750954467675852
17,0.03548764499900265,0.03601269544423731,,False,0.7786926398232754,0.6883725516505071,0.7040495345109793,0.692232577723588,0.772289156626506,0.6823361335549302,0.69786830834805,0.6858986382688702
18,0.03387361652995,0.03435731745155092,,False,0.7932523345717442,0.7008121229446961,0.7177879617972771,0.7075161685732184,0.7875502008032128,0.6957610649887862,0.7122779210995311,0.7022268159964535
19,0.032477287012846946,0.032991694374122596,,False,0.8021889747966663,0.7101741460613431,0.7260781269732319,0.7160957133712896,0.7975903614457831,0.7062895670248993,0.7216292499179284,0.7116352122213403
20,0.03126291376586035,0.03176036449651271,,False,0.8128326137162366,0.7203085523480038,0.7360868438884604,0.7269757849970344,0.8080321285140563,0.7159819178214852,0.7314060765803541,0.7222875883107659
21,0.030167196950998242,0.030667282694505867,,False,0.8214680188773973,0.7276024238644911,0.7441593412864929,0.7352295456358569,0.8128514056224899,0.7202906779449536,0.7359381227989714,0.7271124641775
22,0.029223278620784644,0.029729009095018345,,False,0.8291997188472738,0.73460565048343,0.7513950815076309,0.7424578789203775,0.8172690763052208,0.8140169789491054,0.7400298286869165,0.7308662691269512
23,0.028435643974132636,0.028991757257606835,,False,0.834521538307059,0.740065236627492,0.7562867733454826,0.7474514327122166,0.8257028112449799,0.8238081410471767,0.7477801514515859,0.7387415502609636
24,0.027670243483423666,0.02818679109744443,,False,0.8407470629581283,0.7453633357415304,0.7621408860764064,0.7533272724015035,0.8321285140562249,0.8302390008805247,0.7538687966941237,0.745189421518788
25,0.02698702560896988,0.027554527631705596,,False,0.8444622954111859,0.7489250323888454,0.7656310498921075,0.7570130373131483,0.8345381526104417,0.8330511340739628,0.7561533322747938,0.7476736086040486
26,0.026362182984329362,0.026953886503753164,,False,0.8493824681192891,0.7532082219231582,0.7702060849663175,0.7614109273739333,0.8425702811244979,0.8408598562499031,0.7636907090852494,0.7548785345710929
27,0.025833791194680756,0.02650777295603793,,False,0.85169193694146,0.8499825773167251,0.772306953102063,0.7634621544599822,0.8437751004016064,0.8425298978673419,0.7648499060682412,0.7559770334137501
28,0.025271673042204783,0.02595662173775079,,False,0.8551059343307561,0.7585361373685199,0.7754909680186028,0.7666880087360122,0.8497991967871485,0.8483934414585611,0.770413892878923,0.7616538714518326
29,0.02479185556270795,0.025510829548861365,,False,0.8576162265287679,0.8559367657571182,0.7778055599535696,0.7689934760794142,0.851004016064257,0.8495728097812207,0.7715363308673782,0.7628562731361472
30,0.02439240657030649,0.02517857005021795,,False,0.8603273421026207,0.8592019607453945,0.7802655356726508,0.7714830199691427,0.8518072289156626,0.8507409538994668,0.77229455475246,0.7635961929405155
31,0.023907343861871787,0.024708742284142576,,False,0.8640425745556782,0.862542398200982,0.7838080461226448,0.7749185251542244,0.8542168674698796,0.8529310782167447,0.7745286874827516,0.7658830936976538
32,0.02352823727836576,0.02435627335607214,,False,0.8663520433778492,0.8647855406726921,0.7859720925935388,0.777002773660388,0.8566265060240964,0.8552698400684908,0.776819780183843,0.7681372368516964
33,0.023129172285867826,0.02403845128920642,,False,0.8693643940154634,0.8679924943414243,0.788726786098168,0.7797864128806361,0.8554216867469879,0.8541002490018612,0.7757170870350589,0.7670129634619492
34,0.022776743464070895,0.023723258778161234,,False,0.8706697459584296,0.869294780470559,0.7899285561034973,0.7809665473939439,0.8582329317269076,0.8570920024257433,0.7783755674332654,0.7696587578242313
35,0.0224463912486685,0.023429378453457907,,False,0.87287880309268,0.8715112428020801,0.7919670712967083,0.7830228976506216,0.8590361445783132,0.8576844051163364,0.7791059482533871,0.7703999439740167
36,0.022145626993898024,0.023175853353042335,,False,0.8746862134752486,0.873557000280548,0.7936191235778595,0.7847517134886505,0.8594377510040161,0.8581879850016034,0.7794544356642792,0.7707778672587415
37,0.021843372346265325,0.02290059160244516,,False,0.8771965056732604,0.8761556790453537,0.7960341649678309,0.7870693832214324,0.863855421686747,0.8630393721599,0.7836809979519772,0.774961580490334
38,0.02154133524584685,0.02264493878421943,,False,0.8778993874887037,0.8768463389826207,0.7966600550821665,0.7876903473994127,0.863855421686747,0.8631576794706443,0.7836670161706194,0.7749954428564395
39,0.021260072139679082,0.022411411771658146,,False,0.8796063861833517,0.8785961541286424,0.7982215185992603,0.7892818171368967,0.8654618473895582,0.864514643381736,0.7851056068484533,0.7763686030190547
40,0.020999155698365576,0.022204734594336188,,False,0.8807109147504769,0.879624827521208,0.7992240122573405,0.7902780237479132,0.8654618473895582,0.8645386225957867,0.785098031085678,0.7764004162603301
41,0.020744318354638056,0.021999091141011996,,False,0.8814137965659202,0.8805621375691017,0.7998956970792604,0.7909445333265864,0.8662650602409638,0.8654035456194579,0.7858794538932288,0.7771429277664523
42,0.020508964788260822,0.021793181696612755,,False,0.8834220303243298,0.8825709412012681,0.8017781638401992,0.7927380471060914,0.8718875502008032,0.8712654467770025,0.7910958077804092,0.7822790452504379
43,0.02027129473907356,0.02160247491423996,,False,0.8849282056431369,0.8841118795813088,0.8031431887341681,0.794147446006945,0.8698795180722891,0.8689413423185227,0.7891600289067617,0.7803581239926705
44,0.020068571817420004,0.021431785660886046,,False,0.8855306757706597,0.8848854985641769,0.8037510574985961,0.7947689108398777,0.8722891566265061,0.871586168987541,0.7914589114504449,0.782659782122611
45,0.019842787320258532,0.021234900795238897,,False,0.8864343809619439,0.8856066680430685,0.8045471830673704,0.7955321088633376,0.8722891566265061,0.8714850278738868,0.7913970244922959,0.7826304845330996
46,0.01962445149677106,0.021041934252581686,,False,0.8870368510894668,0.8862587596771136,0.8051404319278458,0.7961017915172786,0.8755020080321285,0.874600698636891,0.7944115935116228,0.785556374805068
47,0.01942966451806662,0.02089430069896115,,False,0.8886434380961944,0.8878538330382993,0.8066115508784795,0.7975964922252641,0.8746987951807229,0.8737938686185047,0.7936864787347526,0.7848477974821809
48,0.019234878874184628,0.020736731517962174,,False,0.8891454965357968,0.8881994364401107,0.8070772606274477,0.7980073212915668,0.876706827309237,0.8757567109406033,0.7955279710542743,0.7866367976172389
49,0.019041581851775624,0.02057841536266565,,False,0.8896475549753992,0.888745169964843,0.8074915679223835,0.7984369089061212,0.8771084337349397,0.8761185629291957,0.795852463462644,0.7869592302004931
50,0.01887258253261987,0.02045302105125118,,False,0.8903504367908425,0.889396083329647,0.8081813289649665,0.7990583770794372,0.880722891566265,0.8799495809347322,0.7992583605291934,0.790268803916318
51,0.01869012556381451,0.02028505470526855,,False,0.8911537302942062,0.791352680637267,0.8089244073063814,0.7998150742374922,0.8839357429718876,0.8830242759812876,0.8022600886468363,0.7931698938678472
52,0.018514436629504506,0.020157430716301286,,False,0.8918566121096496,0.8910033850400616,0.8095498339009471,0.800459063169173,0.8815261044176707,0.8805032173172366,0.8000065627106262,0.7909724873276681
53,0.018357983591263435,0.020022317825182975,,False,0.8925594939250929,0.8917295761745662,0.8101920070448156,0.801090633300414,0.8839357429718876,0.8831609953353097,0.8022719112466096,0.7932541843043147
54,0.018209621107245094,0.019905293114949464,,False,0.8937644341801386,0.7938459774615844,0.811308323528918,0.8022885610773781,0.8843373493975903,0.8833381000780876,0.8025829519833982,0.7935785423030952
55,0.0180401026908435,0.019764649592295173,,False,0.8941660809318205,0.905136354083495,0.8120714106251542,0.8035240891992815,0.8839357429718876,0.8828798193725456,0.802185191972775,0.7931637953901756
56,0.01790111959345456,0.01964364417945631,,False,0.8944673159955819,0.9053558194428444,0.8123587768393673,0.8037552838314576,0.8879518072289156,0.8873068291169928,0.8059674768780334,0.7968974682540597
57,0.017747177523631173,0.019528520307652755,,False,0.8948689627472638,0.850356735530698,0.8127545115227996,0.8042137057420594,0.88714859437751,0.8864130197010797,0.8052408886327131,0.7961746099073093
58,0.017616014811346396,0.01941669188586429,,False,0.8960739030023095,0.8514193775416472,0.8138773698388514,0.8052762782075283,0.8883534136546185,0.8877992844446221,0.8063569196982425,0.7972713886737526
59,0.017460553589266358,0.019298559800996845,,False,0.8973792549452756,0.8526321938602641,0.8150638944976569,0.8065232240134909,0.8879518072289156,0.886940047036856,0.8059461678410185,0.7968895447801285
60,0.017371995989427277,0.019243375473138376,,False,0.8979817250727985,0.8534118355461197,0.8156264198309029,0.8071801824029392,0.8867469879518072,0.8859007078842664,0.8048154169835584,0.7957937333640469
61,0.01719596964339356,0.01908198365015226,,False,0.8985841952003213,0.9092408214904685,0.8161535891690853,0.8075931272061758,0.88714859437751,0.8863142899751323,0.8052005498318703,0.7961442307166073
62,0.017079133082529573,0.019004496141728732,,False,0.8999899588312079,0.8735719666797235,0.8178883561286487,0.8099186955094361,0.8879518072289156,0.8869673156870299,0.8059455418457172,0.7969040250442141
63,0.01695823021249553,0.01890357864414469,,False,0.9006928406466512,0.9111110346794996,0.81895882407847,0.8114783830942806,0.8887550200803213,0.887733814566137,0.8066733854987062,0.797625272037667
64,0.016822528127824723,0.018809538916911624,,False,0.9003916055828899,0.8830792239197301,0.8186579704450836,0.8111602330368197,0.8895582329317269,0.8889714803992441,0.807418527553127,0.7983822037794518
65,0.01671271749850228,0.018716858547998896,,False,0.901696957525856,0.8843081406527845,0.8198766587171544,0.8124271446443259,0.8895582329317269,0.9008848061877942,0.8090987982800305,0.8021975413364779
66,0.01659724237085319,0.018631180564434552,,False,0.9022994276533789,0.912535333229286,0.820839731333627,0.8138890720551952,0.8899598393574297,0.9014367130930483,0.8094869772100867,0.802621477764314
67,0.016474041480602542,0.018520643303252923,,False,0.9023998393412993,0.8905729720923171,0.820945610782086,0.8139969284470229,0.8899598393574297,0.9015892582709808,0.8094965200393076,0.8026056925174276
68,0.016368218628688754,0.018425587440994828,,False,0.903604779596345,0.895278544633568,0.8224724273632353,0.8160300656306396,0.8903614457831325,0.9018426884404787,0.8098751561401429,0.8029962482893097
69,0.016258382170287418,0.01833566384717442,,False,0.9041068380359474,0.8957535258764197,0.8229663292194407,0.8164544950104966,0.8911646586345382,0.8475324526561674,0.8105921633048966,0.8037856374532117
70,0.01615099658544957,0.018268431869633613,,False,0.9047093081634703,0.8831416501050134,0.8235153451080107,0.8170610051539842,0.8911646586345382,0.9026501269116645,0.8106240051058894,0.8037186398409913
71,0.01604950708978218,0.01816694764418264,,False,0.9063158951701978,0.8941862159273829,0.8262601317875901,0.8212453447942035,0.891566265060241,0.8478233892966403,0.8110109286282773,0.8041844182814724
72,0.015944251630610314,0.018107445186806216,,False,0.9064163068581182,0.8942518077501561,0.8263239378884326,0.8213516619374064,0.891566265060241,0.8662319402804616,0.8126752122560312,0.807829940489195
73,0.01584977389226238,0.018015817984745625,,False,0.9068179536098002,0.8945619424456451,0.8267272941803062,0.8216738976346052,0.8923694779116466,0.8671361248792372,0.8134095560735627,0.8085156630532896
74,0.01574408142290052,0.017927864840448175,,False,0.9081233055527663,0.8941716230390434,0.8291974511383926,0.8255427003322624,0.8927710843373494,0.8673291563510196,0.8138155093597781,0.8089246577870433
75,0.015648343665005168,0.017879077113476673,,False,0.9085249523044482,0.8945386365486659,0.829521341294018,0.8258885949140238,0.8919678714859438,0.8666272401013999,0.813037861257717,0.8081846667555025
76,0.01555740291493178,0.017805905398142596,,False,0.909328245807812,0.8968919706372558,0.8306996715710182,0.827519627630007,0.8919678714859438,0.8665571213217553,0.8130493237412538,0.8081973111179607
77,0.015467616470922006,0.01772444434295501,,False,0.9098303042474144,0.8973964851338221,0.8311324070234493,0.827988096215668,0.8923694779116466,0.8668811778207287,0.813429841245059,0.8085744656084851
78,0.015372838014889608,0.017670545627911052,,False,0.9104327743749372,0.899290346338904,0.8321134063143923,0.8293322652580319,0.8951807228915662,0.8788293597326212,0.8177060581303411,0.8146286154066092
79,0.015275811456006151,0.017598066027925813,,False,0.9105331860628577,0.8940348257419275,0.8322139776321745,0.829399225560997,0.8947791164658635,0.8692333857904965,0.8156670370220634,0.8107563618849059
80,0.01519678729773286,0.017530242822522538,,False,0.9111356561903805,0.896062016254261,0.8332022139245822,0.8308534122077305,0.8947791164658635,0.8690188384087671,0.8157021480310005,0.8107974596612647
81,0.015101201390549317,0.017447034892635535,,False,0.9121397730695853,0.8993588069249826,0.8349365948779235,0.8333733954567136,0.8951807228915662,0.8693834030644658,0.8160072335943371,0.8111150123289185
82,0.01501768593513096,0.017400720016450724,,False,0.9121397730695853,0.8982879472987134,0.8345282690841869,0.8325521829405685,0.8971887550200803,0.8715654048450359,0.8179238885581968,0.8129962080933634
83,0.014930762508108087,0.01733092949314297,,False,0.9130434782608695,0.9013339773004062,0.8361771650514316,0.8350420412089652,0.8951807228915662,0.8694640754129584,0.8160097528921586,0.811118550082476
84,0.014868685199361324,0.017285666134217618,,False,0.9124410081333467,0.8987821324027662,0.8364744375914943,0.8360005333452989,0.8967871485943775,0.8530524529413049,0.8175735197443347,0.8126200415166778
85,0.014764597202194469,0.017204052712798762,,False,0.9136459483883924,0.901649041361287,0.8384463291186469,0.8387688046450258,0.8971887550200803,0.8531267983128252,0.8179245349355325,0.8129820598367117
86,0.014684508660683571,0.017134616854022386,,False,0.9142484185159152,0.9037270708105591,0.8398372191005767,0.8408982609661557,0.8967871485943775,0.852598198263527,0.8175408721386049,0.8126427743687474
87,0.014605977765994267,0.017081980088238895,,False,0.9148508886434381,0.9060950602130861,0.8416563403796992,0.8437062917152018,0.8979919678714859,0.8648637094287586,0.8203857822841214,0.817169246863754
88,0.014526459574268274,0.017026740885540993,,False,0.9151521237071996,0.9064282296800437,0.84191151765812,0.8439835327432862,0.8983935742971888,0.8726750216009346,0.8224388708372329,0.8208465000011809
89,0.014454410351456058,0.01696669635864439,,False,0.9154533587709609,0.9066277848361671,0.8422046130492085,0.844255555178861,0.8971887550200803,0.8639984390654885,0.8196195966655969,0.816431118192923
90,0.014378370008565127,0.016889336126180283,,False,0.9159554172105633,0.9091584552875607,0.844347166053764,0.8476792127761658,0.9004016064257028,0.8746526233305043,0.8243261355037564,0.8227238605894555
91,0.014303948787147127,0.01686041714997716,,False,0.917160357465609,0.9081323019998027,0.8458783106051087,0.8494477889929704,0.8983935742971888,0.8681441637082352,0.8241153405068506,0.8239351247681976
92,0.014236713315983763,0.01681970787802621,,False,0.9178632392810523,0.9092294762446199,0.84694922254825,0.8508072436765473,0.8979919678714859,0.8677511330503733,0.8237105484823437,0.8235512503752656
93,0.014151221541834418,0.016721862730686047,,False,0.9172607691535295,0.9099992085438109,0.8476467200884783,0.8523709987275517,0.9016064257028112,0.8758810710896157,0.8288167287340962,0.8299628045530644
94,0.014079046285323712,0.016688408669176157,,False,0.9179636509689728,0.9106261444143625,0.8482807300161578,0.8529927201441808,0.9016064257028112,0.8758893571414461,0.828798860231977,0.8299594250131397
95,0.014007230813926559,0.016625472478774626,,False,0.9185661210964956,0.9122770912272065,0.8501305578465568,0.8556283476424772,0.9028112449799197,0.8770052060953661,0.8299250898908902,0.8310808243335146
96,0.013945825055547735,0.016598841172428554,,False,0.9193694145998594,0.9144159704956478,0.8529425124534864,0.8596273969560912,0.9008032128514056,0.8754240404978438,0.8281136342460402,0.8292707947344742
97,0.013872074249016488,0.01651665941667261,,False,0.9195702379757004,0.9133401645574318,0.8539836227499803,0.8610349176665975,0.9016064257028112,0.8760413357203609,0.8288593464011484,0.8300007327459205
98,0.013801289837720717,0.016458639390482456,,False,0.9203735314790642,0.9126529893649694,0.8551309298076778,0.8623183488461925,0.9032128514056225,0.8702606348958765,0.83029793748596,0.8313144940619345
99,0.013736689085327294,0.016431096991163574,,False,0.9203735314790642,0.9131964917348628,0.8559722155570696,0.8635564195766589,0.9032128514056225,0.8773445022870194,0.8303004652662657,0.8314366929491074
100,0.01367486322978233,0.016366137611260156,,False,0.9208755899186666,0.9154861052360828,0.8568787533590145,0.8647414444797993,0.9036144578313253,0.877601968007364,0.830691287408965,0.8318177947017007
101,0.013604920234553414,0.01631434098259983,,False,0.9210764132945075,0.9138408358954057,0.8566168448416381,0.8642013312137163,0.9032128514056225,0.8809920138471145,0.8320336200477695,0.8344204715927321
102,0.013545351898238479,0.016289532291192788,,False,0.9213776483582689,0.9130766665518782,0.857732826613681,0.8655798979476069,0.9036144578313253,0.8781109341016352,0.8340720032611957,0.8374040705162371
103,0.013475316820610773,0.016240400864957014,,False,0.9214780600461894,0.9134444419254495,0.8582445461031895,0.8662959184680166,0.9032128514056225,0.8775798462834447,0.83365286085661,0.8369904404497414
104,0.013413931607229633,0.01619893728427595,,False,0.9220805301737122,0.9139983038110301,0.8587959624300324,0.8668419595677052,0.9024096385542169,0.873635581577098,0.8312533550848611,0.8334929376577827
105,0.013351524094782642,0.0161431502670098,,False,0.9222813535495532,0.9157174063845372,0.858980225849777,0.8671390290054783,0.9032128514056225,0.8742274985879814,0.8319577049805855,0.8342124480956914
106,0.013289181758309784,0.016098293121725518,,False,0.9226830003012351,0.91629154220243,0.8597802219913212,0.8681091495505249,0.9028112449799197,0.8772760384754168,0.8333300921633732,0.8366658762803952
107,0.013229702132786061,0.016064704564415985,,False,0.9233858821166784,0.9163643943367776,0.8621061700478414,0.8710000056828867,0.9032128514056225,0.8803613218186557,0.8353934853553787,0.8397414260558203
108,0.013170975659193989,0.01602172911785204,,False,0.9239883522442012,0.9169268925335479,0.8626676950550236,0.8715574518799506,0.9028112449799197,0.8771889863372504,0.8333358721866544,0.8366556239065451
109,0.013114300203226867,0.015948017095678113,,False,0.9236871171804398,0.9141976206362856,0.862810694356549,0.8716165726671854,0.9044176706827309,0.878670016103857,0.8348240272889265,0.8381318581272329
110,0.013055926047496249,0.01593167888693257,,False,0.9249924691234059,0.9137443914080845,0.8652651933170681,0.8743160831911057,0.9036144578313253,0.8807214359687935,0.8357663414329328,0.840122384922909
111,0.012998608984705565,0.015895604915912014,,False,0.9252937041871674,0.9154679505981707,0.8659621355778023,0.8752691724698094,0.9024096385542169,0.8769003555830746,0.8329495746595679,0.8363016959263329
112,0.012943888064697148,0.015827577040280916,,False,0.9251932924992469,0.9155887174589713,0.8662992838856588,0.8756935695739694,0.9044176706827309,0.879022674911316,0.8382096227163763,0.8431954236868391
113,0.012884476197586772,0.015807503400553858,,False,0.9256953509388492,0.9163261416848579,0.8671729636533954,0.8767256910064796,0.9032128514056225,0.8779142617751963,0.8370968345069953,0.842104440967256
114,0.012825661724947016,0.01575829448607713,,False,0.9263982327542926,0.917127611438618,0.8682463824093776,0.877914290654257,0.9040160642570281,0.8759556942909307,0.8361577895709333,0.8402352322075882
115,0.012771396098870994,0.015722007088097782,,False,0.9262978210663722,0.9161328467086629,0.8685561135565489,0.8782189931506614,0.9044176706827309,0.8790333490501354,0.8382096227163763,0.8431970208597872
116,0.012716001369148262,0.015679589972205806,,False,0.926699467818054,0.9154527615326149,0.8689384241496442,0.8784896196666323,0.9044176706827309,0.8832043996364068,0.8415772554957469,0.848150908445977
117,0.012665337434169312,0.01565455944114416,,False,0.9276031730093383,0.918549544575084,0.8722894954642497,0.8825683664315173,0.9060240963855422,0.8846564404443414,0.8430801159377042,0.8496201373158446
118,0.012607466904294375,0.01560741629373466,,False,0.9278039963851792,0.9171700013088275,0.8733074693022851,0.8835120250547904,0.9056224899598394,0.8843104439499285,0.8427047405623287,0.8492635031271707
119,0.012555364912335385,0.015563722702591414,,False,0.9281052314489406,0.918586172050498,0.8740060073148359,0.8844219374237392,0.9060240963855422,0.8846564404443414,0.8430801159377042,0.8496201373158446
120,0.01250434990877386,0.015550125630919181,,False,0.9282056431368612,0.9183512717424109,0.8753505893989159,0.8858813486892869,0.9056224899598394,0.880256517500198,0.8426779467438057,0.8489060141194372
121,0.012458957307928736,0.015507061305596469,,False,0.9289085249523045,0.917807042650414,0.8772465445672665,0.8877168026935994,0.9040160642570281,0.8766336259796061,0.839486442489917,0.8450266898318354
122,0.012400660304419836,0.01543931225661586,,False,0.9290089366402249,0.9211132520795476,0.8765256141704261,0.8873747202028551,0.9060240963855422,0.8806295406415612,0.8430788520475514,0.8492750750164123
123,0.012350221748463178,0.015416223662456173,,False,0.9291093483281454,0.9204495699603397,0.8770354934808182,0.8878265361653899,0.9068273092369478,0.8832212871402478,0.8455041706829157,0.852350609466997
124,0.012299260841945488,0.015390402290645179,,False,0.9294105833919069,0.921512200586575,0.8768767086660328,0.8877319797656157,0.9068273092369478,0.8832972749541091,0.8454723288819228,0.8523189869308881
125,0.012251615509707135,0.01534488434811534,,False,0.9302138768952706,0.9216649935720184,0.878461534363282,0.8893081583015194,0.9076305220883534,0.8840666771006066,0.8462147718290866,0.8530642814377555
126,0.012208902708018571,0.015354919211786354,,False,0.9301134652073502,0.9204634402132044,0.8779481155639127,0.8885985531908384,0.9072289156626506,0.8854101299490273,0.8475108181408593,0.8549421951248272
127,0.012152767555940101,0.015285273262215423,,False,0.9298122301435887,0.9211032579017873,0.8776626158812834,0.8884602461591457,0.908433734939759,0.8864761923351389,0.8486267465779446,0.856089813815403
128,0.012105475227640333,0.015261183225102788,,False,0.930515111959032,0.9213759051103457,0.8795734950451721,0.8904015448049623,0.9088353413654618,0.8883606677713326,0.8507034836564566,0.8586577311215015
129,0.012060125048385469,0.015226370539583381,,False,0.930515111959032,0.9220894139487156,0.8791630169122526,0.8900715592359032,0.9092369477911647,0.8887426344220399,0.8510584712318915,0.8590249749843081
130,0.012019635195134217,0.01520479867610666,,False,0.9311175820865549,0.9218909865038817,0.8801421904803425,0.8909766175912827,0.9076305220883534,0.8856878696361957,0.847884835480122,0.8553596815804267
131,0.011964436218858456,0.015159994618132147,,False,0.9313184054623959,0.9207382413470631,0.8811542280347437,0.8918054149293511,0.9096385542168675,0.8905137388507787,0.8531160844006157,0.8615263318079898
132,0.011919744219057447,0.01512912331052915,,False,0.9320212872778392,0.9223440831355505,0.8822301792098396,0.8930543483420157,0.9100401606425703,0.8921615377606246,0.85517369756934,0.8639674632723576
133,0.011873719903919505,0.015119051394022445,,False,0.9323225223416005,0.921981488142267,0.8829187865704751,0.8936191498445203,0.9096385542168675,0.8918210030990379,0.8547856127852437,0.8635598657042333
134,0.011830965113131343,0.015070054511655636,,False,0.932623757405362,0.9224584489048065,0.883606880670261,0.8943566837276324,0.9100401606425703,0.8909029130613921,0.8534966019044208,0.8618983527860219
135,0.011779115428067841,0.015040807524325756,,False,0.9331258158449643,0.922895507273255,0.8840714420974971,0.8948361416420914,0.9100401606425703,0.8921615377606246,0.85517369756934,0.8639674632723576
136,0.011736464846675487,0.014993442589096165,,False,0.9336278742845667,0.9236363622270516,0.8853664986391279,0.896186007423871,0.9104417670682731,0.8924937234732696,0.8555465536468941,0.8643295638993895
137,0.01169426142431478,0.014979991973025951,,False,0.9337282859724872,0.9238967099921713,0.8858809984564421,0.8967211136660551,0.9104417670682731,0.8925328074437443,0.8555490729447155,0.864327108541382
138,0.01164936236327605,0.01495242156429556,,False,0.934531579475851,0.924292270452093,0.8878980980172586,0.8986309263160555,0.9116465863453815,0.893598378295577,0.8566574341015095,0.8654170404713841
139,0.011607791022410087,0.0149214790301864,,False,0.9334270509087258,0.9239753129679573,0.8864368765682653,0.897317140974234,0.9116465863453815,0.893631644155842,0.8566447162103044,0.8653885412147455
140,0.01156667796889022,0.014904685870249863,,False,0.9341299327241691,0.9247201466536281,0.8875142389309122,0.8984163099638572,0.9112449799196787,0.888719032364495,0.8545946788043554,0.8625326886734476
141,0.011521337252965504,0.014855035311520656,,False,0.9349332262275328,0.9255788519242866,0.8886810574852032,0.8995823545408008,0.9120481927710843,0.8894506730347541,0.8553480523857147,0.8632727116369913
142,0.011480909008167665,0.014811877626515637,,False,0.9350336379154534,0.9250013716925406,0.8887615405599596,0.8995375894666766,0.9124497991967871,0.8898116630793766,0.8557087224214048,0.8636242244750125
143,0.011437252205013992,0.014803524033111257,,False,0.9348328145396124,0.9262894872163643,0.888578928459163,0.8996378907987407,0.9120481927710843,0.8895157378264474,0.8553544584042972,0.8632789932682383
144,0.011397607122649242,0.014765674978060939,,False,0.9354352846671352,0.9262467012202849,0.889554237864115,0.9004829792055268,0.9124497991967871,0.8898862888731204,0.8557163838476558,0.8636396860396128
145,0.011356017150301129,0.014745433926534244,,False,0.9355356963550557,0.9263326994368405,0.8896448624150829,0.9005729002865677,0.9120481927710843,0.8895008529123566,0.8553544584042972,0.8632696816920825
146,0.011316465688923789,0.01470049274301661,,False,0.9357365197308967,0.9272637283186635,0.8898364249717603,0.9009068851768656,0.91285140562249,0.8872022756663741,0.8560823020572861,0.8635333208954261
147,0.01128088180308364,0.014689078653305201,,False,0.9358369314188172,0.9273226087090324,0.8899275637967832,0.900994920863002,0.91285140562249,0.8873044751466278,0.8560649654045082,0.8635785332218862
148,0.0112355833123714,0.014656132820531907,,False,0.936238578170499,0.927830100690185,0.8907172458530052,0.9017904237601252,0.9124497991967871,0.8869446593142035,0.8557273144818512,0.863214731523915
149,0.011198854573454787,0.014633239316221132,,False,0.936238578170499,0.9263461950420466,0.8907147358431254,0.9014882465396319,0.9124497991967871,0.8869435852852599,0.8557087224214048,0.863222245109079
150,0.01116213806883827,0.0145951807469851,,False,0.9363389898584196,0.9264321040315622,0.8908085012900914,0.9015861564375047,0.91285140562249,0.8872163961095318,0.8560701160154223,0.8635424419669131
151,0.011121520266822161,0.0145898036777252,,False,0.9368410482980218,0.927887164805013,0.8921183991418583,0.9030387283754594,0.9132530120481928,0.8890297423528545,0.8581225785732324,0.8659452370865458
152,0.011082251880231347,0.014554906023030474,,False,0.93643940154634,0.9275309463325662,0.8917508965628181,0.902669371235413,0.9136546184738956,0.88941994904963,0.8585018406693691,0.8663189045295852
153,0.011045567810618885,0.014519667891207748,,False,0.9368410482980218,0.9279261211693086,0.8921212756783048,0.9030391202772672,0.9132530120481928,0.88908786137513,0.8581468530939342,0.8659743956109809
154,0.011007267518621354,0.014492714880456607,,False,0.9368410482980218,0.9280034428490439,0.8925332113508992,0.9034511005146562,0.9140562248995984,0.8897360081937866,0.8588746967469232,0.8666832138620985
155,0.010973231397988033,0.01450513487913321,,False,0.9370418716738629,0.9270068820641638,0.8935418702280968,0.9041510637674715,0.9140562248995984,0.8910900789576157,0.8605530478195108,0.8686688825869252
156,0.010932413376399502,0.014465975366550048,,False,0.9374435184255447,0.9287044285383124,0.8934888332553315,0.9044010179465674,0.9136546184738956,0.8894833586377663,0.8584903781858324,0.8663025810677935
157,0.010899279501416512,0.014440415463300871,,False,0.9376443418013857,0.9289108961848201,0.8936689462424986,0.9045962155182191,0.9144578313253012,0.8915814460262974,0.8609029789299916,0.8690165609582373
158,0.010860613665715472,0.01440711966118287,,False,0.9378451651772266,0.9293536885454883,0.8947024010132458,0.9056115084874631,0.9140562248995984,0.8898007811330984,0.8588580836524725,0.8666767352238202
159,0.010823375295853973,0.014382899283369537,,False,0.9377447534893062,0.9297407379872014,0.8937670758429697,0.9048559573838502,0.9132530120481928,0.8890548147382713,0.8581098606820272,0.8659271604708771
160,0.010787623180357314,0.014370710387797438,,False,0.938347223616829,0.929902412229887,0.8955722637598859,0.9064779890648218,0.9136546184738956,0.8894536854532112,0.8584648482574622,0.8662857431677045
161,0.010752258157965804,0.014352211984536633,,False,0.9382468119289086,0.9292495220644665,0.8959053122811675,0.9066371595031077,0.9136546184738956,0.8907932934974802,0.8601674738507515,0.8682871207612775
162,0.010719639477929813,0.014346672786004185,,False,0.9384476353047495,0.9297056733629966,0.8969309628476919,0.9076505351681343,0.9136546184738956,0.8908133229558344,0.8601623232398375,0.8683024178075256
163,0.010684112605979665,0.014327956626800026,,False,0.9387488703685108,0.930632390528666,0.8971935207478167,0.9080705729961943,0.9132530120481928,0.8904636171584779,0.859788211754615,0.8679317462399517
164,0.010646548437187998,0.014280236752236788,,False,0.9386484586805904,0.930570209271735,0.8971130566854539,0.9079860161657414,0.9136546184738956,0.8935832413186139,0.8601674738507515,0.8687577069983321
165,0.010612415153486862,0.014259866646104008,,False,0.9392509288081132,0.9312336658156737,0.8980859142279632,0.9089308740319287,0.9140562248995984,0.8911717580408491,0.8605224614261864,0.868643112927264
166,0.010579354683018289,0.014236352589488806,,False,0.9394517521839542,0.9313842290933019,0.8982647901712569,0.9091140176347303,0.9140562248995984,0.8910789860945327,0.8605351793173915,0.8686490068012616
167,0.01054427174681702,0.014214844084332377,,False,0.9392509288081132,0.930499658407028,0.8980773257313037,0.9087594156500953,0.9144578313253012,0.8914084755030106,0.8609080353949456,0.8690056919876725
168,0.010512504818970286,0.014203863270821878,,False,0.9395521638718747,0.9311741694223178,0.8996131748668184,0.91021766573694,0.9140562248995984,0.8912185349719355,0.8605224614261864,0.8686547009203314
169,0.010477405185788139,0.014164888883397073,,False,0.9399538106235565,0.931633485513964,0.9004143623282373,0.9109766362021472,0.9140562248995984,0.8911186186404405,0.8605403299283056,0.868641091702893
170,0.01044399888972831,0.014151199486625911,,False,0.9398533989356361,0.9315373904604913,0.9003085100083149,0.9108848451032246,0.9140562248995984,0.896905629352701,0.8605224614261864,0.8695735209000465
171,0.010410720623891024,0.014119130101693798,,False,0.9403554573752385,0.9326635343740217,0.9007819580280252,0.9115132807964252,0.9144578313253012,0.8914724505589791,0.8609144414135282,0.869013490341643
172,0.010379987021846475,0.014094370447498929,,False,0.9404558690631589,0.9321159007554473,0.9008680929387839,0.9114362067336488,0.9144578313253012,0.8942428907545388,0.8608953175037405,0.8694653225875685
173,0.010352417394087082,0.014074166575448945,,False,0.9405562807510794,0.9323334087981794,0.9013795741497653,0.911918447260141,0.914859437751004,0.891905469312788,0.8612758350075457,0.8693803947866253
174,0.010314833325252779,0.014066961785183114,,False,0.9404558690631589,0.9315698494508469,0.9012946798316778,0.9116615870683741,0.914859437751004,0.8945830705510903,0.8612681735812946,0.8698219940992935
175,0.010281221224050395,0.014057996165287724,,False,0.9406566924389999,0.930497709665638,0.9014847198147682,0.9115311957078185,0.9140562248995984,0.8911125096894735,0.8605428492261269,0.8686227822938379
176,0.010249643808690428,0.014020854059156856,,False,0.9413595742544432,0.9331717761316233,0.9025509219578589,0.9130551134990001,0.9152610441767068,0.8949021692694531,0.8616435489566698,0.8701748493536713
177,0.010221604370700696,0.01399877169721143,,False,0.9413595742544432,0.9325079352349365,0.9025509813423432,0.9129000166079719,0.9160642570281124,0.8955588832099305,0.8624032344106518,0.8709310180357881
178,0.010188135259629106,0.01397206680015403,,False,0.9411587508786022,0.931848951129002,0.9027900161720063,0.9129243709849837,0.9152610441767068,0.8934112424832134,0.8633449106598066,0.8716714902664445
179,0.010157698683036554,0.013962851213078473,,False,0.9413595742544432,0.9327698629147722,0.9033932250521873,0.9136479133427114,0.9152610441767068,0.8948709456592765,0.8616435489566698,0.8701687922491899
180,0.010126481640571809,0.01394574873832661,,False,0.9422632794457275,0.9329397063223429,0.9042268396898486,0.914318038148957,0.9164658634538153,0.894476270110338,0.8644634704099846,0.8727889144817436
181,0.01009516211239849,0.01392307609433562,,False,0.9419620443819661,0.9333193342755024,0.9039487545265469,0.9142124641809785,0.9160642570281124,0.8967610987151513,0.8640796921807193,0.8728906226130178
182,0.010063721748556935,0.013909018924864935,,False,0.9418616326940455,0.9321057504581886,0.9042799338901928,0.9141628740513456,0.9160642570281124,0.8967743720775265,0.8640906228149147,0.8728865233445023
183,0.010036671411374378,0.013890794453400987,,False,0.9426649261974094,0.9334454316125894,0.9050242316092805,0.9150783302714482,0.9156626506024096,0.8937459546345432,0.8637113522362939,0.8720488240818354
184,0.010003822224590586,0.013864902572006899,,False,0.9424641028215685,0.9345401045809021,0.9048347441154304,0.9152265452458784,0.9168674698795181,0.9004055495773761,0.8648100551315295,0.8741064647444341
185,0.009973611403876917,0.013856825485934901,,False,0.9423636911336479,0.9325704987602013,0.9047471829937072,0.9146365659199898,0.9168674698795181,0.8974849334361976,0.864820985765725,0.8736058731271922
186,0.009955067700859329,0.013831471000979725,,False,0.942162867757807,0.9336148342552543,0.9045599273564401,0.9147585387284217,0.9176706827309237,0.9011758167919304,0.8655634287128887,0.8748450467491559
187,0.009919031200059885,0.013800553269886164,,False,0.9427653378853299,0.9335399711345378,0.9051182331770047,0.9151680009903349,0.9168674698795181,0.8975130084892099,0.8648266512610117,0.8736442519215193
188,0.009884298381268586,0.013795033710954337,,False,0.9434682197007732,0.9337856664449957,0.9065978160995236,0.9163891632774919,0.9160642570281124,0.8941180596681048,0.864089358924762,0.8724169992448798
189,0.009859213789991406,0.013772580408083934,,False,0.9424641028215685,0.9332777349722812,0.9048382807069127,0.9148830847397534,0.9164658634538153,0.8971760488447327,0.8644321604583328,0.8732497474595786
190,0.009828238314849583,0.013763237566690168,,False,0.9427653378853299,0.9324722972331089,0.9055391700847419,0.9152171650702144,0.9164658634538153,0.8956462394341285,0.8661278481836985,0.8746358416511189
191,0.009803225688192517,0.013744514969357807,,False,0.9427653378853299,0.9323643565620334,0.9051196773537138,0.9148467618247081,0.9160642570281124,0.8941345431679104,0.8640702350149742,0.8723971165563662
192,0.009771326081906983,0.013727138038723342,,False,0.9436690430766141,0.933275729285693,0.9063651851611237,0.9160567039086486,0.9172690763052209,0.8978616546439196,0.8651752413003483,0.8740022983158698
193,0.009745779176338046,0.013721252811528301,,False,0.9433678080128527,0.9330252066932503,0.90607962827698,0.9157562108695522,0.9168674698795181,0.89752890516318,0.8648075358337083,0.8736198769943893
194,0.009715018263102943,0.013705156769611255,,False,0.9434682197007732,0.9330923929020479,0.9061677369688391,0.9158494732734526,0.9172690763052209,0.8951804196575477,0.8651829112090836,0.8734995007957755
195,0.009685637232032304,0.01367981266874511,,False,0.9436690430766141,0.9334128095718071,0.9067818887988509,0.9164176069070638,0.9172690763052209,0.8978645580413329,0.8651821791682721,0.8740145258731044
196,0.00965906998244448,0.01366072197705703,,False,0.944070689828296,0.934828192530582,0.9067346295099541,0.9167361119791444,0.9176706827309237,0.8982028107647033,0.8655384306338596,0.8743501655952265
197,0.009632806442095248,0.013636386114125989,,False,0.9442715132041369,0.9350446967641051,0.906908750362002,0.9169230452617886,0.9168674698795181,0.8974893639231064,0.8648080676830495,0.8736403494973187
198,0.00960535124417383,0.013622774413442625,,False,0.9446731599558189,0.9356281846543644,0.9081102935215603,0.9180238555160342,0.9172690763052209,0.8989697758500653,0.8668720868703563,0.8759020580762893
199,0.009580730784790955,0.013605135918840258,,False,0.9446731599558189,0.9339255841874553,0.9085309573230224,0.917881261694624,0.9172690763052209,0.8989752085062066,0.8668778668936377,0.8759068824029375
200,0.009551418403371436,0.013610587995937843,,False,0.9448739833316598,0.9351929486268311,0.9082886912379495,0.9180366213801597,0.9176706827309237,0.8993202862910974,0.8672206684272087,0.8762558682326201
201,0.009528051734299383,0.013578585439489954,,False,0.9455768651471032,0.9354890346737401,0.9097687824573774,0.9192379522411032,0.9180722891566265,0.899702228893267,0.8676011859310138,0.8766363363435639
202,0.009498033555426649,0.013575778950102257,,False,0.9456772768350236,0.9347879837204205,0.9111333051983556,0.9200780711193985,0.9192771084337349,0.9027213940993403,0.8720397128110403,0.8813320320340655
203,0.009471949620718265,0.01357179438703635,,False,0.9458781002108645,0.9355295788724367,0.9113063092997873,0.9204212853422074,0.9184738955823293,0.9019814628567675,0.8713358947646572,0.880619090976102
204,0.009449024613896325,0.013565782038771975,,False,0.9460789235867055,0.9358297518437771,0.9119023235209381,0.9209519280344486,0.9184738955823293,0.8994985722326846,0.871303675882459,0.880053758844779
205,0.009422349642915006,0.01353004783284288,,False,0.945978511898785,0.9351606356869383,0.9118246485518764,0.9206969266269623,0.9184738955823293,0.8994985722326846,0.871303675882459,0.880053758844779
206,0.00939583817398188,0.013509774907419362,,False,0.9460789235867055,0.9362403453066934,0.9114889655929154,0.9207606371651565,0.9188755020080321,0.9023382067376945,0.8716656013258177,0.8809556025366848
207,0.0093684863754577,0.013489494943796284,,False,0.9462797469625465,0.9358844212594527,0.9116745036485171,0.9207865841024909,0.9188755020080321,0.9023533516299531,0.8716847252356055,0.8809768321841174
208,0.009344925232213874,0.013486786249043682,,False,0.9463801586504669,0.9376731610977251,0.9117564582180544,0.9213659365013337,0.9184738955823293,0.9010397106865747,0.8696079881570934,0.8787977617413697
209,0.009318193273595121,0.013459749143209876,,False,0.9462797469625465,0.9364255744212969,0.9116703714886071,0.9209411399010512,0.9188755020080321,0.9023162275005183,0.8716656013258177,0.8809391201645321
210,0.009296065631251006,0.013439582918287592,,False,0.9466813937142283,0.9385292913648399,0.9120445171675615,0.9218285894075537,0.9180722891566265,0.9006195457197905,0.8692478584532287,0.8784245150596022
211,0.009269143409808764,0.013433056184785628,,False,0.9469826287779898,0.9383500604718115,0.9127301203220762,0.922287746973971,0.9180722891566265,0.8981132008087361,0.8692460627137347,0.8778950406561796
212,0.009244054999728501,0.013429066456234632,,False,0.9470830404659102,0.9382838885012519,0.9124072284617802,0.9220181854458429,0.9184738955823293,0.9019328800305395,0.8712985337540293,0.8805600484649047
213,0.009220906758763291,0.013420805869654877,,False,0.9468822170900693,0.9359569640270116,0.9126477148437063,0.9215231438388989,0.9184738955823293,0.8972033298677924,0.871315861924323,0.8795275835086718
214,0.009196352796653559,0.013402801332207455,,False,0.9475850989055126,0.9382109350422034,0.912844617588434,0.9223090708402503,0.9180722891566265,0.9006537320086923,0.8692274706532882,0.8784231012298324
215,0.009174030942053156,0.013384890561955548,,False,0.9472838638417512,0.9365788156497348,0.9138554040428866,0.9225915520552019,0.9188755020080321,0.899826061440938,0.8716790512578344,0.8804062040796445
216,0.009150216676038131,0.013374732898477324,,False,0.9475850989055126,0.9368677076666595,0.9141147137807616,0.9228572598759835,0.9184738955823293,0.8981963278310151,0.8729993636078246,0.8812581142743896
217,0.009123814334133394,0.013367729174207773,,False,0.9476855105934331,0.9374758958649758,0.9142091823619507,0.9231234610704776,0.9180722891566265,0.8990908773688285,0.8709435461785944,0.8796930024480583
218,0.009100711033286388,0.013338925841291791,,False,0.9477859222813535,0.9370067948694936,0.9143161335115809,0.9230541550855287,0.9180722891566265,0.8968071614047896,0.8709557322204584,0.8791706735000838
219,0.009075791386049071,0.013320690201323255,,False,0.947886333969274,0.9386605838050706,0.9139746419228617,0.9232935960136786,0.9172690763052209,0.8961001753299078,0.8702062453598605,0.8784517665866701
220,0.009055628078150845,0.01332501573319435,,False,0.9484888040967969,0.9391906456485004,0.9145283395246465,0.9238369763737341,0.9184738955823293,0.900398539556249,0.8730146092793354,0.8817933162991637
221,0.009030022554066807,0.013301468013924858,,False,0.9483883924088764,0.9385362556447147,0.9165494431999025,0.9251450920736014,0.9180722891566265,0.8977958675190008,0.87263923390396,0.8809014063004568
222,0.009008453750110916,0.013281850732597812,,False,0.9484888040967969,0.9395886395797629,0.9162073069313199,0.925226721581067,0.9180722891566265,0.8990747846445518,0.8709569961106111,0.8796719373071437
223,0.008985171222305391,0.013270618621868282,,False,0.9484888040967969,0.9394913473515893,0.9157777940836209,0.9248683370020756,0.9184738955823293,0.8971789214000463,0.8713171258144757,0.8795327437884778
224,0.008962217066649925,0.013269534545798425,,False,0.9487900391605583,0.9398694624867121,0.9164718736016538,0.9254884908097147,0.9200803212851406,0.9018962358565334,0.8744551962951114,0.883226887084632
225,0.008938659719616576,0.013272658301933532,,False,0.9487900391605583,0.938901711446802,0.9169041474652213,0.9255056345966397,0.9196787148594378,0.9002025281619276,0.875756916584655,0.8840016581007517
226,0.00891903713400386,0.013257635804930223,,False,0.9486896274726379,0.9393548512960224,0.9167952958509034,0.9255730020848598,0.9200803212851406,0.9005996482373537,0.8761374340884603,0.8843865435166276
227,0.008895540711883913,0.013239550644519583,,False,0.9488904508484788,0.939966389412855,0.9165751860030527,0.9256004407007441,0.9192771084337349,0.8998519940623161,0.8754019290092203,0.8836608515999944
228,0.008876184933280464,0.013248081758731281,,False,0.9489908625363992,0.9395074357259507,0.9166665298031424,0.9255184608429473,0.9192771084337349,0.8998519940623161,0.8754019290092203,0.8836608515999944
229,0.008849334685566418,0.013214703144922476,,False,0.9492920976001606,0.9404371044241149,0.9173505792383789,0.9262974781974813,0.9196787148594378,0.9002187466718075,0.875756916584655,0.8840154141439623
230,0.008827416218362359,0.013191066384550875,,False,0.9492920976001606,0.9408753557155257,0.9169384709566738,0.9261181902875604,0.9204819277108434,0.905499784001711,0.876506403445253,0.8858595855177066
231,0.008809620782096309,0.013171465520852872,,False,0.9493925092880812,0.9409730122062169,0.9170271470230035,0.9262125517011831,0.9196787148594378,0.9024195233852931,0.8757760404944429,0.8845832739470337
232,0.008785076769365071,0.013173403091101168,,False,0.949794156039763,0.9413530410343873,0.9173883045979438,0.9265757697254927,0.9204819277108434,0.903151238007593,0.8765128094638356,0.8852914470596522
233,0.008767422663834375,0.013187907093028549,,False,0.9496937443518425,0.9413618055563787,0.9177144266473662,0.9268321993685503,0.9208835341365462,0.9058633056817391,0.8768613910206879,0.8862093159417019
234,0.008742385264947278,0.013160033279104078,,False,0.949794156039763,0.9414500219783807,0.917807234873606,0.9269173293046052,0.9204819277108434,0.9054954495849638,0.876506403445253,0.8858547079964177
235,0.008727766671774063,0.013165938627026466,,False,0.9495933326639221,0.9412914678880403,0.9176203037201012,0.9267401227543357,0.921285140562249,0.9062445765276421,0.8772419085244931,0.886581144615171
236,0.008706877211648844,0.013127504675326845,,False,0.9496937443518425,0.9413726145006578,0.9177232534225526,0.9268427581889637,0.9204819277108434,0.9054886243258093,0.8765255273550407,0.8858712073656235
237,0.008678264051688369,0.013108091447575639,,False,0.9496937443518425,0.9414329289931597,0.9181462635422714,0.9271724386156293,0.9204819277108434,0.9031651602937255,0.8765115455736829,0.8853091115626399
238,0.00867216137008057,0.01309264817582141,,False,0.9496937443518425,0.9414534220166474,0.9181374268009592,0.9271627548987195,0.9228915662650602,0.9077818482121877,0.8787453864792673,0.8880670393526195
239,0.008637691402341168,0.013083440564898822,,False,0.949794156039763,0.9415202402887967,0.918244881328394,0.9272640375960192,0.921285140562249,0.9062907296013041,0.8772674384528634,0.8866022615649672
240,0.008619356704156976,0.013081926006513436,,False,0.9502962144793654,0.9419982544652589,0.9187042939905096,0.9277326270371044,0.9208835341365462,0.9066665811068124,0.8785831405237651,0.8879052861563185
241,0.008597755336151525,0.01307199866227506,,False,0.9501958027914449,0.9419349643135111,0.9185969962568306,0.9276322774526622,0.9216867469879518,0.906651623730546,0.8776224260282982,0.8869659813278923
242,0.008576545630707923,0.013049983069339442,,False,0.9501958027914449,0.9419112053990788,0.9186109233089036,0.9276373980046926,0.9204819277108434,0.9039909536095975,0.8782077651483896,0.8869737976474416
243,0.00856011381035662,0.013044058403008138,,False,0.9502962144793654,0.9419653527083705,0.918695388818445,0.9277147928814209,0.921285140562249,0.9039109975373777,0.8772656427133695,0.8860276768516653
244,0.008536060527828607,0.013038682421793514,,False,0.9505974495431269,0.9428256680877687,0.9189676544557384,0.9281722072404577,0.921285140562249,0.906232961337255,0.8772419085244931,0.8865891195898827
245,0.008518266150037371,0.013019691184538187,,False,0.9503966261672858,0.9420985653945197,0.9187788862110104,0.9278079123798411,0.9224899598393574,0.9058722566466049,0.880059292810675,0.8887983663097286
246,0.008501148132338604,0.013000024228569855,,False,0.9501958027914449,0.942484382412904,0.9185941717293145,0.9278035988391873,0.9220883534136546,0.9070379796816267,0.8780029435321034,0.8873375301679691
247,0.008476872487460811,0.013005285849644159,,False,0.9509990962948087,0.9432068083543115,0.919342085366887,0.9285514116119526,0.9216867469879518,0.9074118475324533,0.8792995216932175,0.888623138549781
248,0.008461968366068927,0.013005124268814582,,False,0.9510995079827292,0.943305256163245,0.9194449236759235,0.9286595102151719,0.9208835341365462,0.9043132252906135,0.8785627527238246,0.8873199529401233
249,0.008438831392631675,0.012980037259355424,,False,0.9511999196706497,0.9435412177785104,0.9203803131497883,0.929409171207505,0.921285140562249,0.907024361213057,0.8789636580275703,0.8882791116305824
250,0.008418530656204733,0.012971145693948472,,False,0.9511999196706497,0.9437042108009748,0.9212039591425525,0.9300652133817882,0.9224899598393574,0.9081666822617499,0.8800536188329039,0.8893463811312681
251,0.008402427536343987,0.012957234852178062,,False,0.9515011547344111,0.9440945261338533,0.9218991565026866,0.9306740695306108,0.9228915662650602,0.9085595428223274,0.8804155442762626,0.8897226472286065
252,0.008377754474030602,0.01293977927619543,,False,0.9516015664223315,0.943920106058033,0.9207394768397497,0.9297816799841269,0.9228915662650602,0.908529065272063,0.8804346681860503,0.8897329707645714
253,0.008357876708339327,0.012933832853516711,,False,0.9521036248619339,0.944529222862294,0.9220327103834463,0.9309012170866819,0.9220883534136546,0.9054869558098255,0.8796787753068698,0.8884267486048479
254,0.008340274223155657,0.01291721112561181,,False,0.9516015664223315,0.9440211239542605,0.9211471948869251,0.930113692768394,0.923293172690763,0.9088678360195197,0.8807896557614852,0.8900783120111595
255,0.008325087802865191,0.012911982167118087,,False,0.9525052716136159,0.9451218415296156,0.9236788525580553,0.9322643420127695,0.9208835341365462,0.9043222334256646,0.8786004686940587,0.8873408193996172
256,0.008301734319814607,0.012901816991329128,,False,0.9522040365498544,0.9447886417382318,0.9229634052420348,0.9316504189749453,0.9228915662650602,0.9062482606922431,0.8804142803861098,0.8891547385924292
257,0.00828285993888518,0.012894168630611947,,False,0.9527060949894568,0.9457768309677643,0.923432847986947,0.9322986554555022,0.9220883534136546,0.905431413308976,0.879671837438946,0.8883951916334829
258,0.00826646212384281,0.012892712871470927,,False,0.9525052716136159,0.9450983031668613,0.9232361549378163,0.9319387968131461,0.9224899598393574,0.9058242738695537,0.8800337628823046,0.8887714577308212
259,0.008246093587189399,0.012874188619776477,,False,0.9530073300532182,0.9450658090247414,0.9241262866527359,0.9325441513009467,0.9216867469879518,0.9050577810159983,0.8793168498635111,0.8880393943172381
260,0.00822741325384238,0.01286253718513639,,False,0.9529069183652977,0.9454224880368225,0.9236160125769839,0.9323003109557038,0.9228915662650602,0.9062482606922431,0.8804142803861098,0.8891547385924292
261,0.008210252807319594,0.012842708892230985,,False,0.9523044482377748,0.9445349747599864,0.923895780398091,0.932219595932398,0.9224899598393574,0.9058181668334839,0.8800523549427511,0.8887674414589785
262,0.008192421102454064,0.012843839771390267,,False,0.9531077417411387,0.9457638418960177,0.9246456817718696,0.9331430758722118,0.921285140562249,0.9046863115445843,0.8789618622880763,0.8876835799268473
263,0.008171703966511987,0.012833593991794073,,False,0.9529069183652977,0.9450604984912666,0.9244560044877268,0.9327765592143797,0.9220883534136546,0.905431413308976,0.879671837438946,0.8883951916334829
264,0.008155126331676551,0.012820928869017516,,False,0.9533085651169796,0.9454923152755383,0.9252485440680019,0.9334625784732725,0.9228915662650602,0.9061409870361964,0.8804277303181265,0.8891036110460556
265,0.008136388808632584,0.012821948981617363,,False,0.9535093884928205,0.9462052691787114,0.9254322229320936,0.9338259322623124,0.9224899598393574,0.9057501474076494,0.8800472128143214,0.8887456203603235
266,0.008118055200470639,0.012808563874948308,,False,0.953609800180741,0.9457762066388872,0.9255260667759375,0.9337439135253072,0.9220883534136546,0.905397197420892,0.879671837438946,0.8883819330367603
267,0.008100845818745022,0.0127973457817534,,False,0.9532081534290592,0.9449900583002319,0.9255734407095273,0.9335193422460605,0.9228915662650602,0.9061932852264003,0.8804277303181265,0.8891284009504109
268,0.008082220414823588,0.012794205828088222,,False,0.9534089768049001,0.9461403039899001,0.9253388522504876,0.9337435135979713,0.9224899598393574,0.9057501474076494,0.8800472128143214,0.8887456203603235
269,0.00806450604791504,0.012792122045109069,,False,0.953810623556582,0.946133265395982,0.9265500539192542,0.9345702436309656,0.9224899598393574,0.9057350825156271,0.8800472128143214,0.8887318614920804
270,0.008048495816341697,0.012766479108339314,,False,0.9534089768049001,0.9462875686151331,0.9261786089705968,0.9343795020500522,0.9228915662650602,0.9061409870361964,0.8804277303181265,0.8891036110460556
271,0.008030513758254842,0.012784569260390951,,False,0.9540114469324229,0.9463221239101178,0.9267361653264723,0.9347632492857492,0.9224899598393574,0.9057350825156271,0.8800472128143214,0.8887318614920804
272,0.008014300902661522,0.012762111306015976,,False,0.9540114469324229,0.9463072230090874,0.9267392278255926,0.9347591247849016,0.9224899598393574,0.9057167018791384,0.8800581434485166,0.8887254006590599
273,0.007994759144253813,0.012745391069570716,,False,0.9539110352445025,0.946235166658159,0.9266453839817488,0.934674264905492,0.9224899598393574,0.9057350825156271,0.8800472128143214,0.8887318614920804
274,0.00798155764353421,0.012738703447764491,,False,0.9540114469324229,0.946304468685224,0.9267387546633548,0.9347603573989738,0.9228915662650602,0.9060974355734144,0.8804379373939946,0.889133123810701
275,0.007961369760257776,0.012738559476754183,,False,0.9540114469324229,0.9463249624999543,0.9267324963626743,0.9347546267823472,0.9224899598393574,0.9057668651538103,0.8800472128143214,0.8887417783158433
276,0.007956946947631393,0.012759003856012939,,False,0.9543126819961844,0.9464986887843572,0.9266033355495534,0.9347231786550042,0.9220883534136546,0.905339625252258,0.8796858192203039,0.8883760164978082
277,0.007929184654469297,0.012727415413065189,,False,0.9541118586203434,0.9465055257162364,0.9272439775736557,0.9351696293694379,0.9236947791164659,0.9069632793513814,0.8811260512764735,0.8898754477239486
278,0.007911304230722326,0.012711553490174277,,False,0.9544130936841049,0.9467534013742268,0.9275319251297481,0.9354461904755141,0.9220883534136546,0.905395580329336,0.8796922252388865,0.8883865530424964
279,0.007894261081826419,0.012695704244697,,False,0.9543126819961844,0.9466614140972565,0.9274338598328659,0.935347349435461,0.923293172690763,0.9065254441515282,0.8807819943352341,0.8894882686829211
280,0.007877877481781792,0.012691412154373687,,False,0.9540114469324229,0.9464134278520291,0.9271526428095673,0.9350813908792566,0.9236947791164659,0.9068444217388806,0.8811548504127882,0.8898516243809032
281,0.007866614416896636,0.012682477304864277,,False,0.9543126819961844,0.9466097101043497,0.9270161989744123,0.9350526643923379,0.9244979919678715,0.9075836761088064,0.8819087558434886,0.8906344321560355
282,0.007846048915026113,0.012685688377750843,,False,0.9545135053720253,0.9468646230931653,0.9276206011960778,0.9355463218138129,0.9248995983935743,0.9086715815030657,0.883960695034442,0.8925618125660262
283,0.007827654252673245,0.012672936341964645,,False,0.9545135053720253,0.9468861731669441,0.9276179334623175,0.9355498835075774,0.9248995983935743,0.9087073325409061,0.8839472451024252,0.8925758116231148
284,0.007811950730948152,0.012661883661745735,,False,0.9546139170599458,0.9469479857035495,0.9277191396551979,0.9356377276559559,0.9248995983935743,0.9086541452337349,0.8839798189442296,0.8925773088251776
285,0.007794562242060341,0.012661524570988894,,False,0.9552163871874686,0.9477354119877803,0.9295253992545134,0.9371219276148454,0.9244979919678715,0.9083349487215434,0.8835935129346587,0.8922175797206011
286,0.007778664787276588,0.01265105876818844,,False,0.9551159754995482,0.9465952441508912,0.9290133664844161,0.9363740455161802,0.9244979919678715,0.908351391119167,0.8835756444325396,0.8921990677196963
287,0.007764961680471368,0.012632563706286957,,False,0.9548147404357867,0.9473610107924768,0.9291687485261659,0.9367549205448596,0.9248995983935743,0.9086715815030657,0.883960695034442,0.8925618125660262
288,0.007746987728618578,0.012629586646472901,,False,0.9553167988753891,0.9468286314941466,0.9296193224253597,0.9368532052655348,0.9244979919678715,0.908351391119167,0.8835756444325396,0.8921990677196963
289,0.007732717571197518,0.01261904046946318,,False,0.9548147404357867,0.9467523324324085,0.9283250632301849,0.9359768140461855,0.9248995983935743,0.9087043162236748,0.8839485005100935,0.8925729120321608
290,0.0077177365539497274,0.01261543969598002,,False,0.9551159754995482,0.9469868644557143,0.9285999515004415,0.9362364873586836,0.9248995983935743,0.9087043162236748,0.8839485005100935,0.8925729120321608
291,0.007700647918287173,0.01260725157880776,,False,0.9553167988753891,0.947309351737248,0.9296308180257912,0.9370321663795119,0.9248995983935743,0.908682517080805,0.8839688883100342,0.8925834897736011
292,0.007686427681772095,0.012622666330849979,,False,0.95551762225123,0.9470357558720015,0.9298045794301699,0.9370434908359974,0.9253012048192771,0.9090872127095301,0.88430600738335,0.892925972992964
293,0.007669537591627636,0.012600609235654385,,False,0.955718445627071,0.9472973668711572,0.9304148040753386,0.9375368396819618,0.9253012048192771,0.9090518845829365,0.884323875885469,0.8929388220851612
294,0.007653559324709139,0.01258363977565223,,False,0.955718445627071,0.94727527535952,0.9304136990968581,0.9375315165448396,0.9253012048192771,0.9090518845829365,0.884323875885469,0.8929388220851612
295,0.007641443014448105,0.01258457290650297,,False,0.955718445627071,0.9467792094965031,0.9304293377534503,0.9373638204872154,0.9248995983935743,0.9086525391426513,0.883981074351898,0.8925735326077662
296,0.007622977133096437,0.012554907369017813,,False,0.955718445627071,0.9473655246209345,0.930840637492905,0.9378438142029789,0.9253012048192771,0.9090518845829365,0.884323875885469,0.8929388220851612
297,0.007609124127440074,0.012540107952541214,,False,0.9560196806908324,0.9476252706412751,0.9311250975689506,0.938119084778053,0.9248995983935743,0.9087043162236748,0.8839485005100935,0.8925729120321608
298,0.007595599941260233,0.012552649098299425,,False,0.9559192690029119,0.9475544362610849,0.9310305496607589,0.938028714197363,0.9248995983935743,0.9066595764905282,0.8839357826188885,0.8919885462451546
299,0.007576733654836376,0.012545916028633634,,False,0.9560196806908324,0.9466730696297293,0.9311223367144428,0.9377641927614841,0.9257028112449799,0.9094411550319913,0.884678863460904,0.8933004403311288
300,0.00756516272461779,0.01254033411841515,,False,0.9560196806908324,0.9466832826696715,0.9311276127974788,0.9377625341864688,0.9257028112449799,0.9073564288308523,0.8846852694794864,0.8927261547100641
301,0.007547298137591585,0.01254483615150547,,False,0.9565217391304348,0.9471464323723278,0.9315850489265611,0.9382361459370387,0.9257028112449799,0.9094411550319913,0.884678863460904,0.8933004403311288
302,0.007532143287214546,0.012520557107094437,,False,0.9567225625062757,0.9482800748729817,0.9317709734409814,0.9387682482499804,0.9253012048192771,0.9090935866727295,0.8843034880855285,0.8929345302781287
303,0.007517661782212745,0.012516557799896957,,False,0.9565217391304348,0.9481045583798112,0.9315873729737674,0.9385858577819843,0.9248995983935743,0.9066282868089593,0.8839293766003059,0.8919883488349023
304,0.007502990052422801,0.012500118480130842,,False,0.9567225625062757,0.949258134102069,0.931766751987943,0.939121270964774,0.9253012048192771,0.9069758551682211,0.8843047519756814,0.8923542588879025
305,0.007488982726422841,0.012497445457180744,,False,0.9568229741941962,0.9483590970602891,0.9318583639752036,0.9388539984127809,0.9253012048192771,0.906981279761661,0.8843034880855285,0.8923597259236823
306,0.007477309878446868,0.012479012936004664,,False,0.9571242092579576,0.9500286385608143,0.9317202880238925,0.9393632817128488,0.9261044176706827,0.9097829851719141,0.8850720988559142,0.8936866441686602
307,0.007463453061488309,0.01249055127577732,,False,0.9573250326337985,0.948817957134788,0.9323283592093561,0.9393244245986992,0.9261044176706827,0.9097829851719141,0.8850720988559142,0.8936866441686602
308,0.007452214613596849,0.01249618387388881,,False,0.9573250326337985,0.9498185676616716,0.9323212750136162,0.9396926933867056,0.9261044176706827,0.9097938917796452,0.8850529749461266,0.8936711119470753
309,0.007432954685531082,0.0124756637159194,,False,0.9569233858821167,0.9480470818524035,0.9323823130307564,0.9390750721299325,0.9253012048192771,0.9050092073102662,0.8843220801459749,0.8918079195288343
310,0.00742683976101062,0.012470306603404988,,False,0.9571242092579576,0.9487284968586192,0.9325529465641184,0.939428661251191,0.9261044176706827,0.9078098064481063,0.885052337051275,0.8931105446700243
311,0.0074052234172350805,0.012464795669798386,,False,0.957425444321719,0.9499610862521686,0.9328350565119329,0.940074080064364,0.9253012048192771,0.906981279761661,0.8843034880855285,0.8923597259236823
312,0.007388849398473445,0.012440712950147306,,False,0.95762626769756,0.9501334032891412,0.933020068159319,0.9402504975570071,0.9253012048192771,0.9050194440109719,0.8843034880855285,0.8918124229056682
313,0.007374013665894064,0.012440224782284383,,False,0.95762626769756,0.9482106240218191,0.9330289392881972,0.9395414121718471,0.9257028112449799,0.9053670123702339,0.884678863460904,0.8921783329586686
314,0.007359234231063339,0.012452069352156241,,False,0.957425444321719,0.9480494104596348,0.9328392147528677,0.9393616276063494,0.9257028112449799,0.9053670123702339,0.884678863460904,0.8921783329586686
315,0.0073445088836244145,0.0124335829296155,,False,0.95762626769756,0.9486744833815433,0.9330245921870942,0.9397150555457993,0.9257028112449799,0.9053670123702339,0.884678863460904,0.8921783329586686
316,0.007332211703809947,0.012421500661446691,,False,0.9577266793854805,0.9502129625315617,0.9331108687068345,0.9403379456141648,0.9261044176706827,0.9076835434450405,0.8850529749461266,0.8930968206945702
317,0.007316456603289053,0.012421991389091506,,False,0.9578270910734009,0.948933342150709,0.9336304688010354,0.9401966192374087,0.9257028112449799,0.9053670123702339,0.884678863460904,0.8921783329586686
318,0.007306504171679171,0.012411949008152363,,False,0.9579275027613214,0.9505307591481039,0.9341367713382522,0.9411211123689005,0.9257028112449799,0.9053741393350899,0.8846775995707511,0.8921836076235561
319,0.00728966915922498,0.012406649322840748,,False,0.9579275027613214,0.9495667407107269,0.9341463764401223,0.9407672890781197,0.9257028112449799,0.9053670123702339,0.884678863460904,0.8921783329586686
320,0.007276481502017352,0.01241188640426133,,False,0.9582287378250829,0.9494050131466102,0.9344226145460751,0.9408819225835815,0.9257028112449799,0.905385137939515,0.884678863460904,0.8921869690057904
321,0.007264286128368151,0.012393977050768569,,False,0.9580279144492418,0.9492716255221841,0.9346606410668028,0.9409810632829756,0.9261044176706827,0.9057764182042565,0.8850593809647092,0.8925567806414078
322,0.007251257160011197,0.012395497517097507,,False,0.9586303845767647,0.9498221163629079,0.9352157056854661,0.9415368040832328,0.9257028112449799,0.9053515927040624,0.8846979873706916,0.8921984304786975
323,0.0072370711103761165,0.012366529671631009,,False,0.9583291495130033,0.9499967547992897,0.9349420386437282,0.9414325521863476,0.9261044176706827,0.9056803699506997,0.8850529749461266,0.892538334072182
324,0.00722353546590026,0.01235464550554854,,False,0.9582287378250829,0.9503832056822455,0.9348442415340167,0.9415185481443417,0.9265060240963855,0.9061086657770123,0.8854213064080678,0.8929151659809637
325,0.007208576481257174,0.012356691849852471,,False,0.9584295612009238,0.9501181823809812,0.9350283151634685,0.9415323006272914,0.9253012048192771,0.9049761293864031,0.8843034880855285,0.8918007237714254
326,0.007198825803372923,0.012346853733305208,,False,0.9583291495130033,0.9500938828114818,0.9353553652646992,0.9417314319675358,0.9261044176706827,0.9057620696241288,0.8850459310326924,0.8925492018525863
327,0.007181582310434217,0.01234580827843324,,False,0.9585299728888442,0.9516482923952202,0.9351222383343146,0.9421632936541582,0.9257028112449799,0.9053492637203046,0.884678863460904,0.8921720309379862
328,0.0071733213668985244,0.012354458749109527,,False,0.9584295612009238,0.9497277298726267,0.9354541086988863,0.9416477187746448,0.9265060240963855,0.9061539389780451,0.8854213064080678,0.8929273782171481
329,0.007154287206547267,0.012347272154776722,,False,0.9588312079526057,0.9501667448011408,0.9362432886143512,0.9423160934425615,0.9261044176706827,0.9057378746871689,0.8850529749461266,0.8925576406217366
330,0.00714023770814033,0.012331482787355632,,False,0.9587307962646852,0.9509340114206848,0.9357281149482559,0.942282225015329,0.9261044176706827,0.9056945600626002,0.8850529749461266,0.8925459414874938
331,0.007130757332779604,0.012344422004174712,,False,0.9585299728888442,0.9503640854409043,0.9359605872326511,0.9422137565181732,0.9261044176706827,0.9057696769243946,0.8850407889042626,0.892554263597271
332,0.007115375389832893,0.012339739986562669,,False,0.9590320313284466,0.9508017925163998,0.9364317102750306,0.9426746751226663,0.9257028112449799,0.9053398647384822,0.884678863460904,0.8921747567696059
333,0.007103663527604306,0.012310594462397427,,False,0.9589316196405262,0.9511062174520875,0.9359187684655185,0.9424641176440373,0.9257028112449799,0.9053492637203046,0.884678863460904,0.8921720309379862
334,0.007089713335509854,0.012309833088868578,,False,0.9589316196405262,0.9510955566553864,0.9359206055567417,0.9424570645369733,0.9253012048192771,0.9049900880588234,0.8843034880855285,0.8918082691209374
335,0.007075585450407544,0.01232130951041557,,False,0.9593332663922081,0.9520246967982617,0.9367062970620353,0.943312767738183,0.9257028112449799,0.905385137939515,0.884678863460904,0.8921869690057904
336,0.007063403537052869,0.01230967569889352,,False,0.9592328547042875,0.9513949475683354,0.9361925055975928,0.9427506159473086,0.9261044176706827,0.9056945600626002,0.8850529749461266,0.8925459414874938
337,0.0070514238685483056,0.012301012951308388,,False,0.9596345014559695,0.9522973995536892,0.9369870829556343,0.943595874945798,0.9261044176706827,0.9056945600626002,0.8850529749461266,0.8925459414874938
338,0.0070370951054713965,0.012287371741540265,,False,0.9596345014559695,0.9523015149217936,0.9369844936187521,0.9435950193334759,0.9253012048192771,0.9049784136210719,0.8843226119953163,0.8918245685764599
339,0.007024574667079557,0.01229160953227972,,False,0.9596345014559695,0.9522933446919488,0.9369844936187521,0.9435914020681874,0.9257028112449799,0.9053281903007309,0.8846979873706916,0.8921910562251286
340,0.007015173281685693,0.012288567427149484,,False,0.9593332663922081,0.951560448994983,0.936704616764568,0.9431373214990566,0.9253012048192771,0.9049784136210719,0.8843226119953163,0.8918245685764599
341,0.007000038942162464,0.012279223234569661,,False,0.9593332663922081,0.9519653705558456,0.9362857978823208,0.9430224479915221,0.9257028112449799,0.9053628716676414,0.8846654135288872,0.8921777153260718
342,0.0069886331582960995,0.012273744704237527,,False,0.9597349131438899,0.9527962799335248,0.936659045418111,0.9435697179460055,0.9253012048192771,0.9049784136210719,0.8843226119953163,0.8918245685764599
343,0.0069732981619680815,0.012250184853781503,,False,0.9597349131438899,0.9528040178341333,0.9366563776843506,0.9435700574738262,0.9261044176706827,0.9056945600626002,0.8850529749461266,0.8925459414874938
344,0.006963977103650421,0.012252867616504659,,False,0.9598353248318104,0.9528860210816613,0.9367497483659566,0.9436587311289656,0.9253012048192771,0.9049784136210719,0.8843226119953163,0.8918245685764599
345,0.006949374654446261,0.012260125277403701,,False,0.9599357365197309,0.9531195826329834,0.9376828328050087,0.9443415633052309,0.9265060240963855,0.9060854648207637,0.8853957764796974,0.892899544899923
346,0.00693848168267447,0.012253091173565626,,False,0.9596345014559695,0.9523705703862486,0.9374022466678286,0.94387942042119,0.9265060240963855,0.9060679120961753,0.8853957764796974,0.8928838404548998
347,0.006924334723954212,0.01222126655152444,,False,0.9599357365197309,0.9539705775385722,0.9368471889254936,0.9441167756366061,0.9261044176706827,0.9056701964168814,0.8850504556483051,0.8925304477358237
348,0.006911680224226848,0.012233417229404823,,False,0.9599357365197309,0.953106927097049,0.9376796909788863,0.9443344009904927,0.9261044176706827,0.9057165245022547,0.8850395250141099,0.8925489660467859
349,0.006899087809272668,0.012225223086775674,,False,0.9602369715834923,0.9543012675561278,0.9375407059881604,0.9446844206089963,0.9265060240963855,0.9060698336948805,0.8853945125895447,0.8928887041951141
350,0.006890482860257571,0.012231252381071782,,False,0.9599357365197309,0.9540149012222265,0.9372565302141843,0.9443923472302372,0.9261044176706827,0.9057181354165166,0.8850204011043221,0.892517352806231
351,0.006874061115266783,0.01221924942784458,,False,0.9605382066472538,0.9540741425788877,0.9378185559608284,0.9447785331314437,0.9261044176706827,0.90569575139151,0.885032587146186,0.8925186185199725
352,0.0068618908264877175,0.012203746716737003,,False,0.9605382066472538,0.9540810708229104,0.9378187457511213,0.9447834184500637,0.9269076305220884,0.906411890886927,0.8857673686670987,0.893255437252952
353,0.006850687873981946,0.012215399756157102,,False,0.9608394417110152,0.9538608169370735,0.938094872463659,0.9448706813371024,0.9257028112449799,0.9053272306583531,0.8846775995707511,0.8921637493938017
354,0.006838477012083562,0.012183269405391904,,False,0.9606386183351742,0.9536734200093865,0.9379139535239506,0.9446870641824265,0.9269076305220884,0.906411890886927,0.8857673686670987,0.893255437252952
355,0.006826655461004451,0.012185692210971525,,False,0.9605382066472538,0.952200996986417,0.9378191997105674,0.9440670478588538,0.9269076305220884,0.9064294436115152,0.8857673686670987,0.8932711416979754
356,0.0068220797154228754,0.012181576718594574,,False,0.9611406767747765,0.9551234101783405,0.9383774845522309,0.945517659228519,0.9261044176706827,0.905665101538162,0.885069579558093,0.8925469426621437
357,0.006804017498928897,0.012188166356543875,,False,0.9613415001506175,0.9538306438088586,0.9385539856315521,0.9451462196860133,0.9269076305220884,0.9045806460040922,0.885778299301294,0.892718043418224
358,0.006790028883924475,0.012179119048010856,,False,0.9611406767747765,0.9537164903209443,0.9387943394581428,0.9452520873107092,0.9269076305220884,0.9064147917568337,0.8857564380329033,0.8932474507671887
359,0.0067777253044641285,0.012161838309601894,,False,0.9610402650868561,0.954067512588659,0.9382857941680923,0.9450645008983065,0.9269076305220884,0.9064147917568337,0.8857564380329033,0.8932474507671887
360,0.006768250324806881,0.012164988523975833,,False,0.9610402650868561,0.9536260832317301,0.9386899463383431,0.945151665461757,0.9261044176706827,0.903871069945684,0.885032587146186,0.8919826106997617
361,0.0067554165663282345,0.01217189294419765,,False,0.9616427352143789,0.9543313718178885,0.9400938224278791,0.9463066493624753,0.9261044176706827,0.903871069945684,0.885032587146186,0.8919826106997617
362,0.006743001502003587,0.012145737656285422,,False,0.961441911838538,0.9544802193268406,0.939063429064767,0.9457124030100095,0.9265060240963855,0.9042131271377305,0.88540544322374,0.8923493437575996
363,0.006734365677292991,0.012139236173387486,,False,0.9612410884626971,0.9534112517953649,0.9392886282932541,0.9454442091328001,0.9265060240963855,0.9042387511373227,0.88540544322374,0.8923519976818906
364,0.006720809277293091,0.012131707467187426,,False,0.961441911838538,0.9550790066272088,0.939891442408075,0.9464633648548939,0.9265060240963855,0.904216227529284,0.8853945125895447,0.8923420183134285
365,0.0067091136727402455,0.012109262111682931,,False,0.9617431469022995,0.9557466002769751,0.939359652928415,0.9463757868823292,0.927710843373494,0.9090791491006378,0.8864912195538159,0.894534811698287
366,0.006695993004432922,0.012126663167798759,,False,0.9621447936539813,0.9557887785142094,0.9409792595275223,0.9474203018649736,0.9265060240963855,0.9042131271377305,0.88540544322374,0.8923493437575996
367,0.006686300412152999,0.012120694307141836,,False,0.9619439702781404,0.9551454330351391,0.9407722632893198,0.9470427556060739,0.9265060240963855,0.904216227529284,0.8853945125895447,0.8923420183134285
368,0.006677070522208579,0.01211239131370422,,False,0.9616427352143789,0.9557801028317583,0.9400734891560106,0.9468449803136494,0.927710843373494,0.9071328995175195,0.8864912195538159,0.8939835270717362
369,0.00666145649151459,0.012109423862479918,,False,0.9621447936539813,0.955789268111465,0.9409751164713618,0.9474160264873013,0.9261044176706827,0.903871069945684,0.885032587146186,0.8919826106997617
370,0.006650936093051854,0.012106057593194238,,False,0.9620443819660609,0.955697542750472,0.9408703285862021,0.9473156097336864,0.9269076305220884,0.9045859814651488,0.8857673686670987,0.8927175581066985
371,0.00663939494905613,0.012096476474179751,,False,0.9620443819660609,0.9561339933152948,0.9404563611129871,0.9472206610560501,0.9269076305220884,0.9045582847213305,0.8857673686670987,0.8927087513712664
372,0.0066286490603009954,0.012102971374785264,,False,0.9623456170298222,0.9554991263269742,0.9411441912049807,0.9474096689611107,0.9269076305220884,0.9045582847213305,0.8857673686670987,0.8927087513712664
373,0.006617775844996802,0.012083225909266181,,False,0.9626468520935837,0.9562464969128389,0.9414260176352881,0.9478712594002077,0.9273092369477912,0.9049247497170406,0.8861402247446528,0.89307750722856
374,0.006605907286000008,0.012083104779301145,,False,0.9623456170298222,0.9564663580055756,0.9411441128081027,0.9477821599284394,0.9269076305220884,0.9045582847213305,0.8857673686670987,0.8927087513712664
375,0.006595129388823818,0.012091149043403734,,False,0.9625464404056632,0.9561588119681801,0.9413370252004764,0.9477837460577736,0.9269076305220884,0.9045582847213305,0.8857673686670987,0.8927087513712664
376,0.006585679559686004,0.012069480071772604,,False,0.9625464404056632,0.9566509415719145,0.9413231452382296,0.9479620792923288,0.927710843373494,0.9071328995175195,0.8864912195538159,0.8939835270717362
377,0.006576004229503484,0.012068901936484992,,False,0.9626468520935837,0.9572002580822401,0.9410075123405525,0.947969682099569,0.9273092369477912,0.9087394653481233,0.8861183634762619,0.8941798836616953
378,0.0065644119034784535,0.012076414536080991,,False,0.9629480871573451,0.9570246680042429,0.9416854016428776,0.9483330179752257,0.927710843373494,0.9090791491006378,0.8864912195538159,0.894534811698287
379,0.006551408444165618,0.012070001391405792,,False,0.9631489105331861,0.9571989955803297,0.9418726161683275,0.9485158537751334,0.9273092369477912,0.9067568489488802,0.8861292941104575,0.8936141838250268
380,0.006540534145618937,0.012068213395418734,,False,0.9629480871573451,0.9570113079480193,0.9416900962581539,0.9483306893798681,0.9269076305220884,0.9045582847213305,0.8857673686670987,0.8927087513712664
381,0.006529210237970034,0.012063858403764565,,False,0.9631489105331861,0.9567721136556544,0.942295972872095,0.9486194591004575,0.9269076305220884,0.9045582847213305,0.8857673686670987,0.8927087513712664
382,0.006518422978718939,0.012044783435054957,,False,0.9632493222211065,0.9573536884191763,0.9423892651568231,0.9489037390705312,0.9281124497991968,0.9094345550922154,0.8868653310390386,0.8949064904603381
383,0.006508475125370697,0.01204586286643255,,False,0.963349733909027,0.9565004501143104,0.9424779412231528,0.948626970997206,0.927710843373494,0.9052801557086182,0.8865143362298753,0.8934491859906113
384,0.006497404628581639,0.012034051023025965,,False,0.963349733909027,0.9569556410867742,0.9424862316239976,0.9488055677769913,0.927710843373494,0.9052801557086182,0.8865143362298753,0.8934491859906113
385,0.0064857445481347215,0.012032186716958363,,False,0.9634501455969475,0.9570420327783375,0.9425749076903274,0.9488913841645162,0.9273092369477912,0.9049247497170406,0.8861402247446528,0.89307750722856
386,0.006475851795812199,0.012034019717820381,,False,0.9636509689727885,0.9572283245662301,0.942756876041385,0.9490758263715465,0.9273092369477912,0.9049247497170406,0.8861402247446528,0.89307750722856
387,0.0064655276724082545,0.012037332256542431,,False,0.963349733909027,0.9574247353666211,0.942479778314376,0.9489821338040552,0.9281124497991968,0.907477672447522,0.886876261673234,0.8943546733647456
388,0.006455732646945756,0.01202407211667184,,False,0.963349733909027,0.957436792100522,0.9424844729296523,0.9489920025709032,0.9285140562248996,0.9097900969368339,0.8872573110263804,0.8952911813395057
389,0.006444607742744911,0.012014197746181206,,False,0.9635505572848679,0.9566651311866463,0.9426728161934537,0.9488090660389449,0.9281124497991968,0.9056373252972032,0.8868884477150979,0.8938206833250383
390,0.006433105125184849,0.012010863321053713,,False,0.963349733909027,0.9574317329803037,0.9424862316239976,0.9489899294883853,0.9285140562248996,0.9097989314354477,0.8872381871165927,0.895275354893766
391,0.006423618926504073,0.01199423821367334,,False,0.9636509689727885,0.9577216464703717,0.9427614922597835,0.9492739582316942,0.9285140562248996,0.9098170370607883,0.8872381871165927,0.8952883380359311
392,0.006413171829581246,0.011994364082079243,,False,0.9637513806607089,0.957872555828804,0.9432735250298807,0.9496530451078196,0.9285140562248996,0.9097917246808004,0.8872394425242612,0.8952779877947652
393,0.006401913129674799,0.011997376569815926,,False,0.9639522040365499,0.9580474332118522,0.9434561242670565,0.9498295053406363,0.9285140562248996,0.9097989314354477,0.8872381871165927,0.895275354893766
394,0.006393688897145638,0.011995572697476836,,False,0.9641530274123908,0.9582420077758625,0.9436381710149921,0.9500174160881366,0.9285140562248996,0.9097989314354477,0.8872381871165927,0.895275354893766
395,0.006382250514248889,0.011988270496901914,,False,0.9641530274123908,0.9582420077758625,0.9436381710149921,0.9500174160881366,0.927710843373494,0.9090905143630871,0.8864924749614844,0.8945392401368407
396,0.006372524429153081,0.011991840452362845,,False,0.9638517923486294,0.9574788223423192,0.9433721428160031,0.9495587379064641,0.9285140562248996,0.907834842036107,0.8872503731584566,0.8947261706991725
397,0.006362352889750006,0.0119808919085677,,False,0.9639522040365499,0.9580401073824647,0.9434514296517802,0.9498205474992477,0.9289156626506024,0.9102421771798406,0.8876251106389805,0.8956562598470119
398,0.006351578481709528,0.01196077914466109,,False,0.9638517923486294,0.9579496901238874,0.9433627535854505,0.9497326058694026,0.9285140562248996,0.909856840530913,0.8872445931351753,0.895283184230051
399,0.006342538531506109,0.01197677029051297,,False,0.9643538507882318,0.9584265029770569,0.943825385540442,0.9502009869184737,0.927710843373494,0.9091721323661032,0.8864949942593059,0.894557053721496
400,0.006331955472285933,0.011977938026992192,,False,0.9643538507882318,0.9584291122300971,0.943825385540442,0.9502039320360718,0.9285140562248996,0.9097989314354477,0.8872381871165927,0.895275354893766
401,0.0063212358808248815,0.01198076725058367,,False,0.9643538507882318,0.9584255711105022,0.943825385540442,0.9502008670998511,0.9285140562248996,0.9098512563563556,0.8872407064144139,0.8952794098852311
402,0.006309846675595276,0.01195230135816286,,False,0.9641530274123908,0.9582380138347575,0.9436428656302684,0.95001699947968,0.9289156626506024,0.9102561749966716,0.8876212239182191,0.895666791349184
403,0.0063009014137924094,0.01197274493472648,,False,0.9643538507882318,0.9584238220994812,0.943825385540442,0.9502013640707523,0.9293172690763052,0.9105716479750912,0.8879876739771907,0.8960198173295149
404,0.006289747689732162,0.011936279367638324,,False,0.9641530274123908,0.9582245881844094,0.9436385657803521,0.9500070855399907,0.9293172690763052,0.9105941795782199,0.8879940799957732,0.8960240153744409
405,0.006279977975777003,0.01193806942952855,,False,0.9644542624761522,0.9585588111326212,0.9443263958723457,0.950567589101498,0.9289156626506024,0.9101810537132322,0.8876187046203978,0.8956485970830516
406,0.0062702313992030285,0.011935902181104885,,False,0.9643538507882318,0.9584539012525582,0.9442330251907397,0.9504673309693406,0.9289156626506024,0.9102398402120647,0.8876199685105506,0.8956522735354162
407,0.006266532893246673,0.011950427863655888,,False,0.9646550858519932,0.9582753315404547,0.9445272210813864,0.950582903123101,0.9285140562248996,0.9097978933350349,0.8872521688979507,0.895285003638469
408,0.006251408348749123,0.011932003888743475,,False,0.9644542624761522,0.9585588111326212,0.9443263958723457,0.950567589101498,0.9293172690763052,0.9113647517845599,0.8896763177891223,0.8975855484031823
409,0.0062404170071568,0.011920765163945449,,False,0.9647554975399136,0.958828971975576,0.9446064295202857,0.9508458885455541,0.9301204819277108,0.9121053181291173,0.8904258046497202,0.8983237730437159
410,0.006232047951748401,0.011909161130100283,,False,0.9643538507882318,0.9584762679685426,0.9442438908351777,0.9504845201209595,0.929718875502008,0.9117516297854215,0.8900516931644975,0.8979497608444496
411,0.006223312300849933,0.01191452157446853,,False,0.9643538507882318,0.9584787641102935,0.9442413014982952,0.9504819972638339,0.9289156626506024,0.911035733524414,0.889303461711568,0.8972189536442359
412,0.006212055440407705,0.01190777760961626,,False,0.9643538507882318,0.9584632059165634,0.9442330251907397,0.9504723031802441,0.929718875502008,0.9117516297854215,0.8900516931644975,0.8979497608444496
413,0.006202517101721464,0.011915897292335569,,False,0.9648559092278342,0.9589371588978884,0.9446998785987696,0.9509464575382434,0.929718875502008,0.9109216200577899,0.8883681914809958,0.8963868217235853
414,0.006193129282094911,0.011883641232739836,,False,0.9646550858519932,0.9586969250683174,0.944091807413306,0.9504713320284321,0.9289156626506024,0.9110619956882527,0.889303461711568,0.897236677754711
415,0.006181557815630372,0.011895137736959145,,False,0.9646550858519932,0.9587391964530882,0.9445131372355576,0.9507528383641846,0.929718875502008,0.9117516297854215,0.8900516931644975,0.8979497608444496
416,0.006172025236800605,0.011879839468984788,,False,0.9649563209157546,0.9590305615145375,0.944785886931339,0.9510311538901921,0.9289156626506024,0.9102333786341402,0.8876212239182191,0.8956526520745169
417,0.006163145769852375,0.011881877358727451,,False,0.9647554975399136,0.9588517834393573,0.9445991455681271,0.9508475088129392,0.9289156626506024,0.9110644167743237,0.889303461711568,0.897234224564644
418,0.006154017979420546,0.011868270188358841,,False,0.9647554975399136,0.9588358658620688,0.9445928961420874,0.9508384652323792,0.9289156626506024,0.911035733524414,0.889303461711568,0.8972189536442359
419,0.006145808012840298,0.011870029507204357,,False,0.9649563209157546,0.959028603241692,0.9447657575430528,0.9510160390608713,0.9289156626506024,0.9110644167743237,0.889303461711568,0.897234224564644
420,0.0061336895055457315,0.011886683705503751,,False,0.9649563209157546,0.9590189930729878,0.9447749428900232,0.9510182796404423,0.9289156626506024,0.9110506406679664,0.8893059810093895,0.8972192623973851
421,0.006125447250148148,0.01187717456975659,,False,0.965257555979516,0.9593149593542081,0.945065998976157,0.9513152025997438,0.9285140562248996,0.9106730137479097,0.8889241996154316,0.8968556204521695
422,0.006116437079971023,0.011861430862120407,,False,0.9650567326036751,0.9591157541914441,0.9448591282246588,0.951109071210115,0.9289156626506024,0.911033312438343,0.889303461711568,0.897221406834303
423,0.006105204265633332,0.011867272799542061,,False,0.9651571442915955,0.9592051016381716,0.9449634429475804,0.9512074405416391,0.9285140562248996,0.9106955453510381,0.888930605634014,0.8968598184970955
424,0.006096534504677069,0.011858840080395025,,False,0.965257555979516,0.9592976590663886,0.9450550549348411,0.9513023229625485,0.9285140562248996,0.9106696204554601,0.8889241996154316,0.8968581277176138
425,0.006086818438934356,0.011856686861355263,,False,0.9650567326036751,0.9595850805361434,0.9448700722659744,0.9512969291915384,0.9285140562248996,0.9106955453510381,0.888930605634014,0.8968598184970955
426,0.006077489513376233,0.011847424911562801,,False,0.9653579676674365,0.9598881200026095,0.9451501843107923,0.9515906372291529,0.9285140562248996,0.9107266496870188,0.888930605634014,0.8968726362274365
427,0.00606906501763233,0.011875633414501839,,False,0.9654583793553569,0.9595049252698976,0.9452441074816387,0.9514952909378722,0.9281124497991968,0.9103158441593244,0.8885500881302089,0.8964841231177425
428,0.00605864186132088,0.011851223458763218,,False,0.9654583793553569,0.9594888889541543,0.9452435549923983,0.9514900332715148,0.9285140562248996,0.9106730137479097,0.8889241996154316,0.8968556204521695
429,0.006049149569842698,0.011837346337746406,,False,0.9654583793553569,0.9595020412274801,0.9452435549923983,0.9514981171362198,0.9285140562248996,0.9106979664371091,0.888930605634014,0.8968573653070284
430,0.006040747353672476,0.011843104670118149,,False,0.9653579676674365,0.9598731484820409,0.9451501059139145,0.9515859233237998,0.9285140562248996,0.9106685183901817,0.8889254635055843,0.8968460202080993
431,0.006031428579810447,0.011839845759074276,,False,0.9653579676674365,0.9598751169306963,0.9451501843107923,0.9515825915153483,0.9289156626506024,0.9110256879787667,0.8892995749908069,0.8972175175425262
432,0.00602141827727324,0.011833990336017836,,False,0.9655587910432775,0.9595821457376706,0.9453368472771264,0.9515866278232432,0.9281124497991968,0.9103124508668751,0.8885500881302089,0.8964866303831869
433,0.006016491302955458,0.011839787758886297,,False,0.9660608494828798,0.9600456116054402,0.9458015070437585,0.9520482355029013,0.9289156626506024,0.9117589531711597,0.8909818127841557,0.898733773581463
434,0.006003947310035831,0.01182908365033944,,False,0.9658600261070388,0.9598752485254257,0.9456174334143067,0.9518710473753043,0.9289156626506024,0.9117589531711597,0.8909818127841557,0.898733773581463
435,0.0059972593874437,0.011824247758819954,,False,0.9657596144191184,0.9602294602809245,0.9455234318465826,0.951954076490863,0.9293172690763052,0.9121138846151164,0.8913571881595311,0.8990962184285066
436,0.005986533832610912,0.011816050590661207,,False,0.9658600261070388,0.9598451723805295,0.9456058584868727,0.9518557652615863,0.9293172690763052,0.9121434085825757,0.8913623302879609,0.8991045701800771
437,0.00597658540757043,0.011807771603278967,,False,0.9658600261070388,0.9603294364137623,0.9456093758755634,0.9520416114733283,0.9285140562248996,0.9106955453510381,0.888930605634014,0.8968598184970955
438,0.00596705326029402,0.0118104100820701,,False,0.9658600261070388,0.9603268426932059,0.9456058584868727,0.9520424300825374,0.9289156626506024,0.9117589531711597,0.8909818127841557,0.898733773581463
439,0.005958765817053995,0.011800426469755154,,False,0.9657596144191184,0.9602492851483915,0.9455160835908354,0.9519544436919052,0.9289156626506024,0.9117848780667378,0.8909882188027383,0.8987354643609446
440,0.005950641426607048,0.011794068639157851,,False,0.9656592027311979,0.9601691003397583,0.9454227913061073,0.9518652441337382,0.9293172690763052,0.9114615611141854,0.8896475186528077,0.8975902812851603
441,0.005941697073739509,0.011794781027011415,,False,0.9659604377949593,0.9604637234820057,0.9456964400751777,0.9521434056467695,0.9293172690763052,0.9114912509129898,0.8896475186528077,0.897605498358528
442,0.005932277171044427,0.011789395130760019,,False,0.9661612611708003,0.9606303908800987,0.9458892097670846,0.952325690430459,0.9293172690763052,0.9122047908949443,0.8913501442460969,0.8991245096408149
443,0.005923021525002765,0.011789972556418697,,False,0.9662616728587208,0.9607021617775628,0.9459819495625723,0.9524153599273375,0.9289156626506024,0.911794227410332,0.8909696267422917,0.8987366487981652
444,0.005916086647581592,0.01178048251741726,,False,0.9659604377949593,0.9604436065202834,0.9457075054760343,0.9521505073575695,0.9285140562248996,0.9107171962720181,0.888905607554985,0.8968717416564773
445,0.005905902296258741,0.011784315016813067,,False,0.9661612611708003,0.9606132070430586,0.9458885788809663,0.9523232215165629,0.9289156626506024,0.9118250897032306,0.8909696267422917,0.8987488142614622
446,0.0058974141856953585,0.011778944666025944,,False,0.9664624962345617,0.960440409440706,0.9461775981194582,0.9524291649772283,0.9293172690763052,0.9121569383811442,0.8913450021176672,0.8991120095459824
447,0.005888172556627007,0.011784487702149744,,False,0.9663620845466412,0.9608225217427024,0.9460732833965364,0.952513021930682,0.929718875502008,0.9125261882936867,0.8916999896931022,0.8994676066080017
448,0.005879463254327172,0.011782114540569818,,False,0.9663620845466412,0.9608205801492351,0.9460732833965364,0.9525151758225342,0.9293172690763052,0.9121952667779154,0.8913246143177267,0.8991043790591614
449,0.00587070251015539,0.011786293731453037,,False,0.9665629079224822,0.9610580712894033,0.9466786868482396,0.952982170863986,0.929718875502008,0.9124878576705056,0.8917203774930427,0.8994566409255957
450,0.005862290336549028,0.01177641809145664,,False,0.9666633196104026,0.9611303403168598,0.9467713482468495,0.9530701420593888,0.929718875502008,0.9125107041743734,0.8917203774930427,0.8994708151937798
451,0.005853897733854401,0.01176425955572952,,False,0.9666633196104026,0.9611294770018807,0.9467713482468495,0.9530705191948942,0.929718875502008,0.9125073108819239,0.8917203774930427,0.8994733224592242
452,0.005845047366183451,0.011747216159534097,,False,0.9666633196104026,0.9615650292637297,0.9463500184245981,0.9529745983968133,0.9293172690763052,0.9121569383811442,0.8913450021176672,0.8991120095459824
453,0.005836300007749383,0.011764228459149161,,False,0.9668641429862436,0.9613283210560145,0.9469604007936471,0.9532598829256675,0.9293172690763052,0.9121721563596894,0.8913450021176672,0.8991132966324401
454,0.005827928619660504,0.011739356310450113,,False,0.9669645546741641,0.9614188476069043,0.9470556085664763,0.9533521197245557,0.929718875502008,0.9125073108819239,0.8917203774930427,0.8994733224592242
455,0.005823151146357658,0.011739891754854122,,False,0.9667637312983232,0.9607593600783362,0.9468687888063864,0.9529780226013558,0.9309236947791165,0.9136268029142369,0.8928364000760879,0.9005621786350688
456,0.005811214439100575,0.011742656816576071,,False,0.9668641429862436,0.9613314490713507,0.946960479190525,0.9532614778751741,0.9293172690763052,0.9121140155741734,0.8913334539706549,0.8990958863104664
457,0.005802833609775924,0.011743869728896293,,False,0.9670649663620845,0.9619868822369805,0.9471426373318756,0.953631959459363,0.9293172690763052,0.9121173237067113,0.8913143300608672,0.8990784411412539
458,0.0057946486757185535,0.011722048900699434,,False,0.967165378050005,0.961598603432544,0.9472421931359324,0.9535382337387891,0.9305220883534137,0.9132485357574301,0.8924750064820705,0.9002185917664993
459,0.005787588035419614,0.011733521996073339,,False,0.9669645546741641,0.9619060836202965,0.9470620477828088,0.9535479030204761,0.9293172690763052,0.9121140155741734,0.8913334539706549,0.8990958863104664
460,0.005778516951828302,0.01171525794353458,,False,0.9670649663620845,0.961953922191968,0.9467256555408518,0.9533548021877157,0.9289156626506024,0.9117473952365778,0.8909593424854323,0.8987266118725888
461,0.005771702789704444,0.011711366752863276,,False,0.9670649663620845,0.9619587911209277,0.9467249032951925,0.9533525471677131,0.9285140562248996,0.9113970227357981,0.8905839671100568,0.8983652989593472
462,0.005762258630021646,0.011716052665390506,,False,0.9669645546741641,0.9609569222868589,0.9470555301695983,0.953170403075227,0.9309236947791165,0.9136531495975055,0.8928312579476579,0.9005751415492423
463,0.005752942278716246,0.011714899084186154,,False,0.967165378050005,0.9620906000374203,0.9472396037990501,0.953726603148588,0.9293172690763052,0.9121119690101884,0.8913143300608672,0.8990810605892423
464,0.005747107179533201,0.011728218607803514,,False,0.967165378050005,0.9620947979271066,0.9472377667078269,0.9537321941546509,0.9293172690763052,0.9120780979809062,0.8913143300608672,0.8990629864815679
465,0.0057382760543547365,0.011728379105125569,,False,0.967165378050005,0.9616725362741929,0.9476589397363225,0.9538298787346791,0.9289156626506024,0.9116977135741,0.8909524046175085,0.8986924613672138
466,0.0057287279325440275,0.011726478011561223,,False,0.967366201425846,0.9618359746356488,0.9478456810995345,0.9540087608851258,0.9289156626506024,0.9116977135741,0.8909524046175085,0.8986924613672138
467,0.005721595443258721,0.011725728440163731,,False,0.967366201425846,0.9618429962497227,0.9478430917626522,0.954009473137568,0.929718875502008,0.9131850162295252,0.8933910671393792,0.9009523787654763
468,0.005711434881235609,0.011714728272239038,,False,0.967366201425846,0.9618470577298088,0.9478456810995345,0.9540132851006933,0.929718875502008,0.9131630108460431,0.8933719432295913,0.9009201457057677
469,0.005704332996091849,0.011707777244456288,,False,0.9675670248016869,0.962024021539456,0.9480315134233316,0.9541945359308222,0.9301204819277108,0.9135374228643953,0.8937664425147545,0.9013092589549591
470,0.005695531812926381,0.01171012635705312,,False,0.9675670248016869,0.962024021539456,0.9480315134233316,0.9541945359308222,0.9301204819277108,0.9135786285743532,0.8937664425147545,0.9013254508591877
471,0.005688012760020628,0.011713066673213977,,False,0.9674666131137665,0.9619357322905999,0.9479363840473803,0.9541026867105464,0.9301204819277108,0.9135882496652948,0.8937473186049668,0.9013053578499108
472,0.005681233903821318,0.01171920429261308,,False,0.9674666131137665,0.9614727518857306,0.9479382211386036,0.953917924171682,0.929718875502008,0.9132266295959072,0.8933930545878592,0.900939077520687
473,0.0056725009676699195,0.011703439803709503,,False,0.9675670248016869,0.9620261184154882,0.9480315918202096,0.9541949703864676,0.9305220883534137,0.9139475459481814,0.8941214300901894,0.9016773464710689
474,0.005663606024360089,0.011689808114248636,,False,0.9676674364896074,0.9621181183149611,0.9481222163711774,0.9542848335588301,0.9305220883534137,0.9138800751658683,0.8941214300901894,0.9016463974873152
475,0.0056556344674769145,0.011682027513786076,,False,0.9677678481775278,0.9626832072265893,0.9482155870527834,0.9545652182877638,0.9301204819277108,0.9135437358227991,0.8937664425147545,0.901306611114895
476,0.005648953680300392,0.011676325469600018,,False,0.9677678481775278,0.9626832072265893,0.9482155870527834,0.9545652182877638,0.9301204819277108,0.9135700525252002,0.8937664425147545,0.9013332273508534
477,0.005641414796780664,0.011682370830991015,,False,0.9675670248016869,0.9620231496097412,0.9480315134233316,0.9541933322241013,0.9301204819277108,0.9135373048373864,0.893785034575201,0.9013090976102465
478,0.00563268679552536,0.011673443309864723,,False,0.9676674364896074,0.962594004362918,0.9481222163711774,0.9544731367029908,0.929718875502008,0.9131207004161548,0.8934045170713958,0.9009200461106186
479,0.005624925327939828,0.011697329663052914,,False,0.9674666131137665,0.9619348720309601,0.9479408104754857,0.95410602935352,0.929718875502008,0.9131594138544501,0.8934045170713958,0.9009356212671243
480,0.005617037390944449,0.011678669159154723,,False,0.9676674364896074,0.9621423183759686,0.9481195486374171,0.9542923424753833,0.929718875502008,0.9125284896413068,0.8917082974966889,0.8994781653588397
481,0.005609251959945395,0.011679344099713686,,False,0.9676674364896074,0.9625995233519533,0.9481222163711774,0.9544760938057362,0.9301204819277108,0.9135377516972714,0.8937473186049668,0.9012913206602544
482,0.005600333098130924,0.011665720176426383,,False,0.9677678481775278,0.9627370827916408,0.9486342491412747,0.9548453008055016,0.9301204819277108,0.9134985913990911,0.893785034575201,0.9012935224537407
483,0.0055939799998990306,0.011670526586033094,,False,0.9677678481775278,0.9627325692612919,0.9486369168750348,0.9548471583584595,0.929718875502008,0.9124519758764037,0.8917018914781063,0.8994336438719844
484,0.005585925213584463,0.011665318714214477,,False,0.9677678481775278,0.9627325692612919,0.9486369168750348,0.9548471583584595,0.929718875502008,0.9131512919950419,0.8934045170713958,0.9009322385637658
485,0.005578434766682763,0.011648033765539037,,False,0.9678682598654483,0.9628328743750851,0.9487249520891203,0.9549390532773511,0.9301204819277108,0.9128690958845996,0.8920893468498353,0.8998522139392313
486,0.005571352647364071,0.011655432764942039,,False,0.9680690832412893,0.9625532154366861,0.9489087575314014,0.9549367412940057,0.929718875502008,0.9124676138240437,0.8917082974966889,0.899438288954204
487,0.0055626186187075705,0.011656694842765563,,False,0.9679686715533689,0.9624652507666784,0.9488136281554501,0.9548456819687523,0.9301204819277108,0.9128405470581301,0.8920824089819115,0.899833009927866
488,0.00555548895786374,0.01163899818608088,,False,0.9680690832412893,0.9625596340525251,0.9489087575314014,0.954939473539584,0.9301204819277108,0.9135169583942968,0.8937659106654132,0.9012987635929696
489,0.005547787965101184,0.011635674589539442,,False,0.9680690832412893,0.9630127935359055,0.9489096665708163,0.9551236305888479,0.9301204819277108,0.9135132733554268,0.893785034575201,0.9013161923674831
490,0.0055403807391247095,0.011641219112680819,,False,0.9680690832412893,0.9625477651693775,0.9489096665708163,0.9549401879542201,0.9301204819277108,0.9135132733554268,0.893785034575201,0.9013161923674831
491,0.0055321856366169824,0.011642275920652981,,False,0.9680690832412893,0.9630290990800765,0.9489119777544021,0.9551274842522263,0.9305220883534137,0.9138678848674194,0.8941400221506358,0.9016460776030074
492,0.005524689730223759,0.011638919755786212,,False,0.9681694949292098,0.9631117906200612,0.9490035897416627,0.955218613672717,0.9301204819277108,0.9128405470581301,0.8920824089819115,0.899833009927866
493,0.005517183468476991,0.0116299797349087,,False,0.9681694949292098,0.9626533960566012,0.9490021282130073,0.9550342941021501,0.9301204819277108,0.9135169583942968,0.8937659106654132,0.9012987635929696
494,0.005511575010941785,0.011642979217008614,,False,0.9679686715533689,0.9624537141222499,0.9488162958892103,0.9548454164458771,0.9305220883534137,0.9138480100647475,0.8941323607243847,0.901644769599782
495,0.005503192626807388,0.011637578010461594,,False,0.9679686715533689,0.9624716084887245,0.9488136281554501,0.9548477344281606,0.9301204819277108,0.9135169583942968,0.8937659106654132,0.9012987635929696
496,0.00549565637462765,0.011616514389858482,,False,0.9681694949292098,0.9626417154258762,0.9490021282130073,0.9550287652262295,0.9305220883534137,0.913850701581791,0.8941400221506358,0.901655950539454
497,0.0054888735331836,0.01164327767792787,,False,0.9678682598654483,0.9623705440959021,0.9487229252076044,0.9547552708317374,0.929718875502008,0.9124603448743355,0.8917018914781063,0.899458961625791
498,0.0054816268608052915,0.011622715517303688,,False,0.9681694949292098,0.9631310377736035,0.9490026807022477,0.9552211518437999,0.929718875502008,0.9124977227892663,0.8917082974966889,0.8994607204514112
499,0.005473775832192042,0.011625560446628101,,False,0.9680690832412893,0.9625661472076172,0.9489087575314014,0.9549415639756089,0.9305220883534137,0.9138916042654428,0.8941400221506358,0.9016711618475897
500,0.005467152948930435,0.011625605927888251,,False,0.9682699066171302,0.9632247251670568,0.9490960513838537,0.9553159742444879,0.929718875502008,0.9124987632304732,0.8917082974966889,0.8994569841148985
501,0.0054589855640173185,0.011625865044905826,,False,0.9683703183050507,0.9633130105024778,0.9491894220654596,0.9554079243834691,0.929718875502008,0.9124987632304732,0.8917082974966889,0.8994569841148985
502,0.005452449587111359,0.011619782057344348,,False,0.9681694949292098,0.9631310377736035,0.9490026807022477,0.9552211518437999,0.929718875502008,0.9125104486901816,0.8917082974966889,0.8994497242939583
503,0.0054447884512193005,0.011599742252805008,,False,0.9682699066171302,0.9631993623720602,0.949098719117614,0.9553095994638264,0.9309236947791165,0.914893867774983,0.8961976353193601,0.9034740547687216
504,0.005439073928559338,0.011605549633022306,,False,0.9681694949292098,0.9635914187472322,0.9490035897416627,0.955408322762236,0.9301204819277108,0.9135132733554268,0.893785034575201,0.9013161923674831
505,0.005431873657646678,0.011614254153448206,,False,0.9683703183050507,0.9633182911625298,0.9491911807598049,0.955410540502847,0.9317269076305221,0.9162368523097384,0.8986281045656386,0.9056113618768984
506,0.005424725541266141,0.01161980924005832,,False,0.9685711416808916,0.9629919399379057,0.9493810630190151,0.9553994671202504,0.9309236947791165,0.9155357384900742,0.8978823924105304,0.904857478259476
507,0.005416072814244172,0.011602941588655574,,False,0.9683703183050507,0.963293002780917,0.9491938484935653,0.9554041644124829,0.9309236947791165,0.914893867774983,0.8961976353193601,0.9034740547687216
508,0.005410744068713262,0.011604592384482195,,False,0.9685711416808916,0.963478928271953,0.9493734956949115,0.955588641595244,0.9305220883534137,0.9138772374153741,0.8941400221506358,0.9016713385893524
509,0.005402611272699345,0.011607660865205684,,False,0.9683703183050507,0.9633121628100392,0.9491894220654596,0.9554106381041423,0.9293172690763052,0.9121386814258822,0.8913354414191349,0.8990915223394675
510,0.005396309575224142,0.01160254187802829,,False,0.9684707299929712,0.9634197764093072,0.9492818837076508,0.9555050988946294,0.9293172690763052,0.9141570047385219,0.8913245107849396,0.8996683671634591
511,0.005387666044702809,0.011592048590633069,,False,0.9685711416808916,0.9634794534103079,0.9493809846221372,0.9555912457489296,0.9313253012048193,0.9165748654935029,0.8948748036715486,0.9030048909137842
512,0.005383607400507429,0.011602540888721766,,False,0.9685711416808916,0.9634714577406931,0.9493766365909094,0.955586999760292,0.929718875502008,0.9151018272090893,0.893387180418618,0.9015363074383441
513,0.005373685655847583,0.01158461010092164,,False,0.9686715533688122,0.9635613217451551,0.9494717659668608,0.9556771077692547,0.9301204819277108,0.9155559611114632,0.8937562354388864,0.9019093129976432
514,0.005368121546654656,0.011594731448953014,,False,0.9685711416808916,0.9639712096437386,0.9493809846221372,0.9557833810332864,0.9305220883534137,0.9152346661105059,0.8924430790176017,0.9007809288467303
515,0.005359740986864644,0.011601392786014837,,False,0.9685711416808916,0.9639594670375603,0.9493792259277919,0.9557804904061056,0.9309236947791165,0.9156435357438101,0.8928171905028243,0.9011673278698878
516,0.005352863212034228,0.011595045694778558,,False,0.9686715533688122,0.9635693349249215,0.9494717659668608,0.9556812755890208,0.9305220883534137,0.9159129602213061,0.8941290915164406,0.9022793095195686
517,0.005345849012373337,0.011590380375879563,,False,0.9687719650567326,0.964139807044109,0.949565810497248,0.9559661242429818,0.9305220883534137,0.9152556188560429,0.8924622029273895,0.9008091988915378
518,0.005338435826533628,0.011576885999717745,,False,0.9689727884325735,0.9643144671658326,0.9497472163929395,0.9561423971084603,0.929718875502008,0.9151685666081953,0.8934012478634517,0.9015481291419635
519,0.0053334670454600235,0.011565497670960958,,False,0.9691736118084145,0.9645147029141747,0.9499330487167366,0.9563314545037324,0.929718875502008,0.9151665891522635,0.893399992455783,0.9015454709639091
520,0.005326347100142253,0.011575241201053485,,False,0.9689727884325735,0.9638875068478201,0.9501729726432965,0.9562366929612788,0.929718875502008,0.9145351464314554,0.8917152353646127,0.9000674665375621
521,0.0053185659137374814,0.011580886562944537,,False,0.9693744351842555,0.963804968873937,0.9509623713275737,0.9566855308258516,0.9309236947791165,0.9162493572169468,0.8945198160961136,0.9026575242883127
522,0.005311306358275671,0.011581003719742654,,False,0.969274023496335,0.9637231465453051,0.9508690790428456,0.9565977379624369,0.9305220883534137,0.9158870151837024,0.8941469600185596,0.9022878731277039
523,0.005304259411277414,0.011571291806584318,,False,0.9693744351842555,0.9638103396328288,0.9509623713275737,0.9566880153864114,0.9305220883534137,0.9158870151837024,0.8941469600185596,0.9022878731277039
524,0.005297271600948859,0.011561136441044674,,False,0.969274023496335,0.964622675544143,0.9504503385574762,0.9566981707192603,0.9305220883534137,0.9158870151837024,0.8941469600185596,0.9022878731277039
525,0.005292038730004143,0.011568136243985255,,False,0.9693744351842555,0.964760232393058,0.9509623713275737,0.9570690938392334,0.9305220883534137,0.9158617016676823,0.8941469600185596,0.9022730852372077
526,0.0052863000315118945,0.011571390590619495,,False,0.969274023496335,0.9637174366120725,0.9508690790428456,0.9565932766706625,0.9309236947791165,0.9162263090628101,0.8945198160961136,0.9026432861319645
527,0.005278592028684455,0.011567728121009398,,False,0.9691736118084145,0.9645751989881036,0.9507757867581176,0.9568814316282543,0.9305220883534137,0.9158870151837024,0.8941469600185596,0.9022878731277039
528,0.005271041632167885,0.011540253356253813,,False,0.9693744351842555,0.964755177208874,0.9509623713275737,0.9570652599431662,0.9305220883534137,0.9158870151837024,0.8941469600185596,0.9022878731277039
529,0.005264818083091736,0.01154563554798766,,False,0.969274023496335,0.9646733828531322,0.9508690790428456,0.9569765299492095,0.9301204819277108,0.9155268447651077,0.893772848533337,0.9019152672675195
530,0.005259232122516269,0.011541760389897278,,False,0.969274023496335,0.9646629319701139,0.9508690790428456,0.9569728304580273,0.9309236947791165,0.9168468384307816,0.8962236970970717,0.9041199403479627
531,0.005254455689345337,0.011546643611692548,,False,0.969274023496335,0.9646568767901442,0.9508672419516224,0.9569708488822608,0.9309236947791165,0.9162452260272335,0.8945337893949874,0.9026852544476108
532,0.0052445116096938044,0.011543757072389483,,False,0.9693744351842555,0.9647607630277566,0.9509623713275737,0.9570662520541612,0.9301204819277108,0.9155268447651077,0.893772848533337,0.9019152672675195
533,0.005241448168920275,0.011540575595394518,,False,0.969274023496335,0.9646511399754392,0.9508672419516224,0.9569682914686695,0.9309236947791165,0.9162452260272335,0.8945337893949874,0.9026852544476108
534,0.0052313286677103474,0.011543041638469956,,False,0.9693744351842555,0.9642775919776783,0.9509623713275737,0.9568759005002738,0.9305220883534137,0.9158870151837024,0.8941469600185596,0.9022878731277039
535,0.005225482495069612,0.011544376672705749,,False,0.9694748468721759,0.9643670071745218,0.9510447979678638,0.9569609433678234,0.9305220883534137,0.9158870151837024,0.8941469600185596,0.9022878731277039
536,0.005219740107266736,0.011528057617092666,,False,0.9695752585600964,0.9649376847118069,0.9511463665601474,0.9572509878058258,0.9305220883534137,0.915885193897659,0.8941660839283474,0.9023076899423619
537,0.00521288647768198,0.011537623028163094,,False,0.9693744351842555,0.9647518417253232,0.9509623713275737,0.9570640865802201,0.9309236947791165,0.9162505772829912,0.8945210715037822,0.9026640603977614
538,0.005206085089609129,0.011535239253196276,,False,0.9694748468721759,0.9648889444221616,0.9514744040976709,0.9574304267318818,0.9305220883534137,0.9158870151837024,0.8941469600185596,0.9022878731277039
539,0.0052032640822429945,0.011536349485106614,,False,0.9696756702480168,0.9650638717079525,0.9516629041552283,0.9576145166112647,0.9313253012048193,0.9166148865364949,0.8949143068987926,0.9030621770296252
540,0.005193575440344724,0.011517447038962849,,False,0.9695752585600964,0.9649358738087055,0.951150792988253,0.9572473275714555,0.9305220883534137,0.9158870151837024,0.8941469600185596,0.9022878731277039
541,0.005187192594636409,0.011524760322719202,,False,0.9696756702480168,0.9650720695340103,0.9516628257583503,0.9576164244654718,0.9305220883534137,0.9158870151837024,0.8941469600185596,0.9022878731277039
542,0.005180505135013463,0.011525705605723835,,False,0.9695752585600964,0.9649877739970639,0.951556830737961,0.9575196508234094,0.9305220883534137,0.9158870151837024,0.8941469600185596,0.9022878731277039
543,0.005173488970029657,0.011520965558964178,,False,0.9695752585600964,0.9649821881781813,0.951556830737961,0.9575186587124143,0.9305220883534137,0.9158870151837024,0.8941469600185596,0.9022878731277039
544,0.005170615513935144,0.011520960725239006,,False,0.9696756702480168,0.9650286266554452,0.9512287932004375,0.9573353612177835,0.9317269076305221,0.9169691119487925,0.8952628884556447,0.9034189604220086
545,0.005161118109227582,0.01152293393780601,,False,0.9697760819359373,0.9651651660195201,0.9517452523986404,0.957704658429296,0.9309236947791165,0.9162505772829912,0.8945210715037822,0.9026640603977614
546,0.005157261361986588,0.011511615558052343,,False,0.9698764936238579,0.9652509628118366,0.951835955346486,0.9577937407293606,0.9313253012048193,0.9166148865364949,0.8949143068987926,0.9030621770296252
547,0.005148774653513305,0.011515727793280894,,False,0.9697760819359373,0.9651704627430804,0.9517452523986404,0.9577071442962125,0.9313253012048193,0.916612871575939,0.8948951829890047,0.9030432885657113
548,0.005143370405954108,0.011495359665395617,,False,0.9698764936238579,0.965267030737388,0.951835955346486,0.9577980562886338,0.9309236947791165,0.9162495368417845,0.8945210715037822,0.902667796734274
549,0.005136269644335886,0.011508236485778338,,False,0.9697760819359373,0.9651784866043605,0.9517452523986404,0.9577076493860199,0.9309236947791165,0.9162495368417845,0.8945210715037822,0.902667796734274
550,0.005130895502357992,0.011512699220095296,,False,0.9697760819359373,0.9651784866043605,0.9517452523986404,0.9577076493860199,0.9313253012048193,0.916612871575939,0.8948951829890047,0.9030432885657113
551,0.005124342783187324,0.011506920255709362,,False,0.9697760819359373,0.9651784866043605,0.9517452523986404,0.9577076493860199,0.9313253012048193,0.916612871575939,0.8948951829890047,0.9030432885657113
552,0.005118356396611148,0.011512633673957776,,False,0.9697760819359373,0.9646904104153489,0.9517452523986404,0.9575131672653523,0.9313253012048193,0.9165875580599189,0.8948951829890047,0.9030285006752151
553,0.0051120465872609685,0.011487870093709869,,False,0.9697760819359373,0.9651668406094936,0.9517452523986404,0.9577036542863802,0.9313253012048193,0.916612871575939,0.8948951829890047,0.9030432885657113
554,0.005107932391938538,0.011498214387411698,,False,0.9697760819359373,0.9646864583411807,0.9517452523986404,0.9575121437254978,0.9313253012048193,0.9166148865364949,0.8949143068987926,0.9030621770296252
555,0.005100641532044073,0.011494039541710329,,False,0.9698764936238579,0.9652556424105203,0.9518403817745917,0.9577957752331014,0.9313253012048193,0.916612871575939,0.8948951829890047,0.9030432885657113
556,0.005095052370756722,0.011485309743321761,,False,0.9697760819359373,0.9651668589623359,0.9517452523986404,0.9577046249981276,0.9321285140562249,0.9173454907254565,0.8956434059594499,0.9037939292760861
557,0.005088255440739786,0.01149408171578687,,False,0.9699769053117783,0.9654148065903441,0.952352414544689,0.9581705818618814,0.9309236947791165,0.9162141231074702,0.8945146654851995,0.9026637039905222
558,0.0050823007257072466,0.011482119439800272,,False,0.9699769053117783,0.965399044144463,0.952352414544689,0.9581642887532344,0.9313253012048193,0.916612871575939,0.8948951829890047,0.9030432885657113
559,0.005075768200005098,0.011488367844551513,,False,0.9698764936238579,0.9653078770775662,0.9522572851687376,0.9580736204147295,0.9313253012048193,0.9165804165025035,0.8948887769704221,0.903039022598436
560,0.005070412755959307,0.01149043657843508,,False,0.9699769053117783,0.9653877783742885,0.952352414544689,0.9581607361964493,0.9317269076305221,0.9169781814209492,0.8952692944742273,0.9034186639410867
561,0.00506378057062352,0.011474560005731087,,False,0.9699769053117783,0.9654085280265627,0.952352414544689,0.9581684722005905,0.9309236947791165,0.9162141231074702,0.8945146654851995,0.9026637039905222
562,0.005058041007638831,0.011481779365534609,,False,0.9699769053117783,0.9654148065903441,0.952352414544689,0.9581705818618814,0.9313253012048193,0.9165804165025035,0.8948887769704221,0.903039022598436
563,0.005052324375743983,0.011474459779674826,,False,0.9699769053117783,0.9654148065903441,0.952352414544689,0.9581705818618814,0.9309236947791165,0.9162141231074702,0.8945146654851995,0.9026637039905222
564,0.005047341141719044,0.01149220940779896,,False,0.9698764936238579,0.9648356406443743,0.9522572851687376,0.9578828070711549,0.9317269076305221,0.916948723415245,0.8952628884556447,0.9034142319538562
565,0.005040703889777831,0.011471467850953522,,False,0.9699769053117783,0.9654021750822197,0.952352414544689,0.9581673308166915,0.9317269076305221,0.916948723415245,0.8952628884556447,0.9034142319538562
566,0.005034657727265866,0.011474400790897293,,False,0.9700773169996988,0.965503861768251,0.9524431174925346,0.9582620743189365,0.9313253012048193,0.9165804165025035,0.8948887769704221,0.903039022598436
567,0.005029645733241707,0.01146424712862869,,False,0.9700773169996988,0.9655164932763756,0.9524431174925346,0.9582653253641263,0.9313253012048193,0.9165804165025035,0.8948887769704221,0.903039022598436
568,0.005022852249548873,0.011461353805253784,,False,0.9700773169996988,0.9654966217262007,0.9524431174925346,0.9582597726904404,0.9313253012048193,0.9165804165025035,0.8948887769704221,0.903039022598436
569,0.0050182252917186565,0.011459931253464511,,False,0.9700773169996988,0.965503861768251,0.9524431174925346,0.9582620743189365,0.9313253012048193,0.9165804165025035,0.8948887769704221,0.903039022598436
570,0.00501118957551757,0.01146091386189118,,False,0.9700773169996988,0.9655024547267301,0.9524431174925346,0.9582617721735013,0.9313253012048193,0.9165804165025035,0.8948887769704221,0.903039022598436
571,0.005005760719718885,0.011455657662539658,,False,0.9699769053117783,0.965402539836669,0.952352414544689,0.9581664347026531,0.9309236947791165,0.9162141231074702,0.8945146654851995,0.9026637039905222
572,0.005002616754232342,0.01147019688487122,,False,0.9699769053117783,0.9654021189020878,0.952352414544689,0.9581683039350628,0.9313253012048193,0.9165467875986655,0.8948823709518395,0.9030237805565844
573,0.004994940374136656,0.011450741983164897,,False,0.9699769053117783,0.9654021750822197,0.952352414544689,0.9581673308166915,0.9313253012048193,0.9165804165025035,0.8948887769704221,0.903039022598436
574,0.004989494996534233,0.011451649302620525,,False,0.9701777286876192,0.9655802745892232,0.952539155907901,0.9583522847610221,0.9317269076305221,0.916948723415245,0.8952628884556447,0.9034142319538562
575,0.004983479414751847,0.011454730019600791,,False,0.9699769053117783,0.9654077971091442,0.952352414544689,0.9581702654514483,0.9313253012048193,0.9165804165025035,0.8948887769704221,0.903039022598436
576,0.004978577006694871,0.011453940697340757,,False,0.9701777286876192,0.9656029876737359,0.9525317935588643,0.9583529730220786,0.9309236947791165,0.9162141231074702,0.8945146654851995,0.9026637039905222
577,0.0049723413408492715,0.011448202868541158,,False,0.9701777286876192,0.9655968125576313,0.9525343828957467,0.9583526712489854,0.9313253012048193,0.9165804165025035,0.8948887769704221,0.903039022598436
578,0.004966503955306516,0.011446668144323994,,False,0.9702781403755397,0.9656979991381966,0.9526251642404703,0.9584493336959272,0.9313253012048193,0.9165804165025035,0.8948887769704221,0.903039022598436
579,0.004960163995904302,0.011445905494054153,,False,0.9702781403755397,0.9656912059438513,0.9526251642404703,0.9584461747116667,0.9313253012048193,0.9165804165025035,0.8948887769704221,0.903039022598436
580,0.00495544976785257,0.011460461402904373,,False,0.9702781403755397,0.9652073155140403,0.9526277535773526,0.9582521918835055,0.9313253012048193,0.9166146161539866,0.8948887769704221,0.9030480876531944
581,0.00495166107875915,0.011437449837143447,,False,0.9702781403755397,0.9651941843526219,0.9526298588557466,0.9582490730212095,0.9313253012048193,0.9165804509996952,0.89490790088021,0.9030528066454809
582,0.004943474600049829,0.011439777256865298,,False,0.9704789637513807,0.965866879596184,0.9528118272068044,0.9586306121778132,0.9313253012048193,0.9165804165025035,0.8948887769704221,0.903039022598436
583,0.004939303471712226,0.011437847209836842,,False,0.9704789637513807,0.965855170134365,0.9528164434252027,0.9586289499913089,0.9313253012048193,0.9165804165025035,0.8948887769704221,0.903039022598436
584,0.004933597143081598,0.011443199232934066,,False,0.9704789637513807,0.9658784331515898,0.9528117488099264,0.9586341525471879,0.9313253012048193,0.9165804165025035,0.8948887769704221,0.903039022598436
585,0.004928178648053161,0.011433433472240542,,False,0.9705793754393012,0.9664441731866967,0.952900424876256,0.9589142712262563,0.9313253012048193,0.9165804165025035,0.8948887769704221,0.903039022598436
586,0.004921817597699389,0.011445417790734706,,False,0.9702781403755397,0.965201037456967,0.9526324481926289,0.9582550573431823,0.9313253012048193,0.9165804165025035,0.8948887769704221,0.903039022598436
587,0.004916392979044577,0.011443459750166963,,False,0.9704789637513807,0.9658739056560955,0.9528118272068044,0.9586328798831,0.9321285140562249,0.9173191614401238,0.8956178760310797,0.9037671396984993
588,0.0049143570855202596,0.01143892201488258,,False,0.9704789637513807,0.96588143996811,0.9528091594730442,0.9586305791489073,0.9317269076305221,0.9169508545273823,0.8952437645458571,0.9033919303430792
589,0.004905515588279354,0.011434164790670763,,False,0.9703785520634601,0.9653014532609893,0.9527211242589586,0.9583476188404969,0.9317269076305221,0.9169508545273823,0.8952437645458571,0.9033919303430792
590,0.004899887905709245,0.011423750140712353,,False,0.9704789637513807,0.9658681363381617,0.9528118272068044,0.9586308740578207,0.9321285140562249,0.9173191614401238,0.8956178760310797,0.9037671396984993
591,0.004895172322803681,0.011422544136475993,,False,0.9705793754393012,0.966440485287925,0.952900503273134,0.9589135628240523,0.9321285140562249,0.9173191614401238,0.8956178760310797,0.9037671396984993
592,0.004890045639216693,0.011434270368241978,,False,0.9705793754393012,0.9659683250649498,0.9529051978884103,0.9587277358322664,0.9317269076305221,0.9169425391395642,0.8952373585272745,0.9033914761917234
593,0.004885767963827347,0.011436995848626019,,False,0.9705793754393012,0.9654849229334445,0.9529051978884103,0.9585329809636204,0.9317269076305221,0.9169425391395642,0.8952373585272745,0.9033914761917234
594,0.004878591578673958,0.011410868914494228,,False,0.9705793754393012,0.9664332836950105,0.952900503273134,0.9589109213827839,0.9321285140562249,0.9172840102323053,0.8956178760310797,0.9037581054547117
595,0.0048751570347298784,0.011413574371107411,,False,0.9707801988151421,0.9661390155192472,0.9530918608547443,0.9589097885802558,0.9317269076305221,0.9169073879317458,0.8952373585272745,0.903382441947936
596,0.004867534598406345,0.011411291726317678,,False,0.9705793754393012,0.9664392733783179,0.952900503273134,0.9589129642792058,0.9321285140562249,0.9172840102323053,0.8956178760310797,0.9037581054547117
597,0.004862748915299674,0.011404365268089871,,False,0.9706797871272216,0.9660497234344848,0.9529984901731383,0.9588168785422967,0.9321285140562249,0.9172840102323053,0.8956178760310797,0.9037581054547117
598,0.004857390565929967,0.011396459875351499,,False,0.9705793754393012,0.9659598827107375,0.9529051194915323,0.9587234353474395,0.9317269076305221,0.9169157033195636,0.8952437645458571,0.9033828960992918
599,0.004851845610373584,0.01139877991803293,,False,0.9705793754393012,0.9659598827107375,0.9529051194915323,0.9587234353474395,0.9317269076305221,0.9169157033195636,0.8952437645458571,0.9033828960992918
600,0.004846709684967381,0.011410841657699537,,False,0.9706797871272216,0.9655851767090537,0.9529984901731383,0.9586270544537958,0.9317269076305221,0.9169157033195636,0.8952437645458571,0.9033828960992918
