epoch,mse,validation_mse,accuracy,converged,training_accuracy,training_macro_precision_present,training_macro_recall_present,training_macro_f1_present,validation_accuracy,validation_macro_precision_present,validation_macro_recall_present,validation_macro_f1_present
0,0.27752728370681806,0.28004008093202476,,False,0.11015162164875991,0.0919962531650494,0.11625109845496838,0.08575409873142074,0.10441767068273092,0.09712462635848775,0.10716887157611227,0.08373246294608572
1,0.09129794910183323,0.09103111626286539,,False,0.27070991063359773,0.18128289622186836,0.24085456755672124,0.17385126083279875,0.2783132530120482,0.2014919909294715,0.24611018194376127,0.17836382660634126
2,0.07830443167369955,0.07825517166033662,,False,0.35786725574856915,0.23124052865846487,0.31493623476155413,0.20839485586044185,0.3682730923694779,0.2894722401323431,0.323853242751966,0.22073838961455036
3,0.07180954333006696,0.07144483592504312,,False,0.41138668541018175,0.2989495177214718,0.36444780286995965,0.2795815376716389,0.42008032128514056,0.3143562160730429,0.3713440544430898,0.2852282361718733
4,0.06501184504084757,0.06445718730326265,,False,0.5253539511999197,0.41908773129142823,0.4684725790945819,0.40312695740460697,0.5333333333333333,0.42244496379087965,0.4754674273699935,0.4078121215426562
5,0.056892021030216545,0.05674535031108835,,False,0.5947384275529671,0.4883765319046261,0.5321458267714612,0.4673475929939737,0.5951807228915663,0.5189715149069494,0.5323962202824257,0.46686839131388397
6,0.05177145045868894,0.05186516910399949,,False,0.6343006325936339,0.5468433315048977,0.5687260987655858,0.5122858337025479,0.6293172690763053,0.5540959350797223,0.563908657426865,0.5084880772443826
7,0.04709122194347353,0.04745471953658464,,False,0.6834019479867457,0.6016335969027115,0.6149037542985216,0.5857118265791104,0.6799196787148595,0.601007411308101,0.6114184737405777,0.5815572489240224
8,0.039646529435875516,0.0399800775970074,,False,0.7541921879706798,0.6670431846095662,0.6812195556814735,0.6691545723895777,0.7506024096385542,0.663873359331321,0.6776458734016645,0.6652398473604496
9,0.034990303132639136,0.03538051398251671,,False,0.7885329852394819,0.6983777814857454,0.713521206402247,0.705064401825796,0.7839357429718875,0.7802411972914025,0.7088642588266341,0.7001988359394926
10,0.03202795548766656,0.03249523605707241,,False,0.8084144994477357,0.7154039574951038,0.7320019051481687,0.7228869203257603,0.8048192771084337,0.801181417531154,0.7283476315027806,0.7190996195294557
11,0.030036270200511365,0.030476695262411584,,False,0.8239783110754092,0.7311255564579439,0.74669454984417,0.7378955706102408,0.8188755020080322,0.8170128691217629,0.7416615598176259,0.7327697112765708
12,0.028264021755128432,0.028747454056272628,,False,0.8365297720654684,0.7420052546233713,0.7582916527874333,0.7495369393092102,0.8313253012048193,0.8293748218156447,0.7532201228127773,0.7444285543767533
13,0.02691005582085177,0.02750360843032448,,False,0.8468721759212773,0.7517684803478182,0.7679691563125659,0.7589550853995524,0.8373493975903614,0.8362143243568365,0.7588937752908822,0.7500220023808364
14,0.025740861932926243,0.02643868799842473,,False,0.8563108745858018,0.760182878531906,0.7766136667539454,0.7680190940644617,0.8437751004016064,0.8424361288345024,0.764779554838777,0.7562561509980275
15,0.024752769429593098,0.02549183310306655,,False,0.8634401044281554,0.7665917488145918,0.7833540072824693,0.7745905370659142,0.8502008032128514,0.8490722289219725,0.7709960662013056,0.7623022505997828
16,0.023936755401145315,0.02481842757876264,,False,0.8645446329952806,0.8635126606700652,0.7841984805166313,0.77491266718469,0.8489959839357429,0.8484881113335062,0.769683903094887,0.7604873310232475
17,0.023049808992501107,0.024020191234115713,,False,0.8712722160859524,0.8702749471453527,0.7905032492366195,0.7816470343059843,0.8562248995983935,0.8552504115805755,0.7764422619367398,0.7677460097759861
18,0.022360560964941618,0.02334320796948906,,False,0.8750878602269304,0.8740823676420384,0.7941711012097835,0.7851821451207043,0.8606425702811245,0.8592248134551209,0.7806181288710525,0.7717591348576681
19,0.02173099310353421,0.02285457688435696,,False,0.8796063861833517,0.8788214522908069,0.7982229344625615,0.7892615560765847,0.8630522088353414,0.861927014674177,0.7827882826910507,0.7739344944689462
20,0.021188377967421214,0.022398729603636883,,False,0.8827191485088864,0.8823668206323778,0.8011229920488087,0.7922550192561187,0.8622489959839358,0.8616607020838633,0.7821382791654232,0.7734045078213417
21,0.020613158695222292,0.021921616168529473,,False,0.8850286173310573,0.88425681459038,0.8032224458338465,0.7942042829770041,0.8650602409638555,0.864052674686897,0.7847216567948713,0.7758622119616145
22,0.020183022745989994,0.02156520531370167,,False,0.8861331458981826,0.88536208184432,0.8042587980369796,0.7951544977778316,0.8674698795180723,0.8663602330413379,0.7869358598106382,0.7780133246779743
23,0.01989173205492193,0.02133956224033993,,False,0.8860327342102621,0.8855547990067553,0.8040397658000747,0.7951828564028249,0.8698795180722891,0.8689332161880844,0.789063043245379,0.7801596691245325
24,0.019308228750856853,0.020834532257465507,,False,0.8901496134150015,0.889503534078814,0.8079503238523826,0.7988802232915357,0.8718875502008032,0.8850550857761833,0.7927292242253107,0.7859535528275379
25,0.018941153486888324,0.02054442909972586,,False,0.8917562004217291,0.8909213229050056,0.8094697876352739,0.800355174536358,0.8755020080321285,0.8885725927831252,0.7961587792040881,0.7894788215075014
26,0.018595507596485237,0.020258461519478663,,False,0.8929611406767748,0.8921997544225808,0.810619241722922,0.8014377496486329,0.880722891566265,0.8931735305978812,0.8009971489305521,0.7941523319703254
27,0.01826567948723898,0.020050723632899076,,False,0.8947685510593433,0.8939936023064409,0.8122645526154207,0.8030679837983761,0.8815261044176707,0.8939826383525207,0.8017478767465733,0.7948550728983161
28,0.01791942874257101,0.01973116150276253,,False,0.8961743146902299,0.8954351484152302,0.8135424057482159,0.8043238910648852,0.8839357429718876,0.8960505842318357,0.8039659570962743,0.7970224907985588
29,0.017639628418980265,0.019511123441865296,,False,0.8975800783211165,0.7975148813203242,0.8148486592495388,0.805773511630187,0.8879518072289156,0.8998133928348495,0.8076840409359166,0.800824848807674
30,0.017395794662445594,0.01930448137861199,,False,0.8980821367607189,0.7978543254478194,0.8152764506219834,0.8062721021781011,0.8863453815261044,0.8983974814221626,0.8061694610199955,0.7993270842383553
31,0.01711698622041286,0.0191153895225755,,False,0.899588312079526,0.799041005982734,0.8166817152848004,0.8075800605436265,0.8879518072289156,0.8996932174422765,0.807633541793036,0.8007212183201995
32,0.016875438814725,0.0188795096691002,,False,0.9013957224620945,0.8749208757309623,0.819237586932655,0.8111041197927586,0.8943775100401606,0.9056057464040417,0.8135705585209466,0.806621831903414
33,0.016611449668496796,0.018675446207466258,,False,0.9031027211567426,0.8856564763918326,0.8212420556897563,0.8137113441455333,0.8911646586345382,0.9025708413504804,0.8106189605404857,0.8037081275475689
34,0.016405391918924272,0.018570171824041044,,False,0.903604779596345,0.8695889990141588,0.8216445701540528,0.8140976426853447,0.8903614457831325,0.9020618144761827,0.8098784846597673,0.8029578781774072
35,0.01618530113473086,0.01837293465933421,,False,0.9050105432272316,0.8706716768677436,0.8229247443997428,0.8153814085996491,0.893574297188755,0.9047908172728687,0.8128599573747758,0.8059236132582009
36,0.01598127460609362,0.018169067805147807,,False,0.9060146601064364,0.8790649304901798,0.8243249401194951,0.8173290942806211,0.893574297188755,0.9047519539832787,0.81295228534494,0.8060408689438228
37,0.01578571214250801,0.017998937004254794,,False,0.9071191886735616,0.8802110334392905,0.8253605422719992,0.8183230604985096,0.8947791164658635,0.9059350812513222,0.8140771271988788,0.8071343824739758
38,0.015593309006515463,0.017862999987451774,,False,0.9082237172406868,0.8865470403125186,0.8267753284325335,0.8202451519347569,0.8951807228915662,0.9063058629248584,0.8144268666003736,0.8074911170230403
39,0.015407362293415534,0.017715802873910676,,False,0.9087257756802892,0.8816448204336691,0.8276443249691621,0.8216308658611143,0.8955823293172691,0.9064876325055616,0.8148164333354043,0.8078338303497881
40,0.015230650840415161,0.017639813812777884,,False,0.9096294808715735,0.8891071994986279,0.8293099996987718,0.8242359693811346,0.8951807228915662,0.9062975660891733,0.8144155101623474,0.8074437224578571
41,0.015073165526907134,0.017506099940388035,,False,0.9113364795662215,0.8953284549047189,0.8317427633586689,0.8275666272282243,0.8939759036144578,0.9052179988294253,0.8133403403601747,0.8063542084086438
42,0.014921751818744158,0.017406705687536005,,False,0.9117381263179034,0.8959441007378631,0.8320931640825989,0.8278995056495579,0.8975903614457831,0.8534842585703197,0.8166915797542285,0.8097317727086542
43,0.014746133535008846,0.01726637139624619,,False,0.9123405964454262,0.9010838716641767,0.8339603920645874,0.8311164409337776,0.8951807228915662,0.9062334434356093,0.8161424102763385,0.8111753413353648
44,0.014609217535415858,0.017162039492768285,,False,0.9140475951400743,0.9013307658307141,0.8351058049741236,0.8318521555233436,0.8987951807228916,0.8546841680130043,0.8195325269023351,0.8146062785029904
45,0.014444992771314486,0.017047075898351697,,False,0.9153529470830405,0.9102154479560449,0.8396434385936252,0.8396028369193806,0.8991967871485944,0.8633124798604691,0.8232429493157264,0.8216094690015154
46,0.01429253242872334,0.016844320555837344,,False,0.9156541821468019,0.9110901932078337,0.8403420398919579,0.8407441955066175,0.8987951807228916,0.8730815598333505,0.8229193862199378,0.8213379598576448
47,0.014147341202574869,0.0167854763481684,,False,0.9170599457776886,0.9088382242839459,0.8441503759887838,0.8465314950389251,0.8983935742971888,0.8726097294215367,0.8225401241238012,0.8209414361232725
48,0.014000451554305253,0.0167063630900773,,False,0.9186665327844161,0.9117673414895058,0.8468562273638776,0.850156260668849,0.8975903614457831,0.8677407520978204,0.8234583614258528,0.823252298166453
49,0.013858898604759006,0.01658534206633152,,False,0.9195702379757004,0.9125550203111599,0.8476783395228747,0.8510030876166956,0.8979919678714859,0.8679491227136835,0.8238157826356333,0.8236209249905665
50,0.013733919779460974,0.016545504304760504,,False,0.9205743548549051,0.9077928636855417,0.8498834214110025,0.8538487458552072,0.8987951807228916,0.8769958744015871,0.8279438125277627,0.8303382633090156
51,0.013597344316556148,0.016360958808809674,,False,0.9216788834220303,0.9047031374436012,0.8521773508799553,0.8566857055796091,0.9012048192771084,0.8792390283932309,0.8302051971619933,0.8325406143799391
52,0.013463707367466602,0.01630353903409258,,False,0.9217792951099508,0.9062840225304298,0.8534931611110301,0.8587825417745516,0.9012048192771084,0.882171103800156,0.8318426691019127,0.835356937978124
53,0.0133351778910873,0.01618611384646115,,False,0.922883823677076,0.9061902743408545,0.8549535287808173,0.8603930363129249,0.9016064257028112,0.8827228384793152,0.8321990241002876,0.8357351875505397
54,0.013228138413388565,0.01611558578974995,,False,0.9226830003012351,0.9062530519349141,0.8564678751748479,0.8627082838851492,0.9012048192771084,0.8790818445417223,0.8301565624571139,0.8325697851269821
55,0.013105533662203253,0.016035571427109062,,False,0.9246912340596446,0.9093350688363745,0.8607526849945043,0.8680942661151767,0.9028112449799197,0.8773871070562047,0.8332695657540602,0.8365505498720154
56,0.013041470567624199,0.015978545964941207,,False,0.9245908223717241,0.9096064079757633,0.8610957018016216,0.8685583568006694,0.9044176706827309,0.8854853171030629,0.8348095042714001,0.8382870843772384
57,0.01287432080714326,0.015862593288635516,,False,0.9256953509388492,0.9118217293778197,0.8638687129591488,0.8719917080514322,0.9044176706827309,0.8875845398378847,0.8365115038693883,0.8410419026073352
58,0.012762336181240253,0.01574136215760987,,False,0.9269002911938949,0.9119630761619855,0.8666161911803272,0.8751336297662853,0.9052208835341365,0.8847264497715341,0.8389119185716836,0.8441080602110717
59,0.012642262541389395,0.015677904851426776,,False,0.9267998795059745,0.9114762749109057,0.8661176136984727,0.8744974405326277,0.9048192771084337,0.8842379901376677,0.8385249950492958,0.8437294228751162
60,0.012585875376183954,0.015657759134224798,,False,0.9265990561301336,0.9141009450832507,0.8667489432554665,0.8756969586622998,0.9056224899598394,0.8924206444468636,0.8409432816707763,0.847436424041684
61,0.012427166113875118,0.015520046537395254,,False,0.9289085249523045,0.9162840073583871,0.8705202886912856,0.8798370034047385,0.9068273092369478,0.890081156786496,0.8437108665733042,0.850618570086604
62,0.012328435550682287,0.015464907575276616,,False,0.9289085249523045,0.9166010247380437,0.8730909470949417,0.8828929830088019,0.9076305220883534,0.8906721618326772,0.8444916633855537,0.8513687024208638
63,0.012243548568282336,0.015388201043836333,,False,0.9297118184556682,0.916154236864545,0.8750616752278183,0.8849151985086134,0.9076305220883534,0.8922408799369465,0.8461784257945154,0.8537811151812211
64,0.012145108613275685,0.015389754160541835,,False,0.9313184054623959,0.9169558178292468,0.8781923489334604,0.8880349911657015,0.9080321285140562,0.891559701085431,0.8499112234563274,0.858220996093114
65,0.012037844581276892,0.015235095590771559,,False,0.9310171703986344,0.9201370001444376,0.8762423123552877,0.886480091479261,0.9100401606425703,0.906737443634067,0.8517773886641336,0.861493107732147
66,0.011948306332428266,0.01517966378524193,,False,0.9315192288382368,0.9185066165653084,0.877975655273826,0.8880625322273286,0.9096385542168675,0.8926132391418898,0.851410321092345,0.8597015341891753
67,0.011841314244190493,0.015095780671251849,,False,0.9320212872778392,0.9208559782647772,0.8784493665428313,0.8887737134782141,0.9104417670682731,0.9071939066471675,0.8521283834732968,0.8618617239557658
68,0.011743315370158096,0.015028291126102713,,False,0.932623757405362,0.9199555198444457,0.8798540422673964,0.8900286600242175,0.9104417670682731,0.9028778461406191,0.853844458998603,0.8635629587486108
69,0.011646478945116527,0.014956930277783907,,False,0.9341299327241691,0.922161194957925,0.8829149175179225,0.8932917177221253,0.9108433734939759,0.8990250120160999,0.8542231977278827,0.8633961855953588
70,0.011564849520616843,0.014919771852845577,,False,0.9334270509087258,0.9202465272894074,0.8814396656106456,0.8915945818422747,0.9120481927710843,0.909827587167341,0.8570174687550711,0.8677304371090503
71,0.011481491383798247,0.014824454013661427,,False,0.93433075610001,0.9219904340335537,0.8822741900283112,0.8925357328384328,0.9112449799196787,0.9046528099840447,0.8562698717799272,0.8664503093174604
72,0.011393860010573168,0.014790637977096248,,False,0.934531579475851,0.9219264525011339,0.8836954966494485,0.8940197045677228,0.9112449799196787,0.9052757282022186,0.8579405614262637,0.8685309768428825
73,0.01130523578063147,0.014720573596263095,,False,0.9356361080429763,0.9243604525373446,0.8859552628354334,0.896535170260861,0.9124497991967871,0.9072439543538917,0.8607592096025984,0.871706451212061
74,0.011223607791983857,0.0146536825611293,,False,0.9356361080429763,0.9237916177667957,0.886828463827557,0.8973232301749022,0.9136546184738956,0.9073463056858988,0.8601852388200837,0.8707453081294815
75,0.011136773888804453,0.01462946340025308,,False,0.9373431067376242,0.9268277792140158,0.8900370856273077,0.9007642240663696,0.9124497991967871,0.8998788535730498,0.8607726595346151,0.8706089415443081
76,0.01105689904155528,0.01455012590093351,,False,0.9378451651772266,0.9267066072391815,0.8909184718614134,0.9015271253276312,0.91285140562249,0.9075082474926153,0.8611345849779737,0.8720322386715057
77,0.010999107839278788,0.014529079283801588,,False,0.9378451651772266,0.9266152283243562,0.8905110508185676,0.9011308845622494,0.9132530120481928,0.9015766684164398,0.863167817580486,0.8732991150812857
78,0.010916476517331627,0.014471030842960041,,False,0.938146400240988,0.9260212438579178,0.8924581080002351,0.9028196987891097,0.9140562248995984,0.8970504596638603,0.8656123661711483,0.8747631159312745
79,0.010828966957653171,0.014397927968700486,,False,0.9386484586805904,0.9283990333690046,0.8925110066821461,0.9032999725330058,0.9140562248995984,0.8997675736547688,0.8656168907867612,0.8753051100985151
80,0.010765268817381917,0.014367953606835236,,False,0.9391505171201928,0.9278519214080467,0.8942660225733837,0.9047363064904089,0.9144578313253012,0.902327716502656,0.8643075090709663,0.8743507031244433
81,0.010683770598281475,0.014306116747217615,,False,0.9401546339993976,0.929099413339176,0.8959844320769421,0.9064764563737445,0.9132530120481928,0.896401391854215,0.8648738184272299,0.874035358216259
82,0.010608770674000062,0.01427339827419422,,False,0.9403554573752385,0.9293353651983688,0.8961723758279061,0.9066535949319174,0.9140562248995984,0.8981100751741723,0.8673144683975808,0.8765633149629147
83,0.010564609804411538,0.014265029713589606,,False,0.9403554573752385,0.9288737258137308,0.8965819394436099,0.9069223904303434,0.9156626506024096,0.902315162119966,0.8687659533589895,0.8785808315015272
84,0.010477609741120365,0.014172411823543217,,False,0.9405562807510794,0.9287817576223694,0.8963868200197006,0.9066821209290418,0.9164658634538153,0.9020214421919484,0.8678731332925618,0.8775195677624114
85,0.010407055198310823,0.014111539983418141,,False,0.9408575158148409,0.9293894924253561,0.8974987190575704,0.9078101756837635,0.9192771084337349,0.9083599670862584,0.8721279350953187,0.8824948644112164
86,0.010342470729914953,0.014082172708000468,,False,0.9408575158148409,0.9297926398085333,0.8966683118088586,0.9071257041684948,0.9172690763052209,0.906603604624513,0.8702881472890319,0.8806531230870669
87,0.01027279773145361,0.014003726959769754,,False,0.9412591625665228,0.9283820470770272,0.8978755906177223,0.9078633914656048,0.9172690763052209,0.9036073308957864,0.8703048579465087,0.8800842105004146
88,0.010210985268569757,0.01400007414956671,,False,0.9419620443819661,0.931815483544505,0.8985073985684247,0.9091114006130131,0.9172690763052209,0.9066746323806663,0.870275961247168,0.8806513151311661
89,0.010150199861938028,0.013956617242125989,,False,0.9424641028215685,0.9309083951296723,0.8993871491947156,0.9096771976730508,0.9164658634538153,0.9028445764608372,0.8695168195420777,0.8793367834741317
90,0.010087100276712124,0.013891597233564965,,False,0.9424641028215685,0.9320738036073359,0.9006340430957833,0.9110428695629668,0.9176706827309237,0.9040246601461133,0.8706156174876164,0.880456035732287
91,0.010037471335722175,0.01389086271539872,,False,0.9433678080128527,0.9318000372706403,0.9023223504210287,0.9123535918546146,0.9168674698795181,0.9005007478359198,0.869896719533066,0.8791519654927514
92,0.009970718048013229,0.013846551821901892,,False,0.9435686313886936,0.933235609963671,0.9025072126510759,0.9128416246769299,0.9176706827309237,0.9039703874751215,0.870646823906481,0.8804482894188685
93,0.009895285925372681,0.013773464950025094,,False,0.9439702781403755,0.9345009876520253,0.9033013376904844,0.9137682736712686,0.9188755020080321,0.9024957011333115,0.8717468857421724,0.881015588775751
94,0.009843739506657017,0.013767615319575693,,False,0.9446731599558189,0.9328227064621277,0.90479497119374,0.9145276070937131,0.9192771084337349,0.9055722591403043,0.8721421085856628,0.8819269872900131
95,0.009781046851819613,0.013706743912626915,,False,0.9447735716437393,0.9327135981725524,0.9061555782224667,0.9156061963740508,0.9184738955823293,0.9047532276927313,0.871378554280231,0.8811784139201623
96,0.009735655454147854,0.013723375711666132,,False,0.9457776885229441,0.9344203698484098,0.9074739470457307,0.917072854727551,0.9180722891566265,0.9019179060965824,0.8709927622506901,0.8802796079141142
97,0.009673761460630969,0.013640779413163565,,False,0.9456772768350236,0.9347792424823993,0.9069799349655084,0.9167594403563515,0.9200803212851406,0.9092039171981702,0.8728634401745587,0.8832414271443572
98,0.009629104902059992,0.013613658822554102,,False,0.9451752183954212,0.9345123241212906,0.9073426750444287,0.9170788773594367,0.9176706827309237,0.9012934451705265,0.8706007144691841,0.8799317998985848
99,0.009558968342889421,0.01354601928590443,,False,0.945978511898785,0.9336509102573157,0.9085312888610111,0.9176897679983811,0.9196787148594378,0.9058395672408324,0.8724777805423238,0.8822800762283871
100,0.009512350424780018,0.013506132288806018,,False,0.9461793352746259,0.9338109099057323,0.9087307900158361,0.9178786080379182,0.9192771084337349,0.9054101836755769,0.8721446457527955,0.8819257969420204
101,0.009456140149026925,0.013490417367116345,,False,0.9466813937142283,0.9359327559007133,0.908743889139228,0.9184511371283892,0.9204819277108434,0.9095351254406666,0.8732298902335303,0.8836267111276326
102,0.009406397245870186,0.01348664312642608,,False,0.9472838638417512,0.9367668192449169,0.9101341987477706,0.9197316824296526,0.9192771084337349,0.9056474955509992,0.8721100665931996,0.8819588730859876
103,0.009346652408642488,0.013450652537843994,,False,0.9479867456571945,0.9355069757642335,0.9120371647620047,0.9208367940620791,0.9204819277108434,0.9066473203227035,0.8732222288072791,0.883071890565946
104,0.009297002001273131,0.013405805382169074,,False,0.9477859222813535,0.9389836591025466,0.9105948518485756,0.9207013317862136,0.9208835341365462,0.9070233467137386,0.8735732236164424,0.8834450267784066
105,0.009246055747995707,0.013363952370088765,,False,0.9479867456571945,0.9391435213831235,0.910770272677779,0.9208811783138913,0.9200803212851406,0.9061872391889266,0.8728417113034739,0.8826950545339787
106,0.009190490357013489,0.013343613777514345,,False,0.9479867456571945,0.9386815132403137,0.9111966746994844,0.9210923630796584,0.921285140562249,0.9102380869294586,0.8739570103281918,0.8843577885553552
107,0.009144967008896656,0.013332918457282562,,False,0.948087157345115,0.9383642163273372,0.9121284824810699,0.9217415669275698,0.9220883534136546,0.9088037547346137,0.8763945234879044,0.8862873078532035
108,0.009100507486709425,0.01328359711240347,,False,0.9481875690330355,0.9394603261134387,0.9113882821955982,0.9214520524343123,0.921285140562249,0.910881591635481,0.8756340975106267,0.8861428162472509
109,0.009053974229359727,0.013243297050334904,,False,0.9483883924088764,0.9379703785408928,0.9140897722578202,0.9230988231453691,0.9228915662650602,0.9124619127184498,0.8771485145820805,0.8876249184115963
110,0.009012452661653651,0.013224566978473701,,False,0.9483883924088764,0.9394372162556586,0.9132316567297387,0.9229216043845082,0.9216867469879518,0.9082255785797868,0.8759622140865471,0.8858667407507628
111,0.008949977571646886,0.013180141887178889,,False,0.9488904508484788,0.9373802456958101,0.9145372557708593,0.9232524847942566,0.9224899598393574,0.9099901465606121,0.8784354175166675,0.8883990500411632
112,0.008915478242845653,0.013147643354954643,,False,0.9491916859122402,0.938928362871053,0.9156600142353977,0.9245314702558672,0.923293172690763,0.908214403429159,0.8792061277508049,0.8885472659657054
113,0.008863630941045336,0.013139401167113462,,False,0.9494929209760016,0.9401052126791369,0.9151026675805275,0.9244546365943482,0.9236947791164659,0.9110799556542248,0.8795133470482734,0.8894886343510507
114,0.008813163321180859,0.013120666443556018,,False,0.9495933326639221,0.9387636222348102,0.9160161327781849,0.9247531918518087,0.923293172690763,0.9081436697800377,0.8791716725060307,0.8885496055449101
115,0.008771459368587085,0.013092035206844474,,False,0.9500953911035245,0.94013199019992,0.9156164347693357,0.9248378844818278,0.9216867469879518,0.9067553979990165,0.8776777373804774,0.8870838646804824
116,0.008734870470868716,0.013077485489351476,,False,0.9504970378552063,0.9402507713086438,0.917258069031068,0.9260845917368585,0.9228915662650602,0.9085762210600554,0.8804899795382294,0.8898428257074608
117,0.00868510294390523,0.013062956478460735,,False,0.9505974495431269,0.9395472632045547,0.9185992529478642,0.9268651917799716,0.9240963855421687,0.9087896030333761,0.8799211593666286,0.8892428951021173
118,0.008636489944535971,0.0130170390584964,,False,0.9504970378552063,0.9389727351036041,0.9185307243520897,0.9266187998648073,0.9244979919678715,0.9099601729544907,0.8819356230189594,0.8912812733886329
119,0.008592043265750228,0.01299291758656256,,False,0.9508986846068882,0.9393168150248888,0.9188925299943307,0.9269809019212472,0.9248995983935743,0.9102478264652356,0.882302073077931,0.8916100035906014
120,0.008559938627364146,0.012986197173740822,,False,0.9508986846068882,0.9400884525243202,0.9176089124115406,0.9262929851502008,0.9244979919678715,0.9106778832930479,0.8835987369025207,0.8928792023554271
121,0.008512480190034687,0.012937531591666504,,False,0.9509990962948087,0.9393293545044357,0.918566018289051,0.9267552261302119,0.9240963855421687,0.9102414031984032,0.8832373433085032,0.8925238288369532
122,0.008471310608186278,0.01291343819803428,,False,0.9521036248619339,0.9414370473352734,0.9220955331279888,0.9298959010028273,0.9244979919678715,0.9099730650022249,0.8819395097397207,0.8912601034321859
123,0.008441273083865957,0.012894114883685864,,False,0.9520032131740135,0.9431241242312203,0.920762807192898,0.9295037398222957,0.9244979919678715,0.9100581166246476,0.8819471711659718,0.8913064726769644
124,0.008392715763437529,0.01290098965128397,,False,0.951902801486093,0.9435388229727489,0.9201971530785096,0.929233589603711,0.9248995983935743,0.9111286424357581,0.8839792544063259,0.8932822744542572
125,0.008351395712769402,0.01286810386360021,,False,0.9522040365498544,0.9419647303554621,0.9238720636617495,0.9312971937170185,0.9261044176706827,0.91284869354558,0.886791496564078,0.8959345686354584
126,0.008306749152752821,0.012843567920569744,,False,0.9521036248619339,0.9427678205609333,0.9212466553644979,0.9297396997260583,0.9248995983935743,0.9110961457470916,0.8840060397423647,0.8932731471670157
127,0.008269718062846923,0.012826988217345991,,False,0.9534089768049001,0.9434534452668901,0.9249800589033388,0.9325626621692362,0.9261044176706827,0.9127257650963188,0.8868029590476145,0.8959401480900924
128,0.008230225424427168,0.01280147539752465,,False,0.9530073300532182,0.9443759414592101,0.9233481323787751,0.9317466896345229,0.9244979919678715,0.9106713705479463,0.8836191162199769,0.8929243850762446
129,0.00820650947764037,0.012783287888115428,,False,0.953609800180741,0.9445051751761677,0.9268549229211526,0.9341957489811735,0.9257028112449799,0.9123656535978095,0.8864236969514779,0.8955701402521731
130,0.00815352158705659,0.0127592801957402,,False,0.9537102118686616,0.9441325922325969,0.92692835509625,0.9341114494756033,0.9257028112449799,0.9124385263070537,0.886436508988643,0.8955893434948459
131,0.008121759542439173,0.012759191754276925,,False,0.9545135053720253,0.9453649241036702,0.9276640531155051,0.935025117691121,0.9261044176706827,0.9126955158113506,0.8867786930093969,0.8959050277873788
132,0.008079482049511576,0.012731266995433446,,False,0.9543126819961844,0.9452292905210401,0.9279070844806214,0.9351474649276807,0.9265060240963855,0.9137008993188438,0.8888350422879684,0.8978201864616913
133,0.00803992692896137,0.012710014669961146,,False,0.9547143287478662,0.9464485907980696,0.9299478722243677,0.9369183020457699,0.9253012048192771,0.912118923597235,0.8860445290013012,0.8951897011999468
134,0.008007989829198372,0.012701304816644303,,False,0.9545135053720253,0.9461784430283389,0.9293393772950248,0.9364367613262016,0.9265060240963855,0.9117096141079534,0.8888478458426492,0.8972681848956088
135,0.007972105410949063,0.012677237730687557,,False,0.9551159754995482,0.9471226274874343,0.9294787543838502,0.9368386838199056,0.9261044176706827,0.9157542502949045,0.888481404266162,0.8980700473296823
136,0.007932670661331886,0.012641930089371329,,False,0.9554172105633095,0.9474471764276158,0.9301863362799523,0.9374423241133056,0.9244979919678715,0.9112106675945747,0.885288550458645,0.8944565683633375
137,0.007895913079059255,0.012650649774528986,,False,0.95551762225123,0.9470732773847287,0.9302683592802415,0.9373529336490347,0.9257028112449799,0.9129888382208442,0.8880893301328603,0.8970895370945821
138,0.007869205217335,0.012637623684575588,,False,0.9561200923787528,0.9476543841267144,0.9312522573722516,0.9381998834044969,0.927710843373494,0.913313529767609,0.8916092770577568,0.899765615402106
139,0.007838252029996837,0.012621299266288438,,False,0.9556180339391506,0.9477480910238805,0.930776191469943,0.9379092355991967,0.9253012048192771,0.9105725353708716,0.8877255113869815,0.8960875898847378
140,0.007799869039583899,0.012616728330879602,,False,0.9564213274425143,0.9488849546339638,0.9310983289146405,0.9385428265677324,0.923293172690763,0.9085717640689176,0.8858190286647102,0.8942240452998421
141,0.00775919660684815,0.012569751248462784,,False,0.9570237975700372,0.9494118221306604,0.9316572501202229,0.9390877182465882,0.9269076305220884,0.9140554498736216,0.8892232212180247,0.898176368509453
142,0.007733613022261681,0.012584353493844739,,False,0.9562205040666734,0.9478237043538201,0.9313305705654812,0.9383076842864138,0.9257028112449799,0.9109521619738461,0.8881008782798726,0.8965022172216863
143,0.00770460698188847,0.012564685038184021,,False,0.9569233858821167,0.9494851559131902,0.9324071899117562,0.9395965156510633,0.9253012048192771,0.9127938232138568,0.8877344282209011,0.8967276786921037
144,0.007676155769613015,0.012576232564150521,,False,0.9568229741941962,0.948519384494023,0.9327334687549342,0.9394620194409607,0.9253012048192771,0.910578642557168,0.8877280222023186,0.8961157520268319
145,0.0076321616141822556,0.012525939441863627,,False,0.9572246209458781,0.94952997813515,0.9314263559765463,0.9389680883253371,0.9257028112449799,0.9107538872537739,0.8880359998923945,0.8964174523353794
146,0.007599882221541441,0.01251132032856268,,False,0.95762626769756,0.950525819428929,0.9326405234748876,0.9401224889515561,0.9269076305220884,0.9140727537409601,0.8891839584223925,0.898147504150978
147,0.0075815588742683595,0.012519188942107002,,False,0.957425444321719,0.9501949662101354,0.9316154817015734,0.9393356954467927,0.9244979919678715,0.9095851923801475,0.8868880413623964,0.8952874109724578
148,0.00754846760872811,0.012472971749114934,,False,0.95762626769756,0.9506726094124287,0.9334822548771837,0.9407183831160457,0.9257028112449799,0.9130050343378873,0.8880628793743932,0.8970139688966741
149,0.007518322836643102,0.012494061244892815,,False,0.9577266793854805,0.9500540257313838,0.9323113199139517,0.9397421371623721,0.9244979919678715,0.9096157063084641,0.8868969581963158,0.8952888675660071
150,0.0074874928848350465,0.012453856833126269,,False,0.9573250326337985,0.9495374699160405,0.9310996222437975,0.938750913611093,0.9253012048192771,0.9147234916878182,0.887656746278742,0.897240200996314
151,0.007447679613071428,0.012448922151562748,,False,0.9579275027613214,0.9504609257616257,0.9337545207048754,0.9408352484960688,0.9248995983935743,0.9100651402303092,0.8872966937558688,0.8956718198052798
152,0.007421684091312787,0.012448188785978212,,False,0.957425444321719,0.9504226939050651,0.932872049434807,0.9402385233224823,0.9261044176706827,0.9139512624653402,0.8901153419322034,0.8988959848470088
153,0.007393629967517392,0.012409306346152171,,False,0.9578270910734009,0.9507293604507807,0.9328320677588976,0.9403052107061757,0.9257028112449799,0.9128953568340022,0.8880564733558107,0.8969977416116817
154,0.0073589609025370645,0.012410900029714537,,False,0.9580279144492418,0.9509562187389682,0.9334321951275649,0.9407949011270215,0.9257028112449799,0.9128797545279487,0.8880513227448965,0.8970084926718285
155,0.007338454596306854,0.012402135708148848,,False,0.9582287378250829,0.9507142263247196,0.9340326205920468,0.9411053356231724,0.9265060240963855,0.9126274818880097,0.8921448202112603,0.9000532630083877
156,0.00730727572147851,0.012409174125056236,,False,0.9584295612009238,0.9508434968511114,0.9337874681331818,0.9409913468110892,0.9244979919678715,0.9117608726400438,0.8869161762520636,0.8958907400130438
157,0.007286659475219447,0.012371044974473704,,False,0.9582287378250829,0.951722216114191,0.9340444765628936,0.9414572914857293,0.9265060240963855,0.9142758195411198,0.8904958594360086,0.8992550994710518
158,0.007255406411010796,0.012354506841574539,,False,0.9587307962646852,0.951315818866519,0.9353165903918951,0.9421508538504049,0.9281124497991968,0.916233534809019,0.8936495535737031,0.9021911551328385
159,0.007227237374255299,0.01233582450422671,,False,0.9587307962646852,0.9517418332244074,0.9349063452824377,0.9420296092119449,0.927710843373494,0.9158509148923915,0.8932831119972158,0.901791321944438
160,0.007203501615404374,0.012354374628306347,,False,0.9589316196405262,0.9523493882278685,0.9346737731604229,0.9421142993639139,0.9253012048192771,0.9147495184138589,0.887648334942368,0.8972353798867293
161,0.007169271848362555,0.012303788789453847,,False,0.9589316196405262,0.9523483872738819,0.9346718534929435,0.9421033354637205,0.9281124497991968,0.9161718274900686,0.8936495620561874,0.9021591708618872
162,0.007153383397176985,0.012365429387994616,,False,0.9592328547042875,0.9528194558490698,0.9361996141512038,0.9432846221439056,0.9269076305220884,0.9161469877415465,0.8958711177085296,0.9038661354870925
163,0.0071184940701878715,0.012322594853177984,,False,0.9594336780801286,0.9534906141033793,0.9363706384609457,0.943644399339521,0.9261044176706827,0.9148785100609287,0.8934393930545829,0.9017285934685488
164,0.007093754605807069,0.012289630976533537,,False,0.9592328547042875,0.9532428484562442,0.9357699296245188,0.9431611881936605,0.9269076305220884,0.915083719388635,0.8925092649524403,0.9010584182357483
165,0.007068019310506245,0.012294675183948988,,False,0.959534089768049,0.9536002734460067,0.9364778919949145,0.9437357657893569,0.927710843373494,0.9163490337210732,0.8949602076621349,0.9032084494321615
166,0.007038415465397252,0.012269525897171247,,False,0.9596345014559695,0.9536957380214157,0.9365691092168151,0.9438346833202442,0.9269076305220884,0.9155947915362785,0.8942004280621931,0.902465802897543
167,0.007012672706245665,0.012264437975586146,,False,0.9597349131438899,0.9537773583174219,0.9366611159694358,0.9439286854031805,0.9265060240963855,0.9152168582151035,0.8938199105583879,0.9020923415931689
168,0.006997583179161232,0.012277772176989422,,False,0.9600361482076514,0.9545133482263299,0.9365213293146923,0.9440776134854425,0.9269076305220884,0.9152087454809892,0.8925348805442864,0.9010797970125789
169,0.006969157964917958,0.012245859576211413,,False,0.9602369715834923,0.954284827532641,0.9375484984658241,0.9446687989764252,0.9285140562248996,0.9175680595412454,0.8973919323160818,0.9053315472726133
170,0.00694822489734998,0.01226859786331252,,False,0.9606386183351742,0.9546195912663431,0.9374847378093614,0.9447514252461152,0.9269076305220884,0.9156798754805331,0.8942004280621931,0.9024915793931068
171,0.006923017049890411,0.012239927813508937,,False,0.9605382066472538,0.9546362065153543,0.9382474685381992,0.9452407651847411,0.9281124497991968,0.917264390127313,0.8970190762385278,0.9049783403588259
172,0.006890799784717411,0.012228934883614607,,False,0.9608394417110152,0.954850474514265,0.9381043516850825,0.9452408098679026,0.9273092369477912,0.9164830948106822,0.896251635212335,0.9042335070359832
173,0.006904260829461084,0.012246011281955778,,False,0.9600361482076514,0.9550176725993723,0.9360952264802866,0.9439723033498298,0.9273092369477912,0.9156078636345661,0.8928776820778572,0.9014333087395701
174,0.006852121645647104,0.012227689508330341,,False,0.9611406767747765,0.954668384199986,0.9387987155051852,0.9456113488356367,0.9273092369477912,0.9164178934660198,0.896232511302547,0.904192142074126
175,0.006822704225936623,0.012202188221784852,,False,0.9608394417110152,0.9547751448044318,0.9376841978617727,0.944933565087296,0.9273092369477912,0.9164992700899417,0.8962580412309175,0.9042274907514598
176,0.006799376584158281,0.012188539012969077,,False,0.9611406767747765,0.9551941259868859,0.9387974919575373,0.9458019977602259,0.9285140562248996,0.9176121489417746,0.8973740638139626,0.9053175959915026
177,0.0067762304496979415,0.01217208463910261,,False,0.9608394417110152,0.9548928851547345,0.9385214930602359,0.945528994085923,0.9273092369477912,0.9164704623554092,0.8962503798046664,0.9042268568980185
178,0.006752353912447199,0.01215988851596339,,False,0.9610402650868561,0.9560408912515747,0.93829210135723,0.9457897226527329,0.9281124497991968,0.9172588762275724,0.8970190762385278,0.904971149947464
179,0.006733456001350345,0.012176717449077295,,False,0.9615423235264585,0.9560520982442614,0.9391704594797817,0.9463556680571443,0.9285140562248996,0.9175974663064657,0.8973740638139626,0.9053161559599583
180,0.006710374458247408,0.01216884051974575,,False,0.961441911838538,0.9559493307250069,0.9390669924517989,0.9462697866597184,0.9269076305220884,0.9160885577795326,0.8958519937987419,0.9038339366670224
181,0.006688429216289621,0.012123767943217612,,False,0.9613415001506175,0.9563112817410921,0.9385673510967655,0.9460638882909846,0.9289156626506024,0.9179279209744933,0.8977538577594406,0.9056974992366137
182,0.006665336489405344,0.012149153683963755,,False,0.9615423235264585,0.9551731473507012,0.940007717393184,0.9465788007702984,0.927710843373494,0.916810570522927,0.8966002167691871,0.9045649718269677
183,0.006642453269898684,0.012112276854653546,,False,0.9619439702781404,0.9565137480731087,0.940388540369221,0.9473094031325837,0.9285140562248996,0.9176158273841012,0.8973931877237504,0.9053459233920788
184,0.0066239776020019835,0.012120382921545096,,False,0.9617431469022995,0.9562478547792842,0.9393571124799899,0.9465448641554686,0.9285140562248996,0.9176108075497077,0.8973618777720986,0.90531487947738
185,0.006601378092425672,0.012131443527989736,,False,0.9620443819660609,0.955286751089693,0.9413040335398795,0.9474244690555538,0.9281124497991968,0.91720379362831,0.8969494243213406,0.9049260516916584
186,0.006588047251053683,0.012105087914236985,,False,0.9623456170298222,0.9569481426156057,0.9411617499292753,0.9479611943379633,0.9281124497991968,0.9171938262317574,0.896987766286876,0.904917978778387
187,0.006572848525827881,0.012055351357742144,,False,0.9626468520935837,0.9567196099381271,0.9414599055320821,0.9480672254921492,0.929718875502008,0.9207300561388679,0.8984892686927206,0.9071199688538419
188,0.0065385519841956565,0.012071798628679456,,False,0.9629480871573451,0.9570010235119386,0.9417296045551183,0.9483496773286626,0.9285140562248996,0.9156091174499793,0.8973401404185297,0.904671941040416
189,0.006515216324961149,0.012075986038046872,,False,0.9622452053419018,0.956368306731492,0.9410778468750998,0.9476925955708262,0.9289156626506024,0.9160537871138703,0.8977359892573212,0.9050523394160648
190,0.006505189294436424,0.012071633700697672,,False,0.9627472637815042,0.9564060580827041,0.941963772321755,0.9482470784877471,0.9285140562248996,0.9156748320590253,0.8973792059423924,0.9046775420635113
191,0.006481842349993905,0.012072112609623502,,False,0.9628476754694246,0.9578553694389063,0.9412066478475837,0.9483211840024519,0.9285140562248996,0.917624793689641,0.897348427840082,0.905318575086466
192,0.00646055878829187,0.012057847182766495,,False,0.9631489105331861,0.9586306303864262,0.941486573190002,0.9488032645594972,0.927710843373494,0.9168320569106658,0.8965745807953065,0.9045789987330873
193,0.006436297510264753,0.01206224815057421,,False,0.9631489105331861,0.9572626773613777,0.9423124812549157,0.9488094387689964,0.9293172690763052,0.9183456239659615,0.8980775269007394,0.9060504290419961
194,0.00641211635119792,0.012058316249082351,,False,0.9635505572848679,0.9576719675615772,0.9431046260698311,0.9494636975207461,0.927710843373494,0.9149096272255939,0.8965740489459653,0.9039189518504425
195,0.00639328738744628,0.012024373530734146,,False,0.9635505572848679,0.9571854483495927,0.9431219439324054,0.9492863397592508,0.9293172690763052,0.91834634219314,0.8980851026635148,0.9060667724162044
196,0.006379711789495914,0.01203246415882981,,False,0.9636509689727885,0.9586321420717029,0.9423619169947448,0.9493488969458984,0.9289156626506024,0.9174540633935234,0.8960390461242871,0.9042846728346233
197,0.006376632638588474,0.012010852845713866,,False,0.9637513806607089,0.9597293844297137,0.9424686933848747,0.949839401472372,0.9293172690763052,0.9183010576846292,0.8980697713285283,0.9060595062788
198,0.006339629243368572,0.011992736204099767,,False,0.9637513806607089,0.9587113469605164,0.9424659624390108,0.9494465603752941,0.9301204819277108,0.9185675216932478,0.8971613805799549,0.9054172960857395
199,0.0063174731341525195,0.01199145421282686,,False,0.9641530274123908,0.9582698659087351,0.9440959045931466,0.950302351887405,0.929718875502008,0.9167516197624095,0.898470770778234,0.905782755247
200,0.006296402420924112,0.012004197776231563,,False,0.9638517923486294,0.9584280080750003,0.9433832775161183,0.9499299732704226,0.9285140562248996,0.9175881469568387,0.8973049437461166,0.9053000654343588
201,0.006281001843251859,0.011991096759235246,,False,0.9637513806607089,0.9583251266212324,0.9432976456762415,0.9498294776954092,0.9289156626506024,0.9160471881416262,0.8977238032154573,0.905041091407053
202,0.00626265139659955,0.011993744575789587,,False,0.9639522040365499,0.9580935516447939,0.9439039954524205,0.9501122036196743,0.9285140562248996,0.915673453101108,0.8973496917302347,0.9046590682084091
203,0.006254136691307958,0.01204200963238172,,False,0.9641530274123908,0.958264920468802,0.944068376662248,0.950279446637354,0.929718875502008,0.9168236509124357,0.8984541661662675,0.9057742225607011
204,0.006242018931348659,0.012000855620529442,,False,0.9641530274123908,0.9578445311344626,0.9444922065282534,0.9503676217979007,0.9281124497991968,0.914770584269601,0.8952920785615104,0.9029084322103217
205,0.0062087392265206985,0.011951818423631487,,False,0.9640526157244703,0.9581797539575897,0.9439973661340265,0.9502013778242269,0.9281124497991968,0.914770584269601,0.8952920785615104,0.9029084322103217
206,0.006185267765647041,0.011955642615197305,,False,0.9646550858519932,0.9592273795053915,0.9445489423425184,0.9509590087887541,0.929718875502008,0.9167149911895147,0.89843117340503,0.9057633609883582
207,0.006162750186952686,0.011939705465774102,,False,0.9645546741640727,0.9586449680673561,0.944459998089018,0.9506744806903479,0.929718875502008,0.9167486456182503,0.8984464962575323,0.9057723441339492
208,0.006155935081241914,0.011949559663008901,,False,0.9649563209157546,0.959942635859871,0.9448183153210875,0.9513958464904501,0.9289156626506024,0.9154374768269258,0.8960109968980956,0.9036326450709061
209,0.006137117392874802,0.011917928689591952,,False,0.9644542624761522,0.959503774142576,0.9443603779813725,0.9509409662100814,0.9289156626506024,0.9154813651042717,0.8960377907166186,0.9036480618365483
210,0.006113082977391307,0.011912153452530203,,False,0.9649563209157546,0.9595233041539153,0.9452447805548966,0.9515036368173065,0.9293172690763052,0.9163028670099885,0.898086478568939,0.9053875693142649
211,0.006095370255325003,0.011918015449718536,,False,0.9648559092278342,0.9603552749221868,0.9447243930803657,0.9514969631601973,0.9289156626506024,0.9154906839839749,0.8960135161959167,0.9036454444897883
212,0.006077761799727218,0.01189844611802988,,False,0.9650567326036751,0.9595640811636957,0.94491785594037,0.9513154190192389,0.929718875502008,0.9161821381569712,0.8967719462422301,0.904396912731989
213,0.006057150496621213,0.01191288754322158,,False,0.9651571442915955,0.9601218588293506,0.9449900265139948,0.9515720354070594,0.9281124497991968,0.914755283953776,0.8952601426145576,0.9029034597690967
214,0.006047133294612924,0.01192308895428409,,False,0.9651571442915955,0.9597428024523675,0.9454102796068253,0.9516819779818348,0.9285140562248996,0.9151684677520691,0.8956406601183627,0.9032841495214249
215,0.0060279147012890525,0.011906551534382628,,False,0.9658600261070388,0.9604404497569542,0.9469123805679698,0.9528808654313027,0.9293172690763052,0.9163604233571108,0.8980775353832237,0.9053751005522981
216,0.006020361407160534,0.011888029592091141,,False,0.965257555979516,0.959844495523283,0.945936328722124,0.9520439064180705,0.9289156626506024,0.9154813651042717,0.8960377907166186,0.9036480618365483
217,0.005990831420786207,0.011887928982920482,,False,0.9662616728587208,0.9611984882318468,0.9464247025501411,0.9528812443307171,0.9285140562248996,0.915078492144079,0.8956189312472779,0.9032685431304266
218,0.005986026872861899,0.011900446623590038,,False,0.9662616728587208,0.9602221366503101,0.9464459146458578,0.9525071475092077,0.9293172690763052,0.9139008381963519,0.89637682944425,0.9033792521915449
219,0.005956182507387963,0.011862496729532124,,False,0.9663620845466412,0.9612880113035627,0.9465133786164708,0.9529690717799529,0.9285140562248996,0.915138476980276,0.8956533780095679,0.9032948074904945
220,0.005940951658053943,0.011882389892868026,,False,0.9665629079224822,0.9611019154200728,0.9475418564914817,0.9535331044040868,0.9273092369477912,0.9139996083263208,0.8944927015883647,0.9021454039978926
221,0.0059245814669905954,0.011854721529716738,,False,0.9668641429862436,0.9613643588106415,0.9478178725699653,0.9538036009594916,0.929718875502008,0.9142959799458575,0.8967650083743064,0.9037589905652246
222,0.00590765919395283,0.011874143593291342,,False,0.9667637312983232,0.9612831547332943,0.9477175754164998,0.9537129020941953,0.9273092369477912,0.9140138282002545,0.8944927015883647,0.9021539971650253
223,0.005890539420481424,0.011839283691887368,,False,0.9670649663620845,0.9615572846381235,0.9479941106881429,0.9539859424296073,0.9269076305220884,0.9136376279592913,0.8941185901031421,0.9017726869894336
224,0.0058734681682341494,0.011840407589782467,,False,0.9668641429862436,0.9618394878382114,0.9478073693249309,0.9539816381101807,0.9289156626506024,0.9154693904643278,0.8960135161959167,0.903631958386766
225,0.0058575116443124456,0.011844892629591236,,False,0.9669645546741641,0.9619812071992412,0.9483215966665504,0.9543586656174775,0.9285140562248996,0.9132334537252927,0.8956439293263069,0.90264550136309
226,0.00584465147057907,0.011824988312117956,,False,0.9668641429862436,0.9623285845921902,0.9478073693249309,0.9541709772221321,0.9289156626506024,0.9154625327867192,0.8960199222144993,0.9036140871945894
227,0.005829271459079857,0.01185672450284325,,False,0.9672657897379255,0.9617895599476824,0.948599987302084,0.9544484308124959,0.9273092369477912,0.9109689467573663,0.8961730664612281,0.9022834173844765
228,0.005820888282884253,0.01188868302972062,,False,0.9669645546741641,0.961537568034432,0.9483160896814046,0.954178032231732,0.9273092369477912,0.9109988702412947,0.8961743218688967,0.9022940473153466
229,0.005802222173512885,0.011817139577485675,,False,0.9670649663620845,0.9625509487056405,0.9484126943797562,0.9546319837717522,0.9293172690763052,0.915808655964692,0.8963927782920535,0.9039787349609755
230,0.005781034836375135,0.011818557655812216,,False,0.967366201425846,0.9623559043524254,0.9486933579836899,0.9547311182905107,0.9281124497991968,0.9128403854420905,0.8952570058039192,0.9022697853181787
231,0.005763279694596374,0.011804432766191031,,False,0.9674666131137665,0.962443935624254,0.94878350937242,0.9548212036705412,0.929718875502008,0.9148385267261947,0.8984375794236126,0.9051178943109837
232,0.005747122302232622,0.011812933776953206,,False,0.9674666131137665,0.9624380551957571,0.9487819556531417,0.9548138197805174,0.9289156626506024,0.9124477919388,0.8977015424950312,0.9037808923936379
233,0.005735900478873655,0.011836515477060721,,False,0.9676674364896074,0.9626635789106341,0.9493764150635291,0.9552657659208551,0.9289156626506024,0.912414200111091,0.8977015424950312,0.9037648296735801
234,0.005718090315452584,0.011805547571235081,,False,0.9674666131137665,0.962448146594717,0.9487825072122575,0.9548175044687485,0.927710843373494,0.9113497158875666,0.8965612453912843,0.9026674709487117
235,0.005708153876018674,0.011835674130872898,,False,0.9674666131137665,0.9624622124394562,0.9487659222311896,0.9548176076010234,0.9273092369477912,0.9109877355205374,0.8961871339060618,0.9022947539402527
236,0.00571750133220394,0.011793099472867212,,False,0.9677678481775278,0.9627301033704766,0.9490566056522501,0.9551033581759779,0.9289156626506024,0.9125625164279564,0.8976618424933829,0.9038024237397815
237,0.00566926782847378,0.011783536525170966,,False,0.9676674364896074,0.9626674640736402,0.9493764150635291,0.9552678914841627,0.9285140562248996,0.9120750666023084,0.8973210249912261,0.9034071672839471
238,0.005664266331352147,0.011764571817886602,,False,0.9678682598654483,0.9629130244148061,0.9499760098854743,0.9557313785527892,0.9293172690763052,0.9127992788316343,0.898088466017419,0.9041411811481157
239,0.005652858946943424,0.011756633547529122,,False,0.9674666131137665,0.9629284259835951,0.9487652029820676,0.9549931734186897,0.9289156626506024,0.911817857820174,0.8960372588672774,0.9023955589509245
240,0.005626202170650805,0.011767873141897603,,False,0.9679686715533689,0.9630030534265354,0.9500725214630782,0.9558255749186552,0.9289156626506024,0.9124161368207715,0.8976951364764487,0.9037704547126975
241,0.005612364221741719,0.011759474846978379,,False,0.9679686715533689,0.9630129403705465,0.9500699321261961,0.955828731970903,0.927710843373494,0.9113849742557214,0.8965727935382967,0.9026808014962651
242,0.005602292191831068,0.011734306409336587,,False,0.9681694949292098,0.9631954906862599,0.9502571466516458,0.9560125746716002,0.9289156626506024,0.9124085065530261,0.8976862111600449,0.903776591217607
243,0.005592265611902461,0.011768988657194734,,False,0.9682699066171302,0.9632888760276798,0.9503400249844677,0.9561038452693654,0.9281124497991968,0.9116615711937042,0.8969597255431686,0.9029974225134233
244,0.005571138349781302,0.011751459429483696,,False,0.9682699066171302,0.9637197900043444,0.9499265306734903,0.9560228834723864,0.9285140562248996,0.9138272951685941,0.8973088304668779,0.9040305633568639
245,0.005564668905798205,0.011740807926919018,,False,0.9684707299929712,0.9635551938097849,0.9513710169965217,0.9568262119953952,0.9289156626506024,0.9107325552102705,0.8977252851663918,0.9031420804204421
246,0.005542904011323046,0.01170750100903348,,False,0.9684707299929712,0.9644578876878198,0.9509474553176871,0.9569426610565162,0.9285140562248996,0.9120704976677823,0.8973185056934049,0.9034109984815445
247,0.00552612412848547,0.011710648244460078,,False,0.9684707299929712,0.9635195998808022,0.9509557639911992,0.956565955453999,0.9289156626506024,0.9107418902327775,0.8977035478128228,0.9031700420255522
248,0.005523720758099031,0.011740298319879031,,False,0.9684707299929712,0.9635644209362577,0.9513674996078311,0.9568368080983216,0.9269076305220884,0.9076111941809537,0.8957970650905513,0.9007900757333123
249,0.005511589052521172,0.011694448724067013,,False,0.9688723767446531,0.9639226407416817,0.9517479088061145,0.957207127582429,0.9309236947791165,0.9143722941202272,0.8995631746047406,0.905680130931994
250,0.005481597920188465,0.011697886360784357,,False,0.9685711416808916,0.9636551766278525,0.9514677967612966,0.9569294175990173,0.9289156626506024,0.9108248043634286,0.8977035478128228,0.9032015072711985
251,0.005470302724372189,0.011692926503751037,,False,0.9686715533688122,0.963747873112674,0.9515559212685104,0.9570235526703078,0.9289156626506024,0.9124607905504298,0.8976990231972101,0.9037865146305505
252,0.005453874177059199,0.011687958375597133,,False,0.9684707299929712,0.963565670887881,0.9513739529174526,0.9568383339242273,0.9289156626506024,0.9108248043634286,0.8977035478128228,0.9032015072711985
253,0.005441034662465444,0.011713620179066667,,False,0.9686715533688122,0.9637517144103703,0.9515564728276262,0.9570237608848863,0.9289156626506024,0.9092757669759062,0.8977169892623552,0.9026222928869938
254,0.005430388707090567,0.011697727567594593,,False,0.9687719650567326,0.9638398544939584,0.9516498435092322,0.9571157336655671,0.9285140562248996,0.9105446107811856,0.8973038122532699,0.9028448130450606
255,0.0054183686806160225,0.01166231028738787,,False,0.969073200120494,0.9646228803723158,0.9523479767902973,0.9578516759168085,0.9301204819277108,0.9119532350371773,0.8988322882870732,0.9043309800437053
256,0.005399959252484576,0.011665806372997247,,False,0.9689727884325735,0.9640766652391347,0.952247884611899,0.9575666592910501,0.9285140562248996,0.908896747447202,0.8973556898142978,0.9022423381192224
257,0.005398411213643403,0.011700524697681005,,False,0.969274023496335,0.9643473828303128,0.9525326128751153,0.957851188563847,0.927710843373494,0.9082391197294394,0.8965549632875235,0.9015039955644681
258,0.005375633020528456,0.011714171431311432,,False,0.9689727884325735,0.9640775175141061,0.9522504739487813,0.9575721309682161,0.927710843373494,0.9067602737019753,0.8965754367509398,0.9009568352805041
259,0.005360229736739697,0.011650845029156018,,False,0.9693744351842555,0.9644795148791278,0.9530419779114523,0.9582088431241922,0.9289156626506024,0.9092523706246577,0.8977221398732694,0.9026192993808362
260,0.005351704323241103,0.011636833287106524,,False,0.9694748468721759,0.9655067102584172,0.9531347861376922,0.9586836414353674,0.9305220883534137,0.9122907108442799,0.8992063997722958,0.9046941386356355
261,0.00533429189423127,0.011636203135736286,,False,0.9693744351842555,0.9649322779047116,0.9530444779552063,0.9583921876670607,0.929718875502008,0.9115887453988498,0.8984581768018506,0.9039585517905151
262,0.005319238709567735,0.011647392158324504,,False,0.9696756702480168,0.9647430903508334,0.9533250740585125,0.9584839268052142,0.9293172690763052,0.9096372387016566,0.898096251358492,0.9029948224846185
263,0.005308814550085924,0.011642118722086408,,False,0.9696756702480168,0.9652097375833654,0.9533219331625146,0.9586768510233656,0.929718875502008,0.9100210392536037,0.8984703628437146,0.903375532631432
264,0.005295700916413671,0.011637933550043002,,False,0.9699769053117783,0.9650114439632633,0.9536020933886437,0.9587549203897736,0.9293172690763052,0.9095824532475805,0.8981039212672273,0.9029728750194947
265,0.005279613712097684,0.011639636923030817,,False,0.9699769053117783,0.9654743079261636,0.9535950776236558,0.958941799746266,0.9305220883534137,0.9107572181385534,0.8992198497043125,0.9041256212337174
266,0.005265721028172375,0.011632161468131503,,False,0.9699769053117783,0.9654829953509526,0.9535951560205338,0.9589473099438798,0.929718875502008,0.9100243528364316,0.8984728821415359,0.9033772757721863
267,0.005258721181436339,0.011629304505863967,,False,0.9700773169996988,0.9655790815403691,0.9536877069558533,0.9590402114465042,0.9285140562248996,0.9089003136683753,0.8973620958328803,0.9022342450144856
268,0.005240430677838913,0.011611037594880531,,False,0.9700773169996988,0.9665212494112913,0.9536838320868635,0.9594248647873902,0.9305220883534137,0.9122767730983221,0.8992076636624486,0.9046918858280253
269,0.005229827955079423,0.01161859016653482,,False,0.9698764936238579,0.9649166083846848,0.9535116586279686,0.9586658831782332,0.9305220883534137,0.9107355548702775,0.8992198497043125,0.9041167452146137
270,0.005220389503103879,0.011608896827869615,,False,0.9703785520634601,0.9668112499758483,0.9539572373587587,0.9597059135375419,0.9293172690763052,0.9104922617910935,0.8964158949681127,0.9022110222307317
271,0.005213553464752889,0.011666305515774961,,False,0.9702781403755397,0.9653140711130105,0.953869596910033,0.9590377173954897,0.9285140562248996,0.9088741100812295,0.8973569537044506,0.9022316229602249
272,0.005192186976654851,0.011614038714495683,,False,0.9704789637513807,0.9663969346263508,0.9540570012257756,0.9595961343865539,0.9301204819277108,0.9103396568939315,0.8988457382190899,0.9037359370166609
273,0.005180209050495403,0.011623109111677668,,False,0.9705793754393012,0.9660456223758361,0.9541443734873306,0.959502390730373,0.9293172690763052,0.909609785274328,0.8981115826934783,0.9029773576681845
274,0.00516837916845958,0.01160174658297995,,False,0.9703785520634601,0.9663010827047928,0.953968325159446,0.9595068205321389,0.9301204819277108,0.9103520172753422,0.8988457382190899,0.9037367306255946
275,0.005152695922593389,0.011595862757251685,,False,0.9705793754393012,0.9664862005007004,0.9541521306017269,0.9596870096729998,0.929718875502008,0.9099558563419846,0.8984716267338673,0.9033552268698474
276,0.005151279459782586,0.01162678346716921,,False,0.9705793754393012,0.9669708485959045,0.9541487700067921,0.9598875484758032,0.9301204819277108,0.9089689458204716,0.898826520163342,0.9031959151974959
277,0.00512892810653596,0.011596000011527345,,False,0.9706797871272216,0.9666064647484597,0.9542387688902902,0.9597864614541332,0.9289156626506024,0.9092429804249655,0.8977246591710907,0.9026144106385426
278,0.005127376281658338,0.011592173169077935,,False,0.9705793754393012,0.9669627457148715,0.9541551449195358,0.9598871660219896,0.9309236947791165,0.9111564665815113,0.8995875551709526,0.904508959192345
279,0.005111008415223869,0.011596166237951752,,False,0.970981022190983,0.9664044497101588,0.9545204828356977,0.9598670089158089,0.929718875502008,0.9099579059218689,0.8984844387710323,0.9033450465637188
280,0.005091540624989956,0.011600119476073418,,False,0.9707801988151421,0.9666962683124846,0.9543206439714645,0.95987535332662,0.9285140562248996,0.9074316667273169,0.8973377356487029,0.9016839975395151
281,0.00508869869909384,0.011557524665422116,,False,0.970981022190983,0.9673441658250232,0.9545120799499528,0.9602554972317547,0.929718875502008,0.9102005608555712,0.8950674392459709,0.901218200120803
282,0.005074594526459401,0.011591202497052049,,False,0.9707801988151421,0.9662259323990481,0.9543346505119005,0.9596830254807459,0.9281124497991968,0.9063389970564543,0.8952865284985612,0.8999735042587559
283,0.005054821746200928,0.011571613366077795,,False,0.9707801988151421,0.9666843930559055,0.9543364876031237,0.9598743617627749,0.9289156626506024,0.9092429804249655,0.8977246591710907,0.9026144106385426
284,0.00504657987245193,0.011566055311727712,,False,0.970981022190983,0.9668646791219901,0.9545230721725798,0.960059133942865,0.9285140562248996,0.9066871177039951,0.8956593845761152,0.9003411931542902
285,0.005033851787319578,0.0115641553601957,,False,0.9707801988151421,0.9666880682140856,0.9543367557902945,0.9598756622345166,0.929718875502008,0.9085421541318338,0.8984588146967022,0.9028047906794023
286,0.005026220859431252,0.01153241114910601,,False,0.9710814338789036,0.9679263934773006,0.9546151091407672,0.960547694623791,0.9301204819277108,0.9097037700238365,0.8971372384565591,0.9024054645329144
287,0.00501145956368668,0.011564617052200245,,False,0.9710814338789036,0.9669766453786998,0.9546165996479417,0.9601615405403408,0.9281124497991968,0.9063096056717291,0.89527886707231,0.8999617434479403
288,0.005000803562082312,0.011542620743909203,,False,0.970981022190983,0.9673414848012517,0.954527923581612,0.9602563078713433,0.929718875502008,0.9093018737892761,0.8967881250503655,0.9020259498528428
289,0.0049858187976832835,0.011549134751608011,,False,0.971181845566824,0.9670633057307908,0.9547073025957875,0.9602517714705612,0.9293172690763052,0.907410234749611,0.8963999461203094,0.9010823392157271
290,0.004974611267554815,0.01155033117875158,,False,0.971181845566824,0.9670688117407088,0.9547073025957875,0.9602516456043462,0.9289156626506024,0.9071092153337467,0.8960283454504238,0.9007337552851209
291,0.004969709687420435,0.01154030764955205,,False,0.9712822572547445,0.9676226887687694,0.9548044398408613,0.9605390145802306,0.9301204819277108,0.9081904544382202,0.8971481690907547,0.9018431181106555
292,0.004959233060492228,0.011576261316623544,,False,0.9710814338789036,0.9674386769579917,0.9546159397833041,0.9603530610799234,0.929718875502008,0.9079337696559748,0.8967701624022862,0.9014989774558475
293,0.004945574830764968,0.011544471951804582,,False,0.970981022190983,0.9668864873727776,0.9545205612325756,0.9600615154289357,0.9301204819277108,0.9112120676995477,0.8971628625308896,0.9029483769838443
294,0.004934337036641645,0.011543265288502717,,False,0.9713826689426649,0.9677089397859358,0.9548995692168126,0.9606299548967687,0.9301204819277108,0.9081947543036952,0.8971481690907547,0.9018428732114274
295,0.004924546069282162,0.011524588510599315,,False,0.9713826689426649,0.9677244582847363,0.9548969798799304,0.9606344630338403,0.9309236947791165,0.91198114224996,0.8978906120379183,0.9037123543482907
296,0.0049093677335587975,0.011515287784263634,,False,0.9712822572547445,0.9671609117072225,0.9547980055436334,0.9603388719229944,0.9313253012048193,0.9123024003074652,0.8982839415788888,0.9040695871088845
297,0.004901977098111655,0.011506429350590798,,False,0.9715834923185058,0.9678973958608884,0.9550788698341103,0.9608110365568925,0.929718875502008,0.9092580169715085,0.8967618715636679,0.902005784549956
298,0.00489055595337377,0.01153959688989456,,False,0.9712822572547445,0.9671661175711682,0.9547959786621172,0.960339919427946,0.9305220883534137,0.9116219681228733,0.8975305679975294,0.9033429611515589
299,0.004877289084124717,0.011513056775207751,,False,0.9713826689426649,0.9677104469928993,0.9548948746015363,0.9606239855400466,0.9305220883534137,0.9115856616421394,0.8975165005526957,0.9033322557098686
300,0.0048656816431737904,0.011505201555440098,,False,0.9714830806305854,0.9678237021988993,0.9549847469068453,0.9607213947915246,0.9305220883534137,0.9116125390579608,0.8975369740161122,0.9033344541621661
301,0.004861440321757368,0.011538976033462421,,False,0.9713826689426649,0.9672551309854602,0.9548892709468453,0.9604320027345733,0.9301204819277108,0.9112389147131855,0.8971564565123068,0.9029614735681452
302,0.004845357485713012,0.011509059693949617,,False,0.9716839040064263,0.9680061663399022,0.9551695727819561,0.9609110960541014,0.9293172690763052,0.908911982078255,0.8963954215046965,0.9016397981933272
303,0.004839655555229815,0.011504811346925558,,False,0.9718847273822673,0.9681730243664075,0.9553624208707409,0.9610906291524574,0.9301204819277108,0.911233661379095,0.8971628625308896,0.9029527405943981
304,0.0048245300150843926,0.011499969718666462,,False,0.9719851390701878,0.9682673762886095,0.9554512867273635,0.961182584100257,0.9301204819277108,0.9112389147131855,0.8971564565123068,0.9029614735681452
305,0.004815769069747951,0.011488710790195688,,False,0.9716839040064263,0.968007098334239,0.955166793654781,0.9609041414085984,0.9305220883534137,0.9116409909458691,0.8975177559603643,0.9033471843910351
306,0.004805443547503815,0.011476670827154352,,False,0.9717843156943469,0.968090590610952,0.9552629434635621,0.9609986610046841,0.9309236947791165,0.9119497820595767,0.8978970180565009,0.9037051154558975
307,0.004797507696232032,0.011456608552597097,,False,0.9721859624460287,0.9689382546777805,0.9556379496936975,0.9615655517150796,0.9309236947791165,0.9119321147676883,0.8979034240750836,0.9036971117398256
308,0.004787799644630473,0.01150251925837368,,False,0.9718847273822673,0.968186133086902,0.9553562357482901,0.9610964053000399,0.9317269076305221,0.9127540930359496,0.8986266489664997,0.9044714988703078
309,0.004774623242815112,0.011507000945143517,,False,0.9721859624460287,0.9684828697947676,0.9560545849006726,0.9616323537846174,0.9305220883534137,0.911597328732823,0.8975305679975294,0.9033329898912373
310,0.004773943296850514,0.011486466933689838,,False,0.9718847273822673,0.9682103848252098,0.9553394982619903,0.9610872428874221,0.9305220883534137,0.9116070556318372,0.8975247879742481,0.9033317632359198
311,0.004753955224835361,0.01146072323777304,,False,0.9722863741339491,0.9685555437388851,0.9557157601155892,0.9614577388170797,0.9309236947791165,0.9119754690629353,0.8978912295507353,0.9037149126806749
312,0.004748314380966796,0.011457468214815242,,False,0.9724871975097902,0.969250833173441,0.9563217160565328,0.9621045462188152,0.9317269076305221,0.9127205772935088,0.8986516470455288,0.9044610705502354
313,0.004733682755874124,0.01146258419292503,,False,0.9727884325735515,0.9695194058536634,0.956598735386664,0.9623778228202118,0.9309236947791165,0.9119452797913845,0.8979034240750836,0.9036999927901819
314,0.004732925939298802,0.011471093089456846,,False,0.9724871975097902,0.969244657457411,0.9563295673831619,0.9621023553201277,0.9305220883534137,0.9116070556318372,0.8975247879742481,0.9033317632359198
315,0.004712665074472586,0.011452544020669817,,False,0.9725876091977106,0.9693474118163731,0.9564103921228626,0.9621954518071649,0.9313253012048193,0.9123554635445953,0.8982666049261108,0.9040869062215996
316,0.004703699190951458,0.0114542755679525,,False,0.9724871975097902,0.9692483353277301,0.9563278870856945,0.9621050074345087,0.9309236947791165,0.9119646807615429,0.8978988994594707,0.9037040474596407
317,0.004696991098002083,0.011460927890898462,,False,0.9725876091977106,0.9693374543098587,0.9564239255010606,0.9622003786448872,0.9305220883534137,0.911634387702594,0.8975043060283476,0.903349160803336
318,0.0046920577280272725,0.011455453993966183,,False,0.9726880208856311,0.9694363270711721,0.9565037628044686,0.9622883834686083,0.9317269076305221,0.9128069531764417,0.8986279043741681,0.9044851805411815
319,0.0046787315903257555,0.011451631646859424,,False,0.972888844261472,0.9696055193075535,0.9567030501095858,0.9624746705043855,0.9313253012048193,0.9123280821717654,0.8982775355603062,0.9040807820267093
320,0.004675893742031041,0.011483908867458944,,False,0.973089667637313,0.9698400613046082,0.9572928149046969,0.962926111010804,0.9305220883534137,0.9116070556318372,0.8975247879742481,0.9033317632359198
321,0.004655302862464552,0.011447903074071106,,False,0.9729892559493926,0.9697078100066494,0.9567854767498759,0.9625659776613676,0.9305220883534137,0.911597328732823,0.8975305679975294,0.9033329898912373
322,0.00464520440574568,0.011456331815294802,,False,0.9729892559493926,0.969747003666909,0.9571977639256235,0.9628305135134227,0.9313253012048193,0.9123554635445953,0.8982666049261108,0.9040869062215996
323,0.004644332367792196,0.011445237190357678,,False,0.9727884325735515,0.9699888706989765,0.956609411240809,0.9625729119443507,0.9309236947791165,0.91193968215437,0.8979098300936662,0.9036985194844751
324,0.004626400792047461,0.011443069281708223,,False,0.973089667637313,0.9703097822095069,0.9572910562103516,0.9631156956255926,0.9309236947791165,0.9119758851007655,0.8979116173506758,0.9037262811520242
325,0.004619985719898654,0.011421487502008174,,False,0.9731900793252335,0.9698972505203916,0.9569565794564957,0.9627469016358616,0.9317269076305221,0.9126684798772856,0.8986522730408301,0.9044400008460285
326,0.004614148358186067,0.011436453718152542,,False,0.9731900793252335,0.9699381320709652,0.9573879442806482,0.9630204248456096,0.9305220883534137,0.9115715738156026,0.8975317258421719,0.9033278284163608
327,0.0046026182917786665,0.011411511915222142,,False,0.9729892559493926,0.970190663321545,0.9567808605314776,0.9627580297790662,0.9309236947791165,0.9119403492983005,0.8979289540034538,0.9037123312068887
328,0.004590199319127574,0.01143860895264328,,False,0.9732904910131539,0.9700240435211733,0.9574794778710309,0.9631114715537981,0.9313253012048193,0.9123194546482402,0.898253154994094,0.9040716170781676
329,0.004581072288751467,0.011432883214372015,,False,0.9732904910131539,0.9700187930993961,0.9574794778710309,0.9631096245397642,0.9317269076305221,0.9126771874727996,0.898645134981436,0.9044592033562326
330,0.004576052304211543,0.011435991391472083,,False,0.9731900793252335,0.9704022349170298,0.9573861855863028,0.9632111596604344,0.9321285140562249,0.9131078565157824,0.8990262903800925,0.904856080482602
331,0.004562230672104296,0.0114283398338077,,False,0.9731900793252335,0.9699321293372267,0.9573861855863028,0.963019454154998,0.9321285140562249,0.913079628364254,0.8990039057448449,0.9048097202360194
332,0.004554473070635267,0.011430133690829378,,False,0.9732904910131539,0.9700328716078749,0.9574813149622542,0.9631154444647745,0.9305220883534137,0.9115575650199506,0.8975253198235893,0.9033270464604884
333,0.0045474303743319,0.011399361507332546,,False,0.9732904910131539,0.9705025317286187,0.9574813149622542,0.9633070396021652,0.9317269076305221,0.9126369338320818,0.8986592109087537,0.9044359156697852
334,0.004537101285863851,0.011419635744359535,,False,0.9734913143889948,0.9702242948073678,0.9576544445503902,0.9632956372243745,0.9317269076305221,0.9126588819897137,0.8986604663164223,0.9044372484695476
335,0.004527162564044898,0.011425066329606945,,False,0.9732904910131539,0.9705138210042095,0.9574813149622542,0.963307989663091,0.9317269076305221,0.9126599447167908,0.89864891816941,0.9044284038824713
336,0.004520830084421373,0.011416520630709156,,False,0.9734913143889948,0.9706809250446025,0.9576526858560448,0.9634812736082292,0.9325301204819277,0.9134205207675199,0.899402283268285,0.9051980629347719
337,0.004510023457287106,0.011404943401430095,,False,0.9732904910131539,0.9700233899142289,0.957468612226593,0.963106561809836,0.9313253012048193,0.9123005448094942,0.8982710234962133,0.9040860430046247
338,0.0045009720194062065,0.011418640704007277,,False,0.9735917260769154,0.9707908998607641,0.9577483677212365,0.9635823877437244,0.9321285140562249,0.9130416244916074,0.8990039057448449,0.9047948694358892
339,0.0044912386642628815,0.011416587195110994,,False,0.9733909027010744,0.9705976984185476,0.9575708117049948,0.9633985966380624,0.9325301204819277,0.913428924835142,0.8993780172300675,0.9051761595841461
340,0.004490836053647284,0.011418843649076799,,False,0.9734913143889948,0.9706660920869656,0.957655275192927,0.9634798657451387,0.934136546184739,0.9148740057860372,0.9008770860015662,0.9066715823478203
341,0.004488495972209257,0.011448194837088251,,False,0.9734913143889948,0.9697589278515617,0.9576543661535122,0.963104681628114,0.9313253012048193,0.9129999782569542,0.899939175975417,0.9054215619562223
342,0.0044709012141617025,0.011408794832099283,,False,0.9733909027010744,0.9705749242312766,0.9575729269495148,0.9633928212723687,0.934136546184739,0.9149086093523263,0.9008917998237356,0.9066740855199245
343,0.004459321443747183,0.011407274482134785,,False,0.9734913143889948,0.9702093573888805,0.9576571122841503,0.9632942996366182,0.9313253012048193,0.9129606321855535,0.8999379120852643,0.9054232686583086
344,0.004454978951597274,0.011412308202954071,,False,0.9733909027010744,0.9705794152966339,0.9575734794387549,0.9633945261155231,0.934136546184739,0.9155212640026511,0.902555445556638,0.908006740756714
345,0.004439045743339576,0.011402498183098773,,False,0.9736921377648359,0.9708971982706647,0.9582739338695317,0.9639390291197532,0.9325301204819277,0.9140410318141594,0.901066661041999,0.9065195186309131
346,0.004433905965124741,0.011400102106351772,,False,0.9738929611406768,0.9711280287742698,0.958865803943037,0.9643893986885315,0.9321285140562249,0.9136813866376525,0.9006950688545976,0.9061473653826234
347,0.004427869341698723,0.011365242087742549,,False,0.9736921377648359,0.9713865417619861,0.958275770960755,0.9641421791833926,0.9321285140562249,0.9129887005582097,0.8990141984841886,0.9047818531014943
348,0.004413553897306237,0.01140076490559905,,False,0.9741941962044381,0.9714203997798315,0.9595553927293756,0.9649195063793958,0.9337349397590361,0.9157732258908151,0.9038750164789897,0.9089527953996431
349,0.0044036201693848625,0.011382281679870144,,False,0.9739933728285972,0.9712107782980886,0.9589609333189882,0.964477940143131,0.9325301204819277,0.9146501600593587,0.9027514181331691,0.9078331730082808
350,0.0044001907722255465,0.011391480870029376,,False,0.9739933728285972,0.9712204173523828,0.9589608549221104,0.9644841554940989,0.9325301204819277,0.9146457479365802,0.9027578241517517,0.9078323157944284
351,0.004387295604255258,0.011391614557151401,,False,0.9741941962044381,0.9714272974668297,0.9595579820662579,0.9649253643688174,0.9329317269076305,0.9150149946937051,0.903124274210723,0.9082033786672272
352,0.004379414094695713,0.011388537756750493,,False,0.9741941962044381,0.971423846826942,0.9595579820662579,0.9649268763941752,0.9321285140562249,0.9142819645358041,0.9023760427577936,0.9074699063645748
353,0.00437290827735028,0.011400970903046915,,False,0.9741941962044381,0.9714072734373099,0.9595688477106958,0.9649227310851942,0.934136546184739,0.9161367506558863,0.9042491279642122,0.9093231081368555
354,0.004365404718214442,0.01135896796764783,,False,0.9742946078923587,0.9715060632565754,0.959651274350986,0.965012635641478,0.9325301204819277,0.9131037864688568,0.9027540409637775,0.9072523201615967
355,0.004352379784469661,0.011373963974249307,,False,0.9741941962044381,0.9714234806123971,0.9595579820662579,0.9649228896955891,0.9325301204819277,0.9131323411787751,0.9027488903528634,0.9072634096348929
356,0.004354619628465952,0.011377209302305813,,False,0.9742946078923587,0.9715021882180266,0.9596513527478638,0.9650119532735791,0.9337349397590361,0.9142742669922822,0.9038834193328794,0.9083944831352773
357,0.004337947174037568,0.011388454200644053,,False,0.9742946078923587,0.9715385562573415,0.9600808804807931,0.965278182844899,0.9333333333333333,0.9153758902063477,0.9034996411036142,0.9085753400766863
358,0.004331078570734575,0.011401452122503347,,False,0.9744954312681996,0.9717138046843075,0.9602566778026892,0.9654549683695737,0.9329317269076305,0.9150263280688056,0.9031364517701027,0.9082214274569966
359,0.004319038096042365,0.011374995607626033,,False,0.9742946078923587,0.9715166178054536,0.959640408706548,0.9650102309287012,0.9325301204819277,0.9131330502614257,0.9027476264627106,0.9072655238187086
360,0.004313344084038728,0.011373667598695663,,False,0.9743950195802792,0.9716134791906522,0.9601633071210832,0.9653576504689987,0.9329317269076305,0.9149881253204817,0.9031377156602556,0.9081949704797435
361,0.004303381767115397,0.011372595512019737,,False,0.9743950195802792,0.9716316177966873,0.9601633071210832,0.9653655559775198,0.9313253012048193,0.9135203509706488,0.9016400058292126,0.9067213346516905
362,0.004298542582819992,0.01134904957563089,,False,0.9742946078923587,0.9715361876982634,0.9600700148363551,0.965271476658691,0.9333333333333333,0.9153547383197209,0.9035035278243756,0.9085779684753343
363,0.004289964660634233,0.01135975924202984,,False,0.9743950195802792,0.9716176740284855,0.9601633071210832,0.9653609840330242,0.9325301204819277,0.9146075223281606,0.9027662354881257,0.9078307732207433
364,0.004279225528957341,0.011352150390501557,,False,0.9743950195802792,0.9716251481012264,0.9601633071210832,0.9653633884977562,0.9333333333333333,0.9153596366411266,0.9034971218057931,0.9085773628918987
365,0.0042815685806563315,0.011342635507320259,,False,0.9742946078923587,0.971985620995533,0.9596513527478638,0.9652120909878155,0.9337349397590361,0.9142531028644699,0.9038699694008626,0.9083873358400153
366,0.004263846866759967,0.011357425830424208,,False,0.9745958429561201,0.9732549823712673,0.960347380750535,0.9661465426532492,0.9329317269076305,0.9150580131954266,0.9031364517701027,0.9082358337602451
367,0.004255737572069864,0.011356476946513023,,False,0.9743950195802792,0.9716365005411409,0.9601524414766452,0.9653634711363446,0.9321285140562249,0.9127756658018973,0.9023747788676411,0.9068965617742104
368,0.004256810586565885,0.011374234947302754,,False,0.9746962546440405,0.9728710295931027,0.960427139657065,0.9660368556784539,0.9313253012048193,0.9135592725091362,0.901634225805931,0.9067206395968247
369,0.004239599930594564,0.011369502118105636,,False,0.9746962546440405,0.9723738384261742,0.9604323967277073,0.965832313577893,0.9313253012048193,0.9120223659677167,0.901649664090771,0.9061572508407889
370,0.004235305759938577,0.01134763520879109,,False,0.9745958429561201,0.9727630053151122,0.9603447130167749,0.9659424398832566,0.9325301204819277,0.9146163856266857,0.9027738969143768,0.9078341823519102
371,0.004225084930722403,0.011340531677789614,,False,0.9746962546440405,0.972852062332775,0.9604380053015029,0.9660360047317449,0.9325301204819277,0.9146061822197292,0.9027674908957943,0.9078343490218449
372,0.004215657389560693,0.011362828236896065,,False,0.974796666331961,0.9720292077511871,0.9609544644997057,0.9659964443734206,0.9313253012048193,0.9120099231517843,0.901649664090771,0.906156431732584
373,0.004210492989216919,0.011358612023724377,,False,0.974796666331961,0.9729580049079048,0.9605331346774543,0.9661351524332638,0.9305220883534137,0.9112646972651477,0.9008892550784616,0.9053993993866436
374,0.004206824010842279,0.01132019417813657,,False,0.9748970780198816,0.9735383643677409,0.9606238376252999,0.9664269337802452,0.9329317269076305,0.9134867136826313,0.9031345584675827,0.9076293687487068
375,0.004191327876533709,0.011345948240212112,,False,0.9748970780198816,0.9730758852484167,0.9610425781106691,0.9664840359938248,0.9321285140562249,0.9127548111090833,0.9023869649095049,0.9068962731871717
376,0.004191753549963174,0.011364030613014893,,False,0.9751983130836429,0.9733562022929865,0.9613274329520747,0.9667667915127665,0.9309236947791165,0.9116569211530431,0.9012710364724197,0.9057729708614009
377,0.004179656236734621,0.011337153039915886,,False,0.9751983130836429,0.972917000511011,0.9617412738471004,0.9668322714876383,0.9313253012048193,0.912034811172294,0.9016265474147116,0.9061534889857286
378,0.004171409320490787,0.011354333940669998,,False,0.9750979013957225,0.9728245878700754,0.9616485340516127,0.966737364312158,0.9317269076305221,0.9123910428201165,0.9020128534242823,0.9065252726131529
379,0.004163553054095822,0.011342679522330012,,False,0.974997489707802,0.9727216371400834,0.9615546108807664,0.9666386545831119,0.9313253012048193,0.912034811172294,0.9016265474147116,0.9061534889857286
380,0.004154600271458815,0.01132946253430644,,False,0.9751983130836429,0.9733720298112005,0.9617412738471004,0.9670221529408551,0.9317269076305221,0.9123640779762573,0.902010334126461,0.9065206896535296
381,0.004150897613134217,0.011345136338078038,,False,0.9753991364594838,0.9735571895912104,0.9619177020551147,0.9672029489179808,0.9325301204819277,0.9131358545408124,0.9027707431387699,0.9072800898380335
382,0.004141824511818069,0.011331754145570177,,False,0.9754995481474044,0.9741369187871166,0.9620224115433965,0.9675078077543647,0.9325301204819277,0.9131227264154798,0.9027585570969061,0.9072763306776268
383,0.004135115192133077,0.011333620559180139,,False,0.9750979013957225,0.9727969458926596,0.9616505708992548,0.9667279225658407,0.9329317269076305,0.9134926804131531,0.9031390746007113,0.9076554936123183
384,0.004125988419357798,0.011329500748357844,,False,0.9753991364594838,0.9730899512853262,0.9619290408617905,0.9670134869527865,0.9325301204819277,0.9131227264154798,0.9027585570969061,0.9072763306776268
385,0.00412036122669015,0.011349724759373939,,False,0.9752987247715634,0.9729922156749535,0.9618394657221719,0.9669182645496041,0.9313253012048193,0.9135047333597233,0.9016362226412384,0.9067297819013179
386,0.004123513005563842,0.011351285867591723,,False,0.9754995481474044,0.9736585991659861,0.962015736206306,0.9672977827121623,0.9317269076305221,0.9123621338643749,0.9020404743339198,0.9065309515628849
387,0.004105018140067374,0.011336334928586513,,False,0.9752987247715634,0.9729893064840778,0.9618351970179467,0.9669177971039389,0.9325301204819277,0.9131597908048508,0.9027623318023958,0.9072812439165516
388,0.004097843946638926,0.011318267434403707,,False,0.9753991364594838,0.9730846490543702,0.9619290408617905,0.9670110653789542,0.9329317269076305,0.9134691724810811,0.9031339324722816,0.9076304530874987
389,0.004092805415346281,0.01133026085183484,,False,0.9755999598353249,0.9732637200076135,0.9621157038281246,0.9671956816350692,0.9329317269076305,0.9134881305788658,0.903147382404298,0.9076370606773391
390,0.00408702221215185,0.011324158572452234,,False,0.9754995481474044,0.9731755253353468,0.9620224115433965,0.9671048487830658,0.9325301204819277,0.9131213857692482,0.9027656010103402,0.9072618938696907
391,0.0040767581241599425,0.011317736964287116,,False,0.9754995481474044,0.9736592213317576,0.9620224115433965,0.9673069831649497,0.9317269076305221,0.9132979985631591,0.900339018484823,0.9058132002199731
392,0.004068394954548423,0.011313970658876292,,False,0.9754995481474044,0.9731834745185766,0.9620241702377419,0.967106183159019,0.9325301204819277,0.914598782716098,0.9027598209870589,0.9078356453304903
393,0.004061845423320573,0.011338856162641731,,False,0.9755999598353249,0.9732791101533108,0.9621175409193479,0.9672013105431572,0.9309236947791165,0.9125345840682866,0.8995933148121993,0.9050441674154501
394,0.004058938917568644,0.011325699340683847,,False,0.9757003715232453,0.9738617140309861,0.9622062169856775,0.9674959091071891,0.9309236947791165,0.912541261171378,0.8995811287703354,0.9050399807379801
395,0.004053093275089101,0.011321993544753212,,False,0.9754995481474044,0.9736615364393738,0.9620224115433965,0.9673088963845332,0.9317269076305221,0.9132911092711363,0.9003415377826445,0.9057986341225089
396,0.004046061422148227,0.011326836853562184,,False,0.9754995481474044,0.9731788948494212,0.9620224115433965,0.9671063297853918,0.9325301204819277,0.9146438042465044,0.9027656010103402,0.9078511986606761
397,0.004036126364279193,0.011302750920714722,,False,0.9757003715232453,0.9733785312502103,0.9622066901479154,0.9672916862656168,0.9325301204819277,0.9139893596761232,0.9010903952308751,0.9065096476457983
398,0.004029928456394592,0.011301288407648484,,False,0.9755999598353249,0.9737580752683966,0.9621128463040716,0.967398633561118,0.9317269076305221,0.9132827240073049,0.9003318710386018,0.9057786342089149
399,0.004026439050439917,0.011308615098723928,,False,0.9755999598353249,0.9732733652117432,0.9621110876097263,0.9671954522874883,0.9309236947791165,0.9131930994027706,0.9012310356662147,0.9063062895679356
400,0.004017924901044309,0.011320641946691898,,False,0.9757003715232453,0.973371754085562,0.9622043798944543,0.9672932622419241,0.9321285140562249,0.913660597202471,0.9007092517317687,0.9061618539160785
401,0.0040083855814097465,0.011302876009021393,,False,0.9758007832111658,0.9734472897999934,0.9623000608295214,0.9673751206103928,0.9333333333333333,0.9153417053424682,0.9034649029235946,0.9085465315819872
402,0.004002181348159588,0.011305778277683727,,False,0.9758007832111658,0.9739431574701006,0.9622995092704056,0.9675853348104797,0.9321285140562249,0.9136755322495441,0.9007059825238244,0.9061627467569087
403,0.003999510001356643,0.011329889871690722,,False,0.9758007832111658,0.9734612841095642,0.9622995092704056,0.9673857446681278,0.9321285140562249,0.9121274570821547,0.9007214377736327,0.9055849183204638
404,0.003990423984098337,0.011285470729867247,,False,0.9758007832111658,0.9734545596118416,0.9622999824326435,0.9673778240295579,0.9333333333333333,0.9147055777823625,0.9018197432056287,0.9072420358963144
405,0.003982349437816466,0.011304155912711781,,False,0.9759011948990862,0.9735449710053415,0.9623933531142495,0.9674718374254042,0.9321285140562249,0.9120746880411045,0.9007022078183345,0.9055708585789151
406,0.003976450312150823,0.011301398188275915,,False,0.9758007832111658,0.9734605103287216,0.9622995092704056,0.9673836905722756,0.9325301204819277,0.9124945818064641,0.9010652117796268,0.9059419795019839
407,0.0039759798816428596,0.011322792949817945,,False,0.9759011948990862,0.9735436978347237,0.9623933531142495,0.9674722496375134,0.9321285140562249,0.9121277924770287,0.9007214377736327,0.9055796686160189
408,0.003963110278978337,0.011290469365000479,,False,0.9759011948990862,0.9740167404793705,0.9623933531142495,0.9676686460712278,0.9325301204819277,0.9139944937763725,0.9010413715452401,0.9064970920480191
409,0.003959692695503064,0.011284583868962562,,False,0.9761020182749272,0.9737171757814023,0.9625823263340446,0.9676503323326759,0.9329317269076305,0.9127926428236699,0.9014443678302533,0.9062973725186693
410,0.003953166609571548,0.011290613021289843,,False,0.9758007832111658,0.973470170558786,0.9622999824326435,0.9673859136935311,0.9321285140562249,0.9120604009982975,0.9006769268040604,0.905553637723262
411,0.003950591699774337,0.011304312226936456,,False,0.9759011948990862,0.9735690474558721,0.9623938262764873,0.9674787280379277,0.9313253012048193,0.9113637865666067,0.8999312231314364,0.904810550771182
412,0.003943871737887097,0.011292771973479077,,False,0.9761020182749272,0.9737423128395473,0.9625696235983834,0.9676552182294876,0.9329317269076305,0.9128083003535336,0.9014443678302533,0.9063065949778029
413,0.0039340087055037805,0.011286779244890988,,False,0.9761020182749272,0.9737197664473594,0.9625804892428214,0.9676506700784641,0.9321285140562249,0.9120614584064468,0.9006955188645068,0.9055657445275261
414,0.0039282978914453245,0.011277641010463524,,False,0.9762024299628477,0.9742976620053021,0.9626616120783367,0.9679425486129792,0.9325301204819277,0.9124542666486861,0.9010696303497294,0.9059498570755198
415,0.003922340731055779,0.011279869841052968,,False,0.9759011948990862,0.9740271854197317,0.9623933531142495,0.9676729945714955,0.9329317269076305,0.9143668568360737,0.901419369751224,0.9068920310985781
416,0.003916433873456348,0.011262472926671825,,False,0.9762024299628477,0.9742948250209208,0.9626730292818905,0.9679450435921984,0.9329317269076305,0.9143636808663216,0.901431555793088,0.9068958721774393
417,0.003911572575400346,0.011274194766595485,,False,0.9761020182749272,0.974214946860866,0.9625664827023854,0.9678533115184741,0.9329317269076305,0.9144040975457975,0.9014096945246971,0.9068950005946199
418,0.0039040367780231824,0.011262761201935674,,False,0.9762024299628477,0.9742923328897677,0.9626620852405746,0.9679367439001992,0.9337349397590361,0.9150985590473009,0.9021739987402518,0.9076349417534149
419,0.0039006239988038384,0.01128868389465798,,False,0.9761020182749272,0.973756896722317,0.9625664827023854,0.9676612430104369,0.9325301204819277,0.9140704548418481,0.9010393577449644,0.9064976103380593
420,0.003893204954705464,0.011295129505319272,,False,0.9762024299628477,0.9738198641328353,0.9626597749871135,0.9677400413915724,0.9321285140562249,0.912088251510265,0.9006891128459242,0.9055718891945966
421,0.003885447972292478,0.011276287386418449,,False,0.9763028416507682,0.9739210440730075,0.962749002612559,0.9678329428707664,0.9329317269076305,0.9128211159521725,0.901431555793088,0.906317001823052
422,0.0038835537340000167,0.011269179083082172,,False,0.9765036650266091,0.9745872327283495,0.9629265586288004,0.9682148899572969,0.9329317269076305,0.9127926428236699,0.9014443678302533,0.9062973725186693
423,0.0038812853545229,0.011271318727510223,,False,0.9762024299628477,0.9743172684220868,0.962655631930953,0.967942794499022,0.9321285140562249,0.9120707569972973,0.9006961448598081,0.9055535153536594
424,0.0038702307617548286,0.011267143532458685,,False,0.9764032533386886,0.9744660115235608,0.9628482750446707,0.9681214522653718,0.9325301204819277,0.9124542666486861,0.9010696303497294,0.9059498570755198
425,0.003864306452245058,0.011285053481098458,,False,0.9762024299628477,0.9743059043181334,0.9626598533839914,0.9679480209765363,0.9329317269076305,0.9159834773371939,0.9014264136646583,0.9074810527385423
426,0.003857791472756198,0.011269178885722998,,False,0.9764032533386886,0.9744787169708451,0.9628482750446707,0.9681297870609286,0.9321285140562249,0.9120903528412518,0.9006891128459242,0.905577729678439
427,0.0038520842165954434,0.011274076342081472,,False,0.9765036650266091,0.9745607452911634,0.9629415673293988,0.9682184826117237,0.9321285140562249,0.912104100372197,0.9006916321437455,0.9055661146646039
428,0.0038476184217007287,0.011282156187260913,,False,0.9765036650266091,0.9740919651940442,0.9629415673293988,0.9680223053628274,0.9321285140562249,0.912103078523827,0.9006916236612612,0.905560137733056
429,0.0038423166514466294,0.011258052703409967,,False,0.9765036650266091,0.9745501702334602,0.9629416457262767,0.9682132321333741,0.9329317269076305,0.914367089818517,0.9014251497745054,0.9068938104061667
430,0.0038395828192930533,0.011286510265460294,,False,0.9765036650266091,0.9745675878500231,0.9629416457262767,0.9682219038147788,0.9333333333333333,0.9147261282944501,0.9018127111917447,0.9072586808968752
431,0.0038378455059503375,0.011280368182557423,,False,0.9765036650266091,0.9745574735310095,0.9629416457262767,0.9682169589561058,0.9329317269076305,0.9128512943435507,0.901426405182174,0.9063105381660684
432,0.003824334915044423,0.011270912185474262,,False,0.9764032533386886,0.9744746475744012,0.9628482750446707,0.9681284063853673,0.9329317269076305,0.912839459915695,0.9014129637326415,0.9063155947991945
433,0.0038208289538673853,0.011272507098183001,,False,0.9766040767145295,0.9746428835660227,0.9630349380110048,0.968307179649693,0.9325301204819277,0.9124890295061464,0.90105354910462,0.9059320249901069
434,0.0038116533096241947,0.011259336821299953,,False,0.9764032533386886,0.9744696373090016,0.9628482750446707,0.9681250818368766,0.9321285140562249,0.9136427122237762,0.9006807015095502,0.906134468401187
435,0.003809114737738582,0.011249971629686524,,False,0.9766040767145295,0.9751151006516684,0.9630349380110048,0.9685020387126827,0.9321285140562249,0.9136098230510566,0.900689112845924,0.9061525802010498
436,0.0038028863688111185,0.011275365242425787,,False,0.9766040767145295,0.974183202505723,0.9630302433957285,0.9681098111546306,0.9325301204819277,0.9124542666486861,0.9010696303497294,0.9059498570755198
437,0.0037957475720302556,0.011246086232936608,,False,0.9765036650266091,0.9745623819992688,0.9629369511110004,0.968213560977481,0.9333333333333333,0.9132095472328687,0.9018011426626978,0.9066824552909636
438,0.0037905177845076648,0.011260931845521797,,False,0.9765036650266091,0.9750381469205524,0.9629416457262767,0.968413999358662,0.9317269076305221,0.9132557467040786,0.9003187760661915,0.9057626330331023
439,0.0037860430884648173,0.01125691645446181,,False,0.9766040767145295,0.9746728760385225,0.9630256271773301,0.9683103461548141,0.9317269076305221,0.9117484098745032,0.9002931400923109,0.9051883963230192
440,0.0037795105968919528,0.01125671354313991,,False,0.9765036650266091,0.9750404500863006,0.9629416457262767,0.9684143835095649,0.9329317269076305,0.9160036819926961,0.9014154830304629,0.9074739344840476
441,0.0037737096827209844,0.011248431926858756,,False,0.9766040767145295,0.9746481819984789,0.9630303217926064,0.9683048450190199,0.9329317269076305,0.912841493160776,0.9014142191403101,0.9063073134654565
442,0.003769457356663866,0.01125143825424782,,False,0.97670448840245,0.9742928495966184,0.9631080538176202,0.9681994425278317,0.9325301204819277,0.9124778450216415,0.9010465136736703,0.9059395446361269
443,0.003763975303450495,0.011247188126199046,,False,0.976905311778291,0.9754060447228805,0.9632967436654705,0.9687765030789467,0.9333333333333333,0.9163372140496353,0.9017883391080169,0.9078395227203839
444,0.0037638304434324124,0.011246232494334995,,False,0.97670448840245,0.9752205558505163,0.9631147753144127,0.9685940027865507,0.934136546184739,0.9188298480066197,0.9025243760365983,0.9091987915817893
445,0.003754691633217712,0.011254180027464356,,False,0.976905311778291,0.9749544907882084,0.9632920490501942,0.9685841793620793,0.9333333333333333,0.9147238655270988,0.9017621712847951,0.9072356770990522
446,0.0037542199319705333,0.011250812007435596,,False,0.97670448840245,0.974734249285246,0.9631256409588507,0.9683987031596509,0.9321285140562249,0.9121158131666809,0.9006794376193974,0.9055628107677539
447,0.0037425882416039597,0.011247472586501855,,False,0.9768049000903705,0.9748538631743092,0.9632013461023483,0.9684902837814542,0.9321285140562249,0.9121106747119074,0.9006659961698651,0.9055669094989808
448,0.0037386541214425684,0.01126152789948257,,False,0.97670448840245,0.9752167085771922,0.9631236140773345,0.9685974207323405,0.9325301204819277,0.914025029636615,0.9010413630627561,0.9065081789757105
449,0.0037318086925118396,0.011262269177219016,,False,0.9768049000903705,0.9748252063999373,0.9632060407176246,0.9684823612154952,0.9329317269076305,0.9128087039250905,0.9014251497745054,0.9062975678988399
450,0.0037266113084653317,0.011245430250679747,,False,0.9768049000903705,0.9753131726615631,0.9632143170251803,0.9686881656307514,0.9337349397590361,0.9166965079866153,0.9021502645513757,0.908195565849922
451,0.0037234855823463256,0.011247929028091625,,False,0.9768049000903705,0.975307467706611,0.9632143170251803,0.9686870124686793,0.9325301204819277,0.9124461832214698,0.9010522936969514,0.9059285554248699
452,0.003718847775273751,0.011251629521952954,,False,0.9771061351541319,0.9751370846090777,0.9634740957981298,0.9687664897626242,0.9337349397590361,0.9167147543626696,0.9021452080864216,0.9081876561312173
453,0.003711513196739705,0.011257912029812878,,False,0.9770057234662115,0.9750426030560104,0.9638087764355677,0.9689264875953002,0.9325301204819277,0.9140100349834059,0.9010548129947727,0.9065045340269953
454,0.0037080443909203358,0.01124202372652662,,False,0.976905311778291,0.9749234130195155,0.9632967436654705,0.9685757197025209,0.9329317269076305,0.9160087399149217,0.9014167384381313,0.9074654869338943
455,0.0037038607538931448,0.011234886626941696,,False,0.9771061351541319,0.9755876045195753,0.9634845106801604,0.9689584631940078,0.9345381526104418,0.9174308930377705,0.902911299558986,0.9089408317874823
456,0.0036964135795125785,0.011256954350006506,,False,0.9771061351541319,0.9751258770740002,0.9634740957981298,0.9687616393723155,0.9337349397590361,0.9167014731200699,0.902145845981273,0.9081850139076596
457,0.0036922184587970534,0.01124052993389683,,False,0.9772065468420524,0.9752267714995584,0.9635680189689759,0.9688569319301785,0.9333333333333333,0.916342148965851,0.9017646905826164,0.9078146283020545
458,0.003687783225085321,0.011221499864156177,,False,0.9770057234662115,0.9750098996861186,0.9633906668363166,0.9686658866883082,0.934136546184739,0.9170674818217288,0.9025320374628492,0.9085693293312885
459,0.0036917905640993995,0.011236767525601429,,False,0.9768049000903705,0.9757977252749218,0.9632081459960187,0.9688891704146079,0.9349397590361446,0.919555295272263,0.9032763737125333,0.9099052605435863
460,0.003676423649900439,0.011243349574761976,,False,0.9772065468420524,0.9752122756961117,0.9635680189689759,0.9688518158935929,0.9333333333333333,0.9163180116198425,0.901766695900408,0.907826037248772
461,0.003670518363389543,0.01123430166743456,,False,0.9772065468420524,0.975208944111205,0.9635617695429366,0.9688487485282712,0.9337349397590361,0.9167014731200699,0.902145845981273,0.9081850139076596
462,0.0036655610255778926,0.011238132255539142,,False,0.9773069585299728,0.97531647174321,0.9640738023130339,0.9691945321840889,0.9337349397590361,0.9166899316265904,0.9021433266834517,0.9081855988395378
463,0.0036613617087242665,0.011228505287169246,,False,0.9770057234662115,0.9755026951548342,0.9633798011918788,0.9688646029482018,0.934136546184739,0.917081346464106,0.9025390813762834,0.9085696269717121
464,0.00365748307825019,0.01125722103247945,,False,0.9774073702178934,0.9754396764985095,0.9641624783793635,0.96929952058169,0.9337349397590361,0.9167020240784096,0.9021394399626905,0.9081757856496573
465,0.003651557153760481,0.011242255954657972,,False,0.9774073702178934,0.9754437315516397,0.9641624783793635,0.9692975540678326,0.934136546184739,0.9170679288668572,0.9025077714246318,0.9085508680331417
466,0.0036460809672985237,0.011244332693270555,,False,0.9772065468420524,0.975233222955588,0.9639851262467042,0.9691090712697363,0.9329317269076305,0.9128195503719281,0.9014276690723269,0.9062882418658906
467,0.003647485807884797,0.011268104561743913,,False,0.9773069585299728,0.9748506948963196,0.9640784969283102,0.9690041434067541,0.9329317269076305,0.91435762040219,0.9014237823515655,0.9068513751747092
468,0.0036358908020033744,0.011232223492810172,,False,0.9774073702178934,0.9754078836134789,0.9641624783793635,0.9692843163162027,0.9345381526104418,0.9174322785296519,0.9028818829098544,0.9089210820235688
469,0.0036340836408831536,0.011246604991656388,,False,0.9773069585299728,0.9753282563444592,0.9640784969283102,0.9692058620034515,0.934136546184739,0.917081346464106,0.9025390813762834,0.9085696269717121
470,0.0036277778075605315,0.01123821817831137,,False,0.9774073702178934,0.9758790546070719,0.9641624783793635,0.9694820491491869,0.9337349397590361,0.9150842352839346,0.9021259900306737,0.9075762759132091
471,0.0036224494347706607,0.01123499724625322,,False,0.9775077819058139,0.9755118103402618,0.9642558490609695,0.9693834942673978,0.9337349397590361,0.9150837636252541,0.9021259900306737,0.9075843895484259
472,0.003618940980097638,0.011245736267033284,,False,0.9775077819058139,0.975529596219298,0.9642511544456932,0.9693864658631313,0.9329317269076305,0.9159803948551589,0.90138028635805,0.9074231973278177
473,0.0036135953629937456,0.0112425732583181,,False,0.9774073702178934,0.9754157628351362,0.9641671729946398,0.9692923317291091,0.934136546184739,0.9170780540283595,0.9025314199500323,0.9085593055890931
474,0.0036084366677300757,0.011239658880351933,,False,0.9777086052816548,0.975256489727529,0.965279914601164,0.9698690652790692,0.9333333333333333,0.9147058018609207,0.9017775145193317,0.9072066190042004
475,0.0036029738249109527,0.011231051317902065,,False,0.9776081935937343,0.975636183575119,0.9647631872157905,0.9697293182529001,0.9333333333333333,0.9163394196718918,0.9017717344960504,0.9078086963535758
476,0.0036069612120419882,0.011229369824603203,,False,0.9773069585299728,0.9762710689148554,0.9640784969283102,0.9695986777835519,0.9349397590361446,0.9178241380457232,0.9032873043467285,0.9093073174705018
477,0.003595067443474134,0.0112286861209905,,False,0.9776081935937343,0.9751621214467073,0.9651912385348344,0.9697785489027257,0.9337349397590361,0.9167088712177888,0.9021573084648096,0.9081893884108538
478,0.003589976909540784,0.011233129829201282,,False,0.9777086052816548,0.975256489727529,0.965279914601164,0.9698690652790692,0.9345381526104418,0.9174428586544509,0.9029119374538374,0.9089386901060524
479,0.003584652369670386,0.011239232332524456,,False,0.9778090169695752,0.9753590213393379,0.9653685906674938,0.9699639049348066,0.9345381526104418,0.9174279835518347,0.9028742214836032,0.9089108100839207
480,0.003580457905131327,0.01122440595651649,,False,0.9777086052816548,0.9761995423357662,0.9648565578973964,0.9700218609166379,0.9333333333333333,0.9163406113594676,0.901753142435604,0.9078011117009623
481,0.003575055225935424,0.011226439879691028,,False,0.9778090169695752,0.9758472013487438,0.9653685906674938,0.9701710263697431,0.9337349397590361,0.9167031242407658,0.9021272539208266,0.9081714835161825
482,0.0035711641763750356,0.011233024803982338,,False,0.9778090169695752,0.9753697795913252,0.9653685906674938,0.9699686263031708,0.9337349397590361,0.9167031242407658,0.9021272539208266,0.9081714835161825
483,0.003566371584577302,0.011247521923283767,,False,0.9778090169695752,0.9753800005620145,0.9653685906674938,0.9699716935570711,0.9333333333333333,0.9163346559192524,0.9017640730697996,0.9078043797878286
484,0.0035635486457071676,0.011250670098473034,,False,0.9778090169695752,0.9753610724743456,0.9653685906674938,0.9699645572771188,0.934136546184739,0.9170635362687545,0.9025122960402445,0.9085448487839977
485,0.0035581010988780574,0.011235559883856792,,False,0.9778090169695752,0.9753510118443389,0.9653685906674938,0.969959584245984,0.9337349397590361,0.9166868875024972,0.9021369206648691,0.9081786753842562
486,0.0035563698483028405,0.011231377237426485,,False,0.9778090169695752,0.9753688921812856,0.9653685906674938,0.9699666427910842,0.9333333333333333,0.9163039980224365,0.9017582930465182,0.907782543327934
487,0.003549101949688159,0.011229269949161878,,False,0.9778090169695752,0.9753659410521078,0.9653685906674938,0.9699659508228997,0.9337349397590361,0.9166857703170417,0.9021324045317408,0.9081634066341446
488,0.0035438537683702273,0.011214079595923795,,False,0.9778090169695752,0.9762975064009155,0.9653685906674938,0.9703623221662769,0.934136546184739,0.9170474881739096,0.9025065160169632,0.9085345273231312
489,0.003539428033317796,0.01122148472469495,,False,0.9778090169695752,0.9758284596241759,0.9653685906674938,0.9701638856753996,0.934136546184739,0.9170474881739096,0.9025065160169632,0.9085345273231312
490,0.0035429111908601148,0.011230317328583731,,False,0.9776081935937343,0.9756334599004326,0.9651912385348344,0.9699819362449288,0.9345381526104418,0.9174593334196318,0.9029067868429235,0.9089279329535427
491,0.0035304563315477593,0.01123134229820521,,False,0.9778090169695752,0.9753689617192944,0.9653685906674938,0.9699669031971069,0.9349397590361446,0.9177944946213389,0.9032547389874084,0.909284875510886
492,0.003526814412137164,0.011233594799163249,,False,0.9778090169695752,0.9758454363112344,0.9653685906674938,0.9701728005519978,0.9345381526104418,0.9174402220450045,0.9028550975738155,0.9089007300990731
493,0.003521552173039185,0.011226228106388209,,False,0.9778090169695752,0.9758395680049047,0.9653685906674938,0.9701689364413865,0.9345381526104418,0.9174279835518347,0.9028742214836032,0.9089108100839207
494,0.003520999567414744,0.011246470966229556,,False,0.9778090169695752,0.9753510118443389,0.9653685906674938,0.969959584245984,0.9345381526104418,0.9174244762254238,0.9028838882276459,0.9089255851110352
495,0.0035138214078670052,0.011222414753473596,,False,0.9779094286574957,0.9759310813242745,0.9654624345113376,0.9702590501659211,0.934136546184739,0.917047800860892,0.9025052606092948,0.9085405261962394
496,0.0035100542162469625,0.011220722658525596,,False,0.9779094286574957,0.975453243125544,0.9654624345113376,0.9700542713441548,0.9337349397590361,0.9166732736761024,0.9021298852339193,0.908174275351078
497,0.003508723376083277,0.011252932186335274,,False,0.9778090169695752,0.9753783208621729,0.9653685906674938,0.9699731626167346,0.934136546184739,0.9170747688402882,0.9024931721304568,0.9085348265306205
498,0.0035010324666794007,0.011227497765169198,,False,0.9779094286574957,0.9764102928036793,0.9654624345113376,0.9704626650337013,0.934136546184739,0.9170398654890677,0.9024988545907122,0.9085377455827182
499,0.0034975403389613693,0.011234581813094656,,False,0.9779094286574957,0.9754720206774914,0.9654624345113376,0.9700634007482104,0.9345381526104418,0.91740951871776,0.9028793720945174,0.9089116468852259
500,0.0034923937359280857,0.011219587368025514,,False,0.9779094286574957,0.975931365258045,0.9654624345113376,0.9702587578110554,0.934136546184739,0.917047800860892,0.9025052606092948,0.9085405261962394
501,0.0034922157866889405,0.011220093370557214,,False,0.9779094286574957,0.9759356326881102,0.9654624345113376,0.9702609217845048,0.9345381526104418,0.9174508760229936,0.9028781166868488,0.9089313310495748
502,0.003485690055243933,0.011222712798412826,,False,0.9779094286574957,0.9759231869342143,0.9654624345113376,0.9702562065792948,0.9349397590361446,0.917780380402254,0.9032534835797398,0.9092830459291505
503,0.003479546344709681,0.011218811483946298,,False,0.9779094286574957,0.9759234732624668,0.9654624345113376,0.9702568658424897,0.9349397590361446,0.9177989004107212,0.9032483329688259,0.9092889296193243
504,0.0034758632274766972,0.011230021561437428,,False,0.9779094286574957,0.9759165179875219,0.9654624345113376,0.9702542952553794,0.9353413654618474,0.9181614342589987,0.9036211890463799,0.9096579023654647
505,0.0034725723650175385,0.011224731643931191,,False,0.9779094286574957,0.9759417254334524,0.9654624345113376,0.9702636711429781,0.9345381526104418,0.9174508760229936,0.9028781166868488,0.9089313310495748
506,0.0034670261271230944,0.011222185728742541,,False,0.9779094286574957,0.9759198448603047,0.9654624345113376,0.9702565322602061,0.9353413654618474,0.9181614342589987,0.9036211890463799,0.9096579023654647
507,0.003464027439330383,0.01121204248091139,,False,0.9779094286574957,0.9759208418419417,0.9654624345113376,0.970256388543554,0.9349397590361446,0.9177900140956852,0.9032470775611573,0.9092879296460153
508,0.0034617053318789465,0.011219247803599498,,False,0.9779094286574957,0.9759049235541334,0.9654624345113376,0.9702499564959101,0.9353413654618474,0.9181614342589987,0.9036211890463799,0.9096579023654647
509,0.003456453766223403,0.011228473579647439,,False,0.9779094286574957,0.9759523348540016,0.9654624345113376,0.9702701848106305,0.9345381526104418,0.9174571017685026,0.9028550975738155,0.908918019309692
510,0.003449617899654554,0.011221001102762607,,False,0.9779094286574957,0.9759415987908626,0.9654624345113376,0.9702640022263288,0.9353413654618474,0.9181861343436241,0.9036084711551747,0.9096610756027272
511,0.0034469457559874123,0.011218089453113124,,False,0.9779094286574957,0.975912613084807,0.9654624345113376,0.9702511531610141,0.9353413654618474,0.9181702337324958,0.9036250757671412,0.9096779966581876
512,0.003442463517235935,0.011228096083128362,,False,0.9779094286574957,0.9759229296694697,0.9654624345113376,0.9702576492507071,0.9353413654618474,0.9181614342589987,0.9036211890463799,0.9096579023654647
513,0.0034381164527631605,0.011214307021771777,,False,0.9780098403454162,0.9760239643291215,0.9655448611516277,0.9703463983042755,0.9349397590361446,0.9178261843202465,0.9032331042622838,0.9092915266369155
514,0.0034349451139204113,0.011223221214580192,,False,0.9780098403454162,0.9760440940938491,0.9655562783551814,0.970359652595557,0.9345381526104418,0.9174381186321696,0.9028768527966959,0.9089362129133447
515,0.0034303074674692266,0.011211745606847954,,False,0.9780098403454162,0.9760324229461569,0.9655448611516277,0.9703508353738651,0.9349397590361446,0.9178268545773874,0.9032343596699524,0.9092949453266521
516,0.0034244886316935866,0.011225463430444674,,False,0.9780098403454162,0.9760352904177161,0.9655448611516277,0.9703514875986013,0.9353413654618474,0.9181858976726297,0.9036072157475061,0.909662738077727
517,0.0034206137825987227,0.011229389832921658,,False,0.9780098403454162,0.976041993099543,0.9655448611516277,0.9703546419617006,0.9357429718875502,0.9185557182543879,0.9039813272327287,0.9100341946680837
518,0.0034179990496401467,0.011209852962337858,,False,0.9780098403454162,0.976009952171439,0.9655448611516277,0.9703416317199172,0.9357429718875502,0.9185269310934646,0.9040017065501851,0.9100320234245743
519,0.0034146010280673047,0.011218497578636806,,False,0.9782106637212572,0.9762363396918753,0.9661507377655689,0.9707848335828149,0.9353413654618474,0.918769942503341,0.905289453540855,0.9109940108535104
520,0.0034113913510822017,0.011219761293144805,,False,0.9781102520333367,0.976130925346783,0.9656387049954716,0.9704439448271801,0.9353413654618474,0.918766322118452,0.9052907174310081,0.9109806084234917
521,0.003406376625683003,0.011232427069321187,,False,0.9780098403454162,0.9760344300704706,0.9655448611516277,0.9703521938645194,0.936144578313253,0.918919789448769,0.9043490326993688,0.9104005404233132
522,0.0034007771997694026,0.011213792980799324,,False,0.9780098403454162,0.976041993099543,0.9655448611516277,0.9703546419617006,0.9353413654618474,0.9181858976726297,0.9036072157475061,0.909662738077727
523,0.0033988332552665874,0.01122128833967944,,False,0.9780098403454162,0.9760344300704706,0.9655448611516277,0.9703521938645194,0.9357429718875502,0.9185471608363329,0.9039749212141461,0.910029964550022
524,0.003393750699532947,0.011196497868714834,,False,0.9782106637212572,0.9762442851200878,0.9661507377655689,0.9707895246434478,0.9345381526104418,0.9174442874268548,0.9028615035923981,0.9089124655557161
525,0.003389278559649446,0.011220041934098552,,False,0.9783110754091776,0.9763607450288626,0.9666627705356662,0.9711336711350348,0.9353413654618474,0.918769942503341,0.905289453540855,0.9109940108535104
526,0.0033866100955237746,0.011222660698230979,,False,0.9782106637212572,0.9762511161493913,0.9661507377655689,0.9707923478396496,0.9357429718875502,0.9191387070307743,0.9056635650260776,0.9113655242113285
527,0.0033817454224961277,0.011204301573447267,,False,0.9783110754091776,0.9763348850392138,0.9666627705356662,0.9711240304250985,0.936144578313253,0.9195014089868216,0.9060580643112408,0.9117425632072744
528,0.003377431708000285,0.01120965088279175,,False,0.9782106637212572,0.9762257028009635,0.9661507377655689,0.9707815326724122,0.9357429718875502,0.9191401641397364,0.9056839528260182,0.9113721806377052
529,0.0033744225253814234,0.011217013586295585,,False,0.9783110754091776,0.9763556891535659,0.9666627705356662,0.9711321811381224,0.9353413654618474,0.9181799099545156,0.9036059518573535,0.9096673108121713
530,0.003371418995271059,0.011207363534683787,,False,0.9781102520333367,0.9761233644645042,0.966056893921725,0.9706868416116028,0.9357429718875502,0.918548419994463,0.9040195750523043,0.9100572136104658
531,0.0033667440439623933,0.01120551280127796,,False,0.9783110754091776,0.9763519788870274,0.9666627705356662,0.9711318475359731,0.9365461847389558,0.9198747904968757,0.9064130518866756,0.912102821742152
532,0.0033611657215913237,0.011212850623610665,,False,0.9783110754091776,0.9763673193632125,0.9666627705356662,0.9711371566650318,0.936144578313253,0.9195145153306465,0.906038940401453,0.9117324080672409
533,0.0033634869518876934,0.011218467258202433,,False,0.9782106637212572,0.976245471340301,0.9665689266918223,0.971035159428809,0.9365461847389558,0.9192977936865705,0.9047435235020477,0.9107824988721686
534,0.003354573473497574,0.011215140277208472,,False,0.9783110754091776,0.9763483956583247,0.9666627705356662,0.9711298015132966,0.9369477911646586,0.9202453470852251,0.9067871633718982,0.9124735065489706
535,0.0033497975888580533,0.011202709914067747,,False,0.9783110754091776,0.9763632765632558,0.9666627705356662,0.9711346336643039,0.936144578313253,0.9195145153306465,0.906038940401453,0.9117324080672409
536,0.0033464300124773825,0.011201681426329855,,False,0.9783110754091776,0.9763598523362871,0.9666627705356662,0.9711340076728069,0.9353413654618474,0.9187667362901865,0.905308577450643,0.9110058829028586
537,0.003342298822821794,0.011196193713016065,,False,0.9783110754091776,0.9763348850392138,0.9666627705356662,0.9711240304250985,0.9357429718875502,0.9191401641397364,0.9056839528260182,0.9113721806377052
538,0.0033380515698017707,0.011214719060683545,,False,0.9785118987850185,0.9765537395336226,0.9668511921963455,0.9713248411946768,0.936144578313253,0.9200649343944326,0.907721178194802,0.9130291969492794
539,0.0033387614249518758,0.01121319803742658,,False,0.9783110754091776,0.9763405021797225,0.9666627705356662,0.9711278320371913,0.9365461847389558,0.9199085118741984,0.906424505887728,0.9121306572287639
540,0.003332768537979811,0.011197060262137796,,False,0.9785118987850185,0.9765448365508568,0.9668511921963455,0.9713215540083101,0.9353413654618474,0.9187594969663342,0.905289453540855,0.9109859312109568
541,0.0033287198426910445,0.011215552248913066,,False,0.9784114870970981,0.9764517649205611,0.9667578999116174,0.9712257334063624,0.936144578313253,0.9200649343944326,0.907721178194802,0.9130291969492794
542,0.003322543122925659,0.01119195030374084,,False,0.9784114870970981,0.9764524453596355,0.9667578999116174,0.9712256883086587,0.936144578313253,0.9195145153306465,0.906038940401453,0.9117324080672409
543,0.0033197955048436005,0.011187913917794954,,False,0.9784114870970981,0.9764449618269713,0.9667578999116174,0.971222900178137,0.9357429718875502,0.9191387070307743,0.9056635650260776,0.9113655242113285
544,0.003318219623479855,0.011209276394853735,,False,0.9783110754091776,0.9763483956583247,0.9666627705356662,0.9711298015132966,0.9369477911646586,0.9202664354231437,0.9067871633718982,0.912482594638989
545,0.003310751805370629,0.011204871109299243,,False,0.9785118987850185,0.9765343964434826,0.9668511921963455,0.9713169999149185,0.9365461847389558,0.920437949965257,0.9080952896800246,0.9134011182694315
546,0.0033071253760659034,0.011196205942262647,,False,0.9785118987850185,0.9765343964434826,0.9668511921963455,0.9713169999149185,0.936144578313253,0.9195145153306465,0.906038940401453,0.9117324080672409
547,0.0033041933265050135,0.011180377795126787,,False,0.9786123104729391,0.9766252308942267,0.9669444844810735,0.9714104675026459,0.9353413654618474,0.9187667362901865,0.905308577450643,0.9110058829028586
548,0.003299830803899027,0.011185880539775216,,False,0.9786123104729391,0.9766343960210272,0.9669444844810735,0.9714149134496589,0.936144578313253,0.9195145153306465,0.906038940401453,0.9117324080672409
549,0.003295601792293689,0.011196188302632788,,False,0.9786123104729391,0.9766370466164678,0.9669444844810735,0.9714154895510794,0.936144578313253,0.9200649343944326,0.907721178194802,0.9130291969492794
550,0.003292597505823392,0.011190037568163344,,False,0.9785118987850185,0.9765582122721064,0.9668511921963455,0.9713274746703754,0.9357429718875502,0.9191387070307743,0.9056635650260776,0.9113655242113285
551,0.003288766969072762,0.011192918349565371,,False,0.9786123104729391,0.9766343960210272,0.9669444844810735,0.9714149134496589,0.9369477911646586,0.9208137582651292,0.9084706650554,0.9137680021253439
552,0.0032848160075726203,0.0111989676746433,,False,0.9786123104729391,0.9766370466164678,0.9669444844810735,0.9714154895510794,0.9365461847389558,0.920437949965257,0.9080952896800246,0.9134011182694315
553,0.0032815847115120972,0.011175567137437501,,False,0.9786123104729391,0.9766370466164678,0.9669444844810735,0.9714154895510794,0.936144578313253,0.9195145153306465,0.906038940401453,0.9117324080672409
554,0.0032781850401922266,0.011191971695617545,,False,0.9785118987850185,0.9765383173510015,0.9668511921963455,0.9713194925693208,0.936144578313253,0.9200733911906498,0.9077403021045897,0.9130440004785684
555,0.003274979550119387,0.011192995888378549,,False,0.9786123104729391,0.976629299809798,0.9669444844810735,0.9714129983308948,0.9357429718875502,0.9196993259483427,0.9073661906193671,0.912672134573499
556,0.0032697643034014017,0.011185014653802427,,False,0.9786123104729391,0.9766376471848857,0.9669444844810735,0.9714152342867889,0.936144578313253,0.9200649343944326,0.907721178194802,0.9130291969492794
557,0.0032663111952117244,0.011182159721438269,,False,0.9787127221608595,0.9767173395827567,0.9670378551626795,0.9715045291680104,0.936144578313253,0.9200649343944326,0.907721178194802,0.9130291969492794
558,0.003264078027007993,0.011174400107745177,,False,0.9787127221608595,0.9767218601064833,0.9670378551626795,0.9715067040377995,0.9365461847389558,0.9204407426943049,0.9080965535701774,0.9133960808051919
559,0.0032596345315717983,0.011166627189041118,,False,0.9787127221608595,0.976724510701924,0.9670378551626795,0.9715072801392198,0.936144578313253,0.9200649343944326,0.907721178194802,0.9130291969492794
560,0.003256059809610255,0.011183252031594034,,False,0.9787127221608595,0.9767319739097494,0.9670378551626795,0.971510104113182,0.9369477911646586,0.9208137582651292,0.9084706650554,0.9137680021253439
561,0.0032526063058394474,0.01116994655374856,,False,0.9787127221608595,0.976724510701924,0.9670378551626795,0.9715072801392198,0.9357429718875502,0.9196993259483427,0.9073661906193671,0.912672134573499
562,0.003249944748578108,0.011174618880502913,,False,0.9787127221608595,0.9767293853369211,0.9670378551626795,0.971509629455933,0.9365461847389558,0.9204122374991603,0.9080508847559625,0.9133739078821169
563,0.0032452462988385596,0.01117923809873939,,False,0.97881313384878,0.9768080671168264,0.9671202818029696,0.9715913705022435,0.936144578313253,0.9200649343944326,0.907721178194802,0.9130291969492794
564,0.003242309007395659,0.011196977927004633,,False,0.9787127221608595,0.9767319739097494,0.9670378551626795,0.971510104113182,0.9365461847389558,0.920437949965257,0.9080952896800246,0.9134011182694315
565,0.0032399765150549547,0.01117203073606814,,False,0.9789135455367005,0.9768950784601541,0.9672142049738159,0.9716842865885265,0.936144578313253,0.9200330274347203,0.9076767732707398,0.9129943148817452
566,0.00323557462276964,0.011179580355089107,,False,0.97881313384878,0.9768180459935637,0.9671202818029696,0.9715947363210655,0.936144578313253,0.9200649343944326,0.907721178194802,0.9130291969492794
567,0.00323201229322045,0.011169316694794382,,False,0.97881313384878,0.976797863281608,0.9671202818029696,0.9715888028947136,0.9357429718875502,0.9196993259483427,0.9073661906193671,0.912672134573499
568,0.0032285444265791707,0.01118195333662706,,False,0.9787127221608595,0.9767169767025882,0.9670378551626795,0.9715048218857957,0.9369477911646586,0.9208028869264177,0.9084441201509728,0.9137674728064735
569,0.003224392129440589,0.01116904642456723,,False,0.97881313384878,0.9768033189596971,0.9671202818029696,0.9715895226476304,0.936144578313253,0.9200466290530704,0.9076958971805276,0.9130168455063364
570,0.003221388808523436,0.01118442619669222,,False,0.97881313384878,0.9768188554071562,0.9671265312290092,0.9715986241709954,0.9365461847389558,0.9204122374991603,0.9080508847559625,0.9133739078821169
571,0.003218992008474519,0.011180144853371288,,False,0.97881313384878,0.9768112401292376,0.9671202818029696,0.9715916926138239,0.9365461847389558,0.9204122374991603,0.9080508847559625,0.9133739078821169
572,0.00321561457923034,0.011199810202844789,,False,0.9789135455367005,0.9769036018273319,0.9672089578692993,0.9716814248937546,0.9369477911646586,0.9207852530699847,0.9084249962411851,0.9137458292022688
573,0.0032112777781335665,0.011185528692350915,,False,0.9789135455367005,0.9769002301601213,0.9672089578692993,0.9716828278663614,0.9365461847389558,0.9204122374991603,0.9080508847559625,0.9133739078821169
574,0.0032078400788573018,0.011181485423600425,,False,0.9790139572246209,0.9769909411893202,0.9673028810401456,0.9717746535508898,0.9369477911646586,0.9208028869264177,0.9084441201509728,0.9137674728064735
575,0.0032040031834641666,0.01118641777207674,,False,0.9790139572246209,0.9769984058088217,0.9673028810401456,0.9717770767691951,0.9373493975903614,0.9211664023554624,0.9087991077264077,0.9141246446727139
576,0.003203255433877196,0.0111828598510762,,False,0.9790139572246209,0.9770111396253804,0.9673137466845836,0.971788876675567,0.9365461847389558,0.9204122374991603,0.9080508847559625,0.9133739078821169
577,0.0031983372765094814,0.011188091083594524,,False,0.9791143689125414,0.977536078574909,0.9673853076804357,0.9720592452062837,0.9373493975903614,0.9211647425686268,0.9088182316361954,0.9141364334991608
578,0.0031932789218715747,0.011174460215024861,,False,0.9791143689125414,0.9770840554654967,0.967396804210992,0.9718700149999313,0.9365461847389558,0.9204206942953775,0.9080700086657502,0.9133887114114057
579,0.0031911058812647062,0.011171696801241469,,False,0.9792147806004619,0.9771789028474315,0.96749009649572,0.9719639557628378,0.936144578313253,0.9200330274347203,0.9076767732707398,0.9129943148817452
580,0.0031866642189022827,0.011173322560513349,,False,0.9791143689125414,0.9770868156556646,0.9673961733248737,0.9718709076640467,0.9365461847389558,0.9204122374991603,0.9080508847559625,0.9133739078821169
581,0.0031852325165504397,0.011178722526242989,,False,0.9791143689125414,0.9775437602901026,0.967396804210992,0.9720673806045106,0.9365461847389558,0.9204408810536108,0.9080827265569555,0.9134049825958657
582,0.003180109061556452,0.011168441554854932,,False,0.9792147806004619,0.9771705260395167,0.96749009649572,0.971961710002702,0.936144578313253,0.9200466290530704,0.9076958971805276,0.9130168455063364
583,0.0031765421967032996,0.011174001585670763,,False,0.9791143689125414,0.9770865546695643,0.967396804210992,0.9718700816364413,0.9365461847389558,0.9204206942953775,0.9080700086657502,0.9133887114114057
584,0.003173692022656544,0.011181170922653987,,False,0.9793151922883824,0.977271901970765,0.9675725231360102,0.9720516823200409,0.9365461847389558,0.9204206942953775,0.9080700086657502,0.9133887114114057
585,0.003171915547411334,0.011175693968941568,,False,0.9793151922883824,0.9772614938791249,0.9675725231360102,0.9720487099708195,0.9357429718875502,0.9196663629343055,0.907321785695305,0.9126373092734263
586,0.0031672463187552946,0.011181368801218445,,False,0.9792147806004619,0.9771664204847307,0.96749009649572,0.9719607851393339,0.9365461847389558,0.9204206942953775,0.9080700086657502,0.9133887114114057
587,0.0031637743710015466,0.011176179761659182,,False,0.9791143689125414,0.9770890854373262,0.967396804210992,0.9718722644242468,0.9365461847389558,0.9204206942953775,0.9080700086657502,0.9133887114114057
588,0.003165199237240462,0.011170351775725638,,False,0.9793151922883824,0.977271901970765,0.9675725231360102,0.9720516823200409,0.9357429718875502,0.9196559445755494,0.9073026617855174,0.9126146240847947
589,0.0031569399871100206,0.011163083198966878,,False,0.9793151922883824,0.9772695265368448,0.9675725231360102,0.9720495386118715,0.9357429718875502,0.9196663629343055,0.907321785695305,0.9126373092734263
590,0.003152620639933261,0.01116166419618658,,False,0.9793151922883824,0.9772672603409797,0.9675725231360102,0.9720495098098235,0.936144578313253,0.9200466290530704,0.9076958971805276,0.9130168455063364
591,0.0031500537247690225,0.011179942325886559,,False,0.9793151922883824,0.9772596361846764,0.9675725231360102,0.9720470478635725,0.936144578313253,0.9200450994291709,0.9077080832223916,0.9130183672919647
592,0.0031463956620536733,0.01117199448437038,,False,0.9793151922883824,0.9772759300600931,0.9675725231360102,0.9720525057058071,0.9365461847389558,0.9204351288466205,0.9080636026471676,0.9133927807306382
593,0.0031434412719472324,0.011178834546234221,,False,0.9793151922883824,0.9777213422146844,0.9675725231360102,0.9722465877197569,0.9365461847389558,0.9204139146921126,0.9080636026471676,0.9133837103750732
594,0.0031392035634600066,0.011156662864652656,,False,0.9794156039763029,0.977804749247813,0.9676632260838558,0.972334031297684,0.9365461847389558,0.9204206942953775,0.9080700086657502,0.9133887114114057
595,0.003137177006437202,0.011167309321083788,,False,0.9793151922883824,0.9777165205896341,0.9675807994435657,0.9722484761118542,0.9365461847389558,0.9204351288466205,0.9080636026471676,0.9133927807306382
596,0.003131874133602374,0.011164729138370423,,False,0.9794156039763029,0.9773436367420335,0.9676632260838558,0.9721342365766906,0.9365461847389558,0.9204206942953775,0.9080700086657502,0.9133887114114057
597,0.0031285358328288883,0.011163625360121436,,False,0.9794156039763029,0.977804749247813,0.9676632260838558,0.972334031297684,0.936144578313253,0.9200508120396107,0.907689491161945,0.9130141230335158
598,0.0031260515012816654,0.011157156843611774,,False,0.9793151922883824,0.9777165205896341,0.9675807994435657,0.9722484761118542,0.9365461847389558,0.9204408810536108,0.9080827265569555,0.9134049825958657
599,0.0031220617567977913,0.01116613736343986,,False,0.9794156039763029,0.9778078533598441,0.9676632260838558,0.9723343551064849,0.9369477911646586,0.9207980070372699,0.9084377141323903,0.9137616878905077
600,0.003120795033946491,0.0111810702784085,,False,0.9794156039763029,0.9778031373978902,0.9676632260838558,0.9723332752543057,0.9365461847389558,0.9204408810536108,0.9080827265569555,0.9134049825958657
601,0.0031162624339765316,0.011162325523933165,,False,0.9794156039763029,0.9778078533598441,0.9676632260838558,0.9723343551064849,0.9365461847389558,0.9204071734031485,0.9080821947076143,0.9133880094916724
602,0.003112197820342551,0.011162793187517691,,False,0.9794156039763029,0.9778078533598441,0.9676632260838558,0.9723343551064849,0.9369477911646586,0.9207897597093696,0.9084377141323903,0.9137644741789184
603,0.0031095097680901443,0.011169535537691044,,False,0.9794156039763029,0.9778153179793454,0.9676632260838558,0.9723367783247904,0.936144578313253,0.92003920850664,0.9077080832223916,0.9130217367462089
604,0.0031069284070517913,0.011180137363390144,,False,0.9794156039763029,0.9778072598356154,0.9676632260838558,0.9723346099712941,0.9365461847389558,0.9204139146921126,0.9080636026471676,0.9133837103750732
605,0.0031039506757380535,0.011171621521690227,,False,0.9794156039763029,0.9773700415432359,0.9676632260838558,0.972143135387451,0.9365461847389558,0.9204351288466205,0.9080636026471676,0.9133927807306382
606,0.0031011153100101775,0.011170850511278238,,False,0.9794156039763029,0.97780687106477,0.9676632260838558,0.9723354344904289,0.9365461847389558,0.9204408810536108,0.9080827265569555,0.9134049825958657
607,0.003097137229144916,0.011161821958845007,,False,0.9795160156642233,0.9779215004300847,0.9681752588539531,0.9726776259067288,0.9357429718875502,0.9196581156064051,0.907321785695305,0.9126400955618368
608,0.003093660736242792,0.011169202782741083,,False,0.9795160156642233,0.977920952939875,0.9681752588539531,0.9726784117963374,0.9365461847389558,0.9204408810536108,0.9080827265569555,0.9134049825958657
609,0.003093217616481555,0.011154319897354768,,False,0.9795160156642233,0.977467503016293,0.9681752588539531,0.9724798043959034,0.9353413654618474,0.919279970252473,0.9069476742100826,0.9122604628975264
610,0.0030877230551880027,0.011153760936574721,,False,0.9795160156642233,0.9779182401970482,0.9681752588539531,0.972677262919231,0.936144578313253,0.920073350808818,0.907689491161945,0.9130379616757404
611,0.0030852492961266392,0.011162925686946979,,False,0.9795160156642233,0.9779429498777503,0.9681752588539531,0.9726854693788817,0.9353413654618474,0.919279970252473,0.9069476742100826,0.9122604628975264
612,0.003081816892456998,0.011167935877841598,,False,0.9795160156642233,0.9779282123979746,0.9681752588539531,0.9726802653111495,0.9353413654618474,0.9193213507560696,0.9069856731155619,0.9122906701840928
613,0.0030790569484425963,0.011174874128259495,,False,0.9795160156642233,0.9779282123979746,0.9681752588539531,0.9726802653111495,0.936144578313253,0.9200383198259059,0.9077016772038091,0.9130133662556325
614,0.0030745874254228538,0.011164874280587286,,False,0.9795160156642233,0.9779209069058561,0.9681752588539531,0.9726778807715379,0.9369477911646586,0.9207980070372699,0.9084377141323903,0.9137616878905077
615,0.003078441569424204,0.01115787310393595,,False,0.9795160156642233,0.9779136650315393,0.9681752588539531,0.9726764322862588,0.9369477911646586,0.9208253554864364,0.9084060270995334,0.9137548617691991
616,0.003069367922626125,0.01115963562971388,,False,0.9795160156642233,0.9779209069058561,0.9681752588539531,0.9726778807715379,0.9373493975903614,0.9211772152930996,0.9087674206935509,0.9141172530638458
617,0.003066302279053103,0.011157807023897785,,False,0.9795160156642233,0.9779215004300847,0.9681752588539531,0.9726776259067288,0.9353413654618474,0.9192899523690783,0.9069412681914998,0.9122713167457471
618,0.003062938816973475,0.011154491070509797,,False,0.9795160156642233,0.9779209069058561,0.9681752588539531,0.9726778807715379,0.9365461847389558,0.9204459794212543,0.9080636026471676,0.9134085375490315
619,0.0030619611180027154,0.011160054989036147,,False,0.9796164273521438,0.9780060849533635,0.968268629535559,0.9727708563182951,0.9365461847389558,0.9204517316282443,0.9080827265569555,0.9134207394142589
620,0.0030579706152537274,0.011172425260581747,,False,0.9796164273521438,0.978012861109796,0.968268629535559,0.9727731306397348,0.9365461847389558,0.9204326337257103,0.9080827265569555,0.9134077688842763
621,0.003055324243381254,0.011157821802272273,,False,0.9796164273521438,0.9780106554448422,0.968268629535559,0.9727717279360031,0.9349397590361446,0.9189261626041942,0.9065671567062774,0.9118996681546759
622,0.0030517479256391123,0.011152389132150596,,False,0.9796164273521438,0.9780131726667598,0.968268629535559,0.972772307422394,0.9357429718875502,0.9196381103294521,0.9072709747526605,0.9126013432697879
623,0.003048639512516536,0.01115883148606298,,False,0.9796164273521438,0.9780106554448422,0.968268629535559,0.9727717279360031,0.936144578313253,0.9200666310414317,0.907708615071733,0.9130428162074803
624,0.003047535408624866,0.011162745365746251,,False,0.9796164273521438,0.9780321808873624,0.968268629535559,0.9727796113302571,0.9365461847389558,0.9204109223929066,0.9080191977231057,0.9133567176768713
625,0.003043105428691683,0.011147004247100616,,False,0.9796164273521438,0.9780106554448422,0.968268629535559,0.9727717279360031,0.936144578313253,0.9200613458751534,0.9076642101476708,0.9130121043212781
626,0.003040636814893857,0.011155746259860214,,False,0.9796164273521438,0.9780131726667598,0.968268629535559,0.972772307422394,0.9353413654618474,0.9192898694371147,0.9069281732190895,0.912265370619151
627,0.0030377049172077408,0.011148330535546492,,False,0.9797168390400642,0.9781008896556767,0.968362000217165,0.9728649385461624,0.9365461847389558,0.9204517316282443,0.9080827265569555,0.9134207394142589
628,0.0030340514683987467,0.011161120300937879,,False,0.9796164273521438,0.9780131726667598,0.968268629535559,0.972772307422394,0.9369477911646586,0.9208094615312178,0.908412433118116,0.9137627479365484
629,0.0030321898571446394,0.011165646617878241,,False,0.9797168390400642,0.9781017337199012,0.968362000217165,0.972862771930544,0.9357429718875502,0.9197098662391716,0.9073910945524362,0.9126927123274373
630,0.003028939705376867,0.011162538456641682,,False,0.9797168390400642,0.9781015628170476,0.968362000217165,0.9728638643017715,0.936144578313253,0.9200477212588954,0.9076763961895347,0.9130145278359869
631,0.0030258709771143126,0.01115938856093419,,False,0.9796164273521438,0.9780153308539086,0.968268629535559,0.9727737300979759,0.9369477911646586,0.9208094615312178,0.908412433118116,0.9137627479365484
632,0.0030228931779328473,0.011157749312122614,,False,0.9797168390400642,0.9781011241272081,0.968362000217165,0.9728641166120772,0.9369477911646586,0.9208094615312178,0.908412433118116,0.9137627479365484
633,0.0030222275159440186,0.0111634406560673,,False,0.9796164273521438,0.9780160009391144,0.968268629535559,0.9727726136709547,0.9349397590361446,0.9189355483747358,0.9066115616303393,0.9119203750176381
634,0.0030172843396569435,0.011151765110471938,,False,0.9796164273521438,0.9780154848966439,0.968268629535559,0.9727728672492416,0.936144578313253,0.9200507180969306,0.9076642101476708,0.9130143044886228
635,0.0030141671141805525,0.011157354854923984,,False,0.9796164273521438,0.9780154848966439,0.968268629535559,0.9727728672492416,0.936144578313253,0.9200507180969306,0.9076642101476708,0.9130143044886228
636,0.0030115654037474802,0.011156477085935248,,False,0.9797168390400642,0.978103359399789,0.968362000217165,0.9728655380044035,0.9373493975903614,0.9211761997066625,0.9087865446033386,0.9141314243499556
637,0.0030086114921812216,0.011150814568872262,,False,0.9797168390400642,0.9781034363570922,0.968362000217165,0.9728646764389247,0.9365461847389558,0.9204179148935562,0.9080383216328934,0.9133843352184715
638,0.003005786906234692,0.011162263383433534,,False,0.9797168390400642,0.9780983724337591,0.968362000217165,0.9728643590597712,0.9369477911646586,0.9208094615312178,0.908412433118116,0.9137627479365484
639,0.003003978843496732,0.011165875444418842,,False,0.9798172507279848,0.9782007796968711,0.9688740329872623,0.9732006514645237,0.9373493975903614,0.9211761997066625,0.9087865446033386,0.9141314243499556
640,0.0029999207039186457,0.011158322986593859,,False,0.9797168390400642,0.9781006926909812,0.968362000217165,0.9728649201520965,0.9373493975903614,0.9211761997066625,0.9087865446033386,0.9141314243499556
641,0.0029975863517392636,0.01115549767389423,,False,0.9798172507279848,0.9782036156012358,0.9688740329872623,0.9732000986810644,0.9353413654618474,0.9193180570618957,0.9069603921012876,0.9122908247294159
642,0.002995091465784106,0.011158663471246635,,False,0.9798172507279848,0.9782010141684024,0.9688740329872623,0.9731998295304385,0.9357429718875502,0.9196919326846247,0.9073345035865104,0.9126620272515772
643,0.0029921881705565635,0.01116281063136275,,False,0.9799176624159052,0.978295680937454,0.9689678768311061,0.97329311933288,0.936144578313253,0.9200833392706349,0.9077208011135968,0.9130476562320654
644,0.0029894435441530152,0.011158141979161582,,False,0.9798172507279848,0.9782010141684024,0.9688740329872623,0.9731998295304385,0.9353413654618474,0.9193180570618957,0.9069603921012876,0.9122908247294159
645,0.0029872538741533288,0.011157635091137357,,False,0.9798172507279848,0.9782036156012358,0.9688740329872623,0.9732000986810644,0.9353413654618474,0.9193180570618957,0.9069603921012876,0.9122908247294159
646,0.0029832065921597873,0.011162102613410744,,False,0.9798172507279848,0.9782007796968711,0.9688740329872623,0.9732006514645237,0.9365461847389558,0.920424360944405,0.9080383216328934,0.91338482472977
647,0.002980942761159342,0.01115915389635432,,False,0.9799176624159052,0.978284107225284,0.9689678768311061,0.9732893707990732,0.9369477911646586,0.9208267171315896,0.9084568380421781,0.9137866295392553
648,0.0029800648789746163,0.011151771332634055,,False,0.9798172507279848,0.9786553196001478,0.9688740329872623,0.9733987652329166,0.9369477911646586,0.9208267171315896,0.9084568380421781,0.9137866295392553
649,0.0029750647264886994,0.0111536971583215,,False,0.9798172507279848,0.9782030999540934,0.9688740329872623,0.9732012125568489,0.9373493975903614,0.9211761997066625,0.9087865446033386,0.9141314243499556
650,0.0029732973958924995,0.011154541594777327,,False,0.9799176624159052,0.9787473392074642,0.9689678768311061,0.9734905799354918,0.9373493975903614,0.9211761997066625,0.9087865446033386,0.9141314243499556
651,0.002970052491478594,0.011153395275102168,,False,0.9799176624159052,0.9782929414446504,0.9689678768311061,0.9732925020502936,0.9373493975903614,0.9211761997066625,0.9087865446033386,0.9141314243499556
652,0.002967532054541975,0.011146110962618853,,False,0.9798172507279848,0.9786704737984687,0.9688740329872623,0.9734037359245797,0.9373493975903614,0.9211761997066625,0.9087865446033386,0.9141314243499556
653,0.0029640536723629755,0.011156037089980652,,False,0.9799176624159052,0.9787629126413666,0.9689678768311061,0.9734956068174162,0.9373493975903614,0.9211761997066625,0.9087865446033386,0.9141314243499556
654,0.002965006108703678,0.011174355919158793,,False,0.9799176624159052,0.9787473392074642,0.9689678768311061,0.9734905799354918,0.9373493975903614,0.9211761997066625,0.9087865446033386,0.9141314243499556
655,0.002958986458617123,0.011160770615149739,,False,0.9799176624159052,0.9787601731485629,0.9689678768311061,0.9734949895348297,0.9373493975903614,0.9211761997066625,0.9087865446033386,0.9141314243499556
656,0.0029563883048412823,0.011161185141349617,,False,0.9799176624159052,0.9787538002438956,0.9689678768311061,0.9734931548740798,0.9369477911646586,0.9208267171315896,0.9084568380421781,0.9137866295392553
657,0.0029555679726168925,0.011151507518135413,,False,0.9799176624159052,0.9787601731485629,0.9689678768311061,0.9734949895348297,0.9353413654618474,0.9192950377152592,0.9069159871772258,0.9122578658774947
658,0.002953926913224816,0.011170923861136918,,False,0.9799176624159052,0.9787538002438956,0.9689678768311061,0.9734931548740798,0.9369477911646586,0.9208147277082137,0.9084060270995334,0.9137570619365438
659,0.0029491778134441314,0.011146669881106344,,False,0.9799176624159052,0.9787537322152736,0.9689678768311061,0.9734924188217965,0.9357429718875502,0.9196854866337757,0.9073345035865104,0.9126615377402787
660,0.0029472043646647287,0.011154546624498345,,False,0.9799176624159052,0.9787538002438956,0.9689678768311061,0.9734931548740798,0.9373493975903614,0.9211761997066625,0.9087865446033386,0.9141314243499556
661,0.002943563732582134,0.01114838720973629,,False,0.9799176624159052,0.9787537322152736,0.9689678768311061,0.9734924188217965,0.936144578313253,0.9200591294812502,0.907708615071733,0.9130320579814257
662,0.002941812376828987,0.011156123390861328,,False,0.9799176624159052,0.978760206526468,0.9689678768311061,0.9734953576267973,0.9369477911646586,0.9208267171315896,0.9084568380421781,0.9137866295392553
663,0.0029394845714216,0.011143891965595919,,False,0.9799176624159052,0.9787473045567471,0.9689678768311061,0.9734902119751757,0.9373493975903614,0.9211761997066625,0.9087865446033386,0.9141314243499556
664,0.0029363138752289708,0.011158170997237423,,False,0.9799176624159052,0.9787537322152736,0.9689678768311061,0.9734924188217965,0.9373493975903614,0.9211761997066625,0.9087865446033386,0.9141314243499556
665,0.0029336210764111218,0.011151149271224906,,False,0.9799176624159052,0.9787601731485629,0.9689678768311061,0.9734949895348297,0.9357429718875502,0.9196785448960123,0.9073345035865104,0.9126546516480586
666,0.0029308014270955714,0.011160021373066781,,False,0.9800180741038257,0.9788527881130467,0.969061247512712,0.973589081880703,0.9365461847389558,0.920441844710722,0.9080827265569555,0.9134093817907186
667,0.0029294553508090572,0.011173599442323441,,False,0.9800180741038257,0.9788463647792656,0.969061247512712,0.9735875342892787,0.9373493975903614,0.9211761997066625,0.9087865446033386,0.9141314243499556
668,0.0029258705664888195,0.011155503205840921,,False,0.9800180741038257,0.9788525845647994,0.969061247512712,0.9735893715252257,0.9365461847389558,0.920441844710722,0.9080827265569555,0.9134093817907186
669,0.002923483600578388,0.011151910935389555,,False,0.9801184857917462,0.9789474808662801,0.9691519504605579,0.973681536331871,0.9369477911646586,0.9208267171315896,0.9084568380421781,0.9137866295392553
670,0.0029215345622216854,0.011156804213952716,,False,0.9802188974796666,0.9790426259536825,0.9692426534084038,0.9737730455348612,0.9365461847389558,0.9204086120563232,0.9080383216328934,0.9133768527921258
671,0.002919225747082401,0.011154241357992867,,False,0.9801184857917462,0.9789408838292617,0.9691519504605579,0.9736789269861317,0.936144578313253,0.9200591294812502,0.907708615071733,0.9130320579814257
672,0.0029173269139616286,0.011142422072823403,,False,0.9801184857917462,0.9789348000443151,0.9691519504605579,0.9736771241573362,0.9369477911646586,0.9208267171315896,0.9084568380421781,0.9137866295392553
673,0.002914812211240728,0.011158349283317439,,False,0.9801184857917462,0.9789323640297385,0.9691519504605579,0.9736753956042931,0.9369477911646586,0.9208267171315896,0.9084568380421781,0.9137866295392553
674,0.002913127929837629,0.011139557050549219,,False,0.9801184857917462,0.9789348000443151,0.9691519504605579,0.9736771241573362,0.9373493975903614,0.9211761997066625,0.9087865446033386,0.9141314243499556
675,0.0029105976695582695,0.011146582207585838,,False,0.9802188974796666,0.9790404371741437,0.9692426534084038,0.9737705347643971,0.936144578313253,0.9200591294812502,0.907708615071733,0.9130320579814257
676,0.002907722131575062,0.01115829721261593,,False,0.9802188974796666,0.9785750507679037,0.9692426534084038,0.9735708494935571,0.9369477911646586,0.9207913272857949,0.908412433118116,0.913754176601419
677,0.002904394837932275,0.01114071827374243,,False,0.9802188974796666,0.9790424205913983,0.9692426534084038,0.973773335228387,0.9365461847389558,0.920441844710722,0.9080827265569555,0.9134093817907186
678,0.0029024500098390783,0.01114737328851365,,False,0.9802188974796666,0.9790293150734303,0.9692426534084038,0.9737684792212884,0.9365461847389558,0.9204265564825379,0.9080827265569555,0.9134034757962792
679,0.002900401971183116,0.01114799355460374,,False,0.9802188974796666,0.9785691314373479,0.9692426534084038,0.973567206002735,0.936144578313253,0.9200591294812502,0.907708615071733,0.9130320579814257
680,0.002897690555522472,0.011154491144014494,,False,0.9802188974796666,0.97903353765985,0.9692426534084038,0.9737697319672098,0.9373493975903614,0.9228359825073116,0.9088322134175534,0.9147744982822545
681,0.0028951141935619116,0.011137446848466041,,False,0.9802188974796666,0.9790424205913983,0.9692426534084038,0.973773335228387,0.9369477911646586,0.9224025892038613,0.9084136970082688,0.9143588155406854
682,0.002893081408205653,0.011148466654396543,,False,0.9802188974796666,0.9790405858297498,0.9692426534084038,0.9737730940513796,0.9365461847389558,0.9203933238281391,0.9080383216328934,0.9133709467976865
683,0.002890579675359223,0.01114777977191982,,False,0.9802188974796666,0.9790399155714097,0.9692426534084038,0.973771607542186,0.9365461847389558,0.9204265564825379,0.9080827265569555,0.9134034757962792
684,0.002888312134610436,0.011145672990658129,,False,0.9802188974796666,0.979036185020393,0.9692426534084038,0.9737704748218279,0.936144578313253,0.9200438412530662,0.907708615071733,0.9130261519869861
685,0.002886437557393096,0.011159595404796404,,False,0.9802188974796666,0.979027013601689,0.9692426534084038,0.9737664618905646,0.9373493975903614,0.9228035676498032,0.9088309580098848,0.9147600104543739
686,0.0028834026364577435,0.011143555659927732,,False,0.9802188974796666,0.9790357761098615,0.9692426534084038,0.9737710541598764,0.9365461847389558,0.9204265564825379,0.9080827265569555,0.9134034757962792
687,0.002881087480181465,0.011152040939744257,,False,0.9802188974796666,0.9790424205913983,0.9692426534084038,0.973773335228387,0.9365461847389558,0.9204265564825379,0.9080827265569555,0.9134034757962792
688,0.0028791257603340806,0.011133814266799397,,False,0.9802188974796666,0.9790425296471468,0.9692426534084038,0.9737737021871828,0.9369477911646586,0.92243582185826,0.9084581019323308,0.9143913445392783
689,0.0028767207407979123,0.011157537876176375,,False,0.9802188974796666,0.9790399155714097,0.9692426534084038,0.973771607542186,0.9377510040160643,0.9231884400706707,0.9092050694951074,0.9151372582029106
690,0.002874606519745575,0.011152914262493006,,False,0.9802188974796666,0.97903353765985,0.9692426534084038,0.9737697319672098,0.9377510040160643,0.9231884400706707,0.9092050694951074,0.9151372582029106
691,0.0028717857426182438,0.011148782732759913,,False,0.9802188974796666,0.9790379311958645,0.9692426534084038,0.973771327966666,0.9369477911646586,0.9224208524203313,0.9084568465246622,0.9143826866450807
692,0.0028691655654178405,0.011147946699710498,,False,0.9802188974796666,0.9790402243637365,0.9692426534084038,0.9737733451121993,0.9373493975903614,0.9228035676498032,0.9088309580098848,0.9147600104543739
693,0.002866969396608471,0.01114984899821307,,False,0.9802188974796666,0.97903353765985,0.9692426534084038,0.9737697319672098,0.9369477911646586,0.92243582185826,0.9084581019323308,0.9143913445392783
694,0.0028651620274797074,0.011163199966216182,,False,0.9802188974796666,0.9790269201231518,0.9692426534084038,0.9737671183470548,0.9373493975903614,0.9228035676498032,0.9088309580098848,0.9147600104543739
695,0.0028628303760015843,0.011145165860749002,,False,0.9802188974796666,0.9790272749494976,0.9692426534084038,0.9737685277378068,0.9377510040160643,0.9231701768542006,0.9091619199787141,0.9151133870985151
696,0.0028608793573663355,0.011153950547920883,,False,0.9802188974796666,0.9790316459711045,0.9692426534084038,0.9737687958375602,0.9377510040160643,0.9231380073117028,0.909167070589628,0.915101503980585
697,0.002857670104560331,0.01114846554312575,,False,0.9802188974796666,0.9790309252483146,0.9692426534084038,0.9737692979589754,0.9369477911646586,0.92243582185826,0.9084581019323308,0.9143913445392783
698,0.0028552714415107988,0.011152086187202117,,False,0.9802188974796666,0.9790311287965616,0.9692426534084038,0.9737690083144527,0.9369477911646586,0.9224208524203313,0.9084568465246622,0.9143826866450807
699,0.0028529114122514488,0.011152565273317238,,False,0.9802188974796666,0.9790395936150834,0.9692426534084038,0.9737725024376991,0.9369477911646586,0.9224208524203313,0.9084568465246622,0.9143826866450807
700,0.0028545048908853285,0.011161921166933837,,False,0.9802188974796666,0.9790310353180245,0.9692426534084038,0.9737696647709428,0.9377510040160643,0.923205098683071,0.9091555139601315,0.9151153155268413
701,0.002847807342860594,0.011149845782483602,,False,0.9802188974796666,0.9790375697298512,0.9692426534084038,0.973771579027486,0.9373493975903614,0.9227703349954045,0.9087865530858229,0.9147274814557811
702,0.0028454500172014163,0.011150318449265052,,False,0.9802188974796666,0.9790395936150834,0.9692426534084038,0.9737725024376991,0.9373493975903614,0.9227703349954045,0.9087865530858229,0.9147274814557811
703,0.0028433817934830625,0.011151709954224123,,False,0.9802188974796666,0.9790329235252008,0.9692426534084038,0.973770553814998,0.9377510040160643,0.9231530502248764,0.9091606645710455,0.9151048052650741
704,0.002840926109878916,0.011144601311605001,,False,0.9802188974796666,0.9790375697298512,0.9692426534084038,0.973771579027486,0.9369477911646586,0.9224025892038613,0.9084136970082688,0.9143588155406854
705,0.002838666122613044,0.011157376951578916,,False,0.9802188974796666,0.9790395936150834,0.9692426534084038,0.9737725024376991,0.9373493975903614,0.9227703349954045,0.9087865530858229,0.9147274814557811
706,0.002837048143505316,0.011152336309599858,,False,0.9802188974796666,0.9790421062172641,0.9692426534084038,0.9737742326231955,0.9369477911646586,0.9207792593609077,0.9084619886530921,0.9137688404268857
707,0.0028346037313578864,0.011144093542859456,,False,0.9802188974796666,0.9790399550810966,0.9692426534084038,0.9737722513768792,0.9373493975903614,0.9227885247366299,0.9088373640284674,0.9147567091698848
708,0.002831808616368534,0.011140720692073615,,False,0.9802188974796666,0.9790330170037378,0.9692426534084038,0.9737698973585078,0.9373493975903614,0.9227883822666999,0.9088373640284674,0.9147549538097403
709,0.002830636139563896,0.011152492320275128,,False,0.9802188974796666,0.9790399550810966,0.9692426534084038,0.9737722513768792,0.9377510040160643,0.9231378648417731,0.909167070589628,0.9150997486204404
710,0.0028273890750416127,0.011134364673670122,,False,0.9802188974796666,0.9790272289154787,0.9692426534084038,0.9737688559170681,0.9373493975903614,0.9227883948230231,0.9087878084934915,0.9147348970661012
711,0.002824975787270841,0.01115076476938976,,False,0.9802188974796666,0.9790399550810966,0.9692426534084038,0.9737722513768792,0.9377510040160643,0.9231378648417731,0.909167070589628,0.9150997486204404
712,0.0028227370528608846,0.011142885139103706,,False,0.9802188974796666,0.9790335341782807,0.9692426534084038,0.9737696848816153,0.9385542168674699,0.9238954156795552,0.9099140381524047,0.9158526954168124
713,0.0028199830281180824,0.011147644615787081,,False,0.9802188974796666,0.9790330170037378,0.9692426534084038,0.9737698973585078,0.9373493975903614,0.9228066580394931,0.9088309580098848,0.9147587681704965
714,0.0028189544310186832,0.011138141598357637,,False,0.9802188974796666,0.9790395936150834,0.9692426534084038,0.9737725024376991,0.9373493975903614,0.9211285994660509,0.9087916952142526,0.9141118798774414
715,0.0028162294834810377,0.011143488411513238,,False,0.9802188974796666,0.9790263264881823,0.9692426534084038,0.9737679444692586,0.9381526104417671,0.9235728444746142,0.9095283700376855,0.915483981441937
716,0.0028136638310144444,0.011148561667089833,,False,0.9802188974796666,0.9790263264881823,0.9692426534084038,0.9737679444692586,0.9377510040160643,0.9215238863289871,0.909158145273224,0.914491218690971
717,0.002811923813353779,0.01115199444317663,,False,0.9803193091675871,0.9791149471779185,0.9693377827843551,0.9738591844622104,0.9377510040160643,0.9231378648417731,0.909167070589628,0.9150997486204404
718,0.0028085766310645007,0.011145880902372264,,False,0.9802188974796666,0.9790395936150834,0.9692426534084038,0.9737725024376991,0.9381526104417671,0.9235331517047091,0.9095335206485995,0.9154790874339701
719,0.0028095205032147375,0.011153709402634476,,False,0.9802188974796666,0.9790263264881823,0.9692426534084038,0.9737679444692586,0.9385542168674699,0.9239558347972435,0.9099012261152395,0.9158606654923123
720,0.002804775459493397,0.011142513623297247,,False,0.9802188974796666,0.9790355296059184,0.9692426534084038,0.9737716275440044,0.9377510040160643,0.9220525031677322,0.910849308382977,0.9157594601908049
721,0.00280163632821864,0.011147948998963778,,False,0.9802188974796666,0.9790330170037378,0.9692426534084038,0.9737698973585078,0.9377510040160643,0.9231561406145663,0.9091606645710455,0.9151035629811969
722,0.002799883851959039,0.011148460594686575,,False,0.9803193091675871,0.9791210486718823,0.9693364972522477,0.9738615034108096,0.9385542168674699,0.9244321000127707,0.9115923892249924,0.9171352042810277
723,0.002797684842482807,0.011139303206748325,,False,0.9802188974796666,0.979026372522201,0.9692426534084038,0.9737676162899971,0.9381526104417671,0.9240279634765258,0.9112246837583524,0.9167541959382106
724,0.002795274155551656,0.011140308763464115,,False,0.9802188974796666,0.9790395461705652,0.9692426534084038,0.9737719704142118,0.9385542168674699,0.9243954280444326,0.9116052012621575,0.9171275240921
725,0.0027933265101108156,0.011132613221605532,,False,0.9804197208555075,0.9792285211086408,0.9694297895369757,0.9739602389691299,0.9385542168674699,0.9243954280444326,0.9116052012621575,0.9171275240921
726,0.0027910572648610914,0.011133087578039396,,False,0.9804197208555075,0.9792285211086408,0.9694297895369757,0.9739602389691299,0.9385542168674699,0.9243954280444326,0.9116052012621575,0.9171275240921
727,0.0027881787716300377,0.011149231802411426,,False,0.9803193091675871,0.9791278922586427,0.9693359456931319,0.9738638608634752,0.9385542168674699,0.9244015092249409,0.9115975398359064,0.9171291706880087
728,0.002786482413012983,0.011153107864895215,,False,0.9804197208555075,0.9792220210127075,0.9694297895369757,0.9739576330937096,0.9385542168674699,0.924423250339462,0.9115911338173238,0.9171335347517403
729,0.0027846384369199207,0.0111454874691948,,False,0.9804197208555075,0.9792285211086408,0.9694297895369757,0.9739602389691299,0.9389558232931727,0.924785514314308,0.911971651321129,0.9175071427345826
730,0.002782269886970119,0.011134058660980776,,False,0.9806205442313485,0.9798665216223286,0.969618289594533,0.9743438047311237,0.9385542168674699,0.9244095987216107,0.911598795243575,0.9171315694420142
731,0.0027826353668822744,0.0111498049562135,,False,0.9806205442313485,0.9794184428216722,0.9700369516830243,0.9743877400786514,0.9381526104417671,0.9224219877550701,0.9112285704791135,0.9161366550872175
732,0.0027771790530793814,0.011143956540907708,,False,0.9805201325434281,0.979778383318731,0.9695231602185816,0.9742519846137903,0.9389558232931727,0.9248115210515672,0.9119652453025464,0.9175113312156647
733,0.0027747552205113104,0.011146488210093198,,False,0.9806205442313485,0.9798729992585528,0.969618289594533,0.9743457249248642,0.9385542168674699,0.9244015092249409,0.9115975398359064,0.9171291706880087
734,0.0027729221708603486,0.011146503794794997,,False,0.9806205442313485,0.9798665216223286,0.969618289594533,0.9743438047311237,0.9385542168674699,0.924423250339462,0.9115911338173238,0.9171335347517403
735,0.0027717715891267757,0.011139501040927183,,False,0.9806205442313485,0.9798965860076552,0.970035192988679,0.9745969532964346,0.9385542168674699,0.9228470730904902,0.9115847277987412,0.9165091910153438
736,0.002768973503442103,0.011151451422112706,,False,0.980720955919269,0.9799777273286495,0.9701303223646303,0.9746855227044825,0.9393574297188755,0.9251716854297278,0.9123457628063516,0.9178850409403907
737,0.002766308002128648,0.011150370061126307,,False,0.9806205442313485,0.9803493856235179,0.969618289594533,0.9745491922910239,0.9389558232931727,0.924785514314308,0.911971651321129,0.9175071427345826
738,0.0027636263191787515,0.011143062525712698,,False,0.980720955919269,0.9799777747204019,0.9701303223646303,0.9746851948929431,0.9389558232931727,0.9247679004261568,0.9119780573397116,0.9175025471841768
739,0.002761724514927029,0.011153757467964992,,False,0.980720955919269,0.9799781356064846,0.9701303223646303,0.9746849442669304,0.9381526104417671,0.9240371556010315,0.9112170223321012,0.9167556666207877
740,0.0027603219689076586,0.011145271506774981,,False,0.980720955919269,0.9799845000243617,0.9701303223646303,0.9746875157761925,0.9389558232931727,0.9247679004261568,0.9119780573397116,0.9175025471841768
741,0.00275752915897691,0.011160807891145852,,False,0.980720955919269,0.9799781356064846,0.9701303223646303,0.9746849442669304,0.9381526104417671,0.9240371556010315,0.9112170223321012,0.9167556666207877
742,0.0027550107301049947,0.01114754611634931,,False,0.980720955919269,0.9799777747204019,0.9701303223646303,0.9746851948929431,0.9389558232931727,0.9247679004261568,0.9119780573397116,0.9175025471841768
743,0.0027528562869294343,0.011140190691530254,,False,0.980720955919269,0.9799777747204019,0.9701303223646303,0.9746851948929431,0.9389558232931727,0.9247679004261568,0.9119780573397116,0.9175025471841768
744,0.002752794867928319,0.011144902512227177,,False,0.9809217792951099,0.9801548142749241,0.9703061196865264,0.9748633140987126,0.9385542168674699,0.9244533561383383,0.9115847277987412,0.9171374832456655
745,0.0027522790445214202,0.011160254220537331,,False,0.9809217792951099,0.98016315735833,0.9703078783808716,0.9748660768711398,0.9389558232931727,0.9247568826145913,0.9119589334299238,0.9174886200350874
746,0.0027462516289458736,0.011147638339230858,,False,0.9810221909830305,0.9802555787322965,0.9704012490624776,0.9749595516656225,0.9389558232931727,0.9247679004261568,0.9119780573397116,0.9175025471841768
747,0.0027456040885785386,0.011145334903511257,,False,0.9809217792951099,0.9801548142749241,0.9703061196865264,0.9748633140987126,0.9389558232931727,0.9248225333992838,0.9119601031741167,0.9175039267627495
748,0.0027421396552490466,0.011150934374778394,,False,0.9809217792951099,0.9801608266909406,0.9703061196865264,0.9748651594804962,0.9385542168674699,0.9244015092249409,0.9115975398359064,0.9171291706880087
749,0.0027399063797176157,0.011147043930285792,,False,0.9809217792951099,0.9801609547674285,0.9703061196865264,0.9748648714500115,0.9389558232931727,0.9247679004261568,0.9119780573397116,0.9175025471841768
750,0.0027377080521869914,0.011137325433385187,,False,0.9810221909830305,0.9802555787322965,0.9704012490624776,0.9749595516656225,0.9389558232931727,0.9247679004261568,0.9119780573397116,0.9175025471841768
751,0.0027354412861200945,0.011149187793230394,,False,0.9811226026709509,0.9803458237392851,0.9704946197440836,0.9750521919816018,0.9389558232931727,0.9247679004261568,0.9119780573397116,0.9175025471841768
752,0.002735350375715556,0.011140541604000156,,False,0.9810221909830305,0.9802603261124764,0.9704012490624776,0.9749606606800971,0.9385542168674699,0.9243974480638637,0.9116039458544889,0.9171313908346233
753,0.002732117368522865,0.011137618145976292,,False,0.9810221909830305,0.9802555787322965,0.9704012490624776,0.9749595516656225,0.9393574297188755,0.9251252917168526,0.9123330449151464,0.917859861136482
754,0.002729748571235614,0.011148010535068208,,False,0.9810221909830305,0.9802555505708307,0.9704012490624776,0.9749592249692137,0.9389558232931727,0.9247679004261568,0.9119780573397116,0.9175025471841768
755,0.00272764827306858,0.011153165410627386,,False,0.9811226026709509,0.9803401208442541,0.9704946197440836,0.9750503828802848,0.9385542168674699,0.9244533561383383,0.9115847277987412,0.9171374832456655
756,0.002724999291677189,0.011152953663512669,,False,0.9811226026709509,0.9803458237392851,0.9704946197440836,0.9750521919816018,0.9385542168674699,0.9244015092249409,0.9115975398359064,0.9171291706880087
757,0.0027228395734960695,0.011158295472885228,,False,0.9811226026709509,0.9803457187384834,0.9704946197440836,0.9750518664794657,0.9389558232931727,0.9247679004261568,0.9119780573397116,0.9175025471841768
758,0.0027205970927135985,0.011152666590026365,,False,0.9811226026709509,0.9803458237392851,0.9704946197440836,0.9750521919816018,0.9389558232931727,0.9247679004261568,0.9119780573397116,0.9175025471841768
759,0.0027186853354494132,0.011146168479382665,,False,0.9811226026709509,0.9803458237392851,0.9704946197440836,0.9750521919816018,0.9393574297188755,0.9251370776871022,0.912353432715087,0.917868990701261
760,0.002716933295672024,0.011152312610662891,,False,0.9811226026709509,0.9803458237392851,0.9704946197440836,0.9750521919816018,0.9389558232931727,0.9247679004261568,0.9119780573397116,0.9175025471841768
761,0.002714363684600699,0.011144431964614752,,False,0.9811226026709509,0.9803458237392851,0.9704946197440836,0.9750521919816018,0.9389558232931727,0.9247679004261568,0.9119780573397116,0.9175025471841768
762,0.0027134720269758423,0.01115480590163579,,False,0.9810221909830305,0.9807246902908534,0.9703994903681323,0.9751607631821505,0.9381526104417671,0.9240371556010315,0.9112170223321012,0.9167556666207877
763,0.0027101714134300145,0.011145343308078075,,False,0.9811226026709509,0.9803458237392851,0.9704946197440836,0.9750521919816018,0.9393574297188755,0.9251370776871022,0.912353432715087,0.917868990701261
764,0.0027085007800825484,0.011148780415821324,,False,0.9811226026709509,0.9803458237392851,0.9704946197440836,0.9750521919816018,0.9389558232931727,0.9247679004261568,0.9119780573397116,0.9175025471841768
765,0.0027061183557676263,0.011150169640929916,,False,0.9811226026709509,0.9803458237392851,0.9704946197440836,0.9750521919816018,0.9389558232931727,0.9247679004261568,0.9119780573397116,0.9175025471841768
766,0.0027044900114333295,0.011150938507594662,,False,0.9811226026709509,0.9803462424971437,0.9704946197440836,0.9750525947364207,0.9385542168674699,0.9244015092249409,0.9115975398359064,0.9171291706880087
767,0.00270212304817974,0.011152709837170042,,False,0.9811226026709509,0.9803458237392851,0.9704946197440836,0.9750521919816018,0.9389558232931727,0.9247679004261568,0.9119780573397116,0.9175025471841768
768,0.0027001254435044847,0.011146370513190576,,False,0.9811226026709509,0.9803458237392851,0.9704946197440836,0.9750521919816018,0.9389558232931727,0.9247706864858863,0.9119729152112819,0.917495614205093
769,0.00269831324646443,0.011144149801453087,,False,0.9811226026709509,0.9803462424971437,0.9704946197440836,0.9750525947364207,0.9389558232931727,0.9247706864858863,0.9119729152112819,0.917495614205093
770,0.0026960347637656756,0.011144361208996768,,False,0.9811226026709509,0.9803458237392851,0.9704946197440836,0.9750521919816018,0.9393574297188755,0.9251370776871022,0.912353432715087,0.917868990701261
771,0.002694318852540884,0.011135170048188224,,False,0.9811226026709509,0.9803458237392851,0.9704946197440836,0.9750521919816018,0.9393574297188755,0.9251370776871022,0.912353432715087,0.917868990701261
772,0.002692101635899285,0.011144126969176714,,False,0.9811226026709509,0.9803462424971437,0.9704946197440836,0.9750525947364207,0.9389558232931727,0.9247706864858863,0.9119729152112819,0.917495614205093
773,0.0026906002574373215,0.011143458721530546,,False,0.9812230143588714,0.9804375478062846,0.9705879120288117,0.9751458080363086,0.9389558232931727,0.9247679004261568,0.9119780573397116,0.9175025471841768
774,0.0026881810121469345,0.01114869882367141,,False,0.9811226026709509,0.9803502219274507,0.9704946197440836,0.9750535542976964,0.9397590361445783,0.9254944689777981,0.9127084202905219,0.918226304653566
775,0.002686381678514219,0.01113312139288379,,False,0.9811226026709509,0.9803502219274507,0.9704946197440836,0.9750535542976964,0.9393574297188755,0.9251370776871022,0.912353432715087,0.917868990701261
776,0.0026842539011897562,0.011151817012360173,,False,0.9812230143588714,0.9804375478062846,0.9705879120288117,0.9751458080363086,0.9389558232931727,0.9247566392703058,0.9119525274113413,0.9174859136235882
777,0.0026821043655008855,0.011149736452220727,,False,0.9812230143588714,0.9804375478062846,0.9705879120288117,0.9751458080363086,0.9389558232931727,0.9247566392703058,0.9119525274113413,0.9174859136235882
778,0.0026802294061267487,0.011154209699123485,,False,0.9812230143588714,0.9804375478062846,0.9705879120288117,0.9751458080363086,0.9389558232931727,0.9247566392703058,0.9119525274113413,0.9174859136235882
779,0.0026802543134409615,0.011154760073808626,,False,0.9813234260467918,0.9805326941967724,0.9710999447989089,0.9754800975665011,0.9397590361445783,0.9255454592796757,0.9127159960532971,0.9182386416307151
780,0.0026763135588200983,0.011143888752581524,,False,0.9813234260467918,0.9805321910014388,0.9706830414047629,0.9752398333395291,0.9397590361445783,0.9254944689777981,0.9127084202905219,0.918226304653566
781,0.002674755618232365,0.011150155441671306,,False,0.9813234260467918,0.9805321910014388,0.9706830414047629,0.9752398333395291,0.9393574297188755,0.9251252917168526,0.9123330449151464,0.917859861136482
782,0.002673758331079883,0.01115542602130328,,False,0.9813234260467918,0.9805347746351032,0.9706830414047629,0.9752412813643188,0.9397590361445783,0.925484851141569,0.9126880324905814,0.918217152927363
783,0.0026711972694280243,0.011144239261081525,,False,0.9814238377347123,0.9806401337726433,0.9711950741748603,0.975579069368488,0.9397590361445783,0.9254944689777981,0.9127084202905219,0.918226304653566
784,0.0026684205150547284,0.011150288640354535,,False,0.9813234260467918,0.9805321910014388,0.9706830414047629,0.9752398333395291,0.9401606425702811,0.9258703624806122,0.9130825317757445,0.9185973570305808
785,0.002666264303241463,0.011148596222344456,,False,0.9814238377347123,0.9806329811364218,0.9711950741748603,0.9755758967911051,0.9397590361445783,0.9254944689777981,0.9127084202905219,0.918226304653566
786,0.002664439389855624,0.011152657276101435,,False,0.9814238377347123,0.9806329811364218,0.9711950741748603,0.9755758967911051,0.9397590361445783,0.9255027325825055,0.9127020142719393,0.9182233559848689
787,0.0026629226530895567,0.011153148218538866,,False,0.9814238377347123,0.9806329811364218,0.9711950741748603,0.9755758967911051,0.9397590361445783,0.9254944689777981,0.9127084202905219,0.918226304653566
788,0.0026613588460768257,0.011155261366166064,,False,0.9815242494226328,0.9807232886686604,0.9712884448564663,0.9756685333906012,0.9393574297188755,0.9251486107787961,0.9123470266965045,0.9178665587406337
789,0.002658629584124872,0.011154321539326098,,False,0.9814238377347123,0.9806329811364218,0.9711950741748603,0.9755758967911051,0.9401606425702811,0.9258703624806122,0.9130825317757445,0.9185973570305808
790,0.0026567340432193764,0.011151276363774963,,False,0.9815242494226328,0.9807232886686604,0.9712884448564663,0.9756685333906012,0.9397590361445783,0.9255027325825055,0.9127020142719393,0.9182233559848689
791,0.002655098736822826,0.011150732679703146,,False,0.9815242494226328,0.980725599795453,0.9712884448564663,0.9756702330472233,0.9397590361445783,0.9255027325825055,0.9127020142719393,0.9182233559848689
792,0.0026533756458610603,0.011161522536343395,,False,0.9816246611105532,0.9808131219697636,0.9713817371411942,0.9757601969503242,0.9401606425702811,0.9258703624806122,0.9130825317757445,0.9185973570305808
793,0.002651267563684577,0.011151182737982256,,False,0.9815242494226328,0.980727728246205,0.9712884448564663,0.9756702246244527,0.9401606425702811,0.925873574346126,0.9130773896473146,0.9185912503938682
794,0.0026508843096353703,0.011153187527741798,,False,0.9816246611105532,0.980819496096847,0.9713817371411942,0.9757635137965539,0.9397590361445783,0.9254944689777981,0.9127084202905219,0.918226304653566
795,0.00264729685421409,0.011161599493768656,,False,0.9817250727984738,0.980905785276724,0.9714751078228002,0.9758531828569588,0.9401606425702811,0.925873574346126,0.9130773896473146,0.9185912503938682
796,0.0026469639938229536,0.011150157614102702,,False,0.9816246611105532,0.9808165090170979,0.9713818155380722,0.9757615965950657,0.9397590361445783,0.9255194525424167,0.9127224020718797,0.9182344531496329
797,0.002643363466351557,0.011149354717241166,,False,0.9815242494226328,0.9807322069817707,0.9712884448564663,0.9756716266879604,0.9401606425702811,0.9258703624806122,0.9130825317757445,0.9185973570305808
798,0.0026422498962795134,0.011149335941604844,,False,0.9815242494226328,0.9807281461894425,0.9712884448564663,0.975670627145268,0.9401606425702811,0.925873574346126,0.9130773896473146,0.9185912503938682
799,0.0026396284910032825,0.01115458854700481,,False,0.9816246611105532,0.980819386489952,0.9713817371411942,0.9757618449107608,0.9401606425702811,0.925873574346126,0.9130773896473146,0.9185912503938682
800,0.0026378370608692338,0.011151576853474723,,False,0.9816246611105532,0.9808222908939592,0.9713818155380722,0.9757641875091133,0.940562248995984,0.9262401155150329,0.9134579071511197,0.9189652989254457
801,0.002636297914704369,0.011147924176368866,,False,0.9815242494226328,0.9807322069817707,0.9712884448564663,0.9756716266879604,0.940562248995984,0.9262401155150329,0.9134579071511197,0.9189652989254457
802,0.002633877975261153,0.011152160198343848,,False,0.9817250727984738,0.9809076590950317,0.9714751078228002,0.9758547718400966,0.940562248995984,0.9262298271362095,0.9134323772227495,0.9189480218169189
803,0.0026319383758049704,0.011157418582820454,,False,0.9818254844863942,0.9814698751291007,0.9715684001075283,0.9761516265141571,0.9401606425702811,0.925873574346126,0.9130773896473146,0.9185912503938682
804,0.0026311137979257303,0.011170116478830998,,False,0.9819258961743147,0.9815700624321136,0.9720804328776256,0.976485824798936,0.940562248995984,0.9262298271362095,0.9134323772227495,0.9189480218169189
805,0.0026283027525988117,0.011165430790587662,,False,0.9817250727984738,0.9813802503957331,0.9714751078228002,0.9760597151357587,0.9401606425702811,0.925873574346126,0.9130773896473146,0.9185912503938682
806,0.002627196566890487,0.011161142106509663,,False,0.9819258961743147,0.9815612263747973,0.9720804328776256,0.9764827034976149,0.940562248995984,0.9262288848294286,0.9134375193511792,0.9189547015696833
807,0.002624563965919519,0.011163935264087233,,False,0.9818254844863942,0.9810125487641914,0.9719871405928975,0.976190779664834,0.940562248995984,0.9262298271362095,0.9134323772227495,0.9189480218169189
808,0.0026229889594514013,0.01116911924431999,,False,0.9818254844863942,0.9814782093020796,0.9719871405928975,0.9763944942875641,0.9401606425702811,0.925873574346126,0.9130773896473146,0.9185912503938682
809,0.0026206590524051995,0.01116234141872628,,False,0.9819258961743147,0.9815678340354472,0.9720804328776256,0.9764864056659623,0.9401606425702811,0.925873574346126,0.9130773896473146,0.9185912503938682
810,0.002619010417571433,0.011162933688779797,,False,0.9819258961743147,0.9815678340354472,0.9720804328776256,0.9764864056659623,0.940562248995984,0.9262298271362095,0.9134323772227495,0.9189480218169189
811,0.002617091113194387,0.011158014836268037,,False,0.9819258961743147,0.9815571109825681,0.9720804328776256,0.976481372397655,0.940562248995984,0.9262298271362095,0.9134323772227495,0.9189480218169189
812,0.00261556379124564,0.01115921012666575,,False,0.9819258961743147,0.9815678340354472,0.9720804328776256,0.9764864056659623,0.9401606425702811,0.925873574346126,0.9130773896473146,0.9185912503938682
813,0.0026137276334254342,0.011162348853705458,,False,0.9819258961743147,0.9815548970450576,0.9720804328776256,0.9764809092959741,0.9409638554216867,0.9265986378638493,0.9138128947265547,0.9193226434645481
814,0.002612411724314802,0.011157202621935402,,False,0.9818254844863942,0.9810088505916291,0.9719871405928975,0.9761898506264627,0.940562248995984,0.9262298271362095,0.9134323772227495,0.9189480218169189
815,0.002610278157479396,0.011164030043332818,,False,0.9819258961743147,0.9810964721830854,0.9720804328776256,0.9762798432425205,0.940562248995984,0.9262140307711076,0.9134323772227495,0.9189355290078098
816,0.0026082235665065797,0.011161186067909041,,False,0.9819258961743147,0.9815678340354472,0.9720804328776256,0.9764864056659623,0.940562248995984,0.9262298271362095,0.9134323772227495,0.9189480218169189
817,0.0026069603584423355,0.011156434436380515,,False,0.9819258961743147,0.9811021734975589,0.9720804328776256,0.9762826910432323,0.9401606425702811,0.925873574346126,0.9130773896473146,0.9185912503938682
818,0.0026050530787697455,0.011160906539361665,,False,0.9819258961743147,0.9811021734975589,0.9720804328776256,0.9762826910432323,0.940562248995984,0.9262298271362095,0.9134323772227495,0.9189480218169189
819,0.0026034711731717343,0.0111673579361988,,False,0.9819258961743147,0.9815612263747973,0.9720804328776256,0.9764827034976149,0.9409638554216867,0.9265986378638493,0.9138128947265547,0.9193226434645481
820,0.0026020660050586203,0.011158207361731473,,False,0.9819258961743147,0.9810982018776008,0.9720804328776256,0.9762813960623696,0.940562248995984,0.9262140307711076,0.9134323772227495,0.9189355290078098
821,0.0026013080755604833,0.011153942897222683,,False,0.9819258961743147,0.9811021734975589,0.9720804328776256,0.9762826910432323,0.9413654618473896,0.9269731817874288,0.9141748201699134,0.9196930617763505
822,0.0025986389278022056,0.01115472524298723,,False,0.9819258961743147,0.9810914504446802,0.9720804328776256,0.9762776577749249,0.9409638554216867,0.9265986378638493,0.9138128947265547,0.9193226434645481
823,0.0025972904239034184,0.011162586411658418,,False,0.9819258961743147,0.9810982018776008,0.9720804328776256,0.9762813960623696,0.9401606425702811,0.925873574346126,0.9130773896473146,0.9185912503938682
824,0.0025956832037970713,0.011161604535515353,,False,0.9819258961743147,0.9810917368885457,0.9720804328776256,0.976277409577942,0.9409638554216867,0.9265986378638493,0.9138128947265547,0.9193226434645481
825,0.002593715540587723,0.011165908242733514,,False,0.9820263078622352,0.9811919360285434,0.9721737251623536,0.9763754179336536,0.940562248995984,0.9262298271362095,0.9134323772227495,0.9189480218169189
826,0.0025922134652472703,0.011155544674490338,,False,0.9820263078622352,0.9811919360285434,0.9721737251623536,0.9763754179336536,0.940562248995984,0.9262298271362095,0.9134323772227495,0.9189480218169189
827,0.0025904632396634075,0.011154977870201107,,False,0.9819258961743147,0.9810982018776008,0.9720804328776256,0.9762813960623696,0.940562248995984,0.9262298271362095,0.9134323772227495,0.9189480218169189
828,0.002589612990357148,0.011172843341151505,,False,0.9820263078622352,0.9811919360285434,0.9721737251623536,0.9763754179336536,0.940562248995984,0.9262298271362095,0.9134323772227495,0.9189480218169189
829,0.002587301772653275,0.011157492215418407,,False,0.9820263078622352,0.9811919360285434,0.9721737251623536,0.9763754179336536,0.940562248995984,0.9262298271362095,0.9134323772227495,0.9189480218169189
830,0.0025865952322940227,0.011156442845370188,,False,0.9820263078622352,0.9811921990178551,0.9721737251623536,0.976375821339738,0.9401606425702811,0.9258577779810242,0.9130773896473146,0.918578757584759
831,0.002584211332675792,0.01116505281486748,,False,0.9820263078622352,0.9811919360285434,0.9721737251623536,0.9763754179336536,0.940562248995984,0.9262140307711076,0.9134323772227495,0.9189355290078098
832,0.002582800337955105,0.011163594716368418,,False,0.9820263078622352,0.9811814953412124,0.9721737251623536,0.9763700964891131,0.940562248995984,0.9262298271362095,0.9134323772227495,0.9189480218169189
833,0.002581051888157646,0.011157832578843637,,False,0.9820263078622352,0.9811919360285434,0.9721737251623536,0.9763754179336536,0.940562248995984,0.9262298271362095,0.9134323772227495,0.9189480218169189
834,0.002579732311345925,0.011159671452809246,,False,0.9820263078622352,0.9811919360285434,0.9721737251623536,0.9763754179336536,0.940562248995984,0.9262298271362095,0.9134323772227495,0.9189480218169189
835,0.0025785538306470294,0.011149904257101894,,False,0.9820263078622352,0.9811959076485015,0.9721737251623536,0.9763767129145163,0.940562248995984,0.9262298271362095,0.9134323772227495,0.9189480218169189
836,0.002577036338553342,0.011154935804527281,,False,0.9820263078622352,0.9811919360285434,0.9721737251623536,0.9763754179336536,0.940562248995984,0.9262298271362095,0.9134323772227495,0.9189480218169189
837,0.0025749805842867944,0.011163475789101276,,False,0.9820263078622352,0.9811790758274328,0.9721737251623536,0.9763699208844115,0.940562248995984,0.9262298271362095,0.9134323772227495,0.9189480218169189
838,0.002573785937857879,0.011142370542952269,,False,0.9820263078622352,0.9811959076485015,0.9721737251623536,0.9763767129145163,0.9409638554216867,0.926604371059789,0.9137943026661082,0.9193184401287213
839,0.0025723199934531695,0.011148089033188554,,False,0.9820263078622352,0.9811919360285434,0.9721737251623536,0.9763754179336536,0.940562248995984,0.9262140307711076,0.9134323772227495,0.9189355290078098
840,0.002570776453781998,0.011154855131449292,,False,0.9820263078622352,0.9811919360285434,0.9721737251623536,0.9763754179336536,0.940562248995984,0.9262298271362095,0.9134323772227495,0.9189480218169189
841,0.0025691069039211157,0.011154103286924063,,False,0.9820263078622352,0.9811812897649433,0.9721737251623536,0.9763703839860924,0.9409638554216867,0.926604371059789,0.9137943026661082,0.9193184401287213
842,0.0025676038625767413,0.01113882168682417,,False,0.9820263078622352,0.9811959076485015,0.9721737251623536,0.9763767129145163,0.9409638554216867,0.926604371059789,0.9137943026661082,0.9193184401287213
843,0.002565852022067731,0.01114721339369378,,False,0.9820263078622352,0.9811919360285434,0.9721737251623536,0.9763754179336536,0.9409638554216867,0.9265875072040157,0.9137943026661082,0.9193059918124837
844,0.002564697263588907,0.011148396539458887,,False,0.9820263078622352,0.9811919360285434,0.9721737251623536,0.9763754179336536,0.940562248995984,0.9262298271362095,0.9134323772227495,0.9189480218169189
845,0.002563032981682323,0.011155494098077865,,False,0.9820263078622352,0.9811919360285434,0.9721737251623536,0.9763754179336536,0.940562248995984,0.9262298271362095,0.9134323772227495,0.9189480218169189
846,0.0025617844790506816,0.011143433654938828,,False,0.9820263078622352,0.9811919360285434,0.9721737251623536,0.9763754179336536,0.9409638554216867,0.926604371059789,0.9137943026661082,0.9193184401287213
847,0.0025605710286301228,0.011147396053388393,,False,0.9820263078622352,0.9811919360285434,0.9721737251623536,0.9763754179336536,0.9401606425702811,0.9258472952397506,0.9130518597189443,0.9185607833991567
848,0.002558870437443314,0.011144319187390618,,False,0.9821267195501556,0.9812796668256767,0.9722670174470817,0.9764654502650895,0.940562248995984,0.9262298271362095,0.9134323772227495,0.9189480218169189
849,0.0025576379041510632,0.011153569796988342,,False,0.9821267195501556,0.9812752558314732,0.9722670174470817,0.9764644048536942,0.9401606425702811,0.9258472952397506,0.9130518597189443,0.9185607833991567
850,0.0025558149848451356,0.011156988457799777,,False,0.9820263078622352,0.9811792814037018,0.9721737251623536,0.9763696333874324,0.940562248995984,0.9262140307711076,0.9134323772227495,0.9189355290078098
851,0.0025543872479156155,0.011144077799531336,,False,0.9821267195501556,0.9812858254332656,0.9722670174470817,0.9764694394631063,0.9409638554216867,0.926604371059789,0.9137943026661082,0.9193184401287213
852,0.002553421519346867,0.011143771312747894,,False,0.9822271312380761,0.9813802338635971,0.9723577203949275,0.9765616550428291,0.9409638554216867,0.9265943942747913,0.9137891605376782,0.9192975854069785
853,0.002551364731238377,0.011147036107730891,,False,0.9821267195501556,0.981283611495755,0.9722670174470817,0.9764689763614255,0.9409638554216867,0.9265852798303771,0.913807752598125,0.9193012808039178
854,0.0025508557674675334,0.011151522729356843,,False,0.9821267195501556,0.9812837381456624,0.9722670174470817,0.9764686495505168,0.9409638554216867,0.9265986378638493,0.9138128947265547,0.9193226434645481
855,0.002548840471878632,0.01115204250946246,,False,0.9821267195501556,0.9812837381456624,0.9722670174470817,0.9764686495505168,0.940562248995984,0.9262140307711076,0.9134323772227495,0.9189355290078098
856,0.0025472304176786574,0.011140436135952215,,False,0.9821267195501556,0.9812796668256767,0.9722670174470817,0.9764654502650895,0.9409638554216867,0.9265875072040157,0.9137943026661082,0.9193059918124837
857,0.0025452413282851167,0.011144006506109038,,False,0.9821267195501556,0.9812858254332656,0.9722670174470817,0.9764694394631063,0.9409638554216867,0.9265875072040157,0.9137943026661082,0.9193059918124837
858,0.002544669989760984,0.011153388453795763,,False,0.9822271312380761,0.9813638538242642,0.9723603881286876,0.9765557790147881,0.9401606425702811,0.9258472952397506,0.9130518597189443,0.9185607833991567
859,0.002542620959576474,0.011132668716161977,,False,0.9822271312380761,0.9813742181692433,0.9723603881286876,0.9765611006745866,0.9409638554216867,0.9265875072040157,0.9137943026661082,0.9193059918124837
860,0.0025418607405423366,0.011144152665745642,,False,0.9822271312380761,0.981368422373703,0.9723603881286876,0.976558911786535,0.940562248995984,0.9262140307711076,0.9134323772227495,0.9189355290078098
861,0.0025398941941740557,0.011148996465449063,,False,0.9822271312380761,0.9813742680979138,0.9723603881286876,0.976560774987812,0.940562248995984,0.9262298271362095,0.9134323772227495,0.9189480218169189
862,0.002538318346061986,0.011153256087395981,,False,0.9822271312380761,0.9813720541604033,0.9723603881286876,0.9765603118861311,0.940562248995984,0.9262140307711076,0.9134323772227495,0.9189355290078098
863,0.0025370347759296557,0.01115625170587383,,False,0.9822271312380761,0.9813720541604033,0.9723603881286876,0.9765603118861311,0.9409638554216867,0.9265852798303771,0.913807752598125,0.9193012808039178
864,0.0025363270754847657,0.011154331621075647,,False,0.9822271312380761,0.9813720541604033,0.9723603881286876,0.9765603118861311,0.9409638554216867,0.9265852798303771,0.913807752598125,0.9193012808039178
865,0.002534282439545459,0.011137123203739647,,False,0.9823275429259966,0.9814703778308296,0.9724510910765335,0.9766541484907335,0.9413654618473896,0.9269611298061482,0.9141696780414834,0.9196723310156316
866,0.0025334731976365,0.011143923844709183,,False,0.9823275429259966,0.9814686265995748,0.9724510910765335,0.9766533162543093,0.940562248995984,0.9262185442990201,0.9134272350943198,0.9189265351952647
867,0.0025315016380291246,0.011141477308602208,,False,0.9823275429259966,0.9814663068693564,0.9724510910765335,0.9766524887806826,0.9413654618473896,0.9269611298061482,0.9141696780414834,0.9196723310156316
868,0.00252994354999228,0.011147040822633727,,False,0.9822271312380761,0.9813720541604033,0.9723603881286876,0.9765603118861311,0.9409638554216867,0.9265852798303771,0.913807752598125,0.9193012808039178
869,0.002528519298445443,0.011145795324711315,,False,0.9823275429259966,0.9814663068693564,0.9724510910765335,0.9766524887806826,0.9413654618473896,0.9269611298061482,0.9141696780414834,0.9196723310156316
870,0.00252706084926425,0.011142539033173712,,False,0.9823275429259966,0.9814663068693564,0.9724510910765335,0.9766524887806826,0.9413654618473896,0.9269611298061482,0.9141696780414834,0.9196723310156316
871,0.002526095115343572,0.011152143684039481,,False,0.9822271312380761,0.9813597600779159,0.9723603881286876,0.9765537246138487,0.9409638554216867,0.9265852798303771,0.913807752598125,0.9193012808039178
872,0.0025245885157281415,0.011146249069104061,,False,0.9823275429259966,0.9814606168665239,0.9724510910765335,0.9766506642645769,0.9409638554216867,0.9265943942747913,0.9137891605376782,0.9192975854069785
873,0.0025234402013570435,0.011144419497679942,,False,0.9823275429259966,0.9814628308040345,0.9724510910765335,0.9766511273662578,0.9409638554216867,0.9265943942747913,0.9137891605376782,0.9192975854069785
874,0.002521582517354508,0.011139185943773652,,False,0.9823275429259966,0.9814663068693564,0.9724510910765335,0.9766524887806826,0.9413654618473896,0.9269611298061482,0.9141696780414834,0.9196723310156316
875,0.002520071515290064,0.011136683140374092,,False,0.9823275429259966,0.9814667206104966,0.9724510910765335,0.9766513998152886,0.9413654618473896,0.9269611298061482,0.9141696780414834,0.9196723310156316
876,0.0025187342659582475,0.011140684819644787,,False,0.9823275429259966,0.9814667206104966,0.9724510910765335,0.9766513998152886,0.9413654618473896,0.9269611298061482,0.9141696780414834,0.9196723310156316
877,0.002518883719472018,0.011137105229275067,,False,0.9824279546139171,0.9815630622803825,0.9725462204524847,0.976746300873828,0.9413654618473896,0.9269611298061482,0.9141696780414834,0.9196723310156316
878,0.0025159999858062575,0.011142836570002798,,False,0.9823275429259966,0.9814607680834703,0.9724510910765335,0.976649172386446,0.9413654618473896,0.9269611298061482,0.9141696780414834,0.9196723310156316
879,0.0025148397095329476,0.011138911477590411,,False,0.9824279546139171,0.9815612903905991,0.9725462204524847,0.9767454660376522,0.9413654618473896,0.9269611298061482,0.9141696780414834,0.9196723310156316
880,0.002513479020041109,0.011142973712610188,,False,0.9823275429259966,0.9814668264032043,0.9724510910765335,0.9766517641872345,0.9413654618473896,0.9269611298061482,0.9141696780414834,0.9196723310156316
881,0.0025118302122809984,0.011142936884378013,,False,0.9824279546139171,0.9815612903905991,0.9725462204524847,0.9767454660376522,0.9413654618473896,0.9269611298061482,0.9141696780414834,0.9196723310156316
882,0.0025104843125261524,0.01114736877178953,,False,0.9824279546139171,0.9815589263387662,0.9725462204524847,0.9767449644565621,0.9413654618473896,0.9269611298061482,0.9141696780414834,0.9196723310156316
883,0.0025092317576705494,0.011144621818134932,,False,0.9824279546139171,0.9815612903905991,0.9725462204524847,0.9767454660376522,0.9413654618473896,0.9269611298061482,0.9141696780414834,0.9196723310156316
884,0.002507928331620668,0.011143931430651826,,False,0.9824279546139171,0.9815589263387662,0.9725462204524847,0.9767449644565621,0.9413654618473896,0.9269611298061482,0.9141696780414834,0.9196723310156316
885,0.002506467373801349,0.011137877085770515,,False,0.9824279546139171,0.9815589263387662,0.9725462204524847,0.9767449644565621,0.9413654618473896,0.9269611298061482,0.9141696780414834,0.9196723310156316
886,0.002505113735688184,0.011146601551119103,,False,0.9824279546139171,0.9815612903905991,0.9725462204524847,0.9767454660376522,0.9413654618473896,0.9269611298061482,0.9141696780414834,0.9196723310156316
887,0.0025039202066440788,0.011139015924467787,,False,0.9823275429259966,0.9814501984816779,0.9724510910765335,0.9766441377770341,0.9413654618473896,0.9269611298061482,0.9141696780414834,0.9196723310156316
888,0.0025023142263342663,0.011143878115200345,,False,0.9825283663018375,0.9816555991748438,0.9726348965188145,0.9768364862521075,0.9413654618473896,0.9269611298061482,0.9141696780414834,0.9196723310156316
889,0.002500840236468,0.011152304986074208,,False,0.9825283663018375,0.9816386971500014,0.9726348965188145,0.976829147583123,0.9413654618473896,0.9269611298061482,0.9141696780414834,0.9196723310156316
890,0.002500411623481313,0.011149322805451754,,False,0.9825283663018375,0.981640451983335,0.9726348965188145,0.9768304874534505,0.9413654618473896,0.9269611298061482,0.9141696780414834,0.9196723310156316
891,0.002498198115395996,0.0111423774947996,,False,0.9825283663018375,0.9816425097998402,0.9726348965188145,0.9768309113764341,0.9413654618473896,0.9269611298061482,0.9141696780414834,0.9196723310156316
892,0.0024965579018287405,0.011155162735647997,,False,0.9825283663018375,0.9816342752816634,0.9726348965188145,0.9768282220790492,0.9413654618473896,0.9269611298061482,0.9141696780414834,0.9196723310156316
893,0.00249529742803245,0.011158543212099815,,False,0.9825283663018375,0.9816386971500014,0.9726348965188145,0.976829147583123,0.9413654618473896,0.9269611298061482,0.9141696780414834,0.9196723310156316
894,0.0024940647898488042,0.011154228860061484,,False,0.9825283663018375,0.9816425097998402,0.9726348965188145,0.9768309113764341,0.9413654618473896,0.9269611298061482,0.9141696780414834,0.9196723310156316
895,0.002492204152186319,0.011148551184405324,,False,0.9825283663018375,0.981640451983335,0.9726348965188145,0.9768304874534505,0.9413654618473896,0.9269611298061482,0.9141696780414834,0.9196723310156316
896,0.00249110163532667,0.011153094150333184,,False,0.9825283663018375,0.9816386971500014,0.9726348965188145,0.976829147583123,0.9413654618473896,0.9269611298061482,0.9141696780414834,0.9196723310156316
897,0.0024894725584745517,0.011147067001215394,,False,0.9825283663018375,0.9816363330981684,0.9726348965188145,0.976828646002033,0.9413654618473896,0.9269611298061482,0.9141696780414834,0.9196723310156316
898,0.002488168469888224,0.01115418087070854,,False,0.9825283663018375,0.9816448738516732,0.9726348965188145,0.9768314129575243,0.9409638554216867,0.9265852798303771,0.913807752598125,0.9193012808039178
899,0.002486616499425837,0.011146850878082464,,False,0.9825283663018375,0.9816425097998402,0.9726348965188145,0.9768309113764341,0.9413654618473896,0.9269611298061482,0.9141696780414834,0.9196723310156316
900,0.0024851878778310997,0.011143292830477831,,False,0.982628777989758,0.9817270580287407,0.9727282672004205,0.9769213064970871,0.9413654618473896,0.9269611298061482,0.9141696780414834,0.9196723310156316
901,0.002483783287326383,0.011149607790568061,,False,0.982628777989758,0.9817355219243722,0.9727282672004205,0.9769240745431562,0.9413654618473896,0.9269611298061482,0.9141696780414834,0.9196723310156316
902,0.0024820099996838052,0.011149133341594078,,False,0.982628777989758,0.9817331578725393,0.9727282672004205,0.976923572962066,0.9413654618473896,0.9269611298061482,0.9141696780414834,0.9196723310156316
903,0.002480781477847073,0.011141523511578828,,False,0.982628777989758,0.9817270580287407,0.9727282672004205,0.9769213064970871,0.9413654618473896,0.9269611298061482,0.9141696780414834,0.9196723310156316
904,0.002479352903260802,0.011145022968517743,,False,0.982628777989758,0.9817331578725393,0.9727282672004205,0.976923572962066,0.9413654618473896,0.9269611298061482,0.9141696780414834,0.9196723310156316
905,0.002477910731473372,0.011146995996931293,,False,0.982628777989758,0.9817335190326492,0.9727282672004205,0.9769241458374915,0.9413654618473896,0.9269611298061482,0.9141696780414834,0.9196723310156316
906,0.0024769238954871447,0.011146686563438195,,False,0.982628777989758,0.9817270580287407,0.9727282672004205,0.9769213064970871,0.9413654618473896,0.9269611298061482,0.9141696780414834,0.9196723310156316
907,0.0024750484148956886,0.01115320307073212,,False,0.982628777989758,0.9817335190326492,0.9727282672004205,0.9769241458374915,0.9413654618473896,0.9269611298061482,0.9141696780414834,0.9196723310156316
908,0.0024740941670999836,0.011154116069176285,,False,0.982628777989758,0.9817270580287407,0.9727282672004205,0.9769213064970871,0.9413654618473896,0.9269611298061482,0.9141696780414834,0.9196723310156316
909,0.0024723163096433253,0.011155306463958363,,False,0.982628777989758,0.9817274191888505,0.9727282672004205,0.9769218793725124,0.9413654618473896,0.9269611298061482,0.9141696780414834,0.9196723310156316
910,0.002471233212312234,0.011156569686618779,,False,0.982628777989758,0.9817335190326492,0.9727282672004205,0.9769241458374915,0.9417670682730924,0.9278066141211393,0.9162272912102077,0.9212864076000992
911,0.002470138834292108,0.011156555257619103,,False,0.982628777989758,0.9817274191888505,0.9727282672004205,0.9769218793725124,0.9413654618473896,0.9269611298061482,0.9141696780414834,0.9196723310156316
912,0.0024683588097435052,0.011156824542522882,,False,0.982628777989758,0.9817331578725393,0.9727282672004205,0.976923572962066,0.9413654618473896,0.9269611298061482,0.9141696780414834,0.9196723310156316
913,0.0024677376751227284,0.011158407112463475,,False,0.982628777989758,0.9817314612161439,0.9727282672004205,0.9769237219145079,0.9417670682730924,0.9278066141211393,0.9162272912102077,0.9212864076000992
914,0.0024655890356794197,0.011159318050529684,,False,0.982628777989758,0.9817335190326492,0.9727282672004205,0.9769241458374915,0.9417670682730924,0.9278066141211393,0.9162272912102077,0.9212864076000992
915,0.0024657223001513045,0.011158693939122218,,False,0.982628777989758,0.9812693367290309,0.9727282672004205,0.9767210129115192,0.9413654618473896,0.9274256768977678,0.9158531797249851,0.9209082749638298
916,0.0024635539855450642,0.011158956749548418,,False,0.982628777989758,0.9812693367290309,0.9727282672004205,0.9767210129115192,0.9417670682730924,0.9278066141211393,0.9162272912102077,0.9212864076000992
917,0.0024624094776410916,0.011166452596713899,,False,0.982628777989758,0.9817311000560343,0.9727282672004205,0.9769231490390824,0.9413654618473896,0.9274256768977678,0.9158531797249851,0.9209082749638298
918,0.0024601749497429833,0.011160409886008476,,False,0.982628777989758,0.9817314612161439,0.9727282672004205,0.9769237219145079,0.9417670682730924,0.9278066141211393,0.9162272912102077,0.9212864076000992
919,0.0024587400019206217,0.011161573350186412,,False,0.982628777989758,0.9817232258788139,0.9727282672004205,0.9769191802117975,0.9417670682730924,0.9278066141211393,0.9162272912102077,0.9212864076000992
920,0.002457507126096777,0.011160575150881757,,False,0.9827291896776785,0.9818218211524113,0.9728216378820265,0.9770157628631007,0.9417670682730924,0.9278066141211393,0.9162272912102077,0.9212864076000992
921,0.0024561493989536396,0.011166216549608799,,False,0.982628777989758,0.9817335190326492,0.9727282672004205,0.9769241458374915,0.9417670682730924,0.9278066141211393,0.9162272912102077,0.9212864076000992
922,0.002454636398052193,0.011163137641647839,,False,0.982628777989758,0.9817232258788139,0.9727282672004205,0.9769191802117975,0.9417670682730924,0.9278066141211393,0.9162272912102077,0.9212864076000992
923,0.002453317367365452,0.011159455543073899,,False,0.9827291896776785,0.9818218211524113,0.9728216378820265,0.9770157628631007,0.9417670682730924,0.9278066141211393,0.9162272912102077,0.9212864076000992
924,0.002452098847660951,0.01116321473867088,,False,0.9828296013655989,0.981904584937654,0.9729150085636324,0.9771051742946367,0.9417670682730924,0.9278066141211393,0.9162272912102077,0.9212864076000992
925,0.00245049391351998,0.011158958536535406,,False,0.9829300130535195,0.9820032819344665,0.9734270413337297,0.9774367836663009,0.9417670682730924,0.9278066141211393,0.9162272912102077,0.9212864076000992
926,0.002450186239134218,0.011165068781867796,,False,0.9828296013655989,0.9819205909621862,0.9733335922552457,0.9773467562981383,0.9413654618473896,0.9274256768977678,0.9158531797249851,0.9209082749638298
927,0.002447741549265373,0.011166645759818484,,False,0.9829300130535195,0.9820190329659962,0.9734269629368517,0.9774433406666461,0.9417670682730924,0.9278066141211393,0.9162272912102077,0.9212864076000992
928,0.0024464543693238933,0.011160388698245108,,False,0.9830304247414399,0.9821015631441641,0.9735203336184577,0.9775327145447089,0.9417670682730924,0.9278066141211393,0.9162272912102077,0.9212864076000992
929,0.002445141589389175,0.011171394289015249,,False,0.9829300130535195,0.9820169751494912,0.9734269629368517,0.9774429167436622,0.9417670682730924,0.9278066141211393,0.9162272912102077,0.9212864076000992
930,0.002444423550565156,0.011169098898088627,,False,0.9830304247414399,0.9820951172023431,0.9735203336184577,0.9775295623616649,0.9417670682730924,0.9278066141211393,0.9162272912102077,0.9212864076000992
931,0.0024429725638768452,0.011169607376355776,,False,0.9830304247414399,0.9821015631441641,0.9735203336184577,0.9775327145447089,0.9417670682730924,0.9278066141211393,0.9162272912102077,0.9212864076000992
932,0.002441159007977244,0.011170834278145973,,False,0.9830304247414399,0.9816423793889201,0.9735203336184577,0.9773304389431829,0.9417670682730924,0.9278066141211393,0.9162272912102077,0.9212864076000992
933,0.002439657235614026,0.011169783867515019,,False,0.9829300130535195,0.9820088160874391,0.9734269629368517,0.9774383743807691,0.9417670682730924,0.9278066141211393,0.9162272912102077,0.9212864076000992
934,0.002438260020908048,0.011165948100889797,,False,0.9830304247414399,0.9820971750188482,0.9735203336184577,0.9775299862846487,0.9417670682730924,0.9278066141211393,0.9162272912102077,0.9212864076000992
935,0.0024369937183015343,0.01116867417854426,,False,0.9829300130535195,0.9820088160874391,0.9734269629368517,0.9774383743807691,0.9413654618473896,0.9274256768977678,0.9158531797249851,0.9209082749638298
936,0.002436062024485657,0.011167350888258985,,False,0.9831308364293604,0.9821924905428445,0.9736137043000637,0.9776253264924749,0.9417670682730924,0.9278066141211393,0.9162272912102077,0.9212864076000992
937,0.0024343256695166034,0.011169711030583777,,False,0.9831308364293604,0.9821924905428445,0.9736137043000637,0.9776253264924749,0.9417670682730924,0.9278066141211393,0.9162272912102077,0.9212864076000992
938,0.002432798425362586,0.011181547180549327,,False,0.9831308364293604,0.9821880256785749,0.9736137043000637,0.977622599253289,0.9417670682730924,0.9278066141211393,0.9162272912102077,0.9212864076000992
939,0.0024312753738115014,0.011173493073627729,,False,0.9831308364293604,0.9821982425571321,0.9736137043000637,0.9776275655391662,0.9417670682730924,0.9278066141211393,0.9162272912102077,0.9212864076000992
940,0.002430315678203239,0.011176321543144968,,False,0.9830304247414399,0.9820996700180837,0.9735203336184577,0.9775310280350795,0.9413654618473896,0.9274256768977678,0.9158531797249851,0.9209082749638298
941,0.0024288474514412104,0.011172390284126532,,False,0.9830304247414399,0.9820996700180837,0.9735203336184577,0.9775310280350795,0.9413654618473896,0.9274256768977678,0.9158531797249851,0.9209082749638298
942,0.0024273406105808568,0.011180929295355404,,False,0.9831308364293604,0.9817288419233309,0.9736137043000637,0.977420323651763,0.9413654618473896,0.9274256768977678,0.9158531797249851,0.9209082749638298
943,0.0024258712232856066,0.011177776424557029,,False,0.9831308364293604,0.9817288419233309,0.9736137043000637,0.977420323651763,0.9417670682730924,0.9278066141211393,0.9162272912102077,0.9212864076000992
944,0.0024246492221088912,0.011189613215356418,,False,0.9832312481172808,0.9818209283377581,0.9737069965847918,0.9775137758652733,0.9417670682730924,0.9278066141211393,0.9162272912102077,0.9212864076000992
945,0.0024233734813324747,0.01118569645922918,,False,0.9831308364293604,0.9817288419233309,0.9736137043000637,0.977420323651763,0.9417670682730924,0.9277893551143692,0.9162260358025391,0.9212845749776165
946,0.0024219046905649792,0.011180685452452916,,False,0.9831308364293604,0.9821924905428445,0.9736137043000637,0.9776253264924749,0.9417670682730924,0.9278066141211393,0.9162272912102077,0.9212864076000992
947,0.002420405981990645,0.01117350895578542,,False,0.9831308364293604,0.9821880256785749,0.9736137043000637,0.977622599253289,0.9413654618473896,0.9274256768977678,0.9158531797249851,0.9209082749638298
948,0.0024204598303510607,0.011189673015108455,,False,0.9832312481172808,0.982274209589731,0.9737069965847918,0.9777137738923175,0.9421686746987952,0.9281897356021158,0.9166014026954303,0.9216644624567534
949,0.0024174371567448885,0.01118979457101747,,False,0.9832312481172808,0.9818209283377581,0.9737069965847918,0.9775137758652733,0.9417670682730924,0.9278066141211393,0.9162272912102077,0.9212864076000992
950,0.0024166714357568126,0.011183011646494016,,False,0.9832312481172808,0.9818253170529386,0.9737069965847918,0.9775165037473263,0.9421686746987952,0.9281897356021158,0.9166014026954303,0.9216644624567534
951,0.0024147797858801133,0.01118646793184182,,False,0.9832312481172808,0.9822799616040184,0.9737069965847918,0.9777160129390086,0.9417670682730924,0.9278066141211393,0.9162272912102077,0.9212864076000992
952,0.0024131179967972066,0.01118329281184034,,False,0.9832312481172808,0.9818209283377581,0.9737069965847918,0.9775137758652733,0.9417670682730924,0.9278066141211393,0.9162272912102077,0.9212864076000992
953,0.00241175392678981,0.011187202322068416,,False,0.9832312481172808,0.9818209283377581,0.9737069965847918,0.9775137758652733,0.9421686746987952,0.9281702923377407,0.9166001472877618,0.9216627076138857
954,0.0024100732518624,0.01118770489411109,,False,0.9832312481172808,0.9818209283377581,0.9737069965847918,0.9775137758652733,0.9409638554216867,0.9270551172437091,0.9154981921495503,0.9205472519719157
955,0.002408691878533081,0.011184070807852707,,False,0.9832312481172808,0.9822799616040184,0.9737069965847918,0.9777160129390086,0.9417670682730924,0.9278008423363926,0.9162451597123269,0.9213016432702125
956,0.0024074538624378676,0.01119542270806027,,False,0.9832312481172808,0.9818151763234706,0.9737069965847918,0.977511536818582,0.9417670682730924,0.9278191759480572,0.9162464151199955,0.9213034394648392
957,0.002405748633219464,0.011194984144499343,,False,0.9832312481172808,0.9818151763234706,0.9737069965847918,0.977511536818582,0.9413654618473896,0.9274360544670807,0.9158723036347729,0.920925384608185
958,0.0024039598600752773,0.011190320818042323,,False,0.9833316598052013,0.9819154241199483,0.973802125960743,0.9776078830120358,0.9413654618473896,0.9274360544670807,0.9158723036347729,0.920925384608185
959,0.00240240770916803,0.011198020013950748,,False,0.9832312481172808,0.9818151763234706,0.9737069965847918,0.977511536818582,0.9413654618473896,0.9274360544670807,0.9158723036347729,0.920925384608185
960,0.0024007311355385827,0.01119512981386098,,False,0.9833316598052013,0.9819154241199483,0.973802125960743,0.9776078830120358,0.9409638554216867,0.9270551172437091,0.9154981921495503,0.9205472519719157
961,0.0023991771338037256,0.011196637030156067,,False,0.9833316598052013,0.9819095152292167,0.973802125960743,0.9776056053394746,0.9413654618473896,0.9274360544670807,0.9158723036347729,0.920925384608185
962,0.0023976659920106887,0.011217660307276127,,False,0.9833316598052013,0.9819154241199483,0.973802125960743,0.9776078830120358,0.9413654618473896,0.927419905113021,0.9158710482271043,0.9209235106339432
963,0.002395591453758836,0.0112054404978396,,False,0.9833316598052013,0.9819154241199483,0.973802125960743,0.9776078830120358,0.9413654618473896,0.927419905113021,0.9158710482271043,0.9209235106339432
964,0.0023937317692652687,0.011215106971683741,,False,0.9833316598052013,0.9819095152292167,0.973802125960743,0.9776056053394746,0.9413654618473896,0.9274360544670807,0.9158723036347729,0.920925384608185
965,0.0023921892438147283,0.011213207721626622,,False,0.9833316598052013,0.9819154241199483,0.973802125960743,0.9776078830120358,0.9413654618473896,0.927419905113021,0.9158710482271043,0.9209235106339432
966,0.002390010730867988,0.011212129087682089,,False,0.9833316598052013,0.9819154241199483,0.973802125960743,0.9776078830120358,0.9413654618473896,0.9274360544670807,0.9158723036347729,0.920925384608185
967,0.0023881916866058377,0.011209888709891265,,False,0.9833316598052013,0.9819095152292167,0.973802125960743,0.9776056053394746,0.9417670682730924,0.9278008423363926,0.9162451597123269,0.9213016432702125
968,0.00238655255670703,0.011222387097148664,,False,0.9833316598052013,0.981914366609005,0.973802125960743,0.9776080416765749,0.9413654618473896,0.927419905113021,0.9158710482271043,0.9209235106339432
969,0.002384389883413598,0.011210061725523654,,False,0.9833316598052013,0.9819095152292167,0.973802125960743,0.9776056053394746,0.9413654618473896,0.9274360544670807,0.9158723036347729,0.920925384608185
970,0.0023826177676850567,0.01120625441031457,,False,0.9833316598052013,0.9819095152292167,0.973802125960743,0.9776056053394746,0.9413654618473896,0.9274360544670807,0.9158723036347729,0.920925384608185
971,0.00238106201738171,0.01122233436716132,,False,0.9833316598052013,0.981914366609005,0.973802125960743,0.9776080416765749,0.9413654618473896,0.927419905113021,0.9158710482271043,0.9209235106339432
972,0.0023790045140727324,0.011226094982931806,,False,0.9833316598052013,0.981914366609005,0.973802125960743,0.9776080416765749,0.9413654618473896,0.927419905113021,0.9158710482271043,0.9209235106339432
973,0.0023768402459654497,0.011227234924150923,,False,0.9833316598052013,0.9819084577182736,0.973802125960743,0.9776057640040138,0.9421686746987952,0.9281839638173692,0.9166192711975495,0.9216796981268668
974,0.0023752873950465573,0.011225311853464492,,False,0.9833316598052013,0.9819154241199483,0.973802125960743,0.9776078830120358,0.9413654618473896,0.927419905113021,0.9158710482271043,0.9209235106339432
975,0.0023737910259111626,0.011224984794935496,,False,0.9833316598052013,0.9819154241199483,0.973802125960743,0.9776078830120358,0.9413654618473896,0.927419905113021,0.9158710482271043,0.9209235106339432
976,0.002371936452425778,0.011221648793086797,,False,0.9833316598052013,0.9819154241199483,0.973802125960743,0.9776078830120358,0.9409638554216867,0.9270551172437091,0.9154981921495503,0.9205472519719157
977,0.0023704202343354285,0.011225241486551612,,False,0.9833316598052013,0.981914366609005,0.973802125960743,0.9776080416765749,0.940562248995984,0.9267067946641442,0.9151228167741751,0.9201860508655716
978,0.002368712357564305,0.01122138762046018,,False,0.9833316598052013,0.9819095152292167,0.973802125960743,0.9776056053394746,0.9409638554216867,0.9270877318875157,0.9154969282593977,0.9205641835018407
979,0.0023673502966828006,0.011230926132244154,,False,0.9833316598052013,0.9819095152292167,0.973802125960743,0.9776056053394746,0.9417670682730924,0.9278191759480572,0.9162464151199955,0.9213034394648392
980,0.0023657030581114157,0.011220403966842018,,False,0.9833316598052013,0.9819095152292167,0.973802125960743,0.9776056053394746,0.940562248995984,0.9267067946641442,0.9151228167741751,0.9201860508655716
981,0.0023643976416555536,0.011226014311670396,,False,0.9833316598052013,0.9819095152292167,0.973802125960743,0.9776056053394746,0.940562248995984,0.9267067946641442,0.9151228167741751,0.9201860508655716
982,0.0023631450395926517,0.011223236480453598,,False,0.9833316598052013,0.9819091506060054,0.973802125960743,0.977605812272595,0.9409638554216867,0.9271039903943462,0.9154905222408151,0.9205668202248903
983,0.002361697901117182,0.011225691793459868,,False,0.9833316598052013,0.9819091506060054,0.973802125960743,0.977605812272595,0.940562248995984,0.9267067946641442,0.9151228167741751,0.9201860508655716
984,0.002360118837793274,0.011234403920318093,,False,0.9834320714931218,0.9820038050715684,0.973895496642349,0.9777003285392128,0.9409638554216867,0.9271039903943462,0.9154905222408151,0.9205668202248903
985,0.0023589243787239507,0.011240409971271376,,False,0.9833316598052013,0.9819091506060054,0.973802125960743,0.977605812272595,0.9409638554216867,0.9271039903943462,0.9154905222408151,0.9205668202248903
986,0.002357297699421869,0.011234431854265856,,False,0.9834320714931218,0.9820038050715684,0.973895496642349,0.9777003285392128,0.9409638554216867,0.9270877318875157,0.9154969282593977,0.9205641835018407
987,0.0023558746076347723,0.011232024502173353,,False,0.9833316598052013,0.9819091506060054,0.973802125960743,0.977605812272595,0.940562248995984,0.9267067946641442,0.9151228167741751,0.9201860508655716
988,0.0023548548034737,0.01122781060849917,,False,0.9834320714931218,0.9820038050715684,0.973895496642349,0.9777003285392128,0.9409638554216867,0.9271039903943462,0.9154905222408151,0.9205668202248903
989,0.0023534411424341313,0.01122596164231882,,False,0.9833316598052013,0.9819149026202927,0.973802125960743,0.9776080513192862,0.940562248995984,0.9267067946641442,0.9151228167741751,0.9201860508655716
990,0.0023520898876316742,0.011224273383168734,,False,0.9834320714931218,0.9820099250989632,0.973895496642349,0.9777024012689244,0.9409638554216867,0.9270715825334561,0.9154956728517291,0.9205623095275991
991,0.0023504038064336374,0.011227716355919643,,False,0.9834320714931218,0.9820038050715684,0.973895496642349,0.9777003285392128,0.940562248995984,0.9267067946641442,0.9151228167741751,0.9201860508655716
992,0.0023496350354966313,0.01124038129212134,,False,0.9834320714931218,0.9820099250989632,0.973895496642349,0.9777024012689244,0.940562248995984,0.9266992003410159,0.9151337474083703,0.9201918045243479
993,0.0023478859446346327,0.011235728544986957,,False,0.9834320714931218,0.9820038050715684,0.973895496642349,0.9777003285392128,0.940562248995984,0.9267067946641442,0.9151228167741751,0.9201860508655716
994,0.002346646321942978,0.011242277009249572,,False,0.9834320714931218,0.9820038050715684,0.973895496642349,0.9777003285392128,0.9397590361445783,0.9259621805678009,0.9143803738270111,0.919440370924209
995,0.002346015148630577,0.011230383437176547,,False,0.9834320714931218,0.9820038050715684,0.973895496642349,0.9777003285392128,0.9409638554216867,0.9271039903943462,0.9154905222408151,0.9205668202248903
996,0.0023445062265865617,0.011240704243169426,,False,0.9835324831810422,0.9821021598727483,0.9739887889270771,0.9777958522181915,0.940562248995984,0.9266992003410159,0.9151337474083703,0.9201918045243479
997,0.0023426676956887515,0.011235564780526354,,False,0.9834320714931218,0.9820038050715684,0.973895496642349,0.9777003285392128,0.940562248995984,0.9267067946641442,0.9151228167741751,0.9201860508655716
998,0.0023419456390841543,0.01123858854983977,,False,0.9835324831810422,0.9820959638221404,0.9739887889270771,0.9777937801140746,0.9401606425702811,0.9263204208998208,0.9147596359231477,0.9198135875966733
999,0.00233992967589876,0.011226835541977984,,False,0.9834320714931218,0.9820038050715684,0.973895496642349,0.9777003285392128,0.9401606425702811,0.926335657000709,0.9147422992703699,0.9198108337288831
1000,0.0023389655269651036,0.011234440855936903,,False,0.9835324831810422,0.9821016392247751,0.9739887889270771,0.9777960201636335,0.940562248995984,0.9266992003410159,0.9151337474083703,0.9201918045243479
1001,0.0023372886068037243,0.011235247148535308,,False,0.9834320714931218,0.9820038050715684,0.973895496642349,0.9777003285392128,0.9401606425702811,0.9263333182312363,0.9147608913308163,0.9198155880608974
1002,0.00233607454598194,0.011225560269017035,,False,0.9834320714931218,0.9820038050715684,0.973895496642349,0.9777003285392128,0.9397590361445783,0.9259621805678009,0.9143803738270111,0.919440370924209
1003,0.0023350329801628475,0.011232640107055925,,False,0.9834320714931218,0.9820038050715684,0.973895496642349,0.9777003285392128,0.9401606425702811,0.926345250364518,0.9147544853122338,0.9198184019724616
1004,0.0023338144381449483,0.011232360386610588,,False,0.9834320714931218,0.9820038050715684,0.973895496642349,0.9777003285392128,0.940562248995984,0.9267305139614381,0.9151285967974564,0.9201963574202163
1005,0.0023323050468909306,0.011237940163363531,,False,0.9835324831810422,0.9820959638221404,0.9739887889270771,0.9777937801140746,0.9397590361445783,0.9259621805678009,0.9143803738270111,0.919440370924209
1006,0.002330987487405766,0.01124093455644927,,False,0.9835324831810422,0.9820959638221404,0.9739887889270771,0.9777937801140746,0.9401606425702811,0.926345250364518,0.9147544853122338,0.9198184019724616
1007,0.002329660489584606,0.011242314448502206,,False,0.9835324831810422,0.9820949791563746,0.9739887889270771,0.9777939382214351,0.940562248995984,0.9266992003410159,0.9151337474083703,0.9201918045243479
1008,0.0023282626055469748,0.011245996652063979,,False,0.9835324831810422,0.9820949791563746,0.9739887889270771,0.9777939382214351,0.9397590361445783,0.9259621805678009,0.9143803738270111,0.919440370924209
1009,0.0023276441425368463,0.011251078591104493,,False,0.9835324831810422,0.9820959638221404,0.9739887889270771,0.9777937801140746,0.940562248995984,0.9267305139614381,0.9151285967974564,0.9201963574202163
1010,0.0023256597677303215,0.01124491996903949,,False,0.9835324831810422,0.9820959638221404,0.9739887889270771,0.9777937801140746,0.9397590361445783,0.9259621805678009,0.9143803738270111,0.919440370924209
1011,0.0023243352966126653,0.011240844953839186,,False,0.9835324831810422,0.9820959638221404,0.9739887889270771,0.9777937801140746,0.9397590361445783,0.9259621805678009,0.9143803738270111,0.919440370924209
1012,0.00232355341790204,0.011239340297688413,,False,0.9835324831810422,0.9820959638221404,0.9739887889270771,0.9777937801140746,0.940562248995984,0.9267305139614381,0.9151285967974564,0.9201963574202163
1013,0.0023219753355840805,0.011244418395781662,,False,0.9835324831810422,0.9820949791563746,0.9739887889270771,0.9777939382214351,0.9401606425702811,0.9263333182312363,0.9147608913308163,0.9198155880608974
1014,0.002320437729846048,0.011249689149168369,,False,0.9835324831810422,0.9820959638221404,0.9739887889270771,0.9777937801140746,0.9401606425702811,0.926345250364518,0.9147544853122338,0.9198184019724616
1015,0.002319087655384667,0.011247429080301399,,False,0.9836328948689628,0.9821888535648395,0.974082159608683,0.9778879084431035,0.9397590361445783,0.9259621805678009,0.9143803738270111,0.919440370924209
1016,0.002318264611685992,0.011244898876592647,,False,0.9836328948689628,0.9821888535648395,0.974082159608683,0.9778879084431035,0.9401606425702811,0.926345250364518,0.9147544853122338,0.9198184019724616
1017,0.002316631545554642,0.011245482091096246,,False,0.9836328948689628,0.9821888535648395,0.974082159608683,0.9778879084431035,0.9397590361445783,0.9259621805678009,0.9143803738270111,0.919440370924209
1018,0.0023153873756178098,0.0112438902913849,,False,0.9836328948689628,0.9821888535648395,0.974082159608683,0.9778879084431035,0.9397590361445783,0.9259621805678009,0.9143803738270111,0.919440370924209
1019,0.0023142545025357235,0.011247746922936128,,False,0.9836328948689628,0.9821888535648395,0.974082159608683,0.9778879084431035,0.940562248995984,0.9267111324742978,0.9151273413897878,0.9201946184359121
1020,0.0023135777454335407,0.011256807835592523,,False,0.9836328948689628,0.9821880205195492,0.974082159608683,0.9778881052238868,0.9389558232931727,0.9236029466090228,0.9136308954488975,0.9180477291707603
1021,0.0023124526267300676,0.011251610675263708,,False,0.9836328948689628,0.9821880205195492,0.974082159608683,0.9778881052238868,0.9393574297188755,0.9239819316127051,0.9140050069341199,0.9184266193750348
1022,0.0023103789340318216,0.011250884629039162,,False,0.9836328948689628,0.9821880205195492,0.974082159608683,0.9778881052238868,0.9401606425702811,0.926345250364518,0.9147544853122338,0.9198184019724616
1023,0.002309430843366466,0.011243549560950807,,False,0.9836328948689628,0.9821880205195492,0.974082159608683,0.9778881052238868,0.9401606425702811,0.926345250364518,0.9147544853122338,0.9198184019724616
1024,0.002307865250968736,0.01124816201966936,,False,0.9836328948689628,0.9821888535648395,0.974082159608683,0.9778879084431035,0.9401606425702811,0.926345250364518,0.9147544853122338,0.9198184019724616
1025,0.002306789309359917,0.011249935199371308,,False,0.9836328948689628,0.9821880205195492,0.974082159608683,0.9778881052238868,0.9397590361445783,0.9259621805678009,0.9143803738270111,0.919440370924209
1026,0.0023056783086606338,0.011256429557387258,,False,0.9836328948689628,0.9821880205195492,0.974082159608683,0.9778881052238868,0.940562248995984,0.9267305139614381,0.9151285967974564,0.9201963574202163
1027,0.002304169014016013,0.011254720022054554,,False,0.9836328948689628,0.9821880205195492,0.974082159608683,0.9778881052238868,0.9401606425702811,0.926345250364518,0.9147544853122338,0.9198184019724616
1028,0.002302898900468222,0.011261988267235047,,False,0.9836328948689628,0.9821880205195492,0.974082159608683,0.9778881052238868,0.9401606425702811,0.926345250364518,0.9147544853122338,0.9198184019724616
1029,0.002301750200697398,0.01125946213462276,,False,0.9836328948689628,0.9821880205195492,0.974082159608683,0.9778881052238868,0.9397590361445783,0.9259621805678009,0.9143803738270111,0.919440370924209
1030,0.0023007614170915615,0.011252949843849447,,False,0.9836328948689628,0.9821888535648395,0.974082159608683,0.9778879084431035,0.9389558232931727,0.9236160495029255,0.9136321508565659,0.9180504029115844
1031,0.002299475325073632,0.011256190696815884,,False,0.9836328948689628,0.9821888535648395,0.974082159608683,0.9778879084431035,0.9401606425702811,0.9247526154716016,0.9147353614024458,0.9191703800728734
1032,0.002298225463267152,0.011247539496428207,,False,0.9836328948689628,0.9821899927825665,0.974082159608683,0.9778877889250506,0.940562248995984,0.9267305139614381,0.9151285967974564,0.9201963574202163
1033,0.002297017978234144,0.011255263425346558,,False,0.9836328948689628,0.9821880205195492,0.974082159608683,0.9778881052238868,0.9389558232931727,0.9236160495029255,0.9136321508565659,0.9180504029115844
1034,0.002295612804711879,0.011260582336940897,,False,0.9836328948689628,0.9821880205195492,0.974082159608683,0.9778881052238868,0.9401606425702811,0.926345250364518,0.9147544853122338,0.9198184019724616
1035,0.002294544356908301,0.01126542899592677,,False,0.9836328948689628,0.9821880205195492,0.974082159608683,0.9778881052238868,0.9397590361445783,0.9259621805678009,0.9143803738270111,0.919440370924209
1036,0.0022934606449172197,0.011261650976928604,,False,0.9836328948689628,0.9821880205195492,0.974082159608683,0.9778881052238868,0.9401606425702811,0.926345250364518,0.9147544853122338,0.9198184019724616
1037,0.0022922445764661887,0.01127084778838342,,False,0.9836328948689628,0.9821880205195492,0.974082159608683,0.9778881052238868,0.9401606425702811,0.926345250364518,0.9147544853122338,0.9198184019724616
1038,0.0022908571845909084,0.011264782073450056,,False,0.9836328948689628,0.9821880205195492,0.974082159608683,0.9778881052238868,0.9401606425702811,0.926345250364518,0.9147544853122338,0.9198184019724616
1039,0.0022896116390256774,0.011260678911406075,,False,0.9836328948689628,0.9821880205195492,0.974082159608683,0.9778881052238868,0.9401606425702811,0.926345250364518,0.9147544853122338,0.9198184019724616
1040,0.002288379126662284,0.011264226625771192,,False,0.9836328948689628,0.9821880205195492,0.974082159608683,0.9778881052238868,0.9397590361445783,0.9243804609471462,0.9143803738270111,0.9188079135794229
1041,0.00228723178378101,0.01126472145772567,,False,0.9836328948689628,0.9821880205195492,0.974082159608683,0.9778881052238868,0.9397590361445783,0.9243804609471462,0.9143803738270111,0.9188079135794229
1042,0.002286176171426963,0.011264445653701178,,False,0.9836328948689628,0.9821880205195492,0.974082159608683,0.9778881052238868,0.9393574297188755,0.9239971728186607,0.9140062623417885,0.9184292010241502
1043,0.0022850278166192434,0.011265950763326494,,False,0.9836328948689628,0.9821990728230556,0.974082159608683,0.9778929145867499,0.9401606425702811,0.9247526154716016,0.9147353614024458,0.9191703800728734
1044,0.0022837981499959554,0.011266058720365896,,False,0.9836328948689628,0.9821880205195492,0.974082159608683,0.9778881052238868,0.9389558232931727,0.9236160495029255,0.9136321508565659,0.9180504029115844
1045,0.002282435968392669,0.011269779081511647,,False,0.9836328948689628,0.9821980852258042,0.974082159608683,0.9778930727782256,0.9397590361445783,0.9243804609471462,0.9143803738270111,0.9188079135794229
1046,0.0022812514384690295,0.011265205599974367,,False,0.9836328948689628,0.9821880205195492,0.974082159608683,0.9778881052238868,0.9401606425702811,0.926345250364518,0.9147544853122338,0.9198184019724616
1047,0.0022801282072193885,0.011277382349818694,,False,0.9836328948689628,0.9821980852258042,0.974082159608683,0.9778930727782256,0.9401606425702811,0.926345250364518,0.9147544853122338,0.9198184019724616
1048,0.002278926882445739,0.011272185087104819,,False,0.9836328948689628,0.9821990728230556,0.974082159608683,0.9778929145867499,0.9401606425702811,0.9247526154716016,0.9147353614024458,0.9191703800728734
1049,0.0022779014020750396,0.011274911732585435,,False,0.9836328948689628,0.9821980852258042,0.974082159608683,0.9778930727782256,0.9393574297188755,0.9239971728186607,0.9140062623417885,0.9184292010241502
1050,0.0022766196609179255,0.011275806885145541,,False,0.9836328948689628,0.9821880205195492,0.974082159608683,0.9778881052238868,0.9393574297188755,0.9239971728186607,0.9140062623417885,0.9184292010241502
1051,0.0022752611711526253,0.011273340710776764,,False,0.9836328948689628,0.9821980852258042,0.974082159608683,0.9778930727782256,0.9397590361445783,0.9243804609471462,0.9143803738270111,0.9188079135794229
1052,0.0022739895159599485,0.011280625997996554,,False,0.9837333065568832,0.982276215074354,0.974175451893411,0.9779789849360154,0.9397590361445783,0.9243804609471462,0.9143803738270111,0.9188079135794229
1053,0.0022740070737552187,0.011298076233504812,,False,0.9838337182448037,0.9823671234779905,0.9742641279597408,0.9780686375050972,0.9397590361445783,0.924349290831166,0.9143599945095549,0.9187878839891357
1054,0.0022720038248044256,0.011289422382710971,,False,0.9838337182448037,0.9823690312745309,0.9742641279597408,0.9780701318942909,0.9389558232931727,0.9236508008133377,0.9136765557806279,0.9180843271471305
1055,0.002270491457942691,0.011285123911358561,,False,0.9837333065568832,0.9822909690124855,0.9741708356750127,0.9779842191469835,0.9401606425702811,0.9247526154716016,0.9147353614024458,0.9191703800728734
1056,0.0022690676543132503,0.011286372472080577,,False,0.9838337182448037,0.9823790200831373,0.9742641279597408,0.9780751000569945,0.9397590361445783,0.9243804609471462,0.9143803738270111,0.9188079135794229
1057,0.002268246567696338,0.011282730571195932,,False,0.9838337182448037,0.9823690312745309,0.9742641279597408,0.9780701318942909,0.9393574297188755,0.9239971728186607,0.9140062623417885,0.9184292010241502
1058,0.002266722018801532,0.011279734941570271,,False,0.9838337182448037,0.9823790200831373,0.9742641279597408,0.9780751000569945,0.9397590361445783,0.9243804609471462,0.9143803738270111,0.9188079135794229
1059,0.0022655668219459762,0.011288945766794553,,False,0.9838337182448037,0.9823790200831373,0.9742641279597408,0.9780751000569945,0.9397590361445783,0.9243804609471462,0.9143803738270111,0.9188079135794229
1060,0.002264524823288915,0.011287054355409089,,False,0.9838337182448037,0.9823797795251458,0.9742641279597408,0.9780749037360574,0.9397590361445783,0.9243804609471462,0.9143803738270111,0.9188079135794229
1061,0.0022630928571997348,0.011282344456211551,,False,0.9838337182448037,0.9823790200831373,0.9742641279597408,0.9780751000569945,0.9393574297188755,0.9240340889418233,0.9140506672658505,0.9184630397024033
1062,0.002262125266346693,0.01129297855118516,,False,0.9838337182448037,0.9823690312745309,0.9742641279597408,0.9780701318942909,0.9393574297188755,0.9239971728186607,0.9140062623417885,0.9184292010241502
1063,0.0022605571993008235,0.011285095052336883,,False,0.9839341299327242,0.9824880710085905,0.9747761607298381,0.9784094928269589,0.9393574297188755,0.9240340889418233,0.9140506672658505,0.9184630397024033
1064,0.0022596425252513737,0.011288574106279444,,False,0.9839341299327242,0.9824880710085905,0.9747761607298381,0.9784094928269589,0.9397590361445783,0.9244062434662784,0.9144056548412853,0.9188255061958538
1065,0.002258149658989664,0.011296316378535525,,False,0.9839341299327242,0.9824874639476945,0.9747761607298381,0.9784097279188146,0.9393574297188755,0.9240340889418233,0.9140506672658505,0.9184630397024033
1066,0.0022578164987422295,0.011288534706841637,,False,0.9839341299327242,0.9824859214273922,0.9747761607298381,0.9784085555762787,0.9401606425702811,0.926345250364518,0.9147544853122338,0.9198184019724616
1067,0.002255560712556615,0.011295242458884738,,False,0.9839341299327242,0.9824874639476945,0.9747761607298381,0.9784097279188146,0.9393574297188755,0.9240340889418233,0.9140506672658505,0.9184630397024033
1068,0.0022545764024136557,0.011293916242810861,,False,0.9839341299327242,0.9824880710085905,0.9747761607298381,0.9784094928269589,0.9397590361445783,0.9243804609471462,0.9143803738270111,0.9188079135794229
1069,0.0022529488958456605,0.011295910465680514,,False,0.9839341299327242,0.9824874639476945,0.9747761607298381,0.9784097279188146,0.940562248995984,0.9267174048889734,0.9151094728876684,0.9201808684659122
1070,0.00225164710918498,0.011293904807768929,,False,0.9839341299327242,0.9824880710085905,0.9747761607298381,0.9784094928269589,0.9401606425702811,0.9247526154716016,0.9147353614024458,0.9191703800728734
1071,0.0022502784163976213,0.011298429607577638,,False,0.9839341299327242,0.9824874639476945,0.9747761607298381,0.9784097279188146,0.9393574297188755,0.9240340889418233,0.9140506672658505,0.9184630397024033
1072,0.0022489725752464066,0.011298018823820703,,False,0.9839341299327242,0.9824874639476945,0.9747761607298381,0.9784097279188146,0.9397590361445783,0.9244062434662784,0.9144056548412853,0.9188255061958538
1073,0.0022477486664055253,0.011295782546776484,,False,0.9839341299327242,0.9824874639476945,0.9747761607298381,0.9784097279188146,0.9401606425702811,0.926345250364518,0.9147544853122338,0.9198184019724616
1074,0.002246669943969416,0.011295999318282356,,False,0.9839341299327242,0.9824880710085905,0.9747761607298381,0.9784094928269589,0.9401606425702811,0.926345250364518,0.9147544853122338,0.9198184019724616
1075,0.002245036090228643,0.011301568843740867,,False,0.9839341299327242,0.9824874639476945,0.9747761607298381,0.9784097279188146,0.9401606425702811,0.9247526154716016,0.9147353614024458,0.9191703800728734
1076,0.0022437120322258354,0.011307517313007323,,False,0.9839341299327242,0.982486674818955,0.9747761607298381,0.9784093293529293,0.9397590361445783,0.9244062434662784,0.9144056548412853,0.9188255061958538
1077,0.002242347841049844,0.01129810796211246,,False,0.9839341299327242,0.9824874639476945,0.9747761607298381,0.9784097279188146,0.9393574297188755,0.9256206950481461,0.9140506672658505,0.9191019200518967
1078,0.002240877678252451,0.011305891520906417,,False,0.9839341299327242,0.9824874639476945,0.9747761607298381,0.9784097279188146,0.9393574297188755,0.9256206950481461,0.9140506672658505,0.9191019200518967
1079,0.002239971474403499,0.011302711426617934,,False,0.9839341299327242,0.9824918504101245,0.9747761607298381,0.9784115823970279,0.9401606425702811,0.926345250364518,0.9147544853122338,0.9198184019724616
1080,0.002238102183653493,0.011303031014236893,,False,0.9839341299327242,0.9824907542235193,0.9747761607298381,0.9784111064377417,0.9397590361445783,0.9244062434662784,0.9144056548412853,0.9188255061958538
1081,0.0022367920155874294,0.011302267177575534,,False,0.9839341299327242,0.9824880710085905,0.9747761607298381,0.9784094928269589,0.9397590361445783,0.9244062434662784,0.9144056548412853,0.9188255061958538
1082,0.002235298504788197,0.011311511484127573,,False,0.9839341299327242,0.9824869748219852,0.9747761607298381,0.9784090168676729,0.9401606425702811,0.9247526154716016,0.9147353614024458,0.9191703800728734
1083,0.002234073061481212,0.011310849936138201,,False,0.9839341299327242,0.9824867656687594,0.9747761607298381,0.9784092616205906,0.9397590361445783,0.9244062434662784,0.9144056548412853,0.9188255061958538
1084,0.0022331810137533018,0.011314503164109353,,False,0.9839341299327242,0.9824869748219852,0.9747761607298381,0.9784090168676729,0.9401606425702811,0.9247751743781669,0.9147861723450905,0.9192008201477451
1085,0.002231285676847905,0.011310941566642647,,False,0.9839341299327242,0.9824869748219852,0.9747761607298381,0.9784090168676729,0.9401606425702811,0.9263710328836504,0.9147797663265079,0.9198359945888925
1086,0.002230093509576769,0.011312234510714687,,False,0.9839341299327242,0.9824920595633502,0.9747761607298381,0.9784113376441099,0.940562248995984,0.9267174048889734,0.9151094728876684,0.9201808684659122
1087,0.0022299258492812658,0.011317382684196886,,False,0.9839341299327242,0.982486674818955,0.9747761607298381,0.9784093293529293,0.9397590361445783,0.9243916309006917,0.9144120608598679,0.9188214030598237
1088,0.0022271639366756918,0.011311489559211884,,False,0.9839341299327242,0.9824920595633502,0.9747761607298381,0.9784113376441099,0.9401606425702811,0.9263392215779245,0.9147353614024458,0.9198092604223669
1089,0.0022264281418436786,0.011309368268986365,,False,0.9839341299327242,0.982490054933024,0.9747761607298381,0.9784104366755023,0.9401606425702811,0.9263392215779245,0.9147353614024458,0.9198092604223669
1090,0.0022246505749376685,0.011315731192512111,,False,0.9839341299327242,0.9824907542235193,0.9747761607298381,0.9784111064377417,0.9401606425702811,0.9263371092194591,0.9147608913308163,0.9198220599053999
1091,0.0022234169936913716,0.011313546522098063,,False,0.9839341299327242,0.9824869748219852,0.9747761607298381,0.9784090168676729,0.940562248995984,0.926708152489813,0.9151158789062512,0.9201845743742582
1092,0.00222206214400611,0.011315834332229746,,False,0.9839341299327242,0.9824920595633502,0.9747761607298381,0.9784113376441099,0.9401606425702811,0.92636178048449,0.9147861723450905,0.9198397004972385
1093,0.002220965012407706,0.011317075650241646,,False,0.9839341299327242,0.9824920595633502,0.9747761607298381,0.9784113376441099,0.9401606425702811,0.92636178048449,0.9147861723450905,0.9198397004972385
1094,0.0022197675024487004,0.011309604946893089,,False,0.9840345416206446,0.9825957569570212,0.9752881934999353,0.9787419278328167,0.9401606425702811,0.92636178048449,0.9147861723450905,0.9198397004972385
1095,0.002218514615449806,0.011318510392989258,,False,0.9840345416206446,0.9825957569570212,0.9752881934999353,0.9787419278328167,0.9401606425702811,0.92636178048449,0.9147861723450905,0.9198397004972385
1096,0.002217291346748397,0.01131700745328736,,False,0.9840345416206446,0.9825957569570212,0.9752881934999353,0.9787419278328167,0.9401606425702811,0.92636178048449,0.9147861723450905,0.9198397004972385
1097,0.0022160048148023924,0.011317908448836948,,False,0.9840345416206446,0.9821471517206418,0.9752881934999353,0.9785406928889283,0.9401606425702811,0.92636178048449,0.9147861723450905,0.9198397004972385
1098,0.00221477617244007,0.011321004947520343,,False,0.9840345416206446,0.9821471517206418,0.9752881934999353,0.9785406928889283,0.9401606425702811,0.92636178048449,0.9147861723450905,0.9198397004972385
1099,0.002213592480115842,0.011319005977025962,,False,0.9840345416206446,0.9821471517206418,0.9752881934999353,0.9785406928889283,0.9401606425702811,0.92636178048449,0.9147861723450905,0.9198397004972385
1100,0.002212535710044568,0.011313316096541891,,False,0.9840345416206446,0.9821483042971335,0.9752881934999353,0.9785408852755071,0.9401606425702811,0.92636178048449,0.9147861723450905,0.9198397004972385
1101,0.0022113164338440146,0.011315642637687634,,False,0.9840345416206446,0.9821483042971335,0.9752881934999353,0.9785408852755071,0.9401606425702811,0.92636178048449,0.9147861723450905,0.9198397004972385
1102,0.0022103409188799212,0.011314053857262456,,False,0.9840345416206446,0.9821483042971335,0.9752881934999353,0.9785408852755071,0.9401606425702811,0.92636178048449,0.9147861723450905,0.9198397004972385
1103,0.0022095091466718467,0.011318286839873643,,False,0.9840345416206446,0.9821480042941033,0.9752881934999353,0.9785411977607635,0.9397590361445783,0.9259782370070145,0.9144120608598679,0.9194602834093172
1104,0.0022078871766308466,0.011315003195812742,,False,0.9840345416206446,0.9821483042971335,0.9752881934999353,0.9785408852755071,0.9401606425702811,0.92636178048449,0.9147861723450905,0.9198397004972385
1105,0.0022069515028326505,0.011310613567449999,,False,0.9840345416206446,0.9821483042971335,0.9752881934999353,0.9785408852755071,0.9397590361445783,0.9259928495726015,0.9144056548412853,0.9194643865453472
1106,0.0022060010435314328,0.011317523112409897,,False,0.9840345416206446,0.9821454264138164,0.9752881934999353,0.9785394452123494,0.9401606425702811,0.92636178048449,0.9147861723450905,0.9198397004972385
1107,0.0022048805288955985,0.011317338376823324,,False,0.9840345416206446,0.9821483042971335,0.9752881934999353,0.9785408852755071,0.9401606425702811,0.92636178048449,0.9147861723450905,0.9198397004972385
1108,0.0022034336347447054,0.011320667277673052,,False,0.9840345416206446,0.9821483042971335,0.9752881934999353,0.9785408852755071,0.9401606425702811,0.92636178048449,0.9147861723450905,0.9198397004972385
1109,0.00220238059153247,0.011314363857881654,,False,0.9840345416206446,0.9821483042971335,0.9752881934999353,0.9785408852755071,0.9401606425702811,0.92636178048449,0.9147861723450905,0.9198397004972385
1110,0.0022015261652208575,0.011313048154682415,,False,0.9840345416206446,0.9821483042971335,0.9752881934999353,0.9785408852755071,0.9397590361445783,0.9259907372141362,0.9144311847696556,0.9194771860283802
1111,0.0022001608468626113,0.011318186921662088,,False,0.9840345416206446,0.9821483042971335,0.9752881934999353,0.9785408852755071,0.9401606425702811,0.92636178048449,0.9147861723450905,0.9198397004972385
1112,0.0021989960324778706,0.011320463717850381,,False,0.9840345416206446,0.9821454264138164,0.9752881934999353,0.9785394452123494,0.9397590361445783,0.9259928495726015,0.9144056548412853,0.9194643865453472
1113,0.002198001328447853,0.011321445621739328,,False,0.9840345416206446,0.9821454264138164,0.9752881934999353,0.9785394452123494,0.9401606425702811,0.92636178048449,0.9147861723450905,0.9198397004972385
1114,0.0021969637574455994,0.011318762448802283,,False,0.9840345416206446,0.9821452803173132,0.9752881934999353,0.9785397962226765,0.9401606425702811,0.92636178048449,0.9147861723450905,0.9198397004972385
1115,0.002195909402992808,0.011316768217712856,,False,0.9840345416206446,0.9821483042971335,0.9752881934999353,0.9785408852755071,0.9401606425702811,0.92636178048449,0.9147861723450905,0.9198397004972385
1116,0.002195069867056484,0.011319901077993789,,False,0.9840345416206446,0.9821483042971335,0.9752881934999353,0.9785408852755071,0.9397590361445783,0.926022019752549,0.9144056548412853,0.9194778513124048
1117,0.0021937743188313705,0.01131804520310015,,False,0.9840345416206446,0.9821480042941033,0.9752881934999353,0.9785411977607635,0.9397590361445783,0.926022019752549,0.9144056548412853,0.9194778513124048
1118,0.0021928114662072336,0.01132774720331969,,False,0.9840345416206446,0.9821480042941033,0.9752881934999353,0.9785411977607635,0.9401606425702811,0.9263588778983826,0.9147861723450905,0.9198450352941983
1119,0.002191639289131209,0.011326377635370132,,False,0.9840345416206446,0.9821452803173132,0.9752881934999353,0.9785397962226765,0.9397590361445783,0.9259928495726015,0.9144056548412853,0.9194643865453472
1120,0.0021906683555686273,0.011325508981881382,,False,0.9840345416206446,0.9821468882702297,0.9752881934999353,0.9785397156470709,0.9397590361445783,0.9259928495726015,0.9144056548412853,0.9194643865453472
1121,0.0021896209612287934,0.011325327571340624,,False,0.9840345416206446,0.9821452803173132,0.9752881934999353,0.9785397962226765,0.9401606425702811,0.9248014419720073,0.9147861723450905,0.9192196197117624
1122,0.002188672135529866,0.011326058927259443,,False,0.9840345416206446,0.9821452803173132,0.9752881934999353,0.9785397962226765,0.9401606425702811,0.9263880480783302,0.9147861723450905,0.9198585000612558
1123,0.002187806487721829,0.011321726729443591,,False,0.9840345416206446,0.9821521270681407,0.9752881934999353,0.9785431504738433,0.9397590361445783,0.926022019752549,0.9144056548412853,0.9194778513124048
1124,0.0021867956117922202,0.011322776068055972,,False,0.9840345416206446,0.9821452803173132,0.9752881934999353,0.9785397962226765,0.9397590361445783,0.9259928495726015,0.9144056548412853,0.9194643865453472
1125,0.0021857505151002474,0.01132713421884213,,False,0.9840345416206446,0.9821452803173132,0.9752881934999353,0.9785397962226765,0.9401606425702811,0.9248014419720073,0.9147861723450905,0.9192196197117624
1126,0.002184765848250638,0.011331867846486479,,False,0.9840345416206446,0.9821452803173132,0.9752881934999353,0.9785397962226765,0.9401606425702811,0.9248014419720073,0.9147861723450905,0.9192196197117624
1127,0.0021841776661974295,0.011333845067100182,,False,0.9840345416206446,0.9821448985974693,0.9752881934999353,0.9785389791313973,0.9401606425702811,0.9248014419720073,0.9147861723450905,0.9192196197117624
1128,0.0021829205911710493,0.011330232698356186,,False,0.9840345416206446,0.9821454264138164,0.9752881934999353,0.9785394452123494,0.9401606425702811,0.9248014419720073,0.9147861723450905,0.9192196197117624
1129,0.002181980403170222,0.01132854279132066,,False,0.9840345416206446,0.9821452803173132,0.9752881934999353,0.9785397962226765,0.9401606425702811,0.9248014419720073,0.9147861723450905,0.9192196197117624
1130,0.0021810921549215846,0.011330157554844013,,False,0.9840345416206446,0.9821454264138164,0.9752881934999353,0.9785394452123494,0.9401606425702811,0.9248014419720073,0.9147861723450905,0.9192196197117624
1131,0.0021804297142637187,0.01133222445473606,,False,0.9840345416206446,0.9821468882702297,0.9752881934999353,0.9785397156470709,0.9401606425702811,0.9248014419720073,0.9147861723450905,0.9192196197117624
1132,0.002179308350410056,0.01132619708736637,,False,0.9840345416206446,0.9821489316673335,0.9752881934999353,0.9785406122844162,0.9401606425702811,0.9248014419720073,0.9147861723450905,0.9192196197117624
1133,0.002178620202459608,0.011328509065206832,,False,0.9840345416206446,0.9821448985974693,0.9752881934999353,0.9785389791313973,0.9401606425702811,0.9248014419720073,0.9147861723450905,0.9192196197117624
1134,0.0021776393075716,0.011321896541019904,,False,0.9840345416206446,0.9821484118689603,0.9752881934999353,0.978540779868784,0.9401606425702811,0.9263880480783302,0.9147861723450905,0.9198585000612558
1135,0.0021768611038069266,0.011325035520504192,,False,0.9840345416206446,0.9821481118659301,0.9752881934999353,0.9785410923540405,0.9397590361445783,0.9260170048079763,0.9144311847696556,0.9194959855923975
1136,0.002176258497693221,0.011330829996842965,,False,0.9840345416206446,0.9821448985974693,0.9752881934999353,0.9785389791313973,0.9401606425702811,0.9248014419720073,0.9147861723450905,0.9192196197117624
1137,0.002175017888528333,0.011334787351866275,,False,0.9840345416206446,0.9821448985974693,0.9752881934999353,0.9785389791313973,0.9401606425702811,0.9248014419720073,0.9147861723450905,0.9192196197117624
1138,0.002174135669364867,0.011325659585412585,,False,0.9840345416206446,0.9821489316673335,0.9752881934999353,0.9785406122844162,0.9401606425702811,0.9248014419720073,0.9147861723450905,0.9192196197117624
1139,0.002173415916949369,0.011324527461041206,,False,0.9840345416206446,0.9821489316673335,0.9752881934999353,0.9785406122844162,0.9401606425702811,0.9248014419720073,0.9147861723450905,0.9192196197117624
1140,0.002172521805008733,0.011327011825487787,,False,0.9841349533085652,0.9822398727122965,0.9753833228758866,0.9786334076332567,0.9401606425702811,0.9248014419720073,0.9147861723450905,0.9192196197117624
1141,0.002171706345191315,0.01132567795611542,,False,0.9840345416206446,0.9821484118689603,0.9752881934999353,0.978540779868784,0.9401606425702811,0.9263880480783302,0.9147861723450905,0.9198585000612558
1142,0.0021708806443555715,0.011326733274380059,,False,0.9840345416206446,0.9821487855708302,0.9752881934999353,0.9785409632947434,0.9401606425702811,0.9248014419720073,0.9147861723450905,0.9192196197117624
1143,0.0021700442261882976,0.011324680495365074,,False,0.9840345416206446,0.9821489316673335,0.9752881934999353,0.9785406122844162,0.9401606425702811,0.9248014419720073,0.9147861723450905,0.9192196197117624
1144,0.002169621316714343,0.011322171858359598,,False,0.9840345416206446,0.9821500306388705,0.9752881934999353,0.9785410895815987,0.9401606425702811,0.9263880480783302,0.9147861723450905,0.9198585000612558
1145,0.0021687073314736165,0.011329532752069263,,False,0.9841349533085652,0.982241192622364,0.9753833228758866,0.9786340295366087,0.9401606425702811,0.9248014419720073,0.9147861723450905,0.9192196197117624
1146,0.0021680808452434136,0.011333218924919635,,False,0.9840345416206446,0.982150251577401,0.9752881934999353,0.9785412341877685,0.9401606425702811,0.9248014419720073,0.9147861723450905,0.9192196197117624
1147,0.0021670381071402702,0.011328612391705005,,False,0.9840345416206446,0.9821487855708302,0.9752881934999353,0.9785409632947434,0.9401606425702811,0.9248014419720073,0.9147861723450905,0.9192196197117624
1148,0.0021661788012805523,0.01133300537376177,,False,0.9840345416206446,0.9821487855708302,0.9752881934999353,0.9785409632947434,0.9401606425702811,0.9248014419720073,0.9147861723450905,0.9192196197117624
1149,0.002165764331547171,0.011336821481448059,,False,0.9840345416206446,0.9821487855708302,0.9752881934999353,0.9785409632947434,0.9401606425702811,0.9248014419720073,0.9147861723450905,0.9192196197117624
1150,0.002164773205655875,0.011328771584971706,,False,0.9840345416206446,0.9821552123979124,0.9752881934999353,0.9785435054690479,0.9401606425702811,0.9248014419720073,0.9147861723450905,0.9192196197117624
1151,0.002163987597805177,0.011324956416836295,,False,0.9840345416206446,0.9821484118689603,0.9752881934999353,0.978540779868784,0.9401606425702811,0.9248014419720073,0.9147861723450905,0.9192196197117624
1152,0.0021632713468516455,0.011329277963459857,,False,0.9840345416206446,0.9821487855708302,0.9752881934999353,0.9785409632947434,0.9401606425702811,0.9248014419720073,0.9147861723450905,0.9192196197117624
1153,0.002162522977925758,0.011325177489540868,,False,0.9840345416206446,0.9821500306388705,0.9752881934999353,0.9785410895815987,0.9401606425702811,0.9263880480783302,0.9147861723450905,0.9198585000612558
1154,0.0021616985585203433,0.011326959123841534,,False,0.9840345416206446,0.982149577872501,0.9752881934999353,0.9785413632470656,0.9401606425702811,0.9263880480783302,0.9147861723450905,0.9198585000612558
1155,0.002160944282546372,0.011328423564165883,,False,0.9840345416206446,0.9821487855708302,0.9752881934999353,0.9785409632947434,0.9401606425702811,0.9248014419720073,0.9147861723450905,0.9192196197117624
1156,0.0021602736980462552,0.011326504019517628,,False,0.9840345416206446,0.982149577872501,0.9752881934999353,0.9785413632470656,0.9401606425702811,0.9248014419720073,0.9147861723450905,0.9192196197117624
1157,0.0021595071376130353,0.011325777850608062,,False,0.9840345416206446,0.9821505504372436,0.9752881934999353,0.978540921997231,0.9401606425702811,0.9248014419720073,0.9147861723450905,0.9192196197117624
1158,0.0021590536366450784,0.01132455122565432,,False,0.9840345416206446,0.9821500306388705,0.9752881934999353,0.9785410895815987,0.9401606425702811,0.9263880480783302,0.9147861723450905,0.9198585000612558
1159,0.002158121393971328,0.011324058314397362,,False,0.9840345416206446,0.9821500306388705,0.9752881934999353,0.9785410895815987,0.9401606425702811,0.9248014419720073,0.9147861723450905,0.9192196197117624
1160,0.0021574183865358284,0.011323571166230572,,False,0.9840345416206446,0.9821500306388705,0.9752881934999353,0.9785410895815987,0.9401606425702811,0.9263880480783302,0.9147861723450905,0.9198585000612558
1161,0.00215681213849318,0.011328017157636878,,False,0.9840345416206446,0.9821500306388705,0.9752881934999353,0.9785410895815987,0.9401606425702811,0.9248014419720073,0.9147861723450905,0.9192196197117624
1162,0.0021559962115778185,0.0113301059196074,,False,0.9840345416206446,0.982150251577401,0.9752881934999353,0.9785412341877685,0.9401606425702811,0.9248014419720073,0.9147861723450905,0.9192196197117624
1163,0.002155279214330568,0.011325063090378505,,False,0.9840345416206446,0.982149577872501,0.9752881934999353,0.9785413632470656,0.9401606425702811,0.9248014419720073,0.9147861723450905,0.9192196197117624
1164,0.002154668268667048,0.011327543777761264,,False,0.9840345416206446,0.982149577872501,0.9752881934999353,0.9785413632470656,0.9401606425702811,0.9248014419720073,0.9147861723450905,0.9192196197117624
1165,0.002153905515527902,0.011325209809395963,,False,0.9840345416206446,0.982150251577401,0.9752881934999353,0.9785412341877685,0.9401606425702811,0.9263787244624194,0.9147861723450905,0.9198612759968595
1166,0.0021533747813540717,0.011327521011664014,,False,0.9840345416206446,0.9821551251353894,0.9752881934999353,0.9785435729765357,0.9401606425702811,0.9247921183560965,0.9147861723450905,0.9192223956473661
1167,0.0021526909492438034,0.011327801608628825,,False,0.9840345416206446,0.982150251577401,0.9752881934999353,0.9785412341877685,0.9401606425702811,0.9247921183560965,0.9147861723450905,0.9192223956473661
1168,0.0021518657118849726,0.011328321007999617,,False,0.9840345416206446,0.982150251577401,0.9752881934999353,0.9785412341877685,0.9401606425702811,0.9247921183560965,0.9147861723450905,0.9192223956473661
1169,0.002151129269192892,0.011327067330116729,,False,0.9840345416206446,0.982150251577401,0.9752881934999353,0.9785412341877685,0.9401606425702811,0.9247921183560965,0.9147861723450905,0.9192223956473661
1170,0.0021505304286695884,0.011327956477097535,,False,0.9841349533085652,0.9822429966495856,0.9753815641815413,0.9786356070158981,0.9401606425702811,0.9247921183560965,0.9147861723450905,0.9192223956473661
1171,0.0021498058398633293,0.011324628708625556,,False,0.9841349533085652,0.9822432966526158,0.9753815641815413,0.9786352945306415,0.9401606425702811,0.9247921183560965,0.9147861723450905,0.9192223956473661
1172,0.0021491841005532282,0.011327643278196789,,False,0.9841349533085652,0.9822429966495856,0.9753815641815413,0.9786356070158981,0.9401606425702811,0.9247921183560965,0.9147861723450905,0.9192223956473661
1173,0.002148514905852766,0.011329686573128855,,False,0.9841349533085652,0.9822432966526158,0.9753815641815413,0.9786352945306415,0.9401606425702811,0.9247921183560965,0.9147861723450905,0.9192223956473661
1174,0.0021480401522878407,0.011325866207261589,,False,0.9840345416206446,0.9821551251353894,0.9752881934999353,0.9785435729765357,0.9401606425702811,0.9247921183560965,0.9147861723450905,0.9192223956473661
1175,0.0021471830593651413,0.01132427493849551,,False,0.9841349533085652,0.9822429966495856,0.9753815641815413,0.9786356070158981,0.9401606425702811,0.9263787244624194,0.9147861723450905,0.9198612759968595
1176,0.0021466080008397926,0.01132718842937483,,False,0.9841349533085652,0.9822432966526158,0.9753815641815413,0.9786352945306415,0.9401606425702811,0.9247921183560965,0.9147861723450905,0.9192223956473661
1177,0.002145866845268271,0.011320387936782741,,False,0.9841349533085652,0.9822432966526158,0.9753815641815413,0.9786352945306415,0.9401606425702811,0.9263787244624194,0.9147861723450905,0.9198612759968595
1178,0.0021452390815465583,0.011325514291651618,,False,0.9841349533085652,0.9822437398310697,0.9753815641815413,0.9786351278977925,0.9401606425702811,0.9247921183560965,0.9147861723450905,0.9192223956473661
1179,0.002144647556586791,0.011326085058670379,,False,0.9841349533085652,0.9822487672955851,0.9753815641815413,0.9786375052116303,0.9401606425702811,0.9247921183560965,0.9147861723450905,0.9192223956473661
1180,0.0021441106160631296,0.011328346652626787,,False,0.9840345416206446,0.982150251577401,0.9752881934999353,0.9785412341877685,0.9401606425702811,0.9247921183560965,0.9147861723450905,0.9192223956473661
1181,0.002143299073912927,0.011328580591536552,,False,0.9841349533085652,0.9822435937345664,0.9753815641815413,0.9786354789081195,0.9401606425702811,0.9247921183560965,0.9147861723450905,0.9192223956473661
1182,0.0021428406323714885,0.011328269844856641,,False,0.9841349533085652,0.9822484672925549,0.9753815641815413,0.9786378176968868,0.9397590361445783,0.924399175755846,0.9144120608598679,0.9188382441670933
1183,0.0021422442250911763,0.011328927649517727,,False,0.9841349533085652,0.9822435937345664,0.9753815641815413,0.9786354789081195,0.9397590361445783,0.924399175755846,0.9144120608598679,0.9188382441670933
1184,0.0021413524950616336,0.01131898112341599,,False,0.9841349533085652,0.9822435937345664,0.9753815641815413,0.9786354789081195,0.9397590361445783,0.9259857818621688,0.9144120608598679,0.9194771245165866
1185,0.002140733340318472,0.011324498965317132,,False,0.9841349533085652,0.9822437398310697,0.9753815641815413,0.9786351278977925,0.9397590361445783,0.924399175755846,0.9144120608598679,0.9188382441670933
1186,0.002140095646275021,0.011319042193617818,,False,0.9841349533085652,0.9822432966526158,0.9753815641815413,0.9786352945306415,0.9397590361445783,0.9259857818621688,0.9144120608598679,0.9194771245165866
1187,0.002139424158775325,0.011319080679374217,,False,0.9841349533085652,0.9822432966526158,0.9753815641815413,0.9786352945306415,0.9401606425702811,0.9263787244624194,0.9147861723450905,0.9198612759968595
1188,0.0021388641212133196,0.011318400504873915,,False,0.9841349533085652,0.9822432966526158,0.9753815641815413,0.9786352945306415,0.9401606425702811,0.9263787244624194,0.9147861723450905,0.9198612759968595
1189,0.0021382027842449932,0.01131856282189824,,False,0.9841349533085652,0.9822437398310697,0.9753815641815413,0.9786351278977925,0.9397590361445783,0.9259857818621688,0.9144120608598679,0.9194771245165866
1190,0.0021376035994421613,0.011322947107800923,,False,0.9841349533085652,0.9822435937345664,0.9753815641815413,0.9786354789081195,0.9401606425702811,0.9247921183560965,0.9147861723450905,0.9192223956473661
1191,0.0021368990311630546,0.011319520768152824,,False,0.9841349533085652,0.9822432966526158,0.9753815641815413,0.9786352945306415,0.9397590361445783,0.9259857818621688,0.9144120608598679,0.9194771245165866
1192,0.002136285247548807,0.011321070438128238,,False,0.9841349533085652,0.9822437398310697,0.9753815641815413,0.9786351278977925,0.9401606425702811,0.9263787244624194,0.9147861723450905,0.9198612759968595
1193,0.002135729495112539,0.011323904820567632,,False,0.9841349533085652,0.9822435937345664,0.9753815641815413,0.9786354789081195,0.9401606425702811,0.9247921183560965,0.9147861723450905,0.9192223956473661
1194,0.002135031328752508,0.011320931217232594,,False,0.9841349533085652,0.9822432966526158,0.9753815641815413,0.9786352945306415,0.9401606425702811,0.9263787244624194,0.9147861723450905,0.9198612759968595
1195,0.0021346376822074017,0.01131901308526253,,False,0.9841349533085652,0.9822432966526158,0.9753815641815413,0.9786352945306415,0.9401606425702811,0.9263787244624194,0.9147861723450905,0.9198612759968595
1196,0.002133839605467285,0.011323389816678643,,False,0.9841349533085652,0.9822429966495856,0.9753815641815413,0.9786356070158981,0.9401606425702811,0.9263787244624194,0.9147861723450905,0.9198612759968595
1197,0.0021331912548982496,0.011320309767954017,,False,0.9841349533085652,0.9822432966526158,0.9753815641815413,0.9786352945306415,0.9401606425702811,0.9263787244624194,0.9147861723450905,0.9198612759968595
1198,0.002132583937629763,0.011321502996763657,,False,0.9841349533085652,0.9822435937345664,0.9753815641815413,0.9786354789081195,0.9397590361445783,0.924399175755846,0.9144120608598679,0.9188382441670933
1199,0.0021319831845827714,0.011317364176848265,,False,0.9841349533085652,0.9822429966495856,0.9753815641815413,0.9786356070158981,0.9397590361445783,0.9259857818621688,0.9144120608598679,0.9194771245165866
1200,0.0021312917280249025,0.011317301321172459,,False,0.9841349533085652,0.9822432966526158,0.9753815641815413,0.9786352945306415,0.9397590361445783,0.9259857818621688,0.9144120608598679,0.9194771245165866
