epoch,mse,validation_mse,accuracy,converged,training_accuracy,training_macro_precision_present,training_macro_recall_present,training_macro_f1_present,validation_accuracy,validation_macro_precision_present,validation_macro_recall_present,validation_macro_f1_present
0,0.2838130831697086,0.28367997197010986,,False,0.09097298925594939,0.14540278948167598,0.1433892106430236,0.08290209067361118,0.09357429718875503,0.1394225348844057,0.14251404512466265,0.08555144577910714
1,0.07427405967662984,0.07419534208634217,,False,0.39522040365498545,0.3106319992151869,0.3647999149164285,0.28809921165648,0.40080321285140563,0.3271011652246172,0.370063261821228,0.2967687503768125
2,0.05068936702586501,0.05072118541207247,,False,0.6479566221508184,0.5819384695355472,0.5980929327759679,0.5489058290123421,0.6413654618473895,0.5736170950780642,0.5921051596278328,0.5419368212618713
3,0.04045791300382217,0.041001713999188186,,False,0.7079023998393413,0.6417361121143191,0.6524969270462421,0.6010399753396464,0.7072289156626506,0.7347264946659214,0.651818340103227,0.6008217019190786
4,0.035567160268148434,0.036338996995145936,,False,0.7404357867255749,0.6602424426014547,0.6829432817294344,0.6280114045478496,0.7357429718875502,0.7484780538488718,0.6785203135926727,0.6237259121357882
5,0.0338111174953374,0.034694512751125145,,False,0.7458580178732804,0.6280404420896518,0.6881143290160319,0.6316182715856826,0.7357429718875502,0.7509867930572386,0.6786676460902827,0.6233584508951014
6,0.023158195876846227,0.02381784332624953,,False,0.8755899186665328,0.8759437777744405,0.7952971617766224,0.7863176677390776,0.8710843373493976,0.8710491428646094,0.7909637327072456,0.7821338532830259
7,0.019200638225692405,0.02031839367385699,,False,0.8877397329049102,0.8887602342418053,0.8057623858154601,0.7969453837799189,0.8779116465863454,0.8787547095855781,0.7966617395180564,0.7879091253126073
8,0.017559662380006957,0.018873967143644397,,False,0.8947685510593433,0.8943934346851834,0.8122977403156717,0.8031116019363167,0.8843373493975903,0.8840538317488115,0.8025339580940122,0.7936448089268593
9,0.01652742152286088,0.017909926235649694,,False,0.8987850185761622,0.8990962332853709,0.8160639581403208,0.8072026043626628,0.8903614457831325,0.8907775818899275,0.8082332127464201,0.7994687159819426
10,0.0158700456775137,0.01732042472607325,,False,0.9037051912842655,0.9031265325932148,0.8204122307158096,0.8112936994810771,0.8903614457831325,0.8900023262600956,0.8081917759765145,0.7992899304330717
11,0.015222037876895841,0.01678871564699052,,False,0.9063158951701978,0.9065842188091062,0.8228911275791053,0.8139676931875093,0.8955823293172691,0.8959505720045193,0.8128829554596392,0.8041592314333214
12,0.01491844784533051,0.016749076519774943,,False,0.9080228938648459,0.9075108009006843,0.8245426729520378,0.8151770493960987,0.8939759036144578,0.8932888810301011,0.811664634742456,0.8024879348659958
13,0.014216377558582984,0.01606503397829171,,False,0.9126418315091877,0.9123580965504452,0.8286710580334976,0.8195110604805544,0.8963855421686747,0.8960908995719827,0.8136869080345155,0.8047860760527134
14,0.014116034275665735,0.016194835663766113,,False,0.9116377146299829,0.9121010213469255,0.8277881851326775,0.8185021014767068,0.9004016064257028,0.9004629718704464,0.817382011599558,0.8083129474646997
15,0.013455720063114166,0.01547158061636033,,False,0.9166582990260066,0.9163762822977295,0.8324877291616988,0.8232291789619661,0.9028112449799197,0.9024463263492695,0.8196689187409393,0.8107249510450781
16,0.013052111213514782,0.01539901947862041,,False,0.9181644743448137,0.9175991600107207,0.8338281224622199,0.8244578858907676,0.8995983935742972,0.8990111496876663,0.8167178271889293,0.8076128004914822
17,0.01280842145826263,0.015161629492662983,,False,0.9194698262877798,0.919223295305307,0.8350574860368022,0.825703035227727,0.9016064257028112,0.9011902658574956,0.8185843799492204,0.8095410549728724
18,0.012616764293797635,0.015154624644359023,,False,0.9205743548549051,0.9199412881697531,0.8361384648954555,0.826700257575442,0.9024096385542169,0.9017357824694281,0.8194515084828198,0.8102567658383067
19,0.012255908945725575,0.014808010743928934,,False,0.9222813535495532,0.922346757088104,0.8375915391000316,0.8283764859697751,0.9044176706827309,0.9044121105944859,0.8211947693914391,0.8122034834038566
20,0.012069995840647598,0.014783654032666549,,False,0.9233858821166784,0.9229945168822047,0.838604672377514,0.829185894289116,0.9052208835341365,0.9048639967330329,0.8219400010903013,0.8127278362160545
21,0.01192101401072405,0.014734664957135917,,False,0.9239883522442012,0.9238283889214891,0.8391336638645629,0.8297404227100249,0.908433734939759,0.908390716381752,0.8248474909702913,0.8157369415520684
22,0.01162628420923887,0.014487367112261377,,False,0.9256953509388492,0.9252103595626477,0.8407736289955456,0.8313073675009659,0.908433734939759,0.9079828755388846,0.8250304965524349,0.815748093087881
23,0.011357031126845453,0.014354070827294903,,False,0.9273019379455769,0.8985415853939761,0.843063199623953,0.834937422079432,0.9080321285140562,0.907876717057755,0.8245511276121873,0.8155219550285536
24,0.011281204933463426,0.014348873040625643,,False,0.9280048197610202,0.9045041311223633,0.8449707290706324,0.8383789662165999,0.9072289156626506,0.9176715208875047,0.8288349738282073,0.8258887887846066
25,0.010880383479254215,0.014008133974508206,,False,0.9316196405261572,0.929349378342039,0.8549807165037359,0.855250775157878,0.9124497991967871,0.9080332635295034,0.8404046417954186,0.8432711774469912
26,0.010577997536812444,0.01383660957431385,,False,0.934531579475851,0.9263009420819555,0.8668469869566986,0.8733712975660459,0.914859437751004,0.9072056074362833,0.8492876037458623,0.8561632908245522
27,0.010371501354676606,0.013744457923542617,,False,0.9350336379154534,0.9262782412798298,0.8690992651010679,0.8763814256688556,0.9136546184738956,0.9075773851966802,0.8500889585650122,0.8578109967817656
28,0.010020691904987878,0.013507572322326666,,False,0.9392509288081132,0.9316504574015045,0.8809075160897117,0.8910165893584231,0.9152610441767068,0.9087446228622073,0.8513655758500083,0.859073516675582
29,0.009810892181710086,0.013352748992414901,,False,0.9417612210061251,0.9322035205714118,0.8911450305176234,0.9021400599591676,0.9168674698795181,0.9130620507220484,0.8578793354867823,0.867696945175085
30,0.009606368276075925,0.01321673402965077,,False,0.9423636911336479,0.9367217000825647,0.8900744804258292,0.9015273815149266,0.9152610441767068,0.9107601226110523,0.8548657145447142,0.8640681851351242
31,0.009484317871904771,0.013318834947499752,,False,0.9431669846370118,0.9361049120168011,0.894998685160326,0.9064232646469623,0.914859437751004,0.9104302094902087,0.8545074090387094,0.8636185616680755
32,0.00928840552888861,0.013058116011457295,,False,0.9443719248920575,0.9382002508482591,0.9007168198325183,0.912265395608073,0.9208835341365462,0.9101654566706829,0.8667724864546963,0.876859058190985
33,0.009024753277814542,0.012907913331695529,,False,0.9462797469625465,0.942916831506738,0.9011929086718501,0.9133453149474933,0.9200803212851406,0.9165613869180166,0.8625788507935422,0.8728236224235787
34,0.008919707174825256,0.012924481162892774,,False,0.9467818054021488,0.9461638351604452,0.9017083440866133,0.914377861943762,0.9168674698795181,0.9136111084465569,0.8596774079915629,0.8698642346276388
35,0.008694403328671342,0.012887076151559582,,False,0.9477859222813535,0.9416128664028321,0.9084516519251543,0.9195944694382364,0.9192771084337349,0.9065784542633128,0.8686291511799932,0.8786637010855946
36,0.008698755322067344,0.012894279537387008,,False,0.9488904508484788,0.9396535556138595,0.9107711453435589,0.9209463037819638,0.9208835341365462,0.9042661618824811,0.873457822067726,0.8826807270896655
37,0.008398334494406929,0.012681140374108382,,False,0.9513003313585702,0.9449170881940261,0.9155089640623602,0.9259999243246229,0.9216867469879518,0.9056679022773602,0.875940394487393,0.8852077977652691
38,0.008293451193795213,0.012644317867563785,,False,0.9515011547344111,0.9482554514982873,0.9139563238942267,0.9256188432252378,0.9208835341365462,0.9050453216900256,0.87006948676895,0.8796749652639615
39,0.008575359325652824,0.012915670423037718,,False,0.949994979415604,0.9470557818232592,0.915940772898851,0.9268731234788243,0.921285140562249,0.9024577177699916,0.8738720389763932,0.8825437450895469
40,0.008087001793323991,0.01266268816673528,,False,0.9530073300532182,0.9458382323255675,0.9199885499613257,0.9297309510869736,0.9220883534136546,0.9023324193687456,0.8780368933705442,0.8862723869290646
41,0.007938450107778558,0.01261823771066834,,False,0.9534089768049001,0.9492516944158661,0.9199364171807551,0.9306505976572418,0.9204819277108434,0.9024371615233314,0.8748357054076445,0.8836413285366567
42,0.007794867272557989,0.012482889237946859,,False,0.9552163871874686,0.9516920363986626,0.922395943402276,0.9331611640951114,0.923293172690763,0.9088696055796827,0.8807546653415158,0.8901177109172066
43,0.007801737531436919,0.012544578502224126,,False,0.9542122703082638,0.9513517188867566,0.9206207005511359,0.9317307912695115,0.9216867469879518,0.9066636563003448,0.8775472122398237,0.8869775527194919
44,0.0076181692188854976,0.012440972296565085,,False,0.9559192690029119,0.9504833532143621,0.9272715397686058,0.9364230130878389,0.921285140562249,0.8969016237239446,0.8788809541397961,0.8854941630069791
45,0.007562011228758447,0.01242559811402147,,False,0.9554172105633095,0.9525546827568524,0.9230111621495648,0.9338555955219433,0.9228915662650602,0.9078018913464376,0.8786717532892059,0.8879968952380559
46,0.007412078903240161,0.012308191881547328,,False,0.9568229741941962,0.9519766966997258,0.9289742980501443,0.9381014353770623,0.9248995983935743,0.9020038547067243,0.8822620503990859,0.8893467407920976
47,0.00725761380485618,0.012297586034725331,,False,0.9585299728888442,0.9541936554537147,0.9313761123004122,0.9404795991750101,0.9240963855421687,0.9002079090673577,0.8798290618549862,0.8870014622722469
48,0.0071693536935900646,0.012305374235850566,,False,0.9579275027613214,0.9552299077887714,0.9291326000909472,0.9392070972897693,0.9236947791164659,0.9050822969101423,0.8777624113545867,0.886545732686135
49,0.00712400352977693,0.012259391884711474,,False,0.9581283261371624,0.9554089507357584,0.9284684768229686,0.9387316442146663,0.9220883534136546,0.8995445621803179,0.8761861580629676,0.8839371005264639
50,0.00699442563876486,0.012216261608597269,,False,0.9587307962646852,0.9561881623323502,0.9315155914167218,0.9412317475360731,0.921285140562249,0.8986069040494026,0.8755292821077791,0.8832839995927944
51,0.007177067833063541,0.012525815767978364,,False,0.9575258560096396,0.9552903145906186,0.9316627843330466,0.9410659017339361,0.9188755020080321,0.8990578999378064,0.8732958136241348,0.881637976778616
52,0.006888298410388895,0.012179523938859202,,False,0.9597349131438899,0.9557455552900063,0.9354090356569391,0.9437828434739388,0.9244979919678715,0.9008826884862144,0.8834833458250839,0.8899793074267147
53,0.006852124951383393,0.012198076071106302,,False,0.9609398533989356,0.9589360490317849,0.9348359941585814,0.9443799080469754,0.923293172690763,0.9025191194119608,0.8774434139497738,0.8856279744902072
54,0.006881419117728948,0.012293609695179652,,False,0.9598353248318104,0.9568617048329986,0.9351124788813419,0.9438934382349744,0.9240963855421687,0.9012594290278209,0.8781610026173995,0.8857035273452206
55,0.006668843074528653,0.012281688840091521,,False,0.9609398533989356,0.9594174725112138,0.9344085280538721,0.9442471622224051,0.9220883534136546,0.9004169500192888,0.8745966164315263,0.8827554028729702
56,0.006652966547549744,0.012169283976808823,,False,0.9617431469022995,0.9570845567700101,0.9376988858229856,0.9457017734884163,0.9248995983935743,0.8987263591005699,0.8822129176178805,0.8881886261835467
57,0.006612772878527427,0.012212119228084791,,False,0.9621447936539813,0.9590367001495336,0.9380686610635031,0.9466201061150988,0.9253012048192771,0.9004890484310286,0.8793258427248483,0.8863385843810028
58,0.006396879889535319,0.01215015480107519,,False,0.9628476754694246,0.9601706766612297,0.9382846915026875,0.9471834402246154,0.9240963855421687,0.8985387730149932,0.8799218096592205,0.8866395221636789
59,0.00635424872812029,0.012069877070749186,,False,0.9627472637815042,0.9592605317770622,0.9407067896703002,0.9484817764737588,0.9257028112449799,0.8963561530359969,0.8829766751648427,0.8881471724962571
60,0.006232142743638492,0.012058160976698167,,False,0.9640526157244703,0.9618607381285655,0.9406490614669283,0.9493466085922425,0.9265060240963855,0.9042599398149709,0.8820748911236875,0.8897207684593386
61,0.006181374355117389,0.011972170697866975,,False,0.9637513806607089,0.9618215626731556,0.9411976526842619,0.9497317438231642,0.9248995983935743,0.8970143010443535,0.8821913571540463,0.8878454915268752
62,0.0062071241717634625,0.012136460125809394,,False,0.9646550858519932,0.9603558933000852,0.9416457638310342,0.9494551614627371,0.9244979919678715,0.8973031830666233,0.8802701560991103,0.8864636353651459
63,0.006038465716208488,0.011989050460690587,,False,0.9650567326036751,0.9625073197274787,0.9440856344944238,0.9518790442691907,0.9253012048192771,0.8973667484121182,0.8825922718446192,0.8882838699535657
64,0.005994272973093538,0.011954760624302499,,False,0.9654583793553569,0.9629024862986549,0.9444480315705501,0.9522502419950035,0.9248995983935743,0.895471937435095,0.8821783225545807,0.8874016970935119
65,0.005942079717724018,0.011983821349544285,,False,0.9653579676674365,0.9611517239931366,0.9439714493779855,0.9512770150026362,0.9261044176706827,0.8953029690953114,0.8833719183903677,0.888021738723746
66,0.00586868622901524,0.0119314016919994,,False,0.9658600261070388,0.9637571903639535,0.9444080019037278,0.95252941828002,0.9265060240963855,0.9000024292728166,0.8836736669515958,0.8897924477897935
67,0.005790414298446977,0.011937134366916466,,False,0.9657596144191184,0.9629949984305881,0.9434864629162694,0.9516307513130349,0.9244979919678715,0.8956421035509001,0.8802668475553674,0.8859794059699025
68,0.005719196905792756,0.011922424718300673,,False,0.9663620845466412,0.9637178337995199,0.9457157457984684,0.9533591944488826,0.9269076305220884,0.8977942270929391,0.8823580420616856,0.8880999777740449
69,0.005654866463806687,0.011871370883496964,,False,0.9663620845466412,0.9631197014097379,0.9452932658969395,0.9528649505106377,0.9265060240963855,0.8973953398635304,0.882063066011191,0.8877888450076452
70,0.005622320141306546,0.011875651104506436,,False,0.9667637312983232,0.9645551590054809,0.9456615348149278,0.9536257434476553,0.9293172690763052,0.9040621179179775,0.8863392947960235,0.8928902759873384
71,0.00555187496125932,0.011899400689507645,,False,0.9675670248016869,0.963795415741131,0.946824055548291,0.9540943509636912,0.9281124497991968,0.9016956304067387,0.888645362224143,0.8938224722529233
72,0.0055393951858936615,0.011904625249646264,,False,0.9680690832412893,0.9634791551610147,0.9493940988365911,0.9555836675477111,0.9285140562248996,0.9002923637146214,0.8906721060642978,0.8945957824942139
73,0.005424923748749784,0.011843510162009834,,False,0.9678682598654483,0.9645656404954838,0.9470985628469327,0.9545527501360398,0.9281124497991968,0.8998725058184471,0.885226323360141,0.8908473039668267
74,0.005364082499020816,0.011781078730826504,,False,0.9679686715533689,0.9642498999000649,0.9480126959162251,0.9550222569367364,0.9289156626506024,0.9015237398619631,0.8876566378382831,0.8930766522899246
75,0.005356681965247525,0.011917672264749428,,False,0.9681694949292098,0.9634280980439576,0.9478026635731214,0.9545659715670891,0.9273092369477912,0.9009321767117261,0.8878164878468862,0.8930153683778248
76,0.005271773101321793,0.011799028179266412,,False,0.9689727884325735,0.9647484348305642,0.9493727114718822,0.9560679954331412,0.9301204819277108,0.903655514807077,0.8904307784621115,0.8956932583715042
77,0.005268014347094931,0.011825939146100972,,False,0.969274023496335,0.9660336605656852,0.9496254592950698,0.9567184808079156,0.9293172690763052,0.9028898657510346,0.8897236140267926,0.8950084818008701
78,0.005180248580985315,0.01179497054737389,,False,0.9697760819359373,0.9675373180114722,0.9500939207524619,0.9575670488841143,0.9281124497991968,0.9009249274956626,0.8868217812574791,0.8923044689837624
79,0.005131154834092843,0.011820005668234719,,False,0.9698764936238579,0.9665801587707661,0.9506109253610077,0.9575429372623625,0.929718875502008,0.903816738505708,0.8884367026097212,0.8943733080645418
80,0.005097351534146417,0.011823812199358581,,False,0.9699769053117783,0.9676674831294102,0.9502872111647164,0.9577326212093163,0.929718875502008,0.9023501987935487,0.8883392325111271,0.8938225049093678
81,0.005109274049191462,0.011873969796056537,,False,0.9703785520634601,0.9657852351242497,0.9527578167302089,0.9585431582956568,0.9293172690763052,0.8999481175401437,0.8913859987892432,0.8949361694033838
82,0.004984173956412468,0.01179688828085167,,False,0.9710814338789036,0.967258166575841,0.9530029140809427,0.9592721496516133,0.9285140562248996,0.8983787174079905,0.8873669748361921,0.8918295665601098
83,0.0049468097547739585,0.011695525987862667,,False,0.971181845566824,0.9673732663914407,0.9526456070993576,0.9591083951453151,0.9293172690763052,0.9013624413653952,0.88968285539188,0.8944341200025911
84,0.004925027878496389,0.011757459541690364,,False,0.9720855507581082,0.9678216389029729,0.9547631905160393,0.9605828009925518,0.929718875502008,0.9004592253626374,0.8900800631711275,0.8943893180333737
85,0.004892557259054976,0.011803266285453674,,False,0.9717843156943469,0.9674545342852969,0.9540738220351042,0.9600125695347865,0.9273092369477912,0.8982849277535997,0.8879299535271141,0.8921665053445476
86,0.004798344892597321,0.011646347458671784,,False,0.9718847273822673,0.9684807757487877,0.9528862115606285,0.9596810674267524,0.9301204819277108,0.9021261091858468,0.8904374843809078,0.8952003319424726
87,0.004831596746136445,0.011750483451317371,,False,0.9718847273822673,0.9700329199533382,0.9533149488327134,0.9605461785698702,0.9293172690763052,0.903377488157705,0.8880248751542644,0.8939520508208132
88,0.004734076312671404,0.011675607501478977,,False,0.9722863741339491,0.9683917952035804,0.9541202543533746,0.9604088076795182,0.9305220883534137,0.9038212079262503,0.8908422679229305,0.8960162196357246
89,0.004799363436065133,0.011668479646485095,,False,0.9717843156943469,0.9685253709376147,0.9531931314050662,0.9598922426167492,0.9305220883534137,0.9040626304977057,0.8907962466618324,0.8961061593603383
90,0.004641179690432149,0.011634585317608397,,False,0.9727884325735515,0.9689668250302215,0.955397194294946,0.9614209758771133,0.929718875502008,0.9017796455142503,0.8900697704317834,0.894845579859517
91,0.004655999480527021,0.011737693568286746,,False,0.9725876091977106,0.9691544847773663,0.9548095166959598,0.9611371598989713,0.9289156626506024,0.9015424960360782,0.8877678895267649,0.8931786497026312
92,0.004638191006268951,0.011563894883882769,,False,0.9726880208856311,0.9693683815448545,0.9544644487949702,0.9609931085948529,0.9321285140562249,0.9062713616877625,0.8939762027687088,0.8990021323821941
93,0.004538218594702983,0.011633152439642965,,False,0.9732904910131539,0.9685538456544547,0.9567075570024092,0.9620385982726953,0.9289156626506024,0.8993469711948963,0.8910223773151338,0.8945526525270745
94,0.004539521661194964,0.01161438096888577,,False,0.9736921377648359,0.9703469319565892,0.9570811572710208,0.9629855159030352,0.929718875502008,0.902709269537817,0.891763564854629,0.8962461477101122
95,0.004455293635626732,0.011602639293248077,,False,0.9733909027010744,0.9695361721866423,0.9559593540055992,0.9619882595711788,0.9301204819277108,0.9020805441352877,0.8904374758984235,0.8951905042521131
96,0.004432618710088525,0.011546462017152261,,False,0.9739933728285972,0.9716172129843854,0.9573432182490367,0.9636568427702183,0.9305220883534137,0.9047208175541219,0.8925188402209927,0.8975168333629446
97,0.004442479431604069,0.011651509066712211,,False,0.9739933728285972,0.969283936161657,0.9577687545009128,0.962977478949507,0.9285140562248996,0.8990925872814558,0.8906328224796533,0.8942155992354791
98,0.00435087369075076,0.011625889613408564,,False,0.9741941962044381,0.970841579693814,0.9579634396809209,0.963726624490217,0.9289156626506024,0.9006065881955245,0.8910389819271001,0.8950533644023247
99,0.004331957290306464,0.011527452509072904,,False,0.9740937845165177,0.9693722475123359,0.9578546985298936,0.9630608315115706,0.929718875502008,0.9012996701779836,0.891762947341812,0.8958003035760616
100,0.004292928588941767,0.011560792897407357,,False,0.9742946078923587,0.9709279643088945,0.9580641776306675,0.9638186061843927,0.9289156626506024,0.899647081649507,0.8893723584039829,0.8936142663171991
101,0.004240644965886061,0.011552601356736938,,False,0.9746962546440405,0.9699406210633926,0.9588444503524587,0.9638850071439768,0.9305220883534137,0.9020586371513125,0.8925264075012836,0.896545369069566
102,0.0042514084996059225,0.011662831668725858,,False,0.9745958429561201,0.9702888467749192,0.9587347802194984,0.9639622307692837,0.9293172690763052,0.9023032438554611,0.8914128957335756,0.8959254157718858
103,0.004227463694365348,0.011674897764231688,,False,0.9750979013957225,0.9698323491969464,0.9596520029218562,0.9643019407196258,0.929718875502008,0.9021802277318162,0.8934917237933548,0.897208474085834
104,0.004180867859025703,0.011621793259949366,,False,0.9751983130836429,0.9708524433445738,0.9597309121734556,0.9647803198985208,0.9301204819277108,0.9038433767657439,0.8938734195238371,0.8980628975985439
105,0.004125020129416352,0.01148789172274362,,False,0.9751983130836429,0.9727819702012253,0.9592941023486168,0.9653080798265622,0.9309236947791165,0.9073533112220097,0.8911514831513634,0.8974602809147467
106,0.0041615002417308014,0.011558989926280135,,False,0.9754995481474044,0.9716490503551606,0.9604161699735899,0.9655101395108829,0.9289156626506024,0.901350106375524,0.8928270086178374,0.8964380823937395
107,0.00409963621835917,0.01159510969929319,,False,0.9752987247715634,0.9709945376361397,0.9602353937343481,0.965137544441514,0.9301204819277108,0.9037727901036252,0.8939242389489659,0.8980762632450765
108,0.004052829432162642,0.011498170578902697,,False,0.9754995481474044,0.9726084366984608,0.9599927971549237,0.9656557372679322,0.929718875502008,0.903975826634627,0.891756429307958,0.8967477354164431
109,0.004069736229903145,0.01157437327221085,,False,0.9757003715232453,0.9727486173872705,0.9601906875345185,0.9658364017608153,0.9293172690763052,0.9027663982682798,0.8898026065929349,0.8950102432826239
110,0.0039964952645799865,0.011494001115957412,,False,0.9763028416507682,0.9724176580148693,0.9615946168626535,0.9665253283619756,0.9301204819277108,0.905117015605463,0.8939326324160286,0.8985680170607656
111,0.003976503037472122,0.011548737133712218,,False,0.9761020182749272,0.9722407238726514,0.9618155935466169,0.9665753632545727,0.9309236947791165,0.9044885305296115,0.8946546960457362,0.8988092889695065
112,0.003931773567784426,0.011480981441688786,,False,0.9764032533386886,0.9735141566737349,0.9620736768373249,0.9672695409394088,0.9309236947791165,0.9032967669506416,0.8945255304318008,0.898254594712308
113,0.0038948946625445417,0.011430778548994332,,False,0.9765036650266091,0.9718171679946414,0.9630217780828523,0.9670951077612333,0.9325301204819277,0.9055565334476804,0.8977576564217775,0.9011605954605941
114,0.003874756157721204,0.011410104607894335,,False,0.9770057234662115,0.9735657587442166,0.9626475798957416,0.9676184223437782,0.9309236947791165,0.9053084784220687,0.896338197729238,0.9001891675075763
115,0.003849417808871922,0.01144287915964065,,False,0.9766040767145295,0.9736820275747464,0.9622723795867894,0.9674553300625325,0.9321285140562249,0.9092140447119917,0.8972921037753382,0.9022644229845815
116,0.003847741256435657,0.011483630709858457,,False,0.9770057234662115,0.9722586651277229,0.9634746930742756,0.9675407494303749,0.9309236947791165,0.9028946152436372,0.8963094936432261,0.899222553843323
117,0.003810421059762189,0.01144949659480436,,False,0.9772065468420524,0.9737726366661248,0.9632521527049077,0.9680542048148069,0.9309236947791165,0.9041158989051831,0.8962515352543602,0.8996780118094541
118,0.003783884506483447,0.011436380446098793,,False,0.9774073702178934,0.9735156653465266,0.9638570369634518,0.9683014306573224,0.9313253012048193,0.9031968000139344,0.8966365977558127,0.8995138016857719
119,0.0037971068684081923,0.011413481021907142,,False,0.9776081935937343,0.9737205008834395,0.9640236339149637,0.9684806401234363,0.9313253012048193,0.9032131047361225,0.8966416338387323,0.8995684594195712
120,0.0037369661524675837,0.011423330864545748,,False,0.9776081935937343,0.9732947670453961,0.9644550780661186,0.9685470461669963,0.9309236947791165,0.9028527371539029,0.8963080490392947,0.8991937364201951
121,0.003688048461127543,0.011408634431179301,,False,0.9775077819058139,0.9740725216667312,0.9639391630506147,0.9685862333146967,0.9309236947791165,0.9045174940846282,0.8945780637569918,0.8987517805021158
122,0.003663753187758893,0.011373994916462122,,False,0.9776081935937343,0.9737317874662362,0.9644525780223648,0.9687370748940717,0.9313253012048193,0.9056647327682842,0.8966119427368398,0.9004857613627215
123,0.00366995509449503,0.011413223077330783,,False,0.9782106637212572,0.9743176500826092,0.9649987544597476,0.9692975361600682,0.9325301204819277,0.9067571081444482,0.8976789501167342,0.901574410625657
124,0.003681873545572772,0.011462971657805408,,False,0.9780098403454162,0.9750305552401198,0.964818966586923,0.9695062208171318,0.9301204819277108,0.9039581832951556,0.8938920849412312,0.8981349569787463
125,0.0036173193687620195,0.011448992286820064,,False,0.9779094286574957,0.9735327545594527,0.9647466783349513,0.968816615553832,0.929718875502008,0.9029956560659441,0.8952790065437303,0.898614166731378
126,0.0036129079079491528,0.011462675155141771,,False,0.9781102520333367,0.973742232868008,0.964925513166428,0.9690124610974988,0.9309236947791165,0.9041900734753159,0.8962972731732353,0.8997113861885874
127,0.00356026999555572,0.011414415900223894,,False,0.9787127221608595,0.9743299654957824,0.9659009632428585,0.9698146673941513,0.9329317269076305,0.9046938906190722,0.8981139078873651,0.9010072717154402
128,0.00353318818717081,0.011383023317185452,,False,0.9784114870970981,0.9744900394463536,0.965616860647112,0.9697253033221731,0.9337349397590361,0.907878114667278,0.898818989823901,0.9027017336268912
129,0.003540025302202358,0.01139007184517672,,False,0.9789135455367005,0.9744992583185004,0.9660789924213378,0.9699839529360301,0.9337349397590361,0.9079369963675733,0.8988305379709133,0.9027108663420742
130,0.0034940401022577334,0.011381183469928178,,False,0.97881313384878,0.9744624862787177,0.9664002932772946,0.970152290776745,0.9329317269076305,0.9071771346819342,0.898053430200678,0.9019616268571417
131,0.0034633231807137854,0.011353867735989004,,False,0.9785118987850185,0.9750749557406664,0.9661415961528704,0.9702817263567791,0.9333333333333333,0.9063261362553323,0.8984275416859006,0.9018779675385807
132,0.003523618818727777,0.011376088211226862,,False,0.9790139572246209,0.9752030670703316,0.967419191039975,0.9710539367204856,0.9325301204819277,0.9055597828191184,0.8976751490594488,0.9010919083882966
133,0.003425248148389046,0.011336807722866419,,False,0.9790139572246209,0.9747224061261499,0.9674243588174891,0.9708483103678258,0.9325301204819277,0.9043036929750308,0.8977054865386772,0.9006106073154113
134,0.00341379999685018,0.011350911984278147,,False,0.9789135455367005,0.9754760798736662,0.9669123260473919,0.9708922164676697,0.9325301204819277,0.9060510933222705,0.8959995917374434,0.9002332882666219
135,0.0033801236666274057,0.011401423381648833,,False,0.9793151922883824,0.9750475704936132,0.9685527390806055,0.9716198886657599,0.9337349397590361,0.9054020631961266,0.8988074416768888,0.9017098204878694
136,0.0033774964014315146,0.011395123234094855,,False,0.9796164273521438,0.9757724738845095,0.9688129910157929,0.9720826046670291,0.9321285140562249,0.9052343630108505,0.8972923688412718,0.9006837186379852
137,0.003388715843996212,0.011426817797163697,,False,0.9792147806004619,0.9758009662862018,0.9680323333334072,0.9716655035825698,0.9317269076305221,0.9040427876928037,0.8952718600997258,0.8990348748329454
138,0.003339468995948953,0.011435616832387259,,False,0.9795160156642233,0.9760992688213697,0.9687268860136782,0.9721831350353222,0.9337349397590361,0.906642880286436,0.898794609257689,0.9022044486078727
139,0.003309885537045575,0.01135458572487557,,False,0.9794156039763029,0.9751087127291892,0.9682135677114734,0.9714568212864163,0.9321285140562249,0.9039267834531434,0.8973275918654805,0.9002590277652749
140,0.003306066861631607,0.011418628855356959,,False,0.9797168390400642,0.9763003130423709,0.9689063616973989,0.9723747085516621,0.9317269076305221,0.9040415079379878,0.8952041014850588,0.8989448284808724
141,0.0033107367405772014,0.011423147896226614,,False,0.9796164273521438,0.9753606621921708,0.9688129910157929,0.971897919355037,0.9329317269076305,0.9063718990339414,0.9013382957084164,0.9036049968499297
142,0.003269116352385006,0.011353180474416354,,False,0.9795160156642233,0.9765288788413949,0.9683086970874246,0.9721394543821246,0.9325301204819277,0.9056098787039141,0.8976913902293246,0.9011565984644494
143,0.0032750508426068656,0.011379847038462204,,False,0.9795160156642233,0.9765637363183579,0.9687238417872253,0.9723925351318687,0.9329317269076305,0.9060953172774008,0.8980193947899734,0.9015102088486956
144,0.003270981195463062,0.01140531468064001,,False,0.9800180741038257,0.9761235490389735,0.9691839325866458,0.972443836321829,0.9337349397590361,0.9082112266292728,0.9021668607986323,0.9048483552026814
145,0.0032130674970832435,0.011338850900490792,,False,0.9798172507279848,0.9759528292035436,0.9690014126764722,0.9722675100588012,0.9325301204819277,0.9063720163307613,0.89936154802632,0.9024721031915602
146,0.003218256619308533,0.011456853761830777,,False,0.9799176624159052,0.9760946873748038,0.9699298756784778,0.972850878280306,0.9329317269076305,0.9063686405685546,0.9013965967503607,0.9036224618098829
147,0.0031912463705422085,0.011388607398111724,,False,0.9802188974796666,0.97767259475695,0.9702126927421166,0.9737144213416408,0.9317269076305221,0.9055969737923708,0.8986260429470799,0.9017139562836386
148,0.0031661019732989815,0.011344254926788594,,False,0.9803193091675871,0.976464834051792,0.9703091076501755,0.9732197227502755,0.9325301204819277,0.9059324063109199,0.9010232944869411,0.9032371553703835
149,0.0031590122692908115,0.011291866351736266,,False,0.9802188974796666,0.9768244215682219,0.9702126927421166,0.9733288113962514,0.9333333333333333,0.9066551563471982,0.9017708023815432,0.9039785506810958
150,0.0031513649940493288,0.011352822911090634,,False,0.9804197208555075,0.9765668761849674,0.9708193033290495,0.973545065369182,0.9317269076305221,0.904048755595015,0.9003211988231042,0.9019985681701199
151,0.003116566232474837,0.011356569535101939,,False,0.9804197208555075,0.9765508862915971,0.9704006412405582,0.9733115468662147,0.9325301204819277,0.9059295879767851,0.9010207751891198,0.9032300395424926
152,0.003110791923154285,0.01138541730234415,,False,0.9805201325434281,0.9766666939655738,0.9709144327050008,0.9736453035313843,0.9321285140562249,0.905563071547783,0.900683656115804,0.9028915035027545
153,0.003122049853264735,0.01136915820619712,,False,0.980720955919269,0.976446438083692,0.9715115598491484,0.973866498292408,0.9325301204819277,0.9071058147591656,0.9010502978837616,0.9037388984171592
154,0.003102215112934344,0.011358280745419575,,False,0.980720955919269,0.9786017280174415,0.9706757011898007,0.9743791918214895,0.934136546184739,0.9079843430395736,0.900829108263077,0.9038899371914151
155,0.0031753667421026014,0.011439931447804764,,False,0.980720955919269,0.9781891797144282,0.9706760959551607,0.9741881223313101,0.9333333333333333,0.9056119502138318,0.9017040043397494,0.9034166760945198
156,0.003059517627713084,0.01132799802496807,,False,0.9809217792951099,0.9779489901664231,0.9717043829483936,0.9746602010616997,0.9333333333333333,0.9071108995657996,0.9000809803429348,0.9031719983911911
157,0.003042040003554684,0.011361411349422349,,False,0.9811226026709509,0.9776709290959408,0.9718911243116055,0.9746386740724863,0.9333333333333333,0.9067456373563189,0.9017842438310757,0.9039959875845527
158,0.0030363302486688267,0.011316534333002889,,False,0.9812230143588714,0.9777779032633259,0.971983604226464,0.9747338374846031,0.934136546184739,0.907405982577978,0.902494759313771,0.904686429520968
159,0.003023035905258176,0.011389246618361168,,False,0.9812230143588714,0.9782132549775552,0.9719797219810573,0.9749312181167391,0.9329317269076305,0.9068540333493402,0.899701100733981,0.9027942610439587
160,0.003004633579588824,0.011367262948042361,,False,0.9815242494226328,0.9780557172561445,0.9722498363090352,0.9750078553394036,0.9325301204819277,0.9059585249331616,0.9010092270421074,0.9032215016751893
161,0.0029935876001391283,0.011336047382426509,,False,0.9813234260467918,0.9778592202525093,0.9720673163988616,0.9748190167735211,0.9329317269076305,0.9052055474702796,0.9013961505644951,0.9031108495262787
162,0.0029813628777068286,0.01130276669068428,,False,0.9814238377347123,0.9784119684437069,0.9721555193029534,0.9751199802378517,0.9337349397590361,0.90523588671009,0.9003991387570829,0.9025507328738388
163,0.0029919056324244483,0.011321466217307074,,False,0.9813234260467918,0.9783196349331781,0.9720626217835853,0.9750206639731296,0.9333333333333333,0.9066885459069296,0.901741929888281,0.9039423961256419
164,0.002949931003998161,0.011313670767705123,,False,0.9813234260467918,0.9783105821656211,0.9720668432366237,0.975025265949179,0.9313253012048193,0.902971181740074,0.8982225148127257,0.9003443734098531
165,0.002958943146347164,0.011296473532501275,,False,0.9816246611105532,0.9781496165361135,0.9723432069906411,0.975100795275402,0.936144578313253,0.9112503248469884,0.9060641582408563,0.9083748343431952
166,0.0029669245345255173,0.011286995099491291,,False,0.9811226026709509,0.9781365803364724,0.9718801018734118,0.9748403979803827,0.9337349397590361,0.9059554222868871,0.902074341119482,0.9038138764775986
167,0.002939939558497131,0.011328664903093097,,False,0.9816246611105532,0.9781255025726789,0.972347712745749,0.9750904422003391,0.934136546184739,0.9071627895756443,0.9042154451181657,0.9054737438681794
168,0.0029050241057041607,0.011269871033647362,,False,0.9814238377347123,0.9784081104733716,0.9721606870804675,0.9751207799915927,0.9337349397590361,0.9060519250102104,0.9020978861120954,0.9038433106240736
169,0.0029236667574374345,0.011306258998082094,,False,0.9817250727984738,0.9782353816652777,0.9724383363665924,0.9751901663512148,0.9345381526104418,0.9078823060623448,0.9028771786025804,0.9050671581743652
170,0.002900469935345087,0.011318698832936992,,False,0.9814238377347123,0.9788538085173393,0.9721555193029534,0.9753184639252728,0.9325301204819277,0.9044841176153674,0.8976227107845608,0.9006160768922751
171,0.0028686844827604044,0.01127151715606208,,False,0.9815242494226328,0.9785107811457596,0.9722493631467972,0.9752152462352573,0.9337349397590361,0.9043831403342334,0.8987021956240488,0.9012016392180612
172,0.0028551959966123556,0.011305142763357819,,False,0.9815242494226328,0.9776513942984855,0.9722493631467972,0.9748241236819563,0.9329317269076305,0.9052584540545533,0.9013446160635232,0.9030822906886092
173,0.002855364240849726,0.011332293219037344,,False,0.9817250727984738,0.9782415460982771,0.9724340685924919,0.9751950200229295,0.9333333333333333,0.9057327684470255,0.9016880554919458,0.9034377716567847
174,0.002841691364118109,0.011292271162148771,,False,0.9819258961743147,0.978867000812831,0.9726251570568069,0.97558453367984,0.9337349397590361,0.9076268939572496,0.9055125551286207,0.9063748619047719
175,0.002814519337057731,0.011270631912725213,,False,0.9818254844863942,0.9792335202841708,0.9729460220355867,0.975925245224272,0.934136546184739,0.90719921950477,0.9041377343114875,0.9054769549515161
176,0.0028301946131611454,0.011268654392507592,,False,0.9818254844863942,0.9792241417913206,0.972947780729932,0.9759175956796666,0.934136546184739,0.9090370001825571,0.905854435832095,0.9072069237520589
177,0.002804454579064355,0.011291382514240807,,False,0.9819258961743147,0.9789109773746417,0.9734581341326864,0.9760556019637934,0.9345381526104418,0.9082898731000824,0.9061844253285007,0.9070498128279131
178,0.00278201740374603,0.011251914424338774,,False,0.9823275429259966,0.9792863137004245,0.9738325631835861,0.9764322311154829,0.934136546184739,0.9080126638255125,0.9058032818293944,0.9066948943745687
179,0.002769646499884374,0.011266110242017834,,False,0.9819258961743147,0.9793590459443364,0.9734581341326864,0.9762629830334121,0.9337349397590361,0.9069521355514275,0.9037386247472359,0.9051040420818216
180,0.0027627404952074368,0.011225274944524391,,False,0.9824279546139171,0.9802700230189253,0.9739276925595374,0.9769321689795911,0.9337349397590361,0.9069098696653239,0.9037456686606701,0.9050838389443534
181,0.0027454862669119614,0.011198190817328901,,False,0.9821267195501556,0.9791090602794044,0.9736453486581362,0.9762499381119745,0.9337349397590361,0.9068315611488009,0.9037489174865798,0.9051066122971627
182,0.0027344777078388755,0.011186803012354881,,False,0.9823275429259966,0.9788724390413827,0.9738338487156936,0.9762408246212616,0.9349397590361446,0.9087020224115157,0.9065655807271575,0.9074229669864179
183,0.0027455107632379802,0.011184918998036773,,False,0.9824279546139171,0.9803117629517697,0.9743458021587883,0.9771802644245514,0.9345381526104418,0.906448495004412,0.9044964194114207,0.9053192589592675
184,0.002714684845219988,0.011191571036777618,,False,0.9822271312380761,0.979652770621769,0.9737387193397422,0.9765506638543895,0.9333333333333333,0.9064859488313611,0.9033702932852946,0.9047203796395584
185,0.002703174077442408,0.011185575948324944,,False,0.9824279546139171,0.979025702206137,0.9747639910850417,0.9768105569761558,0.9353413654618474,0.9096792415215899,0.9086371756772397,0.909011264225279
186,0.0026918054147985256,0.011149682928180632,,False,0.9825283663018375,0.979529690208953,0.9748579142558881,0.9770964160688985,0.9357429718875502,0.9097137593153239,0.9056431225337503,0.907436104886957
187,0.0026829386320088,0.011172537918542714,,False,0.982628777989758,0.980477800399141,0.9749486172037339,0.9775854263658523,0.934136546184739,0.9084282991367538,0.9041529715005141,0.9060077383466216
188,0.0026764448214396546,0.011228134363703991,,False,0.982628777989758,0.9800629514332913,0.974948538806856,0.9773942264840072,0.9329317269076305,0.906918104094977,0.90470006280103,0.9056095614569846
189,0.0026701968402648765,0.011126087063074138,,False,0.982628777989758,0.98052034101064,0.9749511272136137,0.9776048344729473,0.9345381526104418,0.9075255850355547,0.9044964194114207,0.9058274230241086
190,0.0026579154357138494,0.011137682876980264,,False,0.982628777989758,0.980499920404132,0.9749484594798535,0.9775927545971714,0.934136546184739,0.9082859154644822,0.9041433132389556,0.9059598010819955
191,0.002645781438853903,0.011185066284212432,,False,0.9828296013655989,0.9806655876184875,0.975138421066066,0.9777746073671558,0.9349397590361446,0.9097650748982249,0.9065694674479187,0.907945890899209
192,0.0026585125926780243,0.01120665439130909,,False,0.9827291896776785,0.9797175879561034,0.975044577222222,0.97728221651043,0.9357429718875502,0.9105117325203221,0.907301343202978,0.9086506208547005
193,0.002622949254071423,0.011167690662642482,,False,0.9828296013655989,0.9802343167133993,0.9751357533323058,0.9775728611715883,0.934136546184739,0.9083218665725349,0.9041465739644158,0.9059798570201464
194,0.0026130911159523737,0.011181701465683641,,False,0.9829300130535195,0.9807572610856793,0.9752291240139118,0.9778652365284332,0.9329317269076305,0.9061668995120975,0.9030356935098003,0.9043811250896776
195,0.0026228268806028844,0.01121977986823905,,False,0.9828296013655989,0.980664840701468,0.975138421066066,0.9777737977661862,0.934136546184739,0.9091076469119622,0.9058696730211214,0.9072432489529826
196,0.002595876529517634,0.01116664417560706,,False,0.9829300130535195,0.9807568087375655,0.9752291240139118,0.9778641719968518,0.934136546184739,0.9083352984255291,0.9041453185567472,0.9059683532900037
197,0.002595837490996911,0.011119765790691384,,False,0.9828296013655989,0.9806834310662703,0.975138421066066,0.9777796177959481,0.9353413654618474,0.9093122032625627,0.9052182001058833,0.9070204643659133
198,0.0025869870571548423,0.011195449099404056,,False,0.9829300130535195,0.9807564321712674,0.9752291240139118,0.9778658475575729,0.9353413654618474,0.9102627623705027,0.906882724165249,0.9083109198549842
199,0.0025717926050485246,0.011130959431128195,,False,0.9830304247414399,0.9804053407351344,0.9753230471847579,0.9777516597158107,0.9349397590361446,0.9096750137377779,0.906564574233585,0.9079348972522783
200,0.002562417446268624,0.011114089362318023,,False,0.9829300130535195,0.9807527178240458,0.9752291240139118,0.9778623591356488,0.9345381526104418,0.9086249375794034,0.9044865732649201,0.906321676868888
201,0.0025537295930277994,0.01110639441525176,,False,0.9830304247414399,0.9808597970413254,0.9753230471847579,0.9779629763627784,0.9345381526104418,0.908725854826091,0.9044750251179079,0.906317552465419
202,0.0025456116458585126,0.01109732449227562,,False,0.9830304247414399,0.9808671438355651,0.9753230471847579,0.9779653497633062,0.9353413654618474,0.9093185766348092,0.9052296625894198,0.9070612487922582
203,0.0025454352899618128,0.01108855437762115,,False,0.9829300130535195,0.9807680485304976,0.9752291240139118,0.9778689963784404,0.9357429718875502,0.9096725963487126,0.905546642776891,0.907372764508977
204,0.0025407774993145213,0.011131120528866245,,False,0.9831308364293604,0.9805007905568295,0.9754169703556043,0.9778450066407883,0.9357429718875502,0.9105578352552156,0.9073076550756003,0.908682195924427
205,0.0025260963761508355,0.011120462746697188,,False,0.9831308364293604,0.9809524780928043,0.9754117232510876,0.978053821918607,0.9349397590361446,0.9090104112952252,0.9049038342665363,0.9067329931373869
206,0.002517325076436318,0.011091386576153786,,False,0.9831308364293604,0.980532104597548,0.9754117232510876,0.9778569133254675,0.9369477911646586,0.9115937221693322,0.9083550066963659,0.9097308855681292
207,0.0025084851191415985,0.011092305927515885,,False,0.9831308364293604,0.9809583737788571,0.9754117232510876,0.9780558170810816,0.9357429718875502,0.9105527559881553,0.9073329360898748,0.9087069443901756
208,0.0025004235575584385,0.011081531847029865,,False,0.9833316598052013,0.9811599640238874,0.9760176791920312,0.97847371085126,0.9353413654618474,0.9093983845229526,0.9052765868113032,0.9070734595953027
209,0.00249600829176266,0.011091971872920306,,False,0.9833316598052013,0.9811602629960503,0.9760176791920312,0.9784743704732222,0.9353413654618474,0.9094064972256994,0.9052728036233292,0.907118072646417
210,0.00248631082244278,0.01107978418979746,,False,0.9834320714931218,0.9808185265035729,0.9765297119621285,0.9785890863378166,0.9349397590361446,0.9097631742970673,0.9066051009193701,0.9079523882918313
211,0.0024893296410842367,0.011101148829418048,,False,0.9833316598052013,0.9807459394000365,0.9764357887912821,0.9785046519569354,0.9353413654618474,0.908662516747244,0.9086595484129371,0.9085446467836612
212,0.002471312951928396,0.01105215715057267,,False,0.9833316598052013,0.9811784563187922,0.9764357887912821,0.9787077111636039,0.9353413654618474,0.9089679916653952,0.9069119003827686,0.907795004985793
213,0.0024642094840515677,0.011052611087949303,,False,0.9835324831810422,0.9818118791175361,0.9766204149099743,0.9790989808559334,0.9357429718875502,0.9097143934242504,0.9055903241426257,0.9074415347969437
214,0.002454718228140497,0.01105010564527101,,False,0.9834320714931218,0.98169550180005,0.976526491739128,0.9789958273352253,0.936144578313253,0.9101725231514016,0.9059590105641733,0.9078212976961473
215,0.0024484656844149816,0.011080905435974215,,False,0.9836328948689628,0.9814560159208455,0.9767143380808204,0.9789842432706595,0.9353413654618474,0.909053806323549,0.9069766931067712,0.907827234766925
216,0.002444867671864071,0.011085123267774142,,False,0.9835324831810422,0.9809204099719945,0.9766236351329748,0.978686085848072,0.9357429718875502,0.9093442587585131,0.9073584745007293,0.9081785758872224
217,0.0024337233058457667,0.011051105760783704,,False,0.9835324831810422,0.9822521981403016,0.9766204149099743,0.9793033287198575,0.9353413654618474,0.9083075808873404,0.9052740675134818,0.906598673926928
218,0.0024500005771897373,0.011019190489451821,,False,0.9835324831810422,0.9818251361983926,0.9766204149099743,0.9791055317266635,0.936144578313253,0.9100756750279948,0.9059897251246068,0.9078282701965771
219,0.0024206980215508837,0.011014169476797538,,False,0.9836328948689628,0.9818749701373933,0.9767143380808204,0.9791789994127448,0.9353413654618474,0.9082660180269296,0.9053008613320048,0.9066030422098407
220,0.0024269669414535952,0.011063333765121669,,False,0.9837333065568832,0.981959975300184,0.9767967647211108,0.9792661959777793,0.9381526104417671,0.9126463894744646,0.9094622672136276,0.9108747620541882
221,0.002407960846184898,0.011046553579732886,,False,0.9837333065568832,0.9819951851766088,0.9768030141471501,0.9792825910343529,0.936144578313253,0.9090345958185178,0.9059973865508579,0.9073140224113584
222,0.002398057933048415,0.011061521766755197,,False,0.9837333065568832,0.9819888814949093,0.9768030141471501,0.9792794159974293,0.9345381526104418,0.9076078279201999,0.9045437045626716,0.905875898386776
223,0.0023991917213986727,0.01100425922475007,,False,0.9838337182448037,0.9825012929339445,0.9768854407874404,0.9795609196441577,0.936144578313253,0.9089566675024224,0.9060034239707195,0.9073013265242363
224,0.002393467497300761,0.011053003764734035,,False,0.9837333065568832,0.9824236273487976,0.9768030141471501,0.9794811468611684,0.936144578313253,0.9101579113059862,0.9060401589860463,0.9078744424667801
225,0.002385464022706702,0.01106676952362453,,False,0.9837333065568832,0.9819875251392409,0.9768030141471501,0.9792792203901475,0.9349397590361446,0.9069418099397729,0.9049081493038516,0.905741705749615
226,0.0023744134416673053,0.011024694375544741,,False,0.9837333065568832,0.9815340195448792,0.9768030141471501,0.9790670728205284,0.9369477911646586,0.9104044838309614,0.9083907437006045,0.9092583668324965
227,0.0023728025388513275,0.011080268376924678,,False,0.9837333065568832,0.9824256032987808,0.9768030141471501,0.9794819719422545,0.9357429718875502,0.9087464722476566,0.9056551168666283,0.906971932591043
228,0.002358943244669086,0.011028343213460325,,False,0.9837333065568832,0.9824420147344592,0.9768030141471501,0.9794881152445379,0.9353413654618474,0.9083216449254855,0.9053008613320048,0.9066034189627827
229,0.00235527916182785,0.011025524915638137,,False,0.9837333065568832,0.9820052269292765,0.9768030141471501,0.9792857823535555,0.9357429718875502,0.9073453212014702,0.907355955202908,0.9072405024618975
230,0.0023476276726968606,0.011022966051753942,,False,0.9838337182448037,0.982553753392406,0.9773150469172474,0.9798161095237153,0.9369477911646586,0.9097541893490738,0.9067325230313771,0.9080588948419125
231,0.002344037126353177,0.0110293346755039,,False,0.9837333065568832,0.9824466896620174,0.9768030141471501,0.9794917179202854,0.936144578313253,0.90907271069392,0.9059982733598057,0.907317992863641
232,0.0023382832341944295,0.011028640499984385,,False,0.9837333065568832,0.9824568939009394,0.9768030141471501,0.9794942457435898,0.9353413654618474,0.9083072439969102,0.9053008613320048,0.9065938478627307
233,0.0023291828542077275,0.011010213431933816,,False,0.9838337182448037,0.9816488273148154,0.9773150469172474,0.9793947604787283,0.9369477911646586,0.909765567749134,0.9067516469411648,0.9080675221464882
234,0.0023272516676922424,0.01100366762024251,,False,0.9838337182448037,0.9820850786053862,0.9773150469172474,0.9795985227327679,0.936144578313253,0.907974088239222,0.905997017952137,0.9068436466303056
235,0.0023185452305823618,0.01099554238878743,,False,0.9839341299327242,0.9826297002349749,0.9773974735575377,0.9798966164473261,0.9365461847389558,0.9093495127627319,0.9063267245132975,0.9076513594767186
236,0.002313476732749506,0.011016074425345385,,False,0.9837333065568832,0.9824343156472762,0.9768030141471501,0.9794861578048041,0.9369477911646586,0.9108507549133952,0.9067838658233628,0.9085973783366167
237,0.002315645839096301,0.010998813964926815,,False,0.9838337182448037,0.9820962113749915,0.9773150469172474,0.9796035566713773,0.9369477911646586,0.9108861910052091,0.9067452409225822,0.9085709899404413
238,0.0023051858932438317,0.011023329265015024,,False,0.9840345416206446,0.9831663965621894,0.9774881765053833,0.9801929800884861,0.9365461847389558,0.9094202817784804,0.9063120106911282,0.9076760914726838
239,0.0022965360340793054,0.011007846498158102,,False,0.9840345416206446,0.9831480275618139,0.9774881765053833,0.9801855025889146,0.9373493975903614,0.9101298963414298,0.9071199784031061,0.9084447998900989
240,0.0022934099260200633,0.011001945145346175,,False,0.9839341299327242,0.9830778455017156,0.9773974735575377,0.9801032911708548,0.9369477911646586,0.9097625276394464,0.9067516469411648,0.9080770118274746
241,0.002284823320855562,0.011014140197230616,,False,0.9840345416206446,0.9831636047150614,0.9774881765053833,0.9801926361689893,0.9369477911646586,0.910863479978294,0.9067330548807183,0.9085703320854301
242,0.0022834958854576,0.011007820359457701,,False,0.9840345416206446,0.98317839504507,0.9774881765053833,0.9801983226121206,0.9369477911646586,0.9087085152486836,0.9067394608993009,0.907581415392818
243,0.0022760160631852848,0.011023204204339917,,False,0.9841349533085652,0.9828407924623771,0.9780002092754808,0.9803173854676044,0.9369477911646586,0.908728054251545,0.906738197009148,0.9075856589091891
244,0.002270184078737213,0.010994449139088676,,False,0.9841349533085652,0.9832664520358334,0.9775706031456735,0.9802842466946863,0.9373493975903614,0.9090862566942529,0.9070679035703085,0.9079287244569242
245,0.002264147279066279,0.010995295841715465,,False,0.9841349533085652,0.9828151348816879,0.9775706031456735,0.9800766850611848,0.9373493975903614,0.9090708929312432,0.9070679035703085,0.9079198623064095
246,0.002264944836147044,0.011006415419754422,,False,0.9841349533085652,0.9832561560323173,0.9775833058813347,0.9802844759692044,0.9373493975903614,0.9101191463722194,0.9071199784031061,0.9084364474224275
247,0.002255985449132728,0.01099570874290601,,False,0.9842353649964856,0.9833472181594121,0.9776657325216248,0.9803722093164369,0.9373493975903614,0.911187487542964,0.9070627614418788,0.9088944954876
248,0.0022519911012114555,0.010999762810292062,,False,0.9842353649964856,0.9833577180748176,0.9780953386514322,0.980607639583974,0.9373493975903614,0.9100824783622051,0.9070679035703085,0.9083943623378645
249,0.00224663548540666,0.010995951684895554,,False,0.9842353649964856,0.9833611372730601,0.9780953386514322,0.9806115821581091,0.9365461847389558,0.9104919376997851,0.9063711294373596,0.9082013923638882
250,0.0022428454446039733,0.011026681608977356,,False,0.9843357766844061,0.9834477612034837,0.9781777652917223,0.9806960929637678,0.9369477911646586,0.9086652948581365,0.9066873860665035,0.9075393618246019
251,0.0022345714506318624,0.01100984312301487,,False,0.9842353649964856,0.9833504578397273,0.9780953386514322,0.9806064944810112,0.9373493975903614,0.9090841060411677,0.9071187145129532,0.907958536028988
252,0.002230525517021028,0.010994472615670183,,False,0.9841349533085652,0.9832725233399641,0.9775833058813347,0.9802918929504685,0.9373493975903614,0.9101191463722194,0.9071199784031061,0.9084364474224275
253,0.0022233168919407933,0.01097641498861879,,False,0.9843357766844061,0.9830261753212307,0.9781840147177618,0.9805009932666984,0.9377510040160643,0.9104853775724937,0.9074228911457435,0.9087602555038075
254,0.0022191720152820813,0.010995254561496427,,False,0.9844361883723265,0.9831202940183503,0.9786897980618195,0.980817651207563,0.9369477911646586,0.9086522855769003,0.9066873860665035,0.9075310823438818
255,0.0022175507085802366,0.01100071519780963,,False,0.9844361883723265,0.9835462122706257,0.978266441358052,0.9807887280609496,0.9365461847389558,0.9093250419240173,0.9063711294373596,0.9076781860041265
256,0.0022117451252671354,0.011026436179892515,,False,0.9842353649964856,0.9833636802167813,0.9780953386514322,0.9806114478756268,0.9369477911646586,0.9097263101275481,0.9067126670807778,0.908037857776582
257,0.002204040844167945,0.010990767235572572,,False,0.9844361883723265,0.9835497671746385,0.978266441358052,0.9807887369577892,0.9373493975903614,0.9100691488072461,0.9070423736419383,0.9083720611738022
258,0.002198225564989674,0.01098802659557884,,False,0.9843357766844061,0.9830126416680189,0.9781777652917223,0.9804937243437433,0.9369477911646586,0.9108465700811963,0.906738197009148,0.908563217806442
259,0.002196002772350347,0.010971243749224667,,False,0.9844361883723265,0.9835692945909046,0.9786897980618195,0.9810281148881673,0.9381526104417671,0.9107951381416475,0.907798266521119,0.9091200226274824
260,0.0021908817309173674,0.011001461883883283,,False,0.9844361883723265,0.9830946119626218,0.9782728946676735,0.980581831762434,0.9373493975903614,0.9111914737464846,0.9071135723845235,0.9089315441688517
261,0.002190266637995963,0.01100051652891361,,False,0.9844361883723265,0.9840010363621184,0.9786897980618195,0.9812283445083388,0.9373493975903614,0.9111381445793084,0.9070627614418788,0.9088824313018434
262,0.0021853727737993233,0.010957856203985728,,False,0.9844361883723265,0.9835663278144806,0.9786897980618195,0.9810251580372658,0.9377510040160643,0.9127197538027504,0.9074685599599582,0.9098073703381616
263,0.002180374816620071,0.010976055779636526,,False,0.984536600060247,0.9840995351780294,0.9787784741281492,0.9813218004953393,0.9373493975903614,0.9111381445793084,0.9070627614418788,0.9088824313018434
264,0.002176872768467279,0.010960858639114928,,False,0.984536600060247,0.9836535955191109,0.9787849274377708,0.9811172172538749,0.9377510040160643,0.9104273820274934,0.907443278945684,0.9087626887002741
265,0.002173288213185963,0.010989040747259109,,False,0.984536600060247,0.9840840912040009,0.9787849274377708,0.9813179819565918,0.9369477911646586,0.9107953058996104,0.9067330548807183,0.9085482279046231
266,0.0021688514708320824,0.010988994070941902,,False,0.984536600060247,0.9827812169040993,0.9787849274377708,0.980708530924499,0.9369477911646586,0.9107953058996104,0.9067330548807183,0.9085482279046231
267,0.0021682860140575214,0.01100566378310631,,False,0.984536600060247,0.9832127276371617,0.9787784741281492,0.9809075300250439,0.9369477911646586,0.9096902728262397,0.9066618561381331,0.9079923053901461
268,0.0021643505992830145,0.010982203285820419,,False,0.984536600060247,0.9832106783366198,0.9787849274377708,0.9809093121211401,0.9369477911646586,0.9107953058996104,0.9067330548807183,0.9085482279046231
269,0.0021592509683864072,0.010971095452466302,,False,0.984536600060247,0.9827747930146954,0.9787849274377708,0.9807049683500748,0.9373493975903614,0.9111582803980147,0.907088042456153,0.9089043875839385
270,0.002160019966998386,0.01099928657982428,,False,0.984536600060247,0.9831944309144054,0.978784375878655,0.9809030523047265,0.9373493975903614,0.911179585238669,0.9070627614418788,0.9088853709642115
271,0.0021562197847123446,0.010960899737453917,,False,0.9848378351240085,0.983070209051541,0.9794789285589258,0.9812105059651083,0.9377510040160643,0.911515872374982,0.9074177490173138,0.9092420203907857
272,0.0021525681142789614,0.010974413538026279,,False,0.9846370117481675,0.9837505536196749,0.9788736035041006,0.9812096106349598,0.9385542168674699,0.9122749251809381,0.9081279730822794,0.9099677653935804
273,0.0021470420100097812,0.010973864134240991,,False,0.9847374234360879,0.9833982798503837,0.9793902524925961,0.9813185879012065,0.9381526104417671,0.9132715626447153,0.9112035177076978,0.9120952242208094
274,0.0021425411225943535,0.010957260192402889,,False,0.9847374234360879,0.9829641379671171,0.9789668957888286,0.9808909531063394,0.9373493975903614,0.9111582803980147,0.907088042456153,0.9089043875839385
275,0.002142417303645075,0.01095006648509844,,False,0.9846370117481675,0.9837415980337708,0.9788782197224989,0.9812100283997223,0.9373493975903614,0.9111456692901709,0.9070882913702492,0.9089007324571237
276,0.002138347962612314,0.010971715571272215,,False,0.9846370117481675,0.9828796048553947,0.9788736035041006,0.9808026076602179,0.9373493975903614,0.9111313068702196,0.9070627614418788,0.9088790670211279
277,0.002128394855190162,0.010946407455738464,,False,0.9847374234360879,0.982989080513435,0.9793902524925961,0.9811249363533948,0.9377510040160643,0.9115272534795991,0.907443278945684,0.9092621022270948
278,0.0021271744082864597,0.01094664399895774,,False,0.9848378351240085,0.9826500516246508,0.9794789285589258,0.9810106085841631,0.9389558232931727,0.9140104418279774,0.9118879629301971,0.9127932434248829
279,0.0021207069127567426,0.010940407354180061,,False,0.9848378351240085,0.9830747265607614,0.9794789285589258,0.981214230543718,0.9381526104417671,0.913257200224764,0.9111779877793273,0.9120735587848137
280,0.002118698103163283,0.010945656472052005,,False,0.9847374234360879,0.9834079865889487,0.9789668957888286,0.9810976862850319,0.9377510040160643,0.911555616364175,0.9074685599599582,0.9092858029443236
281,0.002112842827714372,0.010956377015647518,,False,0.9848378351240085,0.9826431921579233,0.9794789285589258,0.9810069369823401,0.9381526104417671,0.9133212114370269,0.9112491865219126,0.9121347209934778
282,0.0021111614950301972,0.010941207537853282,,False,0.9847374234360879,0.9825508987754894,0.9793902524925961,0.980918521270831,0.9381526104417671,0.9132876287039312,0.9112035177076978,0.9121106934169672
283,0.0021062908991409984,0.010959212949831269,,False,0.9848378351240085,0.983077281556854,0.9794789285589258,0.9812158993452229,0.9381526104417671,0.9126130841977622,0.9095148738957664,0.9108829289574536
284,0.00210379206259627,0.010930806271843778,,False,0.9848378351240085,0.9826452521791408,0.9794789285589258,0.981007999981719,0.9393574297188755,0.9144481786412649,0.9123396791765875,0.9132305879558795
285,0.0021015667781269197,0.010917609742098692,,False,0.9847374234360879,0.982550531744762,0.9793902524925961,0.9809176046494049,0.9381526104417671,0.9132637904450652,0.9112626364539292,0.9121198611966066
286,0.0020969357865895885,0.010950187261522287,,False,0.9846370117481675,0.9828701346456251,0.9788730519449848,0.9807988342946368,0.9389558232931727,0.9126698638043566,0.908547753381717,0.9103773544787455
287,0.00209469002187551,0.010943994798093963,,False,0.984536600060247,0.9823420658600536,0.978784375878655,0.9805012874732871,0.9377510040160643,0.9115785301260253,0.907514477688269,0.9093244603116245
288,0.002094764891459513,0.010926543184073883,,False,0.9847374234360879,0.9825635924485552,0.9793902524925961,0.9809250050502764,0.9393574297188755,0.9137588349801352,0.9106510353646561,0.9120374099620339
289,0.0020911243521216927,0.010976188799166215,,False,0.9847374234360879,0.9829693691742593,0.9793897793303583,0.9811178799804934,0.9385542168674699,0.9130265638315159,0.909946202342216,0.9113109674932505
290,0.002085530355317593,0.010944836461305002,,False,0.9847374234360879,0.98297936211515,0.9793897793303583,0.9811223053239956,0.9381526104417671,0.9119739397900517,0.9078885891734916,0.9097188076204016
291,0.002086416255182038,0.010945358055067259,,False,0.9847374234360879,0.9829688396806541,0.9793897793303583,0.9811167251549018,0.9385542168674699,0.9130517225837627,0.9098953913995715,0.9112976602829682
292,0.0020823465544774792,0.010946059476224358,,False,0.9847374234360879,0.9825550534851794,0.9793897793303583,0.9809215329814198,0.9381526104417671,0.9119426547470526,0.9078377782308471,0.9096751918231847
293,0.0020867095017899954,0.010906600481509222,,False,0.9847374234360879,0.9825765922723804,0.9793897793303583,0.9809293550151187,0.9409638554216867,0.9159357773060837,0.9137549851780891,0.914678810245324
294,0.0020766605638947804,0.010950368024610677,,False,0.9847374234360879,0.9825481629195987,0.9793897793303583,0.9809182668194253,0.9377510040160643,0.9116311158505225,0.9074876838697459,0.9093429035997891
295,0.0020733411500688317,0.010954631806176578,,False,0.9847374234360879,0.9825452080543161,0.9793897793303583,0.9809165556488213,0.9389558232931727,0.914068548101597,0.9119530045682956,0.9128696835868703
296,0.002070771547221641,0.010947551607170834,,False,0.9847374234360879,0.982553559394106,0.9793897793303583,0.9809203448137264,0.9393574297188755,0.914428846349696,0.9123143981623131,0.9132145252425014
297,0.002071027829434119,0.010968110709873835,,False,0.9848378351240085,0.9822243258465995,0.9794830716150863,0.9808112310909638,0.9389558232931727,0.9140381182904564,0.9119530045682956,0.9128453275219357
298,0.002066737071501743,0.010963613104473748,,False,0.9847374234360879,0.9825482919312586,0.9793897793303583,0.9809170957937616,0.9381526104417671,0.9126727914428323,0.9095656848384108,0.9109510648011369
299,0.002066926581450595,0.010938700018035154,,False,0.9848378351240085,0.9826520665378191,0.9794830716150863,0.9810159919800265,0.9393574297188755,0.9137594510002389,0.9106257543503816,0.9120233475482622
300,0.0020619563788410937,0.010967093698795316,,False,0.9848378351240085,0.9826409744371541,0.9794830716150863,0.9810121044889273,0.9377510040160643,0.9123138137262623,0.909196715481618,0.9105887527872409
301,0.00206168227160109,0.010959954842484689,,False,0.9848378351240085,0.9826405541279839,0.9794830716150863,0.9810088327439695,0.9389558232931727,0.9134051982176304,0.9102820660078632,0.911653796903312
302,0.002058166000874531,0.01095548383961504,,False,0.9848378351240085,0.9826395157939607,0.9794830716150863,0.9810102459378948,0.9397590361445783,0.9148127006488787,0.9127150545519628,0.9136215397643139
303,0.0020575910863872443,0.010973744257257282,,False,0.9848378351240085,0.9826495880074053,0.9794830716150863,0.9810157602782135,0.9373493975903614,0.9112564927737306,0.9071326962943113,0.908982608216357
304,0.0020528551359990173,0.010957292457567885,,False,0.9848378351240085,0.9826455305976621,0.9794830716150863,0.981013100880173,0.9385542168674699,0.9123809694662105,0.908223188948986,0.9100798336898135
305,0.0020503870037255627,0.010985011028709503,,False,0.9848378351240085,0.9826429206530933,0.9794830716150863,0.9810120902491855,0.9393574297188755,0.9144435787867197,0.9123335220721008,0.9132474891134024
306,0.0020480862146912203,0.01097623172414104,,False,0.9848378351240085,0.9826379060235065,0.9794830716150863,0.9810100982716743,0.9381526104417671,0.9120033639577971,0.9078429203592768,0.9097046139726266
307,0.002044350485747232,0.01095988738491743,,False,0.9848378351240085,0.9826433207945738,0.9794830716150863,0.9810124587665983,0.9381526104417671,0.9119834830789324,0.9078490774637634,0.9096962382573494
308,0.0020414775158972827,0.010964384422436047,,False,0.9848378351240085,0.9830770326719789,0.9794830716150863,0.9812189197088151,0.9385542168674699,0.9130478221279547,0.909946202342216,0.9113288703276692
309,0.002038234267565616,0.010952743009636562,,False,0.9848378351240085,0.9826455305976621,0.9794830716150863,0.981013100880173,0.9389558232931727,0.914111241520025,0.9119630399110592,0.9129002297472505
310,0.002036698827996612,0.01098748075403384,,False,0.9848378351240085,0.9826408246518246,0.9794830716150863,0.9810116072431891,0.9389558232931727,0.9141204612090532,0.9119581466967256,0.9128969390138197
311,0.0020318418639282956,0.010998411520559961,,False,0.9848378351240085,0.9826387875639262,0.9794830716150863,0.9810098875309934,0.9385542168674699,0.9137261435541542,0.9116080523356244,0.9125381896344277
312,0.0020301204940272348,0.010974012509347512,,False,0.9849382468119289,0.9827451133464807,0.979571747681416,0.9811065863977488,0.9385542168674699,0.9137333392567959,0.9115889284258366,0.9125212439582939
313,0.002026127012120938,0.010988373554667648,,False,0.9850386584998494,0.9828311933404787,0.9796668770573673,0.9811987986142735,0.9381526104417671,0.9133459990185929,0.9112339408504018,0.9121593003875782
314,0.0020241097862600393,0.010985404781062484,,False,0.9850386584998494,0.9828334155786753,0.9796668770573673,0.9811990612040616,0.9385542168674699,0.9137333392567959,0.9115889284258366,0.9125212439582939
315,0.0020225460658295966,0.011012793201644343,,False,0.9850386584998494,0.9828245458465094,0.9796668770573673,0.9811962803857774,0.9377510040160643,0.9134377365649924,0.9091954515914653,0.9111112879357228
316,0.002016901752516906,0.010976885929854293,,False,0.9850386584998494,0.9828241268359642,0.9796668770573673,0.981194793113563,0.9385542168674699,0.9136940111524964,0.9116093162257771,0.9125288017944801
317,0.0020135314485897997,0.010983740918043687,,False,0.9851390701877698,0.9829387352813685,0.9797620064333186,0.981299464635931,0.9381526104417671,0.9123351889225755,0.9111907913340084,0.9116208157293213
318,0.0020097192802077182,0.010966932992763837,,False,0.9850386584998494,0.9832592888673113,0.9796668770573673,0.981402371058987,0.9381526104417671,0.9138124066590547,0.9095517030570528,0.9114640945616875
319,0.0020047098622906216,0.01098639015699158,,False,0.9851390701877698,0.9833518241878356,0.9797620064333186,0.9814970005587084,0.9377510040160643,0.9123357104011863,0.9091763276816776,0.9105788942160383
320,0.0020020290560669365,0.010994490093276634,,False,0.9852394818756903,0.9834537834137611,0.9798552987180467,0.9815942151305879,0.9373493975903614,0.91197133157131,0.908802216196455,0.9102056463680229
321,0.001999964855996122,0.01097392966716995,,False,0.9852394818756903,0.9834540678425573,0.9798552987180467,0.9815939836991183,0.9385542168674699,0.9137553142959326,0.9115901923159895,0.9125197323348269
322,0.0019961084001613337,0.01098771514551459,,False,0.9852394818756903,0.9830232943290373,0.9798552987180467,0.981390093193094,0.9373493975903614,0.9126016096066439,0.9105195471294295,0.9114157645293461
323,0.0019928049041888223,0.01100516325616668,,False,0.9852394818756903,0.9834476681958777,0.9798552987180467,0.9815921735527936,0.9369477911646586,0.9115938471131501,0.9084484840286886,0.9098413033164773
324,0.0019900482672010763,0.011004921739377041,,False,0.9852394818756903,0.983449182991881,0.9798552987180467,0.9815929957516681,0.9373493975903614,0.9126474120874231,0.9105060971974128,0.911426449586866
325,0.001986823328931988,0.011004613657898508,,False,0.9852394818756903,0.9830285415062117,0.9798552987180467,0.981391591783965,0.9377510040160643,0.9130128576029224,0.9108610847728477,0.9117837799005706
326,0.0019846031287864985,0.011007174831384893,,False,0.9852394818756903,0.983449182991881,0.9798552987180467,0.9815929957516681,0.9381526104417671,0.9144968537067177,0.9112339408504018,0.9126848841315619
327,0.0019824945228744764,0.010999158365906703,,False,0.9852394818756903,0.9834492876639742,0.9798552987180467,0.9815919217555127,0.9377510040160643,0.9130128576029224,0.9108610847728477,0.9117837799005706
328,0.001978435118141172,0.011026866744385024,,False,0.9852394818756903,0.983449671746034,0.9798552987180467,0.9815926643856238,0.9377510040160643,0.9112814280378915,0.9091788469794988,0.9100696603082431
329,0.001975761947729466,0.01101938205807591,,False,0.9852394818756903,0.9834428880172948,0.9798552987180467,0.9815901116091879,0.9377510040160643,0.9119524424002088,0.9108610847728477,0.9112736532512064
330,0.0019734447102305796,0.01102728676835152,,False,0.9852394818756903,0.9830285415062117,0.9798552987180467,0.981391591783965,0.9373493975903614,0.9115869968847095,0.9105060971974128,0.9109163229375018
331,0.001971696353408241,0.011004224752479159,,False,0.9852394818756903,0.983444195961853,0.9798552987180467,0.9815904623783713,0.9381526104417671,0.9122983047056995,0.9112364601482231,0.9116425763682494
332,0.0019690691318483156,0.011030637448060727,,False,0.9852394818756903,0.9834359376820334,0.9798552987180467,0.9815855023539224,0.9381526104417671,0.9123402590399885,0.9112364601482231,0.9116455575167005
333,0.0019670607198006645,0.011040961280022106,,False,0.9852394818756903,0.9830214132987353,0.9798552987180467,0.9813878533150224,0.9373493975903614,0.9115788242198494,0.9105060971974128,0.9109139780263644
334,0.0019658306552631285,0.011047761454171206,,False,0.9852394818756903,0.9834503913982768,0.9798552987180467,0.9815925751072491,0.9373493975903614,0.9115596070311126,0.910499159329489,0.9108940663901366
335,0.0019629219686831158,0.011040862315896415,,False,0.9852394818756903,0.983440392340229,0.9798552987180467,0.9815890203589025,0.9377510040160643,0.9130012691291783,0.9108610847728477,0.911780870993919
336,0.0019610002565791625,0.011048459966615473,,False,0.9852394818756903,0.9834392523923616,0.9798552987180467,0.9815893013399859,0.9377510040160643,0.9129872658210024,0.9108732708147116,0.9117795213774378
337,0.0019591794337282097,0.011031183233091196,,False,0.9852394818756903,0.983444195961853,0.9798552987180467,0.9815904623783713,0.9381526104417671,0.9156303829278032,0.9112473907824185,0.9132183841745474
338,0.0019561131589224544,0.01104401930720134,,False,0.9853398935636108,0.9835288901756416,0.9799486693996526,0.9816807262231106,0.9377510040160643,0.9130012691291783,0.9108610847728477,0.911780870993919
339,0.0019552148090488815,0.011064007242617479,,False,0.9854403052515313,0.9836296332736022,0.980042592570499,0.981778735637965,0.9381526104417671,0.9133726317991978,0.911248646190087,0.9121508129827804
340,0.0019537120347269885,0.011062513273263547,,False,0.9854403052515313,0.9836211018748257,0.980042592570499,0.9817729418193792,0.9377510040160643,0.9119685810741376,0.9108610847728477,0.9112776927074729
341,0.0019501327704304074,0.011023172743829211,,False,0.9854403052515313,0.9836265627563601,0.980042592570499,0.9817771860259205,0.9381526104417671,0.9133695142368552,0.9112339408504018,0.9121587866686384
342,0.001947432714023875,0.01105963763207305,,False,0.9854403052515313,0.9836333530350524,0.980042592570499,0.981777158844552,0.9385542168674699,0.9148905878046946,0.9116093162257771,0.9130642916912832
343,0.001946735350324269,0.011074939933429126,,False,0.9855407169394518,0.9837269691114857,0.980135963252105,0.9818735682957933,0.9385542168674699,0.9133602766649295,0.9133062593588114,0.9131945084662002
344,0.0019431730766018727,0.01105966240498271,,False,0.9854403052515313,0.9836406275056686,0.980042592570499,0.9817809337897123,0.9373493975903614,0.9115757457050415,0.910499159329489,0.9108981058464032
345,0.0019397755538938606,0.01106480423078121,,False,0.9855407169394518,0.9837252589351664,0.980135963252105,0.9818719292565129,0.9373493975903614,0.9115480185573686,0.910499159329489,0.910891157483485
346,0.0019370159256412154,0.011073840873290209,,False,0.9855407169394518,0.9837122092931231,0.980135963252105,0.9818664190038897,0.9377510040160643,0.9129766788677591,0.9108720154070432,0.9117791998075686
347,0.0019347713522490913,0.011077659937299823,,False,0.9855407169394518,0.9837095240590684,0.980135963252105,0.9818646155481711,0.9377510040160643,0.914108943102359,0.9108720154070432,0.9123128551220415
348,0.0019328922271216005,0.011096806802803798,,False,0.9855407169394518,0.9836961313699807,0.980135963252105,0.9818589809893036,0.9381526104417671,0.916288963478529,0.9129487524855551,0.9144402110656846
349,0.0019296291790510058,0.011098890041815617,,False,0.9855407169394518,0.9837122092931231,0.980135963252105,0.9818664190038897,0.9381526104417671,0.9145006761116643,0.9112461268922658,0.9126946532755427
350,0.0019252742655311204,0.011089540483141602,,False,0.9855407169394518,0.9837301817445814,0.980135963252105,0.9818735311129453,0.9373493975903614,0.9122293206356739,0.9122017849227784,0.9120869973003037
351,0.0019242036824336688,0.011118166538916775,,False,0.9855407169394518,0.9837215567976343,0.980135963252105,0.9818688468519606,0.9373493975903614,0.9126649180193647,0.9105060971974128,0.9114368617877447
352,0.001919068194872161,0.011092380036904116,,False,0.9855407169394518,0.9837133044152903,0.980135963252105,0.9818677518477114,0.9373493975903614,0.913272438613854,0.9122139709646423,0.9126080138973699
353,0.0019174973693015256,0.011097528465570272,,False,0.9855407169394518,0.9837319956207341,0.980135963252105,0.9818740920066455,0.9381526104417671,0.9145006761116643,0.9112461268922658,0.9126946532755427
354,0.0019145079487149822,0.011081541064783103,,False,0.9855407169394518,0.9837314560047284,0.980135963252105,0.9818733507629676,0.9377510040160643,0.9141205315761032,0.9108720154070432,0.9123157640286929
355,0.0019106445866401622,0.011106671168567074,,False,0.9855407169394518,0.9837245341997733,0.980135963252105,0.9818707232154503,0.9377510040160643,0.9153233210602871,0.9108789532749668,0.9128745932676922
356,0.0019074812136432237,0.01109842544741482,,False,0.9855407169394518,0.9837224610341183,0.980135963252105,0.9818714043605006,0.9373493975903614,0.9149283747326885,0.9105292138734722,0.9125013442536347
357,0.0019048760944169623,0.01109986740863576,,False,0.9855407169394518,0.9837091534781932,0.980135963252105,0.9818652237902192,0.9373493975903614,0.9137550860606041,0.9105170278316083,0.9119584337149885
358,0.0019027871229791923,0.01109862286337978,,False,0.9855407169394518,0.9832852029447446,0.980135963252105,0.9816625153579918,0.9377510040160643,0.9147595739627561,0.9125746410003325,0.9135212144592157
359,0.0018999198714886318,0.011098987920322429,,False,0.9855407169394518,0.9832994831094555,0.980135963252105,0.9816689716148939,0.9373493975903614,0.9143795401743309,0.9122127155569739,0.9131492550401593
360,0.0018980682874698066,0.01111054536145662,,False,0.9856411286273722,0.98379980160756,0.9802298864229511,0.9819565434950156,0.9377510040160643,0.914150419374288,0.9108911393168309,0.9123455025812047
361,0.0018969356129612525,0.011097536566287524,,False,0.9855407169394518,0.9837087044773527,0.980135963252105,0.9818639532955977,0.9381526104417671,0.9145143596386591,0.9112339408504018,0.9126952963324404
362,0.001893458982853215,0.011092554297242412,,False,0.9855407169394518,0.9837110626226375,0.980135963252105,0.9818650835491057,0.9373493975903614,0.9143737219912441,0.9122127155569739,0.9131474927988165
363,0.0018918621194713658,0.01112788408687097,,False,0.9856411286273722,0.9833838350353861,0.9802298864229511,0.9817592251475288,0.9373493975903614,0.9137516263701045,0.9105292138734722,0.9119635060928157
364,0.0018898402154274513,0.011115700274358533,,False,0.9856411286273722,0.9838050944108827,0.9802298864229511,0.9819596842881229,0.9377510040160643,0.9141407414582999,0.9108789532749668,0.9123356211075987
365,0.0018869184516812619,0.011111453552301722,,False,0.9856411286273722,0.9838169843660296,0.9802298864229511,0.9819653165763478,0.9369477911646586,0.9133740537117673,0.9101551023882496,0.9115865301010465
366,0.001884933957267521,0.011107507427428087,,False,0.9857415403152927,0.9834963364093297,0.9807419191930484,0.9820785541918303,0.9373493975903614,0.9143795401743309,0.9122127155569739,0.9131492550401593
367,0.001883867415655345,0.0111027661755663,,False,0.9856411286273722,0.9834093820431311,0.9806479960222022,0.9819885027245218,0.9373493975903614,0.913737120638171,0.9105100899636844,0.9119432747822286
368,0.0018800689907376657,0.011117689556808339,,False,0.9857415403152927,0.9839171144022925,0.9807419191930484,0.9822811461566778,0.9373493975903614,0.9137550860606041,0.9105170278316083,0.9119584337149885
369,0.0018780110862989044,0.011129746424979041,,False,0.9857415403152927,0.9839243888729085,0.9807419191930484,0.9822849211018385,0.9389558232931727,0.9158894922333817,0.9136669293945014,0.9146386801127768
370,0.0018764559364911181,0.011127043613274741,,False,0.9856411286273722,0.9833998968748764,0.9806479960222022,0.9819845293982313,0.9381526104417671,0.9151638631280866,0.9129500163757078,0.913903575304623
371,0.0018738697053280434,0.011144803353330603,,False,0.9858419520032132,0.9835917407333353,0.9808352898746544,0.982173662405764,0.9377510040160643,0.9147649061525259,0.9125880909323492,0.9135205466455019
372,0.001870724753845257,0.011124772003025082,,False,0.9856411286273722,0.9834052206673536,0.9806479960222022,0.9819866836717688,0.9377510040160643,0.9147649061525259,0.9125880909323492,0.9135205466455019
373,0.0018690760628902257,0.01115039972379978,,False,0.9858419520032132,0.9840115628054225,0.9808352898746544,0.9823742376724556,0.9385542168674699,0.9149354102863391,0.9116284401355649,0.9130984740540975
374,0.0018660153973948201,0.01114275754688906,,False,0.9858419520032132,0.9840095911894762,0.9808352898746544,0.9823743184820236,0.9381526104417671,0.9151449399409513,0.9129500163757078,0.9138925060645584
375,0.0018647322305659234,0.011127142608660082,,False,0.9858419520032132,0.9840158498649276,0.9808352898746544,0.9823768000299133,0.9385542168674699,0.9155103854564506,0.9133050039511428,0.914249836378263
376,0.0018629994360552914,0.011156736155827969,,False,0.9858419520032132,0.9835946286736726,0.9808347373854142,0.9821761602325734,0.9385542168674699,0.9155404493748311,0.9133241278609305,0.914280625366422
377,0.0018599035672264529,0.011148886294607089,,False,0.9858419520032132,0.984022401281553,0.9808352898746544,0.98237935490709,0.9385542168674699,0.9154816250354973,0.9133050039511428,0.9142556262422263
378,0.0018569543706281363,0.011160519331287014,,False,0.9858419520032132,0.984006907524662,0.9808352898746544,0.9823731811572957,0.9385542168674699,0.9155073470739992,0.9132988468466563,0.9142468044815651
379,0.0018538600777336994,0.011157424995097217,,False,0.9858419520032132,0.9840158498649276,0.9808352898746544,0.9823768000299133,0.9385542168674699,0.9155419027834326,0.9132988468466563,0.9142593306822998
380,0.0018504305595316293,0.01116507223146572,,False,0.9858419520032132,0.9840095911894762,0.9808352898746544,0.9823743184820236,0.9381526104417671,0.9151603959285443,0.9129691402854956,0.91391212692302
381,0.001847417995680262,0.011149721290324998,,False,0.9858419520032132,0.9840131175907081,0.9808352898746544,0.9823757263183821,0.9389558232931727,0.9159367280989714,0.9136860533042892,0.9146607703303212
382,0.0018443893443973393,0.011139444621079655,,False,0.9859423636911336,0.9841011419947905,0.9809286605562604,0.9824664208490148,0.9381526104417671,0.9162795389423852,0.9129691402854956,0.9144523085856806
383,0.0018406236150930366,0.011175016588873123,,False,0.9859423636911336,0.9841077500485491,0.9809286605562604,0.9824700354182718,0.9385542168674699,0.9155632608497251,0.9132988468466563,0.9142710055098048
384,0.0018380368162445873,0.011174482819002123,,False,0.9859423636911336,0.9841004755779329,0.9809286605562604,0.9824662604731115,0.9389558232931727,0.9159367280989714,0.9136860533042892,0.9146607703303212
385,0.001835992258261977,0.011142099220681153,,False,0.9859423636911336,0.9841047626374382,0.9809286605562604,0.9824688228305691,0.9385542168674699,0.9155114448824732,0.9133241278609305,0.9142806501490662
386,0.0018323225943450777,0.011173133553071772,,False,0.9859423636911336,0.9841004755779329,0.9809286605562604,0.9824662604731115,0.9389558232931727,0.9159595395738651,0.9136607722900147,0.9146511504737038
387,0.0018303116211018055,0.011182147718019656,,False,0.9860427753790542,0.9842030156068176,0.9810220312378664,0.9825650513665938,0.9385542168674699,0.9155419375846324,0.9133310657288543,0.9143015762449745
388,0.001828536405666864,0.011180691740693737,,False,0.9860427753790542,0.9842037091637893,0.9810220312378664,0.9825652857468984,0.9385542168674699,0.9155032319351304,0.9132988468466563,0.9142563519354017
389,0.0018256358411530952,0.011186051682362684,,False,0.9860427753790542,0.9841931323348656,0.9810220312378664,0.9825594727172073,0.9389558232931727,0.9159595395738651,0.9136607722900147,0.9146511504737038
390,0.0018245583373540646,0.011191046239001986,,False,0.9860427753790542,0.9837855482444429,0.9810220312378664,0.982363687126645,0.9381526104417671,0.9163242362385022,0.9129369214032975,0.9144322909532261
391,0.0018207807907223528,0.011191338051403429,,False,0.9860427753790542,0.9841931323348656,0.9810220312378664,0.9825594727172073,0.9385542168674699,0.9155419027834326,0.9132988468466563,0.9142593306822998
392,0.0018192120387812566,0.01118055455518318,,False,0.9860427753790542,0.9842010924181116,0.9810220312378664,0.9825634794319789,0.9385542168674699,0.9155282978059824,0.9132988468466563,0.9142698628033687
393,0.0018168988160829395,0.01120524149093746,,False,0.9860427753790542,0.9837772599733834,0.9810220312378664,0.9823602713867751,0.9393574297188755,0.9162547240648902,0.9140088219975259,0.9149846254649991
394,0.0018119322326909566,0.01121833337611564,,False,0.9860427753790542,0.9837789806164265,0.9810220312378664,0.9823612472732515,0.9385542168674699,0.9155669686542848,0.9132988468466563,0.9142728415502668
395,0.0018088767953963578,0.011185338282700208,,False,0.9861431870669746,0.9842940479828852,0.9811044578781565,0.9826517381061703,0.9393574297188755,0.9174477225064653,0.9140088219975259,0.9155441221579044
396,0.001805398953574393,0.011199124879830852,,False,0.9861431870669746,0.9838737783539246,0.9811044578781565,0.9824497526252338,0.9393574297188755,0.9174477225064653,0.9140088219975259,0.9155441221579044
397,0.001803069683976403,0.01119498605919208,,False,0.9861431870669746,0.9838689997032939,0.9811044578781565,0.9824470830708455,0.9393574297188755,0.9162547240648902,0.9140088219975259,0.9149846254649991
398,0.0018002823799023212,0.011237652748683782,,False,0.9861431870669746,0.9842999220539299,0.9811044578781565,0.9826539435792595,0.9381526104417671,0.9151689980903169,0.9129369214032975,0.913889738821116
399,0.0017986798396946609,0.011187357320129458,,False,0.9861431870669746,0.9842985220964836,0.9811044578781565,0.982653796235211,0.9393574297188755,0.9174477225064653,0.9140088219975259,0.9155441221579044
400,0.0017958971391762609,0.011202924436722503,,False,0.9861431870669746,0.9843044426147611,0.9811044578781565,0.9826554851331086,0.9393574297188755,0.9174477225064653,0.9140088219975259,0.9155441221579044
401,0.0017889197284719582,0.0112250981089649,,False,0.9862435987548951,0.9843949590108289,0.9811978285597625,0.982749002526167,0.9385542168674699,0.9167212962475578,0.9132988468466563,0.914829359496274
402,0.0017854132192015836,0.01125842684681581,,False,0.9862435987548951,0.9839404965092569,0.9811978285597625,0.9825315513055978,0.9381526104417671,0.9175940990454787,0.9129369214032975,0.915015478230808
403,0.0017789853593805386,0.011243961975093687,,False,0.9861431870669746,0.9838724640087627,0.9811044578781565,0.9824489509664183,0.9393574297188755,0.9174477225064653,0.9140088219975259,0.9155441221579044
404,0.001771481618171426,0.011256730974321925,,False,0.9863440104428155,0.9840475852285796,0.9812911992413684,0.9826311613714745,0.9381526104417671,0.9163436851894708,0.9129369214032975,0.9144579873997425
405,0.001769605876634029,0.011300480285088397,,False,0.9863440104428155,0.984037158386612,0.9812911992413684,0.9826262098420541,0.9381526104417671,0.9163997918264936,0.9129438592712213,0.9144736658654815
406,0.0017582926033704932,0.011284157569443697,,False,0.9863440104428155,0.9840482676229928,0.9812911992413684,0.9826306455220989,0.9397590361445783,0.9178826720789078,0.9143707474408846,0.9159272458687016
407,0.001756339826929251,0.011300367241682915,,False,0.986444422130736,0.9841156595367013,0.9813844915260965,0.9827140588647395,0.9385542168674699,0.917973102189926,0.9132988468466563,0.9153881074431739
408,0.001749540582775687,0.011263288554217234,,False,0.986444422130736,0.9841411249330032,0.9813844915260965,0.9827253479897128,0.9393574297188755,0.9174477225064653,0.9140088219975259,0.9155441221579044
409,0.0017451106330928935,0.011266576037654102,,False,0.9865448338186565,0.9846659489990499,0.9818965242961938,0.9832440494147701,0.9393574297188755,0.9174137639120671,0.9140088219975259,0.9155423291070558
410,0.00174281790515074,0.011262714685181948,,False,0.986645245506577,0.9843436357268932,0.9819898949777998,0.9831375272760012,0.9393574297188755,0.9174137639120671,0.9140088219975259,0.9155423291070558
411,0.001743514015462432,0.011331671647038149,,False,0.986645245506577,0.9843420160757428,0.9819898949777998,0.9831372565350228,0.9389558232931727,0.9171072266631677,0.9136538344220911,0.9151743304884192
412,0.0017369402402133884,0.011285494255986142,,False,0.986645245506577,0.9843452028015085,0.9819898949777998,0.9831378766582595,0.9397590361445783,0.9177935239566511,0.9143385285586866,0.9158884125800265
413,0.001733582586850686,0.011276350883930869,,False,0.986645245506577,0.9847644359998574,0.9819898949777998,0.9833399763638896,0.9401606425702811,0.9181390245314643,0.9146682351198471,0.9162215402535766
414,0.001731475237251597,0.011297556064186568,,False,0.986645245506577,0.9847615611304182,0.9819898949777998,0.9833389264487449,0.9397590361445783,0.9166217540484186,0.9143385285586866,0.915346038743951
415,0.0017306008393829365,0.01129148608458618,,False,0.986645245506577,0.9843394176884055,0.9819898949777998,0.9831356133728091,0.9401606425702811,0.9181390245314643,0.9146682351198471,0.9162215402535766
416,0.0017270585417109735,0.011272171165487765,,False,0.986645245506577,0.9843455885148883,0.9819898949777998,0.983138033005205,0.9401606425702811,0.9181390245314643,0.9146682351198471,0.9162215402535766
417,0.0017253701985467612,0.011263080519582745,,False,0.986645245506577,0.9843452028015085,0.9819898949777998,0.9831378766582595,0.9401606425702811,0.9181390245314643,0.9146682351198471,0.9162215402535766
418,0.0017245165742227678,0.011285430349786307,,False,0.986645245506577,0.9843421809490133,0.9819898949777998,0.9831367901773481,0.9401606425702811,0.9181390245314643,0.9146682351198471,0.9162215402535766
419,0.0017206184949875283,0.011288287735110066,,False,0.986645245506577,0.9843452028015085,0.9819898949777998,0.9831378766582595,0.940562248995984,0.9185343105621447,0.9150301605632057,0.9166017397747981
420,0.0017189305055624598,0.011277027587317615,,False,0.986645245506577,0.9843430954466628,0.9819898949777998,0.9831373317974071,0.9401606425702811,0.9170139043738901,0.9146547851878304,0.9156950912290657
421,0.0017168014493745504,0.011291631624898234,,False,0.986645245506577,0.9847644359998574,0.9819898949777998,0.9833399763638896,0.9397590361445783,0.917841166400769,0.9143250786266699,0.9159042828342692
422,0.0017143272598810658,0.011273356939707426,,False,0.986645245506577,0.984346062180646,0.9819898949777998,0.9831386203196271,0.9393574297188755,0.9151220897239654,0.913930934301113,0.9144026196885002
423,0.0017122088963305551,0.011265188923852178,,False,0.986645245506577,0.9843451550219842,0.9819898949777998,0.9831380798884114,0.9397590361445783,0.9154793863684785,0.9142928597444716,0.9147581728252222
424,0.0017111374756444047,0.011283002841664964,,False,0.9867456571944975,0.9844301570087415,0.9820723216180899,0.9832225056927294,0.9397590361445783,0.9154648691602668,0.9143132475444121,0.9147650461701696
425,0.0017064234764555446,0.01128372075740009,,False,0.9867456571944975,0.9844384232966377,0.9820723216180899,0.9832255045281827,0.9397590361445783,0.9177891936981895,0.9142928597444716,0.9158572870745275
426,0.0017042530200620382,0.011291744087429804,,False,0.9867456571944975,0.9844384232966377,0.9820723216180899,0.9832255045281827,0.9397590361445783,0.9177683452022257,0.9142928597444716,0.9158407708197819
427,0.0017048136048349344,0.011313505924875776,,False,0.9868460688824179,0.9849429361288643,0.9821656922996959,0.9835186424280514,0.9389558232931727,0.9158240260570677,0.9135695407070956,0.9145527866216329
428,0.0016989854326266995,0.011292086925194178,,False,0.9867456571944975,0.9848522180370218,0.9820723216180899,0.9834258959609057,0.9401606425702811,0.9169731158972447,0.9146547851878304,0.9156725610783787
429,0.0016973713264371042,0.01129255051168828,,False,0.9868460688824179,0.9845296091341784,0.9821656922996959,0.9833186809745629,0.9397590361445783,0.9154895068252087,0.9142997976123954,0.9147750719647255
430,0.001695127086734812,0.011283876953357036,,False,0.9868460688824179,0.9845296091341784,0.9821656922996959,0.9833186809745629,0.9393574297188755,0.9162310248174479,0.9139378721690369,0.9149303344311106
431,0.0016936112920798783,0.011296695867141918,,False,0.9868460688824179,0.9845296091341784,0.9821656922996959,0.9833186809745629,0.9393574297188755,0.9151140145091495,0.9139378721690369,0.9144008154221738
432,0.0016913046580527664,0.011301247627886623,,False,0.9869464805703384,0.9846169598878257,0.982248118939986,0.9834041485915539,0.9393574297188755,0.9174019344038415,0.9139378721690369,0.9154868546245313
433,0.0016889142400397551,0.011305188101460131,,False,0.9869464805703384,0.9846192291485095,0.982248118939986,0.9834047337728984,0.9393574297188755,0.916210036549574,0.9139378721690369,0.9149244129830486
434,0.0016869592042776948,0.011273664884781081,,False,0.9869464805703384,0.9846221131379471,0.982248118939986,0.9834057854992442,0.9393574297188755,0.916210036549574,0.9139378721690369,0.9149244129830486
435,0.001684605074923664,0.011276448810562868,,False,0.9869464805703384,0.9850367266876027,0.982248118939986,0.9836064413907574,0.9397590361445783,0.9154895068252087,0.9142997976123954,0.9147750719647255
436,0.0016828911570425731,0.011303183991085475,,False,0.9869464805703384,0.9850390770756126,0.982248118939986,0.9836073000235296,0.9397590361445783,0.9166065171335069,0.9142997976123954,0.9153045909736625
437,0.0016810829711068887,0.011276224400807663,,False,0.9869464805703384,0.9846230130745448,0.982248118939986,0.9834063234094622,0.9401606425702811,0.9169718889928359,0.9146547851878304,0.915661948376711
438,0.0016799692530294911,0.011266471781586346,,False,0.9869464805703384,0.9846233996929166,0.982248118939986,0.983406479937269,0.9393574297188755,0.9162310248174479,0.9139378721690369,0.9149303344311106
439,0.0016783396731216871,0.011272686486364142,,False,0.9869464805703384,0.9850318604107774,0.982248118939986,0.983603646009978,0.9401606425702811,0.9169718889928359,0.9146547851878304,0.915661948376711
440,0.0016763508841380029,0.011293836077794085,,False,0.9869464805703384,0.9850291717210014,0.982248118939986,0.9836029924543372,0.9397590361445783,0.9166065171335069,0.9142997976123954,0.9153045909736625
441,0.0016749099173618443,0.011268048572230209,,False,0.9869464805703384,0.9846097645232388,0.982248118939986,0.9834006941887993,0.9397590361445783,0.9166065171335069,0.9142997976123954,0.9153045909736625
442,0.0016730940417085587,0.011318171392895714,,False,0.9869464805703384,0.9846125373372091,0.982248118939986,0.9834018731131976,0.9397590361445783,0.9166065171335069,0.9142997976123954,0.9153045909736625
443,0.0016715324403255966,0.011308069957547089,,False,0.9869464805703384,0.9846155686714329,0.982248118939986,0.9834029614501945,0.9397590361445783,0.9155239752982405,0.9142997976123954,0.9147921096543781
444,0.0016697698609019766,0.011278298390731994,,False,0.9869464805703384,0.984612923955581,0.982248118939986,0.9834020296410048,0.9401606425702811,0.9158375625786621,0.9146751729877709,0.9151458545298675
445,0.0016683840681041137,0.011269497458840485,,False,0.9869464805703384,0.9846233996929166,0.982248118939986,0.983406479937269,0.9401606425702811,0.9158375625786621,0.9146751729877709,0.9151458545298675
446,0.001666646182362712,0.011287292080610786,,False,0.9869464805703384,0.9850288503768017,0.982248118939986,0.9836027572837784,0.9397590361445783,0.9166065171335069,0.9142997976123954,0.9153045909736625
447,0.001665120593452339,0.011282970676836914,,False,0.9869464805703384,0.9850317705355582,0.982248118939986,0.9836039728188276,0.9397590361445783,0.9166065171335069,0.9142997976123954,0.9153045909736625
448,0.0016633565040158269,0.011286725678342326,,False,0.9869464805703384,0.9846047870709465,0.982248118939986,0.9833980260060725,0.9397590361445783,0.9166065171335069,0.9142997976123954,0.9153045909736625
449,0.0016617264844553102,0.011292102977622905,,False,0.9869464805703384,0.984617071063293,0.982248118939986,0.9834040213935012,0.9397590361445783,0.9166065171335069,0.9142997976123954,0.9153045909736625
450,0.0016603411672576325,0.011260568475761418,,False,0.9869464805703384,0.9841911489816206,0.982248118939986,0.9831971796559955,0.9401606425702811,0.9169524156708212,0.9146751729877709,0.9156747932616951
451,0.0016579324969952425,0.011294074476413191,,False,0.9869464805703384,0.9850291717210014,0.982248118939986,0.9836029924543372,0.9397590361445783,0.9166065171335069,0.9142997976123954,0.9153045909736625
452,0.0016554913775779572,0.011309240052672502,,False,0.9869464805703384,0.9846021882563893,0.982248118939986,0.983397045641582,0.9397590361445783,0.9166065171335069,0.9142997976123954,0.9153045909736625
453,0.0016530505875238018,0.011287932177478073,,False,0.9869464805703384,0.9841907623632488,0.982248118939986,0.9831970231281887,0.9397590361445783,0.9166065171335069,0.9142997976123954,0.9153045909736625
454,0.001650284348801776,0.011273803676582202,,False,0.9869464805703384,0.9850292369951735,0.982248118939986,0.9836029138115853,0.9401606425702811,0.9169524156708212,0.9146751729877709,0.9156747932616951
455,0.0016489561437624956,0.011322573287676755,,False,0.9869464805703384,0.9845947472831678,0.982248118939986,0.9833936669285879,0.9397590361445783,0.9166065171335069,0.9142997976123954,0.9153045909736625
456,0.0016470163400902095,0.011309759281688965,,False,0.9869464805703384,0.9837815091770905,0.982248118939986,0.9829973268799819,0.9397590361445783,0.9166065171335069,0.9142997976123954,0.9153045909736625
457,0.0016466125904887777,0.011305722337029618,,False,0.9869464805703384,0.9841962539783656,0.982248118939986,0.9831998793582528,0.9389558232931727,0.9148041620546477,0.9135650160914827,0.914053196151886
458,0.0016436256078066836,0.01129304555747359,,False,0.9869464805703384,0.9846048982464135,0.982248118939986,0.9833978988080199,0.9397590361445783,0.9166065171335069,0.9142997976123954,0.9153045909736625
459,0.0016426545837542072,0.011296044031668446,,False,0.9869464805703384,0.9845948538853797,0.982248118939986,0.9833933020234902,0.9397590361445783,0.9166065171335069,0.9142997976123954,0.9153045909736625
460,0.0016417855454320721,0.011308750039223546,,False,0.9869464805703384,0.9846018669121899,0.982248118939986,0.9833968104710232,0.9393574297188755,0.9162529295564966,0.9139269415348414,0.9149329649473439
461,0.0016404361423806727,0.011330469056403947,,False,0.9869464805703384,0.9837781820633469,0.982248118939986,0.9829961651867359,0.9397590361445783,0.9166065171335069,0.9142997976123954,0.9153045909736625
462,0.0016403127632431925,0.011306739017138698,,False,0.9869464805703384,0.9837870007922073,0.982248118939986,0.9830001831100458,0.9385542168674699,0.9155082998293916,0.9132353095303222,0.9142236917534743
463,0.00163773459534747,0.011293031281336756,,False,0.9869464805703384,0.9846018669121899,0.982248118939986,0.9833968104710232,0.9389558232931727,0.9159102044582897,0.913597234973681,0.9145997578175292
464,0.0016370623999673345,0.011298281033871874,,False,0.9869464805703384,0.9846018669121899,0.982248118939986,0.9833968104710232,0.9389558232931727,0.9159102044582897,0.913597234973681,0.9145997578175292
465,0.001636008162106849,0.01129772684433794,,False,0.9869464805703384,0.985034204128861,0.982248118939986,0.9836055787592769,0.9389558232931727,0.9159102044582897,0.913597234973681,0.9145997578175292
466,0.0016345973710045543,0.011297346155447332,,False,0.9869464805703384,0.9850261045791887,0.982248118939986,0.9836017403535213,0.9389558232931727,0.9159102044582897,0.913597234973681,0.9145997578175292
467,0.0016336103651304874,0.011300380216117845,,False,0.9869464805703384,0.984607220664249,0.982248118939986,0.9833996319465217,0.9393574297188755,0.9162529295564966,0.9139269415348414,0.9149329649473439
468,0.0016328668654374426,0.011286976559593294,,False,0.9869464805703384,0.9842018752715064,0.982248118939986,0.9832023793215041,0.9393574297188755,0.9162529295564966,0.9139269415348414,0.9149329649473439
469,0.0016316015946657564,0.011287805874823184,,False,0.9869464805703384,0.9850261045791887,0.982248118939986,0.9836017403535213,0.9389558232931727,0.9158520176210582,0.9135650160914827,0.9145568443259668
470,0.0016306249103795751,0.011298688552092389,,False,0.9869464805703384,0.9850288503768017,0.982248118939986,0.9836027572837784,0.9393574297188755,0.9162529295564966,0.9139269415348414,0.9149329649473439
471,0.0016299143345021392,0.011296253913746656,,False,0.9869464805703384,0.9850373733261423,0.982248118939986,0.9836067018508392,0.9393574297188755,0.9162529295564966,0.9139269415348414,0.9149329649473439
472,0.0016290002964682623,0.011307931962405659,,False,0.9869464805703384,0.9845991211145768,0.982248118939986,0.9833957935407661,0.9393574297188755,0.9162529295564966,0.9139269415348414,0.9149329649473439
473,0.0016281828497186764,0.01128538258148786,,False,0.9869464805703384,0.9845991211145768,0.982248118939986,0.9833957935407661,0.9393574297188755,0.9162529295564966,0.9139269415348414,0.9149329649473439
474,0.001627207326809895,0.01128926260284254,,False,0.9869464805703384,0.9846043366748114,0.982248118939986,0.983398580220176,0.9393574297188755,0.9162529295564966,0.9139269415348414,0.9149329649473439
475,0.0016268343534119637,0.011307515410038195,,False,0.9869464805703384,0.9845973640288455,0.982248118939986,0.9833954732435072,0.9389558232931727,0.9159102044582897,0.913597234973681,0.9145997578175292
476,0.0016256597126014557,0.011297743201418645,,False,0.9869464805703384,0.984185393386109,0.982248118939986,0.9831954698242293,0.9393574297188755,0.9162529295564966,0.9139269415348414,0.9149329649473439
477,0.0016248157319858792,0.011286073153741822,,False,0.9869464805703384,0.983788477998655,0.982248118939986,0.9830012562034709,0.9393574297188755,0.9162529295564966,0.9139269415348414,0.9149329649473439
478,0.001623512518050591,0.011283914771995288,,False,0.9869464805703384,0.9846043366748114,0.982248118939986,0.983398580220176,0.9389558232931727,0.9159102044582897,0.913597234973681,0.9145997578175292
479,0.0016232825193494705,0.01130769579165397,,False,0.9869464805703384,0.9846091409950029,0.982248118939986,0.9834008150068466,0.9389558232931727,0.9159468503273813,0.913597234973681,0.9146173345325077
480,0.0016226176111719553,0.011292460557286473,,False,0.9869464805703384,0.9846022015760438,0.982248118939986,0.983397230576705,0.9393574297188755,0.916256102995604,0.9139726103490562,0.9149699601055621
481,0.0016212568956771054,0.011275163776778589,,False,0.9869464805703384,0.984612162847498,0.982248118939986,0.9834019014877582,0.9393574297188755,0.916256102995604,0.9139726103490562,0.9149699601055621
482,0.0016206858448023804,0.011270855914106565,,False,0.9869464805703384,0.9841978792566286,0.982248118939986,0.983200989152318,0.9385542168674699,0.9155082998293916,0.9132353095303222,0.9142236917534743
483,0.0016195224882711884,0.011287365298583367,,False,0.9869464805703384,0.9841899057391562,0.982248118939986,0.983197631274085,0.9389558232931727,0.9159102044582897,0.913597234973681,0.9145997578175292
484,0.001619084457048084,0.01127274646189922,,False,0.9869464805703384,0.9850311573259272,0.982248118939986,0.9836040968719103,0.9393574297188755,0.916256102995604,0.9139726103490562,0.9149699601055621
485,0.0016179694915919357,0.011280358396963043,,False,0.9869464805703384,0.9841893563072881,0.982248118939986,0.9831970445852574,0.9389558232931727,0.9159102044582897,0.913597234973681,0.9145997578175292
486,0.0016174874539769512,0.011263878854523053,,False,0.9869464805703384,0.9850361244596146,0.982248118939986,0.9836067618196017,0.9393574297188755,0.916256102995604,0.9139726103490562,0.9149699601055621
487,0.0016169015083352793,0.011274853578578445,,False,0.9869464805703384,0.9841978792566286,0.982248118939986,0.983200989152318,0.9393574297188755,0.9162529295564966,0.9139269415348414,0.9149329649473439
488,0.0016162677615918616,0.01128891167047112,,False,0.9869464805703384,0.9841899057391562,0.982248118939986,0.983197631274085,0.9389558232931727,0.9159102044582897,0.913597234973681,0.9145997578175292
489,0.0016152021921051881,0.011298747156646985,,False,0.9869464805703384,0.9846037872429435,0.982248118939986,0.9833979935313484,0.9389558232931727,0.9159102044582897,0.913597234973681,0.9145997578175292
490,0.0016144435720297382,0.011283380257433973,,False,0.9869464805703384,0.9846091409950029,0.982248118939986,0.9834008150068466,0.9389558232931727,0.9159102044582897,0.913597234973681,0.9145997578175292
491,0.0016137010611656176,0.011284370901091266,,False,0.9869464805703384,0.9850361244596146,0.982248118939986,0.9836067618196017,0.9389558232931727,0.9159102044582897,0.913597234973681,0.9145997578175292
492,0.0016129480767011377,0.011276141272017726,,False,0.9869464805703384,0.984612162847498,0.982248118939986,0.9834019014877582,0.9389558232931727,0.9159102044582897,0.913597234973681,0.9145997578175292
493,0.0016124657101392835,0.011269389297100153,,False,0.9869464805703384,0.9846096825695625,0.982248118939986,0.9834010107157527,0.9393574297188755,0.916256102995604,0.9139726103490562,0.9149699601055621
494,0.0016120446029782693,0.011292901117317797,,False,0.9869464805703384,0.9841846901789215,0.982248118939986,0.9831948445946751,0.9389558232931727,0.9159102044582897,0.913597234973681,0.9145997578175292
495,0.0016111152488207272,0.011293414893271618,,False,0.9869464805703384,0.984612162847498,0.982248118939986,0.9834019014877582,0.9389558232931727,0.9159468503273813,0.913597234973681,0.9146173345325077
496,0.0016104998716257282,0.011287409168514789,,False,0.9869464805703384,0.9846091409950029,0.982248118939986,0.9834008150068466,0.9389558232931727,0.9159468503273813,0.913597234973681,0.9146173345325077
497,0.0016094871246697783,0.011280561124194646,,False,0.9869464805703384,0.9841947100593474,0.982248118939986,0.9831998660607556,0.9389558232931727,0.9159102044582897,0.913597234973681,0.9145997578175292
498,0.0016089796606897917,0.011288792405694375,,False,0.9869464805703384,0.9846091409950029,0.982248118939986,0.9834008150068466,0.9389558232931727,0.9159468503273813,0.913597234973681,0.9146173345325077
499,0.0016082368901222076,0.011279156718745057,,False,0.9869464805703384,0.9846091409950029,0.982248118939986,0.9834008150068466,0.9389558232931727,0.9159102044582897,0.913597234973681,0.9145997578175292
500,0.0016079242052074705,0.011274548299261257,,False,0.9869464805703384,0.9846037872429435,0.982248118939986,0.9833979935313484,0.9389558232931727,0.9159102044582897,0.913597234973681,0.9145997578175292
501,0.0016071484522313703,0.011282126434020781,,False,0.9869464805703384,0.9846043366748114,0.982248118939986,0.983398580220176,0.9389558232931727,0.9159102044582897,0.913597234973681,0.9145997578175292
502,0.0016063943862952566,0.01127768093405506,,False,0.9869464805703384,0.9846043366748114,0.982248118939986,0.983398580220176,0.9389558232931727,0.9159102044582897,0.913597234973681,0.9145997578175292
503,0.001605603665567726,0.011275650384899721,,False,0.9869464805703384,0.9846091409950029,0.982248118939986,0.9834008150068466,0.9389558232931727,0.9159102044582897,0.913597234973681,0.9145997578175292
504,0.0016050919044452237,0.011272162343306394,,False,0.9869464805703384,0.9846091409950029,0.982248118939986,0.9834008150068466,0.9389558232931727,0.9159102044582897,0.913597234973681,0.9145997578175292
505,0.001604572993016261,0.011276277106184486,,False,0.9869464805703384,0.9846043366748114,0.982248118939986,0.983398580220176,0.9389558232931727,0.9159102044582897,0.913597234973681,0.9145997578175292
506,0.0016040117112489287,0.011265326665002358,,False,0.9869464805703384,0.9850361244596146,0.982248118939986,0.9836067618196017,0.9393574297188755,0.916256102995604,0.9139726103490562,0.9149699601055621
507,0.0016030552621385304,0.011270477312026763,,False,0.9869464805703384,0.9850361244596146,0.982248118939986,0.9836067618196017,0.9389558232931727,0.9159102044582897,0.913597234973681,0.9145997578175292
508,0.0016023559334117628,0.011280547543149489,,False,0.9869464805703384,0.9846091409950029,0.982248118939986,0.9834008150068466,0.9393574297188755,0.9163058086242746,0.9139713464589035,0.9149839371991845
509,0.001601569818139049,0.011278601451848622,,False,0.9870468922582588,0.9842904262985989,0.982341489621592,0.9832942507635148,0.9393574297188755,0.9163058086242746,0.9139713464589035,0.9149839371991845
510,0.0016007193599782861,0.011263736594647505,,False,0.9870468922582588,0.9842904262985989,0.982341489621592,0.9832942507635148,0.9393574297188755,0.916256102995604,0.9139726103490562,0.9149699601055621
511,0.001600069784578403,0.011261168221983447,,False,0.9870468922582588,0.9842904262985989,0.982341489621592,0.9832942507635148,0.9393574297188755,0.9163058086242746,0.9139713464589035,0.9149839371991845
512,0.001599100470499957,0.011269789792632507,,False,0.9871473039461793,0.9847983856224616,0.9824348603031979,0.9835889213978454,0.9393574297188755,0.9163058086242746,0.9139713464589035,0.9149839371991845
513,0.0015983795497349954,0.011249119824619706,,False,0.9871473039461793,0.9847983856224616,0.9824348603031979,0.9835889213978454,0.9393574297188755,0.916256102995604,0.9139726103490562,0.9149699601055621
514,0.0015972836460012526,0.011267464885491338,,False,0.9871473039461793,0.9847889884728941,0.9824348603031979,0.983583920433164,0.9393574297188755,0.9163058086242746,0.9139713464589035,0.9149839371991845
515,0.0015966619273191731,0.011251207849473753,,False,0.9871473039461793,0.984793732460031,0.9824348603031979,0.9835866854116324,0.9393574297188755,0.916291537708116,0.9139726103490562,0.9149875573787979
516,0.001595600382241088,0.011239780995057274,,False,0.9872477156340999,0.9848997184219623,0.9829468930732952,0.9839024681851767,0.9393574297188755,0.916256102995604,0.9139726103490562,0.9149699601055621
517,0.0015932615353497221,0.01126817777490054,,False,0.9872477156340999,0.9844846344570963,0.9829468930732952,0.9836995725910511,0.9389558232931727,0.9159395829576921,0.9136094210155448,0.9146166497230107
518,0.0015913174612653166,0.01127208157333492,,False,0.9872477156340999,0.9844804256319883,0.9829468930732952,0.9836974483713341,0.9389558232931727,0.9159395829576921,0.9136094210155448,0.9146166497230107
519,0.0015890248138207665,0.011263100382662572,,False,0.9872477156340999,0.9848967913732634,0.9829468930732952,0.9839005834585254,0.9393574297188755,0.9162842703384264,0.9139847963909202,0.9149868725693009
520,0.0015866349806596604,0.011257650273029393,,False,0.9872477156340999,0.9844846344570963,0.9829468930732952,0.9836995725910511,0.9393574297188755,0.9162842703384264,0.9139847963909202,0.9149868725693009
521,0.001584761966941767,0.011307816642871567,,False,0.9872477156340999,0.984485858498038,0.9829468930732952,0.9836995631768706,0.9389558232931727,0.9159395829576921,0.9136094210155448,0.9146166497230107
522,0.0015823296184409401,0.011275345554370899,,False,0.9872477156340999,0.9848967913732634,0.9829468930732952,0.9839005834585254,0.9393574297188755,0.9162842703384264,0.9139847963909202,0.9149868725693009
523,0.0015849019903080399,0.011313250319676903,,False,0.9872477156340999,0.9853072552435417,0.9829468930732952,0.9840986714257407,0.9389558232931727,0.9159961955475132,0.9136407309671964,0.9146598888559946
524,0.0015772577041540648,0.011315208745254716,,False,0.9872477156340999,0.9848970868132105,0.9829468930732952,0.9838999900633232,0.9385542168674699,0.9155896299257145,0.9132365649379908,0.9142384169962532
525,0.0015750159272217852,0.01129911430585852,,False,0.9872477156340999,0.9848928779881025,0.9829468930732952,0.983897865843606,0.9393574297188755,0.9162842703384264,0.9139847963909202,0.9149868725693009
526,0.0015740224323004732,0.011293338312908676,,False,0.9872477156340999,0.985309644395846,0.9829468930732952,0.9841006550322502,0.9389558232931727,0.9159053953901866,0.9136228709475616,0.9146148695933678
527,0.001572646845399175,0.011312026364729073,,False,0.9872477156340999,0.9857435174212706,0.9829468930732952,0.9843093182175592,0.9393574297188755,0.9162842703384264,0.9139847963909202,0.9149868725693009
528,0.0015713603587951632,0.011306535242931882,,False,0.9872477156340999,0.9857393085961628,0.9829468930732952,0.9843071939978422,0.9393574297188755,0.9162842703384264,0.9139847963909202,0.9149868725693009
529,0.0015704731138702574,0.011297213647216192,,False,0.9872477156340999,0.9857393085961628,0.9829468930732952,0.9843071939978422,0.9393574297188755,0.9162842703384264,0.9139847963909202,0.9149868725693009
530,0.0015693731906463284,0.011302070403962744,,False,0.9872477156340999,0.9857392304620307,0.9829468930732952,0.9843071155191713,0.9393574297188755,0.9162842703384264,0.9139847963909202,0.9149868725693009
531,0.0015685047745560366,0.011310320132121712,,False,0.9872477156340999,0.9857393085961628,0.9829468930732952,0.9843071939978422,0.9393574297188755,0.9162842703384264,0.9139847963909202,0.9149868725693009
532,0.0015678890088302458,0.011293103786390903,,False,0.9872477156340999,0.9853099398357933,0.9829468930732952,0.9841000616370478,0.9393574297188755,0.9162842703384264,0.9139847963909202,0.9149868725693009
533,0.001567262889901785,0.011306147635157759,,False,0.9872477156340999,0.9848939590864652,0.9829468930732952,0.9838984882372839,0.9389558232931727,0.9159053953901866,0.9136228709475616,0.9146148695933678
534,0.001566577805531916,0.011296830080105623,,False,0.9872477156340999,0.9857392304620307,0.9829468930732952,0.9843071155191713,0.9393574297188755,0.9162842703384264,0.9139847963909202,0.9149868725693009
535,0.0015662927510255436,0.011324838149461947,,False,0.9872477156340999,0.9857403896945254,0.9829468930732952,0.9843078163915201,0.9393574297188755,0.9162842703384264,0.9139847963909202,0.9149868725693009
536,0.0015653546220872542,0.011317382814572442,,False,0.9872477156340999,0.9857393085961628,0.9829468930732952,0.9843071939978422,0.9393574297188755,0.9162842703384264,0.9139847963909202,0.9149868725693009
537,0.001564850218917887,0.01131779316562791,,False,0.9872477156340999,0.9857435174212706,0.9829468930732952,0.9843093182175592,0.9393574297188755,0.9162842703384264,0.9139847963909202,0.9149868725693009
538,0.0015639457814258446,0.011319734059713303,,False,0.9872477156340999,0.9857393085961628,0.9829468930732952,0.9843071939978422,0.9393574297188755,0.9162842703384264,0.9139847963909202,0.9149868725693009
539,0.0015632718585153129,0.011316823446048334,,False,0.9872477156340999,0.9853110209341557,0.9829468930732952,0.9841006840307256,0.9389558232931727,0.9159395829576921,0.9136094210155448,0.9146166497230107
540,0.0015626656192052851,0.011311047514892073,,False,0.9872477156340999,0.9848970868132105,0.9829468930732952,0.9838999900633232,0.9393574297188755,0.9162842703384264,0.9139847963909202,0.9149868725693009
541,0.0015620287101531642,0.0113222405575829,,False,0.9872477156340999,0.9857393085961628,0.9829468930732952,0.9843071939978422,0.9393574297188755,0.9162842703384264,0.9139847963909202,0.9149868725693009
542,0.0015614398064108354,0.011306165472456707,,False,0.9872477156340999,0.9857393085961628,0.9829468930732952,0.9843071939978422,0.9393574297188755,0.9162842703384264,0.9139847963909202,0.9149868725693009
543,0.0015608929961329955,0.011304900742062252,,False,0.9872477156340999,0.9857393085961628,0.9829468930732952,0.9843071939978422,0.9389558232931727,0.9159053953901866,0.9136228709475616,0.9146148695933678
544,0.001560578437029945,0.011314557911697313,,False,0.9872477156340999,0.9853174208293117,0.9829468930732952,0.9841038417760952,0.9385542168674699,0.9155607080094522,0.9132474955721861,0.9142446467470777
545,0.0015592971813678188,0.011312963604748124,,False,0.9872477156340999,0.9857393085961628,0.9829468930732952,0.9843071939978422,0.9393574297188755,0.9162842703384264,0.9139847963909202,0.9149868725693009
546,0.0015586444600789507,0.01130831637823127,,False,0.9872477156340999,0.9857393085961628,0.9829468930732952,0.9843071939978422,0.9393574297188755,0.9162842703384264,0.9139847963909202,0.9149868725693009
547,0.0015577682810703516,0.011329868284411413,,False,0.9872477156340999,0.9857435174212706,0.9829468930732952,0.9843093182175592,0.9385542168674699,0.9155896299257145,0.9132365649379908,0.9142384169962532
548,0.0015567510085187602,0.011311454768777847,,False,0.9872477156340999,0.9857393085961628,0.9829468930732952,0.9843071939978422,0.9397590361445783,0.9166347471661219,0.9143467218342788,0.9153456019996169
549,0.0015554515400418576,0.011330749864186966,,False,0.9872477156340999,0.9857393085961628,0.9829468930732952,0.9843071939978422,0.9385542168674699,0.9155607080094522,0.9132474955721861,0.9142446467470777
550,0.001553584349109751,0.011320556207666716,,False,0.9872477156340999,0.9857393085961628,0.9829468930732952,0.9843071939978422,0.9389558232931727,0.9148209599051655,0.9135984903813495,0.9140670499990308
551,0.0015516862496600399,0.0113125146769806,,False,0.9872477156340999,0.9853174208293117,0.9829468930732952,0.9841038417760952,0.9385542168674699,0.914442298524443,0.9132365649379908,0.9136956978140124
552,0.0015497283220334383,0.011320833483390955,,False,0.9872477156340999,0.9857456321151038,0.9829468930732952,0.984309864267255,0.9393574297188755,0.9151656472859,0.9139738657567248,0.9144372728453212
553,0.0015488732905512015,0.011321374222426656,,False,0.9872477156340999,0.9857383561481833,0.9829468930732952,0.9843064879467219,0.9389558232931727,0.915911398404665,0.9136094210155448,0.9146040269683081
554,0.001551130411533942,0.011351895007933134,,False,0.9872477156340999,0.9857317522102205,0.9829468930732952,0.9843019483553737,0.9381526104417671,0.9152419508175704,0.9128490035207515,0.9138713478115599
555,0.0015474141615112345,0.011305247635897927,,False,0.9872477156340999,0.9857383561481833,0.9829468930732952,0.9843064879467219,0.9385542168674699,0.914442298524443,0.9132365649379908,0.9136956978140124
556,0.001546914580616044,0.011294233478270906,,False,0.9872477156340999,0.9853166153643882,0.9829468930732952,0.9841031722907417,0.9389558232931727,0.9147869859051774,0.913611940313366,0.9140659206603026
557,0.001546460082855918,0.011296399545824285,,False,0.9872477156340999,0.9857383561481833,0.9829468930732952,0.9843064879467219,0.9389558232931727,0.9147869859051774,0.913611940313366,0.9140659206603026
558,0.0015459596747054198,0.011317589021914902,,False,0.9872477156340999,0.9853120545296262,0.9829468930732952,0.9841006076867436,0.9389558232931727,0.9147869859051774,0.913611940313366,0.9140659206603026
559,0.0015450311834369055,0.011305592031710492,,False,0.9872477156340999,0.9853120545296262,0.9829468930732952,0.9841006076867436,0.9385542168674699,0.914454474620813,0.9132268981939481,0.9136911624862708
560,0.001544894412577248,0.011321793160656877,,False,0.9873481273220203,0.9854051888443477,0.9830408162441415,0.9841940568640051,0.9377510040160643,0.9137727261410783,0.9124761474431975,0.9129623211102493
561,0.0015442650410600577,0.011321264180787114,,False,0.9873481273220203,0.985838766429825,0.9830408162441415,0.9844033134445165,0.9377510040160643,0.9137914783730798,0.9124883334850613,0.9129758586468459
562,0.0015434778159020444,0.011313635413148958,,False,0.9873481273220203,0.9858345576047172,0.9830408162441415,0.9844011892247997,0.9381526104417671,0.9140922206961952,0.9128637088604368,0.9133167675402399
563,0.0015430624398842005,0.011304406556263078,,False,0.9873481273220203,0.9854063305276431,0.9830408162441415,0.9841949289829063,0.9389558232931727,0.9148066889890067,0.9135997542715022,0.9140706701786444
564,0.0015422844288434663,0.011312676684335223,,False,0.9873481273220203,0.985402121702535,0.9830408162441415,0.9841928047631892,0.9377510040160643,0.9137312079765879,0.9124895973752142,0.9129502691543886
565,0.0015417629502671336,0.011321115084091352,,False,0.9873481273220203,0.9854108304251028,0.9830408162441415,0.9841971264597061,0.9377510040160643,0.9137312079765879,0.9124895973752142,0.9129502691543886
566,0.0015412598913280972,0.011317969992407993,,False,0.9873481273220203,0.9854138975669154,0.9830408162441415,0.9841983785605221,0.9373493975903614,0.9133910447377764,0.9121142219998387,0.9125911291605809
567,0.001540684286510318,0.01132293771735271,,False,0.9873481273220203,0.9854051888443477,0.9830408162441415,0.9841940568640051,0.9377510040160643,0.9137498878936839,0.9124883334850613,0.9129570904600465
568,0.0015401834953757952,0.011313364117269903,,False,0.9873481273220203,0.9854108304251028,0.9830408162441415,0.9841971264597061,0.9381526104417671,0.9140922206961952,0.9128637088604368,0.9133167675402399
569,0.0015398335392768844,0.011326598403269073,,False,0.9873481273220203,0.9854051888443477,0.9830408162441415,0.9841940568640051,0.9377510040160643,0.9137498878936839,0.9124883334850613,0.9129570904600465
570,0.0015387538599820397,0.011318082099852437,,False,0.9873481273220203,0.9854108304251028,0.9830408162441415,0.9841971264597061,0.9381526104417671,0.9140922206961952,0.9128637088604368,0.9133167675402399
571,0.0015380849836413594,0.011312090520640998,,False,0.9873481273220203,0.9854063305276431,0.9830408162441415,0.9841949289829063,0.9381526104417671,0.9140922206961952,0.9128637088604368,0.9133167675402399
572,0.0015372575818895689,0.01132510949255276,,False,0.9873481273220203,0.9849852068379003,0.9830408162441415,0.9839906455355142,0.9381526104417671,0.9140922206961952,0.9128637088604368,0.9133167675402399
573,0.0015364142465648318,0.011332863500524726,,False,0.9873481273220203,0.985402121702535,0.9830408162441415,0.9841928047631892,0.9377510040160643,0.9137498878936839,0.9124883334850613,0.9129570904600465
574,0.0015355145711864527,0.011340923060289351,,False,0.9873481273220203,0.9854063305276431,0.9830408162441415,0.9841949289829063,0.9377510040160643,0.9137727261410783,0.9124761474431975,0.9129623211102493
575,0.0015360715207788508,0.011404590210999679,,False,0.9873481273220203,0.9854097496791095,0.9830408162441415,0.9841966214680034,0.9377510040160643,0.9137498878936839,0.9124883334850613,0.9129570904600465
576,0.0015332880583154023,0.01135985332410626,,False,0.9873481273220203,0.985402121702535,0.9830408162441415,0.9841928047631892,0.9377510040160643,0.9137498878936839,0.9124883334850613,0.9129570904600465
577,0.0015324144452831651,0.011342194191494478,,False,0.9873481273220203,0.985402121702535,0.9830408162441415,0.9841928047631892,0.9373493975903614,0.9133910447377764,0.9121142219998387,0.9125911291605809
578,0.0015316874893824325,0.011343379167356728,,False,0.9873481273220203,0.9854063305276431,0.9830408162441415,0.9841949289829063,0.9373493975903614,0.9133910447377764,0.9121142219998387,0.9125911291605809
579,0.0015310372442515557,0.011338284369292453,,False,0.9873481273220203,0.9854063305276431,0.9830408162441415,0.9841949289829063,0.9373493975903614,0.9133910447377764,0.9121142219998387,0.9125911291605809
580,0.001530710508654207,0.011343089155394101,,False,0.9873481273220203,0.9854063305276431,0.9830408162441415,0.9841949289829063,0.9373493975903614,0.9133910447377764,0.9121142219998387,0.9125911291605809
581,0.0015315637873638973,0.01139194938499173,,False,0.9873481273220203,0.9853989720973918,0.9830408162441415,0.9841911792800884,0.9377510040160643,0.9137498878936839,0.9124883334850613,0.9129570904600465
582,0.0015294863095529747,0.011340929400374972,,False,0.9873481273220203,0.9854063305276431,0.9830408162441415,0.9841949289829063,0.9377510040160643,0.9137498878936839,0.9124883334850613,0.9129570904600465
583,0.0015288861204466458,0.011339863078516107,,False,0.9873481273220203,0.9854063305276431,0.9830408162441415,0.9841949289829063,0.9381526104417671,0.9140922206961952,0.9128637088604368,0.9133167675402399
584,0.0015285198275976797,0.011340044738155121,,False,0.9873481273220203,0.985402121702535,0.9830408162441415,0.9841928047631892,0.9381526104417671,0.9140922206961952,0.9128637088604368,0.9133167675402399
585,0.0015286303018290641,0.011342404333844733,,False,0.9873481273220203,0.9854033619792106,0.9830408162441415,0.9841937589345121,0.9381526104417671,0.9141119237800246,0.9128515228185727,0.9133215170585819
586,0.0015276942117938357,0.011358602294337647,,False,0.9873481273220203,0.9854033619792106,0.9830408162441415,0.9841937589345121,0.9381526104417671,0.9140922206961952,0.9128637088604368,0.9133167675402399
587,0.001527292357588738,0.011347153865940046,,False,0.9873481273220203,0.9854063305276431,0.9830408162441415,0.9841949289829063,0.9381526104417671,0.9140922206961952,0.9128637088604368,0.9133167675402399
588,0.0015271944468576402,0.011361716039176704,,False,0.9873481273220203,0.9854063305276431,0.9830408162441415,0.9841949289829063,0.9381526104417671,0.9140922206961952,0.9128637088604368,0.9133167675402399
589,0.0015264158670036585,0.011339790897846007,,False,0.9873481273220203,0.9854063305276431,0.9830408162441415,0.9841949289829063,0.9381526104417671,0.9140922206961952,0.9128637088604368,0.9133167675402399
590,0.0015260541940168213,0.011336929155665405,,False,0.9873481273220203,0.9854063305276431,0.9830408162441415,0.9841949289829063,0.9373493975903614,0.9133910447377764,0.9121142219998387,0.9125911291605809
591,0.0015257221876700156,0.011342380771934266,,False,0.9873481273220203,0.9854063305276431,0.9830408162441415,0.9841949289829063,0.9373493975903614,0.9133910447377764,0.9121142219998387,0.9125911291605809
592,0.0015252166759118205,0.01134122486967182,,False,0.9873481273220203,0.9854063305276431,0.9830408162441415,0.9841949289829063,0.9381526104417671,0.9140922206961952,0.9128637088604368,0.9133167675402399
593,0.0015249517046175118,0.011344506322791418,,False,0.9873481273220203,0.9854063305276431,0.9830408162441415,0.9841949289829063,0.9377510040160643,0.9137498878936839,0.9124883334850613,0.9129570904600465
594,0.0015244966887091554,0.01132269088100613,,False,0.9873481273220203,0.9854063305276431,0.9830408162441415,0.9841949289829063,0.9381526104417671,0.9140393031498552,0.9128649727505894,0.9133022620490512
595,0.001524322384312081,0.01133116055105562,,False,0.9873481273220203,0.9854063305276431,0.9830408162441415,0.9841949289829063,0.9381526104417671,0.9140922206961952,0.9128637088604368,0.9133167675402399
596,0.001523817644647542,0.011335258520301992,,False,0.9873481273220203,0.9854063305276431,0.9830408162441415,0.9841949289829063,0.9381526104417671,0.9140922206961952,0.9128637088604368,0.9133167675402399
597,0.0015234771350528694,0.011332599583665155,,False,0.9873481273220203,0.9854108304251028,0.9830408162441415,0.9841971264597061,0.9381526104417671,0.9140922206961952,0.9128637088604368,0.9133167675402399
598,0.0015230801310987417,0.011345110774380298,,False,0.9873481273220203,0.9854063305276431,0.9830408162441415,0.9841949289829063,0.9385542168674699,0.9144912230199588,0.9132378203456594,0.9137008392022854
599,0.0015227038918904654,0.011345694900117394,,False,0.9873481273220203,0.9854063305276431,0.9830408162441415,0.9841949289829063,0.9381526104417671,0.9140922206961952,0.9128637088604368,0.9133167675402399
600,0.0015223961004326902,0.01134603688261419,,False,0.9873481273220203,0.9854063305276431,0.9830408162441415,0.9841949289829063,0.9381526104417671,0.9141305479369292,0.9128828327702245,0.9133440125393657
