epoch,mse,validation_mse,accuracy,converged,training_accuracy,training_macro_precision_present,training_macro_recall_present,training_macro_f1_present,validation_accuracy,validation_macro_precision_present,validation_macro_recall_present,validation_macro_f1_present
0,0.3729892751175626,0.37276621173254126,,False,0.1352545436288784,0.10688998377304279,0.12326955111673679,0.09137422031078449,0.13413654618473897,0.0931785788430443,0.12289726605807674,0.09068019551158317
1,0.08648032713577401,0.08629122459898322,,False,0.3490310272115674,0.26760027422728955,0.3145809387469163,0.28341502701351157,0.3614457831325301,0.2719755590657199,0.3221878568969494,0.28954341546874346
2,0.07319965914961037,0.07319259655924498,,False,0.47042875790742045,0.370634016212347,0.4214941102661441,0.3787535151964534,0.4650602409638554,0.3966948766307329,0.4147693592751863,0.3712345723412429
3,0.06418375844400823,0.06455061634237932,,False,0.5530675770659704,0.46221960333723633,0.49696337887916336,0.4588478132625135,0.5578313253012048,0.49548390859575686,0.4999389522418682,0.46152656423561567
4,0.05722818749246951,0.057785514201979485,,False,0.6101014158047997,0.5126222379806126,0.5501391103471502,0.5114626503635908,0.6096385542168675,0.5385979106650529,0.5481235130206804,0.5079064370346766
5,0.05234750341049211,0.05301602210401759,,False,0.6468520935836931,0.5546323071871312,0.5846391328408124,0.5451251059789698,0.6421686746987951,0.569027660290098,0.5781591614560825,0.5365121302487845
6,0.048788522536334485,0.04951870576721718,,False,0.6722562506275731,0.5516462568412214,0.6072908976686607,0.5649467281688393,0.6678714859437751,0.591057148799624,0.6020063198503396,0.5583971008926467
7,0.04604930396902926,0.04682179763622056,,False,0.6906315895170198,0.6418447073106524,0.6243483490469183,0.580436804783964,0.6899598393574298,0.6096815966092485,0.6225503557513485,0.5772644045339416
8,0.04384438129403514,0.044697858672008824,,False,0.707199518023898,0.6535150398802587,0.6396174797646412,0.5945810699248795,0.7080321285140563,0.6250470086650437,0.6392357976345662,0.5924128180507281
9,0.04203260939866061,0.04292309144156706,,False,0.7190480971985139,0.664985054456322,0.6505455118428086,0.6048548675578823,0.7168674698795181,0.6332510619909315,0.6474669726230045,0.599967550127642
10,0.040505917178694235,0.041446908139533827,,False,0.7299929711818456,0.6741687136711829,0.6607037003131261,0.6141207068171798,0.7281124497991968,0.6429445486646723,0.6578289215038785,0.6094611798576682
11,0.03920124570294973,0.04020753685209019,,False,0.7393312581584497,0.670766920448288,0.6688526725878131,0.6212088395143258,0.7357429718875502,0.6511346267597924,0.6648569079256438,0.616279300843759
12,0.038056027308191236,0.03910237587245206,,False,0.7467617230645647,0.6865759555011235,0.6757485225440142,0.6274724539017392,0.7453815261044177,0.6585049098410514,0.6737635212912144,0.6243540353879798
13,0.03705336211279438,0.038128523986073706,,False,0.7524851892760317,0.6975154486321754,0.6810106767417425,0.6322399313896401,0.7477911646586345,0.6612087118745986,0.6759204746571915,0.6266187826420931
14,0.036159889632494426,0.037298180801129927,,False,0.7566020684807712,0.6952755477960191,0.6848438921097616,0.635828621561164,0.7526104417670683,0.6657398582710243,0.6803877988648467,0.6305631884894551
15,0.03536618928110067,0.03654493553924265,,False,0.7606185359975901,0.6937971329380613,0.6885852805203281,0.6390137532206156,0.755421686746988,0.5934470190360087,0.6830239413616357,0.6329644264375511
16,0.03464676987841911,0.035861540533377916,,False,0.765237473641932,0.6982713154678284,0.6928009605984822,0.643021498104107,0.7582329317269076,0.5965069793271154,0.6856029113896263,0.6356722582577738
17,0.03399856184318009,0.03525103556211427,,False,0.7676473541520233,0.697151830418103,0.6949965235203011,0.6449999729760592,0.761847389558233,0.5988372369148774,0.6889224514442952,0.6386524908893964
18,0.03342056436315835,0.03469710234963916,,False,0.7707601164775579,0.6999483101524866,0.697854614994972,0.6476279345028098,0.763855421686747,0.6001364715493733,0.6907775705855684,0.640349260429168
19,0.0328843555951702,0.03421390720256663,,False,0.7731699969876493,0.7025656153697619,0.7000899594224176,0.649767101350352,0.765863453815261,0.6021553659116401,0.6926717731200159,0.6421501163719596
20,0.032392450815671374,0.03374479184203266,,False,0.7754794658098203,0.7051147324446108,0.7021975157894568,0.6518817015825173,0.7678714859437751,0.6041683459737257,0.6944742855791506,0.6439733423986381
21,0.03192863044084236,0.03330802960891796,,False,0.7778893463199117,0.703135686812379,0.7043895643700129,0.6534818467704518,0.7686746987951807,0.6034325370522955,0.6951396640969721,0.644319130369429
22,0.031505476217855384,0.03292831750910588,,False,0.7796967567024802,0.707686671878635,0.7060560768795909,0.6551834159362594,0.7714859437751004,0.6067442271975265,0.6976860929717209,0.6468899701570661
23,0.031119015204531555,0.03258161740232073,,False,0.7813033437092077,0.7075495204775347,0.7075219563445302,0.6567146560337486,0.7734939759036145,0.6086286128382594,0.699584836273619,0.6487082367719031
24,0.030752145576890155,0.032262803009052106,,False,0.7831107540917763,0.7115697107455484,0.709194158591978,0.6582356916166449,0.7734939759036145,0.6090344382432057,0.6995959122891233,0.6487204691968149
25,0.03040501286633625,0.031913416718007445,,False,0.7853198112260267,0.7107171898517692,0.7111686592979917,0.6600256225273348,0.7771084337349398,0.6110954713311991,0.7028751513881423,0.6516286150245802
26,0.030075111489063038,0.03162981608819483,,False,0.7869263982327543,0.743584991812265,0.7126149052978751,0.6613193292249704,0.7779116465863454,0.6851204659659373,0.7036386200300984,0.6532089984962991
27,0.029766268441172705,0.031347334296256274,,False,0.788332161863641,0.6876813715499298,0.7139239265972724,0.6625784129302397,0.7803212851405622,0.6875334939907045,0.7058826680115509,0.6554200711931617
28,0.029482558690420053,0.031056485778038073,,False,0.7901395722462095,0.7062281535797152,0.715583432524363,0.6645357814211182,0.7815261044176707,0.6694856373126046,0.7070062748398558,0.6564299303573595
29,0.029191338075335017,0.03081343036181666,,False,0.7923486293804599,0.7171080720347348,0.7175633194860583,0.6666118932874145,0.7823293172690763,0.6817698110121363,0.7077626995683775,0.6578436088067563
30,0.02891408772661074,0.030555697862563486,,False,0.7946580982026308,0.7325295626211028,0.7196882415132991,0.6697212953609717,0.7831325301204819,0.6901209344687458,0.7084969407574647,0.659115229242275
31,0.028645788994456866,0.030275433543311563,,False,0.7967667436489607,0.7364870071954603,0.7216271746852696,0.6721134121742982,0.7855421686746988,0.7087068548643548,0.7106719577516132,0.6638621641504928
32,0.028358023971892316,0.02999003828390253,,False,0.7999799176624159,0.7445584723120293,0.7246026909053381,0.677712143460856,0.7899598393574297,0.7175916384515477,0.714798111306191,0.6698341331209022
33,0.028034779175648186,0.029647444421604063,,False,0.803795561803394,0.7400031736171578,0.7281064032843096,0.6846931291436397,0.793574297188755,0.7199915727583183,0.7181326553593845,0.676181378778131
34,0.027589910720001685,0.02912453296881451,,False,0.8093182046390199,0.7423949368056282,0.7332565618020398,0.6948862811531309,0.8012048192771084,0.7278826508563468,0.7253250332724601,0.6896190012157917
35,0.026845429596425514,0.02818320404471916,,False,0.8219700773169997,0.749543021148708,0.7450279221778786,0.7178335264034833,0.8140562248995984,0.7357202364333022,0.7371910286516559,0.710713013712369
36,0.025829948456418353,0.027009896612614975,,False,0.8374334772567527,0.7610419760340941,0.7594566640269648,0.7412309427654147,0.8281124497991967,0.7419514504125786,0.7503000532954786,0.7320655110546798
37,0.02479963087231424,0.02600452216062339,,False,0.8487799979917663,0.7725649377191164,0.7699991731727797,0.7565121455135431,0.8377510040160643,0.8404642424538642,0.7592441616807754,0.7443871568947567
38,0.023881443633686383,0.02519276570776429,,False,0.8559092278341199,0.7830820782651082,0.7766310557454073,0.7645564470549697,0.8437751004016064,0.8450434987988443,0.7649236044733316,0.7518452375217516
39,0.023055502963576918,0.024465506770215677,,False,0.8622351641731097,0.8028170490017549,0.7824995524134297,0.7716046833732592,0.8502008032128514,0.8503372135239156,0.770936828432752,0.7589832739591409
40,0.022324860654592348,0.023826235660967535,,False,0.8690631589517019,0.8087728686342384,0.7888606138323961,0.7788888698254366,0.8542168674698796,0.8533555186644144,0.7746900351808819,0.7637841866549321
41,0.021685328109176897,0.023288325015003056,,False,0.8754895069786123,0.8147286832812927,0.7947956989774818,0.7855054286056445,0.8606425702811245,0.8596142047754962,0.780666684049742,0.7705952756333028
42,0.021111594641236676,0.022775220814944812,,False,0.878401445928306,0.8167906785134256,0.7975006018738473,0.7885867247030768,0.8622489959839358,0.8608737791155809,0.7821943457963242,0.7725860275968832
43,0.02061584211249602,0.022350988090170464,,False,0.8808113264383974,0.8378230215992976,0.8001338405727251,0.7918573912124744,0.8650602409638555,0.8640061717456146,0.7847855969164815,0.7752956915003182
44,0.02016927186270477,0.02197877668910268,,False,0.8840245004518525,0.8218612897552504,0.8027385516785719,0.7940064782220683,0.8674698795180723,0.8663701665495589,0.7870768214509796,0.7778022606457742
45,0.019779207224011316,0.021624502115782394,,False,0.8858319108344211,0.8234454347787742,0.8043906322246542,0.7956895871411711,0.8678714859437751,0.866439158689917,0.7874222661971936,0.778151706548811
46,0.019427834460143935,0.021365556569818013,,False,0.8890450848478763,0.8263299219299393,0.8073693220230033,0.7987904261479555,0.8710843373493976,0.8699933430413962,0.790439864740274,0.7812915384446842
47,0.019098500610887203,0.021077730379786056,,False,0.8903504367908425,0.8276349883041924,0.8086220168132382,0.7999145984082521,0.8726907630522088,0.8717084458292206,0.7919100537774006,0.7826783212229311
48,0.018806785029275627,0.02084963201907687,,False,0.892157847173411,0.829329361750323,0.8102612182846827,0.8015843280643132,0.8738955823293173,0.8731881501467582,0.7930406756546208,0.7838042978136506
49,0.01852689520218834,0.020596353641071957,,False,0.8940656692439,0.8309660760121949,0.8120360227175212,0.8034217643998746,0.8755020080321285,0.874473035704793,0.7944936375015459,0.7853770975850778
50,0.01827577216264892,0.020387323296737092,,False,0.8950697861231047,0.8318260153594621,0.8129297752151712,0.8042652782524294,0.8771084337349397,0.8760939692843754,0.7959964979435031,0.7868104986029709
51,0.018043190206665668,0.02018487119657281,,False,0.8970780198815143,0.8337055923406749,0.8148166409667786,0.8062191084746421,0.8791164658634538,0.878326595569235,0.7978567507307219,0.7887353632200697
52,0.01781911529597773,0.020012113813465023,,False,0.8977809016969576,0.8343537422388709,0.8154624381733762,0.8068315169715352,0.8799196787148594,0.8792028772160838,0.7986235657616136,0.7894893168906624
53,0.01761257502263418,0.01982814063883923,,False,0.8987850185761622,0.8352515669405643,0.8163872619176582,0.8077686695192745,0.880722891566265,0.8799093819599166,0.7993641273058076,0.7902721176128282
54,0.017420504954350973,0.019670155085116745,,False,0.8990862536399237,0.8355533332214102,0.8166753849729771,0.807992993555358,0.8803212851405623,0.8795670373515168,0.7990015724500819,0.7898227011564829
55,0.01723462925785814,0.019523512486547233,,False,0.8999899588312079,0.8363336743683273,0.8175148182167887,0.8088134065242937,0.8795180722891566,0.8788677233116229,0.7982610109058876,0.7890331878054396
56,0.017062307130002147,0.019360647451084744,,False,0.9005924289587308,0.8368584358456,0.8180575768867603,0.8093441463987479,0.8815261044176707,0.8807636325466554,0.8001035275882934,0.7909218750502669
57,0.016893628059062766,0.019219260273701723,,False,0.9014961341500151,0.8285595219731109,0.8188934785934898,0.8103139634867469,0.8843373493975903,0.8836200377668656,0.8027223079848516,0.7936079043675369
58,0.016735692213839873,0.019082188110154046,,False,0.9022994276533789,0.8291978679982486,0.8196401670041606,0.8110328348972008,0.8847389558232932,0.8840718771622598,0.803114279489709,0.7940093315879869
59,0.016581826406879472,0.01892704688011339,,False,0.9027010744050608,0.8296477893839246,0.8200000138960936,0.8114280855177113,0.8863453815261044,0.8857251290382946,0.8045794239614321,0.7954920413817784
60,0.016439401334542712,0.018849182565247598,,False,0.9043076614117883,0.8402489643754047,0.8215053408016516,0.8127445343893915,0.8863453815261044,0.8857397095103141,0.8045465577975551,0.7952599944615429
61,0.016293718276979008,0.018727275556301368,,False,0.9050105432272316,0.8409115490909183,0.822151416430101,0.8134058071425142,0.88714859437751,0.8864937248118753,0.8052960446581531,0.795970569302467
62,0.016146885304659644,0.018583805674352926,,False,0.9054121899789136,0.8320850213689693,0.8225203881827688,0.813838124883026,0.8867469879518072,0.8861804626595873,0.8049638187991711,0.795682591479285
63,0.016020959237515717,0.018492759940369505,,False,0.9058138367305955,0.8416399349191529,0.8229114027828356,0.8142073954116591,0.8883534136546185,0.8878519739066502,0.8064331879862934,0.7971636902822243
64,0.01588792611061742,0.018359819642394276,,False,0.9060146601064364,0.8271447214037051,0.8230540005959772,0.8144481561036652,0.8907630522088353,0.8902705761563685,0.8086374205337601,0.799407922576147
65,0.015769030817678532,0.01825007549728795,,False,0.9065167185460388,0.8275462974531901,0.8235218302371268,0.8148711972176645,0.8907630522088353,0.7914792440060059,0.8086458403526184,0.7995073596539735
66,0.015648630204923547,0.018163559644830456,,False,0.9070187769856412,0.8279740875480325,0.8239691592775636,0.8153235146828046,0.8907630522088353,0.8901956303493538,0.8086381525745716,0.7993274043796036
67,0.015532936818194253,0.018055450295254884,,False,0.9073200120494026,0.82827639057066,0.8242474532435519,0.8155904594685244,0.891566265060241,0.8910927965438675,0.809374189503153,0.8001098390337258
68,0.015422181611709834,0.017957243464483765,,False,0.9081233055527663,0.8289658325149637,0.8250177121492785,0.816366272769674,0.8923694779116466,0.793021423394515,0.8101320877001249,0.8009924982294495
69,0.01532654466481413,0.017886963229989075,,False,0.9085249523044482,0.8293830363911097,0.82536543012545,0.8167632064103524,0.8927710843373494,0.8922259910452504,0.8104901179402381,0.8012368506210836
70,0.015207837700741168,0.01777548361949802,,False,0.9086253639923687,0.8294305487947577,0.8254519312558528,0.8167817230011382,0.8919678714859438,0.8914144068785349,0.8097483094708599,0.8004396838022289
71,0.015105964961246181,0.017693106990110122,,False,0.9092278341198916,0.8263439684911513,0.8259910657007979,0.8173853949195885,0.8919678714859438,0.8914351970318899,0.809747045580707,0.8004538752397489
72,0.015008049450178251,0.01761429038125191,,False,0.9099307159353349,0.8270075782657955,0.8266544100730074,0.8180266617327236,0.8923694779116466,0.8918111065703019,0.8101211655484138,0.8008101761815962
73,0.014911745906450773,0.017518758524349875,,False,0.9102319509990963,0.8272942159773632,0.8269317660210613,0.8183046019978915,0.8923694779116466,0.8918111065703019,0.8101211655484138,0.8008101761815962
74,0.014816827908244363,0.01744497219505897,,False,0.9107340094386986,0.8409174357853436,0.8277973852143762,0.819674833912772,0.893574297188755,0.8930145584276806,0.8112256399844466,0.8018946142473875
75,0.014723337177526588,0.01738034155694542,,False,0.9109348328145396,0.8510595718663402,0.8283995546493339,0.8208149367574398,0.8931726907630522,0.8926575860621753,0.810850256126587,0.8015640541278504
76,0.014633319302273054,0.017309570560866894,,False,0.9108344211266192,0.8410252769652039,0.8278992322595006,0.8197839570080674,0.8939759036144578,0.8934296605669206,0.8115997514696692,0.8022752006263141
77,0.014559645775950241,0.017227420760557197,,False,0.9115373029420625,0.8515655904029017,0.828977916538229,0.8214061022564325,0.8955823293172691,0.79589372249501,0.8131262519545427,0.8039724363941008
78,0.014458901928558194,0.017120817295115838,,False,0.9119389496937443,0.8519500091256396,0.8293298933857592,0.8217482975788095,0.8951807228915662,0.8945806216177798,0.8127195666275157,0.8034188831533299
79,0.014377665917968118,0.017074355225094203,,False,0.9119389496937443,0.8473727628854273,0.8293297368915474,0.8217527920721522,0.8947791164658635,0.7951126968270132,0.8124045738885246,0.8031903121146231
80,0.014290175335197663,0.017013685550950862,,False,0.9123405964454262,0.8600008964268944,0.8301217612770463,0.8230183250000389,0.8951807228915662,0.7954275013057317,0.8127342804496851,0.8035246259510093
81,0.014209776497154145,0.016926640823683725,,False,0.9128426548850286,0.8616589780034444,0.8310062109403968,0.8244167205640804,0.8951807228915662,0.7954275013057317,0.8127342804496851,0.8035246259510093
82,0.014131075721518602,0.01685976644388958,,False,0.9130434782608695,0.8669116730300098,0.8316285235573859,0.8255359096756492,0.8951807228915662,0.7954504164448181,0.8127786853737472,0.8035820543201984
83,0.01405544419011135,0.016783711583272038,,False,0.9134451250125515,0.8672771816304652,0.8319842661764432,0.8258898572766532,0.8959839357429719,0.7962555098593442,0.8134812480124619,0.8043204731129726
84,0.01397951662509471,0.01676308818889832,,False,0.9140475951400743,0.8720792976199653,0.8329750738586742,0.8273152061703406,0.8959839357429719,0.7962681785740218,0.8134889094387129,0.804278606081815
85,0.013914019344600122,0.0167163636958598,,False,0.9140475951400743,0.8757427763051369,0.8333936855986824,0.8281744918719764,0.8955823293172691,0.7959709939911974,0.813116061843643,0.8039021928322483
86,0.013831349273464228,0.016615897856797273,,False,0.9147504769555176,0.8763809532809149,0.8340489066993327,0.8288663489726509,0.8963855421686747,0.7965911359883237,0.8139010283118993,0.8047122198158536
87,0.013766609912550963,0.01654269129534437,,False,0.9143488302038357,0.8724064220766559,0.8332409340681131,0.827606376897264,0.8967871485943775,0.7970111674060967,0.8142571737319765,0.8050521201328017
88,0.013689038416759553,0.01648308129818009,,False,0.9151521237071996,0.8799124588589153,0.8348295470391756,0.8300996643553338,0.8975903614457831,0.8531665742728114,0.8166760863487582,0.8095890069870094
89,0.013620955950141225,0.016433650607628268,,False,0.9161562405864042,0.8918794070380716,0.837855655258277,0.835274501370606,0.8975903614457831,0.8531715428388438,0.8166438674665603,0.8095624166178096
90,0.01355198255827751,0.016370259335900545,,False,0.9162566522743247,0.8901957314253386,0.8375340025996232,0.834525180452657,0.8975903614457831,0.8532195042626536,0.8166870169829538,0.8096092094485923
91,0.013487598202234934,0.016294815767600588,,False,0.9167587107139271,0.8906588883082693,0.8379950473778948,0.8350009674558346,0.8979919678714859,0.8535520268850831,0.8170489424263123,0.8099757006547261
92,0.013424917821952076,0.016264403324689456,,False,0.9167587107139271,0.8940007043042715,0.8388316684206542,0.8366466189936858,0.8975903614457831,0.8532353731822531,0.8166824923673408,0.8095722291627847
93,0.0133613916932021,0.01618417642154172,,False,0.9174615925293704,0.8946801828196855,0.8394839294784772,0.8373386426918432,0.8987951807228916,0.8542585915247147,0.8177862347625622,0.8107122807672478
94,0.013292277263428543,0.01613920895434866,,False,0.9178632392810523,0.9000523153679146,0.8415272091498343,0.8409278513885439,0.8995983935742972,0.854981118038162,0.8184887974012769,0.8114276217281131
95,0.013231053207071082,0.01612468331233747,,False,0.9184657094085752,0.9016194163670662,0.842501365749641,0.8422435655525691,0.8987951807228916,0.872758461995275,0.8194439235824483,0.814267355651856
96,0.013171085625691319,0.016045866503408234,,False,0.9191685912240185,0.899157305355463,0.8431682840049094,0.8429009624240048,0.8995983935742972,0.8734415142674057,0.820185740534311,0.8150406775093562
97,0.013110471725378842,0.016010026980903834,,False,0.9191685912240185,0.8991709569219876,0.8431330882536058,0.8428453546572341,0.8995983935742972,0.8827281691015008,0.8218731374210582,0.8185095688440593
98,0.013047479513275425,0.015960905062418214,,False,0.9196706496636209,0.8996190745421383,0.8436149718319403,0.8433188115160152,0.9004016064257028,0.8833991087241729,0.8226335464333673,0.8192692554612235
99,0.012988495893714166,0.01590822930096884,,False,0.9199718847273822,0.9009367038674603,0.8443064640347004,0.8443780024637981,0.9012048192771084,0.884105393063852,0.8233504594521608,0.8199933909582494
100,0.01293077428252813,0.01585797138383518,,False,0.9205743548549051,0.902406455717147,0.8452682210490612,0.845705753828302,0.9016064257028112,0.8681312919641049,0.8237176330694596,0.8203243943345844
101,0.012875219442888896,0.015789556968792494,,False,0.920976001606587,0.9036847295339425,0.8460695553381101,0.8468571691169688,0.9008032128514056,0.8673838776803195,0.8229897894164707,0.8195847987075939
102,0.012816845389447438,0.015746464901327882,,False,0.9210764132945075,0.9037959112841379,0.8461637715474831,0.8469555913513749,0.9012048192771084,0.8569977346677228,0.8233422576940842,0.8199386401546572
103,0.012762464400691991,0.0157190209754229,,False,0.9218797067978712,0.9067838522846343,0.848142745720134,0.8499239949506485,0.9008032128514056,0.8490053386527325,0.8229803322507255,0.8195378902542904
104,0.01270858833378701,0.015664258605222612,,False,0.9225825886133145,0.9049930227970948,0.8487917773733931,0.850529540302323,0.9020080321285141,0.8577604957718705,0.82404004680309,0.8206285212811978
105,0.012654721986506237,0.015594997398860532,,False,0.9231850587408374,0.9063274857927335,0.8497553615128509,0.851839157920867,0.9028112449799197,0.8662882169837212,0.8264965778270799,0.8246671420119357
106,0.012602815759197203,0.015568653153221436,,False,0.9224821769253941,0.9063396440536535,0.8495658775601762,0.8519409388063912,0.9016064257028112,0.8576320476634989,0.8253567213464149,0.8234461463167404
107,0.012546008112498943,0.015511513320483226,,False,0.9233858821166784,0.9071446233422223,0.8503707166504729,0.8527524940848296,0.9024096385542169,0.8583304744575281,0.8261399005576613,0.8242265853915125
108,0.012494999487697122,0.015480415100996412,,False,0.9238879405562808,0.9082300258040726,0.8512477990456825,0.8539336358254614,0.9024096385542169,0.8582848289229444,0.826159024467449,0.8242415166751127
109,0.01244206943277274,0.015444390396012562,,False,0.9240887639321217,0.9084317109406899,0.851432045284245,0.8541250253882213,0.9028112449799197,0.8587054004111508,0.8264827020912322,0.8245779452472477
110,0.012393400198765957,0.015407473022905845,,False,0.9244904106838036,0.9072086004211012,0.852215756067724,0.8551430787062659,0.9032128514056225,0.8590095427135258,0.8268689996183187,0.8249490917262634
111,0.01234061915471839,0.015352199786779763,,False,0.924791645747565,0.9093351643566113,0.8537513723411373,0.8575548884084871,0.9044176706827309,0.8601546617404566,0.8279547759483948,0.8260728196800441
112,0.012294669034186198,0.015328757118578992,,False,0.9255949392509288,0.910052293402818,0.8544805205194089,0.8582676765776242,0.9032128514056225,0.8590877193150321,0.826844627534591,0.8249485635928483
113,0.012244067969512745,0.01527768790133424,,False,0.9256953509388492,0.9112700724310346,0.855411497520274,0.8597628018943976,0.9040160642570281,0.8659565203025207,0.8292641661466739,0.8287872289405029
114,0.012193567913350972,0.015262097680968846,,False,0.9258961743146902,0.9123222894174577,0.856422137248066,0.861278794419164,0.9040160642570281,0.8659135984236926,0.8292763521885378,0.8287936102172101
115,0.012145728140149751,0.01519063515713468,,False,0.9269002911938949,0.9132252528843873,0.8573671621604563,0.8622271770739823,0.9044176706827309,0.866258717327807,0.8296613943079557,0.8291811689991786
116,0.012095095849557374,0.015143572903398283,,False,0.9270007028818155,0.9120109099226844,0.8578618330138311,0.862909908414625,0.9040160642570281,0.8658580828495435,0.8292699461699552,0.8287910161473631
117,0.012048185996949767,0.015129447382415223,,False,0.9271011145697359,0.9147368696155243,0.8587961428607801,0.8644037579029277,0.9036144578313253,0.8655152607587902,0.8288958346847326,0.8284143075717391
118,0.01200335095953768,0.01507643233294495,,False,0.9274023496334973,0.9128532927296273,0.8586549250833466,0.8639475139121857,0.9052208835341365,0.8669585763691945,0.8303609706739713,0.8298959375196419
119,0.011956583580403399,0.015019753537044718,,False,0.9282056431368612,0.9132279049789465,0.8606511551435153,0.8665671825698292,0.9036144578313253,0.8654799690768602,0.8289080207265965,0.8284224624859629
120,0.01190880162269729,0.014991910796758354,,False,0.9280048197610202,0.9135234642984538,0.8608796890472732,0.8670200094587096,0.9044176706827309,0.866273431788759,0.8296127477035261,0.8291425541549204
121,0.011864004464680746,0.01495135655727043,,False,0.9279044080730997,0.9090084698560816,0.8607838503883257,0.866661245882404,0.9048192771084337,0.8657367814158472,0.8316634230043266,0.8323139746150646
122,0.011819664100175317,0.014897161758425956,,False,0.9284064665127021,0.9123506956804621,0.8612602418761477,0.8673179629918596,0.906425702811245,0.8799288182787689,0.8331424347294129,0.8341516062115121
123,0.011776531783505925,0.014883002758872822,,False,0.9292097600160659,0.9142615050204341,0.8632547693677988,0.8699461169609712,0.9044176706827309,0.8652830603434124,0.8313650263948177,0.8320046203631
124,0.011729047924583588,0.014864303286450825,,False,0.9297118184556682,0.9119439487780762,0.863717358983329,0.8701968008543285,0.9044176706827309,0.8606416943954813,0.8313471663751826,0.8318177635889045
125,0.011685981765816117,0.014808750870180952,,False,0.9293101717039863,0.9107323764228702,0.8637472321795637,0.8703497022503411,0.9048192771084337,0.8609496006248405,0.8316634230043266,0.8321628294550366
126,0.011639148895609385,0.01478864866648105,,False,0.9296114067677478,0.9122577936001964,0.8640379258662941,0.8707164013155468,0.9044176706827309,0.8605797335579454,0.83134590248503,0.831827250432735
127,0.01159925718541423,0.014734084030364527,,False,0.9299126418315092,0.9143197812135031,0.8647465926079605,0.8717390377016748,0.9068273092369478,0.8674590485055576,0.8335190655124568,0.8341828967184146
128,0.011557399142175953,0.014696058724608654,,False,0.9308163470227935,0.9141710614336057,0.8660070789004021,0.8730863938645457,0.906425702811245,0.8665740621924473,0.8348503084966423,0.836496154057033
129,0.01150989426058796,0.014672291368259807,,False,0.930715935334873,0.9116034600876743,0.8659088942655886,0.8727958809509819,0.9072289156626506,0.8719797637887172,0.8355672215154359,0.8374015670671191
130,0.011468962893209122,0.014647026313535346,,False,0.9312179937744753,0.9128206909403921,0.8672049844032137,0.8744361095447398,0.9068273092369478,0.8669556091993452,0.8352052960720773,0.8368455966455177
131,0.01142645541023106,0.014633526207815089,,False,0.9312179937744753,0.9132307358446076,0.867622317690012,0.8750022599596781,0.9056224899598394,0.8658455688893638,0.8340964030659419,0.8356976848843214
132,0.011383689571936922,0.014597694583516648,,False,0.9320212872778392,0.9151239206374088,0.8683713282970431,0.8758528952025985,0.906425702811245,0.8665882356040175,0.8348311845868547,0.8364438747954538
133,0.011343037360627941,0.014531377738747898,,False,0.932623757405362,0.915237341457574,0.8697609626555094,0.8774897117320222,0.9072289156626506,0.8755035431300962,0.8372507231989377,0.8401581520207366
134,0.011300390160397642,0.014513203853988545,,False,0.9327241690932825,0.915328175964383,0.8698556188692228,0.8775826428373823,0.906425702811245,0.8701701862261167,0.836515941678025,0.8391634496161315
135,0.011259774802103256,0.014499954434169295,,False,0.9330254041570438,0.9170946294627011,0.8705570980213532,0.8785333842272273,0.906425702811245,0.8701701862261167,0.836515941678025,0.8391634496161315
136,0.01122002706000823,0.014449546625246716,,False,0.9334270509087258,0.9184297505174757,0.8721801137036294,0.8806129299102916,0.9068273092369478,0.8750790366886018,0.8368778671213836,0.8397659145964435
137,0.011182603257603271,0.0144229077276561,,False,0.9332262275328849,0.916078052528428,0.8719848327647953,0.8801974757020159,0.9076305220883534,0.8744055883853737,0.839308336367662,0.8429370024537141
138,0.011142147228242309,0.014405912523026407,,False,0.9335274625966462,0.9190718119829587,0.8731196462336547,0.8818251944341182,0.9072289156626506,0.8740631330903335,0.8389662583924183,0.8425538992375341
139,0.011100337571204946,0.014384551404803273,,False,0.93433075610001,0.9201077591990445,0.8742699343057014,0.8831093013116509,0.9068273092369478,0.8736699253846489,0.8385921469071957,0.8421721754192849
140,0.011061505859394452,0.014339562180087166,,False,0.93433075610001,0.9193506119085728,0.8746921921797612,0.8835472651508303,0.9068273092369478,0.8736564241815277,0.8385921469071957,0.8421809367528861
141,0.01102215061799883,0.014322318442238953,,False,0.934531579475851,0.9205777874698463,0.8748788551460953,0.8838417138565993,0.9072289156626506,0.8740631330903335,0.8389662583924183,0.8425538992375341
142,0.0109824682680182,0.014288957231710852,,False,0.9347324028516919,0.9210297353035055,0.8754824215065754,0.8845770338238125,0.9072289156626506,0.8740631330903335,0.8389662583924183,0.8425538992375341
143,0.010946185323243263,0.014238975480922652,,False,0.934531579475851,0.921127771716588,0.8757279420191953,0.8849436759250424,0.9088353413654618,0.8799942707873731,0.8404261462077169,0.8443038194657907
144,0.010905920537196617,0.014239735126320941,,False,0.9353348729792148,0.9223287969827195,0.8773003121591525,0.8867341062960362,0.9076305220883534,0.8771761047156093,0.8410238715611427,0.8454767939778253
145,0.010870621711104781,0.014209154827799544,,False,0.9358369314188172,0.9227884007899024,0.8777583127109714,0.8872028593863627,0.9076305220883534,0.87714601876303,0.84101746554256,0.8454864866369898
146,0.010831373345262768,0.014178461787244478,,False,0.9358369314188172,0.9228025269326304,0.8777544034470368,0.8871907873289762,0.9088353413654618,0.8806940580089189,0.8437983977486604,0.8490555889354847
147,0.010793612677134964,0.014150809083756828,,False,0.936238578170499,0.9231580583347646,0.8781281543606316,0.8875649279970886,0.9088353413654618,0.8806860334562986,0.8438175216584481,0.849076331559632
148,0.010756821281961593,0.014132636260061698,,False,0.9366402249221809,0.9237649847104485,0.8789190435520832,0.8884600001151906,0.9088353413654618,0.880711056719023,0.8437983977486604,0.8490479716055073
149,0.010720847766339721,0.014090418240522623,,False,0.9363389898584196,0.9234801739917603,0.8786494979644035,0.8881931950710588,0.908433734939759,0.8803532520507701,0.8434625340830133,0.8487130448635924
150,0.010685841961952675,0.014057146428862551,,False,0.936238578170499,0.9236231393008669,0.8789695132882529,0.8886311036649741,0.9096385542168675,0.8855504902233812,0.8445471525684469,0.850159301453465
151,0.010648159330636767,0.014031078067842859,,False,0.9366402249221809,0.9239894446119273,0.8793306708631933,0.8889919380985476,0.9096385542168675,0.8855610903611105,0.8445280286586591,0.8501406028088925
152,0.01061426814860668,0.014027726703653617,,False,0.9375439301134653,0.9252950951190455,0.8810211161274092,0.8908555012411488,0.9088353413654618,0.8807373653985142,0.8438175216584481,0.8490705406428457
153,0.010576526164318319,0.013982680174413967,,False,0.9374435184255447,0.9251965752701113,0.8809262549386287,0.8907680075972367,0.9104417670682731,0.8883738279250548,0.8469922211089,0.853352313603314
154,0.010541649695806019,0.013982966223011286,,False,0.9375439301134653,0.9257051090391362,0.8818596175309774,0.8918807754456256,0.9096385542168675,0.8835615722403174,0.8462428402938125,0.8522235638019414
155,0.010511245251094396,0.013940257529943831,,False,0.9376443418013857,0.9256268281073936,0.881533998552437,0.8914568876850135,0.9104417670682731,0.8843516087711252,0.8469730971991124,0.8529742416431491
156,0.010476713412193375,0.013886475358190958,,False,0.9371422833617833,0.9259255826544778,0.8806301759332161,0.8906218907290104,0.9100401606425703,0.8839468470416002,0.8466117036050949,0.8526328012104265
157,0.010437084737563771,0.013889291217022062,,False,0.9379455768651471,0.9263075552452443,0.8826443206698538,0.8927578384657036,0.9108433734939759,0.8883153474000518,0.8507199920746198,0.8579475992539477
158,0.010405125308996172,0.013871636557153432,,False,0.9384476353047495,0.9287375372482537,0.8831090887420078,0.8934781327902745,0.9100401606425703,0.8839597889731547,0.8466111717557536,0.8526002320117178
159,0.010371204072452199,0.013845513788323941,,False,0.938347223616829,0.9268542289433918,0.8834392217821976,0.8936318083936925,0.9108433734939759,0.8865267380047883,0.8490173664813303,0.8556501216498497
160,0.010335792824547978,0.0138215115359808,,False,0.9389496937443519,0.9278012018658462,0.8848277573109562,0.895179138903376,0.9104417670682731,0.8827036529111997,0.8486554410379716,0.8549172608742528
161,0.010304243056099416,0.013781676671277969,,False,0.9387488703685108,0.9285564265885178,0.8846382399084622,0.895130428947793,0.9116465863453815,0.8890099639170551,0.8514369050934132,0.8586703867756386
162,0.010271749645299814,0.013764923484378336,,False,0.9389496937443519,0.9287639515591126,0.8848219660237407,0.895316280673548,0.9112449799196787,0.8869320515139667,0.849379291924689,0.8560304498547243
163,0.010240021969414476,0.013760527191973822,,False,0.9391505171201928,0.9300619081757606,0.8854356608064133,0.8961255506600858,0.9112449799196787,0.888666266802308,0.8510941035598424,0.8583168057351137
164,0.010204887270425103,0.013719412487715769,,False,0.9396525755597952,0.9305264046995444,0.8858965639757034,0.8965880820376919,0.9124497991967871,0.8912987712628282,0.8538564437054963,0.8616217611567302
165,0.010174463156501067,0.013735898091263191,,False,0.9401546339993976,0.9310175975621077,0.8863629000217852,0.8970408133182768,0.9120481927710843,0.8909507903756341,0.8534945182621375,0.8612484477827856
166,0.010141910318312358,0.013675041423830903,,False,0.940255045687318,0.9312582656283526,0.8868713370063139,0.8976310819774308,0.91285140562249,0.8916870430402349,0.8542292997830503,0.8620074489361402
167,0.010109673667806482,0.013654565417157214,,False,0.9399538106235565,0.9309914498130551,0.8865937744236085,0.8973562644087436,0.91285140562249,0.8931281836523512,0.8559319253763397,0.8641668611000604
168,0.010078448471542661,0.01364241362279182,,False,0.9405562807510794,0.9315364195741626,0.8871615867099903,0.8979079948802607,0.91285140562249,0.888456759590704,0.8542521983983279,0.8615894097673287
169,0.010050575010672249,0.01363476081144575,,False,0.9408575158148409,0.9308411373982639,0.8874429391861189,0.8980412156723406,0.91285140562249,0.8917219610318112,0.8542631290325233,0.8620076411577846
170,0.010017661531136814,0.013579679227086656,,False,0.9408575158148409,0.9318009903090743,0.8874388742272923,0.8981852530813403,0.9140562248995984,0.8989149856443492,0.8587365061078407,0.8678404513940576
171,0.009988485966250907,0.013586788276525336,,False,0.9411587508786022,0.9330770731623882,0.8877018551119354,0.8985919601835219,0.9140562248995984,0.895499076447469,0.8587199014958742,0.8673218127953422
172,0.009956467898829298,0.013566779363196686,,False,0.9411587508786022,0.9320881352429414,0.887702299295654,0.8984566203159419,0.9144578313253012,0.8980845839317553,0.8574214419317906,0.8660847688406214
173,0.009926861825664457,0.013548931126821196,,False,0.9412591625665228,0.9331519175777632,0.8878022315924033,0.8986796024033529,0.9144578313253012,0.8992516801251615,0.8591061990229607,0.8681688847471303
174,0.009896640379665839,0.013520658966220891,,False,0.9417612210061251,0.9336000784542338,0.8882684624208566,0.8991501452217966,0.9144578313253012,0.894572295149388,0.8574105112975952,0.8656280559637459
175,0.009868232756895237,0.013513068840646354,,False,0.9423636911336479,0.9345960764632291,0.8900760656997166,0.9011451817484415,0.9144578313253012,0.8958964767992469,0.85912406752508,0.867721412868459
176,0.009839000793614107,0.013497773567243304,,False,0.9425645145094889,0.9342678600055994,0.8915249956320357,0.9026048799034508,0.9140562248995984,0.8955132309876598,0.8587512114475259,0.8673423075770965
177,0.00981407986483584,0.013490750582146417,,False,0.9428657495732503,0.9353535313991327,0.8913683902039984,0.9025568614586218,0.9140562248995984,0.8924434424607406,0.8587512114475259,0.8668836154553191
178,0.009779703965705955,0.013440895264509152,,False,0.9428657495732503,0.936283775627659,0.8913788782642587,0.9027190137101788,0.9152610441767068,0.8977473733777378,0.8615379236769076,0.8704610148994816
179,0.009751803602431356,0.013435697489598815,,False,0.9429661612611708,0.9354395937641945,0.8914625022350131,0.902650042608694,0.914859437751004,0.8931724719490551,0.8594872483761071,0.8676315151551883
180,0.009727439787248012,0.013402328790204171,,False,0.9430665729490912,0.9353827215517517,0.8911340400234857,0.9022802897021737,0.9160642570281124,0.8973284636308527,0.8605782728801233,0.8691993625838896
181,0.009695787934335,0.013387715533164096,,False,0.9436690430766141,0.9371422072398331,0.8925234543760925,0.9039162730615958,0.9156626506024096,0.8963177377434872,0.863583350803768,0.8722999877158344
182,0.009667760855447497,0.013382246443558204,,False,0.9435686313886936,0.9371713439002138,0.8928551990925995,0.9042807702920642,0.9156626506024096,0.8963312446625934,0.8636024747135556,0.8723167707785169
183,0.009640452995708712,0.013343158635292916,,False,0.9437694547645346,0.9372245801768586,0.8926397377003232,0.904023784671783,0.9156626506024096,0.8951496185008835,0.8619177176223854,0.8703847172041083
184,0.009612491847063009,0.013324317417434447,,False,0.9441711015162165,0.9377207946023811,0.8934127554484752,0.9048520855148422,0.9164658634538153,0.8970036485987146,0.8643315737742131,0.8730482721369206
185,0.009585150075495262,0.013307405292678065,,False,0.944070689828296,0.936694042029463,0.8933293264866619,0.9046110107307993,0.9164658634538153,0.895520757173621,0.8660329439598341,0.8744611307708658
186,0.009557841260027764,0.013315389972748372,,False,0.9443719248920575,0.9372335458426444,0.8944279842473573,0.9057970137533068,0.9164658634538153,0.895508720351812,0.8660150754577148,0.874443007659805
187,0.009532875926514384,0.013277910579656698,,False,0.9443719248920575,0.9380151563144243,0.8940256882097611,0.9055041893820555,0.9176706827309237,0.8991525062171295,0.867136154505714,0.8760612828774011
188,0.009504005905499132,0.013264560854941626,,False,0.9449743950195802,0.9377867387301014,0.8949845303371937,0.9063493385154437,0.9172690763052209,0.8962269100225235,0.8667498569786276,0.8751845247507978
189,0.009478407236042702,0.013230678017948146,,False,0.9449743950195802,0.9377925701011597,0.8949828728694729,0.9063585225080042,0.9184738955823293,0.8973142304628426,0.8678600053924314,0.8763041533110988
190,0.009450949738874845,0.01323862646658148,,False,0.9446731599558189,0.9374897999951668,0.8947138958859322,0.9060716963832824,0.9172690763052209,0.8961686426577463,0.8667620430204914,0.8751704183177718
191,0.009424531652232369,0.013214574857487924,,False,0.9456772768350236,0.9387995850602527,0.8968894167586332,0.908362436504958,0.9176706827309237,0.8965641826357582,0.867136154505714,0.8755491335530327
192,0.00940022352817819,0.013180851471545489,,False,0.9457776885229441,0.9389109306515291,0.8969874027285132,0.9084702156161146,0.9188755020080321,0.8977110058150148,0.868234116877654,0.8766828246289865
193,0.009373606078169635,0.013181935975533026,,False,0.9454764534591826,0.9386304558059376,0.8967091287050428,0.9081780481946201,0.9176706827309237,0.8965907115307807,0.8671239684638502,0.8755474252573173
194,0.009347219679693855,0.013147895466013774,,False,0.9454764534591826,0.9386333462059869,0.8967152055219718,0.9081874531343664,0.9184738955823293,0.8973316673177839,0.8678600053924314,0.8762939216531436
195,0.009323945165343826,0.013137675029971705,,False,0.9462797469625465,0.9394602743874648,0.8978702376276533,0.9093715449949207,0.9184738955823293,0.8973081234467793,0.8678721914342953,0.8762960820168417
196,0.009297780131080019,0.013131429147336457,,False,0.9457776885229441,0.9390250489708811,0.8974063491190739,0.9089001206193353,0.9184738955823293,0.897343540525397,0.8678600053924314,0.8763071444793432
197,0.009271860821584262,0.01312150646487888,,False,0.9457776885229441,0.9390200313998993,0.8974043222375578,0.9088970692081286,0.9184738955823293,0.8972857080734866,0.8678721914342953,0.8762922170040583
198,0.00924893780366504,0.013085170044633358,,False,0.9464805703383874,0.9396538307730745,0.8980540430699343,0.909557102729447,0.9188755020080321,0.8976800351752802,0.868234116877654,0.8766662426663079
199,0.009221592866469432,0.013085722648957084,,False,0.9465809820263079,0.9398644435068984,0.8985678345343769,0.9100870815096206,0.9188755020080321,0.8976800351752802,0.868234116877654,0.8766662426663079
200,0.009196836132119895,0.013066820325787048,,False,0.9466813937142283,0.9399490490716295,0.8986599990108779,0.9101798223254178,0.9188755020080321,0.8976800351752802,0.868234116877654,0.8766662426663079
201,0.009173358227272414,0.01307131829297555,,False,0.9466813937142283,0.9400836855151705,0.8990821784880598,0.9106169280069705,0.9188755020080321,0.8976800351752802,0.868234116877654,0.8766662426663079
202,0.009149637536487837,0.01303314764255707,,False,0.9471834521538307,0.9396766964494346,0.8995454361105212,0.9109374103305369,0.9192771084337349,0.8991087900236922,0.8702917300463784,0.8788651631701181
203,0.009125391774155936,0.013027281540133098,,False,0.9473842755296716,0.9408344063145597,0.9001385144107409,0.9117061439468424,0.9192771084337349,0.9016605352274234,0.8702807994121828,0.8793775313581103
204,0.009103748686614045,0.013031981992114132,,False,0.9468822170900693,0.9394190602437311,0.8992729856020394,0.9106438120144102,0.9188755020080321,0.8987604221661959,0.8699176185611557,0.8784928421569538
205,0.009080785337318962,0.012983974213606614,,False,0.9471834521538307,0.9389650898608229,0.8999630917503261,0.9112181529424357,0.9196787148594378,0.8994256370369624,0.8706780360559491,0.8792374037708108
206,0.009054397085042592,0.012967283435638284,,False,0.9473842755296716,0.9392719308980121,0.9005767072059965,0.9118422141901248,0.9196787148594378,0.9020165781338467,0.8706536554897369,0.8797518860771985
207,0.009027538342753922,0.012952008182792824,,False,0.9476855105934331,0.9396903362191913,0.9012734593768938,0.9125464780259591,0.9200803212851406,0.9023886757134635,0.871026511567291,0.8801350052384798
208,0.009003722435410519,0.012952798067585444,,False,0.9476855105934331,0.9396998775594434,0.9012731911897229,0.9125459637722744,0.9196787148594378,0.9020328344010148,0.8706536554897369,0.8797613660097379
209,0.008984254276174096,0.012917009991354788,,False,0.9479867456571945,0.9399547423590905,0.9015428955675667,0.9128298598195568,0.9200803212851406,0.9023774738423831,0.8710277669749595,0.8801350705848477
210,0.008956018523586143,0.012917703339589243,,False,0.948087157345115,0.9400598745270048,0.9016375528727651,0.9129195046639141,0.9196787148594378,0.9020328344010148,0.8706536554897369,0.8797613660097379
211,0.00893478265821002,0.012909792047163087,,False,0.948087157345115,0.9400235106101513,0.9016413665260592,0.9129170425083613,0.9196787148594378,0.8994236647883179,0.8706767721657962,0.8792374197785242
212,0.008909641314586957,0.012886905925198918,,False,0.948087157345115,0.9400423124189096,0.9016488905879559,0.9129199775212654,0.9200803212851406,0.9023100181737084,0.8710290308651123,0.8801015456052977
213,0.008889230735776167,0.01285496915826597,,False,0.9483883924088764,0.9403225545434969,0.9019304790466592,0.9132113154697181,0.9204819277108434,0.9026621759701021,0.8714031423503349,0.8804742772717815
214,0.008866446774695861,0.012839546006234897,,False,0.9486896274726379,0.9414168668560303,0.9021961486738641,0.9136386356573958,0.9204819277108434,0.9026637562060331,0.8713922117161395,0.8804678052527459
215,0.00884729798447253,0.012862483551471526,,False,0.9489908625363992,0.9410237540712679,0.9028968379883519,0.9141656713237614,0.9204819277108434,0.902702318430229,0.8714172097951686,0.8804692487773527
216,0.008818816232878047,0.012831074051040678,,False,0.9489908625363992,0.9412385176373701,0.903738275312851,0.9150274446310122,0.9204819277108434,0.9026637562060331,0.8713922117161395,0.8804678052527459
217,0.008796061048733102,0.012819781606180618,,False,0.9493925092880812,0.9416955425896832,0.9045202283321093,0.9158128947428712,0.921285140562249,0.9033693618263112,0.872148854505443,0.8812174936572718
218,0.008774338997453515,0.012804462550992369,,False,0.9494929209760016,0.941818781431116,0.9046097069635434,0.9159115994358602,0.9200803212851406,0.9022994821143153,0.8710302862727809,0.8801015123756882
219,0.008752165215189019,0.012796484859647364,,False,0.9493925092880812,0.9416919604148958,0.9045138534193656,0.915813255125165,0.9208835341365462,0.9030268714999473,0.8717759984278889,0.8808468672748897
220,0.008730688611369252,0.012795856399958075,,False,0.9496937443518425,0.9419825127470046,0.904789852316667,0.9160816906639675,0.9208835341365462,0.9029853930453444,0.8717759984278889,0.880829062454025
221,0.008709427677480258,0.012781074737459834,,False,0.949794156039763,0.9413044182857786,0.9048947656885308,0.9160158724421622,0.9216867469879518,0.903779283041893,0.8725370334354993,0.8815875075519218
222,0.008686206826713762,0.012745778271673919,,False,0.9492920976001606,0.9416205062317144,0.9044397030866312,0.915740088620304,0.9208835341365462,0.9030014952235277,0.8717650677936937,0.8808255322489804
223,0.008664152074865207,0.012740885827129686,,False,0.9496937443518425,0.9412132348757408,0.904804474558447,0.9159394380439283,0.9216867469879518,0.9037345182585624,0.8724676304324082,0.8815395309279976
224,0.008643436082694031,0.012729853288760947,,False,0.9495933326639221,0.9411235091701293,0.9047065660553206,0.9158405811199398,0.921285140562249,0.9033722231609763,0.8721057049890495,0.8811731192976047
225,0.008621457382157853,0.01270303139580531,,False,0.9500953911035245,0.9424528760563962,0.9055956319370693,0.9168864552668136,0.9216867469879518,0.9037145209485922,0.8724676304324082,0.8815362354307223
226,0.00860207910529017,0.012720725442047285,,False,0.9504970378552063,0.9428112835810991,0.9059618929859352,0.9172335840118914,0.9224899598393574,0.9044844386902935,0.8732286654400184,0.8822795829074974
227,0.008580912421254763,0.012704465904290646,,False,0.9502962144793654,0.941875138753455,0.9057799246348774,0.9168903199333985,0.9228915662650602,0.9057784304262465,0.8752862786087428,0.8844363334071947
228,0.00855833930244322,0.012666067852584206,,False,0.9504970378552063,0.9421726595136843,0.9063899302116898,0.9175049961803585,0.9224899598393574,0.9053694763209736,0.8748980996786865,0.8840669096231347
229,0.008537393494033759,0.012651469475221923,,False,0.9505974495431269,0.9421559768026838,0.9060637297653896,0.9171832712584767,0.9220883534136546,0.9050085126845452,0.8745252436011325,0.8836929859304197
230,0.008517166067467413,0.012656870586755666,,False,0.9510995079827292,0.9429576817277204,0.9077771802083409,0.9188751731048634,0.9224899598393574,0.9053915962371575,0.8749057611049377,0.8840694255347991
231,0.008496063691235485,0.012641276356424461,,False,0.9510995079827292,0.9429593371684124,0.9077745908714587,0.918872254607946,0.9216867469879518,0.904642594837137,0.8741523875235785,0.8833197957679092
232,0.008479191209098973,0.012639570717675803,,False,0.9511999196706497,0.9429428539605769,0.9074374463838427,0.9185452526921127,0.9224899598393574,0.9054290477807948,0.8749134225311888,0.8840652320753244
233,0.008455391099137257,0.012617425960897136,,False,0.9514007430464906,0.9432306552018657,0.9080547029162767,0.9191527012444962,0.921285140562249,0.9042841004199718,0.8737718700197733,0.882951774037664
234,0.008436294900659874,0.012608446442726965,,False,0.9513003313585702,0.9433678483039392,0.9088159753657128,0.9198716680445885,0.923293172690763,0.9061609646332539,0.8756667961125479,0.8848114358767097
235,0.00841516489719719,0.012590348521363834,,False,0.951701978110252,0.9437154128520974,0.9091795014871137,0.9202466886132046,0.9216867469879518,0.904667462660617,0.8741523875235785,0.8833288872251183
236,0.008395325898045284,0.012598234860610175,,False,0.9514007430464906,0.9433259047810917,0.9084786220754104,0.9195564110865734,0.9228915662650602,0.9057750136321777,0.8752887979065641,0.8844241567604897
237,0.008374653351247877,0.012576719323421599,,False,0.951701978110252,0.9434942693718773,0.9083347365642166,0.9194298506871184,0.9216867469879518,0.9046231766843932,0.8741472453951487,0.8833089850984753
238,0.008354631970934376,0.01256930348104471,,False,0.9521036248619339,0.9440753705158274,0.9095454650707452,0.9206091651051804,0.9216867469879518,0.9046231766843932,0.8741472453951487,0.8833089850984753
239,0.008335431208992026,0.012541658751734373,,False,0.9522040365498544,0.9441730434944383,0.9096388357523512,0.9207065808997255,0.921285140562249,0.9042606756310538,0.8737718700197733,0.8829479715826699
240,0.008315809909095176,0.012530947870657418,,False,0.9523044482377748,0.9443709264135881,0.9101617341668864,0.9212040298280161,0.9220883534136546,0.9050256783897493,0.8745329050273836,0.8836962353722885
241,0.008296881005274787,0.012520340913716602,,False,0.9522040365498544,0.9441820174936404,0.9096471120599069,0.9207125650877559,0.9216867469879518,0.9046440378716992,0.8741523875235785,0.8833250847701242
242,0.008277368027278768,0.012511649262498396,,False,0.9522040365498544,0.944184752336533,0.9096488707542522,0.9207109049125113,0.9220883534136546,0.9050256783897493,0.8745329050273836,0.8836962353722885
243,0.00825831577450411,0.012499986786988005,,False,0.9525052716136159,0.9444342914088326,0.9099316835293673,0.9209848214077228,0.9224899598393574,0.9053871472000884,0.8749082804027589,0.8840572848964244
244,0.008239272837959954,0.012486047108501973,,False,0.9526056833015363,0.9446399595540205,0.9104391000810662,0.9214802465266901,0.9220883534136546,0.9058555890330329,0.8762100006923027,0.8854369917117326
245,0.008222652838008692,0.012500005430747058,,False,0.9525052716136159,0.9444667641028679,0.9099297540571227,0.9209871765028335,0.9244979919678715,0.9089177925841097,0.8801395293232528,0.8893394194974368
246,0.008200578212820407,0.012462092542339298,,False,0.9527060949894568,0.9446323842732391,0.910112899634766,0.9211729804826159,0.9228915662650602,0.9065996846641468,0.8769455057715426,0.8861651826023278
247,0.00818152798745965,0.012465866948899158,,False,0.9529069183652977,0.9450269158625093,0.9111369651749607,0.9221571516024307,0.9240963855421687,0.9085282529720639,0.8797590118194475,0.8889672490172167
248,0.008162471347355784,0.012442335539688465,,False,0.9529069183652977,0.9450234021512076,0.9111352064806153,0.9221567783160336,0.923293172690763,0.9069436846676455,0.8773531000291163,0.8865536241425261
249,0.00814568504325486,0.012447397176669688,,False,0.9532081534290592,0.9454111507083641,0.9118373412088593,0.9228340108843365,0.9236947791164659,0.9081602827160778,0.8794293052582869,0.8886265498306515
250,0.008126352670375326,0.0124337551686266,,False,0.9528065066773772,0.9449384525253307,0.9110417574021314,0.9220677707708695,0.9236947791164659,0.9065632065502075,0.8811064009232061,0.8896941305692331
251,0.008108418754217316,0.01243312937158386,,False,0.9528065066773772,0.9448367390830664,0.9106248540079854,0.9216708853567034,0.9236947791164659,0.9065632065502075,0.8811064009232061,0.8896941305692331
252,0.008087969715565534,0.012408223272428447,,False,0.9535093884928205,0.945676643568771,0.9121130268255718,0.9231034066344349,0.9236947791164659,0.9065632065502075,0.8811064009232061,0.8896941305692331
253,0.008075297954379217,0.012383029169405018,,False,0.9535093884928205,0.9456649336527314,0.9121139358649866,0.9231035304912355,0.9244979919678715,0.9080809958897341,0.8835128445628786,0.892036897038857
254,0.008052631241942743,0.012389534456741158,,False,0.9534089768049001,0.9455833036548831,0.912022323877726,0.923015076052325,0.9244979919678715,0.9080782201258225,0.8835445315957355,0.8920411907453827
255,0.008034926934259196,0.012391538885890034,,False,0.9534089768049001,0.9448884108155364,0.9120240825720712,0.9228500320090591,0.9240963855421687,0.9077296791414552,0.8831826061523769,0.8916831221011954
256,0.008016328000066431,0.01237932246203267,,False,0.9537102118686616,0.9452732648886268,0.9127219476659657,0.9235162080019974,0.9248995983935743,0.909163609369863,0.8856021447644599,0.8939760772582351
257,0.007997128164339267,0.012354201962706701,,False,0.9535093884928205,0.9457764704416606,0.9125316889140631,0.9234964330911003,0.9240963855421687,0.907693962443873,0.8831640140919305,0.8916795547475309
258,0.007982029300633435,0.012354663191045206,,False,0.9537102118686616,0.9452754942255209,0.9127218692690877,0.9235194866322085,0.9248995983935743,0.9091635638240252,0.8856021447644599,0.8939659430633033
259,0.007962616105581112,0.012354729458051045,,False,0.953609800180741,0.945171951067302,0.9126294076268966,0.9234238961293114,0.9240963855421687,0.9044682165112283,0.8848782938777425,0.892082477210114
260,0.007946284564034328,0.012315335861911598,,False,0.9539110352445025,0.9454567626759243,0.9129070279345021,0.9237095017069576,0.9248995983935743,0.9091407374420801,0.8855957387458773,0.8939653044225524
261,0.007926579818979169,0.012315265296418737,,False,0.953810623556582,0.945472601446775,0.9132317668521471,0.9240078111476835,0.9244979919678715,0.9087770196807061,0.8852216272606547,0.8935936290687548
262,0.007909816266129098,0.012292504333245814,,False,0.9540114469324229,0.9463392969574868,0.9134131727478388,0.9243566846683768,0.9244979919678715,0.9087770652265436,0.8852216272606547,0.8936037632636867
263,0.007893793587484068,0.01230478111691442,,False,0.9541118586203434,0.946437747509991,0.913511898839483,0.9244478818841113,0.9248995983935743,0.909163609369863,0.8856021447644599,0.8939760772582351
264,0.00787356952066932,0.012289612911492338,,False,0.9544130936841049,0.9467053658614254,0.9137951517802989,0.9247248360704555,0.9248995983935743,0.9091493550509373,0.8855944833382088,0.8939868304271672
265,0.007857852318923378,0.0122697432406728,,False,0.9546139170599458,0.9468881611562016,0.9139760243895422,0.9249136043830863,0.9244979919678715,0.9087514700387564,0.8852191079628333,0.8936065095996112
266,0.007842120996352462,0.01225208814735656,,False,0.9546139170599458,0.9468956657351106,0.9139744224889527,0.9249186858916647,0.9248995983935743,0.9091092041257502,0.8855957387458773,0.8939741583428416
267,0.007821793261490222,0.012257713775655951,,False,0.9549151521237071,0.9471604539540783,0.9142596538230507,0.925186823038185,0.9257028112449799,0.909855283178528,0.8862983013845919,0.894694550043934
268,0.007805391179235343,0.012244201550706085,,False,0.9551159754995482,0.947343548220929,0.9144496154092631,0.9253767713040454,0.9253012048192771,0.9094584728695018,0.8859229260092164,0.8943243350324609
269,0.007787564279131871,0.012239550315095424,,False,0.9552163871874686,0.9475522973322141,0.9149607391399456,0.9258619643483832,0.9253012048192771,0.9094522375100268,0.8859038020994288,0.8943044896588473
270,0.007774619048962214,0.012262906042042759,,False,0.9551159754995482,0.9467586381630372,0.9148695492361166,0.925597236542914,0.9244979919678715,0.9047829860208532,0.8851824705105327,0.8923928845386391
271,0.007756937725735891,0.01222251030935996,,False,0.9553167988753891,0.9490264683692781,0.9150538910527393,0.9262906388573006,0.9261044176706827,0.9102132197027719,0.8866101394436332,0.8949969767362285
272,0.0077383794359579434,0.012203904309039375,,False,0.9554172105633095,0.9492068054515053,0.9155640867316133,0.9267744606092752,0.9261044176706827,0.9101730497167265,0.886652025069874,0.8950505544556524
273,0.007720148931333772,0.012195480830472642,,False,0.9556180339391506,0.9479142161572511,0.9153256533122279,0.9262280902684323,0.9261044176706827,0.9101804750678778,0.886607620145812,0.8950164180685548
274,0.0077063985692742585,0.012209394252457702,,False,0.955718445627071,0.9481922987527286,0.9162593923972694,0.9270833055930212,0.9261044176706827,0.9102162744403903,0.8866584310884565,0.8950459511358441
275,0.00768668529037016,0.012188083754577545,,False,0.9559192690029119,0.9497476290680746,0.9164501836958941,0.9276155676707744,0.9257028112449799,0.9098170715172428,0.8862779135846514,0.8946767275834586
276,0.007672040285457429,0.012162638298430676,,False,0.9559192690029119,0.9497437563560225,0.9164439985734434,0.9276143522856078,0.9265060240963855,0.9105364532673613,0.8869817316310346,0.8953902449407486
277,0.007654263059276453,0.012167906649572381,,False,0.9560196806908324,0.949156884745093,0.9165335242947035,0.9275343067847786,0.9257028112449799,0.9098308731638384,0.8862347640682579,0.8946318326449634
278,0.007639262487888025,0.012146292262465675,,False,0.9562205040666734,0.9500195000182386,0.9167278177972449,0.9278931556733636,0.9265060240963855,0.9105535486755547,0.8869817316310346,0.8953876271299461
279,0.007622853758964801,0.012145705955801696,,False,0.9563209157545939,0.95020407125559,0.917237823685826,0.9283707076625356,0.9265060240963855,0.9105535486755547,0.8869817316310346,0.8953876271299461
280,0.007605491374906627,0.012125994392942915,,False,0.9563209157545939,0.9502061839235522,0.9172395823801713,0.9283712423637098,0.9265060240963855,0.9105535486755547,0.8869817316310346,0.8953876271299461
281,0.007589220781108511,0.012136937919979558,,False,0.9564213274425143,0.9502961762609579,0.9173317758351917,0.9284562424134132,0.9265060240963855,0.9105821432419644,0.8869881376496171,0.8953862269118412
282,0.007577588575869611,0.012112066498802795,,False,0.9561200923787528,0.9500055962005839,0.9170393529299565,0.9281798845259094,0.9269076305220884,0.9115996576926781,0.8890393447997587,0.8972738333932639
283,0.007556736269159118,0.01211725917952566,,False,0.9565217391304348,0.9510789699444435,0.9174260555562124,0.9287224188037249,0.9269076305220884,0.9115996576926781,0.8890393447997587,0.8972738333932639
284,0.0075414077174747575,0.012109213510331191,,False,0.9567225625062757,0.9505698720002873,0.9176051663832171,0.928735479783266,0.9257028112449799,0.9098380338259529,0.8862322447704366,0.8946465029822015
285,0.007526167439191204,0.012104172720100437,,False,0.9565217391304348,0.9503833684843206,0.9174179518577675,0.9285461905532243,0.9261044176706827,0.910892860911408,0.8882950000675907,0.8965493176046486
286,0.007510353535409741,0.01209745128821572,,False,0.9567225625062757,0.9505647446206614,0.917602498649457,0.9287274804534673,0.9269076305220884,0.9116282522590881,0.8890457508183415,0.8972724331751589
287,0.007504970179638813,0.012121210740716783,,False,0.9564213274425143,0.9496096652050431,0.9173301254463682,0.9282772318342057,0.9261044176706827,0.9109165804421809,0.8882962639577434,0.8965310689954913
288,0.007478259518269317,0.012083996314402913,,False,0.9568229741941962,0.9506585170687273,0.9176985370648231,0.9288257119225664,0.9273092369477912,0.9126095999278692,0.891096957968483,0.899121492313916
289,0.007464554079260595,0.01207742283068749,,False,0.9570237975700372,0.9508408550120474,0.917881969842031,0.9290039422058549,0.9265060240963855,0.9112433598971921,0.8886652333145362,0.8968987137577871
290,0.007452068211198386,0.012028504275653756,,False,0.9572246209458781,0.9511045463473631,0.9184685497392109,0.929569432439461,0.9281124497991968,0.912679430728235,0.8901507571037155,0.8983965876178946
291,0.007431850543538636,0.012036734567735777,,False,0.957425444321719,0.9506121020442418,0.9186640845741495,0.9295812940165479,0.927710843373494,0.9123334932631528,0.8897741263206714,0.8980320448104896
292,0.0074187321728985955,0.012034725929277975,,False,0.9573250326337985,0.9506006884920242,0.9189938617936247,0.9298739237044098,0.9269076305220884,0.9102840442431197,0.8907337686349717,0.8981569070452442
293,0.007400848783389375,0.012029990646262388,,False,0.957425444321719,0.9506957878835226,0.9190907498639214,0.9299655495972095,0.9281124497991968,0.9133306830272035,0.8918439255312597,0.8998702505685103
294,0.007385661821607199,0.01202765291947149,,False,0.9575258560096396,0.9515406608370142,0.9196027042371406,0.930600010942163,0.927710843373494,0.9129568001656208,0.8914551002238676,0.8995108903037166
295,0.007371985947405692,0.012003727045251694,,False,0.957425444321719,0.9513597192654222,0.9190762884339149,0.9301292062593972,0.9285140562248996,0.9136866322293619,0.8922058509746184,0.9002516052277182
296,0.007355987145362153,0.012001755291117903,,False,0.9577266793854805,0.951722506943313,0.9197785799559147,0.9307843625970824,0.9285140562248996,0.9136866322293619,0.8922058509746184,0.9002516052277182
297,0.007341357844021263,0.012001316887115494,,False,0.9578270910734009,0.9518169461509773,0.9198692045068826,0.9308744921493665,0.9281124497991968,0.9133343170150966,0.8918304755992429,0.8998857497789972
298,0.007326662014190451,0.012007335674600097,,False,0.9577266793854805,0.951801725628515,0.920197163647528,0.9311561034348291,0.9281124497991968,0.9133212356703765,0.8918439255312597,0.8998682240712861
299,0.007314147903271342,0.011978980959142746,,False,0.95762626769756,0.9517018765324552,0.9200921419701424,0.9310631687599726,0.9285140562248996,0.9136880242204677,0.8922058509746184,0.9002426795686984
300,0.007298635525057276,0.011975500682549071,,False,0.9582287378250829,0.952335378326461,0.9210715312191515,0.9319884686623026,0.9281124497991968,0.9133248138726631,0.8918329948970644,0.8998676271453877
301,0.007282801745034608,0.011963412387837304,,False,0.9585299728888442,0.9528297168394574,0.9226096564109594,0.9333597838893708,0.9285140562248996,0.9136880242204677,0.8922058509746184,0.9002426795686984
302,0.007267092911767967,0.011968861618540175,,False,0.9584295612009238,0.9520936894857991,0.922522739038975,0.9330935260396918,0.9285140562248996,0.9136866322293619,0.8922058509746184,0.9002516052277182
303,0.007253955763772733,0.01197292454031058,,False,0.9586303845767647,0.952282792928851,0.9227109709093616,0.9332795605898122,0.9285140562248996,0.9136880242204677,0.8922058509746184,0.9002426795686984
304,0.007238592386931397,0.01195335334485452,,False,0.9587307962646852,0.9523677888122433,0.9227934618532403,0.9333688886054097,0.9285140562248996,0.9136866322293619,0.8922058509746184,0.9002516052277182
305,0.007225592758813617,0.011960684021351371,,False,0.9588312079526057,0.9524648348002999,0.9228930176572973,0.9334647233849592,0.9289156626506024,0.9140543615279646,0.8925812263499938,0.9006225590971049
306,0.007210940166523645,0.011950778024467094,,False,0.9591324430163671,0.9527401541864394,0.9231728945114814,0.9337442435928899,0.9285140562248996,0.9136756463274198,0.8922058509746184,0.9002470833649685
307,0.007196097672919724,0.01193266579379684,,False,0.9591324430163671,0.9528114447137543,0.9235880392112821,0.9341037151986542,0.9281124497991968,0.9133091153798859,0.8918304755992429,0.8998767457524376
308,0.007181708253011484,0.01192784958469383,,False,0.9593332663922081,0.9529962893259033,0.923773871535079,0.9342870674713668,0.9281124497991968,0.9113551996410246,0.8918439255312598,0.8992773017236413
309,0.007168574324298961,0.011899314800451567,,False,0.9592328547042875,0.9529070126880467,0.9236743941279002,0.9341955577130356,0.9289156626506024,0.914062180022701,0.8925677764179771,0.9006277156537883
310,0.007156335678374224,0.011912174526324414,,False,0.9596345014559695,0.9533699517644698,0.9244709059864366,0.9349269022985879,0.9289156626506024,0.914062180022701,0.8925677764179771,0.9006277156537883
311,0.0071393935302381875,0.011900909482927696,,False,0.959534089768049,0.9532600564602838,0.9243792749867823,0.9348331618739779,0.9289156626506024,0.914062180022701,0.8925677764179771,0.9006277156537883
312,0.007129548137490109,0.011905404190440104,,False,0.9596345014559695,0.9533699517644698,0.9244709059864366,0.9349269022985879,0.9281124497991968,0.9133444221395928,0.8918195534475318,0.8998837004952936
313,0.00711184495399562,0.011900129393280171,,False,0.9597349131438899,0.9534504099799285,0.9245651073105794,0.9350174623741684,0.9293172690763052,0.9144414657404611,0.8929431517933525,0.9009942975155432
314,0.0070981251299978175,0.011883029263080297,,False,0.959534089768049,0.9532600564602838,0.9243792749867823,0.9348331618739779,0.9289156626506024,0.914062180022701,0.8925677764179771,0.9006277156537883
315,0.007084208881758342,0.011877095909526979,,False,0.9596345014559695,0.9534356019115475,0.9248931448481028,0.9352857315999105,0.9293172690763052,0.9144414657404611,0.8929431517933525,0.9009942975155432
316,0.007070560585358918,0.011868848348458055,,False,0.9598353248318104,0.9531449681397705,0.9259197997251797,0.9359948910118613,0.9293172690763052,0.9144414657404611,0.8929431517933525,0.9009942975155432
317,0.007060060392212688,0.011856961094220774,,False,0.9600361482076514,0.9529617567597845,0.9273570935469492,0.9370449758201865,0.9289156626506024,0.9121193210346458,0.8925812263499938,0.9000157173690629
318,0.007044604977986152,0.011863105339037566,,False,0.9603373832714128,0.9533125861832793,0.9280593066720711,0.9376615985499019,0.9293172690763052,0.9124877301369071,0.8929553378352164,0.9003869584704574
319,0.007029988625751238,0.011857179523883812,,False,0.9604377949593332,0.9538488482876237,0.9273194230546254,0.9372471790948824,0.9293172690763052,0.9137857271262754,0.8912392623099102,0.899499511088262
320,0.0070176334885668525,0.01186089080937806,,False,0.9604377949593332,0.9539262556233091,0.9277381635399947,0.9375919411222837,0.9285140562248996,0.9130750251428762,0.8904923032296179,0.8987482720941418
321,0.0070055783081465805,0.011832356237244613,,False,0.9601365598955719,0.9536493617064546,0.927447796494795,0.9373167467717062,0.9293172690763052,0.9138054534193191,0.8912596501098508,0.8995088011591359
322,0.006989619107634956,0.011855735874899529,,False,0.9604377949593332,0.9533353121795213,0.9277375326538765,0.9374159623064742,0.9281124497991968,0.9107098249482188,0.8901303777862594,0.8977892306993218
323,0.006976166956921456,0.011843605641586681,,False,0.9606386183351742,0.9547187071663755,0.9279221587725686,0.9379599416964124,0.9289156626506024,0.9114334554005014,0.8908786007567043,0.8985357275290811
324,0.006963008175964396,0.011830205703453386,,False,0.9605382066472538,0.9535123567132227,0.928243380301523,0.937856707983458,0.9289156626506024,0.9114334554005014,0.8908786007567043,0.8985357275290811
325,0.00694885908538822,0.011822197812093925,,False,0.9607390300230947,0.9531217260505124,0.9284336390534256,0.93786824383142,0.9289156626506024,0.9114334554005014,0.8908786007567043,0.8985357275290811
326,0.006936830402096038,0.011810886367306463,,False,0.9605382066472538,0.9530027957087722,0.9286584466044457,0.9380149976754564,0.9285140562248996,0.9110541696827412,0.890503225381329,0.8981691456673262
327,0.006923458792819921,0.011808300373262056,,False,0.9609398533989356,0.9533714767778498,0.9290389641082508,0.938383267544192,0.9293172690763052,0.9117998126493779,0.8912527122419269,0.8989070515551971
328,0.006910682678971345,0.011822729657862357,,False,0.9611406767747765,0.9541276929926799,0.9292273857689302,0.9387426090110691,0.9281124497991968,0.9107089768843853,0.8901303777862594,0.8977797194939208
329,0.006897162849062537,0.011816361524260995,,False,0.9611406767747765,0.9541331273564063,0.9292273857689302,0.9387467951816417,0.9281124497991968,0.9107098249482188,0.8901303777862594,0.8977892306993218
330,0.006885081222531353,0.011795669865847342,,False,0.9613415001506175,0.953823060040606,0.9298192417491463,0.9390907775544274,0.9285140562248996,0.913054917143998,0.890491039339465,0.8987567114978532
331,0.006871362367303696,0.011806097267468686,,False,0.961441911838538,0.9545604390862044,0.930346580685076,0.9396966256858674,0.927710843373494,0.9103587925571518,0.8897550024108839,0.8974246281196387
332,0.006858747616987707,0.011798981577921176,,False,0.961441911838538,0.9544195644599809,0.9294993048221749,0.9390261087163824,0.9285140562248996,0.9130750251428762,0.8904923032296179,0.8987482720941418
333,0.006847612343456244,0.011768315803018804,,False,0.9613415001506175,0.9535064007260198,0.9310744567565679,0.9399160078961294,0.9293172690763052,0.9118100432937355,0.8912527122419269,0.8989157086362124
334,0.006831718461900285,0.011783283143390248,,False,0.9619439702781404,0.9546821796708131,0.9320620580095436,0.9409741367081759,0.9273092369477912,0.9099795068393917,0.8893796270355084,0.8970580462578837
335,0.006819642398918277,0.011765963246978319,,False,0.9618435585902199,0.9545800590210161,0.9319524672035858,0.9408722857979206,0.9289156626506024,0.9114334554005014,0.8908786007567043,0.8985357275290811
336,0.006807557767517561,0.01175206352711788,,False,0.9618435585902199,0.9539761574665824,0.9315368243520078,0.9403778802918548,0.9289156626506024,0.9134342028617581,0.8908664147148405,0.8991232933596083
337,0.006794033217763426,0.011760730392668329,,False,0.9622452053419018,0.9544169832876995,0.9323149465042094,0.9410637599085958,0.9289156626506024,0.9134342028617581,0.8908664147148405,0.8991232933596083
338,0.006781144621021092,0.011755609683143486,,False,0.9628476754694246,0.9545053179104424,0.933281901204728,0.9417595405523337,0.927710843373494,0.9123447070340492,0.889741552478867,0.8980170876527036
339,0.0067685323578444085,0.011767958599651391,,False,0.9625464404056632,0.9547647450311021,0.9330180686687464,0.9416663147649772,0.9273092369477912,0.9099795068393917,0.8893796270355084,0.8970580462578837
340,0.006755507643173239,0.011759127553410204,,False,0.9626468520935837,0.9537946380449465,0.9331087716165922,0.9414071067845815,0.9269076305220884,0.9096138734541616,0.8890177015921498,0.8966842242397024
341,0.006742630609687248,0.0117419633175295,,False,0.9625464404056632,0.9536993918969541,0.9330180686687464,0.9413144184834129,0.9281124497991968,0.9107144188926785,0.8901278500059535,0.8978131357328988
342,0.0067307422836875765,0.011724231620345235,,False,0.9625464404056632,0.9537057500381378,0.9330128899949818,0.9413135014138234,0.9281124497991968,0.9126849093740717,0.8901144000739369,0.8983958520063327
343,0.00671789201575174,0.011728487348245215,,False,0.9626468520935837,0.953794852529136,0.9331061822797098,0.9414050174990748,0.9281124497991968,0.9106965203434014,0.8901278500059535,0.8978028049737219
344,0.0067058169224544694,0.011729926823549048,,False,0.9627472637815042,0.9539778833781829,0.9336200521410303,0.9418236459750982,0.9281124497991968,0.9127460891231297,0.8901169278542425,0.8983911430546314
345,0.006694326337860269,0.011745815761483704,,False,0.9629480871573451,0.954240192141169,0.9342152637970769,0.9423254855289785,0.9273092369477912,0.910015255543242,0.889393076967525,0.8970582796416304
346,0.006681530070313979,0.011720115938404252,,False,0.9626468520935837,0.9534474149383851,0.933951431261095,0.9418812255815503,0.9285140562248996,0.9110886526484815,0.8905218174417754,0.8981722669096186
347,0.006668406279065753,0.011722696665220224,,False,0.9629480871573451,0.9538065777426881,0.9346492963549894,0.9424759034543612,0.9285140562248996,0.9111236181884865,0.8905096313999115,0.898180273016495
348,0.006655859854789906,0.01172001203357483,,False,0.963349733909027,0.9552031714180002,0.9350090105125815,0.9431922492411959,0.927710843373494,0.9103911130117738,0.8897735944713302,0.8974337070969514
349,0.006644690357584355,0.01170810303969486,,False,0.9631489105331861,0.9560694852514485,0.9348240088313212,0.9433657834907889,0.9281124497991968,0.9107510819607049,0.8901400445303016,0.897803916011703
350,0.0066319181509548455,0.011690356870930159,,False,0.963349733909027,0.9551992665453535,0.9350045840844758,0.9431892978738122,0.9285140562248996,0.9131107582611051,0.890491039339465,0.8987633083971368
351,0.006620051154086334,0.011682668163155914,,False,0.9634501455969475,0.9552866762640535,0.9350934499410984,0.9432791534930904,0.9281124497991968,0.9127269938293325,0.8901156639640896,0.8983955586623485
352,0.00660760722030634,0.011694230880183617,,False,0.9635505572848679,0.9553887772361723,0.9351930057451552,0.9433774850854475,0.9285140562248996,0.9131241492451687,0.8904974453580476,0.8987671490688095
353,0.00659748061999065,0.0117008357813433,,False,0.9637513806607089,0.9551273017531636,0.9357874651555428,0.9436939841071017,0.9281124497991968,0.9107557821497492,0.8901477059565528,0.8978058724394565
354,0.006584388090283545,0.011685276186026862,,False,0.9636509689727885,0.9550326804269326,0.9357059475546675,0.9436091159874839,0.9281124497991968,0.9107510819607049,0.8901400445303016,0.897803916011703
355,0.006572760939867166,0.011687503033846552,,False,0.9636509689727885,0.9550323297219392,0.9357077062490128,0.9436079584546427,0.9281124497991968,0.9107443145945963,0.8901451866587315,0.8978115352031454
356,0.006560683278007801,0.011680668273471664,,False,0.9638517923486294,0.9557414843836338,0.9358781681033886,0.9439654875941691,0.927710843373494,0.9103674449912664,0.8897646691549264,0.8974361433984581
357,0.0065500542884942125,0.011688887422242911,,False,0.9640526157244703,0.9554058921788126,0.936066668160946,0.9439717332185177,0.9285140562248996,0.9111269394292366,0.8905205620341068,0.8981793434670237
358,0.006537714248288146,0.011656864809527977,,False,0.9638517923486294,0.9552210780807494,0.9358873534503592,0.9437933579836179,0.9281124497991968,0.9127453224089339,0.8901291138961063,0.8983901441588293
359,0.006526806388406608,0.011658419387187306,,False,0.9640526157244703,0.9559286730565307,0.936060483038495,0.9441533816532568,0.9285140562248996,0.9131259023763479,0.8905044892714817,0.8987566982236324
360,0.00651512501312673,0.011650374233159533,,False,0.9641530274123908,0.9560201661820807,0.936153853720101,0.9442467973810156,0.9285140562248996,0.9131259023763479,0.8905044892714817,0.8987566982236324
361,0.006502741885030996,0.011663418902019326,,False,0.9642534391003112,0.9556719794735709,0.9366720716126492,0.9444753230629215,0.9285140562248996,0.9111522878686797,0.8905205620341068,0.8981777243550917
362,0.0064962073692618446,0.01162525279963543,,False,0.9640526157244703,0.9559196728749709,0.9360649737701893,0.9441550916874425,0.9281124497991968,0.9126964116030426,0.8901253307081323,0.8983900029113505
363,0.006479615391252013,0.011641965551799196,,False,0.9643538507882318,0.9562670243737839,0.9367563212508733,0.9447379167771649,0.9285140562248996,0.9131086648336668,0.8905071121020902,0.898771289298213
364,0.006468135252554632,0.011632025075984704,,False,0.9642534391003112,0.9556682378710413,0.9366676451845435,0.9444740122185373,0.9281124497991968,0.912731795230337,0.8901265945982851,0.8983958974935258
365,0.006458617904178373,0.011645806633072141,,False,0.9646550858519932,0.9560335396652165,0.937028802759484,0.944835181931653,0.9285140562248996,0.913069354775784,0.8904867243021497,0.8987604452433664
366,0.006445913927663571,0.011620686874071163,,False,0.9645546741640727,0.9564514680066826,0.9369336733835326,0.9449197193531506,0.9289156626506024,0.9134762882146639,0.8908690375454488,0.8991450509459332
367,0.006434334958324778,0.011623597826171188,,False,0.9644542624761522,0.9558474641642898,0.9368449973172029,0.9446506541011558,0.9285140562248996,0.9118007892567854,0.8922027998274559,0.899651011272394
368,0.006424233939685439,0.01160719428588469,,False,0.9646550858519932,0.9565444071989025,0.9370223494498623,0.9450106283645946,0.9289156626506024,0.9134469149087224,0.8908486497455083,0.8991272738522316
369,0.006414969020024301,0.011594113434495151,,False,0.9645546741640727,0.9564514680066826,0.9369336733835326,0.9449197193531506,0.9293172690763052,0.9138028034121933,0.8912227612307309,0.8995010880960906
370,0.006401524738310253,0.011604904646996348,,False,0.9645546741640727,0.9559388064584944,0.9369336733835326,0.9447418928378823,0.929718875502008,0.9148380623487942,0.8932950882216247,0.9013419357143042
371,0.006390677374606182,0.011609883204032738,,False,0.9646550858519932,0.9560385712436646,0.9370223494498623,0.9448377430121386,0.929718875502008,0.9129293837790112,0.8933085381536414,0.9007388696333957
372,0.0063798356427338795,0.01160809091562171,,False,0.9647554975399136,0.9561333061358462,0.9371174788258136,0.9449305757243184,0.9293172690763052,0.9145106656841655,0.8929209767364021,0.9009669873244829
373,0.006368653158547727,0.011601489038605955,,False,0.9647554975399136,0.9561998792444784,0.9375343822199596,0.9452379012769779,0.9293172690763052,0.9145106656841655,0.8929209767364021,0.9009669873244829
374,0.006361632084732338,0.011580523024494017,,False,0.9647554975399136,0.9562052847657907,0.9375326235256143,0.9452442160590512,0.929718875502008,0.9128797999642,0.893306010373336,0.9007530876143834
375,0.0063474875822202,0.011596666387478359,,False,0.9649563209157546,0.956468637057699,0.9381371179379028,0.9457384742215587,0.9293172690763052,0.9125442750877644,0.8929331627782661,0.9003704716613267
376,0.006336432757470643,0.011588258887715376,,False,0.9649563209157546,0.9564616592987737,0.9381371179379028,0.9457334951130952,0.9293172690763052,0.9125442750877644,0.8929331627782661,0.9003704716613267
377,0.006327227122745197,0.011579678912999351,,False,0.9648559092278342,0.9563671615868903,0.938046414990057,0.945641602668688,0.9289156626506024,0.9121739846074652,0.8925577874028908,0.8999976362635329
378,0.006316939123588889,0.011599641146319378,,False,0.9650567326036751,0.9565567769345316,0.9382366737419596,0.9458277212491506,0.9289156626506024,0.912192358541297,0.8925590512930436,0.8999970980427696
379,0.006306139566239353,0.011598438925838265,,False,0.9651571442915955,0.9566517373843502,0.9383273766898053,0.945919727190479,0.9289156626506024,0.912192358541297,0.8925590512930436,0.8999970980427696
380,0.006295776386113535,0.011592382497559284,,False,0.965257555979516,0.956822421695898,0.9388373825783867,0.9463209922455044,0.9285140562248996,0.9118126069498229,0.8921836759176682,0.8996232083078629
381,0.006284668449955097,0.011581881784181718,,False,0.9654583793553569,0.957091278423145,0.9394447345147279,0.9468225291672968,0.9293172690763052,0.9145106656841655,0.8929209767364021,0.9009669873244829
382,0.006273494089244021,0.011567633142085528,,False,0.9653579676674365,0.9569960882918065,0.9393496051387766,0.9467291674902801,0.9285140562248996,0.9099917558014362,0.8921836759176682,0.899047920737029
383,0.0062643403991857844,0.011566429800491657,,False,0.9654583793553569,0.957091278423145,0.9394447345147279,0.9468225291672968,0.929718875502008,0.914891151475074,0.8933014942402073,0.9013387969228428
384,0.006253269624485849,0.01155612013124195,,False,0.9653579676674365,0.9569891152250654,0.9393496051387766,0.9467246449692269,0.9289156626506024,0.9121598947996054,0.8925565319952222,0.8999894725122898
385,0.006243028032477222,0.011549181604926148,,False,0.9655587910432775,0.9571780263371683,0.9395254024606727,0.9469113375939949,0.9289156626506024,0.9121634522567162,0.8925577874028908,0.8999966379059994
386,0.006233444395302274,0.011542749445331651,,False,0.9655587910432775,0.9571778689176599,0.9395254024606727,0.9469117556923428,0.9289156626506024,0.9103436723479036,0.8925577874028908,0.899421294355586
387,0.0062231738251952665,0.011547760447771366,,False,0.9655587910432775,0.9571780263371683,0.9395254024606727,0.9469113375939949,0.9289156626506024,0.9103456466634143,0.8925577874028908,0.8994159199261976
388,0.006212354134624665,0.011534578022103557,,False,0.9655587910432775,0.957179570434697,0.9395258756229106,0.9469099336347873,0.9285140562248996,0.9099822946902614,0.8921836759176682,0.899046866399916
389,0.006203015533171853,0.01152745187915426,,False,0.9655587910432775,0.9576743978453087,0.9395259549499131,0.947086667217314,0.9289156626506024,0.9121401350326713,0.8925565319952222,0.8999936453106279
390,0.006192852261481839,0.011534570457839864,,False,0.9655587910432775,0.9571753914788792,0.9395254024606727,0.946909173591529,0.9289156626506024,0.9103104809666005,0.8925565319952222,0.8994093783974265
391,0.006185452498889522,0.01155321939592091,,False,0.9659604377949593,0.9580463082120679,0.9398871125248535,0.9474503250248242,0.9305220883534137,0.9155683978343598,0.8940472063953153,0.9020754864026773
392,0.006174597687353626,0.01152786321002513,,False,0.9658600261070388,0.9579573919665388,0.9397984364585237,0.947361318363041,0.9301204819277108,0.9152035464818885,0.8936692081893318,0.9017098360343689
393,0.006163096094180765,0.01151329130798372,,False,0.9657596144191184,0.9578607815587089,0.9397131694753629,0.9472749624107156,0.929718875502008,0.9128612256121803,0.8932913135161349,0.9007368379162257
394,0.006154290350167084,0.011507778777596895,,False,0.9659604377949593,0.9580399312366475,0.9398952162232985,0.9474565488600012,0.9301204819277108,0.9132190618097309,0.8936654250013576,0.9011023656736309
395,0.006142829062613016,0.01150972711217304,,False,0.9658600261070388,0.9579542585408293,0.9398018455416925,0.9473655317125511,0.929718875502008,0.9128670470830895,0.8933047634481517,0.9007241616221197
396,0.006133119079942869,0.011506128365867618,,False,0.9659604377949593,0.9580399312366475,0.9398952162232985,0.9474565488600012,0.9301204819277108,0.9151842617107412,0.8936666888915101,0.9016941036074093
397,0.006123415920851457,0.011503043799213367,,False,0.9659604377949593,0.9580442690680621,0.9398952162232985,0.9474580050055721,0.9293172690763052,0.9125300306783442,0.8929319073705975,0.9003543363047181
398,0.006114845437974944,0.011502351681715896,,False,0.9661612611708003,0.9582284978875261,0.9400678737406817,0.9476362817506931,0.9301204819277108,0.9151842617107412,0.8936666888915101,0.9016941036074093
399,0.00610497875550457,0.01150660752311531,,False,0.9659604377949593,0.9580505834465216,0.9398922803023676,0.947454822583611,0.9301204819277108,0.9132661611200784,0.8936852809519569,0.9010928180971491
400,0.00609479199796936,0.01149810775886508,,False,0.9661612611708003,0.9582284978875261,0.9400678737406817,0.9476362817506931,0.929718875502008,0.9128610476424883,0.8933047634481517,0.9007326799540019
401,0.006085411599705911,0.011493204020064884,,False,0.9661612611708003,0.9582250298809333,0.940072568355958,0.9476382926289939,0.929718875502008,0.9128771180710754,0.8933047634481517,0.9007199009301873
402,0.006075506219675111,0.011490723163021245,,False,0.9662616728587208,0.9583185745018064,0.9401612444222877,0.9477287921711791,0.929718875502008,0.9128771180710754,0.8933047634481517,0.9007199009301873
403,0.0060680634490841105,0.01150634890939452,,False,0.9664624962345617,0.9590118053131338,0.9403520556634306,0.948092392777212,0.9301204819277108,0.9132661611200784,0.8936852809519569,0.9010928180971491
404,0.006057344259297489,0.011498611744299798,,False,0.9662616728587208,0.9583185745018064,0.9401612444222877,0.9477287921711791,0.929718875502008,0.9128771180710754,0.8933047634481517,0.9007199009301873
405,0.006047479875626007,0.011472314975446927,,False,0.9662616728587208,0.9583167918427196,0.9401612444222877,0.9477285809688395,0.9301204819277108,0.9151842617107412,0.8936666888915101,0.9016941036074093
406,0.006038669502722768,0.011465027516079687,,False,0.9663620845466412,0.9584107760077603,0.9402546151038936,0.9478231898874496,0.9301204819277108,0.9151943326987271,0.8936666888915101,0.9016898429154769
407,0.006028964354668109,0.011467467751900898,,False,0.9662616728587208,0.9583167918427196,0.9401612444222877,0.9477285809688395,0.929718875502008,0.9128771180710754,0.8933047634481517,0.9007199009301873
408,0.00601967448890638,0.011474779155836235,,False,0.9664624962345617,0.9585038315261206,0.9403497444798449,0.947916388945947,0.9301204819277108,0.9132661611200784,0.8936852809519569,0.9010928180971491
409,0.006010842561196577,0.011461950092598174,,False,0.9664624962345617,0.9584981819961119,0.9403432911702233,0.9479119831043747,0.929718875502008,0.9128771180710754,0.8933047634481517,0.9007199009301873
410,0.006001009640680036,0.011470470024383868,,False,0.9665629079224822,0.9585930201735593,0.9404384205461747,0.9480053933652114,0.9301204819277108,0.9132661611200784,0.8936852809519569,0.9010928180971491
411,0.00599476000421784,0.01144961149754012,,False,0.9664624962345617,0.9584981819961119,0.9403432911702233,0.9479119831043747,0.9301204819277108,0.9132300473432416,0.8936788749333741,0.901093894315898
412,0.005983369491491835,0.01146987877181424,,False,0.9669645546741641,0.9595410121498461,0.9412302088109153,0.9488624155786209,0.9305220883534137,0.9136433601555394,0.8940472063953153,0.9014656009683706
413,0.005974017038227151,0.011459039532135156,,False,0.9665629079224822,0.9585925763999575,0.9404384205461747,0.9480051530370918,0.929718875502008,0.9128771180710754,0.8933047634481517,0.9007199009301873
414,0.005966005054352735,0.011477522746488705,,False,0.9668641429862436,0.9594466450692509,0.9411395058630695,0.9487700612829045,0.9301204819277108,0.913279014819275,0.8936852809519569,0.9010860322536528
415,0.0059559031825646815,0.011469186995447073,,False,0.9667637312983232,0.9593514316869373,0.9410443764871181,0.9486766173371746,0.9305220883534137,0.9136381967721056,0.8940402685273917,0.9014505064200823
416,0.005946095482833159,0.0114427029419813,,False,0.9668641429862436,0.9589482396877814,0.9411318592119636,0.9485897521658608,0.9309236947791165,0.9159409949883615,0.894383601910304,0.902419066167498
417,0.0059370228116543055,0.011447730365346012,,False,0.9668641429862436,0.9589482396877814,0.9411318592119636,0.9485897521658608,0.9301204819277108,0.9132491537231027,0.8936597510235865,0.9010775892531202
418,0.005929203691347351,0.011443190115425201,,False,0.9668641429862436,0.9589475725957364,0.9411344485488458,0.948591312224766,0.9301204819277108,0.9132620074222992,0.8936597510235865,0.901070803409624
419,0.005918882698589183,0.01144493590907321,,False,0.9669645546741641,0.95954001416402,0.9412283717196921,0.9488631267397225,0.9309236947791165,0.9140271415153403,0.8944021939707503,0.9018165553958739
420,0.005910751098945529,0.011422790285862627,,False,0.9670649663620845,0.9601448372660096,0.9413190746675377,0.949136997415966,0.9309236947791165,0.9159409949883615,0.894383601910304,0.902419066167498
421,0.00590337987117787,0.01142335114635082,,False,0.9668641429862436,0.9588707803097888,0.9407157864603545,0.9482837622644045,0.9301204819277108,0.9132636617913923,0.8936666888915101,0.9010853648126727
422,0.005892474515247721,0.011426256450692783,,False,0.9669645546741641,0.9595395703904183,0.9412283717196921,0.9488628864116028,0.9305220883534137,0.9136356974434194,0.8940216764669451,0.9014430531356058
423,0.005884083508690711,0.011427184340654085,,False,0.967165378050005,0.9602387643808269,0.9414077507338674,0.9492275399297362,0.9313253012048193,0.9163324390602823,0.8947641194141092,0.9027925684277659
424,0.005875387287923485,0.011421507368232706,,False,0.9669645546741641,0.9595452861837267,0.9412251514966916,0.9488640133665501,0.9313253012048193,0.9163324390602823,0.8947641194141092,0.9027925684277659
425,0.005874866150411827,0.011402248139066793,,False,0.9669645546741641,0.9599799460053631,0.9408029720195097,0.9487379589818031,0.9305220883534137,0.9136303875286984,0.8940152704483625,0.9014552392173959
426,0.005858159558499831,0.0114378201262169,,False,0.967165378050005,0.9602366875599737,0.9414077507338674,0.9492271266506483,0.9309236947791165,0.9140271415153403,0.8944021939707503,0.9018165553958739
427,0.005850598958395491,0.01142168365953198,,False,0.9672657897379255,0.9603221487047369,0.9415058160307497,0.949321114370786,0.9305220883534137,0.9136510504713021,0.8940402685273917,0.901443720576586
428,0.005839705359241123,0.011421063688827612,,False,0.9670649663620845,0.9596319328342537,0.9413190746675377,0.948954828208324,0.9309236947791165,0.9140271415153403,0.8944021939707503,0.9018165553958739
429,0.005830835935836619,0.011425458889282368,,False,0.967165378050005,0.959725859949071,0.9414077507338674,0.9490453707220942,0.9309236947791165,0.9140271415153403,0.8944021939707503,0.9018165553958739
430,0.005823871155855878,0.011401190584632846,,False,0.967165378050005,0.9597317750368055,0.9414071982446273,0.9490491955145313,0.9301204819277108,0.9132776232859025,0.8936411589631399,0.9010812444154701
431,0.005813531104783275,0.011414855158146765,,False,0.967165378050005,0.9602366875599737,0.9414077507338674,0.9492271266506483,0.9309236947791165,0.9140271415153403,0.8944021939707503,0.9018165553958739
432,0.005805204855968143,0.011396869764962667,,False,0.9672657897379255,0.9603313261190886,0.9415011214154734,0.9493221795639472,0.9305220883534137,0.9136693259520542,0.8940216764669451,0.9014554174594943
433,0.005797155804655201,0.01139676589924276,,False,0.967366201425846,0.9604155410597808,0.9415944137002015,0.9494110052901503,0.9301204819277108,0.9132776232859025,0.8936411589631399,0.9010812444154701
434,0.005788072691151146,0.011407492305635451,,False,0.967366201425846,0.9604134642389278,0.9415944137002015,0.9494105920110625,0.9309236947791165,0.9140271415153403,0.8944021939707503,0.9018165553958739
435,0.0057796832208044146,0.011399312791800075,,False,0.967366201425846,0.9604122299643625,0.9415944137002015,0.9494109626557505,0.9305220883534137,0.9136693259520542,0.8940216764669451,0.9014554174594943
436,0.005771240444907683,0.0113967031426316,,False,0.9674666131137665,0.9605078487326659,0.9416895430761527,0.9495045147762267,0.9305220883534137,0.9136693259520542,0.8940216764669451,0.9014554174594943
437,0.005762630826919733,0.011398755932476173,,False,0.9674666131137665,0.9605082239333603,0.9416895430761527,0.9495048452420485,0.9305220883534137,0.9136693259520542,0.8940216764669451,0.9014554174594943
438,0.005754074073382661,0.011401024796843962,,False,0.9674666131137665,0.9605082239333603,0.9416895430761527,0.9495048452420485,0.9305220883534137,0.913688570635158,0.8940216764669451,0.9014609637711971
439,0.005746302046557685,0.01138738657708126,,False,0.9677678481775278,0.960284918498681,0.9419555712751418,0.9495975857574215,0.9301204819277108,0.9133234811756689,0.8936488203893913,0.9010804699123115
440,0.005737359427137321,0.011387777007651317,,False,0.9675670248016869,0.9600952091799295,0.9417782191424825,0.9494151804031846,0.9301204819277108,0.9133234811756689,0.8936488203893913,0.9010804699123115
441,0.00572928758017648,0.011393975927160857,,False,0.9676674364896074,0.9601915656123313,0.9418668952088122,0.9495058004172606,0.9301204819277108,0.9133234811756689,0.8936488203893913,0.9010804699123115
442,0.00572122190100365,0.011375606146366807,,False,0.9675670248016869,0.9606017861804556,0.9417782191424825,0.9495950617897291,0.9301204819277108,0.9133234811756689,0.8936488203893913,0.9010804699123115
443,0.00571408274514027,0.011369942803092522,,False,0.9679686715533689,0.9610989859800461,0.942989026045889,0.9505779932604638,0.929718875502008,0.9129308696268524,0.8932683028855861,0.9007063513951876
444,0.005704432416899998,0.011390872666919525,,False,0.9677678481775278,0.9603517878521605,0.9423789279789094,0.9499044186598736,0.9301204819277108,0.9133234811756689,0.8936488203893913,0.9010804699123115
445,0.005695867287483391,0.011383895416336024,,False,0.9678682598654483,0.9604448078046056,0.9424676040452391,0.9499949041410266,0.9301204819277108,0.9133234811756689,0.8936488203893913,0.9010804699123115
446,0.005688132356580714,0.01136768109500316,,False,0.9677678481775278,0.9608506274462929,0.9423789279789094,0.9500851215590834,0.9301204819277108,0.9133234811756689,0.8936488203893913,0.9010804699123115
447,0.005680135209415135,0.011366645670975787,,False,0.9679686715533689,0.9615490247853119,0.9425609747268451,0.9504518849480904,0.9301204819277108,0.9132959590863415,0.8936411589631399,0.9010868452540733
448,0.0056731997770470355,0.011392298253660312,,False,0.9680690832412893,0.9606977952758512,0.9430747661912877,0.9504835345878914,0.9305220883534137,0.9136822005920355,0.8940293378931964,0.9014415546172017
449,0.00566334340664417,0.011360569664939967,,False,0.9678682598654483,0.9609427634597095,0.9424722202636375,0.9501788243369654,0.9305220883534137,0.913688570635158,0.8940216764669451,0.9014609637711971
450,0.005655717108243077,0.011379003286300015,,False,0.9680690832412893,0.9611916402889076,0.9430729291000645,0.9506640413400999,0.9301204819277108,0.9133234811756689,0.8936488203893913,0.9010804699123115
451,0.005647080029458299,0.011354560218497867,,False,0.9680690832412893,0.9611251002786244,0.9426542670115732,0.9503616660273173,0.9301204819277108,0.9133234811756689,0.8936488203893913,0.9010804699123115
452,0.005638809884228117,0.011355337024397042,,False,0.9681694949292098,0.9612825173557472,0.9431668522709108,0.9507577406512476,0.9301204819277108,0.9133234811756689,0.8936488203893913,0.9010804699123115
453,0.005631106123460502,0.011347041276178665,,False,0.9681694949292098,0.9607159931454051,0.9427476376931792,0.9502758318122309,0.9301204819277108,0.9133234811756689,0.8936488203893913,0.9010804699123115
454,0.005623569744194552,0.011360954643578808,,False,0.9679686715533689,0.9605347339802365,0.9425608963299672,0.9500887898307226,0.9301204819277108,0.9133234811756689,0.8936488203893913,0.9010804699123115
455,0.005615518048883308,0.011348745199782344,,False,0.9681694949292098,0.9612835639373318,0.9431662997816704,0.9507589840371151,0.929718875502008,0.9129308696268524,0.8932683028855861,0.9007063513951876
456,0.005606617600506225,0.011352555905922827,,False,0.9681694949292098,0.9602918821515993,0.9431616051663941,0.9503950575884179,0.9301204819277108,0.9133234811756689,0.8936488203893913,0.9010804699123115
457,0.005599531065976038,0.011354517123874036,,False,0.9681694949292098,0.961791998577643,0.9431668522709108,0.9509388218144491,0.9301204819277108,0.9133234811756689,0.8936488203893913,0.9010804699123115
458,0.005591355442282659,0.011347135133768189,,False,0.9683703183050507,0.9610408271401292,0.9437695879888539,0.9510638033175908,0.9301204819277108,0.9133234811756689,0.8936488203893913,0.9010804699123115
459,0.005583785979348233,0.011344381590255628,,False,0.9682699066171302,0.9614385098494859,0.943678885041008,0.9511533149693627,0.9301204819277108,0.9133223558826771,0.8936488203893913,0.901081113743571
460,0.005575898439810701,0.011336499233471046,,False,0.9685711416808916,0.961722758889464,0.9439543024705497,0.9514327135191044,0.929718875502008,0.9129308696268524,0.8932683028855861,0.9007063513951876
461,0.005567914835847871,0.011349787412136197,,False,0.9688723767446531,0.9619943935448375,0.9442355194938483,0.9517090938369989,0.9305220883534137,0.9143518327711164,0.8957064335581154,0.9028862703666726
462,0.005560128602082514,0.011355025865521803,,False,0.9686715533688122,0.9613161417505887,0.9440487781306364,0.9513413500524648,0.9301204819277108,0.9140050418556834,0.8953323220728928,0.902512594794372
463,0.005552091414869834,0.011339899161569902,,False,0.9686715533688122,0.9618185923589238,0.944048225641396,0.9515253713897527,0.929718875502008,0.9129766902602362,0.8932747089041686,0.9007067943400108
464,0.005543628494782262,0.011334808804311073,,False,0.9687719650567326,0.9619052826264127,0.9441421488122423,0.9516170731218785,0.9305220883534137,0.9143518327711164,0.8957064335581154,0.9028862703666726
465,0.0055356858388331005,0.011340188548716632,,False,0.9687719650567326,0.961914039580614,0.9441389285892419,0.9516175420650436,0.9305220883534137,0.9143518327711164,0.8957064335581154,0.9028862703666726
466,0.005527844943213048,0.011336918499017476,,False,0.9687719650567326,0.961914039580614,0.9441389285892419,0.9516175420650436,0.9301204819277108,0.9140050418556834,0.8953323220728928,0.902512594794372
467,0.005520305871391701,0.011339223587749973,,False,0.9688723767446531,0.961996340023375,0.9442355194938483,0.9517085011626895,0.9301204819277108,0.9140050418556834,0.8953323220728928,0.902512594794372
468,0.005512794333896556,0.011335913583994597,,False,0.969073200120494,0.9622994399502703,0.9452595850340428,0.9524894095281117,0.9305220883534137,0.9143518327711164,0.8957064335581154,0.9028862703666726
469,0.005504775904568257,0.01133344638899758,,False,0.969073200120494,0.9623055806463984,0.9452569173002827,0.9524895265356358,0.9301204819277108,0.9140050418556834,0.8953323220728928,0.902512594794372
470,0.005497560893169858,0.011331758721566396,,False,0.969274023496335,0.9624761614670952,0.945435303959061,0.9526660762084723,0.9301204819277108,0.9140050418556834,0.8953323220728928,0.902512594794372
471,0.005490921282219161,0.01133162959350713,,False,0.9691736118084145,0.9623452347352247,0.944935143282088,0.9522869269517442,0.9301204819277108,0.9122055384275155,0.8953323220728928,0.9019251044834431
472,0.005483930303130788,0.01132853427695129,,False,0.9691736118084145,0.9628519632384577,0.944935143282088,0.9524705739316881,0.9301204819277108,0.913349738524287,0.8936296964796036,0.9010644282381366
473,0.005474625168150515,0.011323100931061135,,False,0.969073200120494,0.9627550328085537,0.9448400139061367,0.9523775901442885,0.929718875502008,0.9129766902602362,0.8932747089041686,0.9007067943400108
474,0.005469693581425235,0.011345633966931497,,False,0.9694748468721759,0.9622438578600941,0.9460415570656947,0.9529647316819209,0.9301204819277108,0.9122181205048645,0.895325384204969,0.9019073432163268
475,0.005459121927122481,0.01132348411097635,,False,0.9693744351842555,0.9625840225104396,0.94553863124569,0.9527677350795078,0.9305220883534137,0.9143780901197344,0.8956873096483277,0.9028702286924977
476,0.005452211955177537,0.011330786316629935,,False,0.9697760819359373,0.9630712367396472,0.946740252802126,0.9537229444348454,0.9305220883534137,0.9143780901197344,0.8956873096483277,0.9028702286924977
477,0.005443384136631164,0.011306586926197256,,False,0.9696756702480168,0.9634037758302476,0.9462246242464603,0.9535189782142905,0.9309236947791165,0.9129242523140072,0.8960614211335503,0.9026564688882773
478,0.005437124921091719,0.01130096356305233,,False,0.9698764936238579,0.963644004054077,0.9468300276981635,0.9540001874268698,0.9309236947791165,0.9128787801025084,0.8960550151149675,0.9026552469182205
479,0.0054293045707874635,0.011320207712582605,,False,0.9698764936238579,0.9637070972173698,0.947250448481,0.9542906664164182,0.9305220883534137,0.9125730993409868,0.8956617797199574,0.9022645180128875
480,0.005420801574609777,0.011300678397973747,,False,0.9697760819359373,0.9634984190254019,0.9463179949280662,0.9536129808463644,0.9305220883534137,0.9125292149041047,0.895680903629745,0.9022817622875922
481,0.005415087164341391,0.011296454298086558,,False,0.9695752585600964,0.962942644095103,0.9469796785769086,0.9538394959910241,0.9309236947791165,0.912870125924171,0.8960294851865973,0.9026357591739786
482,0.005405842312387548,0.011297945733507944,,False,0.9699769053117783,0.9642399466962157,0.9469257095633551,0.9542758996927092,0.9309236947791165,0.9129539907058124,0.8960422972237626,0.9026403794161063
483,0.005398386614169573,0.011302113220988567,,False,0.9698764936238579,0.9637070972173698,0.947250448481,0.9542906664164182,0.9309236947791165,0.9129539907058124,0.8960422972237626,0.9026403794161063
484,0.005390460405000966,0.011297559462379909,,False,0.9699769053117783,0.9637951108853198,0.947343819162606,0.9543833796301455,0.9309236947791165,0.9129539907058124,0.8960422972237626,0.9026403794161063
485,0.005383085415375254,0.011293179419696821,,False,0.9700773169996988,0.9638876546888865,0.947437189844212,0.9544779782860355,0.9313253012048193,0.9132985147101608,0.896416408708985,0.9030141640346151
486,0.005375846098642497,0.01129261018188849,,False,0.9700773169996988,0.9638876546888865,0.947437189844212,0.9544779782860355,0.9313253012048193,0.9132985147101608,0.896416408708985,0.9030141640346151
487,0.005368382533280994,0.011293904715379026,,False,0.9699769053117783,0.9637986382859265,0.947343819162606,0.9543859597655698,0.9309236947791165,0.9129185196663067,0.8960358912051798,0.9026382473525421
488,0.005361622240258022,0.011297059449277719,,False,0.9701777286876192,0.9644825443832067,0.9475328717094036,0.9547571834781091,0.9305220883534137,0.9125730993409868,0.8956617797199574,0.9022645180128875
489,0.005354174968673812,0.011281145562018879,,False,0.9699769053117783,0.9642413148445179,0.9469257095633551,0.9542784140469652,0.9313253012048193,0.9132858715470343,0.8963655977663405,0.9029793788943523
490,0.005347406631327313,0.011302131025872705,,False,0.9700773169996988,0.9639468470576582,0.9478576106270487,0.9547673426666518,0.9301204819277108,0.9122356754038989,0.8952876682347348,0.9018923649683627
491,0.00534005298069715,0.011290855751121678,,False,0.9701777286876192,0.9640317056691495,0.9479492226143093,0.9548610548468681,0.9309236947791165,0.9112301337437135,0.8960036723229818,0.9020325481970871
492,0.005331219217612849,0.01128561433426943,,False,0.9701777286876192,0.9640317056691495,0.9479492226143093,0.9548610548468681,0.9309236947791165,0.9129185196663067,0.8960358912051798,0.9026382473525421
493,0.005324093773297929,0.011281191767500448,,False,0.9702781403755397,0.9641810373053714,0.9484612553844065,0.9552447096347818,0.9305220883534137,0.9125207650134255,0.8956553737013747,0.9022622768162536
494,0.0053185640623883736,0.011265545716587987,,False,0.9699769053117783,0.9637885997039466,0.9473420604682607,0.9543849741816172,0.9309236947791165,0.912870125924171,0.8960294851865973,0.9026357591739786
495,0.005308921460888524,0.01127382503992331,,False,0.9703785520634601,0.9643247584181878,0.9489732881545039,0.9556239273056265,0.9309236947791165,0.9129185196663067,0.8960358912051798,0.9026382473525421
496,0.0053022108799445685,0.011285600040478823,,False,0.9704789637513807,0.9644236683484286,0.9490689700196955,0.9557181814897553,0.9301204819277108,0.9122295492247505,0.8952876682347348,0.9018906438668216
497,0.005294282169559024,0.011265914834627976,,False,0.9704789637513807,0.9644164878890698,0.9490672113253501,0.9557173217171047,0.9309236947791165,0.9128881168941532,0.8959850802625353,0.9026034083580642
498,0.0052876795223769195,0.011283858507424615,,False,0.9706797871272216,0.9650949029917891,0.9492453198308319,0.9560841224532821,0.9305220883534137,0.9125969011054783,0.8956173747958953,0.9022317754086322
499,0.005279788380939105,0.011262669060236185,,False,0.9704789637513807,0.9644164878890698,0.9490672113253501,0.9557173217171047,0.9309236947791165,0.9128881168941532,0.8959850802625353,0.9026034083580642
500,0.005272502556557288,0.01126693088167759,,False,0.9706797871272216,0.9650949029917891,0.9492453198308319,0.9560841224532821,0.9309236947791165,0.9129429443811549,0.8959914862811179,0.9026068364290377
501,0.005266146267593238,0.011272493860097066,,False,0.9705793754393012,0.964515518323477,0.9491513966599856,0.955805676904683,0.9305220883534137,0.9125780598685629,0.8956617797199574,0.9022662937840791
502,0.005257751302836428,0.011264460979554384,,False,0.9706797871272216,0.964604520036285,0.9492447673415916,0.9558977329596886,0.9309236947791165,0.9129404512217145,0.8959914862811179,0.9026056495546979
503,0.005251718987414641,0.011242794165177431,,False,0.9706797871272216,0.9645964409656052,0.9492430086472462,0.9558967674973498,0.9309236947791165,0.9128881168941532,0.8959850802625353,0.9026034083580642
504,0.005243159944851516,0.011258465047388639,,False,0.9706797871272216,0.964604520036285,0.9492447673415916,0.9558977329596886,0.9313253012048193,0.9132858715470343,0.8963655977663405,0.9029793788943523
505,0.005237616568143216,0.011242978541977514,,False,0.9706797871272216,0.9646540668281138,0.9496616707357375,0.9561848952758552,0.9309236947791165,0.9128881168941532,0.8959850802625353,0.9026034083580642
506,0.005229429869885209,0.011260056015366598,,False,0.9707801988151421,0.9647523000523136,0.9497568001116888,0.9562772561011013,0.9309236947791165,0.9129429443811549,0.8959914862811179,0.9026068364290377
507,0.005221551630656206,0.011251946150921583,,False,0.9707801988151421,0.964751207739283,0.9497568001116888,0.9562778689264143,0.9309236947791165,0.9129429443811549,0.8959914862811179,0.9026068364290377
508,0.005216039195984112,0.011266282549078185,,False,0.9707801988151421,0.964701323944416,0.9493398967175428,0.9559907609709897,0.9309236947791165,0.9135947316183078,0.8976749879646196,0.9039932208717718
509,0.005208154037845428,0.011251666766427264,,False,0.9710814338789036,0.9655120393276486,0.9500392233400924,0.9567426618360422,0.9309236947791165,0.9135612751750437,0.8976941118744074,0.9040094726260831
510,0.005200744852657784,0.011265084220983546,,False,0.9708806105030625,0.9648479395336673,0.9498519294876401,0.9563708980521217,0.9313253012048193,0.9139366791892899,0.8980490994498422,0.9043665217437851
511,0.005194351835934849,0.011240319987370379,,False,0.9708806105030625,0.965325216249932,0.9498462968544295,0.9565561639582771,0.9309236947791165,0.91351552382131,0.8976877058558248,0.9040076823905794
512,0.005186939935658528,0.011242991474401162,,False,0.9708806105030625,0.9648354461913675,0.9498484120989494,0.9563687904378144,0.9309236947791165,0.91351552382131,0.8976877058558248,0.9040076823905794
513,0.0051791030747646094,0.011252645275174155,,False,0.970981022190983,0.9654214976204829,0.9499458526584864,0.9566473399012667,0.9313253012048193,0.9139391723487302,0.8980490994498422,0.904367708618125
514,0.005173377586988364,0.011257061446451591,,False,0.970981022190983,0.9654214976204829,0.9499458526584864,0.9566473399012667,0.9313253012048193,0.9139391723487302,0.8980490994498422,0.904367708618125
515,0.005164705839597804,0.011247337667385384,,False,0.9710814338789036,0.9655135554324791,0.9500391449432145,0.956741046356583,0.9313253012048193,0.9139204833822636,0.8980414380235912,0.9043661293177188
516,0.005157754054497419,0.011240704388894372,,False,0.9710814338789036,0.9655133401868881,0.9500391449432145,0.9567414363269562,0.9313253012048193,0.9139216250003565,0.8980414380235912,0.9043666663001466
517,0.005152605577730286,0.011232883399068097,,False,0.9710814338789036,0.9650688430726587,0.9504537371537748,0.9568390503431508,0.9313253012048193,0.9138982242852577,0.8980605619333788,0.9043832063890014
518,0.005145787128661503,0.011254522140316822,,False,0.9712822572547445,0.9658012975611668,0.951063210483409,0.9574988858170309,0.9313253012048193,0.9123006785255634,0.8980600300840376,0.9037874831685411
519,0.005137027968179512,0.011240830347036547,,False,0.9710814338789036,0.9651309416256206,0.9508741579366115,0.9571243320713894,0.9305220883534137,0.9115252108309462,0.8973245250047976,0.9030533856864188
520,0.005130959760609945,0.011228952880834513,,False,0.971181845566824,0.9652138705910589,0.950965769923872,0.957215527459681,0.9313253012048193,0.9138982242852577,0.8980605619333788,0.9043832063890014
521,0.005123158245590098,0.011239422746282746,,False,0.9713826689426649,0.965892916707388,0.9511539134312549,0.9575887137988186,0.9309236947791165,0.9135377829183161,0.897668581946037,0.903990605319297
522,0.005116346693274537,0.011238182449901235,,False,0.9713826689426649,0.965892916707388,0.9511539134312549,0.9575887137988186,0.9305220883534137,0.9131648462722056,0.8973135943706022,0.903633556201595
523,0.005110658661778784,0.011224802482842494,,False,0.971181845566824,0.9652138820355933,0.950965769923872,0.9572159552704255,0.9313253012048193,0.9138982242852577,0.8980605619333788,0.9043832063890014
524,0.005101835193722653,0.011226663294159054,,False,0.9714830806305854,0.9659814733649049,0.9512472057159829,0.9576797855653602,0.9309236947791165,0.91354622098611,0.8976864504481562,0.9040090252656091
525,0.005095030755415714,0.011218777773919941,,False,0.9713826689426649,0.9654105719506778,0.9511532825451366,0.957400916803419,0.9309236947791165,0.9135240898426962,0.8976864504481562,0.9040077346206199
526,0.0050896419575505005,0.0112319827000101,,False,0.9714830806305854,0.9659811795905657,0.9512472057159829,0.9576801363208314,0.9317269076305221,0.9143066368503434,0.8984398240295156,0.9047584227163485
527,0.005081460439627023,0.011222621231120288,,False,0.9712822572547445,0.9653152243873385,0.9510581531691853,0.9573069237591388,0.9305220883534137,0.9131648462722056,0.8973135943706022,0.903633556201595
528,0.0050742155507542755,0.011227781035587322,,False,0.9714830806305854,0.965980007939294,0.9512472057159829,0.9576807501494145,0.9309236947791165,0.91354622098611,0.8976864504481562,0.9040090252656091
529,0.005068206316797742,0.011223604988719674,,False,0.9714830806305854,0.9659811795905657,0.9512472057159829,0.9576801363208314,0.9309236947791165,0.91354622098611,0.8976864504481562,0.9040090252656091
530,0.00506074865554448,0.01121566575533306,,False,0.9714830806305854,0.965980007939294,0.9512472057159829,0.9576807501494145,0.9313253012048193,0.9139077405793693,0.8980593065257104,0.9043825062918606
531,0.005054415470835587,0.011214779044390983,,False,0.9713826689426649,0.9654094747689554,0.9511532825451366,0.9574015298864796,0.9313253012048193,0.9139077405793693,0.8980593065257104,0.9043825062918606
532,0.005048030086191583,0.011229645648226858,,False,0.9715834923185058,0.9660743906446759,0.9513358817823127,0.9577714309345345,0.9309236947791165,0.9118854046741625,0.8976973810823518,0.9034268117782625
533,0.005040736390577542,0.011215048484371984,,False,0.9715834923185058,0.9660693406983518,0.9513405763975888,0.95777286960491,0.9313253012048193,0.9139079319247365,0.8980593065257104,0.9043826147877821
534,0.0050349217061032,0.01120095600084119,,False,0.9715834923185058,0.9660660749847083,0.9513278736619277,0.9577663778980661,0.9309236947791165,0.9135383291569104,0.8977043189502756,0.904025544783361
535,0.005027683609924495,0.011217949305109637,,False,0.9716839040064263,0.9661664587316131,0.9514183084226028,0.9578585454872908,0.9313253012048193,0.9139079319247365,0.8980593065257104,0.9043826147877821
536,0.005021440866897919,0.011205058523105793,,False,0.9715834923185058,0.9660743906446759,0.9513358817823127,0.9577714309345345,0.9313253012048193,0.9139077405793693,0.8980593065257104,0.9043825062918606
537,0.005013821162586896,0.011214421532591673,,False,0.9716839040064263,0.9661644597157948,0.9514292524639186,0.9578639587653915,0.9313253012048193,0.9139077405793693,0.8980593065257104,0.9043825062918606
538,0.005007834296975616,0.011213519845447061,,False,0.9716839040064263,0.9661664587316131,0.9514183084226028,0.9578585454872908,0.9313253012048193,0.9139079319247365,0.8980593065257104,0.9043826147877821
539,0.005001471894830783,0.011198434124206508,,False,0.9717843156943469,0.9662565278027319,0.9515116791042088,0.9579510733181476,0.9313253012048193,0.9139079319247365,0.8980593065257104,0.9043826147877821
540,0.004996584416152872,0.011220022165668652,,False,0.9716839040064263,0.9661664587316131,0.9514183084226028,0.9578585454872908,0.9317269076305221,0.9143043608275746,0.8984398240295156,0.9047579392954348
541,0.004987800763497125,0.011201034117826395,,False,0.9718847273822673,0.9663457123545274,0.9516050497858147,0.9580431537658198,0.9313253012048193,0.9139079319247365,0.8980593065257104,0.9043826147877821
542,0.00498116918274099,0.011207813383916507,,False,0.9717843156943469,0.9662565278027319,0.9515116791042088,0.9579510733181476,0.9313253012048193,0.9139079319247365,0.8980593065257104,0.9043826147877821
543,0.004974407593046321,0.011198691234604721,,False,0.9718847273822673,0.966398216161909,0.952023711874306,0.9583261678154861,0.9313253012048193,0.9139077405793693,0.8980593065257104,0.9043825062918606
544,0.004969131151108694,0.01119306075764331,,False,0.9720855507581082,0.9665800829397022,0.952210453237518,0.9585128862575765,0.9309236947791165,0.9135383291569104,0.8977043189502756,0.904025544783361
545,0.004961912343141292,0.01119486751095324,,False,0.9721859624460287,0.9667229150428879,0.9527224860076152,0.9588867400358819,0.9313253012048193,0.9139079319247365,0.8980593065257104,0.9043826147877821
546,0.004955339586997195,0.011210036936361297,,False,0.9719851390701878,0.9665410482650945,0.9525357446444033,0.9587000215937914,0.9309236947791165,0.9118855960195295,0.8976973810823518,0.9034269202741841
547,0.0049484645173607025,0.011190776742513233,,False,0.9719851390701878,0.9665410482650945,0.9525357446444033,0.9587000215937914,0.9313253012048193,0.9139077405793693,0.8980593065257104,0.9043825062918606
548,0.004942276711823722,0.011201967598150113,,False,0.9720855507581082,0.9666302328168901,0.9526291153260092,0.9587921020414636,0.9309236947791165,0.9118855960195295,0.8976973810823518,0.9034269202741841
549,0.00493596376982539,0.011203290278901889,,False,0.9719851390701878,0.9665410482650945,0.9525357446444033,0.9587000215937914,0.9313253012048193,0.9139079319247365,0.8980593065257104,0.9043826147877821
550,0.004929856334030265,0.011196095480736846,,False,0.9721859624460287,0.9667185664261019,0.9527224860076152,0.958882787149504,0.9309236947791165,0.9118855960195295,0.8976973810823518,0.9034269202741841
551,0.004924150725950091,0.011188298369079249,,False,0.9723867858218697,0.9669035207702521,0.9529091489739492,0.9590710884990143,0.9309236947791165,0.9118855960195295,0.8976973810823518,0.9034269202741841
552,0.004916853906827607,0.011193787582581275,,False,0.9719851390701878,0.9665410482650945,0.9525357446444033,0.9587000215937914,0.9313253012048193,0.9139079319247365,0.8980593065257104,0.9043826147877821
553,0.004911352948402395,0.011201717161041394,,False,0.9719851390701878,0.9665390371020945,0.9525357446444033,0.9586981903533034,0.9313253012048193,0.9139079319247365,0.8980593065257104,0.9043826147877821
554,0.004903709357614824,0.011188164858577238,,False,0.9720855507581082,0.9666817323080807,0.9530477774145005,0.959071845836028,0.9313253012048193,0.9138913835421109,0.8980593065257104,0.904388221349056
555,0.004899973531939365,0.011169821059233923,,False,0.9724871975097902,0.9670446463849535,0.9534185924071643,0.9594441248654092,0.9313253012048193,0.9138913835421109,0.8980593065257104,0.904388221349056
556,0.0048914949924085726,0.011173857473612504,,False,0.9725876091977106,0.9671336586234235,0.9535066276212498,0.959529436314366,0.9309236947791165,0.9135217807742845,0.8977043189502756,0.9040311513446349
557,0.004884877892674879,0.011187307716793918,,False,0.9723867858218697,0.9669503810561895,0.9533251433286805,0.9593457306178294,0.9313253012048193,0.9138913835421109,0.8980593065257104,0.904388221349056
558,0.004878781936913727,0.011186562440466946,,False,0.9726880208856311,0.9672746565780016,0.9540265851957498,0.9599055328351432,0.9309236947791165,0.9118855960195295,0.8976973810823518,0.9034269202741841
559,0.004871899160119122,0.011179808932070523,,False,0.9725876091977106,0.9671330145774617,0.9535092169581323,0.9595306606198775,0.9313253012048193,0.9138913835421109,0.8980593065257104,0.904388221349056
560,0.0048658904353145165,0.011175595511510258,,False,0.9727884325735515,0.9673160406644402,0.9536959583213442,0.9597177326415112,0.9313253012048193,0.9138913835421109,0.8980593065257104,0.904388221349056
561,0.0048593785552679125,0.011175620337995368,,False,0.9729892559493926,0.9675913152059342,0.9547173561277786,0.9604507149800102,0.9309236947791165,0.9135217807742845,0.8977043189502756,0.9040311513446349
562,0.004854113912901995,0.011165396561531859,,False,0.9729892559493926,0.9675970161134269,0.9547173561277786,0.960455109054679,0.9309236947791165,0.9135217807742845,0.8977043189502756,0.9040311513446349
563,0.004846999288919323,0.011176591007803032,,False,0.9729892559493926,0.9675940185054759,0.9547173561277786,0.9604528746953856,0.9313253012048193,0.9138913835421109,0.8980593065257104,0.904388221349056
564,0.004841227883774495,0.011178011254568763,,False,0.9732904910131539,0.9679993673993135,0.9562534544380704,0.9615424010964038,0.9313253012048193,0.9138911921967439,0.8980593065257104,0.9043881128531344
565,0.0048354621671309085,0.011168978208494426,,False,0.9733909027010744,0.9680924941373633,0.9563468251196764,0.9616370732601153,0.9309236947791165,0.9135217807742845,0.8977043189502756,0.9040311513446349
566,0.0048295798589630635,0.01116796702902682,,False,0.9733909027010744,0.9680924941373633,0.9563468251196764,0.9616370732601153,0.9305220883534137,0.9131464902186912,0.8973238014464704,0.9036507188531036
567,0.0048224101064423186,0.01118188716442722,,False,0.9732904910131539,0.9679993673993135,0.9562534544380704,0.9615424010964038,0.9313253012048193,0.9138913835421109,0.8980593065257104,0.904388221349056
568,0.00481642501882596,0.011178546541694489,,False,0.9733909027010744,0.9680933296581669,0.9563421305044001,0.9616330934113271,0.9313253012048193,0.9138913835421109,0.8980593065257104,0.904388221349056
569,0.004809853927234701,0.011172058739193809,,False,0.9733909027010744,0.9680924941373633,0.9563468251196764,0.9616370732601153,0.9313253012048193,0.9138913835421109,0.8980593065257104,0.904388221349056
570,0.004805488776759834,0.011152675795742233,,False,0.9734913143889948,0.9686478404672866,0.956437528067522,0.9619185567244278,0.9309236947791165,0.9135217807742845,0.8977043189502756,0.9040311513446349
571,0.004797606853316465,0.011165519531285589,,False,0.9734913143889948,0.968186380392848,0.9564355011860061,0.9617277670234594,0.9313253012048193,0.9138913835421109,0.8980593065257104,0.904388221349056
572,0.004791662492894485,0.011160937161485966,,False,0.9733909027010744,0.9680924941373633,0.9563468251196764,0.9616370732601153,0.9313253012048193,0.9138913835421109,0.8980593065257104,0.904388221349056
573,0.004785462978981899,0.011162500635999077,,False,0.9734913143889948,0.968186380392848,0.9564355011860061,0.9617277670234594,0.9313253012048193,0.9138913835421109,0.8980593065257104,0.904388221349056
574,0.004780671153354603,0.011154944772231827,,False,0.9734913143889948,0.9682323115567216,0.9568588578897737,0.9619990408572018,0.9309236947791165,0.9135120094610526,0.8976864504481562,0.9040109362309582
575,0.004774881499084348,0.011146146853346769,,False,0.9734913143889948,0.9686478404672866,0.956437528067522,0.9619185567244278,0.9301204819277108,0.9127553766952042,0.8969509453689164,0.9032802091118945
576,0.004768251899031591,0.01115935070346815,,False,0.9737925494527563,0.9689635867631886,0.9571333662799005,0.9624605720875772,0.9313253012048193,0.9138913835421109,0.8980593065257104,0.904388221349056
577,0.004761515471267058,0.011156737116788348,,False,0.9737925494527563,0.9689635867631886,0.9571333662799005,0.9624605720875772,0.9309236947791165,0.9135120094610526,0.8976864504481562,0.9040109362309582
578,0.0047552411444087474,0.011166300390192292,,False,0.9736921377648359,0.9684109514416688,0.9570426633320547,0.9621788849067335,0.9317269076305221,0.9142755274653422,0.8984346819010857,0.9047573744072377
579,0.004749272168065669,0.011159061379730375,,False,0.9737925494527563,0.9689635867631886,0.9571333662799005,0.9624605720875772,0.9313253012048193,0.9138913835421109,0.8980593065257104,0.904388221349056
580,0.004743638996427498,0.011169364399043797,,False,0.9736921377648359,0.9684217150435508,0.9570426633320547,0.9621835018259914,0.9309236947791165,0.911867907966174,0.8976973810823518,0.9034325772471207
581,0.004737825459818196,0.011151525579243317,,False,0.9736921377648359,0.9684109514416688,0.9570426633320547,0.9621788849067335,0.9301204819277108,0.9111171958671894,0.8969643953009331,0.9026936653311094
582,0.004731384991240619,0.011150858218677567,,False,0.9736921377648359,0.9684217150435508,0.9570426633320547,0.9621835018259914,0.9309236947791165,0.9135120094610526,0.8976864504481562,0.9040109362309582
583,0.004725489246798126,0.011161486629991023,,False,0.9736921377648359,0.9684217150435508,0.9570426633320547,0.9621835018259914,0.9313253012048193,0.9138973042089741,0.8980618258235317,0.9043800365521082
584,0.004721041089247431,0.011148263731765785,,False,0.9736921377648359,0.9684109514416688,0.9570426633320547,0.9621788849067335,0.9305220883534137,0.9131406714431259,0.8973263207442916,0.9036493094330448
585,0.004713734623048195,0.011155883243476522,,False,0.9736921377648359,0.9684226127398259,0.9570426633320547,0.9621839500951699,0.9309236947791165,0.9135301182841631,0.8977068382480967,0.9040235524450639
586,0.004709090486985098,0.011145032811646062,,False,0.9736921377648359,0.9684163325693292,0.9570426633320547,0.9621814781751203,0.9305220883534137,0.9114864490710084,0.8973385067861557,0.9030681874460775
587,0.0047016348859338164,0.011144319692517387,,False,0.9737925494527563,0.9689743503650704,0.9571333662799005,0.9624651890068352,0.9305220883534137,0.9131406714431259,0.8973263207442916,0.9036493094330448
588,0.004697062090399834,0.011142799295437477,,False,0.9738929611406768,0.9695326047469811,0.9572272894507466,0.9627491800746166,0.9309236947791165,0.9135054652707549,0.8976813083197265,0.9040052106218511
589,0.0046911318860300795,0.011143912178611989,,False,0.9738929611406768,0.969108647260163,0.9576486192729983,0.9628272277121417,0.9309236947791165,0.9125203465635833,0.8993961199548797,0.9047893884932601
590,0.0046844679341688025,0.011139862840735442,,False,0.9739933728285972,0.9696644081764553,0.9577393222208439,0.9631102810781669,0.9309236947791165,0.9135099246469449,0.8977004322295142,0.9040238315480129
591,0.00467829289806131,0.011143916999606731,,False,0.9739933728285972,0.969663579385756,0.9577393222208439,0.9631098315245649,0.9317269076305221,0.9142730066705733,0.8984538058108735,0.904774940416272
592,0.0046726076724751455,0.011137305890349404,,False,0.9739933728285972,0.969663579385756,0.9577393222208439,0.9631098315245649,0.9309236947791165,0.9135099246469449,0.8977004322295142,0.9040238315480129
593,0.004667487687173113,0.011136540439370476,,False,0.9739933728285972,0.969663579385756,0.9577393222208439,0.9631098315245649,0.9305220883534137,0.9131406714431259,0.8973263207442916,0.9036493094330448
594,0.004661172853633611,0.01114468347703573,,False,0.9739933728285972,0.9696644081764553,0.9577393222208439,0.9631102810781669,0.9309236947791165,0.9134915699527899,0.8977295999645497,0.9040346727351337
595,0.004654934488289744,0.01114803284553214,,False,0.9739933728285972,0.9696644081764553,0.9577393222208439,0.9631102810781669,0.9313253012048193,0.9138982936598501,0.8980809497333193,0.9043981319067503
596,0.004649688266308223,0.011134313280215268,,False,0.9739933728285972,0.9696644081764553,0.9577393222208439,0.9631102810781669,0.9309236947791165,0.9125203465635833,0.8993961199548797,0.9047893884932601
597,0.004645125896672238,0.011133028421066605,,False,0.9738929611406768,0.969108647260163,0.9576486192729983,0.9628272277121417,0.9313253012048193,0.9128509545231148,0.8998133809564958,0.9051857935678017
598,0.0046377612536541435,0.01112954059905861,,False,0.9740937845165177,0.9702261385945241,0.9578300251686898,0.963394470918591,0.9309236947791165,0.9135099246469449,0.8977004322295142,0.9040238315480129
599,0.0046318298282439566,0.011137058193383958,,False,0.9742946078923587,0.9708825082005126,0.9580126244058658,0.9637696894403471,0.9313253012048193,0.9144871200380918,0.8998011949146318,0.9057765716027242
600,0.00463038131365777,0.011122046168907556,,False,0.9744954312681996,0.9710589885896481,0.9581993657690777,0.9639539924367209,0.9313253012048193,0.9138405326064765,0.8981176932311301,0.9044202366225547
601,0.004621033574480672,0.011138772847017291,,False,0.9742946078923587,0.9703930497220017,0.9580152921396259,0.9635714301080606,0.9313253012048193,0.9145111705257639,0.8997580453982386,0.9057533726312629
602,0.0046154977060467745,0.011147297231096616,,False,0.9741941962044381,0.9703022527517192,0.9579219214580199,0.9634756944126297,0.9313253012048193,0.9129077261256126,0.8997575135488973,0.9051455934973553
603,0.0046101832140333435,0.011137838278046066,,False,0.9741941962044381,0.9698274806261696,0.95792458919178,0.963283672282565,0.9313253012048193,0.9128629246243309,0.8997689760324339,0.9051544292310856
604,0.004604307513091671,0.011133990562013307,,False,0.9742946078923587,0.970873729034446,0.9580126244058658,0.9637645185336283,0.9325301204819277,0.9156166556847872,0.9008842750571517,0.9068688256690565
605,0.004597625818350355,0.011130199680991626,,False,0.9742946078923587,0.9708698473904549,0.9580126244058658,0.9637610715289446,0.9317269076305221,0.9132512936372363,0.900149493536239,0.905528729589823
606,0.004592258414479623,0.011132609912531519,,False,0.9742946078923587,0.9708698473904549,0.9580126244058658,0.9637610715289446,0.9313253012048193,0.9128846650888165,0.8998197869750785,0.9051868878234589
607,0.004587774836494819,0.011120749751694619,,False,0.9744954312681996,0.9710460289817264,0.9581993657690777,0.9639452980752528,0.9309236947791165,0.9124962960759111,0.8994392694712734,0.9048125874647215
608,0.004581193349057288,0.011119601710067257,,False,0.9745958429561201,0.9711355894799651,0.9582927364506837,0.9640373083411531,0.9309236947791165,0.9124962960759111,0.8994392694712734,0.9048125874647215
609,0.004575273809497883,0.011128326374123764,,False,0.9742946078923587,0.9708698473904549,0.9580126244058658,0.9637610715289446,0.9313253012048193,0.9128846650888165,0.8998197869750785,0.9051868878234589
610,0.004570971661219314,0.011109465404905497,,False,0.9745958429561201,0.9711448526187358,0.9582927364506837,0.9640428241620757,0.9317269076305221,0.9148537485865117,0.9001309014757923,0.9061184133690882
611,0.00456457114137252,0.011130363058106815,,False,0.9744954312681996,0.971056457263145,0.9581946711538014,0.9639460773632335,0.9317269076305221,0.9132512936372363,0.900149493536239,0.905528729589823
612,0.004560444753917943,0.011114576582123864,,False,0.9745958429561201,0.9711406721768808,0.9582927364506837,0.9640393007073264,0.9313253012048193,0.9128509545231148,0.8998133809564958,0.9051857935678017
613,0.004553404444083207,0.01111855993295522,,False,0.974796666331961,0.9708554548685332,0.9584721154648592,0.9640298185376337,0.9317269076305221,0.9138280048092943,0.9018265892011582,0.9068346611496639
614,0.004548025813118521,0.011110700092146108,,False,0.9746962546440405,0.9712357089162873,0.9583834393985295,0.9641315833434793,0.9313253012048193,0.9145111705257639,0.8997580453982386,0.9057533726312629
615,0.00454273711661769,0.011106323665915616,,False,0.9746962546440405,0.9712304693819789,0.9583834393985295,0.9641295525587315,0.9313253012048193,0.9134622946316324,0.9014968826399977,0.9064928085928486
616,0.004539350291650695,0.011107236065744428,,False,0.9745958429561201,0.970656336666007,0.9582927364506837,0.9638428442620616,0.9317269076305221,0.9138169530788358,0.9018709941252201,0.9068660146959291
617,0.004531945495257881,0.011102585486089354,,False,0.9746962546440405,0.9712255257289577,0.9583834393985295,0.9641275948702887,0.9313253012048193,0.9134622946316324,0.9014968826399977,0.9064928085928486
618,0.00452592185166169,0.011117434378599605,,False,0.974796666331961,0.9708556400256101,0.9584674208495829,0.9640268853723044,0.9321285140562249,0.9142163738221996,0.9022071067049633,0.9072089615084012
619,0.004521395619287533,0.011115426150261587,,False,0.974796666331961,0.9713244558101461,0.9584721154648592,0.964220294809436,0.9317269076305221,0.9138506636445375,0.9018774001438028,0.9068671089515861
620,0.004514887803614763,0.011109835605976084,,False,0.9748970780198816,0.9709477455950739,0.9585607915311889,0.9641210743020889,0.9317269076305221,0.9138506636445375,0.9018774001438028,0.9068671089515861
621,0.004509920539788137,0.011101570068007225,,False,0.9748970780198816,0.9714246278220475,0.9585607915311889,0.9643156719295093,0.9317269076305221,0.9138506636445375,0.9018774001438028,0.9068671089515861
622,0.004504161053575469,0.01110900228710235,,False,0.9748970780198816,0.9709477455950739,0.9585607915311889,0.9641210743020889,0.9317269076305221,0.9138506636445375,0.9018774001438028,0.9068671089515861
623,0.004498621183537048,0.011105210027450017,,False,0.9748970780198816,0.9714246278220475,0.9585607915311889,0.9643156719295093,0.9317269076305221,0.9138506636445375,0.9018774001438028,0.9068671089515861
624,0.0044935467786436,0.011098277509592996,,False,0.9748970780198816,0.9714190953878862,0.9585607915311889,0.9643136041891783,0.9313253012048193,0.9134622946316324,0.9014968826399977,0.9064928085928486
625,0.004488912081386165,0.011099848629623914,,False,0.9748970780198816,0.9709422131609126,0.9585607915311889,0.964119006561758,0.9313253012048193,0.9134622946316324,0.9014968826399977,0.9064928085928486
626,0.004484054114778049,0.011094216804803391,,False,0.9748970780198816,0.9709355251584522,0.9585607915311889,0.9641176398329504,0.9317269076305221,0.9138169530788358,0.9018709941252201,0.9068660146959291
627,0.004477574517878227,0.011104050962242892,,False,0.974997489707802,0.9710320082450372,0.9586494675975187,0.9642081709450702,0.9313253012048193,0.9134622946316324,0.9014968826399977,0.9064928085928486
628,0.00447392147720241,0.011097499331501946,,False,0.9748970780198816,0.9719121994642828,0.9585607915311889,0.9645128194198715,0.9325301204819277,0.9161906060779051,0.9026012510305199,0.9082123871004372
629,0.004467132632342131,0.011094141400508161,,False,0.974997489707802,0.9715143539082263,0.9586514944790346,0.9644058858518643,0.9321285140562249,0.914230693963559,0.9022393255871614,0.9072412772814816
630,0.0044621159832147275,0.01109407526772195,,False,0.974997489707802,0.9715143469755821,0.9586494675975187,0.9644047997228067,0.9313253012048193,0.9134622946316324,0.9014968826399977,0.9064928085928486
631,0.004455938448829393,0.011090875307536358,,False,0.974997489707802,0.9710320082450372,0.9586494675975187,0.9642081709450702,0.9313253012048193,0.9134622946316324,0.9014968826399977,0.9064928085928486
632,0.004451525826627319,0.011086144626251338,,False,0.974997489707802,0.9710267037642962,0.9586494675975187,0.9642061770434961,0.9317269076305221,0.9138539180878937,0.9018709941252201,0.9068679329973364
633,0.00444606140690418,0.011081734715587177,,False,0.9750979013957225,0.9715933086393521,0.9587401705453643,0.9644910239812712,0.9321285140562249,0.9142248896643019,0.9022451056104427,0.907241612973738
634,0.004440670342275941,0.011091868785389876,,False,0.9750979013957225,0.9715984744020617,0.9587401705453643,0.9644929832033539,0.9317269076305221,0.9138506636445375,0.9018774001438028,0.9068671089515861
635,0.004435353164469569,0.011089421785542213,,False,0.9751983130836429,0.9717277285989991,0.9592522033154616,0.9648532465791738,0.9317269076305221,0.9138506636445375,0.9018774001438028,0.9068671089515861
636,0.004430208400792451,0.011083392540643224,,False,0.974997489707802,0.9715229770895087,0.9586514944790346,0.9644101576293581,0.9321285140562249,0.914230693963559,0.9022393255871614,0.9072412772814816
637,0.004425687920567321,0.011088098812685519,,False,0.9752987247715634,0.971337763950219,0.9593455739970675,0.9647475309657612,0.9317269076305221,0.9138539180878937,0.9018709941252201,0.9068679329973364
638,0.004419555642963742,0.011078795341975367,,False,0.9751983130836429,0.9717222668794042,0.9592522033154616,0.9648512142102295,0.9321285140562249,0.9142248896643019,0.9022451056104427,0.907241612973738
639,0.004413912585624218,0.011078956417857494,,False,0.9750979013957225,0.9716030299745559,0.9587401705453643,0.9644945619181939,0.9317269076305221,0.9138506636445375,0.9018774001438028,0.9068671089515861
640,0.004408790582933203,0.011081233177619047,,False,0.9750979013957225,0.9716030299745559,0.9587401705453643,0.9644945619181939,0.9317269076305221,0.9138506636445375,0.9018774001438028,0.9068671089515861
641,0.004403607911783019,0.01107081747740819,,False,0.974997489707802,0.9715136586730377,0.9586514944790346,0.9644054672767406,0.9317269076305221,0.9138423249506538,0.9018588080833562,0.9068669769227442
642,0.004398577489820024,0.011068230875284683,,False,0.9750979013957225,0.9715933086393521,0.9587401705453643,0.9644910239812712,0.9325301204819277,0.9146037641005432,0.9026070310538015,0.9076158309342269
643,0.0043935267339982355,0.01106756766099147,,False,0.9752987247715634,0.9718112668768897,0.9593455739970675,0.9649443364701882,0.9321285140562249,0.9142327925241349,0.9022329195685788,0.9072421509578253
644,0.004389175185300343,0.011070208446520305,,False,0.9752987247715634,0.9718029155160495,0.9593455739970675,0.9649399003473564,0.9325301204819277,0.9146037641005432,0.9026070310538015,0.9076158309342269
645,0.004383198509389755,0.011073434643267871,,False,0.9752987247715634,0.9718127988365117,0.9593455739970675,0.9649437483246989,0.9321285140562249,0.9142327925241349,0.9022329195685788,0.9072421509578253
646,0.004378985374759638,0.011057314034538713,,False,0.9750979013957225,0.9715871437897996,0.9587401705453643,0.9644898041615667,0.9325301204819277,0.9146037641005432,0.9026070310538015,0.9076158309342269
647,0.004373198352030943,0.011061012017762538,,False,0.9751983130836429,0.9716996861045593,0.9588334628300923,0.9645910058423856,0.9321285140562249,0.9142327925241349,0.9022329195685788,0.9072421509578253
648,0.00436839956379865,0.0110624304555732,,False,0.9753991364594838,0.9719016551695214,0.9594388662817956,0.965037325391351,0.9321285140562249,0.9142327925241349,0.9022329195685788,0.9072421509578253
649,0.0043636062373116815,0.011067678358965745,,False,0.9754995481474044,0.9719916855513377,0.9595339956577469,0.9651279089881698,0.9321285140562249,0.9142327925241349,0.9022329195685788,0.9072421509578253
650,0.004357834369749583,0.0110620903674295,,False,0.9752987247715634,0.9718233352099497,0.9593454956001897,0.964949201006291,0.9321285140562249,0.9142327925241349,0.9022329195685788,0.9072421509578253
651,0.004352974080487154,0.011055635040382957,,False,0.9754995481474044,0.971994178069633,0.9595339956577469,0.9651312034699482,0.9321285140562249,0.9142327925241349,0.9022329195685788,0.9072421509578253
652,0.004348106800700723,0.01105636748429592,,False,0.9754995481474044,0.9719955764229103,0.9595339956577469,0.9651293429037204,0.9321285140562249,0.9142327925241349,0.9022329195685788,0.9072421509578253
653,0.0043435223298736135,0.011060000094493481,,False,0.9754995481474044,0.971999212729494,0.9595339956577469,0.9651319316518617,0.9321285140562249,0.9142327925241349,0.9022329195685788,0.9072421509578253
654,0.004338478061940065,0.011051525949800394,,False,0.9755999598353249,0.9725602381487067,0.9596246986055927,0.9654147724579971,0.9325301204819277,0.9146037641005432,0.9026070310538015,0.9076158309342269
655,0.004333531153280511,0.011050126958524054,,False,0.9755999598353249,0.9720904846563302,0.9596246986055927,0.9652249895222952,0.9325301204819277,0.9146037641005432,0.9026070310538015,0.9076158309342269
656,0.004330920056768981,0.011042900282377966,,False,0.9755999598353249,0.9720803269692377,0.9596246986055927,0.9652201338261178,0.9329317269076305,0.914957991924502,0.9029811425390241,0.9079876609646104
657,0.004324314750855936,0.01106098467056626,,False,0.9755999598353249,0.9721044445976342,0.9596246986055927,0.9652285182487339,0.9325301204819277,0.9146200902974662,0.902613437072384,0.907616507296142
658,0.004319784740255064,0.011046176051598489,,False,0.9757003715232453,0.9721728776120495,0.9597180692871987,0.9653142734436424,0.9325301204819277,0.9146037641005432,0.9026070310538015,0.9076158309342269
659,0.004314419216683758,0.011048723166230914,,False,0.9757003715232453,0.972198130759652,0.9597154015534386,0.9653207498441405,0.9325301204819277,0.9146200902974662,0.902613437072384,0.907616507296142
660,0.0043095457375383305,0.01104225275800432,,False,0.9757003715232453,0.9721923356882414,0.9597136428590933,0.9653211099804648,0.9325301204819277,0.9146037641005432,0.9026070310538015,0.9076158309342269
661,0.004305373165443489,0.0110385404697825,,False,0.9758007832111658,0.9722768723526585,0.9598087722350446,0.9654114398621866,0.9329317269076305,0.9149849815063433,0.9029689564971599,0.9079899742412523
662,0.004300961467941453,0.011036260576160825,,False,0.9758007832111658,0.9722768723526585,0.9598087722350446,0.9654114398621866,0.9329317269076305,0.914957991924502,0.9029811425390241,0.9079876609646104
663,0.004295502682280877,0.011045355946176625,,False,0.9757003715232453,0.9721854594429479,0.9597180692871987,0.9653184838315388,0.9329317269076305,0.9149899971633665,0.9029875485576065,0.907990241897837
664,0.0042914197855381695,0.011037290576181542,,False,0.9758007832111658,0.9722700750162954,0.9598087722350446,0.9654078657710744,0.9329317269076305,0.914957991924502,0.9029811425390241,0.9079876609646104
665,0.0042866542148507466,0.011049571024330627,,False,0.9758007832111658,0.9723073573882242,0.960230102057296,0.9656736121872105,0.9329317269076305,0.9155590857532913,0.9046710502411082,0.9092740623259495
666,0.004281775595238567,0.011039271804895159,,False,0.9758007832111658,0.9722708110467969,0.9598087722350446,0.9654077305302544,0.9329317269076305,0.9155436786212999,0.9046646442225256,0.9092733288098758
667,0.004277571737033841,0.01104509634509554,,False,0.9758007832111658,0.9723073573882242,0.960230102057296,0.9656736121872105,0.9325301204819277,0.9151727070448916,0.904290532737303,0.908899648833474
668,0.004272719318991973,0.011036213109225469,,False,0.9759011948990862,0.9724013192994381,0.9603208050051418,0.9657680882615206,0.9329317269076305,0.9155436786212999,0.9046646442225256,0.9092733288098758
669,0.004268544529244501,0.01104119280686948,,False,0.9759011948990862,0.9724081660596219,0.9603208050051418,0.9657695341424399,0.9329317269076305,0.9155590857532913,0.9046710502411082,0.9092740623259495
670,0.004263743371989773,0.011034549009320655,,False,0.9758007832111658,0.9723009631694042,0.960230102057296,0.9656722779086988,0.9329317269076305,0.9155436786212999,0.9046646442225256,0.9092733288098758
671,0.004259532934613083,0.011043493296924719,,False,0.9758007832111658,0.9723073573882242,0.960230102057296,0.9656736121872105,0.9333333333333333,0.9159289926191914,0.9050451617263308,0.9096477969276445
672,0.004254787058590598,0.011040681707256117,,False,0.9759011948990862,0.9724009038360689,0.9603208050051418,0.9657658460079903,0.9329317269076305,0.9155436786212999,0.9046646442225256,0.9092733288098758
673,0.004250217559555167,0.011034835519608304,,False,0.9760016065870067,0.9724874528137539,0.9604147281759882,0.9658581800764551,0.9329317269076305,0.9155436786212999,0.9046646442225256,0.9092733288098758
674,0.004246557676203196,0.01104156916892529,,False,0.9760016065870067,0.9724902105929792,0.9604140972898699,0.9658564820916499,0.9329317269076305,0.9155590857532913,0.9046710502411082,0.9092740623259495
675,0.0042417699480134016,0.01104256207393176,,False,0.9761020182749272,0.9725808739498567,0.9605074679714759,0.9659490467694685,0.9325301204819277,0.9151727070448916,0.904290532737303,0.908899648833474
676,0.004237088491706966,0.01103520947883316,,False,0.9761020182749272,0.9725910671454788,0.9605080204607161,0.9659554692002844,0.9329317269076305,0.9155590857532913,0.9046710502411082,0.9092740623259495
677,0.0042340667176507625,0.011020829140510377,,False,0.9763028416507682,0.9727505078423463,0.9606947618239281,0.9661297529343427,0.9329317269076305,0.9155343846546915,0.9046633803323729,0.909274712831965
678,0.004229235729059116,0.011027954126887164,,False,0.9761020182749272,0.9725928635188191,0.9605080204607161,0.9659570838710508,0.9333333333333333,0.9159516855096711,0.905031711794314,0.9096546073084851
679,0.0042246012199857125,0.011021693211640616,,False,0.9762024299628477,0.9726675723311315,0.9606013911423221,0.9660422805380442,0.9329317269076305,0.9155436786212999,0.9046646442225256,0.9092733288098758
680,0.004221097134650096,0.01103105841241304,,False,0.9761020182749272,0.9725928635188191,0.9605080204607161,0.9659570838710508,0.9333333333333333,0.9159403031590911,0.9050329756844668,0.9096482056329749
681,0.004219377744162987,0.011013577157351847,,False,0.9764032533386886,0.9728373294879348,0.9607881325055341,0.9662204461864907,0.9329317269076305,0.9155343846546915,0.9046633803323729,0.909274712831965
682,0.00421107675631246,0.01102183882316819,,False,0.9764032533386886,0.9728754733143182,0.9612067945940255,0.9664865623096388,0.9325301204819277,0.9136977432774758,0.904302718779167,0.908309757859612
683,0.004207192640069864,0.011017649273329714,,False,0.9763028416507682,0.9727505078423463,0.9606947618239281,0.9661297529343427,0.9333333333333333,0.9158944525444892,0.905040019597901,0.9096372525313594
684,0.004203598658823919,0.011029534107605909,,False,0.9764032533386886,0.9728724047427265,0.9612067945940255,0.9664853091864326,0.9325301204819277,0.9136830434686458,0.904302718779167,0.9083033173324484
685,0.004198825665987031,0.011019342894846683,,False,0.9764032533386886,0.9728754733143182,0.9612067945940255,0.9664865623096388,0.9325301204819277,0.9136830434686458,0.904302718779167,0.9083033173324484
686,0.0041947802167369794,0.011014011637740972,,False,0.9763028416507682,0.9727552301498962,0.9606947618239281,0.9661316826400151,0.9333333333333333,0.9158874727910497,0.9050387557077482,0.9096398532937937
687,0.004190602646207569,0.011016107935096898,,False,0.9762024299628477,0.9726737248672173,0.9606013911423221,0.9660438551018056,0.9337349397590361,0.9163025334985107,0.9054070871696894,0.9100185529673883
688,0.004186785823262819,0.011026354770602487,,False,0.9762024299628477,0.9727145301488466,0.9610200532308135,0.9663107381453568,0.9329317269076305,0.9140868341005584,0.9046710502411082,0.9086819153604977
689,0.004182415283801922,0.011027109331092848,,False,0.9765036650266091,0.972976850938229,0.9612892212343156,0.96657906406838,0.9321285140562249,0.9133302484410759,0.9039273434037916,0.9079383966084195
690,0.004178058475197182,0.011025056531675792,,False,0.9764032533386886,0.972856607773807,0.9607771884642182,0.9662241843987565,0.9329317269076305,0.9155614067172689,0.9046710502411082,0.9092736079704495
691,0.004174508129908502,0.01102312305458001,,False,0.9762024299628477,0.9726814909227551,0.9605904471010063,0.9660417008640503,0.9329317269076305,0.915565111381845,0.9046576003090914,0.9092745181161734
692,0.0041725863457532765,0.01101377186192,,False,0.9766040767145295,0.9730636725838175,0.9613825919159216,0.9666697573205281,0.9329317269076305,0.9140660710803407,0.9046768302643896,0.9086768531386584
693,0.004165708138208871,0.011012315673613774,,False,0.9766040767145295,0.9730681730083833,0.9613825919159216,0.9666725543576883,0.9325301204819277,0.9137146303881362,0.9043078609075967,0.9083129211236388
694,0.004161849116739275,0.011015198693547675,,False,0.9766040767145295,0.9730711727642996,0.9613825919159216,0.9666729079122239,0.9333333333333333,0.9159313135831693,0.9050451617263308,0.9096473425721445
695,0.004158465299815525,0.011021488374703146,,False,0.9766040767145295,0.9730759752093397,0.9613825919159216,0.9666748772646407,0.9329317269076305,0.9155614067172689,0.9046710502411082,0.9092736079704495
696,0.0041533386785234175,0.011007449713671803,,False,0.9766040767145295,0.9730666656285235,0.9613825919159216,0.9666710117140332,0.9325301204819277,0.915169418894885,0.9042892688471503,0.908899584895624
697,0.0041492630041225975,0.01100561348223569,,False,0.9766040767145295,0.9730666656285235,0.9613825919159216,0.9666710117140332,0.9329317269076305,0.9155887878104126,0.9046511942905089,0.9092784265107657
698,0.004146080217946316,0.011004031556592873,,False,0.9766040767145295,0.9730666656285235,0.9613825919159216,0.9666710117140332,0.9325301204819277,0.9137176172742603,0.9043014548890143,0.9083130809304328
699,0.0041422702185641555,0.011014466806110582,,False,0.9766040767145295,0.9730666656285235,0.9613825919159216,0.9666710117140332,0.9321285140562249,0.9133591232956806,0.9039273434037916,0.9079401159193513
700,0.0041378538832315195,0.011007790268903334,,False,0.9766040767145295,0.9730666656285235,0.9613825919159216,0.9666710117140332,0.9325301204819277,0.9137429952783607,0.9042892688471503,0.90831552350557
701,0.004133110788365638,0.011009858792879903,,False,0.9766040767145295,0.9730666656285235,0.9613825919159216,0.9666710117140332,0.9325301204819277,0.9137116086586481,0.9042892688471503,0.9083132078605127
702,0.0041292509188444295,0.01100443292498397,,False,0.9766040767145295,0.9730666656285235,0.9613825919159216,0.9666710117140332,0.9325301204819277,0.9137116086586481,0.9042892688471503,0.9083132078605127
703,0.00412534925595198,0.011007500404590965,,False,0.9766040767145295,0.9730666656285235,0.9613825919159216,0.9666710117140332,0.9325301204819277,0.9137429952783607,0.9042892688471503,0.90831552350557
704,0.0041216057133986895,0.011009549360698428,,False,0.97670448840245,0.9731696082276299,0.9614732948637674,0.9667671524436501,0.9325301204819277,0.9137429952783607,0.9042892688471503,0.90831552350557
705,0.004117809017239137,0.010996975166391577,,False,0.97670448840245,0.9731602986468135,0.9614732948637674,0.9667632868930425,0.9325301204819277,0.9137429952783607,0.9042892688471503,0.90831552350557
706,0.004113767618373823,0.011006895803521018,,False,0.97670448840245,0.9731648057825897,0.9614732948637674,0.9667651830912329,0.9329317269076305,0.9141273772254207,0.9046697863509555,0.9086900480207893
707,0.004110400451132232,0.011006037087465547,,False,0.97670448840245,0.9731648057825897,0.9614732948637674,0.9667651830912329,0.9325301204819277,0.9137340703659456,0.9042892688471503,0.9083125680119277
708,0.004106881326856828,0.01099361840639268,,False,0.9768049000903705,0.9732524804776167,0.9615557215040575,0.9668504580563896,0.9329317269076305,0.9141014892569402,0.9046633803323729,0.9086884885166514
709,0.004104088525519134,0.011012020391089651,,False,0.97670448840245,0.9731696082276299,0.9614732948637674,0.9667671524436501,0.9325301204819277,0.9137154713734448,0.9043091247977494,0.9083100370201858
710,0.004098365875863099,0.011000971546136922,,False,0.9768049000903705,0.9732569876133927,0.9615557215040575,0.9668523542545802,0.9329317269076305,0.9155887878104126,0.9046511942905089,0.9092784265107657
711,0.004095416098142834,0.010988901685469513,,False,0.9768049000903705,0.9732524804776167,0.9615557215040575,0.9668504580563896,0.9333333333333333,0.9159472817889923,0.9050253057757315,0.9096513915218473
712,0.0040905689018568645,0.010994320326331122,,False,0.976905311778291,0.9733490653011262,0.9616381481443477,0.9669401040205735,0.9325301204819277,0.9137429952783607,0.9042892688471503,0.90831552350557
713,0.004088093646232623,0.010988313691443348,,False,0.976905311778291,0.97334455816535,0.9616381481443477,0.966938207822383,0.9333333333333333,0.9159472817889923,0.9050253057757315,0.9096513915218473
714,0.004082929457421611,0.010999096634322468,,False,0.9768049000903705,0.9732569876133927,0.9615557215040575,0.9668523542545802,0.9329317269076305,0.9141273772254207,0.9046697863509555,0.9086900480207893
715,0.004078939618608688,0.01099709011554192,,False,0.976905311778291,0.97334455816535,0.9616381481443477,0.966938207822383,0.9325301204819277,0.9137429952783607,0.9042892688471503,0.90831552350557
716,0.004075410423060842,0.010993938195221303,,False,0.976905311778291,0.9733490653011262,0.9616381481443477,0.9669401040205735,0.9325301204819277,0.9137429952783607,0.9042892688471503,0.90831552350557
717,0.004071315611365526,0.010995573593965864,,False,0.9768049000903705,0.9732569876133927,0.9615557215040575,0.9668523542545802,0.9325301204819277,0.9137429952783607,0.9042892688471503,0.90831552350557
718,0.004067675751428428,0.010997499024398416,,False,0.976905311778291,0.9733490653011262,0.9616381481443477,0.9669401040205735,0.9325301204819277,0.9137429952783607,0.9042892688471503,0.90831552350557
719,0.004064385660247968,0.01100364821176913,,False,0.976905311778291,0.97334455816535,0.9616381481443477,0.966938207822383,0.9325301204819277,0.9137429952783607,0.9042892688471503,0.90831552350557
720,0.004062038199407666,0.011004390792218098,,False,0.9768049000903705,0.9732617900584329,0.9615557215040575,0.9668543236069971,0.9329317269076305,0.9141273772254207,0.9046697863509555,0.9086900480207893
721,0.0040581194296387645,0.01100720907516012,,False,0.9770057234662115,0.9734369595774537,0.9617268242106773,0.9670280802741968,0.9329317269076305,0.9141273772254207,0.9046697863509555,0.9086900480207893
722,0.004052852406870113,0.011001251672601664,,False,0.9771061351541319,0.9735217551543519,0.9618201948922833,0.9671180202979934,0.9329317269076305,0.9141273772254207,0.9046697863509555,0.9086900480207893
723,0.004049218987727118,0.010987297997318466,,False,0.9771061351541319,0.973524544510702,0.9618201948922833,0.9671201296582707,0.9325301204819277,0.9137429952783607,0.9042892688471503,0.90831552350557
724,0.004045311567296179,0.010989833203900479,,False,0.9771061351541319,0.973524544510702,0.9618201948922833,0.9671201296582707,0.9325301204819277,0.9137429952783607,0.9042892688471503,0.90831552350557
725,0.004041593895923865,0.010995491205026638,,False,0.9771061351541319,0.9735217551543519,0.9618201948922833,0.9671180202979934,0.9329317269076305,0.9141273772254207,0.9046697863509555,0.9086900480207893
726,0.004038234262216405,0.010988398516823478,,False,0.9772065468420524,0.9736099216712102,0.9619135655738893,0.9672101343417207,0.9325301204819277,0.9137418152541064,0.9042892688471503,0.9083149492239113
727,0.004036014512346297,0.01098565661835111,,False,0.9772065468420524,0.9736074116457538,0.9619135655738893,0.9672080946050868,0.9329317269076305,0.9140699659585358,0.9046633803323729,0.9086855445145583
728,0.004030705964918133,0.010991854542984961,,False,0.9772065468420524,0.9736464963871077,0.9623322276623806,0.9674733311451984,0.9325301204819277,0.9137429952783607,0.9042892688471503,0.90831552350557
729,0.004027560349614536,0.01100042545702347,,False,0.9771061351541319,0.9735293392555966,0.9618201948922833,0.9671220995538027,0.9329317269076305,0.9141273772254207,0.9046697863509555,0.9086900480207893
730,0.004023341510850881,0.01099422509583537,,False,0.9772065468420524,0.9736180535469274,0.9619135655738893,0.9672144146314969,0.9321285140562249,0.9133774688288232,0.9039164127695961,0.907939661147192
731,0.004019991443349631,0.010996354917775626,,False,0.9772065468420524,0.9736464963871077,0.9623322276623806,0.9674733311451984,0.9329317269076305,0.9141273772254207,0.9046697863509555,0.9086900480207893
732,0.004016406289110605,0.010996178162164352,,False,0.9772065468420524,0.9736464963871077,0.9623322276623806,0.9674733311451984,0.9325301204819277,0.9137429952783607,0.9042892688471503,0.90831552350557
733,0.004012965137540139,0.010982619185860385,,False,0.9773069585299728,0.9737321528785094,0.9624255983439866,0.9675634054522918,0.9325301204819277,0.9137429952783607,0.9042892688471503,0.90831552350557
734,0.004008771159603257,0.01098889135071927,,False,0.9772065468420524,0.9736464963871077,0.9623322276623806,0.9674733311451984,0.9325301204819277,0.9137429952783607,0.9042892688471503,0.90831552350557
735,0.004005606062662257,0.01099360681445795,,False,0.9772065468420524,0.9736511519680803,0.9623322276623806,0.9674752662914157,0.9329317269076305,0.9141273772254207,0.9046697863509555,0.9086900480207893
736,0.00400247461669448,0.010982543962550263,,False,0.9774073702178934,0.9738257331355832,0.9625189690255925,0.9676576484600502,0.9325301204819277,0.9137418152541064,0.9042892688471503,0.9083149492239113
737,0.003998360001631954,0.01098441334320603,,False,0.9774073702178934,0.9738298027700816,0.9625189690255925,0.9676594780252314,0.9325301204819277,0.9137418152541064,0.9042892688471503,0.9083149492239113
738,0.00399462257413496,0.010984551545497313,,False,0.9774073702178934,0.9738298027700816,0.9625189690255925,0.9676594780252314,0.9325301204819277,0.9137418152541064,0.9042892688471503,0.9083149492239113
739,0.003991531734514462,0.010991952130011086,,False,0.9772065468420524,0.9736511519680803,0.9623322276623806,0.9674752662914157,0.9329317269076305,0.9141273772254207,0.9046697863509555,0.9086900480207893
740,0.003987515414895958,0.010979214009792616,,False,0.9775077819058139,0.9739236506512466,0.9626123397071985,0.9677539791913298,0.9325301204819277,0.9137404676837184,0.9042892688471503,0.9083132069233325
741,0.003984271402052989,0.010975410814572062,,False,0.9775077819058139,0.9739196563064293,0.9626123397071985,0.9677521484439189,0.9321285140562249,0.9133785875577998,0.9039164127695961,0.907939661548955
742,0.003980945391718438,0.010980500873417811,,False,0.9774073702178934,0.9738257331355832,0.9625189690255925,0.9676576484600502,0.9325301204819277,0.9137418152541064,0.9042892688471503,0.9083149492239113
743,0.003977369820104311,0.010987215114430382,,False,0.9774073702178934,0.9738257331355832,0.9625189690255925,0.9676576484600502,0.9321285140562249,0.9133785875577998,0.9039164127695961,0.907939661548955
744,0.003973375589881734,0.010975867150572983,,False,0.9775077819058139,0.9739236506512466,0.9626123397071985,0.9677539791913298,0.9321285140562249,0.9133760599631577,0.9039164127695961,0.9079373449667175
745,0.003970953185817799,0.01097063252841385,,False,0.9775077819058139,0.9739236506512466,0.9626123397071985,0.9677539791913298,0.9329317269076305,0.9140857741167951,0.904617711518158,0.9086645594778808
746,0.0039670554457368395,0.010986194498924772,,False,0.9772065468420524,0.9736464963871077,0.9623322276623806,0.9674733311451984,0.9333333333333333,0.9144971502331618,0.904999492912116,0.9090314286507267
747,0.003964622119606039,0.01097225480681516,,False,0.9775077819058139,0.9739237259409279,0.9626123397071985,0.967754832967316,0.9329317269076305,0.9141009898625782,0.9046633803323729,0.9086861153680977
748,0.003960752090522662,0.010969424295485931,,False,0.9775077819058139,0.9739196563064293,0.9626123397071985,0.9677521484439189,0.9329317269076305,0.9141132383511987,0.9046202308159794,0.9086543642081999
749,0.003955602796903752,0.010980544587470345,,False,0.9775077819058139,0.9739236506512466,0.9626123397071985,0.9677539791913298,0.9325301204819277,0.9137404676837184,0.9042892688471503,0.9083132069233325
750,0.003952195586036018,0.010976342614863086,,False,0.9775077819058139,0.9739236506512466,0.9626123397071985,0.9677539791913298,0.9325301204819277,0.9137392876594641,0.9042892688471503,0.9083126326416738
751,0.003948614436095311,0.010973238174333044,,False,0.9775077819058139,0.9739236506512466,0.9626123397071985,0.9677539791913298,0.9325301204819277,0.9137392876594641,0.9042892688471503,0.9083126326416738
752,0.003945102403035917,0.010971709698779097,,False,0.9775077819058139,0.9739236506512466,0.9626123397071985,0.9677539791913298,0.9325301204819277,0.9137392876594641,0.9042892688471503,0.9083126326416738
753,0.003941593363142826,0.010976646453408598,,False,0.9776081935937343,0.9740495836022581,0.9631243724772958,0.9681084094036443,0.9325301204819277,0.9137392876594641,0.9042892688471503,0.9083126326416738
754,0.003938225911155358,0.01097632802487445,,False,0.9776081935937343,0.9740117286367346,0.9627062628780448,0.9678453282194273,0.9325301204819277,0.9137505074695604,0.9042461193307568,0.9082809363399262
755,0.003935014677355681,0.010970708670754703,,False,0.9777086052816548,0.9741416559325633,0.9632182956481421,0.9682015891791527,0.9321285140562249,0.9134012374909913,0.9038732632532027,0.9079037165685462
756,0.003931395278236385,0.01097625345839877,,False,0.9777086052816548,0.9741416559325633,0.9632182956481421,0.9682015891791527,0.9325301204819277,0.9137392876594641,0.9042892688471503,0.9083126326416738
757,0.003927894147736009,0.010976424144253611,,False,0.9777086052816548,0.9741416559325633,0.9632182956481421,0.9682015891791527,0.9329317269076305,0.9141204022421304,0.9046697863509555,0.9086866351933689
758,0.003925604947005284,0.010978687106713467,,False,0.9777086052816548,0.9741416559325633,0.9632182956481421,0.9682015891791527,0.9329317269076305,0.914123904396767,0.9046697863509555,0.9086877870706961
759,0.003921087112243307,0.01097710992959553,,False,0.9777086052816548,0.9741416559325633,0.9632182956481421,0.9682015891791527,0.9325301204819277,0.9137404676837184,0.9042892688471503,0.9083132069233325
760,0.003918392011093041,0.010984044751873664,,False,0.9777086052816548,0.9741416559325633,0.9632182956481421,0.9682015891791527,0.9333333333333333,0.9144971502331618,0.904999492912116,0.9090314286507267
761,0.003914122276371319,0.010973474791375799,,False,0.9777086052816548,0.9741416559325633,0.9632182956481421,0.9682015891791527,0.9325301204819277,0.9137392876594641,0.9042892688471503,0.9083126326416738
762,0.003910947670685477,0.010973644737365396,,False,0.9777086052816548,0.9741376615877458,0.9632182956481421,0.9681997584317418,0.9317269076305221,0.9130495565303389,0.9035182756777679,0.9075487095396348
763,0.003907686394592526,0.010967529459188692,,False,0.9777086052816548,0.9741376615877458,0.9632182956481421,0.9681997584317418,0.9317269076305221,0.9130495565303389,0.9035182756777679,0.9075487095396348
764,0.003904475771368541,0.01096487144142518,,False,0.9778090169695752,0.9742287426935571,0.9633116663297481,0.9682921068521654,0.9317269076305221,0.9130495565303389,0.9035182756777679,0.9075487095396348
765,0.0039009060577042077,0.01097101731705239,,False,0.9777086052816548,0.9741416559325633,0.9632182956481421,0.9682015891791527,0.9325301204819277,0.913788276292665,0.9042716492591271,0.9082976077747311
766,0.0038973066324792523,0.010964717869804495,,False,0.9777086052816548,0.9741416559325633,0.9632182956481421,0.9682015891791527,0.9317269076305221,0.9130495565303389,0.9035182756777679,0.9075487095396348
767,0.0038937254614716753,0.010967249426139606,,False,0.9777086052816548,0.9741416559325633,0.9632182956481421,0.9682015891791527,0.9317269076305221,0.9130495565303389,0.9035182756777679,0.9075487095396348
768,0.0038904918200987093,0.01096918456064968,,False,0.9777086052816548,0.9741416559325633,0.9632182956481421,0.9682015891791527,0.9321285140562249,0.9134260966709573,0.9038987931815731,0.9079215656171888
769,0.0038875242454766393,0.010972500146658355,,False,0.9777086052816548,0.9741416559325633,0.9632182956481421,0.9682015891791527,0.9329317269076305,0.9141445316953656,0.9046266368345619,0.9086537612777837
770,0.003883818862861611,0.01097325086040646,,False,0.9777086052816548,0.9741416559325633,0.9632182956481421,0.9682015891791527,0.9329317269076305,0.9141445316953656,0.9046266368345619,0.9086537612777837
771,0.00388021816183153,0.010967896837792306,,False,0.9777086052816548,0.9741416559325633,0.9632182956481421,0.9682015891791527,0.9321285140562249,0.9134138287862624,0.9039419426979663,0.9079540164015225
772,0.003877203098367186,0.010969794537111898,,False,0.9778090169695752,0.9742287426935571,0.9633116663297481,0.9682921068521654,0.9313253012048193,0.9126738994600877,0.9031885691166072,0.9072051697535043
773,0.0038750130024497657,0.010966416669086565,,False,0.9779094286574957,0.9743188825703997,0.963405037011354,0.9683839153338794,0.9313253012048193,0.9126943143087985,0.9031885691166072,0.9072007313859619
774,0.0038704284707797407,0.010967277596712422,,False,0.9777086052816548,0.9741416559325633,0.9632182956481421,0.9682015891791527,0.9317269076305221,0.9130655269835769,0.9035182756777679,0.9075437226454484
775,0.0038668839869835415,0.010965555025405124,,False,0.9778090169695752,0.9742326618723484,0.9633116663297481,0.9682939387636819,0.9313253012048193,0.9126943143087985,0.9031885691166072,0.9072007313859619
776,0.003864227287800104,0.010955975907399813,,False,0.9779094286574957,0.9743188825703997,0.963405037011354,0.9683839153338794,0.9313253012048193,0.9126779510755296,0.9031429003023924,0.9071779135365239
777,0.0038598765666601692,0.010965919367481312,,False,0.9777086052816548,0.9741416559325633,0.9632182956481421,0.9682015891791527,0.9321285140562249,0.9134342436349733,0.9039419426979663,0.9079495780339799
778,0.0038567753457191215,0.010968150430363048,,False,0.9777086052816548,0.9741416559325633,0.9632182956481421,0.9682015891791527,0.9325301204819277,0.9138088211879511,0.9042716492591271,0.9082937673546859
779,0.0038540398771212563,0.010971855982523418,,False,0.9777086052816548,0.9741416559325633,0.9632182956481421,0.9682015891791527,0.9321285140562249,0.9134342436349733,0.9039419426979663,0.9079495780339799
780,0.003849978475398349,0.010962590974512897,,False,0.9777086052816548,0.9741416559325633,0.9632182956481421,0.9682015891791527,0.9321285140562249,0.9134342436349733,0.9039419426979663,0.9079495780339799
781,0.0038469157754335696,0.010963085207273779,,False,0.9779094286574957,0.9743225865374008,0.963405037011354,0.9683857135169599,0.9317269076305221,0.9130699713790498,0.9035182756777679,0.9075442711720925
782,0.0038435413199545245,0.01095803841530822,,False,0.9779094286574957,0.9743225865374008,0.963405037011354,0.9683857135169599,0.9317269076305221,0.9130699713790498,0.9035182756777679,0.9075442711720925
783,0.0038399810478800256,0.01095786913944615,,False,0.9779094286574957,0.9743225865374008,0.963405037011354,0.9683857135169599,0.9321285140562249,0.9134298753119405,0.9038911317553219,0.9079197415389153
784,0.0038365848082837295,0.010962688471587906,,False,0.9778090169695752,0.974234762830455,0.9633069717144718,0.9682922399839851,0.9321285140562249,0.9134342436349733,0.9039419426979663,0.9079495780339799
785,0.0038330707364381354,0.010964931091592777,,False,0.9779094286574957,0.9743256933459927,0.9634003423960777,0.9683845907174418,0.9321285140562249,0.9134298753119405,0.9038911317553219,0.9079197415389153
786,0.003830325860104788,0.010966003197769766,,False,0.9778090169695752,0.9747000526562304,0.9633069717144718,0.9684871947239441,0.9321285140562249,0.9134342436349733,0.9039419426979663,0.9079495780339799
787,0.003826378053682418,0.0109592382401813,,False,0.9780098403454162,0.9748807637578589,0.9634937130776837,0.9686713219650547,0.9313253012048193,0.9126943143087985,0.9031885691166072,0.9072007313859619
788,0.0038229999112418464,0.010960696851275802,,False,0.9780098403454162,0.9744154739320836,0.9634937130776837,0.9684763672250958,0.9313253012048193,0.9126943143087985,0.9031885691166072,0.9072007313859619
789,0.0038197069098501878,0.010955322998277258,,False,0.9781102520333367,0.974511491565091,0.9635870053624118,0.968571590468707,0.9309236947791165,0.9123022940052784,0.9028131937412319,0.9068343737503936
790,0.0038164670916886706,0.010963356202760548,,False,0.9781102520333367,0.974508626743924,0.9635870053624118,0.968570089058283,0.9317269076305221,0.9130708544494168,0.9035690866204124,0.9075735874635159
791,0.003812937921518072,0.010957746756010956,,False,0.9781102520333367,0.974511491565091,0.9635870053624118,0.968571590468707,0.9313253012048193,0.9126943143087985,0.9031885691166072,0.9072007313859619
792,0.003809733719862291,0.010959208518384897,,False,0.9781102520333367,0.974511491565091,0.9635870053624118,0.968571590468707,0.9321285140562249,0.9134342436349733,0.9039419426979663,0.9079495780339799
793,0.0038065543186890168,0.010955226329979875,,False,0.9781102520333367,0.974511491565091,0.9635870053624118,0.968571590468707,0.9317269076305221,0.9130699713790498,0.9035182756777679,0.9075442711720925
794,0.003803529108101582,0.010951546912778021,,False,0.9781102520333367,0.974511491565091,0.9635870053624118,0.968571590468707,0.9313253012048193,0.9126779510755296,0.9031429003023924,0.9071779135365239
795,0.003800013717213534,0.010961872525105772,,False,0.9783110754091776,0.9747172148823666,0.9641877141988388,0.9690081978548878,0.9321285140562249,0.9134342436349733,0.9039419426979663,0.9079495780339799
796,0.0037970607129992526,0.010950989679884435,,False,0.9781102520333367,0.9745036435189918,0.9635823107471355,0.9685652840083632,0.9313253012048193,0.9126779510755296,0.9031429003023924,0.9071779135365239
797,0.0037932608272784516,0.01095508957177723,,False,0.9783110754091776,0.9747200797035335,0.9641877141988388,0.9690096992653117,0.9317269076305221,0.913054491216148,0.9035234178061976,0.9075507696140781
798,0.003790030729673985,0.010954061753958234,,False,0.9784114870970981,0.9748122244956006,0.9642816373696849,0.9691028780722944,0.9317269076305221,0.913054491216148,0.9035234178061976,0.9075507696140781
799,0.0037864051955452263,0.010952925926228372,,False,0.9784114870970981,0.9748126599262861,0.9642810848804447,0.9691035520488528,0.9317269076305221,0.913054491216148,0.9035234178061976,0.9075507696140781
800,0.003783237385357429,0.010955271398307615,,False,0.9784114870970981,0.9748126599262861,0.9642810848804447,0.9691035520488528,0.9317269076305221,0.913054491216148,0.9035234178061976,0.9075507696140781
801,0.0037799253144152065,0.010956912472437968,,False,0.9784114870970981,0.9748115513218963,0.9642810848804447,0.9691030222983821,0.9317269076305221,0.913054491216148,0.9035234178061976,0.9075507696140781
802,0.0037769674406300333,0.010947530793163657,,False,0.9786123104729391,0.9749899060138902,0.9644683787328968,0.9692861689659501,0.9313253012048193,0.9126779510755296,0.9031429003023924,0.9071779135365239
803,0.003773936169504644,0.010959110922544549,,False,0.9784114870970981,0.9748412268187858,0.964699746968936,0.969358463812111,0.9317269076305221,0.9130708544494168,0.9035690866204124,0.9075735874635159
804,0.0037702164946147873,0.010950346598613861,,False,0.9785118987850185,0.9753935155885574,0.964793117650542,0.9696475530435753,0.9321285140562249,0.9134342436349733,0.9039419426979663,0.9079495780339799
805,0.0037668317165956344,0.01094896586672289,,False,0.9787127221608595,0.9751150533759364,0.9649804115029941,0.9696368093172164,0.9313253012048193,0.9126788341458967,0.9031937112450371,0.9072072298279475
806,0.003763575572258876,0.010947244096395284,,False,0.9787127221608595,0.9751150533759364,0.9649804115029941,0.9696368093172164,0.9317269076305221,0.913054491216148,0.9035234178061976,0.9075507696140781
807,0.0037604426761775034,0.010955443010142287,,False,0.9787127221608595,0.9751150533759364,0.9649804115029941,0.9696368093172164,0.9313253012048193,0.9126943143087985,0.9031885691166072,0.9072007313859619
808,0.003757068834217742,0.010949761219396994,,False,0.9787127221608595,0.9751150533759364,0.9649804115029941,0.9696368093172164,0.9313253012048193,0.9126788341458967,0.9031937112450371,0.9072072298279475
809,0.003754355725396065,0.010963605724918665,,False,0.9787127221608595,0.9751121885547693,0.9649804115029941,0.9696353079067924,0.9321285140562249,0.9134422604356105,0.9039444619957878,0.907943741584756
810,0.0037502671031995807,0.010954739977061265,,False,0.9787127221608595,0.9751150533759364,0.9649804115029941,0.9696368093172164,0.9321285140562249,0.9134422604356105,0.9039444619957878,0.907943741584756
811,0.0037471479835543536,0.010955880477826616,,False,0.9787127221608595,0.9751150533759364,0.9649804115029941,0.9696368093172164,0.9321285140562249,0.9134422604356105,0.9039444619957878,0.907943741584756
812,0.0037440254134988226,0.01095575048000769,,False,0.9787127221608595,0.9751150533759364,0.9649804115029941,0.9696368093172164,0.9321285140562249,0.9134422604356105,0.9039444619957878,0.907943741584756
813,0.0037405503030927046,0.01094680067914259,,False,0.9787127221608595,0.9751150533759364,0.9649804115029941,0.9696368093172164,0.9317269076305221,0.9130657202949922,0.9035639444919826,0.907570885507202
814,0.003737224224847201,0.010946409766671904,,False,0.97881313384878,0.9752091294942556,0.9650711144508399,0.9697290384653119,0.9321285140562249,0.9134138287862624,0.9039419426979663,0.9079540164015225
815,0.0037338875779932656,0.010951259038080311,,False,0.97881313384878,0.9752091294942556,0.9650711144508399,0.9697290384653119,0.9317269076305221,0.913050439600706,0.9035690866204124,0.9075780258310583
816,0.00373069539067999,0.010952704898507788,,False,0.9787127221608595,0.9751150533759364,0.9649804115029941,0.9696368093172164,0.9317269076305221,0.9130765393482759,0.9035716059182337,0.9075670677596869
817,0.0037274043837514175,0.01095518523958304,,False,0.9787127221608595,0.9751150533759364,0.9649804115029941,0.9696368093172164,0.9321285140562249,0.9134534139538688,0.9039013124793942,0.9079105545651198
818,0.0037245249254159478,0.010952297874527029,,False,0.97881313384878,0.9752091294942556,0.9650711144508399,0.9697290384653119,0.9321285140562249,0.9134422604356105,0.9039444619957878,0.907943741584756
819,0.003720951817573118,0.01094771523929277,,False,0.9787127221608595,0.9751113335868946,0.9649804115029941,0.9696350033333283,0.9325301204819277,0.9138588180219747,0.9042754239646169,0.9082896625520882
820,0.0037178721151360063,0.010954361604856742,,False,0.97881313384878,0.9752091294942556,0.9650711144508399,0.9697290384653119,0.9317269076305221,0.9130765393482759,0.9035716059182337,0.9075670677596869
821,0.003714380635762804,0.010949753028080985,,False,0.97881313384878,0.9752091294942556,0.9650711144508399,0.9697290384653119,0.9325301204819277,0.9138588180219747,0.9042754239646169,0.9082896625520882
822,0.0037114167632850722,0.010948609043030655,,False,0.97881313384878,0.9752091294942556,0.9650711144508399,0.9697290384653119,0.9317269076305221,0.9130615931189643,0.903525937104019,0.9075448388114222
823,0.0037079386104575352,0.010953120575281078,,False,0.97881313384878,0.9752091294942556,0.9650711144508399,0.9697290384653119,0.9321285140562249,0.9134669971870701,0.9039000485892417,0.9079239467983905
824,0.0037044764704943813,0.010942093514556711,,False,0.97881313384878,0.9752052550677662,0.9650711144508399,0.9697271941144628,0.9317269076305221,0.9130875047308419,0.903570342028081,0.9075798549285137
825,0.0037011867513836788,0.010944652548006155,,False,0.97881313384878,0.9752091294942556,0.9650711144508399,0.9697290384653119,0.9313253012048193,0.9126847185133714,0.9031962305428584,0.9072013520059892
826,0.003698681007361933,0.01094275931515398,,False,0.9789135455367005,0.97530335663363,0.9651618173986858,0.9698212679166986,0.9317269076305221,0.9130482708940502,0.9035690866204124,0.9075780490951337
827,0.003694860353390021,0.010941110218284927,,False,0.97881313384878,0.9752091294942556,0.9650711144508399,0.9697290384653119,0.9313253012048193,0.9126847185133714,0.9031962305428584,0.9072013520059892
828,0.0036917744369721873,0.010948070603059168,,False,0.97881313384878,0.9752091294942556,0.9650711144508399,0.9697290384653119,0.9317269076305221,0.9130765393482759,0.9035716059182337,0.9075670677596869
829,0.0036886684731290476,0.010938027779687932,,False,0.97881313384878,0.9752091294942556,0.9650711144508399,0.9697290384653119,0.9317269076305221,0.9130875047308419,0.903570342028081,0.9075798549285137
830,0.0036854568457052313,0.010943031238066317,,False,0.9789135455367005,0.9757621113237605,0.9651650376216863,0.9700173330796894,0.9317269076305221,0.9131037996601664,0.9035651998996512,0.9075726589725132
831,0.0036823526186909837,0.010937801997534288,,False,0.97881313384878,0.9752052550677662,0.9650711144508399,0.9697271941144628,0.9317269076305221,0.9131085937671072,0.9035651998996512,0.9075720071772929
832,0.0036791034954165914,0.010937618242185919,,False,0.97881313384878,0.9756688380412748,0.9650711144508399,0.969924274913235,0.9321285140562249,0.9134365614444965,0.9039457174034564,0.9079417109995551
833,0.003676111512230597,0.010939242247887738,,False,0.9790139572246209,0.9754274142335587,0.965673850168783,0.9701707360699598,0.9317269076305221,0.9130102500479674,0.9035690866204124,0.9075746997756303
834,0.0036731526195885713,0.01094309806867399,,False,0.9789135455367005,0.975763065180649,0.9651618173986858,0.9700165043646218,0.9321285140562249,0.9133627189117289,0.9039419426979663,0.9079506927660085
835,0.003669668160625596,0.010937660276580085,,False,0.9789135455367005,0.9757621113237605,0.9651650376216863,0.9700173330796894,0.9321285140562249,0.9134669971870701,0.9039000485892417,0.9079239467983905
836,0.003666609574167287,0.010933490424568077,,False,0.97881313384878,0.9752052550677662,0.9650711144508399,0.9697271941144628,0.9317269076305221,0.9130875047308419,0.903570342028081,0.9075798549285137
837,0.003663507854825731,0.010936402108816063,,False,0.9790139572246209,0.9758834579942423,0.9656770703917835,0.9703669550156443,0.9325301204819277,0.9137880013327402,0.9043185734810104,0.9083184629468501
838,0.0036604239708597133,0.01093592362095077,,False,0.9790139572246209,0.9758834579942423,0.9656770703917835,0.9703669550156443,0.9321285140562249,0.9134377270837439,0.903943198105635,0.9079566598565063
839,0.0036574347656354133,0.010938283900891388,,False,0.9791143689125414,0.9764404554362461,0.9657677733396294,0.9706557591515865,0.9325301204819277,0.9137919243676182,0.9043185734810104,0.908317876334054
840,0.0036548576394869205,0.010933989172574482,,False,0.9791143689125414,0.9764404554362461,0.9657677733396294,0.9706557591515865,0.9325301204819277,0.9143777196523347,0.9060008112743593,0.9095755313417294
841,0.003653926249592845,0.010924320642122646,,False,0.9791143689125414,0.9759735681518984,0.9657677733396294,0.9704580359729249,0.9317269076305221,0.9130265084515072,0.9035626806018298,0.9075791399371305
842,0.0036482616044349265,0.010938836108290781,,False,0.9791143689125414,0.9759809582318127,0.9657677733396294,0.970461383742522,0.9321285140562249,0.9133971335145546,0.903943198105635,0.9079527094353952
843,0.0036451993167740393,0.010935668175379729,,False,0.9793151922883824,0.9761658489581533,0.9659491792353209,0.970643738319646,0.9325301204819277,0.9138355562750495,0.9043185734810104,0.9083223525737824
844,0.0036426010697525064,0.010938019578394893,,False,0.9792147806004619,0.9760677553806156,0.965858476287475,0.9705497406018713,0.9325301204819277,0.9138448226417698,0.9043262349072615,0.9083184267597656
845,0.003639372749937777,0.010934238943252057,,False,0.9793151922883824,0.9761658489581533,0.9659491792353209,0.970643738319646,0.9321285140562249,0.9134001035327137,0.903943198105635,0.9079521605803564
846,0.003636973058913126,0.010936771962592616,,False,0.9793151922883824,0.9766360495387278,0.9659491792353209,0.9708444265338283,0.9321285140562249,0.9133713837439468,0.9039419426979663,0.907954462121964
847,0.0036351398552635504,0.01093896259656221,,False,0.9793151922883824,0.9766360495387278,0.9659491792353209,0.9708444265338283,0.9321285140562249,0.9142780670889292,0.9022462549726009,0.9072683416343086
848,0.003630946028568961,0.010929985628858316,,False,0.9793151922883824,0.9761691220563498,0.9659491792353209,0.9706459375951371,0.9321285140562249,0.9134001035327137,0.903943198105635,0.9079521605803564
849,0.0036280289939246207,0.010936659360181096,,False,0.9793151922883824,0.9761735873942585,0.9659491792353209,0.9706479286461431,0.9321285140562249,0.9134289433079475,0.9038987931815731,0.9079271303432499
850,0.003624681819431743,0.010942316333086713,,False,0.9793151922883824,0.9761701113789248,0.9659491792353209,0.9706458182495644,0.9333333333333333,0.915193918448294,0.9067058932108952,0.9102904409466108
851,0.0036217405563206797,0.010940760893179033,,False,0.9793151922883824,0.9761691220563498,0.9659491792353209,0.9706459375951371,0.9321285140562249,0.9134289433079475,0.9038987931815731,0.9079271303432499
852,0.003618778512362616,0.010942484066422346,,False,0.9793151922883824,0.9761701113789248,0.9659491792353209,0.9706458182495644,0.9325301204819277,0.913821052282271,0.9042729046667957,0.9083008193721065
853,0.0036158385809374814,0.010939279906551911,,False,0.9793151922883824,0.9761691220563498,0.9659491792353209,0.9706459375951371,0.9329317269076305,0.9147720294748221,0.9063761866497347,0.9099418207153496
854,0.0036129442175462127,0.010942528524926845,,False,0.9793151922883824,0.9761691220563498,0.9659491792353209,0.9706459375951371,0.9329317269076305,0.9147720294748221,0.9063761866497347,0.9099418207153496
855,0.003610020189246532,0.010935648232863401,,False,0.9793151922883824,0.9761691220563498,0.9659491792353209,0.9706459375951371,0.9329317269076305,0.9147720294748221,0.9063761866497347,0.9099418207153496
856,0.0036070639860814107,0.010939255278780919,,False,0.9793151922883824,0.9761691220563498,0.9659491792353209,0.9706459375951371,0.9333333333333333,0.9151348097769443,0.9067567041535399,0.9103158900545694
857,0.0036043056824626883,0.010934962169208773,,False,0.9794156039763029,0.976730202613616,0.9660398821831667,0.97093666568957,0.9329317269076305,0.9147414529711759,0.9063813287781645,0.9099495629231923
858,0.003601610112197602,0.010932561407621378,,False,0.9794156039763029,0.9767267265982825,0.9660398821831667,0.9709345552929913,0.9329317269076305,0.914753376722586,0.9063305178355198,0.90991907112786
859,0.0035983929223883785,0.010932969898611951,,False,0.9794156039763029,0.9767267265982825,0.9660398821831667,0.9709345552929913,0.9329317269076305,0.9147414529711759,0.9063813287781645,0.9099495629231923
860,0.0035955710318837713,0.010935580584147375,,False,0.9794156039763029,0.9767267265982825,0.9660398821831667,0.9709345552929913,0.9333333333333333,0.9151476865450733,0.9067058932108952,0.9102853605014799
861,0.00359282028028473,0.010934899725477922,,False,0.9794156039763029,0.9767267265982825,0.9660398821831667,0.9709345552929913,0.9329317269076305,0.9147414529711759,0.9063813287781645,0.9099495629231923
862,0.003590789915917559,0.01093148201802687,,False,0.9795160156642233,0.9768160255853304,0.9661285582494964,0.9710245011773387,0.9337349397590361,0.9155109829987116,0.9071308156387625,0.9106944935674846
863,0.003587221541598574,0.010935824713317147,,False,0.9794156039763029,0.9767311919361913,0.9660398821831667,0.9709365463439974,0.9329317269076305,0.9147225375640358,0.9063369238541024,0.9099188429286436
864,0.003584830778276047,0.010928157285282769,,False,0.9794156039763029,0.9767311919361913,0.9660398821831667,0.9709365463439974,0.9333333333333333,0.9151171100414273,0.906711035339325,0.9102931027093228
865,0.0035819581746497366,0.01092593150024895,,False,0.9794156039763029,0.9767267265982825,0.9660398821831667,0.9709345552929913,0.9333333333333333,0.9165717370439683,0.9066924432788785,0.9108889112735543
866,0.0035789857556993874,0.010931653431627013,,False,0.9794156039763029,0.9767267265982825,0.9660398821831667,0.9709345552929913,0.9333333333333333,0.9151476865450733,0.9067058932108952,0.9102853605014799
867,0.003576180090062236,0.010934189452468166,,False,0.9794156039763029,0.976730202613616,0.9660398821831667,0.97093666568957,0.934136546184739,0.9158716177903791,0.9074592667922544,0.9110355268563927
868,0.0035731010910387234,0.010936316874641755,,False,0.9795160156642233,0.9768208022626312,0.9661285582494964,0.9710257957912807,0.9333333333333333,0.9151348097769443,0.9067567041535399,0.9103158900545694
869,0.0035706567591734795,0.010934660449034909,,False,0.9795160156642233,0.9768208022626312,0.9661285582494964,0.9710257957912807,0.9337349397590361,0.9155104668471955,0.9070864107147004,0.9106594298406999
870,0.0035684389647049272,0.010942863920083052,,False,0.9795160156642233,0.9768208022626312,0.9661285582494964,0.9710257957912807,0.9329317269076305,0.9147102696793409,0.9063800733704959,0.909951293712977
871,0.0035648087009685554,0.01093666355699232,,False,0.9795160156642233,0.9768208022626312,0.9661285582494964,0.9710257957912807,0.9333333333333333,0.9151348097769443,0.9067567041535399,0.9103158900545694
872,0.0035620215765688776,0.010933868788916562,,False,0.9795160156642233,0.9768208022626312,0.9661285582494964,0.9710257957912807,0.9329317269076305,0.9147414529711759,0.9063813287781645,0.9099495629231923
873,0.003559676525769872,0.010928718996096235,,False,0.9795160156642233,0.9768208022626312,0.9661285582494964,0.9710257957912807,0.9329317269076305,0.9156325318230303,0.9046412361287369,0.9092688769476407
874,0.003556729570510787,0.01093560757463378,,False,0.9795160156642233,0.9768120292806566,0.9661285582494964,0.9710218881898922,0.9333333333333333,0.9151134053822213,0.9067122992294778,0.9102845964400983
875,0.0035542853959472293,0.010922676007142109,,False,0.9795160156642233,0.9768162681405591,0.9661285582494964,0.9710238053205958,0.9333333333333333,0.9160117245579289,0.9050584971303528,0.9096757007239069
876,0.0035519637343325934,0.010936677944703006,,False,0.9795160156642233,0.9768208022626312,0.9661285582494964,0.9710257957912807,0.9337349397590361,0.9169042423156417,0.907071705375015,0.9112646776692281
877,0.0035485005691178327,0.010926741853897231,,False,0.9795160156642233,0.9768208022626312,0.9661285582494964,0.9710257957912807,0.9333333333333333,0.9160259394919057,0.9050153476139595,0.9096431842909719
878,0.0035460709914484517,0.010925429089423566,,False,0.9796164273521438,0.9769134196048506,0.9662218505342245,0.9711193643472075,0.9333333333333333,0.9165598132925583,0.9067432542215231,0.9109194030688865
879,0.0035431035581751894,0.0109249063205051,,False,0.9796164273521438,0.9769068614938011,0.9662218505342245,0.9711160767212458,0.9333333333333333,0.9160259394919057,0.9050153476139595,0.9096431842909719
880,0.003540350386114498,0.010928620276726276,,False,0.9796164273521438,0.9769134196048506,0.9662218505342245,0.9711193643472075,0.9333333333333333,0.9159947114447381,0.9050140922062909,0.909644919105183
881,0.003537792534366694,0.010933013638028144,,False,0.9796164273521438,0.9769134196048506,0.9662218505342245,0.9711193643472075,0.9337349397590361,0.9154747684617729,0.907071705375015,0.910670777262524
882,0.0035357501359863422,0.01092141062795504,,False,0.9796164273521438,0.9769045590975759,0.9662218505342245,0.9711161910180477,0.9333333333333333,0.9151209384667252,0.9067046293207424,0.9102993141045322
883,0.0035323210080744506,0.01092858806426115,,False,0.9796164273521438,0.976904646622876,0.9662218505342245,0.9711154567458191,0.9345381526104418,0.9162467684637061,0.907833378277477,0.9114141839021257
884,0.003529369070882065,0.010926122032456966,,False,0.9796164273521438,0.9769134196048506,0.9662218505342245,0.9711193643472075,0.9349397590361446,0.9180639474177936,0.9081953037208357,0.9123840708103137
885,0.003527103513203391,0.010925633941968266,,False,0.9796164273521438,0.9769134196048506,0.9662218505342245,0.9711193643472075,0.9337349397590361,0.9154971702839764,0.9071295602310939,0.9106919354831837
886,0.0035240798977763297,0.010926095788860269,,False,0.9796164273521438,0.9769134196048506,0.9662218505342245,0.9711193643472075,0.9349397590361446,0.9180639474177936,0.9081953037208357,0.9123840708103137
887,0.003521417793321437,0.010926507889318338,,False,0.9796164273521438,0.9769134196048506,0.9662218505342245,0.9711193643472075,0.934136546184739,0.9172939453253114,0.9074470807503905,0.9116304787433349
888,0.0035189572086786088,0.010930037995641668,,False,0.9797168390400642,0.9770069251157586,0.9663105266005542,0.9712101042311413,0.9337349397590361,0.9163844144544078,0.9053894675816664,0.9100107201792896
889,0.003516092372219214,0.010930746152961737,,False,0.9797168390400642,0.9770069251157586,0.9663105266005542,0.9712101042311413,0.9345381526104418,0.917681037082662,0.9078534111178111,0.9120408964402189
890,0.0035136568314021476,0.010934252991081906,,False,0.9798172507279848,0.977121811259533,0.9668225593706514,0.9715561934504863,0.934136546184739,0.9172948668240044,0.9074914856744526,0.9116662259228794
891,0.0035112924374764397,0.010924762971973472,,False,0.9797168390400642,0.9770003670047092,0.9663105266005542,0.9712068166051796,0.934136546184739,0.9168107494397213,0.905746242414111,0.9103910382104264
892,0.0035083125438657783,0.010926984487508363,,False,0.9797168390400642,0.9770069251157586,0.9663105266005542,0.9712101042311413,0.9345381526104418,0.9176981432055192,0.9078102616014179,0.9120089434160593
893,0.0035054239964839224,0.010928331341318659,,False,0.9798172507279848,0.9771152531484836,0.9668225593706514,0.9715529058245246,0.9349397590361446,0.9180580669118841,0.9081831176789719,0.9123850911579517
894,0.0035029400112678547,0.010926618225350621,,False,0.9798172507279848,0.9771152531484836,0.9668225593706514,0.9715529058245246,0.934136546184739,0.9167886123346156,0.9057526484326934,0.9103891848520139
895,0.0035003146519720593,0.010925301849278542,,False,0.9798172507279848,0.9771152531484836,0.9668225593706514,0.9715529058245246,0.9345381526104418,0.9176695212422578,0.9078077423035964,0.91201924378742
896,0.003497814603439487,0.010925574259029767,,False,0.9798172507279848,0.9771152531484836,0.9668225593706514,0.9715529058245246,0.9345381526104418,0.9171485360409805,0.9061255045102475,0.9107653325939064
897,0.0034952208734925294,0.010928297748782682,,False,0.9798172507279848,0.977121811259533,0.9668225593706514,0.9715561934504863,0.934136546184739,0.9167886123346156,0.9057526484326934,0.9103891848520139
898,0.0034927860600235086,0.010925618519012102,,False,0.9798172507279848,0.977121811259533,0.9668225593706514,0.9715561934504863,0.934136546184739,0.9167790506697295,0.9058079839909509,0.910420731663511
899,0.003490100617641924,0.01092631375240573,,False,0.9798172507279848,0.9771152531484836,0.9668225593706514,0.9715529058245246,0.934136546184739,0.9167705878410004,0.905795797949087,0.9104211486666249
900,0.003487380841981017,0.010928738416223145,,False,0.9798172507279848,0.9771152531484836,0.9668225593706514,0.9715529058245246,0.934136546184739,0.9167705878410004,0.905795797949087,0.9104211486666249
901,0.003484835658396205,0.010922964527375754,,False,0.9798172507279848,0.9771152531484836,0.9668225593706514,0.9715529058245246,0.934136546184739,0.9167599903713539,0.9057501291348721,0.9103994852233749
902,0.0034821925874513326,0.010923109087536898,,False,0.9798172507279848,0.9771152531484836,0.9668225593706514,0.9715529058245246,0.9345381526104418,0.9171485360409805,0.9061255045102475,0.9107653325939064
903,0.003479653336077678,0.010930245635655946,,False,0.9799176624159052,0.9772047903827252,0.9669112354369811,0.9716420838787896,0.9345381526104418,0.9171485360409805,0.9061255045102475,0.9107653325939064
904,0.0034771367391964033,0.010933815353021233,,False,0.9799176624159052,0.9772047903827252,0.9669112354369811,0.9716420838787896,0.9345381526104418,0.9171485360409805,0.9061255045102475,0.9107653325939064
905,0.0034744631271221306,0.010926963825503799,,False,0.9799176624159052,0.9772041101578883,0.9669112354369811,0.9716423588449403,0.9345381526104418,0.9171485360409805,0.9061255045102475,0.9107653325939064
906,0.003471951800277048,0.010931723302988323,,False,0.9799176624159052,0.9772094778189265,0.9669112354369811,0.9716442363154988,0.9345381526104418,0.9171342659556346,0.9061255045102475,0.9107612585055284
907,0.003469251787969819,0.010929760354268986,,False,0.9799176624159052,0.9772047903827252,0.9669112354369811,0.9716420838787896,0.9345381526104418,0.9171485360409805,0.9061255045102475,0.9107653325939064
908,0.003466739101349731,0.010925358486606479,,False,0.9799176624159052,0.9772047903827252,0.9669112354369811,0.9716420838787896,0.934136546184739,0.9167466862850426,0.9057501291348721,0.9103953741885634
909,0.003464043252355428,0.010927273853181037,,False,0.9799176624159052,0.9772047903827252,0.9669112354369811,0.9716420838787896,0.9345381526104418,0.9171342659556346,0.9061255045102475,0.9107612585055284
910,0.003461803614902257,0.010922172060758805,,False,0.9799176624159052,0.9772047903827252,0.9669112354369811,0.9716420838787896,0.9345381526104418,0.9171342659556346,0.9061255045102475,0.9107612585055284
911,0.003459064558676149,0.010925854123851175,,False,0.9799176624159052,0.9772039965561174,0.9669112354369811,0.971642179115276,0.9345381526104418,0.9171342659556346,0.9061255045102475,0.9107612585055284
912,0.0034565948632054883,0.010929974740743646,,False,0.9799176624159052,0.9772047903827252,0.9669112354369811,0.9716420838787896,0.9345381526104418,0.9156811343968783,0.9061255045102475,0.9101748541365713
913,0.0034539460664021605,0.010926384807501665,,False,0.9799176624159052,0.9772039965561174,0.9669112354369811,0.971642179115276,0.9345381526104418,0.9171485360409805,0.9061255045102475,0.9107653325939064
914,0.0034517732189034756,0.010928523735035738,,False,0.9799176624159052,0.9772039965561174,0.9669112354369811,0.971642179115276,0.934136546184739,0.9167563177556547,0.905795797949087,0.9104170745782469
915,0.003449106979166198,0.010921482451706028,,False,0.9799176624159052,0.9772092115970721,0.9669112354369811,0.971644017850294,0.9345381526104418,0.9171342659556346,0.9061255045102475,0.9107612585055284
916,0.0034465510538373356,0.010920420247036716,,False,0.9799176624159052,0.9772094778189265,0.9669112354369811,0.9716442363154988,0.9345381526104418,0.9171342659556346,0.9061255045102475,0.9107612585055284
917,0.003444527897068766,0.010935034652871475,,False,0.9799176624159052,0.9772092115970721,0.9669112354369811,0.971644017850294,0.9345381526104418,0.9171485360409805,0.9061255045102475,0.9107653325939064
918,0.0034415028297826613,0.010920997570123553,,False,0.9799176624159052,0.9772041101578883,0.9669112354369811,0.9716423588449403,0.9345381526104418,0.9171342659556346,0.9061255045102475,0.9107612585055284
919,0.003438911914464042,0.01092302180404045,,False,0.9799176624159052,0.9772039965561174,0.9669112354369811,0.971642179115276,0.9345381526104418,0.9171342659556346,0.9061255045102475,0.9107612585055284
920,0.003436438468833639,0.010919695171369226,,False,0.9799176624159052,0.9772092115970721,0.9669112354369811,0.971644017850294,0.9345381526104418,0.9171342659556346,0.9061255045102475,0.9107612585055284
921,0.003434088318720214,0.010923486525688213,,False,0.9799176624159052,0.9772094778189265,0.9669112354369811,0.9716442363154988,0.9345381526104418,0.9171342659556346,0.9061255045102475,0.9107612585055284
922,0.0034314446627426365,0.010921013980227474,,False,0.9799176624159052,0.9772039965561174,0.9669112354369811,0.971642179115276,0.9345381526104418,0.9171342659556346,0.9061255045102475,0.9107612585055284
923,0.00342898972175863,0.010926050116535163,,False,0.9799176624159052,0.977199851925304,0.9669112354369811,0.9716388730760325,0.9345381526104418,0.9171342659556346,0.9061255045102475,0.9107612585055284
924,0.0034268839915296053,0.010925834025809954,,False,0.9799176624159052,0.9772002703847353,0.9669112354369811,0.9716391302279513,0.9345381526104418,0.9156811343968783,0.9061255045102475,0.9101748541365713
925,0.003424165367580843,0.010927000363101977,,False,0.9799176624159052,0.9772085291956668,0.9669112354369811,0.9716442930478004,0.9349397590361446,0.9180437968265382,0.9081831176789719,0.9123810170695736
926,0.0034215526059468214,0.0109226829107186,,False,0.9799176624159052,0.9772092115970721,0.9669112354369811,0.971644017850294,0.9345381526104418,0.9171342659556346,0.9061255045102475,0.9107612585055284
927,0.0034190248724557033,0.0109200332904883,,False,0.9799176624159052,0.977199851925304,0.9669112354369811,0.9716388730760325,0.9345381526104418,0.9171342659556346,0.9061255045102475,0.9107612585055284
928,0.0034165387893097267,0.010921972030322191,,False,0.9799176624159052,0.977199851925304,0.9669112354369811,0.9716388730760325,0.9345381526104418,0.9171342659556346,0.9061255045102475,0.9107612585055284
929,0.0034143765038167004,0.0109141132584416,,False,0.9799176624159052,0.9772002703847353,0.9669112354369811,0.9716391302279513,0.9345381526104418,0.9171342659556346,0.9061255045102475,0.9107612585055284
930,0.0034117966460468665,0.010923486275647385,,False,0.9799176624159052,0.977199851925304,0.9669112354369811,0.9716388730760325,0.9345381526104418,0.9171342659556346,0.9061255045102475,0.9107612585055284
931,0.003409871277447122,0.010928064496776758,,False,0.9799176624159052,0.977199851925304,0.9669112354369811,0.9716388730760325,0.9349397590361446,0.9180437968265382,0.9081831176789719,0.9123810170695736
932,0.0034067683051855397,0.01092339845637163,,False,0.9799176624159052,0.9772002703847353,0.9669112354369811,0.9716391302279513,0.9345381526104418,0.9171342659556346,0.9061255045102475,0.9107612585055284
933,0.0034044177459532825,0.010924274629099754,,False,0.9799176624159052,0.9771990169038154,0.9669112354369811,0.9716391095379984,0.9345381526104418,0.9171342659556346,0.9061255045102475,0.9107612585055284
934,0.0034019899278801904,0.010921996945221923,,False,0.9799176624159052,0.977199851925304,0.9669112354369811,0.9716388730760325,0.9345381526104418,0.9187017461794953,0.9061255045102475,0.911364357274659
935,0.003399661987124607,0.010917954889936823,,False,0.9799176624159052,0.9771990169038154,0.9669112354369811,0.9716391095379984,0.9345381526104418,0.9171342659556346,0.9061255045102475,0.9107612585055284
936,0.0033970577143086576,0.010917814839573924,,False,0.9799176624159052,0.9771990169038154,0.9669112354369811,0.9716391095379984,0.9345381526104418,0.9187017461794953,0.9061255045102475,0.911364357274659
937,0.0033947117229421353,0.010916677969535233,,False,0.9799176624159052,0.9771990169038154,0.9669112354369811,0.9716391095379984,0.9345381526104418,0.9171342659556346,0.9061255045102475,0.9107612585055284
938,0.0033924789677477864,0.010922747058251926,,False,0.9799176624159052,0.9771990169038154,0.9669112354369811,0.9716391095379984,0.9345381526104418,0.9187017461794953,0.9061255045102475,0.911364357274659
939,0.0033897647341799633,0.010918776990008226,,False,0.9799176624159052,0.977199851925304,0.9669112354369811,0.9716388730760325,0.9345381526104418,0.9187017461794953,0.9061255045102475,0.911364357274659
940,0.003388675524541573,0.010925661387920282,,False,0.9799176624159052,0.9772008710482366,0.9669112354369811,0.9716383714740289,0.9345381526104418,0.9187017461794953,0.9061255045102475,0.911364357274659
941,0.003385397180263556,0.010924141717146587,,False,0.9799176624159052,0.977199851925304,0.9669112354369811,0.9716388730760325,0.9345381526104418,0.9187017461794953,0.9061255045102475,0.911364357274659
942,0.0033827460768532194,0.010925598967233477,,False,0.9799176624159052,0.9772008710482366,0.9669112354369811,0.9716383714740289,0.9345381526104418,0.9187017461794953,0.9061255045102475,0.911364357274659
943,0.003380148414935746,0.010914590707854546,,False,0.9799176624159052,0.977199851925304,0.9669112354369811,0.9716388730760325,0.9345381526104418,0.9187017461794953,0.9061255045102475,0.911364357274659
944,0.003377802860293993,0.010917876621709975,,False,0.9799176624159052,0.977199851925304,0.9669112354369811,0.9716388730760325,0.9345381526104418,0.9171656594653201,0.9061255045102475,0.9107623776520312
945,0.0033753822705314624,0.010918823346782023,,False,0.9799176624159052,0.9772000360267481,0.9669112354369811,0.9716386079359948,0.9345381526104418,0.9187017461794953,0.9061255045102475,0.911364357274659
946,0.003373729335939402,0.010912198198055275,,False,0.9801184857917462,0.977411216517837,0.9675056948473686,0.972073434221556,0.934136546184739,0.9183261318960396,0.9057449870064423,0.9109914484488836
947,0.003370882045297467,0.010921050937592583,,False,0.9800180741038257,0.9772935864682943,0.9669936620772712,0.9717257144170726,0.9345381526104418,0.9187017461794953,0.9061255045102475,0.911364357274659
948,0.0033683551764248556,0.010910840496339093,,False,0.9801184857917462,0.9774102263078063,0.9675056948473686,0.9720736321307208,0.9345381526104418,0.9187017461794953,0.9061255045102475,0.911364357274659
949,0.0033661626143623525,0.010917377112756152,,False,0.9801184857917462,0.9774110910719356,0.9675056948473686,0.9720730911956773,0.9345381526104418,0.9187017461794953,0.9061255045102475,0.911364357274659
950,0.003363549018276175,0.010911228596157266,,False,0.9801184857917462,0.9774110910719356,0.9675056948473686,0.9720730911956773,0.9345381526104418,0.9187017461794953,0.9061255045102475,0.911364357274659
951,0.0033615380803148354,0.010907290866904597,,False,0.9801184857917462,0.9774102263078063,0.9675056948473686,0.9720736321307208,0.9345381526104418,0.9187017461794953,0.9061255045102475,0.911364357274659
952,0.0033589518565617705,0.010910720682470586,,False,0.9801184857917462,0.977411216517837,0.9675056948473686,0.972073434221556,0.9345381526104418,0.9187017461794953,0.9061255045102475,0.911364357274659
953,0.0033565325697021975,0.010912905959282408,,False,0.9801184857917462,0.9774110910719356,0.9675056948473686,0.9720730911956773,0.9345381526104418,0.9187017461794953,0.9061255045102475,0.911364357274659
954,0.0033545593203331146,0.010920909603543636,,False,0.9801184857917462,0.9774120812819663,0.9675056948473686,0.9720728932865126,0.9345381526104418,0.9187017461794953,0.9061255045102475,0.911364357274659
955,0.0033520246206459347,0.010915487131950312,,False,0.9801184857917462,0.9774120812819663,0.9675056948473686,0.9720728932865126,0.9345381526104418,0.9187017461794953,0.9061255045102475,0.911364357274659
956,0.003349551259314312,0.010917559848628883,,False,0.9801184857917462,0.9774120812819663,0.9675056948473686,0.9720728932865126,0.9345381526104418,0.9187017461794953,0.9061255045102475,0.911364357274659
957,0.0033472485936195326,0.010911730355502065,,False,0.9801184857917462,0.9774120812819663,0.9675056948473686,0.9720728932865126,0.9345381526104418,0.9187017461794953,0.9061255045102475,0.911364357274659
958,0.003344963946425349,0.01090689709765993,,False,0.9801184857917462,0.9774110910719356,0.9675056948473686,0.9720730911956773,0.9345381526104418,0.9187017461794953,0.9061255045102475,0.911364357274659
959,0.0033428312218188347,0.010912607078616769,,False,0.9801184857917462,0.9774120812819663,0.9675056948473686,0.9720728932865126,0.9345381526104418,0.9187017461794953,0.9061255045102475,0.911364357274659
960,0.00334037523673051,0.010911522108347858,,False,0.9801184857917462,0.977411216517837,0.9675056948473686,0.972073434221556,0.9345381526104418,0.9187017461794953,0.9061255045102475,0.911364357274659
961,0.0033380930456015363,0.010907084084349358,,False,0.9801184857917462,0.9774110910719356,0.9675056948473686,0.9720730911956773,0.9345381526104418,0.9187017461794953,0.9061255045102475,0.911364357274659
962,0.003336618810842629,0.010904482838013811,,False,0.9802188974796666,0.9775037547378224,0.9675990655289746,0.9721679761148594,0.934136546184739,0.9183261318960396,0.9057449870064423,0.9109914484488836
963,0.0033334435917520516,0.010906215545545729,,False,0.9801184857917462,0.9774110910719356,0.9675056948473686,0.9720730911956773,0.9345381526104418,0.9187017461794953,0.9061255045102475,0.911364357274659
964,0.003331013615370151,0.01091253996133129,,False,0.9801184857917462,0.9774120812819663,0.9675056948473686,0.9720728932865126,0.9345381526104418,0.9187017461794953,0.9061255045102475,0.911364357274659
965,0.0033288454193872294,0.010911419792192394,,False,0.9801184857917462,0.9774120812819663,0.9675056948473686,0.9720728932865126,0.9349397590361446,0.9195819987602513,0.9081831176789719,0.9129909872741471
966,0.00332634218691271,0.010906507667286881,,False,0.9801184857917462,0.9774110910719356,0.9675056948473686,0.9720730911956773,0.934136546184739,0.9183237979795155,0.905795797949087,0.9110201733473775
967,0.0033245413466434213,0.010898915239428833,,False,0.9803193091675871,0.9780602607041138,0.9676897684768204,0.972458812426532,0.9345381526104418,0.9187017461794953,0.9061255045102475,0.911364357274659
968,0.0033222679609998026,0.010899469389149149,,False,0.9803193091675871,0.9780612509141444,0.9676897684768204,0.9724586145173674,0.934136546184739,0.9183261318960396,0.9057449870064423,0.9109914484488836
969,0.0033198350265972783,0.010903327394943022,,False,0.9803193091675871,0.9780605831345314,0.9676897684768204,0.9724581551134016,0.934136546184739,0.9183261318960396,0.9057449870064423,0.9109914484488836
970,0.0033175556743883713,0.010899668760340795,,False,0.9803193091675871,0.9780605831345314,0.9676897684768204,0.9724581551134016,0.934136546184739,0.9183261318960396,0.9057449870064423,0.9109914484488836
971,0.003315110335993129,0.010906210628963398,,False,0.9802188974796666,0.9779689096786753,0.9675963977952144,0.972363072285055,0.934136546184739,0.9183237979795155,0.905795797949087,0.9110201733473775
972,0.0033128913334566396,0.010908729145104127,,False,0.9802188974796666,0.9779689096786753,0.9675963977952144,0.972363072285055,0.9345381526104418,0.9187017461794953,0.9061255045102475,0.911364357274659
973,0.003310522266238961,0.01090683261023624,,False,0.9803193091675871,0.9780622068731147,0.9676897684768204,0.9724573778708252,0.9345381526104418,0.9187017461794953,0.9061255045102475,0.911364357274659
974,0.0033082722702002893,0.010904137467964235,,False,0.9803193091675871,0.9780622068731147,0.9676897684768204,0.9724573778708252,0.9345381526104418,0.9187017461794953,0.9061255045102475,0.911364357274659
975,0.0033061323322407282,0.010906985453141373,,False,0.9803193091675871,0.9780622068731147,0.9676897684768204,0.9724573778708252,0.9345381526104418,0.9187017461794953,0.9061255045102475,0.911364357274659
976,0.0033040016255919164,0.010903423213273573,,False,0.9803193091675871,0.9780622068731147,0.9676897684768204,0.9724573778708252,0.9345381526104418,0.9187017461794953,0.9061255045102475,0.911364357274659
977,0.003301657732830357,0.010904159473548817,,False,0.9803193091675871,0.9780622068731147,0.9676897684768204,0.9724573778708252,0.9345381526104418,0.9187017461794953,0.9061255045102475,0.911364357274659
978,0.0032995010494770547,0.010903949308382333,,False,0.9803193091675871,0.9780622068731147,0.9676897684768204,0.9724573778708252,0.934136546184739,0.9183237979795155,0.905795797949087,0.9110201733473775
979,0.0032971758078153735,0.010898145124759912,,False,0.9803193091675871,0.9780622068731147,0.9676897684768204,0.9724573778708252,0.9345381526104418,0.9187017461794953,0.9061255045102475,0.911364357274659
980,0.003295033019930468,0.010901128410062131,,False,0.9803193091675871,0.9780622068731147,0.9676897684768204,0.9724573778708252,0.934136546184739,0.9183237979795155,0.905795797949087,0.9110201733473775
981,0.003292826686852593,0.010896942119974416,,False,0.9803193091675871,0.9780622068731147,0.9676897684768204,0.9724573778708252,0.9345381526104418,0.9187017461794953,0.9061255045102475,0.911364357274659
982,0.0032908347058334423,0.010896854756116311,,False,0.9803193091675871,0.9780572999570862,0.9676897684768204,0.9724553104570831,0.9345381526104418,0.9187017461794953,0.9061255045102475,0.911364357274659
983,0.0032884353988518536,0.010897307714069639,,False,0.9803193091675871,0.9780622068731147,0.9676897684768204,0.9724573778708252,0.9345381526104418,0.9187017461794953,0.9061255045102475,0.911364357274659
984,0.0032862475483136874,0.010891825996058478,,False,0.9803193091675871,0.978061216663084,0.9676897684768204,0.9724575757799898,0.934136546184739,0.9183237979795155,0.905795797949087,0.9110201733473775
985,0.003284126302581106,0.01089206486673076,,False,0.9803193091675871,0.978061216663084,0.9676897684768204,0.9724575757799898,0.934136546184739,0.9183237979795155,0.905795797949087,0.9110201733473775
986,0.003282231414115515,0.010899101164213257,,False,0.9803193091675871,0.978061216663084,0.9676897684768204,0.9724575757799898,0.934136546184739,0.9183237979795155,0.905795797949087,0.9110201733473775
987,0.0032798312076872415,0.010898037232709575,,False,0.9803193091675871,0.9780622068731147,0.9676897684768204,0.9724573778708252,0.9345381526104418,0.9187017461794953,0.9061255045102475,0.911364357274659
988,0.003277735222264118,0.010896300949500453,,False,0.9803193091675871,0.9780622068731147,0.9676897684768204,0.9724573778708252,0.9345381526104418,0.9171656594653201,0.9061255045102475,0.9107623776520312
989,0.003275616650135875,0.010895667926552237,,False,0.9803193091675871,0.978061573344562,0.9676897684768204,0.972457957204237,0.9345381526104418,0.9187017461794953,0.9061255045102475,0.911364357274659
990,0.0032732679626179023,0.010896467031386282,,False,0.9803193091675871,0.9785316271876014,0.9676897684768204,0.9726563944150681,0.9345381526104418,0.9187017461794953,0.9061255045102475,0.911364357274659
991,0.003271236135925882,0.010888410624831818,,False,0.9803193091675871,0.9780622068731147,0.9676897684768204,0.9724573778708252,0.9345381526104418,0.919818588839184,0.9044420028267459,0.9106868286736431
992,0.0032691099808508078,0.010887812031853105,,False,0.9803193091675871,0.9780622068731147,0.9676897684768204,0.9724573778708252,0.934136546184739,0.9194300165786168,0.9040678913415233,0.9103136708502184
993,0.003266931353723773,0.010889916660168749,,False,0.9803193091675871,0.9780622068731147,0.9676897684768204,0.9724573778708252,0.9345381526104418,0.919780806778643,0.9044420028267459,0.9106823032246898
994,0.003264659071169979,0.01089139869311696,,False,0.9803193091675871,0.9780622068731147,0.9676897684768204,0.9724573778708252,0.934136546184739,0.9194300165786168,0.9040678913415233,0.9103136708502184
995,0.003262531459663178,0.010892021944836214,,False,0.9803193091675871,0.9780622068731147,0.9676897684768204,0.9724573778708252,0.9345381526104418,0.9186639641189545,0.9061255045102475,0.9113598318257057
996,0.003260540467016642,0.010893824481754966,,False,0.9803193091675871,0.9780622068731147,0.9676897684768204,0.9724573778708252,0.9345381526104418,0.9186639641189545,0.9061255045102475,0.9113598318257057
997,0.003258805484520574,0.010898991639250493,,False,0.9803193091675871,0.9780583678467981,0.9676897684768204,0.9724557252948797,0.9345381526104418,0.919204968931029,0.9078534111178111,0.9126467925564143
998,0.0032562606972015686,0.01089457206933393,,False,0.9804197208555075,0.9781551540730695,0.9677784445431501,0.9725486647769918,0.9349397590361446,0.9206930976856048,0.9064996159954701,0.9123570590567351
999,0.0032542514285755675,0.010894098114620176,,False,0.9804197208555075,0.9781551540730695,0.9677784445431501,0.9725486647769918,0.9349397590361446,0.9180347985784165,0.9081831176789719,0.9123770043072229
1000,0.0032527486440530615,0.01089824717361962,,False,0.9804197208555075,0.9781551540730695,0.9677784445431501,0.9725486647769918,0.9349397590361446,0.9195442166997103,0.9081831176789719,0.9129864618251938
1001,0.00325008183738807,0.01089329371024763,,False,0.9804197208555075,0.9781551540730695,0.9677784445431501,0.9725486647769918,0.934136546184739,0.9193922345180758,0.9040678913415233,0.9103091454012652
1002,0.0032478749215100093,0.010893571509754237,,False,0.9804197208555075,0.9781551540730695,0.9677784445431501,0.9725486647769918,0.9345381526104418,0.9202791544811978,0.9061699094343096,0.912002872049275
1003,0.003245797197409864,0.010889909393291422,,False,0.9804197208555075,0.9781551540730695,0.9677784445431501,0.9725486647769918,0.934136546184739,0.9198905822206306,0.905795797949087,0.9116297142258502
1004,0.003244047924529621,0.010896671085810179,,False,0.9804197208555075,0.9781504800252642,0.9677784445431501,0.972547248663012,0.9345381526104418,0.9191697691933077,0.9078534111178111,0.912642870451985
1005,0.0032417893830288917,0.010888188912450537,,False,0.9804197208555075,0.9781551540730695,0.9677784445431501,0.9725486647769918,0.934136546184739,0.9193922345180758,0.9040678913415233,0.9103091454012652
1006,0.003239564841008155,0.010891433485414048,,False,0.9804197208555075,0.9781551540730695,0.9677784445431501,0.9725486647769918,0.934136546184739,0.9193922345180758,0.9040678913415233,0.9103091454012652
1007,0.0032376474221328445,0.010892770867456363,,False,0.9804197208555075,0.9781551540730695,0.9677784445431501,0.9725486647769918,0.934136546184739,0.9193922345180758,0.9040678913415233,0.9103091454012652
1008,0.0032357371157992186,0.010895687431665094,,False,0.9804197208555075,0.9781551540730695,0.9677784445431501,0.9725486647769918,0.9349397590361446,0.9211497209462026,0.9081831176789719,0.9136168098875994
1009,0.0032335537780743867,0.010889340418283463,,False,0.9805201325434281,0.9787376969836507,0.9682904773132474,0.9730937807987543,0.934136546184739,0.9193922345180758,0.9040678913415233,0.9103091454012652
1010,0.003231873691022917,0.01089603996806965,,False,0.9805201325434281,0.9787338579573339,0.9682904773132474,0.9730921282228088,0.9345381526104418,0.92078266182958,0.9078655971596752,0.9132728752383868
1011,0.003229457478397766,0.0108904766954988,,False,0.9805201325434281,0.9782710832784738,0.9682904773132474,0.9728946301036507,0.9337349397590361,0.918457770851078,0.902010278172799,0.9086038737792828
1012,0.0032274606041869467,0.010884026334886998,,False,0.9805201325434281,0.9787376969836507,0.9682904773132474,0.9730937807987543,0.934136546184739,0.9193922345180758,0.9040678913415233,0.9103091454012652
1013,0.003225291986871198,0.010885412911078852,,False,0.9805201325434281,0.9782710832784738,0.9682904773132474,0.9728946301036507,0.934136546184739,0.9198905822206306,0.905795797949087,0.9116297142258502
1014,0.0032233143800807595,0.010882087551425525,,False,0.9805201325434281,0.9782710832784738,0.9682904773132474,0.9728946301036507,0.934136546184739,0.9193922345180758,0.9040678913415233,0.9103091454012652
1015,0.0032217238720267916,0.010889853267965752,,False,0.9805201325434281,0.9782710832784738,0.9682904773132474,0.9728946301036507,0.9337349397590361,0.9190168686409154,0.9037381847803627,0.9099655648185077
1016,0.003219421193682713,0.010890617104964265,,False,0.9805201325434281,0.9782710832784738,0.9682904773132474,0.9728946301036507,0.934136546184739,0.9198905822206306,0.905795797949087,0.9116297142258502
1017,0.003217361485067246,0.010884956711556983,,False,0.9806205442313485,0.9783601901295965,0.9683838479948533,0.972986288330108,0.934136546184739,0.9198905822206306,0.905795797949087,0.9116297142258502
1018,0.0032152897677077854,0.010885116482701055,,False,0.9806205442313485,0.9783601901295965,0.9683838479948533,0.972986288330108,0.934136546184739,0.9198905822206306,0.905795797949087,0.9116297142258502
1019,0.003213441107621502,0.01088267452821317,,False,0.9806205442313485,0.9783601901295965,0.9683838479948533,0.972986288330108,0.9333333333333333,0.9186226400681942,0.9033628094049873,0.9095898778339693
1020,0.0032117409469605207,0.010888270319127065,,False,0.9806205442313485,0.9783649504289558,0.9683843211570912,0.9729884939816493,0.9333333333333333,0.9180972821287597,0.9016349027974235,0.9082376577162028
1021,0.003209271326066531,0.010884809594996669,,False,0.980720955919269,0.9784540572800786,0.9684776918386971,0.9730801522081065,0.9333333333333333,0.9186226400681942,0.9033628094049873,0.9095898778339693
1022,0.0032074346828146333,0.010880405075161899,,False,0.980720955919269,0.9784540572800786,0.9684776918386971,0.9730801522081065,0.9337349397590361,0.9189772157246878,0.9037356654825415,0.9099674802952316
1023,0.00320527708219681,0.010881286775742662,,False,0.980720955919269,0.9784540572800786,0.9684776918386971,0.9730801522081065,0.9337349397590361,0.9189970875745969,0.903692515966148,0.9099334692071781
1024,0.0032034092832151956,0.010885126646073261,,False,0.980720955919269,0.9784540572800786,0.9684776918386971,0.9730801522081065,0.9333333333333333,0.9180972821287597,0.9016349027974235,0.9082376577162028
1025,0.0032014312951883514,0.010876423233315136,,False,0.9808213676071895,0.9785486770036711,0.968568394786543,0.9731724714310599,0.9333333333333333,0.9180972821287597,0.9016349027974235,0.9082376577162028
1026,0.0031993665406129636,0.010880767562477828,,False,0.980720955919269,0.9789207452205587,0.9684776918386971,0.9732793022273754,0.9333333333333333,0.9180972821287597,0.9016349027974235,0.9082376577162028
1027,0.003197962567734758,0.010889385582821164,,False,0.980720955919269,0.9784540572800786,0.9684776918386971,0.9730801522081065,0.9337349397590361,0.9189970875745969,0.903692515966148,0.9099334692071781
1028,0.0031953737818290746,0.01088010207076499,,False,0.9808213676071895,0.9785486770036711,0.968568394786543,0.9731724714310599,0.9337349397590361,0.9189831287905125,0.9037381847803627,0.9099560938970492
1029,0.0031937045281424754,0.010877429332489615,,False,0.980720955919269,0.9789159853770951,0.9684776918386971,0.9732772692180325,0.934136546184739,0.9198846691548059,0.9057932786512656,0.9116411006240326
1030,0.0031915061902296174,0.010882516201107448,,False,0.9808213676071895,0.9785486770036711,0.968568394786543,0.9731724714310599,0.934136546184739,0.9198905822206306,0.905795797949087,0.9116297142258502
1031,0.003189500201611345,0.01087912400501242,,False,0.9808213676071895,0.9785486770036711,0.968568394786543,0.9731724714310599,0.9345381526104418,0.9202579149912007,0.9061229852124263,0.9119847422040633
1032,0.0031876145776710643,0.010880933683058794,,False,0.9808213676071895,0.9785486770036711,0.968568394786543,0.9731724714310599,0.9345381526104418,0.9202579149912007,0.9061229852124263,0.9119847422040633
1033,0.0031857056562443007,0.01087913281184509,,False,0.9809217792951099,0.9791085711753205,0.9686622386303869,0.9734651080129999,0.9345381526104418,0.9202867811911847,0.9061229852124263,0.9119905196566257
1034,0.003183559921610088,0.010877476121070323,,False,0.9808213676071895,0.9785486770036711,0.968568394786543,0.9731724714310599,0.9345381526104418,0.9202579149912007,0.9061229852124263,0.9119847422040633
1035,0.003181839009735746,0.010873923133813173,,False,0.9810221909830305,0.9792209564695022,0.9691742714004842,0.9738101799189443,0.9345381526104418,0.9202867811911847,0.9061229852124263,0.9119905196566257
1036,0.0031798722647342972,0.010874734634910906,,False,0.9810221909830305,0.9792168918486899,0.9691742714004842,0.9738084896610082,0.9337349397590361,0.9194999401403301,0.9054313532079069,0.911267072683176
1037,0.0031778280814175313,0.010875754813477875,,False,0.9810221909830305,0.979216982400566,0.9691742714004842,0.9738077928425037,0.9337349397590361,0.9194999401403301,0.9054313532079069,0.911267072683176
1038,0.0031759099102536335,0.010878702555567419,,False,0.9810221909830305,0.9792210470213786,0.9691742714004842,0.9738094831004397,0.9337349397590361,0.9189772157246878,0.9037356654825415,0.9099674802952316
1039,0.00317395436461945,0.010877557746570173,,False,0.9810221909830305,0.9792210470213786,0.9691742714004842,0.9738094831004397,0.9337349397590361,0.9189772157246878,0.9037356654825415,0.9099674802952316
1040,0.003171889822236906,0.010874071206235096,,False,0.9810221909830305,0.979216287177915,0.9691742714004842,0.9738074500910968,0.9337349397590361,0.9189772157246878,0.9037356654825415,0.9099674802952316
1041,0.0031701123013778316,0.010873526253747068,,False,0.9810221909830305,0.9792150831505272,0.9691742714004842,0.973807654043772,0.9337349397590361,0.9190035170954061,0.9037356654825415,0.9099726552659302
1042,0.0031680361939673742,0.010871695102498911,,False,0.9810221909830305,0.9792163523189095,0.9691742714004842,0.9738081854402983,0.9333333333333333,0.9186301640572814,0.9033551479787363,0.9096003174568802
1043,0.0031661054858364225,0.010870329675607786,,False,0.9810221909830305,0.9787523689462662,0.9691742714004842,0.9736089061583123,0.934136546184739,0.9193566657563027,0.9041085215600955,0.9103485500012124
1044,0.003164146909635894,0.010871688251459974,,False,0.9810221909830305,0.9792209564695022,0.9691742714004842,0.9738101799189443,0.934136546184739,0.9193315582384043,0.9041085215600955,0.9103433261907187
1045,0.00316221040637496,0.010874773516341375,,False,0.9810221909830305,0.9792209564695022,0.9691742714004842,0.9738101799189443,0.9337349397590361,0.9189468807286071,0.9037465961167368,0.9099692964290599
1046,0.0031602624830713117,0.010874136198457559,,False,0.9811226026709509,0.9793144560189394,0.9692629474668139,0.9739015895190781,0.934136546184739,0.9193566657563027,0.9041085215600955,0.9103485500012124
1047,0.003158461225568352,0.010872103250144835,,False,0.9811226026709509,0.9793144560189394,0.9692629474668139,0.9739015895190781,0.934136546184739,0.9193566657563027,0.9041085215600955,0.9103485500012124
1048,0.0031564277934879085,0.010874433625405376,,False,0.9811226026709509,0.9793144560189394,0.9692629474668139,0.9739015895190781,0.934136546184739,0.9193793277610668,0.904065372043702,0.9103168993278248
1049,0.003154889667438769,0.010872176171186552,,False,0.9811226026709509,0.9793103167984758,0.9692629474668139,0.9739004486001593,0.934136546184739,0.9193588924889442,0.9040577106174508,0.9103204522746906
1050,0.0031527467035254776,0.010876441281889648,,False,0.9811226026709509,0.9793097832949383,0.9692629474668139,0.9738995955481554,0.9345381526104418,0.9197312652525879,0.904438228121256,0.9106928420385147
1051,0.0031508425063473343,0.01087653730526854,,False,0.9811226026709509,0.9793097832949383,0.9692629474668139,0.9738995955481554,0.9345381526104418,0.9197312652525879,0.904438228121256,0.9106928420385147
1052,0.003148892822915419,0.010874949456682742,,False,0.9811226026709509,0.9793097832949383,0.9692629474668139,0.9738995955481554,0.9345381526104418,0.9197312652525879,0.904438228121256,0.9106928420385147
1053,0.003146909625607256,0.01087643397277816,,False,0.9811226026709509,0.9793144560189394,0.9692629474668139,0.9739015895190781,0.934136546184739,0.9193415191621389,0.9040763026778974,0.9103176121166092
1054,0.0031451060118131125,0.010873076267615318,,False,0.9811226026709509,0.9793144560189394,0.9692629474668139,0.9739015895190781,0.9345381526104418,0.9197312652525879,0.904438228121256,0.9106928420385147
1055,0.0031431270814826625,0.010872818158577428,,False,0.9811226026709509,0.9793087345659293,0.9692629474668139,0.9738998379828367,0.934136546184739,0.9193415191621389,0.9040763026778974,0.9103176121166092
1056,0.0031413511509773505,0.010875582417084266,,False,0.9811226026709509,0.9793097832949383,0.9692629474668139,0.9738995955481554,0.934136546184739,0.9193415191621389,0.9040763026778974,0.9103176121166092
1057,0.0031395444735465043,0.010875876885847235,,False,0.9811226026709509,0.9793097832949383,0.9692629474668139,0.9738995955481554,0.934136546184739,0.9193415191621389,0.9040763026778974,0.9103176121166092
1058,0.0031375241841751765,0.01087562246281336,,False,0.9811226026709509,0.9793087345659293,0.9692629474668139,0.9738998379828367,0.934136546184739,0.9193415191621389,0.9040763026778974,0.9103176121166092
1059,0.0031355503754912873,0.010869415373287053,,False,0.9811226026709509,0.9793087345659293,0.9692629474668139,0.9738998379828367,0.9345381526104418,0.9197312652525879,0.904438228121256,0.9106928420385147
1060,0.00313369459587283,0.010871457548328283,,False,0.9811226026709509,0.9793087345659293,0.9692629474668139,0.9738998379828367,0.9345381526104418,0.9197312652525879,0.904438228121256,0.9106928420385147
1061,0.0031317456790979433,0.010872079273848161,,False,0.9811226026709509,0.9793087345659293,0.9692629474668139,0.9738998379828367,0.9345381526104418,0.9197312652525879,0.904438228121256,0.9106928420385147
1062,0.0031299162484970055,0.010873500842483862,,False,0.9811226026709509,0.9793087345659293,0.9692629474668139,0.9738998379828367,0.9345381526104418,0.9197312652525879,0.904438228121256,0.9106928420385147
1063,0.0031279551765196136,0.010875782329177467,,False,0.9811226026709509,0.9793087345659293,0.9692629474668139,0.9738998379828367,0.934136546184739,0.9193415191621389,0.9040763026778974,0.9103176121166092
1064,0.003126202469810828,0.010868985512975719,,False,0.9811226026709509,0.9793087345659293,0.9692629474668139,0.9738998379828367,0.9337349397590361,0.9189691463984953,0.9036957851740923,0.9099452223527851
1065,0.0031241461828835893,0.010868753477212025,,False,0.9811226026709509,0.9793087345659293,0.9692629474668139,0.9738998379828367,0.934136546184739,0.9193566657563027,0.9041085215600955,0.9103485500012124
1066,0.0031222925246560825,0.010869497244006699,,False,0.9811226026709509,0.9793087345659293,0.9692629474668139,0.9738998379828367,0.9337349397590361,0.918984292992659,0.9037280040562903,0.9099761602373884
1067,0.0031203736365924386,0.010875321533853082,,False,0.9811226026709509,0.9793087345659293,0.9692629474668139,0.9738998379828367,0.9337349397590361,0.9189694671785641,0.9037465961167368,0.9099739216967832
1068,0.003118412208962361,0.01087457976544995,,False,0.9811226026709509,0.9793087345659293,0.9692629474668139,0.9738998379828367,0.9337349397590361,0.9189694671785641,0.9037465961167368,0.9099739216967832
1069,0.0031164647580740525,0.010875361546991605,,False,0.9811226026709509,0.9793087345659293,0.9692629474668139,0.9738998379828367,0.9337349397590361,0.9189694671785641,0.9037465961167368,0.9099739216967832
1070,0.0031151072012375173,0.010882102804791571,,False,0.9811226026709509,0.9793144560189394,0.9692629474668139,0.9739015895190781,0.9337349397590361,0.9189694671785641,0.9037465961167368,0.9099739216967832
1071,0.003112779164242725,0.010874675637895608,,False,0.9811226026709509,0.9793087345659293,0.9692629474668139,0.9738998379828367,0.9337349397590361,0.9189694671785641,0.9037465961167368,0.9099739216967832
1072,0.003110944871518158,0.010874980299190852,,False,0.9812230143588714,0.978931755359499,0.9693563181484198,0.9737905492908224,0.9333333333333333,0.9185970944149204,0.9033660786129316,0.909601531932959
1073,0.003109009098929947,0.01087372320220822,,False,0.9812230143588714,0.9793982759842262,0.9693563181484198,0.9739915230424425,0.9345381526104418,0.9197312652525879,0.904438228121256,0.9106928420385147
1074,0.003107172884048893,0.010877765317098852,,False,0.9811226026709509,0.9788432626702109,0.9692629474668139,0.9736986217965354,0.9337349397590361,0.9189694671785641,0.9037465961167368,0.9099739216967832
1075,0.0031052688401697463,0.01087812854070159,,False,0.9811226026709509,0.9793046699451167,0.9692629474668139,0.9738981477249007,0.9337349397590361,0.9189694671785641,0.9037465961167368,0.9099739216967832
1076,0.003103368327343482,0.010879735843184711,,False,0.9811226026709509,0.9793046699451167,0.9692629474668139,0.9738981477249007,0.9337349397590361,0.9189694671785641,0.9037465961167368,0.9099739216967832
1077,0.0031014022091086935,0.010875463693761,,False,0.9812230143588714,0.9793982759842262,0.9693563181484198,0.9739915230424425,0.9337349397590361,0.9189694671785641,0.9037465961167368,0.9099739216967832
1078,0.0030995451822111732,0.010878203712273781,,False,0.9812230143588714,0.9793982759842262,0.9693563181484198,0.9739915230424425,0.9337349397590361,0.9189694671785641,0.9037465961167368,0.9099739216967832
1079,0.0030975894223530106,0.010879344981896336,,False,0.9813234260467918,0.979037311401699,0.9698683509185171,0.974128190564355,0.9337349397590361,0.9189694671785641,0.9037465961167368,0.9099739216967832
1080,0.0030957176768472406,0.010874643396918553,,False,0.9814238377347123,0.979131760855424,0.9699617216001231,0.9742226089257754,0.9333333333333333,0.9185970944149204,0.9033660786129316,0.909601531932959
1081,0.003093906536586182,0.010871973873543337,,False,0.9814238377347123,0.9795965266353678,0.9699617216001231,0.9744246376251122,0.9333333333333333,0.9185970944149204,0.9033660786129316,0.909601531932959
1082,0.003091784227509346,0.010877266326651045,,False,0.9814238377347123,0.9795955303114301,0.9699617216001231,0.9744237084259804,0.9337349397590361,0.9189694671785641,0.9037465961167368,0.9099739216967832
1083,0.0030898604912953567,0.01087414994836318,,False,0.9814238377347123,0.979131760855424,0.9699617216001231,0.9742226089257754,0.9337349397590361,0.9189694671785641,0.9037465961167368,0.9099739216967832
1084,0.003087988427937274,0.010876463740306128,,False,0.9814238377347123,0.979131760855424,0.9699617216001231,0.9742226089257754,0.9337349397590361,0.9189694671785641,0.9037465961167368,0.9099739216967832
1085,0.0030861172105676126,0.01087133043359728,,False,0.9814238377347123,0.9795955303114301,0.9699617216001231,0.9744237084259804,0.9337349397590361,0.9189694671785641,0.9037465961167368,0.9099739216967832
1086,0.00308453752244792,0.010868543767547721,,False,0.9814238377347123,0.9800651929247203,0.9699617216001231,0.97462604338696,0.934136546184739,0.9193566657563027,0.9041085215600955,0.9103485500012124
1087,0.0030825630853758674,0.010875761678416784,,False,0.9813234260467918,0.9795010808577052,0.9698683509185171,0.9743292900645597,0.9337349397590361,0.9189561828630288,0.9037465961167368,0.909974798459007
1088,0.003080517714721574,0.010868262124909291,,False,0.9814238377347123,0.9800651929247203,0.9699617216001231,0.97462604338696,0.9337349397590361,0.918984292992659,0.9037280040562903,0.9099761602373884
1089,0.003078576572608995,0.010871142512265038,,False,0.9814238377347123,0.979131760855424,0.9699617216001231,0.9742226089257754,0.9337349397590361,0.9189694671785641,0.9037465961167368,0.9099739216967832
1090,0.0030768458597738003,0.010867160284788709,,False,0.9814238377347123,0.979131760855424,0.9699617216001231,0.9742226089257754,0.9337349397590361,0.9189691463984953,0.9036957851740923,0.9099452223527851
1091,0.003075382858111073,0.010866928589381888,,False,0.9814238377347123,0.979131760855424,0.9699617216001231,0.9742226089257754,0.9333333333333333,0.9185970944149204,0.9033660786129316,0.909601531932959
1092,0.003072863391048461,0.010868955212853155,,False,0.9814238377347123,0.979131760855424,0.9699617216001231,0.9742226089257754,0.9333333333333333,0.9185970944149204,0.9033660786129316,0.909601531932959
1093,0.003070969282110007,0.010867402669212458,,False,0.9814238377347123,0.9795955303114301,0.9699617216001231,0.9744237084259804,0.9337349397590361,0.918984292992659,0.9037280040562903,0.9099761602373884
1094,0.003069017119126838,0.01086901749447683,,False,0.9814238377347123,0.9795955303114301,0.9699617216001231,0.9744237084259804,0.934136546184739,0.9193566657563027,0.9041085215600955,0.9103485500012124
1095,0.003067066458715775,0.010868814065003238,,False,0.9814238377347123,0.979131760855424,0.9699617216001231,0.9742226089257754,0.9337349397590361,0.9189694671785641,0.9037465961167368,0.9099739216967832
1096,0.0030652837260450342,0.010868185422478796,,False,0.9814238377347123,0.979131760855424,0.9699617216001231,0.9742226089257754,0.9337349397590361,0.9189694671785641,0.9037465961167368,0.9099739216967832
1097,0.0030634495131831073,0.010867591847890629,,False,0.9814238377347123,0.979131760855424,0.9699617216001231,0.9742226089257754,0.9333333333333333,0.9185970944149204,0.9033660786129316,0.909601531932959
1098,0.0030614404469628464,0.010867957409943008,,False,0.9814238377347123,0.979131760855424,0.9699617216001231,0.9742226089257754,0.9337349397590361,0.9189694671785641,0.9037465961167368,0.9099739216967832
1099,0.0030595694851698633,0.01087160310073163,,False,0.9814238377347123,0.979131760855424,0.9699617216001231,0.9742226089257754,0.9337349397590361,0.9173034920239805,0.9037465961167368,0.9093620796814308
1100,0.0030580699624756487,0.01086680568982096,,False,0.9814238377347123,0.9791327571793617,0.9699617216001231,0.9742235381249075,0.934136546184739,0.9187917145862013,0.90748130495038,0.9122925664219537
1101,0.003055703946406647,0.010870464348435005,,False,0.9814238377347123,0.979131760855424,0.9699617216001231,0.9742226089257754,0.9345381526104418,0.919164087349845,0.9078618224541852,0.9126649561857779
1102,0.0030538107054445423,0.010868053415972145,,False,0.9814238377347123,0.979131760855424,0.9699617216001231,0.9742226089257754,0.9349397590361446,0.919545720329078,0.9082168100296202,0.9130263916256909
1103,0.003051839016047647,0.010867075810622021,,False,0.9815242494226328,0.9796858566838799,0.970055092281729,0.9745157813759595,0.9345381526104418,0.919164087349845,0.9078618224541852,0.9126649561857779
1104,0.0030498672784288984,0.010863662609002256,,False,0.9815242494226328,0.9801553757733933,0.970055092281729,0.9747180803242055,0.9333333333333333,0.9169311192603369,0.9033660786129316,0.9089896899176068
1105,0.0030477783780502843,0.010866174305536146,,False,0.9815242494226328,0.9801553757733933,0.970055092281729,0.9747180803242055,0.934136546184739,0.9176780915202656,0.9040763026778974,0.9097063717187331
1106,0.003046061610375879,0.010868341575681324,,False,0.9815242494226328,0.9801553757733933,0.970055092281729,0.9747180803242055,0.9337349397590361,0.9189694671785641,0.9037465961167368,0.9099739216967832
1107,0.0030439463536465253,0.010866203278689387,,False,0.9815242494226328,0.9801553757733933,0.970055092281729,0.9747180803242055,0.9337349397590361,0.9173034920239805,0.9037465961167368,0.9093620796814308
1108,0.0030422443616970932,0.01086916487467381,,False,0.9815242494226328,0.9801553757733933,0.970055092281729,0.9747180803242055,0.9337349397590361,0.9173034920239805,0.9037465961167368,0.9093620796814308
1109,0.0030402829153629626,0.010862548537073363,,False,0.9815242494226328,0.9801553757733933,0.970055092281729,0.9747180803242055,0.9345381526104418,0.9180622988281318,0.9044312902533324,0.9100684118719242
1110,0.0030384574719683013,0.01086355750700165,,False,0.9815242494226328,0.9801553757733933,0.970055092281729,0.9747180803242055,0.934136546184739,0.9176899260644882,0.9040507727495269,0.9096960221081001
1111,0.0030364695207243503,0.01086541602957671,,False,0.9815242494226328,0.9801553757733933,0.970055092281729,0.9747180803242055,0.934136546184739,0.9176851250032134,0.9041015836921716,0.9097235151213439
1112,0.003034626787729476,0.010868400865257519,,False,0.9815242494226328,0.9801553757733933,0.970055092281729,0.9747180803242055,0.9345381526104418,0.9186272619102132,0.906159196860896,0.9113897822488073
1113,0.003032836685638438,0.010870067076290893,,False,0.9815242494226328,0.9801450528901472,0.970055092281729,0.9747131557895096,0.9349397590361446,0.9180007535053498,0.9082168100296202,0.9124140387580582
1114,0.0030308444533079654,0.01086212416065949,,False,0.9815242494226328,0.9801450528901472,0.970055092281729,0.9747131557895096,0.934136546184739,0.9166713838171044,0.9058042092854611,0.9104228653767044
1115,0.003029289760386378,0.010860691179805192,,False,0.9815242494226328,0.9801450528901472,0.970055092281729,0.9747131557895096,0.934136546184739,0.9176810634516046,0.9041085215600955,0.909738137716105
1116,0.003027180084875601,0.010860358478055164,,False,0.9815242494226328,0.9801450528901472,0.970055092281729,0.9747131557895096,0.9337349397590361,0.9162990110534608,0.9054236917816559,0.9100504756128802
1117,0.003025247162892208,0.010863870929740404,,False,0.9815242494226328,0.9801450528901472,0.970055092281729,0.9747131557895096,0.9345381526104418,0.9170530167963372,0.906159196860896,0.9107843008166174
1118,0.0030234360699355122,0.010862371653875508,,False,0.9816246611105532,0.9802391060585295,0.9701483845664571,0.9748073374307931,0.9345381526104418,0.9170530167963372,0.906159196860896,0.9107843008166174
1119,0.0030216764751198246,0.010862065331432046,,False,0.9816246611105532,0.9802391060585295,0.9701483845664571,0.9748073374307931,0.9345381526104418,0.9170530167963372,0.906159196860896,0.9107843008166174
1120,0.003019974328707436,0.010864788888180493,,False,0.9817250727984738,0.9803337501271194,0.9702422284103009,0.9749013197566403,0.9345381526104418,0.9170530167963372,0.906159196860896,0.9107843008166174
1121,0.003018358313214816,0.01086050436198047,,False,0.9816246611105532,0.9802391060585295,0.9701483845664571,0.9748073374307931,0.9337349397590361,0.915708491204205,0.9037210661883665,0.9087529640111968
1122,0.003016490449417157,0.010865393130728688,,False,0.9817250727984738,0.9803492803065605,0.9706604173365544,0.9751487349060598,0.9345381526104418,0.9185784614624927,0.906159196860896,0.9113871020431961
1123,0.00301472859862433,0.010866960203810271,,False,0.9818254844863942,0.980455280983916,0.9711724501066517,0.9754870033299478,0.9345381526104418,0.9170373347181138,0.906159196860896,0.9107846132802376
1124,0.003012843478292111,0.010868014311694122,,False,0.9818254844863942,0.980455280983916,0.9711724501066517,0.9754870033299478,0.9345381526104418,0.9170530167963372,0.906159196860896,0.9107843008166174
1125,0.0030109786712345407,0.010862344955514677,,False,0.9817250727984738,0.9803492803065605,0.9706604173365544,0.9751487349060598,0.9345381526104418,0.9164731843869309,0.9044635091355304,0.9095011884102046
1126,0.0030093338832829185,0.010859501936018466,,False,0.9818254844863942,0.980455280983916,0.9711724501066517,0.9754870033299478,0.934136546184739,0.9166806440326938,0.9057786793570908,0.9104119110527934
1127,0.0030073761289988394,0.010864801891690222,,False,0.9818254844863942,0.980455280983916,0.9711724501066517,0.9754870033299478,0.9345381526104418,0.9185941435407161,0.906159196860896,0.9113867895795759
1128,0.003005683326951896,0.010866081813247304,,False,0.9818254844863942,0.980455280983916,0.9711724501066517,0.9754870033299478,0.9345381526104418,0.9170530167963372,0.906159196860896,0.9107843008166174
1129,0.0030039518287061067,0.01086637993190429,,False,0.9818254844863942,0.980455280983916,0.9711724501066517,0.9754870033299478,0.9349397590361446,0.9174274168303328,0.9065397143647012,0.9111565808835942
1130,0.003002006506882077,0.0108655218302797,,False,0.9819258961743147,0.9805655331921022,0.9716844828767489,0.9758262286878912,0.9345381526104418,0.9170530167963372,0.906159196860896,0.9107843008166174
1131,0.0030002369934749172,0.010863173977422255,,False,0.9819258961743147,0.9805616889684521,0.9716844828767489,0.9758245737412454,0.9345381526104418,0.9185941435407161,0.906159196860896,0.9113867895795759
1132,0.00299846537922167,0.010862054399897715,,False,0.9819258961743147,0.9805616889684521,0.9716844828767489,0.9758245737412454,0.9345381526104418,0.9185941435407161,0.906159196860896,0.9113867895795759
1133,0.002996706269218386,0.01086424616434922,,False,0.9819258961743147,0.9805655331921022,0.9716844828767489,0.9758262286878912,0.9345381526104418,0.9185941435407161,0.906159196860896,0.9113867895795759
1134,0.002994905619353527,0.010864765719453379,,False,0.9819258961743147,0.9805616889684521,0.9716844828767489,0.9758245737412454,0.9345381526104418,0.9185941435407161,0.906159196860896,0.9113867895795759
1135,0.0029934617674270718,0.010865718432861294,,False,0.9819258961743147,0.9805696845673629,0.9716844828767489,0.9758281521995182,0.9345381526104418,0.9185941435407161,0.906159196860896,0.9113867895795759
1136,0.002991425545258585,0.01086156756565827,,False,0.9819258961743147,0.9805655331921022,0.9716844828767489,0.9758262286878912,0.9345381526104418,0.9185941435407161,0.906159196860896,0.9113867895795759
1137,0.002989701913834639,0.010860560616856627,,False,0.9819258961743147,0.9805655331921022,0.9716844828767489,0.9758262286878912,0.9349397590361446,0.918982764327376,0.9065211223042545,0.9117620673751898
1138,0.002988022241887471,0.010861847350700561,,False,0.9820263078622352,0.9806603351967708,0.9717783267205928,0.9759202508019782,0.9345381526104418,0.9170530167963372,0.906159196860896,0.9107843008166174
1139,0.0029862046435200364,0.01086277510043377,,False,0.9820263078622352,0.9806603351967708,0.9717783267205928,0.9759202508019782,0.9349397590361446,0.9174442119116306,0.9065211223042545,0.9111601833255093
1140,0.002984495102037886,0.010862193368733246,,False,0.9819258961743147,0.9805655331921022,0.9716844828767489,0.9758262286878912,0.9349397590361446,0.918982764327376,0.9065211223042545,0.9117620673751898
1141,0.0029829928223528753,0.010858121806293305,,False,0.9820263078622352,0.9806603351967708,0.9717783267205928,0.9759202508019782,0.9349397590361446,0.918987565388651,0.90647031136161,0.911734574361946
1142,0.0029812444126346422,0.01085618277364234,,False,0.9819258961743147,0.9805655331921022,0.9716844828767489,0.9758262286878912,0.934136546184739,0.9182217707770725,0.9057786793570908,0.9110143998157516
1143,0.0029796603130306585,0.010856503127315292,,False,0.9821267195501556,0.9807483675646722,0.971860753360883,0.9760054780341441,0.9345381526104418,0.9186479694547199,0.9061661347288196,0.9114161928746172
1144,0.0029776508563891316,0.010864446385430585,,False,0.9820263078622352,0.9806535655600034,0.971766909517039,0.9759114559200568,0.9345381526104418,0.9185941435407161,0.906159196860896,0.9113867895795759
1145,0.002976072839958541,0.010858848986087542,,False,0.9820263078622352,0.9806535655600034,0.971766909517039,0.9759114559200568,0.9345381526104418,0.9185941435407161,0.906159196860896,0.9113867895795759
1146,0.0029741016041160318,0.010861066701313904,,False,0.9820263078622352,0.9806535655600034,0.971766909517039,0.9759114559200568,0.9345381526104418,0.9186348665351027,0.9061339158466216,0.9113851963258541
1147,0.002972548967851566,0.010864114304353823,,False,0.9820263078622352,0.9806535655600034,0.971766909517039,0.9759114559200568,0.9345381526104418,0.9185941435407161,0.906159196860896,0.9113867895795759
1148,0.002970762663499219,0.010865978400031779,,False,0.9820263078622352,0.9806535655600034,0.971766909517039,0.9759114559200568,0.9357429718875502,0.9197085047688542,0.9072499384296668,0.9124770015326109
1149,0.002968936006557579,0.010864075698726699,,False,0.9820263078622352,0.9806535655600034,0.971766909517039,0.9759114559200568,0.9353413654618474,0.9193571643613717,0.9069016398080597,0.9121343474421665
1150,0.0029670977796969473,0.010865621346308243,,False,0.9820263078622352,0.9806535655600034,0.971766909517039,0.9759114559200568,0.9353413654618474,0.9193431430709966,0.9068694209258616,0.912103361683855
1151,0.002965734541836178,0.010857996504357348,,False,0.9820263078622352,0.9806535655600034,0.971766909517039,0.9759114559200568,0.9345381526104418,0.9186536888867525,0.9061153237861751,0.911388689070922
1152,0.0029636839578221445,0.010859801395254044,,False,0.9820263078622352,0.9806535655600034,0.971766909517039,0.9759114559200568,0.9353413654618474,0.9194004616843918,0.9068763587937855,0.9121333589017229
1153,0.002961967135552037,0.010860364727169579,,False,0.9820263078622352,0.9806535655600034,0.971766909517039,0.9759114559200568,0.9353413654618474,0.9193571643613717,0.9069016398080597,0.9121343474421665
1154,0.0029603378820307297,0.010861912584467014,,False,0.9820263078622352,0.9806497213363533,0.971766909517039,0.9759098009734113,0.9345381526104418,0.9185963702733575,0.9061083859182513,0.911358691853054
1155,0.002958465476320523,0.010864729991148096,,False,0.9820263078622352,0.9806497213363533,0.971766909517039,0.9759098009734113,0.9353413654618474,0.9193431430709966,0.9068694209258616,0.912103361683855
1156,0.0029567327970538427,0.010861644312689652,,False,0.9821267195501556,0.9807483675646722,0.971860753360883,0.9760054780341441,0.9349397590361446,0.9189687430370009,0.9064889034220565,0.9117310816168782
1157,0.002954944488284193,0.010860095171790214,,False,0.9820263078622352,0.9806535655600034,0.971766909517039,0.9759114559200568,0.9353413654618474,0.9198703986156094,0.9085465165907808,0.913372651759083
1158,0.002953301175171446,0.010861408438286018,,False,0.9820263078622352,0.9806497213363533,0.971766909517039,0.9759098009734113,0.9353413654618474,0.9198703986156094,0.9085465165907808,0.913372651759083
1159,0.00295169889733638,0.010866640779352633,,False,0.9820263078622352,0.9806497213363533,0.971766909517039,0.9759098009734113,0.936144578313253,0.9206212511037779,0.9093075515983912,0.9141171085065226
1160,0.0029499360662985146,0.010863039024532648,,False,0.9821267195501556,0.9802943485824195,0.971860753360883,0.9758066490315664,0.9357429718875502,0.920244798649605,0.908927034094586,0.9137449318260598
1161,0.0029481805825104694,0.010858477032117361,,False,0.9821267195501556,0.9802903368288907,0.971860753360883,0.9758047604253556,0.9357429718875502,0.9202615937309029,0.9089084420341393,0.9137485342679751
1162,0.002946374080964045,0.010861100021613416,,False,0.9820263078622352,0.9801955348242218,0.971766909517039,0.9757107383112683,0.936144578313253,0.9206101603474627,0.9093075515983912,0.9141185716748157
1163,0.002945030192870648,0.010866069155687183,,False,0.9820263078622352,0.9806535655600034,0.971766909517039,0.9759114559200568,0.936144578313253,0.9206101603474627,0.9093075515983912,0.9141185716748157
1164,0.002943160332952888,0.010862745728515328,,False,0.9821267195501556,0.9802789013940063,0.971860280198645,0.9757996440841656,0.9353413654618474,0.9198703986156094,0.9085465165907808,0.913372651759083
1165,0.002941127097365124,0.010861132397103582,,False,0.9820263078622352,0.9806535655600034,0.971766909517039,0.9759114559200568,0.9357429718875502,0.9202615937309029,0.9089084420341393,0.9137485342679751
1166,0.0029394171849930102,0.010857759879792707,,False,0.9821267195501556,0.9802903368288907,0.971860753360883,0.9758047604253556,0.9357429718875502,0.9202615937309029,0.9089084420341393,0.9137485342679751
1167,0.002937677395319925,0.010857175185385615,,False,0.9822271312380761,0.9803834121633499,0.9719540456456109,0.975898523865211,0.9353413654618474,0.9198892209672592,0.9085279245303342,0.9133761445041508
1168,0.0029359428571121915,0.010856472133463873,,False,0.9824279546139171,0.9810255452397804,0.9721381192750628,0.9762838302009735,0.9357429718875502,0.9202615937309029,0.9089084420341393,0.9137485342679751
1169,0.002934223267078586,0.01085916538475259,,False,0.9822271312380761,0.9803834121633499,0.9719540456456109,0.975898523865211,0.936144578313253,0.9206785697171731,0.909314489466315,0.9141471057243906
1170,0.0029324851432045145,0.010858378117748209,,False,0.9821267195501556,0.9802886101586812,0.9718602018017671,0.9758045017511239,0.9365461847389558,0.9210124462190714,0.9096694770417498,0.9144929910154145
1171,0.00293074415580723,0.010858490602556774,,False,0.9823275429259966,0.9804738788232145,0.9720474163272169,0.9759905925983902,0.936144578313253,0.9206785697171731,0.909314489466315,0.9141471057243906
1172,0.002928996580341818,0.01085612312601769,,False,0.9824279546139171,0.9810255452397804,0.9721381192750628,0.9762838302009735,0.936144578313253,0.9206785697171731,0.909314489466315,0.9141471057243906
1173,0.0029274443981835425,0.0108587225887003,,False,0.9823275429259966,0.9809351487129521,0.9720447485934568,0.9761917605784333,0.936144578313253,0.9206785697171731,0.909314489466315,0.9141471057243906
1174,0.002925651853949073,0.010856885996142693,,False,0.9823275429259966,0.9809307432351118,0.972044275431219,0.9761898080868865,0.936144578313253,0.9206785697171731,0.909314489466315,0.9141471057243906
1175,0.002923974411009737,0.010859800374824737,,False,0.9824279546139171,0.981021851273757,0.9721381192750628,0.9762822115026142,0.936144578313253,0.9206785697171731,0.909314489466315,0.9141471057243906
1176,0.002923254639775862,0.010848871998190289,,False,0.9824279546139171,0.9810320010916569,0.9721381192750628,0.9762873439456992,0.9349397590361446,0.9195553444653609,0.9081729369548994,0.913030259213127
1177,0.0029204167207717885,0.010856165086980485,,False,0.9824279546139171,0.9810255452397804,0.9721381192750628,0.9762838302009735,0.936144578313253,0.9206785697171731,0.909314489466315,0.9141471057243906
1178,0.00291881389687214,0.010858985861790035,,False,0.9823275429259966,0.9804738788232145,0.9720474163272169,0.9759905925983902,0.936144578313253,0.9206785697171731,0.909314489466315,0.9141471057243906
1179,0.0029170458188107072,0.010854822739516141,,False,0.9824279546139171,0.9810255452397804,0.9721381192750628,0.9762838302009735,0.936144578313253,0.9206785697171731,0.909314489466315,0.9141471057243906
1180,0.002915500753933581,0.01085141822565552,,False,0.9824279546139171,0.9810255452397804,0.9721381192750628,0.9762838302009735,0.936144578313253,0.9206785697171731,0.909314489466315,0.9141471057243906
1181,0.002914125933096299,0.010855735794458414,,False,0.9824279546139171,0.9810255452397804,0.9721381192750628,0.9762838302009735,0.936144578313253,0.9206686042646466,0.909314489466315,0.9141485210189756
1182,0.0029121164923086446,0.01085555578680128,,False,0.9824279546139171,0.9810255452397804,0.9721381192750628,0.9762838302009735,0.936144578313253,0.9206785697171731,0.909314489466315,0.9141471057243906
1183,0.002910378963116265,0.010854593267643865,,False,0.9824279546139171,0.981021851273757,0.9721381192750628,0.9762822115026142,0.936144578313253,0.9206785697171731,0.909314489466315,0.9141471057243906
1184,0.002908793513668177,0.010851877991375602,,False,0.9824279546139171,0.981021851273757,0.9721381192750628,0.9762822115026142,0.936144578313253,0.9206785697171731,0.909314489466315,0.9141471057243906
1185,0.002907189912525832,0.010856904829411141,,False,0.9824279546139171,0.981021851273757,0.9721381192750628,0.9762822115026142,0.936144578313253,0.9206785697171731,0.909314489466315,0.9141471057243906
1186,0.0029054641193366087,0.010857094715595466,,False,0.9824279546139171,0.9810184567180459,0.9721381192750628,0.97628066750569,0.936144578313253,0.9206785697171731,0.909314489466315,0.9141471057243906
1187,0.002903819625102468,0.010855344890778815,,False,0.9824279546139171,0.981021851273757,0.9721381192750628,0.9762822115026142,0.936144578313253,0.9206785697171731,0.909314489466315,0.9141471057243906
1188,0.0029020602586917513,0.010854495176258337,,False,0.9824279546139171,0.9810255452397804,0.9721381192750628,0.9762838302009735,0.936144578313253,0.9206785697171731,0.909314489466315,0.9141471057243906
1189,0.002900624117160978,0.010859021102074474,,False,0.9824279546139171,0.9810294816545095,0.9721381192750628,0.9762857197337753,0.936144578313253,0.9206785697171731,0.909314489466315,0.9141471057243906
1190,0.0028988833449998387,0.01085426473626848,,False,0.9824279546139171,0.981021851273757,0.9721381192750628,0.9762822115026142,0.9357429718875502,0.9203021172630002,0.9089339719625098,0.9137749290439279
1191,0.0028972851831462615,0.010851658839429868,,False,0.9824279546139171,0.9810255452397804,0.9721381192750628,0.9762838302009735,0.936144578313253,0.9222878343617116,0.9092958974058685,0.9147749403412896
1192,0.0028956579251727217,0.010853747535694219,,False,0.9824279546139171,0.9810294816545095,0.9721381192750628,0.9762857197337753,0.9365461847389558,0.9226642868158845,0.9096764149096737,0.9151471170217523
1193,0.002894378597377414,0.01086020334463512,,False,0.9824279546139171,0.9810223931327753,0.9721381192750628,0.9762825570384918,0.936144578313253,0.9206785697171731,0.909314489466315,0.9141471057243906
1194,0.0028922525296242885,0.010855082676071623,,False,0.9824279546139171,0.9810184567180459,0.9721381192750628,0.97628066750569,0.936144578313253,0.9206785697171731,0.909314489466315,0.9141471057243906
1195,0.002890831550824601,0.010856295899113407,,False,0.9824279546139171,0.9810255452397804,0.9721381192750628,0.9762838302009735,0.936144578313253,0.9206785697171731,0.909314489466315,0.9141471057243906
1196,0.002889045484893251,0.01085223888640476,,False,0.9824279546139171,0.981021851273757,0.9721381192750628,0.9762822115026142,0.936144578313253,0.9206785697171731,0.909314489466315,0.9141471057243906
1197,0.0028874704269113887,0.010854272885301481,,False,0.9824279546139171,0.9810294816545095,0.9721381192750628,0.9762857197337753,0.9365461847389558,0.9226642868158845,0.9096764149096737,0.9151471170217523
1198,0.0028861120217556708,0.010857029054597516,,False,0.9824279546139171,0.9810257876884864,0.9721381192750628,0.976284101035416,0.936144578313253,0.9206785697171731,0.909314489466315,0.9141471057243906
1199,0.0028843093828177977,0.01085432508595363,,False,0.9824279546139171,0.980566904786119,0.9721381192750628,0.9760829191582042,0.936144578313253,0.9206785697171731,0.909314489466315,0.9141471057243906
1200,0.002882686359102595,0.01085310393321268,,False,0.9824279546139171,0.9810184567180459,0.9721381192750628,0.97628066750569,0.9357429718875502,0.9203021172630002,0.9089339719625098,0.9137749290439279
