epoch,mse,validation_mse,accuracy,converged,training_accuracy,training_macro_precision_present,training_macro_recall_present,training_macro_f1_present,validation_accuracy,validation_macro_precision_present,validation_macro_recall_present,validation_macro_f1_present
0,0.2838130831697086,0.28367997197010986,,False,0.09097298925594939,0.14540278948167598,0.1433892106430236,0.08290209067361118,0.09357429718875503,0.1394225348844057,0.14251404512466265,0.08555144577910714
1,0.09245909116378413,0.09296870007133944,,False,0.21829500953911035,0.18574047197176483,0.22112421477075905,0.17724886460005293,0.21807228915662652,0.18679462893912369,0.21283851792067676,0.17589856134429152
2,0.08687757425782437,0.08725860006312956,,False,0.2787428456672357,0.21309999092805826,0.2653202459529601,0.21859168480340646,0.2783132530120482,0.21816678378223506,0.2646772164030199,0.2181794526311945
3,0.08178803852280668,0.08216579626825458,,False,0.34079726880208855,0.24433208358238298,0.3190603653139834,0.2677641562474939,0.3409638554216867,0.2500523149877358,0.31898371431629324,0.2694527389317828
4,0.07674472421010202,0.07692204279621428,,False,0.3944171101516217,0.2795386746765152,0.36721903850251075,0.30851009016184716,0.4,0.28784838815204256,0.37316330304447637,0.31378970846287113
5,0.07208076723729402,0.07204467377792968,,False,0.439200722964153,0.31125861607713695,0.40845602519535046,0.3461125100811717,0.44738955823293175,0.3224117366100617,0.41712402015024125,0.35412864305974234
6,0.0674135815088833,0.06701791142673828,,False,0.48729792147806006,0.35049459720722825,0.45274032600554304,0.38853597307073473,0.4979919678714859,0.36582663846470026,0.46412674946025945,0.39768363964822895
7,0.06289606934730732,0.06233120570915856,,False,0.5224420122502259,0.3754882917714065,0.4845569132566412,0.4142429142919001,0.5248995983935743,0.3808880891042741,0.48740259076378106,0.4159947957868145
8,0.059739467159955255,0.059121427190573055,,False,0.5476453459182649,0.39504152098652656,0.5080505498244112,0.4345258811545167,0.5485943775100401,0.40390477220900506,0.5093692407189536,0.4354995082527267
9,0.05746061889755719,0.05692779072113582,,False,0.5589918666532785,0.4004456089999066,0.5182621803445389,0.44250897767944836,0.5654618473895582,0.42680485426110615,0.5250971965696555,0.4498141407980817
10,0.05569820849895622,0.055143818453862195,,False,0.5721457977708605,0.4118060068803555,0.5303760974715263,0.4535635148292353,0.576706827309237,0.43281075271388314,0.535427833329973,0.45939939400685037
11,0.054265967327616224,0.05378424018330791,,False,0.5810824379957827,0.4169583476784593,0.5386425240092525,0.46058592845496027,0.5863453815261044,0.4476691658144174,0.5443839512044302,0.46738741198662914
12,0.05301742579855652,0.05256588399879701,,False,0.5901194899086254,0.42332847827895786,0.547102494984238,0.4678289808681225,0.591566265060241,0.45173932910833425,0.5492872888058922,0.4713992905339357
13,0.05196765823468427,0.0515584808299177,,False,0.5979516015664224,0.4329255292371945,0.5543485434189023,0.47438326267044256,0.5971887550200803,0.45331256068282333,0.5545338851219979,0.4757262711357344
14,0.05102796780075396,0.05064407061369988,,False,0.6027713625866051,0.44240259679766863,0.5588169130056775,0.47915090676216576,0.6036144578313253,0.4575013538049213,0.5604917477352649,0.48152385408190657
15,0.05018767750081414,0.04980558451328146,,False,0.6085952404859926,0.4505541295539612,0.5642214219752365,0.48420634251113115,0.6092369477911647,0.46595055731606627,0.5657337516415936,0.486607806594152
16,0.04941557158314462,0.049078887118848516,,False,0.6133145898182548,0.46321997874529064,0.568541142684178,0.48918185768314854,0.6136546184738956,0.46301073996686537,0.5698184942141621,0.49013834522758043
17,0.048679212962019686,0.04835601410163829,,False,0.6182347625263581,0.4765176462752872,0.5731031489948846,0.49528091495241355,0.6184738955823293,0.4836320774591387,0.574180599625116,0.4963540099627579
18,0.047958049403225206,0.04762539349306684,,False,0.6238578170499046,0.4961993286886001,0.5782011389067229,0.503319235059169,0.62570281124498,0.5147270784988055,0.5806171946065386,0.5079333885400321
19,0.047049800038951435,0.04666445355644273,,False,0.6374133949191686,0.53473596716209,0.589756899685949,0.5259232565632784,0.6397590361445783,0.5507279363923886,0.592685101032453,0.5298879750373292
20,0.04508606300073994,0.04451135020700878,,False,0.689828296013656,0.6029558986117958,0.6329329232269645,0.5953007962553328,0.695582329317269,0.6251940286632762,0.6391033403002252,0.6051489023909141
21,0.03998039739535148,0.039086398819250176,,False,0.7571041269203735,0.6756908904384183,0.6882606102728989,0.6637341999989592,0.7594377510040161,0.6764366303304669,0.6901845886232985,0.663654586543104
22,0.03567610008270898,0.0350369296502127,,False,0.799377447534893,0.7109884497104025,0.7257990908511951,0.7150794462251354,0.8008032128514057,0.7995241215121562,0.7267689579651981,0.7143496704098093
23,0.0322123764337398,0.03179142600560639,,False,0.826890250025103,0.7341573614497415,0.7503590239394603,0.7417628962831857,0.8248995983935743,0.8232837223502818,0.7482959703419033,0.7390911037783092
24,0.029971618731627483,0.029714549685343483,,False,0.8373330655688322,0.7431681187918345,0.7597277896001065,0.7510535484451873,0.8353413654618473,0.8339642076083662,0.7577558778563535,0.7487701353855779
25,0.028389569511530228,0.028251709273329335,,False,0.8449643538507883,0.7500267485670266,0.7666593737206564,0.7580260411844558,0.8385542168674699,0.8371650707299952,0.7606313436131917,0.7518580112609667
26,0.027190489872361397,0.027168511045512968,,False,0.8513907018776986,0.8504804942281423,0.7724365121785985,0.7638035459500605,0.8449799196787149,0.8438600119156764,0.7663890461959212,0.7577066709292036
27,0.026205026924619984,0.02628719234089604,,False,0.8552063460186766,0.854106783237115,0.7759602738474105,0.7673084516942423,0.8485943775100402,0.8474764276698943,0.7697616284903926,0.7610328495249041
28,0.025410051255341605,0.025588825843007763,,False,0.8586203434079727,0.8576222567129561,0.7790066947644508,0.770325798105875,0.8506024096385543,0.849633636068712,0.7715547452411796,0.7627763017934586
29,0.024705154361703778,0.024949903629839638,,False,0.8623355758610303,0.8615438092707897,0.7824246496563438,0.7738309901122307,0.8538152610441767,0.8529503782859011,0.7745086657450576,0.7658368676421446
30,0.024088037755634735,0.024424154441600173,,False,0.863540516116076,0.8627297381152318,0.7835642261329104,0.7749215147274352,0.8550200803212852,0.854108542039473,0.7756539072984873,0.7669219271196497
31,0.02354555202184954,0.023941735865691562,,False,0.8659503966261672,0.8650223084449029,0.7857749328672854,0.7770934379382004,0.8578313253012049,0.8568229732582957,0.7782036702556437,0.7694544688450788
32,0.02306550430528662,0.023515185317304312,,False,0.8679586303845768,0.867130711509785,0.7876121607028557,0.7789412776020165,0.8602409638554217,0.8595395134946057,0.7804014764024934,0.7717046729289798
33,0.022636137734238775,0.0231486795798342,,False,0.8702680992067476,0.8695811259699644,0.7897156343857046,0.7810188002655699,0.8598393574297188,0.8591499847004427,0.7800164342830754,0.7713302214201626
34,0.022221756911822804,0.022780946585588924,,False,0.8717742745255548,0.8707723976708961,0.7911336194626862,0.782334827269525,0.8634538152610441,0.8623418093875538,0.7833618198899224,0.7745365895042436
35,0.0218728853515815,0.022469267242123395,,False,0.874585801787328,0.8738485430705294,0.7936838553079594,0.7849761318324858,0.8666666666666667,0.8657360787150625,0.7862978718916813,0.7775281005933734
36,0.02151734522466695,0.022170006141480715,,False,0.8748870368510895,0.7768862889195741,0.7939714290878116,0.7851728760762804,0.8686746987951808,0.8676659430195424,0.7882043546139526,0.7793701727364089
37,0.021203129580443444,0.021890390258376875,,False,0.8767948589215785,0.7787202590950303,0.7958102987002901,0.7870701003061212,0.8694779116465864,0.8685760023985307,0.7889015749327671,0.7801570891398777
38,0.02090528598690893,0.021628591161183142,,False,0.8778993874887037,0.7797180181679261,0.7967548411173356,0.7880208945770119,0.870281124497992,0.8694185881220715,0.7895604902268962,0.7808136817803004
39,0.0206219407211988,0.021392981844875942,,False,0.8795059744954312,0.836740307311934,0.7986691924801737,0.7904306462429296,0.8734939759036144,0.8726927166664578,0.7925943375179938,0.7837886565443235
40,0.02035946403801243,0.02116480779687616,,False,0.8806105030625565,0.8377781552046553,0.7997056682452564,0.791464009003243,0.8734939759036144,0.8727025569612652,0.7926134614277814,0.7838132986903371
41,0.02011263376547349,0.020961329284215218,,False,0.8818154433176022,0.8388861044136049,0.800819551424835,0.7925345446892348,0.8734939759036144,0.8726927166664578,0.7925943375179938,0.7837886565443235
42,0.019878485223405674,0.02074523193182639,,False,0.8819158550055226,0.8389315993472272,0.8009290612107626,0.7926573107804358,0.8738955823293173,0.873127907721881,0.7930066968227919,0.7842011396294327
43,0.019653350795926953,0.020549473772682795,,False,0.8833216186364092,0.8401155232240032,0.8021976609944024,0.7938982617151011,0.8759036144578313,0.8750563207131747,0.7948568834139329,0.786016822863006
44,0.01944258977848423,0.0203727990874803,,False,0.8845265588914549,0.8596179191588773,0.8037256724487033,0.795933286398991,0.8771084337349397,0.8763095889305565,0.7959779624619321,0.7871210314991656
45,0.01923943306966008,0.020205757227324705,,False,0.8857314991465006,0.8699511391119874,0.8052235870134443,0.7979634837966285,0.8775100401606426,0.8767304266904739,0.7963609992635585,0.7874881474130545
46,0.019044672769302474,0.020030939403451235,,False,0.8861331458981826,0.8760114104522319,0.8060257086828234,0.79932600913892,0.8795180722891566,0.8788275259058278,0.7981640435720344,0.7892742776374616
47,0.0188651430150588,0.019881649451800126,,False,0.8867356160257054,0.8763839567831274,0.8065838179513397,0.7997714154970992,0.8799196787148594,0.8790839711244363,0.7985576560482499,0.7896196327749522
48,0.018678751437333812,0.01970729843627721,,False,0.8879405562807511,0.8775710995089834,0.8076891863098095,0.8009436305421428,0.8811244979919679,0.8804033103295252,0.7996805308357433,0.7907495683934104
49,0.018502758867815314,0.019562366647737806,,False,0.8888442614720353,0.878397749028199,0.808492938642078,0.8017498238778401,0.8823293172690763,0.8816560469566391,0.8007712724045141,0.7918600406104572
50,0.018336810992847133,0.0194214109239238,,False,0.8895471432874786,0.8827188737546071,0.8095591559699432,0.8033125166541107,0.8823293172690763,0.8816041615905712,0.8008297447734098,0.7918844907616033
51,0.018177364981492874,0.019281488520937647,,False,0.890250025102922,0.8860020976217042,0.810655564973487,0.8049121018205833,0.8831325301204819,0.8824409404195971,0.801583118354769,0.7926355145948593
52,0.018019721292199052,0.01915262682831692,,False,0.8912541419821267,0.8868248164218291,0.8115357006481765,0.805780229053535,0.8831325301204819,0.882432862824873,0.801583118354769,0.792628462286802
53,0.01786870203528853,0.019024485156311794,,False,0.8923586705492519,0.8877817582862173,0.8125757754501057,0.8067648150831411,0.8847389558232932,0.8968775810425355,0.8047585498460326,0.7979147778779129
54,0.017718698658362536,0.018892512540400645,,False,0.8932623757405362,0.8886436094832616,0.813433272825005,0.8076041349025074,0.885140562248996,0.897316264309765,0.8050696643467465,0.7982502180813397
55,0.017574522710752754,0.018769484196840068,,False,0.8944673159955819,0.8778094122394882,0.8145138260703513,0.8086907514465462,0.8855421686746988,0.8975891111723104,0.8071704270318645,0.8023454340568539
56,0.01743259826765785,0.018646299131116793,,False,0.8943669043076614,0.8809475433985001,0.8148381267990691,0.8095511009759904,0.8863453815261044,0.8982888257426654,0.8095899656439474,0.8066433179240461
57,0.017297401310671846,0.01853055326919803,,False,0.8952706094989457,0.8817600229748672,0.8156686644050022,0.8103749595201454,0.8879518072289156,0.8998690916653102,0.8110782183092454,0.8081527910456145
58,0.017169721940288055,0.01841747459442082,,False,0.8956722562506275,0.8735364629254759,0.8160445324233657,0.8107647081009608,0.8895582329317269,0.9012786250577984,0.8142523859103561,0.8130641794668119
59,0.01703310594195612,0.01829691440242069,,False,0.897680490009037,0.8807823927972218,0.8187406582015604,0.8143236514218298,0.8895582329317269,0.9010229185091989,0.8142599497735811,0.8130087558903525
60,0.016902087222039765,0.018187900505002273,,False,0.8980821367607189,0.8850765484418541,0.819946444345481,0.8164423892876728,0.8895582329317269,0.9012221322964482,0.8142401998684922,0.8130373213165876
61,0.0167778645331772,0.018083084730527412,,False,0.8986846068882418,0.887189490517867,0.8209121262413537,0.8178337846272966,0.8903614457831325,0.9018619115379489,0.814982642815656,0.81374739720545
62,0.01665492743721374,0.017968097081264137,,False,0.8988854302640827,0.887365241820395,0.821114009168285,0.8180345369845425,0.891566265060241,0.9028979310766201,0.8177936295657395,0.8181659450856298
63,0.016533381566145634,0.017873113884381755,,False,0.899588312079526,0.8825603996932059,0.8217547034690567,0.8186671716136318,0.8927710843373494,0.9038577720434815,0.8222521892861003,0.825493580752552
64,0.01642167292324556,0.01778239438554114,,False,0.9003916055828899,0.8888382243185028,0.8241572735250886,0.822752354708585,0.8923694779116466,0.8898883205384185,0.8218793332085462,0.8248539445696683
65,0.01630019486264644,0.01768518047835119,,False,0.9005924289587308,0.8890087816999466,0.8260566129624656,0.8261696656798523,0.8931726907630522,0.8906231873920498,0.8226558234659648,0.8256215682016985
66,0.016189429659680885,0.017587271088182723,,False,0.9026006627171402,0.8908325172988731,0.8295724295439818,0.8310615678260214,0.8923694779116466,0.889956291562404,0.8218826024164905,0.8248815147459071
67,0.01607369325001916,0.017484850541675187,,False,0.9025002510292198,0.8920484507587,0.8303373115727317,0.832457619010921,0.8939759036144578,0.8912837909344358,0.8233784189450135,0.8263320678559157
68,0.015971745962066648,0.017397003102041154,,False,0.9033035445325835,0.8933790676254783,0.8314744148722385,0.8339040328831627,0.8947791164658635,0.892012534081706,0.8241017379823897,0.8270560604341437
69,0.015859423739552105,0.017296653140994742,,False,0.9038056029721859,0.8944755481354161,0.8323721933744231,0.8351652494991182,0.8959839357429719,0.8946434589609669,0.8268889820611126,0.8311013349000467
70,0.015750809053168446,0.017215247637174715,,False,0.9043076614117883,0.8941234523541222,0.8341097638947728,0.8377448056341374,0.8955823293172691,0.8942924210953027,0.826527056617754,0.8307403059021401
71,0.01564306049623789,0.017117786510503996,,False,0.9051109549151521,0.8941751001630345,0.8360625802122587,0.8404924584978559,0.8971887550200803,0.8969410526847488,0.8296622528409618,0.8350223826949269
72,0.015543340952602973,0.017035938954877546,,False,0.9060146601064364,0.8963027025190355,0.8381524091208723,0.8433428369665881,0.8967871485943775,0.896610974231582,0.829301591287756,0.8346514954154105
73,0.015438381764700037,0.016953506641876743,,False,0.9066171302339592,0.8966722418486489,0.8404057195903026,0.8464968558221294,0.8979919678714859,0.8986038898236148,0.832113833445508,0.838476516937746
74,0.015342624021853036,0.01686674024318679,,False,0.9070187769856412,0.8995234491100058,0.8416227103864915,0.8482687982645979,0.8991967871485944,0.9005407339492053,0.8349087474329663,0.842239591720872
75,0.01524617749843611,0.01680329496855159,,False,0.9082237172406868,0.8984040242558736,0.843987287003029,0.8510943832301886,0.8995983935742972,0.9015351071062372,0.8369938694960568,0.8451283420781609
76,0.015148036704011311,0.016723019772319492,,False,0.9087257756802892,0.8980132748572771,0.8452911140150129,0.8526999739238773,0.9012048192771084,0.903074692297736,0.8384813986030275,0.846645351250225
77,0.015052853880379424,0.016641783536116884,,False,0.9089265990561302,0.8985065599293001,0.8458746152907953,0.8534755693394256,0.9004016064257028,0.9028949435504933,0.8394102712975015,0.848393674812587
78,0.01496027456541195,0.016569690353631223,,False,0.9092278341198916,0.8950682683245152,0.8466017789976691,0.854068840529452,0.9020080321285141,0.9047849304688653,0.8426042948492115,0.8522423003455187
79,0.014869794199015424,0.016489930531452545,,False,0.9103323626870168,0.8996757810680572,0.8488798980696683,0.8570815923967312,0.9020080321285141,0.9047524954906506,0.8425927467021991,0.8522334586054909
80,0.014783752955609528,0.016417528016722544,,False,0.9108344211266192,0.9001409941342582,0.8493081006196833,0.8575176305252558,0.9020080321285141,0.9047728515682381,0.8425991527207817,0.8522508317972416
81,0.014693814859573547,0.01636012308966984,,False,0.9113364795662215,0.8992716770669866,0.849818714370243,0.857886265525482,0.9028112449799197,0.905491756715733,0.8433537817098095,0.8529785313358622
82,0.014612977671529836,0.016280103285632293,,False,0.9122401847575058,0.901462265990603,0.8506346138983191,0.8588343044502809,0.9036144578313253,0.9062459783127638,0.8440898186383907,0.8537367540741558
83,0.014524424921116783,0.01621985468799769,,False,0.9127422431971082,0.9018251402812434,0.8511006328288138,0.8592629484752224,0.9032128514056225,0.9058409625455991,0.8437342992136146,0.8533559336629724
84,0.01444930753204527,0.016164703034972548,,False,0.9132443016367106,0.9026206529525561,0.8519837727102436,0.8603016753237356,0.9028112449799197,0.9054428013475102,0.843360187728392,0.8529849040550713
85,0.014362314820136293,0.016095359643095716,,False,0.9137463600763129,0.9030496965659438,0.8524588191098468,0.8607719716633645,0.9040160642570281,0.9065348858358111,0.8444825221840598,0.8540835448663434
86,0.014282752211910435,0.016036192480660055,,False,0.9137463600763129,0.9032781624899151,0.8528648912471211,0.8613255274810142,0.9044176706827309,0.9069613613720114,0.8448578975594353,0.8544504352542697
87,0.014207375132443589,0.015973055837268223,,False,0.9146500652675972,0.9052303497003447,0.853289874817454,0.8617194771416808,0.9040160642570281,0.906583094962103,0.8444773800556301,0.8540800671872761
88,0.014137138319873831,0.0159184876124416,,False,0.915051712019279,0.9063529229249041,0.8549137344958303,0.8638245200401479,0.9048192771084337,0.9073240646364871,0.8452243476184067,0.8548404065212342
89,0.014061320021374151,0.015870469378545735,,False,0.9149513003313585,0.9066776513526127,0.8556413629168329,0.8648070430821888,0.9036144578313253,0.9061262484079946,0.8440689074715932,0.8537044737115793
90,0.013977431603452358,0.01580084875527554,,False,0.91525253539512,0.9057357320514365,0.8559364678468947,0.8649984911020447,0.9040160642570281,0.9065411933310331,0.8444837860742127,0.8540790566913228
91,0.01390666876271995,0.015743524741145973,,False,0.9163570639622453,0.9072806167905372,0.8577842877999949,0.8671280375718043,0.9044176706827309,0.9069076043107513,0.8448387736496475,0.8544416882618048
92,0.013834209096028147,0.015693919039317345,,False,0.9166582990260066,0.9072548558791412,0.857651389592324,0.8668363490351277,0.9040160642570281,0.9065411933310331,0.8444837860742127,0.8540790566913228
93,0.013766161314627849,0.015651210549605474,,False,0.9166582990260066,0.907733554426136,0.8584831885114935,0.8679368681325854,0.9044176706827309,0.9069117040649197,0.8448387736496475,0.8544419920485867
94,0.013697158727832892,0.015599252149411488,,False,0.9175620042172908,0.9086132598090659,0.8592881724078105,0.8687630462489779,0.9044176706827309,0.9069076043107513,0.8448387736496475,0.8544416882618048
95,0.01362847492109058,0.015540292370788333,,False,0.9175620042172908,0.9085818871016349,0.8592981240937293,0.868766436136101,0.9048192771084337,0.9073047168271324,0.8452103658370488,0.8548528226489156
96,0.01356055646391329,0.015500842191594604,,False,0.9178632392810523,0.909308000648504,0.860417115126293,0.8701334999663857,0.9044176706827309,0.9069076043107513,0.8448387736496475,0.8544416882618048
97,0.013498706208655793,0.015443258592205803,,False,0.919068179536098,0.909950338076525,0.8627719827759935,0.8727110429292249,0.9052208835341365,0.90757787291885,0.8455710358727389,0.8552049210754815
98,0.013429547372363428,0.015398096608123638,,False,0.9196706496636209,0.9109155527786292,0.8641711180579712,0.8743179446331524,0.9052208835341365,0.9076464688512016,0.8455793351938417,0.8552024355364086
99,0.013365653442584264,0.015360551637347659,,False,0.9200722964153027,0.9112918265367753,0.8645344593081836,0.8746792295411859,0.9052208835341365,0.9076464688512016,0.8455793351938417,0.8552024355364086
100,0.013303729243782671,0.015317069363657784,,False,0.9205743548549051,0.9117353330549788,0.8650163886105164,0.875143923424785,0.9044176706827309,0.906862014008752,0.8448311122233965,0.8544441350992515
101,0.013243618456981389,0.015270846857853487,,False,0.9210764132945075,0.9123814740217211,0.8659092222854018,0.876133077967563,0.9056224899598394,0.9080103843940053,0.8459521912713956,0.8555898478811041
102,0.013190876849672148,0.015229561066975997,,False,0.9213776483582689,0.9125633248457485,0.8657244012921816,0.8758736988461027,0.906425702811245,0.9087212833943497,0.8466268552218579,0.8562769872640651
103,0.013122936056892149,0.015192325977751346,,False,0.9212772366703484,0.911513378435552,0.8660937690770916,0.8761738946063543,0.9052208835341365,0.9076050260610713,0.8455658852618249,0.8551886597314788
104,0.013071292852163179,0.0151587496352876,,False,0.9213776483582689,0.9118502166618538,0.8665925819473566,0.8767904679778727,0.9056224899598394,0.907959714512584,0.845938741339379,0.8555700964090179
105,0.0130041850783262,0.015108868218227678,,False,0.9216788834220303,0.9131336574559954,0.8668699820587042,0.8771791571080184,0.9060240963855422,0.9083389201633104,0.8463141167147543,0.855939086453203
106,0.012950466825041689,0.015074400969733873,,False,0.9223817652374736,0.9131068663151191,0.8683703493150428,0.8787147946603803,0.906425702811245,0.9086948324122306,0.8466894920901297,0.8562926599991486
107,0.012892979719857981,0.015039279700753973,,False,0.9222813535495532,0.9120321135540329,0.8682820359476605,0.8784827263296219,0.9060240963855422,0.9082943198103774,0.8463153806049071,0.8559121584808511
108,0.012834328435678648,0.01500031837300151,,False,0.9237875288683602,0.9142383292133248,0.8692201445978759,0.8794649776686871,0.906425702811245,0.9025160495555967,0.8466715175425001,0.8558122507158901
109,0.012780897626895988,0.014958237919647089,,False,0.9237875288683602,0.9146256462328852,0.8700658325443312,0.880499246709074,0.9056224899598394,0.9079824515202279,0.8459290745953364,0.8555504443681345
110,0.012727766407236597,0.0149331522287134,,False,0.9242895873079626,0.9152309956410579,0.8709493992492915,0.8814414221750518,0.908433734939759,0.9050362327912929,0.8502052058171428,0.8599275322169511
111,0.01267206399378864,0.014894762714555764,,False,0.9245908223717241,0.9155171545383123,0.8712188213466752,0.8817231487137485,0.9088353413654618,0.9053799340995133,0.8505601933925777,0.8602785467462071
112,0.01262058105653107,0.014867224448623557,,False,0.9257957626267698,0.916454581713196,0.8740113848404842,0.8846578235055681,0.9076305220883534,0.9043750446021449,0.8494594936620347,0.8591774672808643
113,0.012567722905756881,0.014822718843198704,,False,0.9259965860026107,0.9178668495688238,0.8750371116657527,0.8859464604307159,0.9080321285140562,0.9046918323580448,0.8498323497395888,0.8595592873392582
114,0.01251953805116575,0.014798184074873273,,False,0.9256953509388492,0.9156421510718624,0.8743366282564566,0.8849133671881533,0.9076305220883534,0.9043693256779781,0.8494594936620347,0.8591734344168181
115,0.012469877421964358,0.014767645085286127,,False,0.9256953509388492,0.9159290666097841,0.8752012693965041,0.885845685445123,0.9080321285140562,0.9046757373335712,0.8498336136297415,0.8595211370100767
116,0.012418874461960237,0.014726565818436016,,False,0.9267998795059745,0.9173282358602718,0.8770428676724159,0.8877976921726074,0.9080321285140562,0.9046675391080267,0.8498336136297415,0.8595218999168224
117,0.012367506776038093,0.014690649815936261,,False,0.9272015262576564,0.9177430950325834,0.877403701070517,0.8881807373126906,0.908433734939759,0.9051037504902334,0.8502077251149641,0.8599157322080827
118,0.012327629801521724,0.014669190692636653,,False,0.9265990561301336,0.9171895952739401,0.8768552186972348,0.8876409298763099,0.9092369477911647,0.905896342354463,0.85097256117986,0.8607137072869693
119,0.012278743690717419,0.014633855424708941,,False,0.9265990561301336,0.9163206820106731,0.8768433605592163,0.8874843156315702,0.9100401606425703,0.9064589844366764,0.8516825363307298,0.861381667669848
120,0.012226570697715109,0.014599363904113566,,False,0.9276031730093383,0.9189715554592364,0.8777809992814463,0.8886939006630228,0.9096385542168675,0.9061278153247431,0.8513039002298943,0.860993556546379
121,0.012176307262187745,0.014569381563983852,,False,0.9279044080730997,0.9192495710302886,0.8780586205191763,0.8889727427818246,0.9092369477911647,0.9058290409542002,0.8509476487643067,0.8606683793254238
122,0.012129087430834448,0.01455534203385648,,False,0.9285068782006225,0.9192482826180325,0.8794412866633855,0.8902841192973637,0.9100401606425703,0.9065508565722696,0.8516792671227855,0.861370080751866
123,0.012083416995488767,0.01451821966313301,,False,0.9284064665127021,0.9191901129507474,0.8793515858757021,0.8902147336579507,0.9100401606425703,0.9065689000817204,0.8516971356249046,0.8614051972556996
124,0.012039197844419978,0.014489272388442106,,False,0.928607289888543,0.9193658109795602,0.8795249847424939,0.8903848193574613,0.9108433734939759,0.9079303994167263,0.8541084809613952,0.8643498561586733
125,0.011992514198269888,0.01446880388559216,,False,0.9291093483281454,0.9199364341243217,0.8804216972753487,0.891292941475063,0.9112449799196787,0.9082872994326608,0.8544889984652004,0.8647183644208736
126,0.011950077056596878,0.014438487591089524,,False,0.9294105833919069,0.9207508149508392,0.8819529734620506,0.892952778267396,0.9096385542168675,0.9069026826788438,0.853005261933031,0.8632694223308661
127,0.01190507729345629,0.014410315744353508,,False,0.9295109950798273,0.9206667201913213,0.8816280768205252,0.8925856066807706,0.9108433734939759,0.9079836831136756,0.854127604871183,0.8643837680412738
128,0.011860341669039605,0.014392642840379359,,False,0.9297118184556682,0.92000424722185,0.8818211018359823,0.892615736581998,0.9112449799196787,0.9089755134203182,0.8561852180399073,0.8669239221551709
129,0.01181815194018386,0.014375704203142305,,False,0.9300130535194296,0.9220810905703297,0.8825236895935479,0.8936472860971644,0.9104417670682731,0.9069154551084908,0.8520763977210413,0.8617802780533013
130,0.011777938860527467,0.014349365984235767,,False,0.9304147002711115,0.9224410053839773,0.8828938798488662,0.8940067586653648,0.9116465863453815,0.9092552730415248,0.8565530176525074,0.8672514317858812
131,0.01173994044748533,0.014312004664821971,,False,0.930715935334873,0.9226859690685443,0.8831646465559189,0.8942815925522941,0.9116465863453815,0.9092525664504082,0.8565530176525074,0.8672495913217103
132,0.011693202216913166,0.014295844346685328,,False,0.9310171703986344,0.9243685920190742,0.8851146663158832,0.8965075998804788,0.9124497991967871,0.9110959720128773,0.8606745558625783,0.872160461532205
133,0.011649191855116191,0.014266390176961468,,False,0.9315192288382368,0.9233616027922987,0.8860138468260794,0.8970943470690571,0.9132530120481928,0.9122265968872557,0.8631343382252011,0.8748488163433159
134,0.011610410376903794,0.014244922386446934,,False,0.9321216989657596,0.9255969257287783,0.8869652552219895,0.8983653102580459,0.91285140562249,0.9113809795714203,0.8610505572332551,0.8725036528919592
135,0.01156954067931511,0.014220657941589028,,False,0.9318204639019982,0.9244976948128526,0.8866788477818286,0.8979280108034856,0.91285140562249,0.9118269455088917,0.8627398389400381,0.8744629990776027
136,0.011532912684177912,0.014213920286773294,,False,0.9334270509087258,0.9270450652877962,0.8890222339110233,0.9004248171253629,0.9124497991967871,0.9114092374114604,0.862372133473398,0.8740743156368924
137,0.01148812210565578,0.014180783274965154,,False,0.9331258158449643,0.9267538234239385,0.8887376764257063,0.9001454488866352,0.9136546184738956,0.9125430342082775,0.8634822818872019,0.8751924507939242
138,0.011448587853077312,0.014147498448892582,,False,0.9328245807812029,0.9264872292443914,0.8884497227208414,0.8998735986923703,0.9140562248995984,0.9124773328609689,0.8621619695372116,0.8735852022560227
139,0.011410175070599738,0.014130840919519157,,False,0.9325233457174416,0.9260562580328894,0.8877444986653477,0.8991590484937135,0.9144578313253012,0.9132874260976013,0.8642183188157831,0.8759390333372982
140,0.011372172658916713,0.014122114444940265,,False,0.9339291093483282,0.9270550124954497,0.8907381804087487,0.9019728286756968,0.9132530120481928,0.9081084687830427,0.8631203564438432,0.87421069143058
141,0.011334534042280424,0.014093944942118568,,False,0.9346319911637715,0.9278437318435917,0.8917933731386269,0.9030346277528055,0.9140562248995984,0.9128963236203383,0.8638442073305606,0.8755607712244411
142,0.011294493823999668,0.014063735476169858,,False,0.9346319911637715,0.9278409250374438,0.8917912526754588,0.9030413556798719,0.9136546184738956,0.9116224816613732,0.860101837070666,0.8712109229958368
143,0.01125631938347004,0.014045123086396178,,False,0.9344311677879306,0.9277439027889177,0.8920299703969137,0.9032631946159372,0.9140562248995984,0.9124529692740633,0.8621594502393903,0.873579478355361
144,0.011220221112557462,0.014028982503470067,,False,0.9349332262275328,0.928237303497471,0.8924849846793186,0.9037343246604789,0.9136546184738956,0.9116104406293452,0.860101837070666,0.8711970709580492
145,0.011183920336771161,0.014018620343240185,,False,0.9349332262275328,0.9284151497263718,0.8933382268958585,0.9045445279253893,0.9136546184738956,0.907835073866295,0.8617975247960317,0.8726421227941505
146,0.011150029118534808,0.013997000852642891,,False,0.9350336379154534,0.9285198307669909,0.8934132381491777,0.9046311970732724,0.914859437751004,0.9089670967835859,0.862906417802167,0.8737631689498084
147,0.011113898131742343,0.013978484039388311,,False,0.9351340496033739,0.9278960057291522,0.8935168477162667,0.9045631987523058,0.914859437751004,0.9089670967835859,0.862906417802167,0.8737631689498084
148,0.01107607249498227,0.013955820336040082,,False,0.936238578170499,0.9290509160589878,0.8949340909476258,0.9059710111179283,0.9136546184738956,0.9072011959653113,0.860101837070666,0.8706586173523965
149,0.011039164245277342,0.013938861605053978,,False,0.936238578170499,0.929008323047921,0.8949372983070055,0.9059604978039495,0.9144578313253012,0.9085910491666479,0.8625323063169444,0.8733858515645501
150,0.011005003145725724,0.013925824244307631,,False,0.93643940154634,0.9291827726395936,0.8951158566447701,0.9061365134876335,0.9144578313253012,0.9128494837567452,0.8625323063169444,0.8739755899236461
151,0.010971122073090724,0.013900263345750577,,False,0.9363389898584196,0.9290866927930183,0.8950197488685272,0.9060480168103481,0.9144578313253012,0.9128597676796095,0.8625323063169444,0.8739985854570086
152,0.010934694274958093,0.013875353008023018,,False,0.93643940154634,0.9284838263985967,0.8951133877373041,0.905982934615234,0.9144578313253012,0.9128584155249625,0.8625323063169444,0.8739917588681292
153,0.010902195847169404,0.013851242330304162,,False,0.93643940154634,0.9293137754047641,0.8955306676241427,0.9065437037444215,0.9140562248995984,0.9124759236359399,0.8621581948317218,0.8736172673025302
154,0.010869048798644594,0.013846688270284544,,False,0.9370418716738629,0.9299179774214229,0.8960804258919883,0.9071062410630089,0.914859437751004,0.9132299934564847,0.862906417802167,0.8743541142382045
155,0.01083460145601313,0.013818701593637746,,False,0.9363389898584196,0.9291395874882625,0.8950066030154313,0.9060593206449021,0.914859437751004,0.9132299934564847,0.862906417802167,0.8743541142382045
156,0.010800506907482094,0.013800539916879215,,False,0.9370418716738629,0.9299005449292661,0.8960724416928352,0.9070994323085443,0.9140562248995984,0.9120037665615557,0.8604746931482201,0.8715766357758006
157,0.01076729329347514,0.013778195135188116,,False,0.9370418716738629,0.9307116558782396,0.8964638150590791,0.9076515158768489,0.9140562248995984,0.9120037665615557,0.8604746931482201,0.8715766357758006
158,0.010733957031796745,0.013762751618533393,,False,0.9373431067376242,0.9303966933138784,0.8971917159359832,0.9081736662842119,0.9140562248995984,0.9124648040286737,0.8621581948317218,0.8735972449691983
159,0.010703309683547454,0.013738908732250466,,False,0.9378451651772266,0.9321510730025966,0.8972214212416671,0.9085522597612063,0.9136546184738956,0.911619922517886,0.8601005816629974,0.871195317621322
160,0.010670957831585899,0.013725869865107104,,False,0.938146400240988,0.9325245554266169,0.8979113586336642,0.9092181008720996,0.9140562248995984,0.9124661561833205,0.8621581948317218,0.8736040715580776
161,0.010638586974689227,0.013718425662993377,,False,0.938146400240988,0.9320154029708217,0.8987654343902359,0.9098489522090011,0.9144578313253012,0.9128464570086874,0.8625323063169444,0.8739734972586759
162,0.010607449933172593,0.013700828404681679,,False,0.9387488703685108,0.9325676357572706,0.8993220978215953,0.9103982939198563,0.9140562248995984,0.9124648040286737,0.8621581948317218,0.8735972449691983
163,0.010577776903285922,0.01368626627270628,,False,0.9384476353047495,0.9309227077152209,0.8990361068560182,0.909784727115455,0.9144578313253012,0.9127969200859779,0.8624879013928823,0.8739273631267486
164,0.010545546296132286,0.013665432598905562,,False,0.938347223616829,0.9315156487230227,0.8989454481078825,0.9098753781285809,0.9152610441767068,0.9136155071624117,0.8632805292873896,0.8747346186536896
165,0.010515054691790732,0.01365957553211644,,False,0.9387488703685108,0.9318899758077875,0.8993277014762866,0.9102461067205696,0.914859437751004,0.9136470283441205,0.8645899194856688,0.8763335861518795
166,0.0104836705896655,0.013628729577457675,,False,0.9389496937443519,0.9321766644375611,0.8999135872752445,0.9108102827389123,0.914859437751004,0.913598283123628,0.8645455145616067,0.8762811588226604
167,0.010452645814520633,0.013617643445681978,,False,0.9387488703685108,0.9319974745822246,0.8997370465823303,0.9106373718384762,0.9144578313253012,0.9132518907913185,0.8641701391862313,0.875921492755481
168,0.010423207417479681,0.01359260977900159,,False,0.9389496937443519,0.9315198623816053,0.899906515013001,0.9106540770939391,0.914859437751004,0.9136500111099932,0.8645899194856688,0.8763323588195886
169,0.010392818212205984,0.013581259804794854,,False,0.9392509288081132,0.9324429365744541,0.9001933655996345,0.9110869031150046,0.914859437751004,0.913598283123628,0.8645455145616067,0.8762811588226604
170,0.010364249557650146,0.013574680682811835,,False,0.9391505171201928,0.9318044106747144,0.9005365919614674,0.9112309777837067,0.9140562248995984,0.9088655696459078,0.8638526186669346,0.875000816745676
171,0.010333620643161052,0.013557511560892743,,False,0.9392509288081132,0.9318915106957691,0.9006173531895203,0.9113138028132286,0.9144578313253012,0.9091985820241837,0.8641823252280952,0.8753308693044729
172,0.01030554266527447,0.013533665236354065,,False,0.9392509288081132,0.9318854570187464,0.9006076796568983,0.9113055510029502,0.914859437751004,0.9135988134923019,0.864525126761666,0.8762673793009446
173,0.010276281305801688,0.013521845232234545,,False,0.9393513404960337,0.9320779426961534,0.9011197124269956,0.9117778011515212,0.914859437751004,0.9095491076176787,0.8645373128035301,0.8756886865734425
174,0.010247722180467897,0.013518959985518728,,False,0.9396525755597952,0.9323539144143853,0.9014056240655702,0.9120585413384552,0.9144578313253012,0.9055955986082296,0.8642520111664316,0.8748318152345875
175,0.010219515678376135,0.013501448118754209,,False,0.9396525755597952,0.9323468638792627,0.9014038943497442,0.9120512531645752,0.914859437751004,0.9096238125432478,0.8645881237461748,0.8757331024012261
176,0.010190663563245276,0.013481983206198523,,False,0.9395521638718747,0.9322602287273847,0.9013128277728266,0.9119680786542522,0.9152610441767068,0.9099675323804699,0.8649114242887527,0.87606606416957
177,0.01016300456266491,0.013471085999872155,,False,0.9399538106235565,0.9327297970834937,0.9021096742819155,0.9127124486874971,0.9140562248995984,0.9052040295597483,0.8638843056997916,0.8744418171358875
178,0.010134929855714505,0.01344894854380635,,False,0.9404558690631589,0.9333850455990143,0.9034029721292008,0.9139195462523371,0.9152610441767068,0.9099675323804699,0.8649114242887527,0.87606606416957
179,0.01011041948348398,0.013438509833080106,,False,0.9404558690631589,0.9333816726172349,0.9034114394567179,0.9139197997811104,0.914859437751004,0.9059789593944659,0.8646261226516542,0.8752061718369327
180,0.010081103513280542,0.013430478577757728,,False,0.9411587508786022,0.9340133092945622,0.90405845832175,0.9145534891880153,0.9152610441767068,0.9069783071332337,0.866645736914899,0.8774055721910423
181,0.010054093192130851,0.013407024565375096,,False,0.9412591625665228,0.9340842233942366,0.9041434730692539,0.9146407380245637,0.914859437751004,0.9065711140530112,0.8662716254296764,0.8770221481597769
182,0.010029898484689485,0.013401366496363497,,False,0.9414599859423637,0.9342742373738001,0.9043307959002256,0.9148245986353566,0.9152610441767068,0.9069189774555846,0.8666330190236938,0.8773631339806961
183,0.01000232041299491,0.013402950539502646,,False,0.9410583391906818,0.9340082865496618,0.9043837435798624,0.9148392585609285,0.9156626506024096,0.9073598922828376,0.8670198484001216,0.8777863188793419
184,0.00997309133013622,0.01336947177707164,,False,0.9416608093182046,0.9345618814352026,0.9049317719936989,0.9153779071262416,0.9152610441767068,0.9069489920121934,0.866631755133541,0.8773846247453866
185,0.009947198150344137,0.013359245153272104,,False,0.9419620443819661,0.9349458629884091,0.9056265755185975,0.9160305502786275,0.9152610441767068,0.9070079733485896,0.8666965478575436,0.8774431149392504
186,0.009923868573781768,0.013345740798907059,,False,0.9422632794457275,0.9352150759893585,0.905908265704134,0.91630229728128,0.9160642570281124,0.9083573063269098,0.8691091486017027,0.8800037004462199
187,0.009895325719597553,0.013325664620230788,,False,0.942162867757807,0.9351028004147044,0.905817752546581,0.9162087381349195,0.9160642570281124,0.9083386148464265,0.8690838675874285,0.8799809263536756
188,0.009869009445938718,0.013312725302878038,,False,0.9422632794457275,0.9352102943484653,0.9059090070535425,0.9163009726475495,0.9160642570281124,0.9083386148464265,0.8690838675874285,0.8799809263536756
189,0.00984350498202479,0.013301240290932815,,False,0.9426649261974094,0.9356811292923685,0.9066998962449944,0.9170378829742736,0.9160642570281124,0.9083166948973,0.8690647436776406,0.8799581564543418
190,0.00981984614828723,0.01328959621824605,,False,0.9425645145094889,0.9355356036721348,0.9061821323118922,0.9165863783581053,0.9152610441767068,0.9105439549373435,0.8665860863193262,0.8779668344343133
191,0.00979398290427408,0.013293115517982321,,False,0.9428657495732503,0.9358870788488723,0.9068865100998926,0.9172401726426046,0.9160642570281124,0.908364841837423,0.8690838675874285,0.8799873566700898
192,0.009769515816752235,0.013266413274129842,,False,0.9429661612611708,0.9359681955455117,0.9069720834854097,0.9173086807309423,0.9156626506024096,0.9079693596037388,0.8686893683022654,0.8796008728643221
193,0.009742716759969608,0.013246847954669953,,False,0.9431669846370118,0.9362102327613395,0.9075856015318082,0.9178619914769972,0.9160642570281124,0.9083451438369834,0.869063479787488,0.8799774930003825
194,0.009718736892152753,0.013238983750835867,,False,0.9433678080128527,0.9375632595755187,0.9073495325317202,0.9180363220821436,0.9160642570281124,0.9083386148464265,0.8690838675874285,0.8799809263536756
195,0.00969386012205146,0.013233347352797659,,False,0.9433678080128527,0.9375840700918587,0.9073514480198214,0.9180397063794019,0.9164658634538153,0.9087164611098802,0.8694388551628633,0.8803406484932919
196,0.009669994756063793,0.013211936120360764,,False,0.9436690430766141,0.937846143709158,0.9076308279518965,0.9183158597848782,0.9176706827309237,0.9132247802425054,0.8705167846944691,0.882040169664881
197,0.009647668919088404,0.01320665472405778,,False,0.9433678080128527,0.9369458295350324,0.9073482830570294,0.9178474880115642,0.9160642570281124,0.9117180254994585,0.8690203387535786,0.8805228748205142
198,0.009622699277976416,0.0132083412568475,,False,0.9441711015162165,0.9385727974214925,0.9093392351739134,0.9198622595210479,0.9168674698795181,0.9091176115553989,0.8698117027579332,0.8807549020325328
199,0.009603376726437782,0.013192359912375141,,False,0.9439702781403755,0.9382835077669891,0.9087399172755963,0.919323250219617,0.9168674698795181,0.9091091158955007,0.8698117027579332,0.8807495980315527
200,0.009575619886660816,0.0131695785812717,,False,0.9439702781403755,0.9381926720430864,0.9083255941823312,0.9189561155445691,0.9168674698795181,0.9091102162402428,0.8698117027579332,0.8807520523812512
201,0.009549445045512802,0.013157149706381925,,False,0.9447735716437393,0.9392278040904913,0.9107243980034772,0.9211098363051907,0.9168674698795181,0.9090779033694076,0.8698129666480859,0.8807284358480785
202,0.009528128577237116,0.01313410021531629,,False,0.9448739833316598,0.9391866700884317,0.909966783314666,0.9204885019873978,0.9160642570281124,0.9117380175861458,0.8690178194557573,0.8805615934433026
203,0.009501632770979715,0.013127748967690821,,False,0.9450748067075008,0.939445095418253,0.9105728176524873,0.9210250662671579,0.9164658634538153,0.9121119728906876,0.8693919309409799,0.8809383921796229
204,0.009479107307264685,0.013138132958354634,,False,0.9453760417712622,0.9391871014761883,0.9112754657246618,0.9214877958551188,0.9152610441767068,0.9015085122336554,0.8683205049909828,0.8780606906425181
205,0.009456876230231994,0.01312709897667263,,False,0.9457776885229441,0.9395720383034121,0.9116427039441505,0.9218589715716353,0.9152610441767068,0.9015307965802344,0.8683205049909828,0.8780704854947792
206,0.009431850313923741,0.013100106328489331,,False,0.9452756300833417,0.9397248373247648,0.9111717806581896,0.9215697770953906,0.9156626506024096,0.9079634760268136,0.868686849004444,0.87962743053111
207,0.00941480618243131,0.013095562030394487,,False,0.9455768651471032,0.9399930556626086,0.9114513112352479,0.9218540321869582,0.9168674698795181,0.9090965353700151,0.8698091834601117,0.8807704970202561
208,0.009387799820571209,0.01307219365008119,,False,0.9455768651471032,0.9400032494104268,0.9114512679656622,0.9218411638748866,0.9156626506024096,0.9079634760268136,0.868686849004444,0.87962743053111
209,0.009364336037904776,0.01306410374757766,,False,0.9457776885229441,0.9396247519679558,0.9120581267972478,0.9222132817863342,0.9160642570281124,0.9083056173369557,0.8690418365798789,0.8799754593970498
210,0.009342473851020097,0.013063207522876267,,False,0.9460789235867055,0.9399258319571149,0.9123446983004602,0.922490727796893,0.9160642570281124,0.9022323294831391,0.8690687364439122,0.8788068419828858
211,0.009319764765296286,0.013045227801983675,,False,0.9458781002108645,0.9391349409806394,0.9121541058281297,0.9221359574182569,0.9156626506024096,0.9047832888055789,0.8686799111365201,0.8790196691370027
212,0.009297385226333625,0.01302909153940068,,False,0.9457776885229441,0.9396211791526997,0.9120625532253533,0.9222143094795457,0.9160642570281124,0.9117050230867453,0.8690418365798789,0.8805724829781019
213,0.009278899565417553,0.013024309606113215,,False,0.945978511898785,0.9398083600112836,0.9122527829987366,0.9224047030805799,0.9160642570281124,0.9083092679533102,0.8690875053940936,0.8800013716457191
214,0.009253272085352603,0.013009986503746119,,False,0.9462797469625465,0.939576607440734,0.9129403498226636,0.9228482356750862,0.9152610441767068,0.9015094190471918,0.8683179856931615,0.8780816223475043
215,0.009232219619448964,0.013003961218575047,,False,0.9461793352746259,0.9400942352056296,0.9128423629226591,0.9229252867748817,0.9156626506024096,0.9018764214752463,0.8686933610685369,0.878443659796147
216,0.00921125406680368,0.01299646522692806,,False,0.9462797469625465,0.9395639489500281,0.9129409906749076,0.9228470676703577,0.9152610441767068,0.9015037634176443,0.8683179856931615,0.8780761526532782
217,0.009190569140689695,0.012999094388134222,,False,0.9465809820263079,0.9398597105309003,0.9132137242557903,0.9231339848519559,0.9156626506024096,0.9018794965953371,0.8686920971783841,0.8784572990302216
218,0.00916746735263469,0.012976814901510276,,False,0.9467818054021488,0.9399516782692192,0.9129794200988203,0.9229632024880172,0.9156626506024096,0.9047523105855136,0.868647692254322,0.8789821055337108
219,0.009145257938298412,0.012965711785479252,,False,0.9468822170900693,0.9401355066234961,0.9134932115632629,0.9234091788163374,0.9160642570281124,0.9050842258953532,0.869002679829757,0.8793262294375679
220,0.00912398427616688,0.01295538679433891,,False,0.9469826287779898,0.9402242180751258,0.9135865822448689,0.923499918627904,0.9156626506024096,0.9047579662150612,0.868647692254322,0.8789875752279368
221,0.009103461563372706,0.012941045124674304,,False,0.9470830404659102,0.9404018510688843,0.9140986150149661,0.9239411404702716,0.9160642570281124,0.9050744940183016,0.869002679829757,0.8793135534260696
222,0.00908391873081235,0.012929942787904823,,False,0.9473842755296716,0.9406612403299577,0.9143768115716829,0.924218681469817,0.9160642570281124,0.9022092898915608,0.8690914981603652,0.8788156267552018
223,0.00906293282674398,0.01292341530597626,,False,0.9471834521538307,0.9404663099737406,0.9141993962269199,0.9240249719339668,0.9164658634538153,0.9054536586660407,0.8694263468499557,0.8797235445710668
224,0.009043865755182335,0.012924658469030794,,False,0.9473842755296716,0.9405730264573214,0.9139563907888463,0.9238692994517486,0.9164658634538153,0.9025868587057472,0.8694643457554351,0.8792097389877387
225,0.009020085756800451,0.012914829833607816,,False,0.9473842755296716,0.9406623119251925,0.9143799524676809,0.9242171695773593,0.9164658634538153,0.9054464021193704,0.869375535907311,0.8796952560771146
226,0.008999299977447322,0.012901260998049379,,False,0.947886333969274,0.9411471991175794,0.914836213337548,0.9246821197079365,0.9160642570281124,0.9050791742532175,0.869002679829757,0.8793190552671992
227,0.008980911662766575,0.012892800050857984,,False,0.9479867456571945,0.9412445413809372,0.9149286749797392,0.9247758073715979,0.9160642570281124,0.9051053381243178,0.869002679829757,0.8793236494969875
228,0.008958173290702061,0.012876275444930077,,False,0.9479867456571945,0.9412985809645052,0.9153498480082349,0.9251147476855301,0.9172690763052209,0.9075304387983638,0.8735415731874041,0.883957127124932
229,0.00893915692976146,0.012864718517096398,,False,0.947886333969274,0.9411911020475294,0.9152679979166,0.9250223572245613,0.9176706827309237,0.9072610250067726,0.8722321914716092,0.8826235868664362
230,0.008918309463982872,0.012854593927986492,,False,0.9482879807209559,0.9415813633842975,0.9156308097079832,0.9253905520970382,0.9172690763052209,0.9075304387983638,0.8735415731874041,0.883957127124932
231,0.008900322422930512,0.012852137756795749,,False,0.9483883924088764,0.9417407013367382,0.9161363601899395,0.9258228593373372,0.9180722891566265,0.9076791318335348,0.872601152345918,0.8830216200759574
232,0.008878751092802362,0.012846581513041168,,False,0.9487900391605583,0.9417348198673591,0.9173537277783649,0.9267147284360515,0.9180722891566265,0.9082731011295996,0.8742453912337873,0.8846805948877288
233,0.008859021529330414,0.012829235941044213,,False,0.9489908625363992,0.9418924084329947,0.9175409432339392,0.9268907754796333,0.9180722891566265,0.908292924353082,0.8742898046403336,0.8847139680973961
234,0.008841908968778999,0.012839463426503788,,False,0.9484888040967969,0.9414301229518718,0.9170677087643929,0.9264299251698613,0.9176706827309237,0.9078987671493238,0.8739092786540442,0.8843398981501619
235,0.008819911228994686,0.0128183772042806,,False,0.9485892157847173,0.9414396487148922,0.9167435223359881,0.9261809491784407,0.9180722891566265,0.90826632925421,0.8742453912337873,0.8846745626226892
236,0.008801773051182245,0.012817414699600061,,False,0.9488904508484788,0.941887969615026,0.9178663130377025,0.9271328108049823,0.9180722891566265,0.9082731011295996,0.8742453912337873,0.8846805948877288
237,0.008781691479517805,0.012809271397221817,,False,0.9488904508484788,0.9418805332711739,0.917862717252134,0.9271349991779976,0.9188755020080321,0.90901815008142,0.8750444336293614,0.8854494061349399
238,0.008761352294868028,0.012780719260254458,,False,0.9490912742243197,0.9427103585836514,0.9184654529700771,0.9278288135150254,0.9184738955823293,0.9092284650201798,0.8763461539189051,0.8867734158390603
239,0.008744622861052494,0.012779818271933006,,False,0.9491916859122402,0.942805789796966,0.9185623410403737,0.9279217456581489,0.9184738955823293,0.9086190917089882,0.8746182473113414,0.8850619667161264
240,0.008723149678725664,0.012779899885283668,,False,0.9493925092880812,0.942509052617881,0.9191657176105608,0.928267317138526,0.9184738955823293,0.9065381981404853,0.8763081465309415,0.8861107865820981
241,0.008706137671885543,0.012777624436660941,,False,0.9496937443518425,0.9427598055399956,0.9194550772769498,0.9285415793210685,0.9188755020080321,0.9068981954705484,0.8767266714227103,0.8865017620262409
242,0.008686961013797517,0.012779250267043173,,False,0.949794156039763,0.9429495027385487,0.9199613798141666,0.9289708876798808,0.9188755020080321,0.9069476423134728,0.8766822580161641,0.8864911222804241
243,0.008666230487465178,0.012741650201441981,,False,0.9496937443518425,0.9434119209578932,0.9198558438627261,0.9290515615906718,0.9188755020080321,0.904484055505812,0.8766745965899129,0.8859303963576858
244,0.008649728477051914,0.012752649300337975,,False,0.9496937443518425,0.9434198438325969,0.9198587797836572,0.9290594818214678,0.9192771084337349,0.9073120095413064,0.8770448213543742,0.8868886968365779
245,0.008628352506999861,0.012725319347810874,,False,0.9500953911035245,0.9437831908697414,0.9202257498159749,0.9294201118273087,0.9184738955823293,0.9065764130336595,0.8762818930442439,0.8861409944202792
246,0.008611840867834225,0.012723207975205231,,False,0.9500953911035245,0.9437800015909309,0.9202230820822148,0.9294140425477225,0.9192771084337349,0.9048224243876647,0.8770454473496755,0.8862585777204515
247,0.008591334522637089,0.012714582129707188,,False,0.9500953911035245,0.9438379188902508,0.920653909630939,0.929751505948273,0.9192771084337349,0.9073013117613419,0.8770956407795031,0.8869016645396113
248,0.00857347647676367,0.012706996622454106,,False,0.949994979415604,0.9437500041926599,0.9205630306865457,0.9296670110840455,0.9192771084337349,0.9073123406790395,0.8770943768893503,0.8869159696020029
249,0.008553749852957676,0.012699641513291192,,False,0.9508986846068882,0.9446564141065937,0.9218106539101023,0.9308202442880096,0.9196787148594378,0.9076494404449116,0.8774118974086469,0.8872316519739408
250,0.00853545331236796,0.012695404803006046,,False,0.9506978612310473,0.944551236300031,0.9220461514085565,0.930962768057202,0.9196787148594378,0.9051839179240311,0.8774118974086469,0.8866381398814195
251,0.008518209760185535,0.012683770297602913,,False,0.9508986846068882,0.9447215496360519,0.9222340899408721,0.9311435701239937,0.9200803212851406,0.9080254367914417,0.8778304223004159,0.8876384090586383
252,0.008506937689531043,0.012680282738448017,,False,0.9509990962948087,0.9453806538316627,0.9223298891475868,0.9314136512051507,0.9208835341365462,0.9063230235479214,0.8785279199916922,0.8877414005568448
253,0.008481246719862666,0.012661789846572421,,False,0.9508986846068882,0.944660133036203,0.9218089745427592,0.9308219622599518,0.9196787148594378,0.9076719323394035,0.8774093781108256,0.8872624811705034
254,0.008462949248409868,0.012661372343769333,,False,0.9510995079827292,0.9449079744639857,0.9224178160561508,0.931327126545421,0.9200803212851406,0.9055395683077343,0.8777847534862011,0.8870150946534227
255,0.008446970104283568,0.01265691333409377,,False,0.9509990962948087,0.9447453015138093,0.9219099125484688,0.9309149034343217,0.9204819277108434,0.9083792695807905,0.8781588649714236,0.8879883961457821
256,0.008429523302507753,0.01264963450431131,,False,0.9513003313585702,0.9457098083529822,0.9230250575292016,0.9320125219767667,0.9204819277108434,0.9083891401812895,0.8781601288615764,0.8879637205316174
257,0.00841035854645567,0.012644028007778668,,False,0.9513003313585702,0.9452304846123804,0.9234415844306552,0.9321578551546228,0.9216867469879518,0.9077126926691498,0.8809672288908986,0.8900942946511097
258,0.008393844220699907,0.012639368340879172,,False,0.9511999196706497,0.9451375555069297,0.9233524352020877,0.9320700799087567,0.921285140562249,0.9073690904116839,0.8805918535155232,0.8897263741061008
259,0.008375895847567335,0.012610254109064647,,False,0.9514007430464906,0.9453362082987573,0.923528878295332,0.932251755204022,0.9208835341365462,0.9069886032732691,0.8802177420303008,0.8893690159398387
260,0.00835946200717823,0.012624287557524335,,False,0.9515011547344111,0.9459675037319256,0.9236304310722611,0.9325289397440221,0.9228915662650602,0.9088399925594867,0.8820773773047024,0.8912145647346814
261,0.008341146045123787,0.012604710388136927,,False,0.951701978110252,0.94669472507205,0.9238156334400645,0.9328933963629393,0.9224899598393574,0.9085121006823607,0.8817020019293271,0.8908590986021083
262,0.00832230218721565,0.012590823747021612,,False,0.9520032131740135,0.946979225318361,0.9240845381755002,0.9331603694773042,0.921285140562249,0.9073610638225218,0.8805796674736592,0.8897295736128689
263,0.00830924493334164,0.012601560626233991,,False,0.9518023897981726,0.9467741140065922,0.9239007921177035,0.9329811141171184,0.923293172690763,0.909217772391596,0.882463674831789,0.8916008015996046
264,0.008288469986152139,0.012584297542322688,,False,0.9522040365498544,0.9471559909605899,0.9242768831934032,0.9333570781433403,0.9216867469879518,0.9077079208290022,0.880965965000746,0.8900994706585378
265,0.008274554126212665,0.012573023577386875,,False,0.9522040365498544,0.9471817256906753,0.9242718610064719,0.9333481094410823,0.9224899598393574,0.9084665740570181,0.8816701601283342,0.8908009240555875
266,0.00825699072485779,0.012580035600715259,,False,0.9523044482377748,0.9467559152335853,0.9247878311179362,0.9335951243835905,0.923293172690763,0.909217772391596,0.882463674831789,0.8916008015996046
267,0.00823723371801886,0.012562887101566679,,False,0.9530073300532182,0.9479403644135613,0.9254469399438183,0.9344231248296297,0.921285140562249,0.9051418163231718,0.8806362584395853,0.8891720536635537
268,0.008221582205912115,0.012554033167739771,,False,0.9531077417411387,0.9480468895841069,0.9255349912728025,0.9345051160147045,0.9216867469879518,0.9055079439889848,0.8809277171811704,0.8894749463230441
269,0.0082035138362959,0.012555127081730155,,False,0.9529069183652977,0.9478849074384874,0.9253433848233379,0.9343188867437928,0.921285140562249,0.9051206157818275,0.8805784035835066,0.8891330512820227
270,0.008185931825147978,0.01254294979055625,,False,0.9533085651169796,0.9482379516162524,0.9257192216960102,0.9346939362208011,0.9224899598393574,0.9084653102093028,0.8816637541097516,0.8908021847224202
271,0.008169051885714944,0.012537322461733624,,False,0.9533085651169796,0.9482340475798858,0.9257192216960102,0.9346940413760123,0.9224899598393574,0.9084290755341906,0.8816637541097516,0.8908001743778254
272,0.008151815209670963,0.012526743981264046,,False,0.9533085651169796,0.9482352144124744,0.9257174630016648,0.934694375080575,0.9224899598393574,0.9084474471383346,0.8816841419096922,0.8908162660230974
273,0.008135629841546303,0.012512829567355412,,False,0.9539110352445025,0.9487733541576753,0.9262578740714963,0.9352395281127485,0.9224899598393574,0.9041469711619481,0.8816759401516155,0.8896600115992636
274,0.008118737216079443,0.012511696204639178,,False,0.953810623556582,0.9487456822193471,0.9265880027941247,0.9354718528067222,0.9224899598393574,0.9062433005723326,0.8817272829436014,0.890273925496444
275,0.00810225376327495,0.012506030595143727,,False,0.953810623556582,0.9487358568791561,0.9265770587528088,0.9354609768864504,0.9236947791164659,0.9095784682393059,0.8828134142332837,0.8919590932583351
276,0.008086126159713677,0.012500615047818409,,False,0.9539110352445025,0.9493798646678909,0.9266677617006547,0.935734437789645,0.9240963855421687,0.9099317506256797,0.8831684018087187,0.8923132412552229
277,0.008071221524245041,0.012505799765623575,,False,0.9543126819961844,0.9492560505492081,0.9274730290061304,0.9362430481080063,0.9224899598393574,0.9048910939663837,0.8833907517867688,0.8912121502955199
278,0.008054264317020998,0.01249006755981631,,False,0.9542122703082638,0.9491544976731083,0.9273761409358338,0.9361508004002572,0.923293172690763,0.9037166931689988,0.8841377193495455,0.8914116920768022
279,0.008036584012959817,0.012478140037521448,,False,0.9547143287478662,0.9496811287895068,0.9282641863847529,0.936926848483399,0.9236947791164659,0.9059822008279919,0.8844683348412526,0.8923140807835996
280,0.008021861368743319,0.012471178372476585,,False,0.9551159754995482,0.9511249934527568,0.9282081363312261,0.9373513869046525,0.9236947791164659,0.9073213505985454,0.8827790531344696,0.89133529907234
281,0.008004293490723525,0.012479025736305493,,False,0.9548147404357867,0.9503871873300442,0.9287621876248746,0.9375118815309911,0.9240963855421687,0.9044171189213936,0.8848615702362629,0.892138320318296
282,0.007988632291843777,0.012465937810172897,,False,0.9550155638116277,0.9506352216638416,0.9293643717837019,0.9380143584837136,0.9236947791164659,0.9040957309544623,0.8845065826608279,0.8918012502572163
283,0.007971951660005652,0.012458299520300616,,False,0.9550155638116277,0.9506304431071536,0.929373224639913,0.9380152901006744,0.9244979919678715,0.9047948433942735,0.8852165578116977,0.8925070977992271
284,0.007956324343014555,0.012452888528768481,,False,0.9550155638116277,0.9506842910447103,0.9297883693397136,0.9383272426678884,0.9236947791164659,0.9040472415609513,0.8844810527324577,0.8917671927848314
285,0.007940598317650538,0.012440326268690398,,False,0.95551762225123,0.9516925544130815,0.9302583051893818,0.9389737045627812,0.9244979919678715,0.9047576612305419,0.8852229638302803,0.8924848258603456
286,0.007924652029061525,0.01243848656191358,,False,0.9553167988753891,0.9514935169828972,0.9300694286391317,0.938786743403672,0.9228915662650602,0.9032876349884246,0.8837303019817069,0.8910276890142891
287,0.007908814908516686,0.01243394577079985,,False,0.95551762225123,0.9517200650924045,0.9306822243485153,0.9392776408445229,0.9236947791164659,0.9059816159847589,0.8844722130795296,0.8923138306569278
288,0.00789333205290714,0.012426427146166598,,False,0.95551762225123,0.9516792610349462,0.930255260962929,0.9389699531283596,0.923293172690763,0.9036454666401743,0.8840649017572013,0.8913702439406074
289,0.00787695423391502,0.012422981149353855,,False,0.95551762225123,0.9517278333039805,0.9306796350116332,0.9392765969472828,0.9244979919678715,0.9047904192028499,0.885201312140187,0.8924778942442134
290,0.007861694250649054,0.012415497658456173,,False,0.9556180339391506,0.9518157883032292,0.9307729272963612,0.9393693691463836,0.9248995983935743,0.9051630463073513,0.8855562997156219,0.8928396097052251
291,0.007848007100350255,0.012421411966602102,,False,0.955718445627071,0.951929812630633,0.9308592822129794,0.9394692577573005,0.9244979919678715,0.9047597724952392,0.8851502522834465,0.892450169558296
292,0.007833534082043018,0.012413145895525045,,False,0.955718445627071,0.951949336145954,0.9312779252890773,0.9397702278765104,0.9236947791164659,0.9022581921213424,0.8844785249521522,0.8912345985598612
293,0.007815827787866152,0.012396512234686725,,False,0.9561200923787528,0.9523807738692991,0.9320753834720894,0.9404415110695723,0.9244979919678715,0.9029740005545792,0.8851821882303992,0.8919171757169081
294,0.007800615677074416,0.012388765329979177,,False,0.9561200923787528,0.9523166448474838,0.9316536771571451,0.9401373487290225,0.9257028112449799,0.9040523372755407,0.8862482146553864,0.8930298964587978
295,0.007786170865070731,0.012375816635463775,,False,0.9561200923787528,0.9524417401214662,0.9324956101761092,0.9407540411316988,0.9248995983935743,0.9034039850134374,0.8855550443079533,0.8923140784258783
296,0.00777043107584546,0.012371019330029596,,False,0.9562205040666734,0.9525240986185861,0.9325874171723112,0.940836377428265,0.9253012048192771,0.903735451039648,0.8858991012491928,0.892655621419971
297,0.007755335651217094,0.012376177381191759,,False,0.9564213274425143,0.9526389482805787,0.9323580857839138,0.9407177894816474,0.9244979919678715,0.9029988426804709,0.8851757822118167,0.8919216973995139
298,0.007739203397688609,0.012368215551812384,,False,0.9565217391304348,0.9527367480775347,0.9324509039762796,0.9408154572689548,0.9248995983935743,0.903308216126809,0.8855173198552349,0.8922800119734382
299,0.0077243764830548746,0.012363022881042142,,False,0.9567225625062757,0.9529382170038375,0.9326307452564426,0.94099928351114,0.9240963855421687,0.9025848122397713,0.8847951586625011,0.8915566730382872
300,0.007709351052325809,0.012355340197115056,,False,0.9565217391304348,0.9527491817992575,0.9324487878016353,0.9408174661883871,0.9240963855421687,0.9025848122397713,0.8847951586625011,0.8915566730382872
301,0.007694124563516343,0.012353441739349576,,False,0.9570237975700372,0.9532417821348561,0.9333335702552892,0.9415783742262622,0.9240963855421687,0.9025544851347935,0.8847882207945773,0.8915319671224639
302,0.007679922631756031,0.012348450558213138,,False,0.9571242092579576,0.9533359955597049,0.9334269409368952,0.9416719231608128,0.9244979919678715,0.9029179250234937,0.8851501462379361,0.8919044769819064
303,0.007665499945013078,0.012337082357575526,,False,0.9572246209458781,0.9534303470041523,0.933517643884741,0.9417645715071544,0.9248995983935743,0.9032874405261845,0.8854987277947884,0.8922718837062165
304,0.007650359980029359,0.012325633189795647,,False,0.9566221508183552,0.9528932278804363,0.9329591784894505,0.9412068912597645,0.9253012048192771,0.9037032878405279,0.8858869152073289,0.8926382071999686
305,0.007635487932747172,0.01232299311703124,,False,0.9568229741941962,0.9531170325411717,0.9335668558396785,0.9416940393311221,0.9253012048192771,0.903692254359457,0.8858914398229417,0.8926409043004454
306,0.007619970723829899,0.012312673624395016,,False,0.9571242092579576,0.9538926601197494,0.9334259535006024,0.9418670072013727,0.9248995983935743,0.9032880595536492,0.8855051338133709,0.8922650118915274
307,0.007604695346935444,0.012310261153069232,,False,0.9575258560096396,0.9542896867780262,0.934218650804758,0.9425328129288371,0.9253012048192771,0.9036507379598073,0.885877989890925,0.8926334953694889
308,0.007590603728928702,0.012307316756269431,,False,0.9573250326337985,0.9540674952782666,0.9336126948638144,0.9420496010126195,0.9248995983935743,0.9032880595536492,0.8855051338133709,0.8922650118915274
309,0.007576670084675951,0.012298012309940352,,False,0.9573250326337985,0.9541056463730728,0.9340312001585498,0.9423467788687441,0.9253012048192771,0.901942256579314,0.8858792537810777,0.8920953184537687
310,0.007561731844554271,0.012286732434869246,,False,0.9572246209458781,0.954021812792567,0.93393853875994,0.942255768106445,0.9248995983935743,0.9016116936332372,0.8855038784057024,0.8917338922464315
311,0.007546636159218388,0.012290849321178842,,False,0.9578270910734009,0.9545447899624266,0.93449860605582,0.9428049634439333,0.9257028112449799,0.9040026641543615,0.8862533652663003,0.8930037051694106
312,0.007533587659741756,0.012271147447085547,,False,0.95762626769756,0.954959205252562,0.9347328479308108,0.9431149324874093,0.9257028112449799,0.9040642943447145,0.8862411792244365,0.8930039166434293
313,0.0075206019410176605,0.012273314582543576,,False,0.9581283261371624,0.9554300145648228,0.9351816944427109,0.943579492993046,0.9269076305220884,0.9051558460538581,0.8873635136801042,0.8941323093685976
314,0.007504079264813309,0.0122622473054709,,False,0.9580279144492418,0.9553288115179964,0.9350992364953691,0.9434861528776912,0.9257028112449799,0.9023201859430119,0.8862411792244365,0.8924645162591448
315,0.007489654712438494,0.012267391182273078,,False,0.9580279144492418,0.9553136186053393,0.9350993148922471,0.9434795459438461,0.9253012048192771,0.901942256579314,0.8858792537810777,0.8920953184537687
316,0.0074763998292840346,0.01226504022186205,,False,0.9580279144492418,0.9547738136038019,0.9351016983239376,0.943293574185676,0.9261044176706827,0.9043754609309903,0.886627476751523,0.8933828914623023
317,0.00746281899969554,0.012252928459075094,,False,0.9578270910734009,0.9551551876749595,0.9349091535496158,0.9432947507813283,0.9257028112449799,0.9040335191631248,0.8862411792244365,0.8930029595925661
318,0.007447030989320881,0.012246475271918134,,False,0.9582287378250829,0.9554941615172317,0.9352851472160442,0.9436611425222886,0.9257028112449799,0.9040097905946729,0.8862411792244365,0.8929935996069478
319,0.007434262568482433,0.01224314408567783,,False,0.9582287378250829,0.9554851296990167,0.9352786939064226,0.9436544784366426,0.9265060240963855,0.9065480810711026,0.8869894021948815,0.8942961285808764
320,0.007419755138637556,0.012233296994178503,,False,0.9584295612009238,0.9556654213349505,0.9354697833008621,0.9438406334852516,0.9261044176706827,0.9061785680076118,0.8866152907096589,0.8939174625190175
321,0.007407266065093141,0.01223659731725556,,False,0.9583291495130033,0.9555682917480652,0.9353828369503583,0.9437531876377281,0.9265060240963855,0.9065480810711026,0.8869894021948815,0.8942961285808764
322,0.007391680979350585,0.012231512154053832,,False,0.9588312079526057,0.9560361330115852,0.9358318399490914,0.944207722433243,0.9261044176706827,0.9026900285297188,0.8866152907096589,0.8928392762013875
323,0.007378747558550145,0.012222416759294346,,False,0.9588312079526057,0.956026342534267,0.935829440402502,0.944200125193644,0.9261044176706827,0.9043795421938979,0.8866152907096589,0.8933729668135862
324,0.007366287661807369,0.012214954801348599,,False,0.9587307962646852,0.9559467155839516,0.9357441843155914,0.9441228829708087,0.9261044176706827,0.9026921762502391,0.8866152907096589,0.8928444661355779
325,0.007350982407195249,0.012219351993118677,,False,0.9588312079526057,0.9560361817885243,0.9358312774937253,0.9442044294485262,0.9261044176706827,0.9043773944733776,0.8866152907096589,0.893367776879396
326,0.007339002187296231,0.012201212399919312,,False,0.9587307962646852,0.9559428093006068,0.9357403393552457,0.9441114923743302,0.9257028112449799,0.9040499579511105,0.8862411792244365,0.8930019756790788
327,0.007325913190059837,0.012219265904001221,,False,0.9590320313284466,0.9562158274734531,0.9360138767309013,0.9443861082261407,0.9253012048192771,0.9036610770036102,0.8858683231468825,0.8926182485086311
328,0.007310175788894447,0.012206596273334527,,False,0.9591324430163671,0.956301619490356,0.9361112327447874,0.9444818004145397,0.9261044176706827,0.9043773944733776,0.8866152907096589,0.893367776879396
329,0.007296014939089409,0.012191178575101264,,False,0.9591324430163671,0.9557693579561689,0.9361111543479095,0.9442920270602,0.9261044176706827,0.9044000564164071,0.8866152907096589,0.8933771999419879
330,0.007282819031128936,0.012186365752929869,,False,0.9591324430163671,0.9562984685663208,0.9361084866141494,0.9444737873135214,0.9257028112449799,0.9040478102305902,0.8862411792244365,0.8929967857448884
331,0.007269989992633093,0.012194020274641457,,False,0.9593332663922081,0.9564776024782885,0.9362958588634793,0.9446604603757787,0.9257028112449799,0.9040076428741526,0.8862411792244365,0.8929884096727575
332,0.007256392752755072,0.012181166390562617,,False,0.9594336780801286,0.9566113827481867,0.9368104809704589,0.9450534837041492,0.9257028112449799,0.9040076428741526,0.8862411792244365,0.8929884096727575
333,0.007243422183635633,0.012167726241499833,,False,0.9594336780801286,0.9566156262158579,0.9368104809704589,0.9450550293620642,0.9257028112449799,0.9040478102305902,0.8862411792244365,0.8929967857448884
334,0.007229972750715331,0.012162161571797368,,False,0.9596345014559695,0.9567977644383474,0.9369898599846344,0.9452360418703104,0.9257028112449799,0.9040478102305902,0.8862411792244365,0.8929967857448884
335,0.007217283484766206,0.01216803342329799,,False,0.9599357365197309,0.9565360110774053,0.9372699720294523,0.9453254003603576,0.9269076305220884,0.9051041737041616,0.887364777570257,0.8941171099051726
336,0.007203707255418764,0.01216761177939536,,False,0.9600361482076514,0.9566285261448976,0.9373539534805057,0.9454121978876121,0.9261044176706827,0.9043718070629426,0.8866178100074804,0.8933692632617048
337,0.007191495733178027,0.012146351600574267,,False,0.9598353248318104,0.9564462260954816,0.937171197449574,0.9452297942218669,0.9257028112449799,0.9040288192801079,0.8862411792244365,0.8929961107325788
338,0.007177469749200994,0.012155600890967911,,False,0.9601365598955719,0.9567174863693817,0.9374565565989084,0.9455114794154065,0.9265060240963855,0.9047324219326686,0.8869906660850344,0.8937378611735193
339,0.007165370830251388,0.012153407389637683,,False,0.9597349131438899,0.9563530938848833,0.9370825997801222,0.945138783754531,0.9261044176706827,0.9044028376898812,0.8866165545998119,0.8933668700390116
340,0.007151688393872719,0.01213840669619264,,False,0.9602369715834923,0.9568095744599301,0.9375399855607216,0.9455992363778171,0.9265060240963855,0.9047324219326686,0.8869906660850344,0.8937378611735193
341,0.0071384431353429065,0.012137203842862947,,False,0.9603373832714128,0.9574348737588065,0.9376391558360844,0.9458832432602393,0.9265060240963855,0.9047324219326686,0.8869906660850344,0.8937378611735193
342,0.007126953211389308,0.012135276912423448,,False,0.9601365598955719,0.957792780528593,0.93745194038051,0.9458870963612617,0.9261044176706827,0.9043718070629426,0.8866178100074804,0.8933692632617048
343,0.007113387438189205,0.01212174452312261,,False,0.9606386183351742,0.9582575354919636,0.9379144948687481,0.9463545507445933,0.9261044176706827,0.9044411754602208,0.886611412471382,0.8933620661382774
344,0.00709990568998437,0.012121725861126755,,False,0.9605382066472538,0.9576295876067231,0.9378165079687437,0.9460701278011752,0.9273092369477912,0.9055117658713283,0.8877401529456325,0.8944952794309127
345,0.0070892617363264784,0.012112898132536113,,False,0.9603373832714128,0.9574376600278671,0.9376455307488281,0.9458872900138885,0.9261044176706827,0.9044028376898812,0.8866165545998119,0.8933668700390116
346,0.007077795160254676,0.012101650876676813,,False,0.9601365598955719,0.957258914354641,0.9374489260627011,0.9456957203040219,0.9261044176706827,0.9044028376898812,0.8866165545998119,0.8933668700390116
347,0.007063512760225628,0.012101499111187323,,False,0.9606386183351742,0.9577154881057162,0.9379144948687481,0.9461638927929129,0.9265060240963855,0.9047377735110003,0.8869842600664518,0.8937404927485074
348,0.007049899682560852,0.012108206731459441,,False,0.9607390300230947,0.9578114748946542,0.9380102551308176,0.9462574879429302,0.9265060240963855,0.9047510258721955,0.886991921492703,0.8937459110959798
349,0.007038382411760241,0.012102882887294908,,False,0.9609398533989356,0.9580256785635236,0.938615580185643,0.9467346789506347,0.9269076305220884,0.9034316634891755,0.8873718214836912,0.8935892519119357
350,0.007025430174638701,0.012100052726945008,,False,0.9608394417110152,0.9579550470468325,0.938522287900915,0.9466520093777794,0.9253012048192771,0.9036728223780103,0.8858631810184527,0.892621812410848
351,0.0070141164716968985,0.012099045162012736,,False,0.9609398533989356,0.9580412607587169,0.9386174172768662,0.946741515348746,0.9261044176706827,0.9044183873119803,0.8866190738976331,0.8933689800177164
352,0.0070005167624546385,0.012085227935314642,,False,0.9610402650868561,0.9586550831098692,0.9387062831334888,0.9470174486576189,0.9261044176706827,0.9044075720815776,0.8866114039888978,0.8933794081453716
353,0.0069906770415359325,0.012086276264660235,,False,0.9610402650868561,0.9586554555011304,0.9387049976013814,0.9470187943644112,0.9261044176706827,0.9026929205477013,0.8866235900307617,0.8928500386832822
354,0.006977069453319102,0.012076923595606236,,False,0.9613415001506175,0.9589815344058616,0.9394041482273833,0.9475937628246809,0.9244979919678715,0.9012387677437582,0.8851258801997185,0.8913501463308054
355,0.006962755972893403,0.012071821664049485,,False,0.9611406767747765,0.9588001411423198,0.9392183159035861,0.9474136486147167,0.9257028112449799,0.9023485284026029,0.886249478545539,0.8924784660741027
356,0.006951002875876688,0.012067837442228863,,False,0.9612410884626971,0.9588994969944868,0.9393090188514319,0.947507835623029,0.9261044176706827,0.9044075720815776,0.8866114039888978,0.8933794081453716
357,0.006939099959192658,0.012067248384211396,,False,0.9612410884626971,0.9588838813504282,0.9393090188514319,0.9474993208365734,0.9261044176706827,0.9027017189631259,0.8866248539209145,0.8928390773126164
358,0.006927280006534838,0.012048333313494336,,False,0.961441911838538,0.9590735908478495,0.939492824293713,0.9476843489225176,0.9257028112449799,0.9023573022360818,0.8862507424356919,0.8924704036898038
359,0.006914892534994857,0.012053712359021869,,False,0.9613415001506175,0.9589732318142852,0.9394028626952756,0.9475918554081394,0.9248995983935743,0.9016051400826998,0.8854999916849411,0.8917290059099172
360,0.006904762972213213,0.01204874147236699,,False,0.961441911838538,0.959078487394192,0.9394915387616053,0.9476883783522349,0.9257028112449799,0.90232103295638,0.8862482146553863,0.8924762392849453
361,0.0068912928019649,0.012043742983080568,,False,0.961441911838538,0.9590749356009266,0.9394915387616053,0.947686892500293,0.9253012048192771,0.9019735174473256,0.8858741031701637,0.892107742065329
362,0.006879368981930932,0.012040683633410008,,False,0.961441911838538,0.959070510672228,0.9394915387616053,0.9476845660791613,0.9253012048192771,0.9019735174473256,0.8858741031701637,0.892107742065329
363,0.006867422309264309,0.012034187254777472,,False,0.9615423235264585,0.9592029277390665,0.9400035715317026,0.9480723275685575,0.9253012048192771,0.9019735174473256,0.8858741031701637,0.892107742065329
364,0.006857765938509944,0.012032010274758262,,False,0.9615423235264585,0.9592082151051099,0.9400035715317026,0.9480744644558706,0.9253012048192771,0.9019735174473256,0.8858741031701637,0.892107742065329
365,0.006844007085326912,0.012018877859646924,,False,0.961441911838538,0.9591120224467586,0.939909727687859,0.947977412347619,0.9265060240963855,0.9031049961513147,0.8870002292962897,0.893219769542823
366,0.006831677576096743,0.012024162821330259,,False,0.9615423235264585,0.9591966515167345,0.9400035715317026,0.9480688943981463,0.9261044176706827,0.9035260200651692,0.8883070917142635,0.8943168664290793
367,0.00682117866548162,0.01201612368084352,,False,0.9616427352143789,0.95929356556265,0.9400922475980322,0.9481618441204209,0.9269076305220884,0.904282487813881,0.8890578424650142,0.8950581698977997
368,0.006809570107824847,0.012012879605667744,,False,0.9615423235264585,0.9592056364504489,0.9400035715317026,0.9480725548747202,0.9261044176706827,0.9035260200651692,0.8883070917142635,0.8943168664290793
369,0.006799747625066556,0.012021723478707088,,False,0.9616427352143789,0.9593194563591505,0.9405156043017998,0.9484493461685521,0.9265060240963855,0.9038754684533126,0.8886812031994861,0.8946858425636264
370,0.006786490145545614,0.012006270551547427,,False,0.9615423235264585,0.9591963688877618,0.9400035715317026,0.9480669827288123,0.9261044176706827,0.9035260200651692,0.8883070917142635,0.8943168664290793
371,0.0067758831531053955,0.012014589550619988,,False,0.9618435585902199,0.9595679981861269,0.9415396698419946,0.9492095723626081,0.9269076305220884,0.904282487813881,0.8890578424650142,0.8950581698977997
372,0.00676335225327071,0.011999822251063524,,False,0.9616427352143789,0.9593256937739351,0.9405156043017998,0.9484520323390326,0.9269076305220884,0.9059481467946525,0.8890578424650142,0.8955971184828484
373,0.0067527374527829405,0.011994826030911152,,False,0.9616427352143789,0.9592894109068271,0.9400987009076539,0.948161075932221,0.9257028112449799,0.9048213604306565,0.8879329802290408,0.8944771475913016
374,0.006741730011361329,0.011992053008312843,,False,0.9617431469022995,0.9593756908903153,0.9401902344980366,0.9482513139943703,0.9265060240963855,0.9038964272183301,0.8886812031994861,0.8946954856920399
375,0.00673015587896807,0.011978687391620887,,False,0.9620443819660609,0.9596447454722239,0.9404621868473622,0.948519326899524,0.9265060240963855,0.9055247677984215,0.8886355428677555,0.8951797102647142
376,0.006718996202047099,0.011981427001149016,,False,0.9620443819660609,0.9596867264389588,0.9408786954761482,0.9488134859595133,0.9265060240963855,0.9055601449484431,0.8886812031994861,0.8952345030096739
377,0.006706188868073473,0.01197757259438479,,False,0.9621447936539813,0.9598435165802722,0.9418111490290824,0.9494807498704652,0.9261044176706827,0.9051897377952821,0.8883070917142635,0.8948558837467134
378,0.006695267787951547,0.01197084144492334,,False,0.9622452053419018,0.9599323176340131,0.9419049928729262,0.9495718174132849,0.9265060240963855,0.9038744126901386,0.8886380621655766,0.8946422887902487
379,0.006684342364263081,0.011970311965453926,,False,0.9623456170298222,0.9600340060661396,0.9419978119954163,0.949670914295069,0.9269076305220884,0.9058997637399337,0.8890109097606467,0.8955679877551422
380,0.0066729545721645874,0.011961153029383307,,False,0.9622452053419018,0.9599059614848162,0.9414857008284412,0.9492900024829124,0.9269076305220884,0.9059074812433638,0.8890121736507992,0.8955600073139656
381,0.006663112674599607,0.01195660258959468,,False,0.9621447936539813,0.9598240597917562,0.9413815428992751,0.9491944183789135,0.9265060240963855,0.9055293565867727,0.888636798275424,0.8951893684921816
382,0.006651248348029143,0.011954301076237638,,False,0.9625464404056632,0.9601818955960432,0.9417698034241876,0.9495698054092531,0.9265060240963855,0.9055391038787381,0.8886380621655766,0.8951812711585538
383,0.006641209332130204,0.011959254601089011,,False,0.9625464404056632,0.9601733270847367,0.941752484470128,0.9495566195188019,0.9265060240963855,0.9055601449484431,0.8886812031994861,0.8952345030096739
384,0.006629009406276965,0.011945174682649355,,False,0.9624460287177428,0.9601208353680646,0.9420928629744897,0.9497637344239378,0.9261044176706827,0.9051897377952821,0.8883070917142635,0.8948558837467134
385,0.0066188319441347005,0.01193538263507811,,False,0.9627472637815042,0.9603974501147482,0.942364262834575,0.9500354450478543,0.9261044176706827,0.9051609792221469,0.8882626867902013,0.8948106323367698
386,0.0066080748214499005,0.01194561210718736,,False,0.9627472637815042,0.9603777513641787,0.9419430114092013,0.9497530187375399,0.9257028112449799,0.9048703468177504,0.8879329802290408,0.8944954439428857
387,0.006596457681678257,0.011940129127602315,,False,0.9628476754694246,0.9604962993493295,0.9424532070880753,0.9501300699930137,0.9265060240963855,0.9055637750196966,0.8886812031994861,0.8952404199882855
388,0.006585586770017102,0.011938660670658692,,False,0.9629480871573451,0.9605808438699631,0.9425465777696813,0.9502201562475242,0.9269076305220884,0.9058997637399337,0.8890109097606467,0.8955679877551422
389,0.006574999015021171,0.011937726598515675,,False,0.9630484988452656,0.9607106542228241,0.9430586105397786,0.9505999144236961,0.9269076305220884,0.9058997637399337,0.8890109097606467,0.8955679877551422
390,0.006565257378614864,0.0119325044522896,,False,0.963349733909027,0.9610141889611437,0.9437573062762099,0.9511603209761569,0.9269076305220884,0.9059033938111871,0.8890109097606467,0.8955739047337536
391,0.006553134398815088,0.011925734796624567,,False,0.9630484988452656,0.9607388905001767,0.9434772726282699,0.9508808344658848,0.9273092369477912,0.9062778883965247,0.8893862851360219,0.8959386265769262
392,0.006542255268430278,0.011917700872760784,,False,0.963349733909027,0.9609757249716263,0.9433284243146292,0.950864243962367,0.9265060240963855,0.9055293565867727,0.888636798275424,0.8951893684921816
393,0.006533423996232679,0.011914617130605966,,False,0.9634501455969475,0.9605742461863849,0.9438433146087795,0.9510460357670527,0.9269076305220884,0.9059033938111871,0.8890109097606467,0.8955739047337536
394,0.006521077310504781,0.011907602762415658,,False,0.9635505572848679,0.9611924984508037,0.9439319906751091,0.9513350394404019,0.9273092369477912,0.9062778883965247,0.8893862851360219,0.8959386265769262
395,0.00651083907155218,0.011901047541960951,,False,0.9634501455969475,0.961103032661128,0.9438404570847264,0.951242320122448,0.9261044176706827,0.9051810073109482,0.8882626867902013,0.8948186855308131
396,0.006500952120101536,0.011907230555612776,,False,0.9634501455969475,0.9610987590481843,0.9438477410368848,0.9512460655557143,0.9273092369477912,0.9063038909359301,0.8893862851360219,0.895953191749518
397,0.0064897206846323136,0.011898503854080145,,False,0.9634501455969475,0.961103032661128,0.9438404570847264,0.951242320122448,0.9265060240963855,0.9055415412129819,0.8886380621655766,0.8951765736092118
398,0.006479618017600792,0.011906970530210828,,False,0.9635505572848679,0.9611943840282885,0.9439338277663324,0.9513350180612835,0.9273092369477912,0.9062839558020221,0.8893862851360219,0.8959398460061956
399,0.00647080941765726,0.011897095824243335,,False,0.9635505572848679,0.9611968437162898,0.9439343009285702,0.9513349611253675,0.9265060240963855,0.9055419998176073,0.8886380621655767,0.8951839847679387
400,0.006459963622369233,0.011888745722564539,,False,0.9635505572848679,0.9611927212379453,0.9439337493694544,0.9513346620398667,0.9265060240963855,0.9055415412129819,0.8886380621655766,0.8951765736092118
401,0.006447823904601798,0.011885721509952292,,False,0.9637513806607089,0.9613660999423741,0.9441178229989062,0.9515146254854694,0.9273092369477912,0.9063027796806558,0.8893862851360219,0.8959425673149334
402,0.006437946013258529,0.011889315680131138,,False,0.9637513806607089,0.9613775233667577,0.944118374558022,0.9515175212341224,0.9273092369477912,0.9062807843353939,0.889386285136022,0.8959413401863111
403,0.006427786736804495,0.011875501746805444,,False,0.9640526157244703,0.9616737282323862,0.9448175434566912,0.9520742866979509,0.927710843373494,0.9066320849307125,0.8897616605113973,0.8963028170807985
404,0.0064181542396616895,0.011877418884330877,,False,0.9639522040365499,0.9610776753491754,0.9447242511719632,0.951788344386975,0.9273092369477912,0.9062841317274388,0.8893875490261747,0.895932836105187
405,0.006407225755496558,0.011869963583970657,,False,0.9639522040365499,0.9610301496926295,0.944305510686594,0.951503034031851,0.927710843373494,0.9066545388805998,0.8897616605113973,0.8963114553681477
406,0.006397270256630884,0.01186193770626848,,False,0.9639522040365499,0.9610664028886546,0.9447232264506096,0.9517861270656197,0.927710843373494,0.9066545388805998,0.8897616605113973,0.8963114553681477
407,0.0063872000541203506,0.01187126993298854,,False,0.9641530274123908,0.961220105891281,0.9444922520498059,0.9516923614763277,0.9281124497991968,0.9070306028750755,0.8901357719966198,0.8966958556512539
408,0.006377603878321531,0.01186650055729661,,False,0.9642534391003112,0.9613578578351272,0.9450078022085938,0.9520693367784805,0.9273092369477912,0.9062841317274388,0.8893875490261747,0.895932836105187
409,0.006368000992628251,0.011869253349054787,,False,0.9642534391003112,0.9613643258066094,0.9450061219111264,0.9520724233320084,0.927710843373494,0.9066532463109517,0.8897603966212446,0.8963198490838897
410,0.006356664326390883,0.011858522446681176,,False,0.9642534391003112,0.9613594517693252,0.9450060435142486,0.9520703824238717,0.9273092369477912,0.9062807843353939,0.889386285136022,0.8959413401863111
411,0.0063484584481957275,0.011860541673248074,,False,0.9646550858519932,0.9617321542900741,0.9453749100222741,0.9524421851714843,0.927710843373494,0.9066532463109517,0.8897603966212446,0.8963198490838897
412,0.006338937631688043,0.011847223918793276,,False,0.9648559092278342,0.9619326152291825,0.9459784763827541,0.95290136178634,0.9281124497991968,0.907750495823518,0.8918314597219855,0.8981379661880045
413,0.006326734449474564,0.011846296809111817,,False,0.9645546741640727,0.9616559338660183,0.9457048176475578,0.9526239325793266,0.927710843373494,0.9074019481214614,0.8914573482367629,0.8977741138332134
414,0.0063215499854652945,0.011837108658096875,,False,0.9643538507882318,0.9619871481001656,0.9455198349786911,0.9526355031792557,0.9273092369477912,0.907026672200156,0.8910832367515403,0.8973889509427715
415,0.006308173575824861,0.01183009366835564,,False,0.9646550858519932,0.9617465595797463,0.9457934937138874,0.952714026947134,0.927710843373494,0.9073970793533169,0.8914573482367629,0.897767570205732
416,0.006297596362981327,0.011825469410268382,,False,0.9647554975399136,0.9618389012819559,0.9458868643954934,0.9528079206879431,0.9281124497991968,0.9077695413288746,0.8918314597219855,0.8981460791033106
417,0.006287559005066427,0.01182864540915771,,False,0.9648559092278342,0.9619471843381923,0.9459819937714448,0.9529066259804578,0.9281124497991968,0.9077695413288746,0.8918314597219855,0.8981460791033106
418,0.006278690124257971,0.011821278687422446,,False,0.9648559092278342,0.9624400668903077,0.945975808648994,0.9530936248504154,0.9281124497991968,0.9077754725917802,0.8918314597219855,0.8981525645981517
419,0.006271020355349364,0.01181934274324802,,False,0.9647554975399136,0.9618404706517172,0.9458886230898388,0.9528080923755771,0.9273092369477912,0.907026672200156,0.8910832367515403,0.8973889509427715
420,0.006259856518781571,0.011814692798377727,,False,0.9648559092278342,0.9624520874266113,0.9459793260376846,0.9530967020204765,0.9269076305220884,0.9058938424560705,0.8890243596926634,0.8955783517186844
421,0.006248819057427769,0.01181493174760904,,False,0.9648559092278342,0.9619411947830458,0.9459819937714448,0.9529044941072998,0.9281124497991968,0.9077767012930646,0.8918314597219855,0.8981625472622353
422,0.0062399127989131555,0.011821097327900919,,False,0.9649563209157546,0.9620496200838249,0.9460753644530507,0.9530028593104899,0.9281124497991968,0.9077767012930646,0.8918314597219855,0.8981625472622353
423,0.00623017907629583,0.01180548443618318,,False,0.965257555979516,0.9628171073441677,0.9463479573550764,0.9534686001120188,0.9281124497991968,0.9077848483819504,0.8918302043143169,0.8981666656396496
424,0.006221768228167179,0.011815957931505066,,False,0.9655587910432775,0.9630960893781229,0.9466327640151706,0.9537504759912393,0.9285140562248996,0.9081583728522694,0.8922043157995395,0.8985451164045881
425,0.00621064365935972,0.011806835355019816,,False,0.965257555979516,0.9628189595238452,0.9463479573550764,0.9534690573135786,0.9285140562248996,0.9081583728522694,0.8922043157995395,0.8985451164045881
426,0.0062012197621905815,0.011801463850495691,,False,0.965257555979516,0.9628171073441677,0.9463479573550764,0.9534686001120188,0.9281124497991968,0.9077848483819504,0.8918302043143169,0.8981666656396496
427,0.006192490595335617,0.011792394975861738,,False,0.965257555979516,0.9628111265849305,0.9463479573550764,0.9534647587609929,0.9285140562248996,0.9081583728522694,0.8922043157995395,0.8985451164045881
428,0.0061831167504481106,0.011786918448799751,,False,0.9653579676674365,0.9629103115514158,0.9464413280366823,0.9535608263650955,0.9281124497991968,0.9077848483819504,0.8918302043143169,0.8981666656396496
429,0.006173094695641308,0.011792764368424899,,False,0.9653579676674365,0.9629197328203881,0.9464477813463039,0.953566339250609,0.9285140562248996,0.9081738563917757,0.8921921297576757,0.898539596625905
430,0.006163868171106783,0.01178230073539434,,False,0.9654583793553569,0.9630006648020283,0.9465364574126336,0.9536533978232994,0.9285140562248996,0.9081738563917757,0.8921921297576757,0.898539596625905
431,0.0061548022233167965,0.01178892705696359,,False,0.9656592027311979,0.9632323841744534,0.9471371662490606,0.9541204642964097,0.9289156626506024,0.9085243130575864,0.892567505133051,0.898894116617634
432,0.0061454555676585575,0.011781797438611814,,False,0.9655587910432775,0.9631081327102997,0.946635075198756,0.9537537147349499,0.9293172690763052,0.9089112504203006,0.8929403527281207,0.8992907958649367
433,0.006136685234666775,0.011777564714405567,,False,0.9657596144191184,0.963297756289189,0.9468106686370701,0.9539362518492219,0.9289156626506024,0.9085473808620947,0.8925662412428983,0.8989180473908436
434,0.0061271745566814015,0.011775025723244154,,False,0.9657596144191184,0.9632959636384358,0.9468171219466917,0.9539396782424543,0.9293172690763052,0.9088978375279052,0.8929416166182738,0.8992725673825723
435,0.006118170100379925,0.011776745038229446,,False,0.9657596144191184,0.9632949526870944,0.9468171219466917,0.9539373669274404,0.9285140562248996,0.9081676249806263,0.8921908658675228,0.8985461157415886
436,0.006109703349372811,0.011773575285801762,,False,0.9660608494828798,0.9635746015577116,0.9470878447609571,0.9542131616404189,0.9293172690763052,0.9089116335426591,0.8929416166182738,0.8992786989058046
437,0.006099648224062266,0.011766230869686214,,False,0.9660608494828798,0.9636413886184061,0.9479298635532162,0.9547731007094931,0.9293172690763052,0.9089116335426591,0.8929416166182738,0.8992786989058046
438,0.006092079991134112,0.011769372309368906,,False,0.9659604377949593,0.9634825821196453,0.9469944740793511,0.9541201002659929,0.9285140562248996,0.90818142099538,0.8921908658675228,0.8985522472648206
439,0.006082953368600984,0.011771226854410084,,False,0.9660608494828798,0.963638045644987,0.9479289545138013,0.9547687591896632,0.9289156626506024,0.9085243130575864,0.892567505133051,0.898894116617634
440,0.0060755234086739066,0.011762951620852316,,False,0.9660608494828798,0.9636342481012699,0.9479307132081467,0.9547668455761104,0.9289156626506024,0.9085243130575864,0.892567505133051,0.898894116617634
441,0.006064750416285231,0.011755808153809489,,False,0.9661612611708003,0.9637189393040284,0.9480267516235128,0.9548596577582216,0.929718875502008,0.9092711480727923,0.8933144726958275,0.8996500868151112
442,0.006054896154409699,0.011752752985854875,,False,0.9662616728587208,0.9638266445157575,0.9481156958770133,0.9549578338272292,0.9293172690763052,0.90888840767655,0.8929416166182738,0.8992675570121078
443,0.006047890792542999,0.011756022609438933,,False,0.9662616728587208,0.963829194597158,0.9481093209642696,0.9549562428732415,0.9289156626506024,0.9085432231434183,0.8925649773527454,0.898924464029588
444,0.006037676738775409,0.011745963788889828,,False,0.9663620845466412,0.963908003046559,0.9482026132489977,0.9550439432605656,0.9293172690763052,0.9088938530477362,0.8929403527281207,0.8992796242619414
445,0.006028574452365232,0.011742155476980431,,False,0.9664624962345617,0.9640126547956105,0.9482977426249489,0.9551430650197221,0.9289156626506024,0.9085432231434183,0.8925649773527454,0.898924464029588
446,0.00601979871143127,0.011736666432051712,,False,0.9664624962345617,0.9640037669277783,0.9482977426249489,0.9551385057520557,0.9293172690763052,0.9088978375279052,0.8929416166182738,0.8992725673825723
447,0.00601157790575537,0.01174206413794551,,False,0.9663620845466412,0.9639100704907142,0.9482026132489977,0.9550444371667339,0.929718875502008,0.9092734356906974,0.8933157281034961,0.8996509156705721
448,0.006002978816864418,0.011743343590145653,,False,0.9666633196104026,0.9641846063194257,0.948487151721921,0.9553244772717961,0.9301204819277108,0.9096304422607009,0.8936885841810501,0.9000183350099538
449,0.005993029297189193,0.011732288630169797,,False,0.9665629079224822,0.9640938164431733,0.9483928720009003,0.9552310358558382,0.9293172690763052,0.9088978375279052,0.8929416166182738,0.8992725673825723
450,0.005985128640046591,0.011731375564848486,,False,0.9665629079224822,0.9640917489990181,0.9483928720009003,0.9552305419496699,0.9293172690763052,0.9088938530477362,0.8929403527281207,0.8992796242619414
451,0.005975985358448179,0.011728766949670394,,False,0.9666633196104026,0.9641896660855078,0.9484862426825063,0.9553251388187507,0.9293172690763052,0.9088938530477362,0.8929403527281207,0.8992796242619414
452,0.005968212298788469,0.011731559446504836,,False,0.9665629079224822,0.9640973151176642,0.9483911917034329,0.9552311665175244,0.929718875502008,0.9092734356906974,0.8933157281034961,0.8996509156705721
453,0.00596008010444507,0.011725421777761928,,False,0.9667637312983232,0.9642814725315306,0.9485778546697669,0.9554178522560465,0.929718875502008,0.9092734356906974,0.8933157281034961,0.8996509156705721
454,0.005950348879739944,0.011718064831993152,,False,0.9666633196104026,0.9641942617306475,0.9484880797737295,0.9553268540439771,0.9301204819277108,0.911339076317828,0.893689848071203,0.9005727126397642
455,0.005942913240137193,0.011710308086498224,,False,0.9667637312983232,0.9642834275559703,0.9485813720584575,0.9554191623790884,0.9301204819277108,0.9096373970537002,0.8936873287733818,0.9000218262003133
456,0.005933118293704172,0.011714946235087774,,False,0.9666633196104026,0.9641942617306475,0.9484880797737295,0.9553268540439771,0.9301204819277108,0.911339076317828,0.893689848071203,0.9005727126397642
457,0.005925637463928089,0.011710121776058497,,False,0.9668641429862436,0.9644076927749554,0.9490934832254327,0.955787847178442,0.9301204819277108,0.9113396701733326,0.8936873287733818,0.9005826605788353
458,0.005917417845539071,0.011726203847683678,,False,0.9670649663620845,0.9645600728599523,0.9488615625001534,0.95569820694872,0.9301204819277108,0.9096304422607009,0.8936885841810501,0.9000183350099538
459,0.00590782618615612,0.011712854683981843,,False,0.9666633196104026,0.9641942617306475,0.9484880797737295,0.9553268540439771,0.9301204819277108,0.9096304422607009,0.8936885841810501,0.9000183350099538
460,0.005899247575932614,0.011700944034768916,,False,0.9669645546741641,0.9645000461992385,0.949188612601384,0.9558809055715359,0.9305220883534137,0.9117204998265868,0.8940627041487572,0.9009545807462646
461,0.005890831227315578,0.011704969390264358,,False,0.9670649663620845,0.9645883520296371,0.9492802245886447,0.9559721913036117,0.9309236947791165,0.9120960979893789,0.8944368156339796,0.9013329290342642
462,0.005884595335887319,0.011705582027411126,,False,0.967165378050005,0.9646820411576513,0.9493753539645959,0.9560662155829147,0.9301204819277108,0.911339076317828,0.893689848071203,0.9005727126397642
463,0.005874503074171523,0.011695341887045085,,False,0.9670649663620845,0.9645905353347654,0.94928198328299,0.9559733047452253,0.9309236947791165,0.9120960979893789,0.8944368156339796,0.9013329290342642
464,0.005865842002642694,0.011694534615726466,,False,0.9669645546741641,0.9645000461992385,0.949188612601384,0.9558809055715359,0.9305220883534137,0.9117204998265868,0.8940627041487572,0.9009545807462646
465,0.005858553559404614,0.0117008306650798,,False,0.9670649663620845,0.9645935028807734,0.9492793155492296,0.9559724415817805,0.9301204819277108,0.911339076317828,0.893689848071203,0.9005727126397642
466,0.005850808219988664,0.011699216111208504,,False,0.9672657897379255,0.9647767107581287,0.9494669659518566,0.9561602054818918,0.9305220883534137,0.9117146744806202,0.8940639595564256,0.9009510609277638
467,0.0058414066133903875,0.011697729565011025,,False,0.967165378050005,0.9646820411576513,0.9493753539645959,0.9560662155829147,0.9301204819277108,0.911339076317828,0.893689848071203,0.9005727126397642
468,0.005832942533065935,0.011692791156140766,,False,0.967366201425846,0.9648709914214185,0.9495620953278079,0.9562547536660192,0.9305220883534137,0.9117146744806202,0.8940639595564256,0.9009510609277638
469,0.00582595721661443,0.011686431007830737,,False,0.9670649663620845,0.9645940372124101,0.9492793155492296,0.955972889211619,0.9305220883534137,0.9117204998265868,0.8940627041487572,0.9009545807462646
470,0.005816907944761099,0.01168853772091989,,False,0.967366201425846,0.9648709914214185,0.9495620953278079,0.9562547536660192,0.9305220883534137,0.9117146744806202,0.8940639595564256,0.9009510609277638
471,0.005809345274579378,0.01168589732884529,,False,0.967366201425846,0.9648709914214185,0.9495620953278079,0.9562547536660192,0.9305220883534137,0.9117146744806202,0.8940639595564256,0.9009510609277638
472,0.005800955707930143,0.011680945164616447,,False,0.9672657897379255,0.9647828691358598,0.9494660569124416,0.9561615948653563,0.9301204819277108,0.911339076317828,0.893689848071203,0.9005727126397642
473,0.005793194423676938,0.011680065732321119,,False,0.967366201425846,0.9643759018952984,0.9495620953278079,0.956061678630138,0.9301204819277108,0.9113362058335205,0.8936885841810501,0.9005797399801294
474,0.005785229611363637,0.011681603167801697,,False,0.9674666131137665,0.9649654337026542,0.9496559391716516,0.9563475485671101,0.9301204819277108,0.9113362058335205,0.8936885841810501,0.9005797399801294
475,0.005778421591034816,0.01168433860932669,,False,0.9674666131137665,0.9644703441765342,0.9496559391716516,0.956154473531229,0.9301204819277108,0.9113362058335205,0.8936885841810501,0.9005797399801294
476,0.005768652463601296,0.011668931544107792,,False,0.9674666131137665,0.9644647460963972,0.949655387612536,0.9561536114493592,0.9309236947791165,0.9120960979893789,0.8944368156339796,0.9013329290342642
477,0.005761256575275708,0.011664319272702705,,False,0.9674666131137665,0.9649598356225173,0.949655387612536,0.9563466864852403,0.9305220883534137,0.9117204998265868,0.8940627041487572,0.9009545807462646
478,0.005753533800659228,0.011660508830339526,,False,0.9674666131137665,0.9644647460963972,0.949655387612536,0.9561536114493592,0.9309236947791165,0.9120960979893789,0.8944368156339796,0.9013329290342642
479,0.0057452718067307045,0.011667928814171044,,False,0.9676674364896074,0.9646552359501764,0.9498417714954487,0.9563404620330656,0.9309236947791165,0.9120960979893789,0.8944368156339796,0.9013329290342642
480,0.00573728286038573,0.011657236282818739,,False,0.9676674364896074,0.9646520773396259,0.9498399344042254,0.956337954570368,0.9305220883534137,0.9117204998265868,0.8940627041487572,0.9009545807462646
481,0.005729653886221541,0.011653285526957394,,False,0.9677678481775278,0.9647440041602524,0.9499350637801768,0.9564323963680762,0.9301204819277108,0.9113396701733326,0.8936873287733818,0.9005826605788353
482,0.005722688973742727,0.011646118679081474,,False,0.9676674364896074,0.9646496378700395,0.9498412199363329,0.9563395999511957,0.9305220883534137,0.9117120061170826,0.8940627041487572,0.9009452486122067
483,0.005714075332347936,0.011648992220996935,,False,0.9678682598654483,0.9648458313880176,0.9500284344617828,0.9565319148689405,0.9301204819277108,0.9113396701733326,0.8936873287733818,0.9005826605788353
484,0.0057073733058203785,0.011648481605416918,,False,0.9678682598654483,0.9648380571691835,0.9500284344617828,0.9565267531546097,0.9313253012048193,0.9124597447601679,0.8948109271192022,0.9017049890825235
485,0.005698591838095764,0.011644575997229411,,False,0.9680690832412893,0.9650415060313651,0.9506291432982097,0.956975673864447,0.9309236947791165,0.9120960979893789,0.8944368156339796,0.9013329290342642
486,0.005692736615647152,0.011640832289479488,,False,0.9678682598654483,0.9648624608710856,0.9504479271928111,0.9567961063402743,0.9313253012048193,0.9124597447601679,0.8948109271192022,0.9017049890825235
487,0.00568319330421309,0.011644702548820274,,False,0.9681694949292098,0.9651374243531384,0.950724272674161,0.9570701881930259,0.9305220883534137,0.9117120061170826,0.8940627041487572,0.9009452486122067
488,0.005676123589007845,0.011645047640097387,,False,0.9681694949292098,0.9651312255407577,0.9507224355829378,0.9570681210149302,0.9313253012048193,0.9124489522974331,0.8948109271192022,0.9016950675050235
489,0.005669073069867992,0.011637030402192002,,False,0.9680690832412893,0.9650384005414523,0.9506317326350922,0.9569765713853118,0.9313253012048193,0.9124489522974331,0.8948109271192022,0.9016950675050235
490,0.0056606372341348596,0.011632932327830237,,False,0.9681694949292098,0.9651312255407577,0.9507224355829378,0.9570681210149302,0.9309236947791165,0.9120758756752885,0.8944368156339796,0.9013179970862998
491,0.005653102103924422,0.011635358480471527,,False,0.9682699066171302,0.9652270677334683,0.950817564958889,0.9571626368256143,0.9309236947791165,0.9120758756752885,0.8944368156339796,0.9013179970862998
492,0.0056466430315957805,0.011639886242462006,,False,0.9681694949292098,0.9651342427341629,0.9507268620110434,0.9570710871959959,0.9309236947791165,0.9120758756752885,0.8944368156339796,0.9013179970862998
493,0.005638170571802822,0.011633705825497645,,False,0.9683703183050507,0.9653191351884356,0.950911408802733,0.9572549432688233,0.9301204819277108,0.911330582608324,0.893689848071203,0.9005633805057065
494,0.005630484466605001,0.011628729525445457,,False,0.9682699066171302,0.9652270677334683,0.950817564958889,0.9571626368256143,0.9309236947791165,0.9120758756752885,0.8944368156339796,0.9013179970862998
495,0.005622614805923095,0.011624360681781994,,False,0.9682699066171302,0.9652270677334683,0.950817564958889,0.9571626368256143,0.9305220883534137,0.9117120061170826,0.8940627041487572,0.9009452486122067
496,0.005615283314309011,0.011628036101269442,,False,0.9684707299929712,0.9654503613046548,0.9514203006768321,0.9576211040229108,0.9313253012048193,0.9124489522974331,0.8948109271192022,0.9016950675050235
497,0.005607776544507633,0.011624282762103125,,False,0.9683703183050507,0.9653549314320207,0.9513295977289863,0.9575290258927431,0.9313253012048193,0.9124489522974331,0.8948109271192022,0.9016950675050235
498,0.005601352741848132,0.011629179224206344,,False,0.9683703183050507,0.9653615068630079,0.9513295977289863,0.9575335731343085,0.9309236947791165,0.9120853055266439,0.8944368156339796,0.9013230074567642
499,0.005593936417554256,0.01162557569780272,,False,0.9683703183050507,0.9653560952071422,0.9513295977289863,0.9575296146876658,0.9313253012048193,0.9124489522974331,0.8948109271192022,0.9016950675050235
500,0.005587085270486646,0.011615178817105264,,False,0.9687719650567326,0.9657298688732323,0.9517044032725787,0.9579014486473189,0.9301204819277108,0.9113407573355808,0.8936885926635346,0.9005673842986115
501,0.005578768529843657,0.0116151691122209,,False,0.9684707299929712,0.9654503613046548,0.9514203006768321,0.9576211040229108,0.9313253012048193,0.9124489522974331,0.8948109271192022,0.9016950675050235
502,0.005572992812364502,0.01161660300532157,,False,0.9684707299929712,0.9654503613046548,0.9514203006768321,0.9576211040229108,0.9313253012048193,0.9124489522974331,0.8948109271192022,0.9016950675050235
503,0.005564961055144968,0.011608839205694221,,False,0.9685711416808916,0.9655423554024627,0.9515141445206761,0.9577134112215133,0.9313253012048193,0.9124489522974331,0.8948109271192022,0.9016950675050235
504,0.005557444865874304,0.011604874113610863,,False,0.9688723767446531,0.9658260059721163,0.9517995326485299,0.9579959152794694,0.9309236947791165,0.9120758756752885,0.8944368156339796,0.9013179970862998
505,0.005549962786188924,0.01160142744411862,,False,0.9686715533688122,0.9656385056017212,0.9516092738966273,0.9578079617282788,0.9313253012048193,0.9124489522974331,0.8948109271192022,0.9016950675050235
506,0.00554283403582399,0.011597163153086584,,False,0.9688723767446531,0.9658260059721163,0.9517995326485299,0.9579959152794694,0.9309236947791165,0.9120758756752885,0.8944368156339796,0.9013179970862998
507,0.0055361907954047185,0.011595647725976765,,False,0.9686715533688122,0.9656385056017212,0.9516092738966273,0.9578079617282788,0.9317269076305221,0.9128325751330999,0.8951837831967564,0.9020768510364072
508,0.005528337287555903,0.011596558028021774,,False,0.9688723767446531,0.9658260059721163,0.9517995326485299,0.9579959152794694,0.9317269076305221,0.9128122624211468,0.8951406336803629,0.9020285629630845
509,0.005522587825917621,0.011596918697844977,,False,0.9689727884325735,0.9659497983677282,0.9523115654186272,0.9583579703573769,0.9313253012048193,0.9124167041718313,0.8947665221951403,0.9016515289383816
510,0.005514148576706857,0.011590895404214473,,False,0.9689727884325735,0.9659500722074268,0.9523115654186272,0.9583586832783733,0.9309236947791165,0.9120758756752885,0.8944368156339796,0.9013179970862998
511,0.0055072111877564655,0.01158641083440899,,False,0.969073200120494,0.966039772763976,0.9524048577033553,0.9584511659664909,0.9313253012048193,0.9124489522974331,0.8948109271192022,0.9016950675050235
512,0.005500899170534176,0.011582322971440758,,False,0.969073200120494,0.966039772763976,0.9524048577033553,0.9584511659664909,0.9309236947791165,0.9120956289527494,0.8944355602263112,0.9013270321435903
513,0.005493295962178916,0.011583722491773012,,False,0.969073200120494,0.966039772763976,0.9524048577033553,0.9584511659664909,0.9309236947791165,0.9120758756752885,0.8944368156339796,0.9013179970862998
514,0.005486618301948782,0.011590256683964314,,False,0.9689727884325735,0.9659500722074268,0.9523115654186272,0.9583586832783733,0.9309236947791165,0.9120983573024595,0.8944368156339796,0.9013179606922788
515,0.005479584256532996,0.011586377709722356,,False,0.969073200120494,0.966039772763976,0.9524048577033553,0.9584511659664909,0.9313253012048193,0.9124714339246042,0.8948109271192022,0.9016950311110027
516,0.0054730596158392665,0.011576083174236133,,False,0.969073200120494,0.9660463481949635,0.9524048577033553,0.9584557132080563,0.9313253012048193,0.9124561519854664,0.8948084078213809,0.9017106864327692
517,0.005465329370625245,0.011584822239970325,,False,0.969073200120494,0.966039772763976,0.9524048577033553,0.9584511659664909,0.9313253012048193,0.9124489522974331,0.8948109271192022,0.9016950675050235
518,0.005459234729991061,0.011579757159390433,,False,0.9691736118084145,0.9661666222403724,0.9529168904734525,0.9588136786507635,0.9309236947791165,0.9120983573024595,0.8944368156339796,0.9013179606922788
519,0.005452312362521505,0.0115782026474019,,False,0.9691736118084145,0.9661666222403724,0.9529168904734525,0.9588136786507635,0.9309236947791165,0.9120582812327631,0.8943911468197648,0.9012848256013812
520,0.005445255622914908,0.011577313639698423,,False,0.969274023496335,0.9662913932171338,0.9534289232435498,0.9591754610089566,0.9309236947791165,0.9120714316757869,0.8944355517438269,0.9013289532423419
521,0.005438080672941077,0.011576136820375194,,False,0.9691736118084145,0.966166896080071,0.9529168904734525,0.9588143915717596,0.9309236947791165,0.9120905293583649,0.8944355517438269,0.901328364168023
522,0.005431448797575444,0.011568271390716083,,False,0.9693744351842555,0.9663398235533348,0.9531034750429088,0.958995569403253,0.9321285140562249,0.9138453685240828,0.8971957275512659,0.9038361463829305
523,0.005424462598308907,0.011567953942387944,,False,0.9693744351842555,0.9663407919975138,0.9531034750429088,0.9589954834271358,0.9317269076305221,0.9128149806905745,0.8951381143825414,0.9020436795514887
524,0.005417541591326961,0.011563980831958092,,False,0.9693744351842555,0.9663398235533348,0.9531034750429088,0.958995569403253,0.9321285140562249,0.9138453685240828,0.8971957275512659,0.9038361463829305
525,0.005410825771440571,0.011564858398930209,,False,0.969274023496335,0.9662552178344667,0.9530101827581805,0.9589055288003192,0.9309236947791165,0.9120714316757869,0.8944355517438269,0.9013289532423419
526,0.005404592014239569,0.01156084926020799,,False,0.9695752585600964,0.9665585066670555,0.9537088784946121,0.9594509169555013,0.9313253012048193,0.9124561519854664,0.8948084078213809,0.9017106864327692
527,0.005397956127355199,0.011560890687034215,,False,0.9694748468721759,0.9664640468506988,0.9536155078130061,0.959355925919454,0.9309236947791165,0.9121010755718874,0.8944342963361583,0.9013330772806829
528,0.00539071159141363,0.011555622166182682,,False,0.9695752585600964,0.966554221918656,0.9537088784946121,0.9594483427931871,0.9317269076305221,0.9127969804820092,0.8951381143825414,0.902044218284851
529,0.005384144133554801,0.011556422984585495,,False,0.9694748468721759,0.9664718884933181,0.9536155078130061,0.9593611076299372,0.9313253012048193,0.9124122601723295,0.8947652583049874,0.9016624850944238
530,0.005377638888215217,0.011553229315474438,,False,0.9695752585600964,0.9665546701855638,0.9537094309838522,0.9594471053079529,0.9309236947791165,0.9120582812327631,0.8943911468197648,0.9012848256013812
531,0.005371090372733098,0.011554840427841445,,False,0.9696756702480168,0.9666487832302677,0.9538028016654582,0.9595413849968851,0.9313253012048193,0.9124313578549076,0.8947652583049874,0.901661896020105
532,0.005364448273792557,0.011552958444769392,,False,0.9696756702480168,0.9666519626452023,0.9538028016654582,0.9595433666158544,0.9309236947791165,0.9120714316757869,0.8944355517438269,0.9013289532423419
533,0.005358267134006269,0.011552073459707808,,False,0.9696756702480168,0.9666476778968028,0.9538028016654582,0.9595407924535402,0.9309236947791165,0.9120714316757869,0.8944355517438269,0.9013289532423419
534,0.005351613114912571,0.011536083442291109,,False,0.9696756702480168,0.9666487832302677,0.9538028016654582,0.9595413849968851,0.9321285140562249,0.913149739641371,0.8955109704600955,0.9024077583803215
535,0.005345851863009524,0.011544740682895807,,False,0.9697760819359373,0.9662677968236838,0.953893504613304,0.9594413978572702,0.9313253012048193,0.9124561519854664,0.8948084078213809,0.9017106864327692
536,0.0053384944417324675,0.011539773386597733,,False,0.9697760819359373,0.966269820136739,0.953893504613304,0.9594407888653984,0.9309236947791165,0.9120905293583649,0.8944355517438269,0.901328364168023
537,0.0053333670066306365,0.011531535972268738,,False,0.9696756702480168,0.9661745146584418,0.9538028016654582,0.9593486641341218,0.9309236947791165,0.9120826719936298,0.8944330409284897,0.9013194830196866
538,0.005326263459618594,0.01153977729599139,,False,0.9697760819359373,0.9662677968236838,0.953893504613304,0.9594413978572702,0.9317269076305221,0.9135150905376067,0.8968838894922244,0.9035108057246382
539,0.0053196611056155535,0.011529884948485768,,False,0.9696756702480168,0.9661745146584418,0.9538028016654582,0.9593486641341218,0.9321285140562249,0.9138250510613,0.8971944721435973,0.9038226160596771
540,0.00531269160227525,0.011530638735468883,,False,0.9698764936238579,0.9663634798614145,0.9539842075611499,0.9595332890857823,0.9317269076305221,0.9134998650281977,0.8968647655824368,0.9034880423836502
541,0.005306593193762728,0.011534031300309172,,False,0.9698764936238579,0.9663706635256363,0.9539842075611499,0.9595386340121048,0.9313253012048193,0.9131176009896106,0.8964931649125512,0.9031203402130915
542,0.005299611175842107,0.01152874624242471,,False,0.9698764936238579,0.9663700091344131,0.9539842075611499,0.9595378448219465,0.9309236947791165,0.9120582812327631,0.8943911468197648,0.9012848256013812
543,0.005293578075373166,0.011527513300407513,,False,0.9698764936238579,0.9663700091344131,0.9539842075611499,0.9595378448219465,0.9305220883534137,0.9116872575120192,0.8940170353345422,0.900907653208167
544,0.005287509503967521,0.011526238712474797,,False,0.9698764936238579,0.9663741101882045,0.9539842075611499,0.9595380422506588,0.9313253012048193,0.9130874976754675,0.8964475045808208,0.9030638537744592
545,0.005280772119710719,0.011519716522843403,,False,0.9698764936238579,0.9663700091344131,0.9539842075611499,0.9595378448219465,0.9317269076305221,0.9134405211876461,0.8968216160660432,0.9034415649010357
546,0.005275645336407185,0.011519714592509934,,False,0.9698764936238579,0.9663700091344131,0.9539842075611499,0.9595378448219465,0.9313253012048193,0.9113867215592398,0.8964475045808208,0.9024906572237479
547,0.005268026561293773,0.011518635122140214,,False,0.9698764936238579,0.9663700091344131,0.9539842075611499,0.9595378448219465,0.9321285140562249,0.9138250510613,0.8971944721435973,0.9038226160596771
548,0.00526216976014345,0.011515822044673314,,False,0.9698764936238579,0.9663700091344131,0.9539842075611499,0.9595378448219465,0.9313253012048193,0.9107203830208979,0.8948262763235001,0.9011566512120355
549,0.005255869494298123,0.011511508167419705,,False,0.9698764936238579,0.9663741101882045,0.9539842075611499,0.9595380422506588,0.9313253012048193,0.912422548827991,0.8947627474896502,0.9016530258560559
550,0.005249718904608889,0.011516789089854162,,False,0.9699769053117783,0.9665001107727884,0.9544962403312471,0.9598959812867314,0.9317269076305221,0.913498181008098,0.8968838894922244,0.903511295436966
551,0.0052437831177516775,0.011517701305527917,,False,0.9700773169996988,0.9665875431494562,0.9545849163975768,0.959984767487161,0.9321285140562249,0.9128058925277909,0.8988792292347676,0.9046172379171377
552,0.0052371608455724274,0.01150842742110854,,False,0.9699769053117783,0.9665001107727884,0.9544962403312471,0.9598959812867314,0.9325301204819277,0.9131893317223879,0.8992520853123216,0.9049983380968138
553,0.005231543004422946,0.011508934962396487,,False,0.9700773169996988,0.9665942155391934,0.9545901635020935,0.9599891804587212,0.9321285140562249,0.9121482127749737,0.8972312156414082,0.9032942475618506
554,0.005225006759728978,0.011501431633537151,,False,0.9700773169996988,0.9665879014341843,0.9545901635020935,0.9599846614942563,0.9321285140562249,0.9138583308740643,0.8972376216599908,0.9038626435812005
555,0.005219439788076624,0.01151039168120331,,False,0.9701777286876192,0.9667149692408518,0.9551021962721907,0.9603433654527552,0.9317269076305221,0.9135027554501463,0.8968762280659733,0.9035115419445137
556,0.005212821574400207,0.01150164705032779,,False,0.9702781403755397,0.9668104870538892,0.9551908723385204,0.9604363331599346,0.9329317269076305,0.91354995175143,0.8996249413898756,0.9053735133031999
557,0.00520676268268385,0.011502391502414912,,False,0.9702781403755397,0.9668104870538892,0.9551908723385204,0.9604363331599346,0.9329317269076305,0.91354995175143,0.8996249413898756,0.9053735133031999
558,0.005200814570273647,0.011502971427698502,,False,0.9702781403755397,0.9668104870538892,0.9551908723385204,0.9604363331599346,0.9329317269076305,0.9135502252920121,0.8995932543570189,0.9053644412819661
559,0.005195268415375917,0.0115028662214188,,False,0.9702781403755397,0.9668073172853094,0.9551908723385204,0.9604337233186769,0.9313253012048193,0.9124353256494186,0.8947575968787363,0.9016723177400928
560,0.005188534206075809,0.011491307752506277,,False,0.9702781403755397,0.9668129915638135,0.9551908723385204,0.9604367851607132,0.9317269076305221,0.9127928996421117,0.8951291975486217,0.9020394602032008
561,0.005182618024144673,0.011491857338990887,,False,0.9702781403755397,0.9668181312121291,0.9551908723385204,0.9604383948194288,0.9317269076305221,0.9127928996421117,0.8951291975486217,0.9020394602032008
562,0.005178455361808222,0.01148867619692194,,False,0.9703785520634601,0.9669053359247789,0.9552795484048501,0.9605271069257054,0.9325301204819277,0.914185251680432,0.8975229232970894,0.904161584767139
563,0.005170803534058571,0.01148623815111133,,False,0.9702781403755397,0.9668129915638135,0.9551908723385204,0.9604367851607132,0.9329317269076305,0.9128576534681235,0.897897034782312,0.9039661346184774
564,0.005164578074167324,0.011482177563333723,,False,0.9702781403755397,0.9668179169435089,0.9551908723385204,0.9604393507050588,0.9325301204819277,0.9124686545484147,0.8975165172785068,0.9035928159540592
565,0.005158911045766158,0.01148318610530276,,False,0.9702781403755397,0.9668129915638135,0.9551908723385204,0.9604367851607132,0.9329317269076305,0.9128576534681235,0.897897034782312,0.9039661346184774
566,0.005153058014596947,0.011481487942314066,,False,0.9702781403755397,0.9668230565918243,0.9551908723385204,0.9604409603637747,0.9317269076305221,0.9110612709687356,0.8951291975486217,0.90147620294902
567,0.005147343956873514,0.011475742099273841,,False,0.9702781403755397,0.9668179169435089,0.9551908723385204,0.9604393507050588,0.9321285140562249,0.9114282058016898,0.8955045729239972,0.9018428319003363
568,0.0051410671043404235,0.011482918294849107,,False,0.9703785520634601,0.9669071618174157,0.9552795484048501,0.9605270613087717,0.9325301204819277,0.9125073818558374,0.8975621860927215,0.9036248535833908
569,0.005137948341063321,0.011480358207973825,,False,0.9703785520634601,0.9669041526220956,0.9552841646232485,0.9605294185775881,0.9317269076305221,0.9128149984649825,0.8951431793299798,0.902055830042078
570,0.005130760252499251,0.011479168132899495,,False,0.9704789637513807,0.9670209783402614,0.9553702513526958,0.9606271805289097,0.9313253012048193,0.9124220878092149,0.8947588607688891,0.9016553252433328
571,0.005124050222449347,0.01147807335878652,,False,0.9703785520634601,0.9669071618174157,0.9552795484048501,0.9605270613087717,0.9317269076305221,0.9128044207849864,0.8951317168464432,0.902036473621797
572,0.0051179739448091194,0.011476202948765704,,False,0.9704789637513807,0.9669953084916594,0.9553728406895782,0.9606188362035143,0.9321285140562249,0.9121507861507706,0.8972071985172866,0.9032711752644538
573,0.005112281741701773,0.0114696177537816,,False,0.9704789637513807,0.9669953084916594,0.9553728406895782,0.9606188362035143,0.9321285140562249,0.9114282058016898,0.8955045729239972,0.9018428319003363
574,0.005106775793818173,0.011469939226313373,,False,0.9703785520634601,0.9669082600710746,0.9552795484048501,0.9605285094961141,0.9329317269076305,0.9135326785396423,0.899575394337384,0.9053351525715274
575,0.005100883554699421,0.011472936074474681,,False,0.9705793754393012,0.9670937666354964,0.9554635436374238,0.960711689969264,0.9329317269076305,0.9135532881881123,0.8996197992614459,0.9053737180818017
576,0.005094778131169549,0.011467066675789136,,False,0.9705793754393012,0.967094770522426,0.9554635436374238,0.9607129416085018,0.9333333333333333,0.9139046743568495,0.8999951746368213,0.9057431926224125
577,0.005088809253290011,0.01146010284138612,,False,0.9704789637513807,0.9669989201015959,0.9553728406895782,0.960620737615772,0.9329317269076305,0.9135409934955171,0.8995945182471714,0.9053541651802512
578,0.0050843367197038,0.011459002033032448,,False,0.9705793754393012,0.9671089697820757,0.9554635436374238,0.9607189580119688,0.9317269076305221,0.9110275297778991,0.8950860565147126,0.901424841807292
579,0.005077538721323405,0.01145835523083375,,False,0.9705793754393012,0.9670974466248676,0.9554635436374238,0.960713590226492,0.9325301204819277,0.9131966924830454,0.8992648116860109,0.9050200397628644
580,0.00507253932654813,0.011458894891053988,,False,0.9705793754393012,0.9670981470089028,0.9554635436374238,0.9607142852870799,0.9325301204819277,0.9124603107290338,0.8975190450588124,0.9035768791582873
581,0.00506652659204999,0.011456797909094851,,False,0.9705793754393012,0.9671006775587705,0.9554635436374238,0.9607148961329267,0.9317269076305221,0.9110716100966229,0.8951495853485623,0.901489153581399
582,0.005060451147510267,0.011456199317515695,,False,0.9705793754393012,0.9670922571661483,0.9554635436374238,0.9607124883835865,0.9333333333333333,0.9138840647083796,0.8999507697127593,0.9057046271121383
583,0.005054681453662467,0.011455896120241525,,False,0.9706797871272216,0.9671887388743036,0.9555573874812677,0.9608070822664809,0.9333333333333333,0.9138840647083796,0.8999507697127593,0.9057046271121383
584,0.005048977210929495,0.011454107967627409,,False,0.9707801988151421,0.9673067837699393,0.956069420251365,0.961159496944074,0.9333333333333333,0.9123204057738101,0.8999507697127593,0.9051386753742872
585,0.0050438229782816275,0.011447255064281956,,False,0.9705793754393012,0.9671201682063884,0.9558848734596754,0.9609739125931385,0.9325301204819277,0.9116104127710085,0.899220406761949,0.9044156055974741
586,0.005038130814499559,0.01144573460158648,,False,0.9706797871272216,0.967221381363258,0.9559755764075211,0.9610678018075782,0.9329317269076305,0.9119690196050727,0.899575394337384,0.9047692008336763
587,0.005032543858183107,0.011453173552414701,,False,0.9708806105030625,0.9674094576780887,0.9561645496273162,0.9612559967700152,0.9329317269076305,0.9119660652555095,0.8995779136352051,0.9047696236632748
588,0.0050272820576201796,0.011446196421343847,,False,0.9707801988151421,0.9673128167030873,0.9560707057834724,0.9611613642237385,0.9329317269076305,0.9119660652555095,0.8995779136352051,0.9047696236632748
589,0.005021169644291334,0.011443390667754731,,False,0.9708806105030625,0.9674034085684882,0.9561645496273162,0.9612541612031398,0.9329317269076305,0.9119617989397459,0.8995957821373245,0.9047850801380848
590,0.005015567412657196,0.011443881280888071,,False,0.9708806105030625,0.9674094576780887,0.9561645496273162,0.9612559967700152,0.9329317269076305,0.9119617989397459,0.8995957821373245,0.9047850801380848
591,0.005009912028832938,0.011441665747655412,,False,0.9708806105030625,0.9674117680795032,0.9561645496273162,0.9612565704722199,0.9325301204819277,0.9116217642430376,0.8992482070740446,0.904435498245888
592,0.005004408752004306,0.011440286241486254,,False,0.9707801988151421,0.9673213963625558,0.9560707057834724,0.9611638106364607,0.9333333333333333,0.9130114285354531,0.9016355268039296,0.9064786429898505
593,0.004999509071088697,0.011437384543616801,,False,0.970981022190983,0.9675096025651381,0.9562579203089222,0.9613516897997554,0.9329317269076305,0.9119617989397459,0.8995957821373245,0.9047850801380848
594,0.0049932400810105675,0.011437270503083227,,False,0.9708806105030625,0.9674117680795032,0.9561645496273162,0.9612565704722199,0.9329317269076305,0.9119660652555095,0.8995779136352051,0.9047696236632748
595,0.00498820684409216,0.011434955224280258,,False,0.970981022190983,0.9675023393630712,0.9562583934711602,0.9613491707135966,0.9329317269076305,0.9119455157280068,0.8995779136352051,0.9047710460464784
596,0.004981958812720931,0.011430759253192022,,False,0.970981022190983,0.9675079234276845,0.9562583934711602,0.9613505493842331,0.9329317269076305,0.9119660652555095,0.8995779136352051,0.9047696236632748
597,0.004976445344049253,0.011426548253948052,,False,0.9708806105030625,0.9674175550880211,0.9561645496273162,0.9612578294392107,0.9329317269076305,0.9119660652555095,0.8995779136352051,0.9047696236632748
598,0.004971426788640295,0.01142794705521914,,False,0.9708806105030625,0.9674175550880211,0.9561645496273162,0.9612578294392107,0.9329317269076305,0.9119617989397459,0.8995957821373245,0.9047850801380848
599,0.004965543153019054,0.011422800194063734,,False,0.970981022190983,0.9675079234276845,0.9562583934711602,0.9613505493842331,0.9329317269076305,0.9119660652555095,0.8995779136352051,0.9047696236632748
600,0.004960926169819771,0.011431586058294248,,False,0.970981022190983,0.9675079234276845,0.9562583934711602,0.9613505493842331,0.9329317269076305,0.9126518496078665,0.9012805392284946,0.9061250732827385
601,0.004954787325948914,0.011426773201919357,,False,0.9710814338789036,0.9676339446134522,0.9567704262412574,0.9617053437614378,0.9329317269076305,0.9126518496078665,0.9012805392284946,0.9061250732827385
602,0.004949206011069481,0.011421096593250198,,False,0.9710814338789036,0.9676339446134522,0.9567704262412574,0.9617053437614378,0.9333333333333333,0.9130114285354531,0.9016355268039296,0.9064786429898505
603,0.004943956346398559,0.011415287400616985,,False,0.971181845566824,0.9677128089110568,0.9568637185259854,0.9617945089572402,0.9345381526104418,0.9140674079572945,0.9027134648180195,0.9075554104166533
604,0.00493840794498494,0.01141923595399611,,False,0.971181845566824,0.9677220497474628,0.9568637185259854,0.9617971513240045,0.9333333333333333,0.9130053094502573,0.9016559146038701,0.9064944714386232
605,0.0049329448508782835,0.011417530247454634,,False,0.971181845566824,0.9677220497474628,0.9568637185259854,0.9617971513240045,0.9333333333333333,0.9130053094502573,0.9016559146038701,0.9064944714386232
606,0.004928206469026219,0.011404449270446327,,False,0.971181845566824,0.9677128089110568,0.9568637185259854,0.9617945089572402,0.934136546184739,0.9137130674389939,0.9023406087404654,0.9071863587056411
607,0.00492212275646236,0.011410075145671078,,False,0.971181845566824,0.9677220497474628,0.9568637185259854,0.9617971513240045,0.9329317269076305,0.9126518496078665,0.9012805392284946,0.9061250732827385
608,0.004916587250831267,0.0114078992830547,,False,0.971181845566824,0.9677220497474628,0.9568637185259854,0.9617971513240045,0.9333333333333333,0.9130053094502573,0.9016559146038701,0.9064944714386232
609,0.004911363879245926,0.011401595121315784,,False,0.9712822572547445,0.9678129924660589,0.9569575623698293,0.9618897879813149,0.9333333333333333,0.9129732609499938,0.9016102457896551,0.9064595476382523
610,0.004906537108723263,0.011412912293374702,,False,0.971181845566824,0.9677253702919971,0.9568655556172087,0.9617987041642871,0.9329317269076305,0.9119416025293755,0.8995779136352051,0.9047663537918523
611,0.004900890347615279,0.01140669680028289,,False,0.971181845566824,0.9677199597351566,0.9568637185259854,0.9617966148301684,0.9329317269076305,0.9126273868817327,0.9012805392284946,0.906121803411316
612,0.004895081471617031,0.011406781450857459,,False,0.971181845566824,0.9677220497474628,0.9568637185259854,0.9617971513240045,0.9337349397590361,0.913364888377844,0.9020109021793049,0.906848041145735
613,0.004889682409128566,0.011406697268815609,,False,0.971181845566824,0.9677220497474628,0.9568637185259854,0.9617971513240045,0.9337349397590361,0.913335144870469,0.90196523336509,0.9068136906783342
614,0.0048849229998188335,0.011402714806437899,,False,0.9714830806305854,0.9680346786079568,0.9575624926592946,0.9623372031616749,0.9329317269076305,0.9126355769103581,0.9012753971000649,0.9061205442442053
615,0.004878811904506486,0.011399630299422458,,False,0.9712822572547445,0.9678500639487037,0.9573757512960827,0.9621510377994262,0.934136546184739,0.9137130674389939,0.9023406087404654,0.9071863587056411
616,0.0048734508715956,0.011395036073390567,,False,0.9712822572547445,0.9678500639487037,0.9573757512960827,0.9621510377994262,0.9333333333333333,0.9130053094502573,0.9016559146038701,0.9064944714386232
617,0.004868100850136973,0.0113963720968151,,False,0.9713826689426649,0.9679406468638483,0.9574695951399266,0.9622437942159127,0.9333333333333333,0.9130053094502573,0.9016559146038701,0.9064944714386232
618,0.004864041276453002,0.011395116140901346,,False,0.9715834923185058,0.9681278237202875,0.9576598538918292,0.9624315839607854,0.9337349397590361,0.913335144870469,0.90196523336509,0.9068136906783342
619,0.004857688142756802,0.011389783854657996,,False,0.9715834923185058,0.9681278237202875,0.9576598538918292,0.9624315839607854,0.9337349397590361,0.913335144870469,0.90196523336509,0.9068136906783342
620,0.004852446464734861,0.011389281065452814,,False,0.9716839040064263,0.9682490380530356,0.9581688424354736,0.9627806206756622,0.9325301204819277,0.9122576543418331,0.9009000217246894,0.9057478762168982
621,0.004846445520879841,0.011393886870150631,,False,0.9717843156943469,0.9683421423526065,0.9582652573435326,0.9628758039042514,0.9329317269076305,0.9126273868817327,0.9012805392284946,0.906121803411316
622,0.0048412474917502585,0.01138763900015846,,False,0.9717843156943469,0.9683421423526065,0.9582652573435326,0.9628758039042514,0.9329317269076305,0.9126273868817327,0.9012805392284946,0.906121803411316
623,0.0048364095383838825,0.011380923967049827,,False,0.9718847273822673,0.9684357245866096,0.9583603867194839,0.962969656554148,0.9333333333333333,0.9130053094502573,0.9016559146038701,0.9064944714386232
624,0.004830431731336389,0.011384407229474102,,False,0.9718847273822673,0.9684357245866096,0.9583603867194839,0.962969656554148,0.9333333333333333,0.9129869658093193,0.9016355268039296,0.906475373118428
625,0.004825415105097521,0.011393319385282987,,False,0.9718847273822673,0.9684193090981308,0.9583559602913783,0.9629590062350094,0.9329317269076305,0.9126273868817327,0.9012805392284946,0.906121803411316
626,0.004820248418820417,0.011381032834334611,,False,0.9718847273822673,0.9684357245866096,0.9583603867194839,0.962969656554148,0.9333333333333333,0.9129869658093193,0.9016355268039296,0.906475373118428
627,0.004814352256957748,0.011384091418787915,,False,0.9720855507581082,0.9686133911189272,0.9585449335111734,0.9631501203798446,0.9329317269076305,0.9126273868817327,0.9012805392284946,0.906121803411316
628,0.004808973140008985,0.011380929612521759,,False,0.9720855507581082,0.968645324860749,0.9589618369053193,0.9634066834817602,0.9329317269076305,0.9126273868817327,0.9012805392284946,0.906121803411316
629,0.004803897155249834,0.011378084790965142,,False,0.9720855507581082,0.9686471288317313,0.9589618369053193,0.9634071844536106,0.9337349397590361,0.913335144870469,0.90196523336509,0.9068136906783342
630,0.004798491720232883,0.011381422032397292,,False,0.9721859624460287,0.9687406370456098,0.9590569662812707,0.9635010384631683,0.9333333333333333,0.9130183239657378,0.9016811956181443,0.9065133692344955
631,0.004793579730925803,0.011381334538153308,,False,0.9721859624460287,0.9687321285448162,0.9590552075869253,0.9634969448111974,0.9325301204819277,0.912289012498252,0.9009456905389044,0.9057858723329656
632,0.004788259112629613,0.011381240315257049,,False,0.9722863741339491,0.9688628737829735,0.9595689990513679,0.9638477736631107,0.9337349397590361,0.913364888377844,0.9020109021793049,0.906848041145735
633,0.004782571877096157,0.011374202100195374,,False,0.9722863741339491,0.9688571937300721,0.9595672403570226,0.9638458743244972,0.9325301204819277,0.9122576543418331,0.9009000217246894,0.9057478762168982
634,0.004776669980167359,0.01137115321612659,,False,0.9722863741339491,0.9688556863688615,0.9595689990513679,0.9638452994173523,0.9329317269076305,0.9126149514811573,0.9012550093001244,0.9061008754817949
635,0.004771950288654445,0.011371458650359146,,False,0.9722863741339491,0.9688596858547142,0.9595672403570226,0.9638468729374998,0.9321285140562249,0.911911089929727,0.9005703151635289,0.9054132043056585
636,0.0047658373218744535,0.011367300333462477,,False,0.9723867858218697,0.9689519149618556,0.9596629222222143,0.9639384825404588,0.9329317269076305,0.9126149514811573,0.9012550093001244,0.9061008754817949
637,0.004761018020706862,0.01136772096845406,,False,0.9723867858218697,0.968953422323066,0.9596611635278689,0.9639390574476037,0.9325301204819277,0.9122576543418331,0.9009000217246894,0.9057478762168982
638,0.004755297305730203,0.011359181696776438,,False,0.9723867858218697,0.9689546302616182,0.9596629222222143,0.9639395172839426,0.9333333333333333,0.9129608255494185,0.9015847158612849,0.906438619708731
639,0.0047500561913846415,0.011358942615618744,,False,0.9723867858218697,0.9689519149618556,0.9596629222222143,0.9639384825404588,0.9333333333333333,0.9129791691903569,0.9016051036612254,0.906457718028926
640,0.004744640972270374,0.01135566775148196,,False,0.9724871975097902,0.9690723533023738,0.9601749549923115,0.9642822769184894,0.9337349397590361,0.913335144870469,0.90196523336509,0.9068136906783342
641,0.004740021326152732,0.011351011632366965,,False,0.9724871975097902,0.9690723533023738,0.9601749549923115,0.9642822769184894,0.9337349397590361,0.913335144870469,0.90196523336509,0.9068136906783342
642,0.004734710265528531,0.01135350695589688,,False,0.9724871975097902,0.9690723533023738,0.9601749549923115,0.9642822769184894,0.9337349397590361,0.913335144870469,0.90196523336509,0.9068136906783342
643,0.004728438509780511,0.011357117404556057,,False,0.9724871975097902,0.969069638002611,0.9601749549923115,0.9642812421750057,0.9329317269076305,0.9126149514811573,0.9012550093001244,0.9061008754817949
644,0.004723906961029327,0.011353494094350401,,False,0.9725876091977106,0.9691921404416652,0.9606869877624088,0.9646256291830146,0.9333333333333333,0.9129869658093193,0.9016355268039296,0.906475373118428
645,0.0047181726635710615,0.01134990706374537,,False,0.9725876091977106,0.9691921404416652,0.9606869877624088,0.9646256291830146,0.9325301204819277,0.9122576543418331,0.9009000217246894,0.9057478762168982
646,0.0047126900469151075,0.011348736316614866,,False,0.9724871975097902,0.969069638002611,0.9601749549923115,0.9642812421750057,0.9329317269076305,0.9126149514811573,0.9012550093001244,0.9061008754817949
647,0.004707169020527059,0.01135299310602465,,False,0.9725876091977106,0.9691728123446564,0.9602682472770395,0.9643804090621588,0.9329317269076305,0.9126149514811573,0.9012550093001244,0.9061008754817949
648,0.004701765934261187,0.011347966782758673,,False,0.9726880208856311,0.9692879088662784,0.9607802800471368,0.9647222474240126,0.9325301204819277,0.9122576543418331,0.9009000217246894,0.9057478762168982
649,0.004696481516440043,0.011344007066007552,,False,0.9726880208856311,0.9692831783423806,0.9607802800471368,0.964719667893728,0.9329317269076305,0.9126273868817327,0.9012805392284946,0.906121803411316
650,0.0046909728154182545,0.011342040703199104,,False,0.9726880208856311,0.9692831783423806,0.9607802800471368,0.964719667893728,0.9325301204819277,0.9122576543418331,0.9009000217246894,0.9057478762168982
651,0.004685874666921005,0.01134087556828774,,False,0.9726880208856311,0.9692831783423806,0.9607802800471368,0.964719667893728,0.9329317269076305,0.9126273868817327,0.9012805392284946,0.906121803411316
652,0.004680570897656028,0.011338037000204929,,False,0.9727884325735515,0.9693826392821675,0.9608736507287428,0.9648167961186365,0.9329317269076305,0.912601246621832,0.9012297282858499,0.9060850500016192
653,0.004675259895278339,0.01134352183844027,,False,0.9726880208856311,0.9692904474124894,0.9607802800471368,0.9647221821232895,0.9337349397590361,0.913335144870469,0.90196523336509,0.9068136906783342
654,0.004669629081820593,0.011335974843466854,,False,0.9727884325735515,0.9693826392821675,0.9608736507287428,0.9648167961186365,0.9333333333333333,0.9129833703484184,0.9016038397710725,0.9064637724397228
655,0.004664419356303176,0.011335124019083686,,False,0.9727884325735515,0.9693900451995996,0.9608736507287428,0.9648193447647917,0.9337349397590361,0.9133419228954109,0.9019588273465075,0.9068174004634181
656,0.004658929408092056,0.011331566050294525,,False,0.9727884325735515,0.9693826392821675,0.9608736507287428,0.9648167961186365,0.9333333333333333,0.9129608255494185,0.9015847158612849,0.906438619708731
657,0.004654225358381775,0.011336872015358657,,False,0.972888844261472,0.9694821149590348,0.9609623267950725,0.9649094756880676,0.9337349397590361,0.913335144870469,0.90196523336509,0.9068136906783342
658,0.0046481738835427566,0.011333313722539875,,False,0.972888844261472,0.9694821149590348,0.9609623267950725,0.9649094756880676,0.9337349397590361,0.913335144870469,0.90196523336509,0.9068136906783342
659,0.004643393252892587,0.01133049667461951,,False,0.9727884325735515,0.9693826392821675,0.9608736507287428,0.9648167961186365,0.9329317269076305,0.9126407899521927,0.9012741332099119,0.9061265395769939
660,0.004638089751002557,0.011328101806797435,,False,0.972888844261472,0.9694873396679883,0.9609623267950725,0.9649121622545704,0.9337349397590361,0.913335144870469,0.90196523336509,0.9068136906783342
661,0.004632241657862244,0.011332158123842726,,False,0.972888844261472,0.9694873396679883,0.9609623267950725,0.9649121622545704,0.9337349397590361,0.913335144870469,0.90196523336509,0.9068136906783342
662,0.004627066034850079,0.011329707276536235,,False,0.972888844261472,0.9694873396679883,0.9609623267950725,0.9649121622545704,0.9333333333333333,0.9129970752077438,0.9016291207853467,0.9064795979198986
663,0.004621470706258947,0.011324716573322926,,False,0.972888844261472,0.9694797309636978,0.9609623267950725,0.9649095800730668,0.9337349397590361,0.9133419228954109,0.9019588273465075,0.9068174004634181
664,0.004615992426687558,0.011324175029966342,,False,0.972888844261472,0.9694873396679883,0.9609623267950725,0.9649121622545704,0.934136546184739,0.9143628128546586,0.9040228465338144,0.9085046280525381
665,0.0046108931128698545,0.0113256709642718,,False,0.972888844261472,0.9694856077764423,0.9609623267950725,0.964911699637875,0.9333333333333333,0.9129869658093193,0.9016355268039296,0.906475373118428
666,0.0046056103829994486,0.011318076325797483,,False,0.9729892559493926,0.969578443773093,0.9610556190798005,0.9650061990713704,0.9337349397590361,0.9140247431919334,0.9036867339540711,0.9081705352941025
667,0.004600126948582792,0.011319204033125588,,False,0.9729892559493926,0.969578443773093,0.9610556190798005,0.9650061990713704,0.9337349397590361,0.9140247431919334,0.9036867339540711,0.9081705352941025
668,0.00459559665335365,0.011321621698920068,,False,0.973089667637313,0.9696992967455073,0.9615676518498978,0.9653486222185449,0.934136546184739,0.9143763956424795,0.9040481275480887,0.9085198735227833
669,0.0045895544094301235,0.011316046197168734,,False,0.9731900793252335,0.9697976594928068,0.9616609441346259,0.965445844489786,0.9345381526104418,0.9147553806461618,0.9044222390333112,0.9088987637270576
670,0.004584831397050047,0.01131184478781649,,False,0.9732904910131539,0.9698832614124095,0.9617542364193539,0.9655375620122152,0.934136546184739,0.9143726364855724,0.904041721529506,0.9085258022764722
671,0.004579010091332107,0.011311013793972756,,False,0.9732904910131539,0.9694510604450228,0.9617542364193539,0.9653459042093009,0.9349397590361446,0.9150942949843623,0.9047519455944717,0.9092399332663194
672,0.004573932945599381,0.011312436161976214,,False,0.9732904910131539,0.9694405923894371,0.9617542364193539,0.9653405263044667,0.9345381526104418,0.9147163660350048,0.9043778341092492,0.9088609862945837
673,0.004568286918954784,0.011315431401986478,,False,0.9734913143889948,0.969638930634938,0.9619409777825658,0.9655343859892022,0.934136546184739,0.9143590536977517,0.9040164405152316,0.9085105568062269
674,0.004562932237057832,0.0113129221066041,,False,0.9735917260769154,0.9697228655623067,0.9620343484641718,0.9656232451599033,0.9337349397590361,0.9140142060100843,0.9036867339540711,0.9081727542627074
675,0.004557763370597777,0.011309521617574248,,False,0.9736921377648359,0.9702575926183277,0.9621277191457778,0.9659117965492917,0.934136546184739,0.9143590536977517,0.9040164405152316,0.9085105568062269
676,0.004553062578717301,0.011309881674468733,,False,0.9734913143889948,0.9696281522924658,0.9619409777825658,0.9655289297655981,0.9345381526104418,0.9147163660350048,0.9043778341092492,0.9088609862945837
677,0.004547462514225105,0.011313881105779747,,False,0.9736921377648359,0.970254097930339,0.9621231029273795,0.9659064327556484,0.934136546184739,0.9143726364855724,0.904041721529506,0.9085258022764722
678,0.004542295316716206,0.01131145834507879,,False,0.9736921377648359,0.9702575926183277,0.9621277191457778,0.9659117965492917,0.9337349397590361,0.9140142060100843,0.9036867339540711,0.9081727542627074
679,0.004537573813741903,0.01131191699227818,,False,0.9738929611406768,0.9704423175406364,0.9623097658937135,0.9660952384854549,0.9337349397590361,0.9140142060100843,0.9036867339540711,0.9081727542627074
680,0.004532144472326683,0.011302689148790056,,False,0.9735917260769154,0.9697248359388164,0.9620297322457735,0.9656206110768876,0.9345381526104418,0.9147197744439863,0.9043714280906665,0.9088641773828101
681,0.0045262712757994225,0.011298755609800268,,False,0.9738929611406768,0.9699945565497957,0.9623115245880588,0.9658994099845568,0.9349397590361446,0.9150894239114038,0.9047442841682207,0.9092321112469605
682,0.004521430498096074,0.011299324867277447,,False,0.9737925494527563,0.9698999049380919,0.9622182323033308,0.9658045297491638,0.9349397590361446,0.9150894239114038,0.9047442841682207,0.9092321112469605
683,0.004516320772714487,0.011301118251823757,,False,0.9739933728285972,0.9700857563129577,0.9624048952696648,0.9659917261435454,0.934136546184739,0.9143726364855724,0.904041721529506,0.9085258022764722
684,0.004511270194922488,0.011302073799383451,,False,0.9737925494527563,0.969901343402352,0.9622182323033308,0.9658049164796965,0.9349397590361446,0.9150894239114038,0.9047442841682207,0.9092321112469605
685,0.004505970286979333,0.011298494776161757,,False,0.9738929611406768,0.9699945565497957,0.9623115245880588,0.9658994099845568,0.9345381526104418,0.9147422859529899,0.90441457760706,0.9088937361406223
686,0.004500474310442209,0.011296898160422288,,False,0.9738929611406768,0.9699909488066096,0.9623115245880588,0.9658977348314419,0.934136546184739,0.9143838554775018,0.9040595900316251,0.9085406881268577
687,0.004496386595211202,0.01129087456239556,,False,0.9738929611406768,0.9699945565497957,0.9623115245880588,0.9658994099845568,0.9353413654618474,0.9154639444517798,0.9051248016720259,0.9096078671304697
688,0.004490229730423487,0.01129401155695493,,False,0.9738929611406768,0.9699945565497957,0.9623115245880588,0.9658994099845568,0.9349397590361446,0.9150894239114038,0.9047442841682207,0.9092321112469605
689,0.0044857379202189645,0.0112891169491888,,False,0.9738929611406768,0.9699927451079984,0.9623116029849368,0.9658975536816415,0.9349397590361446,0.9150894239114038,0.9047442841682207,0.9092321112469605
690,0.004479909106800854,0.011289535070641222,,False,0.9738929611406768,0.9699909488066096,0.9623115245880588,0.9658977348314419,0.9345381526104418,0.9147422859529899,0.90441457760706,0.9088937361406223
691,0.004474946180777069,0.011289572956774423,,False,0.9738929611406768,0.9699909488066096,0.9623115245880588,0.9658977348314419,0.934136546184739,0.9129547382652379,0.9040392022316845,0.9079587089310852
692,0.0044702905607576695,0.011290085037716313,,False,0.9739933728285972,0.970114128996858,0.9628235573581561,0.9662384843589711,0.9337349397590361,0.9125914664034492,0.9036842146562497,0.9076090017084552
693,0.004465943437133752,0.01128719938415556,,False,0.9741941962044381,0.9703042977652943,0.963010298721368,0.9664271077952242,0.9345381526104418,0.9132918602041679,0.90441457760706,0.908318486241725
694,0.004460246292824825,0.011278753621839954,,False,0.9738929611406768,0.9699909488066096,0.9623115245880588,0.9658977348314419,0.9349397590361446,0.9150894239114038,0.9047442841682207,0.9092321112469605
695,0.004454718703782903,0.011280779180718835,,False,0.9739933728285972,0.9705498476286434,0.9628235573581561,0.9664318413171019,0.9345381526104418,0.9133018762236519,0.9043689087928453,0.9082970840374232
696,0.004449551337272615,0.01127770847331874,,False,0.9739933728285972,0.970114128996858,0.9628235573581561,0.9662384843589711,0.934136546184739,0.9129547382652379,0.9040392022316845,0.9079587089310852
697,0.004444900707881038,0.011280473707889153,,False,0.9741941962044381,0.9703042977652943,0.963010298721368,0.9664271077952242,0.934136546184739,0.9129569762693728,0.9040583261414723,0.907971471850727
698,0.004439770654112572,0.011277445426196627,,False,0.9740937845165177,0.9706447015990758,0.962916928039762,0.9665261144531585,0.9349397590361446,0.9166280338118921,0.9047886890922826,0.9098533118901142
699,0.004435659972427855,0.011284465043842831,,False,0.9743950195802792,0.9704950676743825,0.96319704008458,0.966615726541295,0.9345381526104418,0.9147540411269477,0.9044589825311221,0.9089243734074128
700,0.004430905470137837,0.011275505522400343,,False,0.9743950195802792,0.9704950676743825,0.96319704008458,0.966615726541295,0.9345381526104418,0.9147445239571247,0.9044337015168478,0.9089064990602641
701,0.004425084462016312,0.011274378605734351,,False,0.9739933728285972,0.9705498476286434,0.9628235573581561,0.9664318413171019,0.9345381526104418,0.911930715906803,0.9043689087928453,0.9077331702291881
702,0.004420868643667246,0.011271395826422424,,False,0.9739933728285972,0.9705498476286434,0.9628235573581561,0.9664318413171019,0.9349397590361446,0.9136763967640279,0.9047494262966504,0.9086728399209326
703,0.004415193417773121,0.011270512164279541,,False,0.9741941962044381,0.9707379881719375,0.9630102203244901,0.9666204551630203,0.9345381526104418,0.911930715906803,0.9043689087928453,0.9077331702291881
704,0.004410058219092104,0.011267843318702161,,False,0.9743950195802792,0.9709244073729705,0.9631969616877021,0.9668069999228168,0.9345381526104418,0.9132998516979917,0.904388032702633,0.9083093401106423
705,0.004405115175427679,0.011265804362965346,,False,0.9743950195802792,0.9709244073729705,0.9631969616877021,0.9668069999228168,0.9349397590361446,0.9151060739215693,0.9047430202780679,0.9092415988249211
706,0.004401244152867836,0.01126546964321375,,False,0.9741941962044381,0.9707379881719375,0.9630102203244901,0.9666204551630203,0.9349397590361446,0.9151060739215693,0.9047430202780679,0.9092415988249211
707,0.0043957070181968845,0.01127163111421193,,False,0.9741941962044381,0.9707379881719375,0.9630102203244901,0.9666204551630203,0.9349397590361446,0.9151060739215693,0.9047430202780679,0.9092415988249211
708,0.004390310666854189,0.011269574573425523,,False,0.9743950195802792,0.970910797265889,0.9631860176463864,0.9667945965046507,0.934136546184739,0.912952134883072,0.9040583261414723,0.9079748126418615
709,0.004385781621075534,0.011268499579931401,,False,0.9744954312681996,0.9710197110022141,0.963290332369308,0.966901269390201,0.9345381526104418,0.9133095450774117,0.9044133137169071,0.9083279176237053
710,0.004381768209225293,0.011269815986079271,,False,0.9745958429561201,0.9711087453247558,0.9633883976661903,0.9669935338202182,0.934136546184739,0.912952134883072,0.9040583261414723,0.9079748126418615
711,0.004375759421193495,0.01126683968583692,,False,0.9746962546440405,0.9712299061584635,0.9638957358210113,0.9673316894209667,0.9345381526104418,0.9133095450774117,0.9044133137169071,0.9083279176237053
712,0.004370648294502023,0.011264833910254799,,False,0.9744954312681996,0.9710430687282202,0.9637089944577993,0.9671452340367765,0.9345381526104418,0.9133143864637121,0.9044133137169071,0.9083245768325708
713,0.0043661928280847246,0.011260723174255702,,False,0.9744954312681996,0.9710131022820411,0.9632793883279924,0.9668929391942263,0.9349397590361446,0.9136595375811483,0.9047430202780679,0.9086630168832056
714,0.00436194570038089,0.011256145615409023,,False,0.974997489707802,0.9719163418086781,0.9637358501839466,0.9675454975977293,0.934136546184739,0.9129569762693728,0.9040583261414723,0.907971471850727
715,0.004356981580006213,0.011262373425020603,,False,0.9750979013957225,0.9724909726403406,0.9642478829540438,0.9680865511251131,0.9345381526104418,0.9133263728717408,0.9044133137169071,0.9083282468243188
716,0.004351586991119356,0.011259070143354434,,False,0.9748970780198816,0.971856278548509,0.9640611415908319,0.9677023624769627,0.9349397590361446,0.9136836621318878,0.9047683012923421,0.9086807745364359
717,0.004346592010468871,0.011257690087925444,,False,0.9750979013957225,0.9720331062866473,0.9642496416483891,0.9678842963613277,0.9349397590361446,0.9136836621318878,0.9047683012923421,0.9086807745364359
718,0.004341781986882566,0.011257681125926886,,False,0.974997489707802,0.9719373622717623,0.9641562709667831,0.9677911629968337,0.9345381526104418,0.9133263728717408,0.9044133137169071,0.9083282468243188
719,0.004338232897097455,0.011255696050362201,,False,0.9752987247715634,0.9726694828615489,0.9644363830116011,0.9682690261044207,0.9345381526104418,0.9133263728717408,0.9044133137169071,0.9083282468243188
720,0.004332919548957926,0.011254015172821479,,False,0.9752987247715634,0.9726675898546885,0.9644363830116011,0.9682696221349174,0.9345381526104418,0.9133263728717408,0.9044133137169071,0.9083282468243188
721,0.004327512768493081,0.011251273114430367,,False,0.974997489707802,0.9719373622717623,0.9641562709667831,0.9677911629968337,0.9349397590361446,0.9136836621318878,0.9047683012923421,0.9086807745364359
722,0.004322866860789847,0.011245312385095178,,False,0.9751983130836429,0.9721245684774235,0.9643430123299951,0.9679776535645025,0.9349397590361446,0.9136764643402179,0.9047683012923421,0.908683532161737
723,0.004318065325597954,0.011250520842382553,,False,0.9750979013957225,0.9724845202737877,0.9642496416483891,0.9680841187472815,0.9349397590361446,0.9136836621318878,0.9047683012923421,0.9086807745364359
724,0.004313459775951008,0.011251365276752807,,False,0.9750979013957225,0.9720399216226746,0.9642496416483891,0.9678879534106763,0.9349397590361446,0.9136764643402179,0.9047683012923421,0.908683532161737
725,0.0043086567190324465,0.011250728621196191,,False,0.9751983130836429,0.9725718380294458,0.9643430123299951,0.9681753556111149,0.9349397590361446,0.9136764643402179,0.9047683012923421,0.908683532161737
726,0.004304449177034533,0.011251305619095448,,False,0.9750979013957225,0.9724873344481898,0.9642496416483891,0.9680856913633625,0.9349397590361446,0.9136836621318878,0.9047683012923421,0.9086807745364359
727,0.0043001184822930565,0.011253421166917533,,False,0.9751983130836429,0.9725789158498956,0.9643477069452714,0.9681790245917851,0.9345381526104418,0.9139893139164185,0.906141220324471,0.9096434130651403
728,0.004294359961568898,0.011248656306513663,,False,0.9750979013957225,0.9724851955164284,0.9642543362636654,0.9680862275764829,0.9349397590361446,0.9143372069409348,0.9064709268856315,0.9099786436998354
729,0.004289597084748167,0.011248085641796074,,False,0.9750979013957225,0.9724851955164284,0.9642543362636654,0.9680862275764829,0.9349397590361446,0.9143467851829273,0.9064709268856315,0.9099764721956001
730,0.004284877853866068,0.011244824488646136,,False,0.9752987247715634,0.9726670441309742,0.9644316883963248,0.9682663026240793,0.9353413654618474,0.9147040744430746,0.9068259144610664,0.9103289999077175
731,0.004280278371342266,0.011242981479034816,,False,0.9750979013957225,0.972038246699307,0.9642497200452671,0.9678853853688081,0.9353413654618474,0.9147040744430746,0.9068259144610664,0.9103289999077175
732,0.004275547934640209,0.011240940725024434,,False,0.9750979013957225,0.9724907756809856,0.9642544146605433,0.9680873504537435,0.9349397590361446,0.9143467851829273,0.9064709268856315,0.9099764721956001
733,0.004270918666167728,0.011241196359487985,,False,0.9752987247715634,0.9726721876949517,0.9644317667932027,0.9682673533443656,0.9353413654618474,0.9147040744430746,0.9068259144610664,0.9103289999077175
734,0.004266607878858473,0.011239386149026226,,False,0.9754995481474044,0.9728469211757574,0.9646201100570041,0.9684516556814761,0.9357429718875502,0.9150844854840771,0.9072012898364417,0.9107022765268388
735,0.004261700264678287,0.011236369503164622,,False,0.9754995481474044,0.9728565845259313,0.9646183513626588,0.9684554311955336,0.9353413654618474,0.9147040744430746,0.9068259144610664,0.9103289999077175
736,0.00425759104743636,0.011234556092880394,,False,0.9751983130836429,0.972577027266872,0.9643477069452714,0.9681776297371418,0.9345381526104418,0.9139820496785246,0.9061159393101966,0.9096261076353911
737,0.004252688084505787,0.011239354840951482,,False,0.9753991364594838,0.9727615446339359,0.9645353946329591,0.9683649945512016,0.9353413654618474,0.914694496201082,0.9068259144610664,0.9103311714119529
738,0.004247992896345471,0.011242821225371692,,False,0.9754995481474044,0.9728528280651602,0.9646305240089104,0.9684586029751555,0.9353413654618474,0.9147040744430746,0.9068259144610664,0.9103289999077175
739,0.004243065815450321,0.011241839618938411,,False,0.9753991364594838,0.9727551554362167,0.9645434027533439,0.9683663452274934,0.9345381526104418,0.9139916279205171,0.9061159393101966,0.9096239361311559
740,0.004238141515621844,0.011236006989175588,,False,0.9754995481474044,0.9728507449937143,0.9646367734349499,0.9684605720924157,0.9353413654618474,0.9147040744430746,0.9068259144610664,0.9103289999077175
741,0.0042337228954958716,0.01123719934713669,,False,0.9754995481474044,0.9728507449937143,0.9646367734349499,0.9684605720924157,0.9353413654618474,0.9147040744430746,0.9068259144610664,0.9103289999077175
742,0.004229098403225495,0.01123252058719903,,False,0.9754995481474044,0.972846879621887,0.9646367734349499,0.968458132282501,0.9353413654618474,0.9147040744430746,0.9068259144610664,0.9103289999077175
743,0.004224548655040948,0.011233343712712111,,False,0.9754995481474044,0.9728507449937143,0.9646367734349499,0.9684605720924157,0.9349397590361446,0.9143467851829273,0.9064709268856315,0.9099764721956001
744,0.0042199356606666205,0.011231339846309545,,False,0.9754995481474044,0.972846879621887,0.9646367734349499,0.968458132282501,0.9353413654618474,0.9147040744430746,0.9068259144610664,0.9103289999077175
745,0.0042155908472124495,0.011225468607809532,,False,0.9754995481474044,0.9728507449937143,0.9646367734349499,0.9684605720924157,0.9349397590361446,0.9143467851829273,0.9064709268856315,0.9099764721956001
746,0.004210936781688979,0.011223709499762518,,False,0.9754995481474044,0.9728507449937143,0.9646367734349499,0.9684605720924157,0.9349397590361446,0.9143720389615196,0.9064913146855721,0.9099972127502771
747,0.004206395650345878,0.011221369877780713,,False,0.9755999598353249,0.972945077960532,0.9647319028109013,0.9685557909586247,0.9357429718875502,0.9150844854840771,0.9072012898364417,0.9107022765268388
748,0.004201874070326829,0.011215749176450662,,False,0.9754995481474044,0.9728470231769314,0.9646253562313962,0.9684539504599766,0.9349397590361446,0.9143720389615196,0.9064913146855721,0.9099972127502771
749,0.004196890070697052,0.011223366538861766,,False,0.9755999598353249,0.9729366898593814,0.9647319028109013,0.9685513755492418,0.9357429718875502,0.9150844854840771,0.9072012898364417,0.9107022765268388
750,0.0041922954408245795,0.011216315707359686,,False,0.9757003715232453,0.9730269950197883,0.9648252734925072,0.9686438574630023,0.9349397590361446,0.9143720389615196,0.9064913146855721,0.9099972127502771
751,0.004187814777129711,0.011222221458445933,,False,0.9755999598353249,0.9729395100780263,0.9647319028109013,0.9685529884364286,0.936144578313253,0.9154522707588492,0.9075818073402468,0.911074053728193
752,0.004183390498883903,0.011221650495171135,,False,0.9755999598353249,0.9729395100780263,0.9647319028109013,0.9685529884364286,0.9357429718875502,0.9150777286503818,0.9072012898364417,0.9106982943327563
753,0.004178866611115898,0.011218069585184683,,False,0.9757003715232453,0.9730321265832304,0.9648252734925072,0.9686455647023935,0.9349397590361446,0.9143720389615196,0.9064913146855721,0.9099972127502771
754,0.004174096971823911,0.011218326836058891,,False,0.9757003715232453,0.9730321265832304,0.9648252734925072,0.9686455647023935,0.9353413654618474,0.9147271962239301,0.9068463022610069,0.9103497488147213
755,0.00417093488810651,0.01122107114375786,,False,0.9757003715232453,0.9730293117985327,0.9648143294511914,0.9686398085583687,0.9369477911646586,0.9162076980343196,0.9083428423478571,0.9118252220810423
756,0.00416502204222696,0.011220999447642524,,False,0.9755999598353249,0.9729395100780263,0.9647319028109013,0.9685529884364286,0.9353413654618474,0.9147181637014177,0.9068463022610069,0.9103451948299194
757,0.004160304662057164,0.011224053364063614,,False,0.9757003715232453,0.9730348757347856,0.9648252734925072,0.9686471789226798,0.9349397590361446,0.9143607535070782,0.9064913146855721,0.9099920898480757
758,0.004155790192342273,0.011218999020398579,,False,0.9757003715232453,0.9730283136382205,0.9648226057587471,0.9686428408482107,0.9357429718875502,0.9157186403224618,0.9089039154297311,0.9119708454574419
759,0.004151443642538987,0.011212949905931937,,False,0.9757003715232453,0.9730348757347856,0.9648252734925072,0.9686471789226798,0.9353413654618474,0.9147181637014177,0.9068463022610069,0.9103451948299194
760,0.0041467546306222704,0.011212902124201132,,False,0.9758007832111658,0.9731246061460861,0.9649077001327974,0.9687340003631163,0.9353413654618474,0.9147181637014177,0.9068463022610069,0.9103451948299194
761,0.004142032417264928,0.011209900628812998,,False,0.9758007832111658,0.9731184781999858,0.9649159764403531,0.9687353251351715,0.9353413654618474,0.9153612301281222,0.9085489278542962,0.9116177404755983
762,0.004138363276010306,0.011210783983823344,,False,0.9757003715232453,0.9730325659439232,0.9648143294511914,0.9686415310623422,0.9369477911646586,0.9168293952141683,0.9100199380127764,0.9130753447785297
763,0.004133523773185401,0.01120796880880464,,False,0.9758007832111658,0.9731129142637328,0.9649050323990372,0.9687279547708604,0.9357429718875502,0.9150904070566541,0.9072268197648121,0.9107203795419346
764,0.004129701176321413,0.011207256635163186,,False,0.9758007832111658,0.9731150659367395,0.9649159764403531,0.9687332018380302,0.9353413654618474,0.9153612301281222,0.9085489278542962,0.9116177404755983
765,0.004124406392244169,0.011209463744647045,,False,0.9758007832111658,0.9731463401857905,0.9653263622212886,0.968980618345246,0.9357429718875502,0.9157186403224618,0.9089039154297311,0.9119708454574419
766,0.004119719197282324,0.011206594758907153,,False,0.9759011948990862,0.9732415629811061,0.9654197329028946,0.969074811453848,0.9357429718875502,0.9157476357020369,0.9089039154297311,0.9119782621232047
767,0.004115333300537404,0.011205714142131104,,False,0.9760016065870067,0.9733266309126739,0.9655104358507405,0.969162290404742,0.9357429718875502,0.9157186403224618,0.9089039154297311,0.9119708454574419
768,0.004110808391459595,0.011204727557889269,,False,0.9760016065870067,0.9733200011914056,0.9655077681169804,0.9691578783301635,0.936144578313253,0.9160908836776981,0.9092844329335362,0.912346030169457
769,0.004106267799832124,0.011202076939130761,,False,0.9760016065870067,0.9733234483195216,0.9655104358507405,0.9691605665969141,0.9353413654618474,0.9153612301281222,0.9085489278542962,0.9116177404755983
770,0.0041018107386631,0.011204299472300928,,False,0.9761020182749272,0.973415223986721,0.9656011387985863,0.9692520714387656,0.9353413654618474,0.9153612301281222,0.9085489278542962,0.9116177404755983
771,0.004097552724586258,0.01120626429392623,,False,0.9761020182749272,0.9734121781377755,0.9656011387985863,0.9692503820625222,0.9353413654618474,0.9153612301281222,0.9085489278542962,0.9116177404755983
772,0.0040929020780119,0.011202069536310474,,False,0.9761020182749272,0.973415223986721,0.9656011387985863,0.9692520714387656,0.9357429718875502,0.9157186403224618,0.9089039154297311,0.9119708454574419
773,0.00408883180544153,0.011202174217876082,,False,0.9760016065870067,0.9733200011914056,0.9655077681169804,0.9691578783301635,0.9357429718875502,0.9157186403224618,0.9089039154297311,0.9119708454574419
774,0.004085266895818669,0.011199449209636923,,False,0.9762024299628477,0.9735095089432355,0.9656950619694327,0.9693456446205518,0.9353413654618474,0.9153612301281222,0.9085489278542962,0.9116177404755983
775,0.004080260175684106,0.011202825449543301,,False,0.9759011948990862,0.9732314081173585,0.9654170651691345,0.9690680972961402,0.936144578313253,0.9161081491544711,0.909258903005166,0.9123313373249703
776,0.004075871275778093,0.011197775855788017,,False,0.9759011948990862,0.9732314081173585,0.9654170651691345,0.9690680972961402,0.936144578313253,0.9161081491544711,0.909258903005166,0.9123313373249703
777,0.004071287598932693,0.011193620908422039,,False,0.9763028416507682,0.9736015774912227,0.9657883542541607,0.969439785512543,0.9357429718875502,0.9157186403224618,0.9089039154297311,0.9119708454574419
778,0.004066839943773688,0.011194395977070767,,False,0.9763028416507682,0.9736015774912227,0.9657883542541607,0.969439785512543,0.9357429718875502,0.9157186403224618,0.9089039154297311,0.9119708454574419
779,0.004062396481643268,0.011196661697495657,,False,0.9763028416507682,0.9735960914007001,0.9657851340311601,0.9694359891840898,0.9353413654618474,0.9153892714712902,0.9085489278542962,0.9116251824296118
780,0.004058889687995977,0.011195348964826764,,False,0.9765036650266091,0.9737825188265286,0.9659723494867344,0.9696237014814818,0.9357429718875502,0.9157476357020369,0.9089039154297311,0.9119782621232047
781,0.004054734018826684,0.011201921453123846,,False,0.9761020182749272,0.973417335588266,0.9656010604017085,0.9692537248213612,0.9369477911646586,0.9168593390972135,0.9100199380127764,0.913082737143221
782,0.004049273700330144,0.011197367416414894,,False,0.9764032533386886,0.973690303109366,0.9658790572020064,0.9695295630383148,0.9357429718875502,0.9157476357020369,0.9089039154297311,0.9119782621232047
783,0.004045158410376345,0.011196230137352986,,False,0.9763028416507682,0.9735960914007001,0.9657851340311601,0.9694359891840898,0.9365461847389558,0.9164942047611658,0.9096649504373414,0.9127285096623654
784,0.004040475722709107,0.01119268281355819,,False,0.9765036650266091,0.9737825188265286,0.9659723494867344,0.9696237014814818,0.936144578313253,0.9161170805087533,0.9092792908051065,0.9123454722299541
785,0.004036447665032228,0.011189933191052139,,False,0.9765036650266091,0.9737825188265286,0.9659723494867344,0.9696237014814818,0.936144578313253,0.9161170805087533,0.9092792908051065,0.9123454722299541
786,0.00403242161905335,0.011190280091565887,,False,0.9766040767145295,0.9738782125754961,0.9660674788626857,0.9697182109277382,0.9357429718875502,0.9157587162780066,0.9089243032296717,0.9119923925363612
787,0.004027665971571103,0.011193246698232634,,False,0.97670448840245,0.9739724280103381,0.966161402033532,0.9698117862324652,0.936144578313253,0.9161170805087533,0.9092792908051065,0.9123454722299541
788,0.004023525459469443,0.011190616037770895,,False,0.9766040767145295,0.9738782125754961,0.9660674788626857,0.9697182109277382,0.9369477911646586,0.9168615136178003,0.9100403258127169,0.9130958222119256
789,0.004019241658429488,0.011190511200494224,,False,0.97670448840245,0.9739724280103381,0.966161402033532,0.9698117862324652,0.9357429718875502,0.9157587162780066,0.9089243032296717,0.9119923925363612
790,0.004014536929023088,0.011187194041176378,,False,0.97670448840245,0.9739724280103381,0.966161402033532,0.9698117862324652,0.936144578313253,0.9161170805087533,0.9092792908051065,0.9123454722299541
791,0.004010731786343017,0.01118939203681712,,False,0.97670448840245,0.9739724280103381,0.966161402033532,0.9698117862324652,0.936144578313253,0.9161170805087533,0.9092792908051065,0.9123454722299541
792,0.004006459831307388,0.01118604712875341,,False,0.97670448840245,0.9739724280103381,0.966161402033532,0.9698117862324652,0.9373493975903614,0.9172491936332552,0.9104208433165221,0.9134745320344884
793,0.004002934915090555,0.011185307158238915,,False,0.9766040767145295,0.9738769677044947,0.966068031351926,0.9697175131335763,0.9373493975903614,0.9178210872080245,0.9120979389814412,0.9146945874471109
794,0.003997680729672728,0.011180622161732837,,False,0.97670448840245,0.9739620885466912,0.966161402033532,0.9698069572848278,0.936144578313253,0.916719243904638,0.910981916398396,0.9135911324832955
795,0.003993713205743342,0.011185183226141333,,False,0.97670448840245,0.9739724280103381,0.966161402033532,0.9698117862324652,0.936144578313253,0.916719243904638,0.910981916398396,0.9135911324832955
796,0.003989563001651194,0.01118406044126247,,False,0.97670448840245,0.9739724280103381,0.966161402033532,0.9698117862324652,0.936144578313253,0.916719243904638,0.910981916398396,0.9135911324832955
797,0.003985425377883563,0.011183131539049039,,False,0.97670448840245,0.973966657191317,0.966161402033532,0.9698088784632779,0.9377510040160643,0.9182087672234793,0.9124784564852464,0.9150732972696736
798,0.003980789454211746,0.011180441941238807,,False,0.97670448840245,0.9739724280103381,0.966161402033532,0.9698117862324652,0.936144578313253,0.916719243904638,0.910981916398396,0.9135911324832955
799,0.003976453258768542,0.011176902128780817,,False,0.97670448840245,0.9739620885466912,0.966161402033532,0.9698069572848278,0.9365461847389558,0.9170938658378388,0.9113369039738308,0.9139436704130625
800,0.003972308135756995,0.01117564183353961,,False,0.97670448840245,0.9739620885466912,0.966161402033532,0.9698069572848278,0.9365461847389558,0.9170766540989774,0.9113369039738308,0.9139442374651393
801,0.003969376101169471,0.011173273495230729,,False,0.97670448840245,0.9739620885466912,0.966161402033532,0.9698069572848278,0.936144578313253,0.916719243904638,0.910981916398396,0.9135911324832955
802,0.0039642455185841564,0.01117633709153782,,False,0.97670448840245,0.9739620885466912,0.966161402033532,0.9698069572848278,0.9373493975903614,0.9178210872080245,0.9120979389814412,0.9146945874471109
803,0.003960081499960742,0.011172433871763188,,False,0.97670448840245,0.9739620885466912,0.966161402033532,0.9698069572848278,0.9365461847389558,0.9170766540989774,0.9113369039738308,0.9139442374651393
804,0.003955891563663547,0.011175716176721676,,False,0.97670448840245,0.9739620885466912,0.966161402033532,0.9698069572848278,0.9369477911646586,0.917481963477194,0.911717421477636,0.9143237725383313
805,0.003951847323648184,0.011177667982411058,,False,0.97670448840245,0.9739620885466912,0.966161402033532,0.9698069572848278,0.9381526104417671,0.9185797362985423,0.9128589739890516,0.9154523627392739
806,0.003947595730768513,0.01117314325782712,,False,0.97670448840245,0.9739620885466912,0.966161402033532,0.9698069572848278,0.9373493975903614,0.9178361342117104,0.9120979389814412,0.914704790265144
807,0.003943425532489188,0.011173287820847935,,False,0.97670448840245,0.9739563177276701,0.966161402033532,0.9698040495156405,0.9377510040160643,0.9182322523373243,0.9124720504666638,0.9150744927134679
808,0.003939198306396558,0.01117277036026872,,False,0.9768049000903705,0.9740519928283865,0.9662438286738221,0.9698938234957186,0.9377510040160643,0.9182127313201429,0.9124720504666638,0.9150745078339718
809,0.003935479741238633,0.01116542498489345,,False,0.9768049000903705,0.9740539233705776,0.9662438286738221,0.9698942236502087,0.9373493975903614,0.917844364573478,0.9120915329628586,0.9146950885199902
810,0.0039316992092012564,0.011167693571182524,,False,0.97670448840245,0.9739563177276701,0.966161402033532,0.9698040495156405,0.9373493975903614,0.917874902341616,0.912117062891229,0.9147213573877307
811,0.003926641394393243,0.011169943903245997,,False,0.9768049000903705,0.9740462220093655,0.9662438286738221,0.9698909157265313,0.9377510040160643,0.9182127313201429,0.9124720504666638,0.9150745078339718
812,0.0039227180815776695,0.011163629826877486,,False,0.9768049000903705,0.9740519928283865,0.9662438286738221,0.9698938234957186,0.9377510040160643,0.9182127313201429,0.9124720504666638,0.9150745078339718
813,0.003918880213717117,0.011165930467020154,,False,0.976905311778291,0.9741463114094877,0.9663325047401519,0.9699852695068711,0.9385542168674699,0.9189737824000697,0.9132330854742742,0.9158221741211252
814,0.003914944117300156,0.011163799623646324,,False,0.976905311778291,0.9741384619134626,0.9663325047401519,0.9699812347475721,0.9385542168674699,0.9189737824000697,0.9132330854742742,0.9158221741211252
815,0.003910621443685005,0.011163726364187731,,False,0.976905311778291,0.974588150128915,0.9663325047401519,0.9701795186323375,0.9385542168674699,0.9189737824000697,0.9132330854742742,0.9158221741211252
816,0.003906898637996133,0.011159179372224602,,False,0.9770057234662115,0.975140579457932,0.966414931380442,0.9704690083380483,0.9389558232931727,0.919326720741179,0.9135950109176328,0.9161938084408986
817,0.003902721459386339,0.011160061356913135,,False,0.976905311778291,0.9745963833623181,0.9663325047401519,0.97018294329457,0.9381526104417671,0.9185805993565257,0.9128339759100226,0.9154449763285682
818,0.0038989677732908456,0.011163598879413187,,False,0.9770057234662115,0.974682603582711,0.9664257970248799,0.9702734069318034,0.9381526104417671,0.9185805993565257,0.9128339759100226,0.9154449763285682
819,0.0038945588749692422,0.011164821153174376,,False,0.9770057234662115,0.9742266738487013,0.9664257970248799,0.9700728211248903,0.9389558232931727,0.919326720741179,0.9135950109176328,0.9161938084408986
820,0.00389079736383953,0.011163256266829569,,False,0.9770057234662115,0.9746784427034775,0.9664257970248799,0.9702715435923793,0.9385542168674699,0.918954261382888,0.9132330854742742,0.9158221892416292
821,0.0038873157909037176,0.011163361527115908,,False,0.9770057234662115,0.974676588170818,0.9664257970248799,0.9702704553531049,0.9389558232931727,0.919326720741179,0.9135950109176328,0.9161938084408986
822,0.0038825401233174087,0.011161754646109578,,False,0.9770057234662115,0.9746784427034775,0.9664257970248799,0.9702715435923793,0.9377510040160643,0.9182219421518933,0.9124789883345876,0.9150912446978546
823,0.0038783305222877006,0.011161814401618588,,False,0.9770057234662115,0.9746784427034775,0.9664257970248799,0.9702715435923793,0.9381526104417671,0.9185805993565257,0.9128339759100226,0.9154449763285682
824,0.0038747368050825104,0.011164596598176877,,False,0.9770057234662115,0.9746745075314942,0.9664257970248799,0.9702700167703813,0.9389558232931727,0.919326720741179,0.9135950109176328,0.9161938084408986
825,0.0038704809924755717,0.0111638884481497,,False,0.9771061351541319,0.9747709272004462,0.9665144730912095,0.9703619064229316,0.9385542168674699,0.9189526092559563,0.9132144934138277,0.9158194493998315
826,0.0038667717716513454,0.01116072942747542,,False,0.9771061351541319,0.9747709272004462,0.9665144730912095,0.9703619064229316,0.9389558232931727,0.919326720741179,0.9135950109176328,0.9161938084408986
827,0.003862830037955604,0.011161197088681267,,False,0.9771061351541319,0.9747709272004462,0.9665144730912095,0.9703619064229316,0.9389558232931727,0.919326720741179,0.9135950109176328,0.9161938084408986
828,0.003858694326380508,0.011162456511405452,,False,0.9771061351541319,0.9747709272004462,0.9665144730912095,0.9703619064229316,0.9385542168674699,0.9189526092559563,0.9132144934138277,0.9158194493998315
829,0.0038548838778582647,0.011160067662344604,,False,0.9771061351541319,0.9747727817331057,0.9665144730912095,0.9703629946622058,0.9381526104417671,0.9185805993565257,0.9128339759100226,0.9154449763285682
830,0.003850837412771894,0.011160181902641937,,False,0.9772065468420524,0.9753169778287195,0.9665968997314996,0.9706490597056838,0.9381526104417671,0.9185805993565257,0.9128339759100226,0.9154449763285682
831,0.003846815149001239,0.011155604052250953,,False,0.9773069585299728,0.975429727879336,0.9671089325015969,0.970987935711412,0.9389558232931727,0.919326720741179,0.9135950109176328,0.9161938084408986
832,0.0038428011676792215,0.011156050513824551,,False,0.9773069585299728,0.9754280230003296,0.9671089325015969,0.9709868852156477,0.9385542168674699,0.9189526092559563,0.9132144934138277,0.9158194493998315
833,0.003839038952499783,0.011153350965877565,,False,0.9773069585299728,0.9754280230003296,0.9671089325015969,0.9709868852156477,0.9389558232931727,0.919326720741179,0.9135950109176328,0.9161938084408986
834,0.0038354788243570017,0.011153163616675505,,False,0.9773069585299728,0.9754280230003296,0.9671089325015969,0.9709868852156477,0.9385542168674699,0.9189526092559563,0.9132144934138277,0.9158194493998315
835,0.0038328427957121697,0.011149839909241519,,False,0.9775077819058139,0.9751348071392686,0.9668877990238776,0.9707308125970814,0.9377510040160643,0.9182219421518933,0.9124789883345876,0.9150912446978546
836,0.003827473107447437,0.011148128686977926,,False,0.9774073702178934,0.9755176315681245,0.9672023031832029,0.9710782846085364,0.9385542168674699,0.9189526092559563,0.9132144934138277,0.9158194493998315
837,0.0038241987036409645,0.011148442326828822,,False,0.9775077819058139,0.9751538974382827,0.967306461112369,0.9709751812631586,0.9385542168674699,0.9189498593512896,0.9132068319875766,0.9158208014726384
838,0.003819887281311275,0.011153594071020744,,False,0.9774073702178934,0.9750678401832431,0.9672137203867567,0.9708851601026187,0.9389558232931727,0.9193184651849003,0.9135873494913818,0.9161917999808513
839,0.003817162918700365,0.011155875741110783,,False,0.9776081935937343,0.9757223586899921,0.9678081014002662,0.9715100716413746,0.9397590361445783,0.9200735004557552,0.914348384498992,0.9169415728653109
840,0.0038123902103311264,0.011152968335202712,,False,0.9777086052816548,0.9758121048795255,0.9679014720818722,0.9716015056044321,0.9389558232931727,0.9193184651849003,0.9135873494913818,0.9161917999808513
841,0.0038084961004777825,0.011143727338790656,,False,0.9778090169695752,0.9759015249472147,0.9679947643666001,0.9716930113400122,0.9393574297188755,0.9196996653858466,0.913955063440506,0.9165657513457545
842,0.0038045189823289615,0.0111446481439975,,False,0.9778090169695752,0.9758984162728331,0.9679947643666001,0.9716917163972375,0.9397590361445783,0.9200729091543016,0.9143355809443112,0.9169408495633211
843,0.003800893498457889,0.011146183006730738,,False,0.9776081935937343,0.9756978114242878,0.9673894393117748,0.9712629604369476,0.9393574297188755,0.9197048727153945,0.913962724866757,0.9165656542911065
844,0.003797402004085701,0.011147466671190577,,False,0.9777086052816548,0.9758180704395131,0.9679014720818722,0.9716044269644671,0.9389558232931727,0.9193184651849003,0.9135873494913818,0.9161917999808513
845,0.00379330043038887,0.011143478322628164,,False,0.9777086052816548,0.9758150641454546,0.9679014720818722,0.971602762818456,0.9397590361445783,0.9200721330230291,0.9143381002421324,0.9169323620025749
846,0.0037894229357074358,0.011143911224849794,,False,0.9779094286574957,0.9760017405292094,0.9680881350482061,0.971789239375932,0.9397590361445783,0.9200703689044545,0.9143304388158813,0.9169330092577144
847,0.0037855759113928707,0.01114442013728632,,False,0.9779094286574957,0.9760030942518859,0.9680882134450841,0.9717896270877306,0.9401606425702811,0.9204425239437097,0.9147109563196865,0.9173081549611466
848,0.003782013119745484,0.011143046995396788,,False,0.9780098403454162,0.976093695751951,0.9681815057298121,0.9718817155004229,0.9397590361445783,0.9200703689044545,0.9143304388158813,0.9169330092577144
849,0.0037783403941502322,0.011144229018090247,,False,0.9779094286574957,0.9760070914450982,0.9680882134450841,0.9717914694383583,0.9397590361445783,0.9200703689044545,0.9143304388158813,0.9169330092577144
850,0.003774381339978298,0.011143739835518068,,False,0.9780098403454162,0.9760865173052312,0.9681815057298121,0.971877530842074,0.9401606425702811,0.9204425239437097,0.9147109563196865,0.9173081549611466
851,0.0037705847472047794,0.0111415410836698,,False,0.9780098403454162,0.9760854031473976,0.9681815057298121,0.971877625607565,0.9401606425702811,0.9204425239437097,0.9147109563196865,0.9173081549611466
852,0.0037673154539991983,0.011140435540586984,,False,0.9780098403454162,0.9760886650109017,0.9681815057298121,0.971878654613189,0.9397590361445783,0.9200703689044545,0.9143304388158813,0.9169330092577144
853,0.0037634716668135237,0.011143865748185454,,False,0.9780098403454162,0.9760865173052312,0.9681815057298121,0.971877530842074,0.9397590361445783,0.9200703689044545,0.9143304388158813,0.9169330092577144
854,0.003759766222819185,0.01114039874434294,,False,0.9779094286574957,0.9760070914450982,0.9680882134450841,0.9717914694383583,0.9397590361445783,0.9200592781481391,0.9143304388158813,0.9169292644769413
855,0.003756262765668598,0.011144279193419697,,False,0.9779094286574957,0.9760070914450982,0.9680882134450841,0.9717914694383583,0.9401606425702811,0.9204425239437097,0.9147109563196865,0.9173081549611466
856,0.0037525491736866297,0.011133834211086534,,False,0.9780098403454162,0.9760915480462804,0.9681815057298121,0.9718805917293079,0.9393574297188755,0.9196869287464339,0.9139499213120761,0.9165534216964333
857,0.003748519360315411,0.011136816571083404,,False,0.9780098403454162,0.9760915480462804,0.9681815057298121,0.9718805917293079,0.9397590361445783,0.9200703689044545,0.9143304388158813,0.9169330092577144
858,0.003744939550458872,0.011137431162794328,,False,0.9779094286574957,0.9760070914450982,0.9680882134450841,0.9717914694383583,0.9397590361445783,0.9200703689044545,0.9143304388158813,0.9169330092577144
859,0.0037413314132543002,0.011134951332187054,,False,0.9779094286574957,0.9760070914450982,0.9680882134450841,0.9717914694383583,0.9397590361445783,0.9200703689044545,0.9143304388158813,0.9169330092577144
860,0.0037378410888520416,0.011135718632002092,,False,0.9779094286574957,0.9760070914450982,0.9680882134450841,0.9717914694383583,0.9401606425702811,0.9218174520243946,0.9147109563196865,0.9179074745468362
861,0.003734333226400949,0.011132309870043674,,False,0.9780098403454162,0.976093695751951,0.9681815057298121,0.9718817155004229,0.9393574297188755,0.9196869287464339,0.9139499213120761,0.9165534216964333
862,0.0037308092048775102,0.011134798781709861,,False,0.9780098403454162,0.9760915480462804,0.9681815057298121,0.9718805917293079,0.9397590361445783,0.9200826898718483,0.914381249758526,0.9169642636834097
863,0.003727535074399463,0.011134754924400013,,False,0.9781102520333367,0.9761832568730038,0.9682766351057635,0.9719743869479718,0.9397590361445783,0.9200826898718483,0.914381249758526,0.9169642636834097
864,0.0037233846865092676,0.011133910646365045,,False,0.9780098403454162,0.9760886650109017,0.9681815057298121,0.971878654613189,0.9401606425702811,0.9204425239437097,0.9147109563196865,0.9173081549611466
865,0.0037198281092053346,0.011136524368262204,,False,0.9780098403454162,0.9760865173052312,0.9681815057298121,0.971877530842074,0.9397590361445783,0.9200826898718483,0.914381249758526,0.9169642636834097
866,0.0037162993787477855,0.011136551037954925,,False,0.9781102520333367,0.9761817518456488,0.9682754289006584,0.9719713036161693,0.9397590361445783,0.9200703689044545,0.9143304388158813,0.9169330092577144
867,0.003712516439980999,0.011132179521545828,,False,0.9781102520333367,0.9761867825866981,0.9682754289006584,0.9719743645034031,0.9393574297188755,0.9197105348325931,0.9140007322547208,0.9165891179799774
868,0.003708845543362906,0.011131327914055529,,False,0.9782106637212572,0.9762784136724384,0.9683705582766097,0.972068160699563,0.9397590361445783,0.9200826898718483,0.914381249758526,0.9169642636834097
869,0.0037057466743074816,0.011133664751165449,,False,0.9781102520333367,0.9761939570712561,0.9682772659918817,0.9719790384086134,0.940562248995984,0.9208168172962112,0.9150914738234915,0.9176831868770952
870,0.0037020179463319314,0.011130177595517588,,False,0.9781102520333367,0.9761959558570703,0.9682772659918817,0.9719801244805044,0.9401606425702811,0.9204425239437097,0.9147109563196865,0.9173081549611466
871,0.003698398334621912,0.011125380118608886,,False,0.9782106637212572,0.9762854057624281,0.9683687995822644,0.9720698796271916,0.9393574297188755,0.9197105348325931,0.9140007322547208,0.9165891179799774
872,0.0036949475009921203,0.011125169505021982,,False,0.9782106637212572,0.9762899483293412,0.9683687995822644,0.9720718772352716,0.9389558232931727,0.9193294924372609,0.9136202147509156,0.9162101208024607
873,0.00369177009896574,0.011125248066934558,,False,0.9782106637212572,0.9762854057624281,0.9683687995822644,0.9720698796271916,0.9389558232931727,0.9193294924372609,0.9136202147509156,0.9162101208024607
874,0.0036879920343051305,0.011126634643917756,,False,0.9782106637212572,0.9762784136724384,0.9683705582766097,0.972068160699563,0.9397590361445783,0.9214502980849085,0.914381249758526,0.9175610181188242
875,0.003684300490639159,0.011124528747303984,,False,0.9781102520333367,0.9761939570712561,0.9682772659918817,0.9719790384086134,0.9401606425702811,0.9218174520243946,0.9147109563196865,0.9179074745468362
876,0.0036805264485013744,0.0111236654017918,,False,0.9783110754091776,0.9763746677274135,0.9684639289582156,0.9721625554048272,0.9397590361445783,0.9214566603794067,0.914381249758526,0.9175635927888148
877,0.003678083398228494,0.011124786453278423,,False,0.9783110754091776,0.9763813512976096,0.9684639289582156,0.9721656765259925,0.9397590361445783,0.9214502980849085,0.914381249758526,0.9175610181188242
878,0.003673860321167384,0.011121627950476607,,False,0.9784114870970981,0.9764619702104544,0.968559058334167,0.972254026020481,0.9389558232931727,0.9207034629448193,0.9136202147509156,0.9168094499078661
879,0.0036706072993186838,0.011120465908870272,,False,0.9784114870970981,0.9764670009515037,0.968559058334167,0.9722570869077148,0.9401606425702811,0.921830953731908,0.914761767262331,0.9179386247047634
880,0.0036667728523558886,0.011120085502162364,,False,0.9784114870970981,0.976464040819878,0.968559058334167,0.9722551109040976,0.9389558232931727,0.9207034629448193,0.9136202147509156,0.9168094499078661
881,0.0036631869066362285,0.011123525504813754,,False,0.9784114870970981,0.9764619702104544,0.968559058334167,0.972254026020481,0.9393574297188755,0.919701841838966,0.9140007322547208,0.9165859635829688
882,0.0036597784908788114,0.011123081866717469,,False,0.9785118987850185,0.9765590771281177,0.9686497612820129,0.9723486715964723,0.9401606425702811,0.9204569832243499,0.914761767262331,0.9173392955993582
883,0.0036562425867635788,0.011119914943162272,,False,0.9784114870970981,0.9764746205269356,0.9685564689972848,0.9722595493055226,0.9393574297188755,0.919701841838966,0.9140007322547208,0.9165859635829688
884,0.0036534561385055423,0.011123126814393482,,False,0.9785118987850185,0.9765590771281177,0.9686497612820129,0.9723486715964723,0.9401606425702811,0.9218269459191836,0.914761767262331,0.9179366327045673
885,0.0036498016635930354,0.011119744763554927,,False,0.9785118987850185,0.9765560371511874,0.9686497612820129,0.9723466568698392,0.9393574297188755,0.9210758123465244,0.9140007322547208,0.9171852926883742
886,0.0036459931068251864,0.011117351284624055,,False,0.9786123104729391,0.9766500095087127,0.9687431319636188,0.9724404559665373,0.9393574297188755,0.9210758123465244,0.9140007322547208,0.9171852926883742
887,0.0036425511653353925,0.011116339633170061,,False,0.9786123104729391,0.9766488681462077,0.9687431319636188,0.9724399807212605,0.9397590361445783,0.9214502980849085,0.914381249758526,0.9175610181188242
888,0.0036393835124446765,0.01111884107759955,,False,0.9786123104729391,0.9766488681462077,0.9687431319636188,0.9724399807212605,0.9401606425702811,0.9218269459191836,0.914761767262331,0.9179366327045673
889,0.0036357914251820664,0.011111030305986857,,False,0.9787127221608595,0.9767594918240401,0.9692551647337161,0.9727750786270709,0.9389558232931727,0.9207034629448193,0.9136202147509156,0.9168094499078661
890,0.003632374443891871,0.011112892993639833,,False,0.9787127221608595,0.9767594918240401,0.9692551647337161,0.9727750786270709,0.9389558232931727,0.9207034629448193,0.9136202147509156,0.9168094499078661
891,0.0036292471210124565,0.01111092780417688,,False,0.9787127221608595,0.9767594918240401,0.9692551647337161,0.9727750786270709,0.9389558232931727,0.9207034629448193,0.9136202147509156,0.9168094499078661
892,0.0036259796251426925,0.011111233419310012,,False,0.9787127221608595,0.9767594918240401,0.9692551647337161,0.9727750786270709,0.9401606425702811,0.9218269459191836,0.914761767262331,0.9179366327045673
893,0.0036224531995858755,0.011113156184526263,,False,0.9787127221608595,0.9767584969679893,0.9692551647337161,0.9727744719814767,0.9401606425702811,0.9218269459191836,0.914761767262331,0.9179366327045673
894,0.003618909403911211,0.011112769433974943,,False,0.9787127221608595,0.9767594918240401,0.9692551647337161,0.9727750786270709,0.9401606425702811,0.9218269459191836,0.914761767262331,0.9179366327045673
895,0.0036156154231147854,0.011110647832322552,,False,0.9787127221608595,0.9767584969679893,0.9692551647337161,0.9727744719814767,0.9401606425702811,0.9218269459191836,0.914761767262331,0.9179366327045673
896,0.0036122803736858664,0.011109505897193176,,False,0.9787127221608595,0.9767594918240401,0.9692551647337161,0.9727750786270709,0.9393574297188755,0.9216379664390497,0.9156778279196399,0.9183877265266646
897,0.003609442071064414,0.011106499756685893,,False,0.9787127221608595,0.9767594918240401,0.9692551647337161,0.9727750786270709,0.9393574297188755,0.9216379664390497,0.9156778279196399,0.9183877265266646
898,0.0036060307604086194,0.011106800687816571,,False,0.9787127221608595,0.9767584969679893,0.9692551647337161,0.9727744719814767,0.9393574297188755,0.9216379664390497,0.9156778279196399,0.9183877265266646
899,0.003602218591853288,0.011106101536760985,,False,0.9787127221608595,0.9767584969679893,0.9692551647337161,0.9727744719814767,0.9397590361445783,0.9220103158407549,0.9160583454234451,0.9187635693071727
900,0.003599422246647689,0.01110843451574324,,False,0.9787127221608595,0.9767555289432693,0.9692551647337161,0.9727724560991248,0.9393574297188755,0.9216379664390497,0.9156778279196399,0.9183877265266646
901,0.003595711219554767,0.011109017564543208,,False,0.9787127221608595,0.9767535354300926,0.9692551647337161,0.9727714101030069,0.940562248995984,0.922761449413414,0.9168193804310554,0.9195149093233658
902,0.0035937864228519894,0.011114581225209141,,False,0.9787127221608595,0.9767584969679893,0.9692551647337161,0.9727744719814767,0.940562248995984,0.9227728280119476,0.9168245225594851,0.9195230232059642
903,0.003589552473463184,0.011103832233657903,,False,0.9787127221608595,0.9767555289432693,0.9692551647337161,0.9727724560991248,0.9393574297188755,0.9216379664390497,0.9156778279196399,0.9183877265266646
904,0.003585996376274705,0.011102492604195461,,False,0.9787127221608595,0.9767584969679893,0.9692551647337161,0.9727744719814767,0.940562248995984,0.922761449413414,0.9168193804310554,0.9195149093233658
905,0.0035830216363267626,0.011104480898036022,,False,0.9787127221608595,0.9767584969679893,0.9692551647337161,0.9727744719814767,0.9409638554216867,0.9231402854007585,0.9171998979348606,0.9198904195654691
906,0.0035797711519538703,0.011103127863846027,,False,0.9787127221608595,0.9767555289432693,0.9692551647337161,0.9727724560991248,0.9397590361445783,0.9220103158407549,0.9160583454234451,0.9187635693071727
907,0.003576562244022447,0.011103861477686926,,False,0.9787127221608595,0.9767584969679893,0.9692551647337161,0.9727744719814767,0.940562248995984,0.9227728280119476,0.9168245225594851,0.9195230232059642
908,0.0035732405120229424,0.011103512361198902,,False,0.9787127221608595,0.9767535354300926,0.9692551647337161,0.9727714101030069,0.9401606425702811,0.9223929166468798,0.91644400505568,0.9191475577806378
909,0.0035700045334250115,0.011099503467555548,,False,0.9787127221608595,0.9767555289432693,0.9692551647337161,0.9727724560991248,0.9389558232931727,0.9212917737474784,0.9153532634869092,0.9180605330117823
910,0.0035668452167992733,0.011100809969255042,,False,0.9787127221608595,0.9767535354300926,0.9692551647337161,0.9727714101030069,0.940562248995984,0.9227728280119476,0.9168245225594851,0.9195230232059642
911,0.0035635035538159237,0.011099538698714797,,False,0.9787127221608595,0.9767584969679893,0.9692551647337161,0.9727744719814767,0.940562248995984,0.9227728280119476,0.9168245225594851,0.9195230232059642
912,0.003560654760902554,0.011098854402010354,,False,0.9787127221608595,0.9767584969679893,0.9692551647337161,0.9727744719814767,0.940562248995984,0.9227728280119476,0.9168245225594851,0.9195230232059642
913,0.003557417769772344,0.011098925047176827,,False,0.9787127221608595,0.9767555289432693,0.9692551647337161,0.9727724560991248,0.9389558232931727,0.9212917737474784,0.9153532634869092,0.9180605330117823
914,0.0035547532505274177,0.011096732793128792,,False,0.97881313384878,0.9768723354735628,0.9697671975038133,0.9731094131963063,0.9385542168674699,0.9209183288483279,0.914972745983104,0.9176847390710692
915,0.0035508731276224317,0.011094468727178263,,False,0.9787127221608595,0.9767584969679893,0.9692551647337161,0.9727744719814767,0.9397590361445783,0.9220103158407549,0.9160583454234451,0.9187635693071727
916,0.0035476565904765506,0.011095551063022614,,False,0.97881313384878,0.9768714168478048,0.9697671975038133,0.9731099759659503,0.940562248995984,0.9227728280119476,0.9168245225594851,0.9195230232059642
917,0.0035450837152227284,0.01109326029173543,,False,0.97881313384878,0.9768772970114594,0.9697671975038133,0.9731124750747759,0.9393574297188755,0.921639612322147,0.9156829700480696,0.9183963113952129
918,0.003541486785458848,0.011095474882520178,,False,0.97881313384878,0.9768714168478048,0.9697671975038133,0.9731099759659503,0.940562248995984,0.9227728280119476,0.9168245225594851,0.9195230232059642
919,0.0035389042011727276,0.011099834351990906,,False,0.97881313384878,0.9768714168478048,0.9697671975038133,0.9731099759659503,0.940562248995984,0.9227728280119476,0.9168245225594851,0.9195230232059642
920,0.003535509971795658,0.011096786585801866,,False,0.97881313384878,0.9768714168478048,0.9697671975038133,0.9731099759659503,0.940562248995984,0.9227728280119476,0.9168245225594851,0.9195230232059642
921,0.003532025175191657,0.011093945125776059,,False,0.97881313384878,0.9768714168478048,0.9697671975038133,0.9731099759659503,0.9401606425702811,0.9223929166468798,0.91644400505568,0.9191475577806378
922,0.003528884923541405,0.011089938292943666,,False,0.97881313384878,0.9768697252688453,0.9697671975038133,0.9731090065040079,0.940562248995984,0.9227728280119476,0.9168245225594851,0.9195230232059642
923,0.003525841899830528,0.011089454865489526,,False,0.97881313384878,0.9768714168478048,0.9697671975038133,0.9731099759659503,0.940562248995984,0.9227728280119476,0.9168245225594851,0.9195230232059642
924,0.0035229180818212385,0.011092354778888178,,False,0.97881313384878,0.9768697252688453,0.9697671975038133,0.9731090065040079,0.940562248995984,0.9227586994873049,0.9168245225594851,0.919524063774909
925,0.003519973203418819,0.011085688283934695,,False,0.97881313384878,0.9768734103609815,0.9697671975038133,0.9731110219620683,0.9397590361445783,0.9220151867897309,0.9160634875518748,0.9187719893397974
926,0.003516655560136617,0.01108722784052237,,False,0.97881313384878,0.9768714168478048,0.9697671975038133,0.9731099759659503,0.9401606425702811,0.9223787881222373,0.91644400505568,0.9191485983495826
927,0.0035135645843529222,0.01108712099763322,,False,0.97881313384878,0.9768697252688453,0.9697671975038133,0.9731090065040079,0.940562248995984,0.9227586994873049,0.9168245225594851,0.919524063774909
928,0.003511141386824537,0.011083957760776822,,False,0.97881313384878,0.9768772970114594,0.9697671975038133,0.9731124750747759,0.9393574297188755,0.9216254837975044,0.9156829700480696,0.9183973519641577
929,0.0035081413195133197,0.011087782918372632,,False,0.9789135455367005,0.9769631170918743,0.9698623268797646,0.9732037675434585,0.940562248995984,0.9227728280119476,0.9168245225594851,0.9195230232059642
930,0.003504631627563919,0.011083692027843504,,False,0.9789135455367005,0.9769616640178482,0.9698605681854193,0.9732009548099546,0.940562248995984,0.9227586994873049,0.9168245225594851,0.919524063774909
931,0.0035015713108452373,0.011085635828647364,,False,0.9789135455367005,0.9769631170918743,0.9698623268797646,0.9732037675434585,0.940562248995984,0.9227586994873049,0.9168245225594851,0.919524063774909
932,0.003498393697077642,0.011089919287524161,,False,0.9790139572246209,0.9770575540205854,0.9699556975613706,0.973297755784539,0.940562248995984,0.9227586994873049,0.9168245225594851,0.919524063774909
933,0.003495402348747828,0.011086463001471968,,False,0.9790139572246209,0.9770508253714182,0.9699556975613706,0.9732937245943408,0.940562248995984,0.9227586994873049,0.9168245225594851,0.919524063774909
934,0.0034923604093733936,0.01108670927566097,,False,0.9790139572246209,0.9770525924826887,0.9699556975613706,0.9732946939060694,0.940562248995984,0.9227586994873049,0.9168245225594851,0.919524063774909
935,0.003489409111253693,0.011088479857813423,,False,0.9790139572246209,0.9770575540205854,0.9699556975613706,0.973297755784539,0.940562248995984,0.9227586994873049,0.9168245225594851,0.919524063774909
936,0.0034868749471490693,0.011086933095850996,,False,0.9789135455367005,0.9769609329498758,0.9698605681854193,0.9731994131063038,0.9389558232931727,0.9212799168530145,0.9153532634869092,0.9180621220618304
937,0.0034834730303383785,0.011086107760079338,,False,0.9790139572246209,0.9770481571829408,0.9699556975613706,0.9732916407405257,0.9397590361445783,0.9220332211777473,0.9161142984945195,0.9188133684472553
938,0.0034803936000315974,0.011084160041185682,,False,0.9790139572246209,0.9770557869093148,0.9699556975613706,0.9732967864728105,0.940562248995984,0.9227586994873049,0.9168245225594851,0.919524063774909
939,0.0034781825899537757,0.011089413518864066,,False,0.9790139572246209,0.9770557869093148,0.9699556975613706,0.9732967864728105,0.9409638554216867,0.9231303331213319,0.91717951013492,0.9198807290295077
940,0.0034748673965563867,0.01108401614745373,,False,0.9790139572246209,0.977052037406437,0.9699556975613706,0.9732930936080858,0.940562248995984,0.9227586994873049,0.9168245225594851,0.919524063774909
941,0.0034718710278882205,0.01108146147827941,,False,0.9790139572246209,0.977052037406437,0.9699556975613706,0.9732930936080858,0.9401606425702811,0.9223787881222373,0.91644400505568,0.9191485983495826
942,0.003468554573317342,0.011079224702797595,,False,0.9790139572246209,0.9770496703539079,0.9699556975613706,0.9732919722290677,0.940562248995984,0.9227586994873049,0.9168245225594851,0.919524063774909
943,0.003465589457255253,0.011082475587601889,,False,0.9790139572246209,0.977053556449731,0.9699556975613706,0.97329436643026,0.940562248995984,0.9227586994873049,0.9168245225594851,0.919524063774909
944,0.003462875406319999,0.01108531351880887,,False,0.9791143689125414,0.977147289082209,0.9700443736277004,0.9733871437406277,0.940562248995984,0.9227586994873049,0.9168245225594851,0.919524063774909
945,0.003459820841555546,0.011078013801500164,,False,0.9790139572246209,0.97706335524037,0.9699556975613706,0.9733002168773073,0.940562248995984,0.9227586994873049,0.9168245225594851,0.919524063774909
946,0.0034570544773829402,0.011083532223477386,,False,0.9791143689125414,0.9771500201605219,0.9700443736277004,0.9733877855765469,0.940562248995984,0.9227586994873049,0.9168245225594851,0.919524063774909
947,0.003454395469499281,0.011078424175300512,,False,0.9791143689125414,0.9771422382425337,0.9700490682429765,0.9733843897885114,0.9401606425702811,0.9223787881222373,0.91644400505568,0.9191485983495826
948,0.0034518594780923043,0.011078352701299159,,False,0.9791143689125414,0.9771422382425337,0.9700490682429765,0.9733843897885114,0.9397590361445783,0.9220010582650886,0.9160634875518748,0.918773029908742
949,0.0034482038979958404,0.011080599627571321,,False,0.9791143689125414,0.9771462328469718,0.9700490682429765,0.9733873697579166,0.940562248995984,0.9227586994873049,0.9168245225594851,0.919524063774909
950,0.0034454331247171063,0.011076951380989937,,False,0.9792147806004619,0.977235551737587,0.9701377443093063,0.9734765465092783,0.9401606425702811,0.9223787881222373,0.91644400505568,0.9191485983495826
951,0.0034430879632326087,0.011074726764919452,,False,0.9792147806004619,0.9772475191333528,0.9701424389245825,0.9734847489936094,0.9401606425702811,0.9223787881222373,0.91644400505568,0.9191485983495826
952,0.0034397199647468774,0.01107492295583125,,False,0.9793151922883824,0.9773385104964812,0.9702311149909123,0.973575033462291,0.9401606425702811,0.9223787881222373,0.91644400505568,0.9191485983495826
953,0.0034367622215209,0.011078630935163251,,False,0.9793151922883824,0.9773342383053111,0.9702311149909123,0.9735719453202812,0.9401606425702811,0.9223787881222373,0.91644400505568,0.9191485983495826
954,0.003433634454575023,0.01107756645980004,,False,0.9793151922883824,0.9773365990824693,0.9702311149909123,0.9735740663141534,0.940562248995984,0.9227586994873049,0.9168245225594851,0.919524063774909
955,0.0034314904920984927,0.011075572939524613,,False,0.9793151922883824,0.9773318764860713,0.9702311149909123,0.9735708638665014,0.9397590361445783,0.9220010582650886,0.9160634875518748,0.918773029908742
956,0.003427980848465571,0.011076990957775038,,False,0.9793151922883824,0.9773260788519538,0.9702311149909123,0.973568481627956,0.940562248995984,0.9227586994873049,0.9168245225594851,0.919524063774909
957,0.0034251298300422314,0.011076117500640898,,False,0.9793151922883824,0.9773260788519538,0.9702311149909123,0.973568481627956,0.940562248995984,0.9227757528980169,0.9168245225594851,0.9195393228861044
958,0.0034222928712993373,0.011075965372047096,,False,0.9793151922883824,0.9773342383053111,0.9702311149909123,0.9735719453202812,0.940562248995984,0.9227757528980169,0.9168245225594851,0.9195393228861044
959,0.0034197001992312863,0.011075197176744756,,False,0.9793151922883824,0.9773318764860713,0.9702311149909123,0.9735708638665014,0.9401606425702811,0.9223958415329494,0.91644400505568,0.919163857460778
960,0.0034170536065708398,0.011075095925115736,,False,0.9793151922883824,0.9773318764860713,0.9702311149909123,0.9735708638665014,0.9401606425702811,0.9223958415329494,0.91644400505568,0.919163857460778
961,0.0034140779034493346,0.011073458780334448,,False,0.9793151922883824,0.9773318764860713,0.9702311149909123,0.9735708638665014,0.9401606425702811,0.9223958415329494,0.91644400505568,0.919163857460778
962,0.0034110976112503894,0.011074332818605499,,False,0.9793151922883824,0.9773318764860713,0.9702311149909123,0.9735708638665014,0.9401606425702811,0.9223958415329494,0.91644400505568,0.919163857460778
963,0.0034086382265343137,0.011072422993352184,,False,0.9793151922883824,0.9773318764860713,0.9702311149909123,0.9735708638665014,0.9401606425702811,0.9223958415329494,0.91644400505568,0.919163857460778
964,0.003405387104552068,0.011073932746354537,,False,0.9793151922883824,0.9773318764860713,0.9702311149909123,0.9735708638665014,0.940562248995984,0.9227757528980169,0.9168245225594851,0.9195393228861044
965,0.0034027337748129094,0.011074157365411952,,False,0.9795160156642233,0.9775112392689673,0.9704213737428149,0.973757028836808,0.940562248995984,0.9227757528980169,0.9168245225594851,0.9195393228861044
966,0.003400017228729193,0.011078260357595812,,False,0.9795160156642233,0.9775168581251642,0.9704213737428149,0.9737604583141715,0.940562248995984,0.9227757528980169,0.9168245225594851,0.9195393228861044
967,0.0033971467922825635,0.01107546996442211,,False,0.9794156039763029,0.9774211564853622,0.9703262443668635,0.9736648286718085,0.940562248995984,0.9227757528980169,0.9168245225594851,0.9195393228861044
968,0.003394285007975526,0.01107824535090136,,False,0.9795160156642233,0.9775091945962378,0.9704213737428149,0.9737572386159398,0.940562248995984,0.9227757528980169,0.9168245225594851,0.9195393228861044
969,0.0033915260211010846,0.011073602835395659,,False,0.9795160156642233,0.9775126266191888,0.9704213737428149,0.9737585798516972,0.940562248995984,0.9227757528980169,0.9168245225594851,0.9195393228861044
970,0.0033889095187929655,0.011073030974462734,,False,0.9795160156642233,0.9775126266191888,0.9704213737428149,0.9737585798516972,0.9401606425702811,0.9223958415329494,0.91644400505568,0.919163857460778
971,0.0033859403520748615,0.01107255285254007,,False,0.9795160156642233,0.9775195586367068,0.9704213737428149,0.9737628250291122,0.940562248995984,0.9227757528980169,0.9168245225594851,0.9195393228861044
972,0.0033833683218386017,0.011070037781917095,,False,0.9795160156642233,0.9775126266191888,0.9704213737428149,0.9737585798516972,0.9401606425702811,0.9223958415329494,0.91644400505568,0.919163857460778
973,0.0033807130430715355,0.011073268932619045,,False,0.9795160156642233,0.9775096266073926,0.9704213737428149,0.973756137365188,0.9401606425702811,0.9224044986112424,0.9164504110742625,0.9191607566418077
974,0.003377858343883916,0.01107306219271059,,False,0.9795160156642233,0.9775108643947529,0.9704213737428149,0.9737576505180754,0.9409638554216867,0.9231473865320439,0.91717951013492,0.9198959881407033
975,0.0033752404183224312,0.011072165398328648,,False,0.9795160156642233,0.977517945975132,0.9704213737428149,0.9737619335574921,0.9401606425702811,0.9224044986112424,0.9164504110742625,0.9191607566418077
976,0.003372321421791677,0.011070242942597001,,False,0.9795160156642233,0.9775195586367068,0.9704213737428149,0.9737628250291122,0.940562248995984,0.9227757528980169,0.9168245225594851,0.9195393228861044
977,0.0033696927335599616,0.011070985410561953,,False,0.9795160156642233,0.9775126266191888,0.9704213737428149,0.9737585798516972,0.940562248995984,0.9227757528980169,0.9168245225594851,0.9195393228861044
978,0.003366858764728507,0.01106911989978733,,False,0.9795160156642233,0.9775126266191888,0.9704213737428149,0.9737585798516972,0.9401606425702811,0.9223958415329494,0.91644400505568,0.919163857460778
979,0.003364162756149718,0.01107172371086471,,False,0.9795160156642233,0.9775091945962378,0.9704213737428149,0.9737572386159398,0.9401606425702811,0.9224044986112424,0.9164504110742625,0.9191607566418077
980,0.003361551212093571,0.011071760615797288,,False,0.9795160156642233,0.9775148134524346,0.9704213737428149,0.973760668093303,0.9401606425702811,0.9224044986112424,0.9164504110742625,0.9191607566418077
981,0.003358807649025025,0.011070690371729088,,False,0.9795160156642233,0.977516276176617,0.9704213737428149,0.9737615216553562,0.9401606425702811,0.9224044986112424,0.9164504110742625,0.9191607566418077
982,0.0033564086455521933,0.011069639687633545,,False,0.9795160156642233,0.9775195586367068,0.9704213737428149,0.9737628250291122,0.940562248995984,0.9227757528980169,0.9168245225594851,0.9195393228861044
983,0.0033541452939047562,0.011073145988019461,,False,0.9796164273521438,0.9776069571412263,0.9705165031187661,0.9738545284208064,0.940562248995984,0.9227772524251063,0.9168053986496975,0.9195173718698412
984,0.003350955570007493,0.011072920829076138,,False,0.9795160156642233,0.9775148134524346,0.9704213737428149,0.973760668093303,0.9401606425702811,0.9224044986112424,0.9164504110742625,0.9191607566418077
985,0.0033483938425567057,0.011070204410421376,,False,0.9795160156642233,0.9775148134524346,0.9704213737428149,0.973760668093303,0.940562248995984,0.9227772524251063,0.9168053986496975,0.9195173718698412
986,0.00334569452545298,0.011069212866869352,,False,0.9795160156642233,0.9775126266191888,0.9704213737428149,0.9737585798516972,0.9401606425702811,0.9224044986112424,0.9164504110742625,0.9191607566418077
987,0.0033434491320610106,0.011066572411332633,,False,0.9795160156642233,0.9775126266191888,0.9704213737428149,0.9737585798516972,0.9401606425702811,0.9223958415329494,0.91644400505568,0.919163857460778
988,0.0033410795491273537,0.011060028634807276,,False,0.9795160156642233,0.9775126266191888,0.9704213737428149,0.9737585798516972,0.9401606425702811,0.9223958415329494,0.91644400505568,0.919163857460778
989,0.003337634330036635,0.011065095591506828,,False,0.9795160156642233,0.977516276176617,0.9704213737428149,0.9737615216553562,0.9397590361445783,0.9220522905805412,0.9160750356988873,0.9187887787407993
990,0.003335051392534173,0.01106783571395893,,False,0.9795160156642233,0.9775148134524346,0.9704213737428149,0.973760668093303,0.9401606425702811,0.9224250443944053,0.916430023274322,0.919145393968833
991,0.0033326125656952745,0.011068909662167323,,False,0.9795160156642233,0.9775148134524346,0.9704213737428149,0.973760668093303,0.940562248995984,0.9227772524251063,0.9168053986496975,0.9195173718698412
992,0.0033297568012841693,0.011069047583120939,,False,0.9795160156642233,0.9775091945962378,0.9704213737428149,0.9737572386159398,0.9401606425702811,0.9224044986112424,0.9164504110742625,0.9191607566418077
993,0.003327186072812799,0.011064015797579476,,False,0.9795160156642233,0.9775195586367068,0.9704213737428149,0.9737628250291122,0.9401606425702811,0.9224044986112424,0.9164504110742625,0.9191607566418077
994,0.003324722675787908,0.011064708988594945,,False,0.9795160156642233,0.9770737164841378,0.9704213737428149,0.9735628066345927,0.9401606425702811,0.9224044986112424,0.9164504110742625,0.9191607566418077
995,0.0033219843528432503,0.011061650000613914,,False,0.9795160156642233,0.9775148134524346,0.9704213737428149,0.973760668093303,0.940562248995984,0.9227772524251063,0.9168053986496975,0.9195173718698412
996,0.003319430566476218,0.011060682258846384,,False,0.9795160156642233,0.9775126266191888,0.9704213737428149,0.9737585798516972,0.9401606425702811,0.9223927575430161,0.9164248811458923,0.9191414135321386
997,0.0033173881223177376,0.011063295105755011,,False,0.9797168390400642,0.9772565915087963,0.9706104262896125,0.9737484833970748,0.940562248995984,0.9227772524251063,0.9168053986496975,0.9195173718698412
998,0.003314503581860029,0.011061366545381176,,False,0.9796164273521438,0.9775995753102795,0.9705165031187661,0.9738501695146111,0.9401606425702811,0.9224250443944053,0.916430023274322,0.919145393968833
999,0.0033116234741826568,0.011060434173985834,,False,0.9795160156642233,0.9770650222421841,0.9704213737428149,0.9735576321235561,0.940562248995984,0.9227772524251063,0.9168053986496975,0.9195173718698412
1000,0.003309078614752087,0.01106091074758782,,False,0.9795160156642233,0.9770666349037587,0.9704213737428149,0.9735585235951761,0.9397590361445783,0.9220522905805412,0.9160750356988873,0.9187887787407993
1001,0.003306933893317593,0.011064323266238381,,False,0.9796164273521438,0.9771584783419828,0.9705165031187661,0.9736523080559009,0.9397590361445783,0.9220522905805412,0.9160750356988873,0.9187887787407993
1002,0.0033039018562445698,0.0110644031650566,,False,0.9795160156642233,0.9770666349037587,0.9704213737428149,0.9735585235951761,0.9401606425702811,0.9224044986112424,0.9164504110742625,0.9191607566418077
1003,0.0033016684125257204,0.011066222215491757,,False,0.9796164273521438,0.9771570156178004,0.9705165031187661,0.9736514544938477,0.9401606425702811,0.9224250443944053,0.916430023274322,0.919145393968833
1004,0.0032988431754227233,0.011062891031085424,,False,0.9795160156642233,0.9770650222421841,0.9704213737428149,0.9735576321235561,0.940562248995984,0.9227772524251063,0.9168053986496975,0.9195173718698412
1005,0.0032964067263838107,0.011061246939094493,,False,0.9795160156642233,0.9770650222421841,0.9704213737428149,0.9735576321235561,0.9401606425702811,0.9224250443944053,0.916430023274322,0.919145393968833
1006,0.0032938436726969843,0.011063909061171622,,False,0.9796164273521438,0.9771584783419828,0.9705165031187661,0.9736523080559009,0.9401606425702811,0.9224044986112424,0.9164504110742625,0.9191607566418077
1007,0.0032914455535024085,0.011066644857472665,,False,0.9796164273521438,0.9771643974487474,0.9705165031187661,0.973655813400043,0.940562248995984,0.9227772524251063,0.9168053986496975,0.9195173718698412
1008,0.0032889019052191357,0.011064748597976497,,False,0.9796164273521438,0.9771570156178004,0.9705165031187661,0.9736514544938477,0.940562248995984,0.9227772524251063,0.9168053986496975,0.9195173718698412
1009,0.0032864258698789045,0.011059759794129098,,False,0.9796164273521438,0.9771616829029983,0.9705165031187661,0.9736536122653612,0.9393574297188755,0.9216657045528908,0.9156945181950822,0.9184158690314751
1010,0.003285105649106014,0.011063756577907424,,False,0.9797168390400642,0.9772565915087963,0.9706104262896125,0.9737484833970748,0.9401606425702811,0.9224250443944053,0.916430023274322,0.919145393968833
1011,0.0032815237448975123,0.011061025306897867,,False,0.9796164273521438,0.9771584783419828,0.9705165031187661,0.9736523080559009,0.9401606425702811,0.9224146609975377,0.916430023274322,0.9191467229354127
1012,0.00327906913423925,0.011059224142492838,,False,0.9796164273521438,0.9771570156178004,0.9705165031187661,0.9736514544938477,0.9401606425702811,0.9224146609975377,0.916430023274322,0.9191467229354127
1013,0.003276551088877503,0.011059721993564432,,False,0.9797168390400642,0.9772474512730511,0.9706097954034942,0.9737439803596158,0.9397590361445783,0.9220336453003678,0.9160495057705168,0.918771308364723
1014,0.003274163199914844,0.011060108478508182,,False,0.9797168390400642,0.9772459885488688,0.9706097954034942,0.9737431267975626,0.940562248995984,0.9227668690282387,0.9168053986496975,0.9195187008364208
1015,0.003271808627636905,0.011055861214913523,,False,0.9797168390400642,0.9772474512730511,0.9706097954034942,0.9737439803596158,0.9397590361445783,0.9220336453003678,0.9160495057705168,0.918771308364723
1016,0.0032693457724207683,0.011062333584289716,,False,0.9797168390400642,0.9772426137695136,0.9706097954034942,0.9737409490411637,0.9401606425702811,0.9224146609975377,0.916430023274322,0.9191467229354127
1017,0.0032669394902602894,0.011058795775537148,,False,0.9797168390400642,0.9772474512730511,0.9706097954034942,0.9737439803596158,0.9401606425702811,0.9223858533310688,0.9164248811458923,0.9191432862657314
1018,0.0032645658623676414,0.011057665966971207,,False,0.9797168390400642,0.9772426137695136,0.9706097954034942,0.9737409490411637,0.9401606425702811,0.9223858533310688,0.9164248811458923,0.9191432862657314
1019,0.0032621338721260983,0.01105606859951762,,False,0.9797168390400642,0.9772426137695136,0.9706097954034942,0.9737409490411637,0.9397590361445783,0.9220336453003678,0.9160495057705168,0.918771308364723
1020,0.0032601426675466765,0.011056005381177252,,False,0.9797168390400642,0.9772426137695136,0.9706097954034942,0.9737409490411637,0.9401606425702811,0.9223858533310688,0.9164248811458923,0.9191432862657314
1021,0.0032572963781396106,0.011058136358644069,,False,0.9798172507279848,0.9773341319254375,0.9706984714698239,0.9738313494916526,0.9401606425702811,0.9224146609975377,0.916430023274322,0.9191467229354127
1022,0.0032548691958016055,0.0110544110172755,,False,0.9799176624159052,0.9774306848868477,0.9707917637545519,0.9739268996154701,0.9401606425702811,0.9224146609975377,0.916430023274322,0.9191467229354127
1023,0.003252560272070952,0.011051407340088004,,False,0.9799176624159052,0.9774355223903848,0.9707917637545519,0.9739299309339224,0.9397590361445783,0.9220336453003678,0.9160495057705168,0.918771308364723
1024,0.0032502359154865344,0.011053558081155266,,False,0.9799176624159052,0.9774306848868477,0.9707917637545519,0.9739268996154701,0.9401606425702811,0.9224146609975377,0.916430023274322,0.9191467229354127
1025,0.003247877785934037,0.011056618406402386,,False,0.9800180741038257,0.977521112391528,0.9708856869253982,0.9740186392267609,0.9401606425702811,0.9224146609975377,0.916430023274322,0.9191467229354127
1026,0.0032455252975057405,0.011057451132322765,,False,0.9800180741038257,0.9775463738356791,0.9713037965246492,0.974261026010605,0.9397590361445783,0.9220336453003678,0.9160495057705168,0.918771308364723
1027,0.0032432079296776583,0.011058775049928424,,False,0.9800180741038257,0.9775463738356791,0.9713037965246492,0.974261026010605,0.9401606425702811,0.9224146609975377,0.916430023274322,0.9191467229354127
1028,0.003240961279644137,0.01105139448074459,,False,0.9800180741038257,0.9775512113392162,0.9713037965246492,0.9742640573290573,0.9397590361445783,0.9220336453003678,0.9160495057705168,0.918771308364723
1029,0.003238546841271947,0.011053407762609104,,False,0.9800180741038257,0.9775463738356791,0.9713037965246492,0.974261026010605,0.9397590361445783,0.9220336453003678,0.9160495057705168,0.918771308364723
1030,0.003236626779897736,0.011048793757935759,,False,0.9800180741038257,0.9775463738356791,0.9713037965246492,0.974261026010605,0.9397590361445783,0.9220336453003678,0.9160495057705168,0.918771308364723
1031,0.0032341350238617806,0.011052475131714163,,False,0.9800180741038257,0.9775463738356791,0.9713037965246492,0.974261026010605,0.9397590361445783,0.9220336453003678,0.9160495057705168,0.918771308364723
1032,0.003231534998942045,0.011052763896843927,,False,0.9801184857917462,0.9776381927616404,0.9713977196954955,0.9743536205880834,0.9397590361445783,0.9220336453003678,0.9160495057705168,0.918771308364723
1033,0.0032292127801041575,0.011054479503141142,,False,0.9802188974796666,0.977752934838882,0.9719097524655927,0.9746857119264722,0.9397590361445783,0.9220336453003678,0.9160495057705168,0.918771308364723
1034,0.0032273494342532952,0.011056656984669481,,False,0.9803193091675871,0.9778712586631466,0.97242178523569,0.9750187287392481,0.9401606425702811,0.9224146609975377,0.916430023274322,0.9191467229354127
1035,0.0032250433525794374,0.011057966611813167,,False,0.9803193091675871,0.9778712586631466,0.97242178523569,0.9750187287392481,0.9401606425702811,0.9224146609975377,0.916430023274322,0.9191467229354127
1036,0.003222194984565226,0.011051672446648576,,False,0.9803193091675871,0.9778650139695897,0.97242178523569,0.9750151407540463,0.9397590361445783,0.9220336453003678,0.9160495057705168,0.918771308364723
1037,0.0032200879539280767,0.011053986200008874,,False,0.9802188974796666,0.9777516199771193,0.9719097524655927,0.9746848955078171,0.9401606425702811,0.9224146609975377,0.916430023274322,0.9191467229354127
1038,0.0032179841820121013,0.011054613358826753,,False,0.9803193091675871,0.9778636991078269,0.97242178523569,0.9750143243353914,0.9401606425702811,0.9224146609975377,0.916430023274322,0.9191467229354127
1039,0.0032154912553029663,0.011052262729635434,,False,0.9803193091675871,0.9778650139695897,0.97242178523569,0.9750151407540463,0.9401606425702811,0.9224146609975377,0.916430023274322,0.9191467229354127
1040,0.0032131861829422107,0.011048587973729809,,False,0.9803193091675871,0.9778650139695897,0.97242178523569,0.9750151407540463,0.9397590361445783,0.9220336453003678,0.9160495057705168,0.918771308364723
1041,0.0032110758279785033,0.01104677188509235,,False,0.9803193091675871,0.9778650139695897,0.97242178523569,0.9750151407540463,0.9393574297188755,0.9216871266936965,0.9157197992093563,0.918436089446683
1042,0.003208594964596129,0.01104564628042128,,False,0.9803193091675871,0.9778636991078269,0.97242178523569,0.9750143243353914,0.9397590361445783,0.9220336453003678,0.9160495057705168,0.918771308364723
1043,0.003206548898813526,0.011045459638016099,,False,0.9803193091675871,0.9778650139695897,0.97242178523569,0.9750151407540463,0.9397590361445783,0.9220336453003678,0.9160495057705168,0.918771308364723
1044,0.0032043316599932236,0.011048773492675742,,False,0.9803193091675871,0.9778712586631466,0.97242178523569,0.9750187287392481,0.9401606425702811,0.9224146609975377,0.916430023274322,0.9191467229354127
1045,0.0032019606145269135,0.011045110443431228,,False,0.9803193091675871,0.9778650139695897,0.97242178523569,0.9750151407540463,0.9397590361445783,0.9220336453003678,0.9160495057705168,0.918771308364723
1046,0.0031996943910496092,0.011046807780606599,,False,0.9804197208555075,0.9779547027137383,0.9725124881835359,0.9751051568012407,0.9401606425702811,0.9224146609975377,0.916430023274322,0.9191467229354127
1047,0.003197915049671595,0.011049514394608485,,False,0.9803193091675871,0.9778636991078269,0.97242178523569,0.9750143243353914,0.9401606425702811,0.9224146609975377,0.916430023274322,0.9191467229354127
1048,0.0031952088846460935,0.011044709812166372,,False,0.9803193091675871,0.9778636991078269,0.97242178523569,0.9750143243353914,0.9401606425702811,0.9224146609975377,0.916430023274322,0.9191467229354127
1049,0.003193101367803119,0.011047793703001074,,False,0.9804197208555075,0.9779533878519755,0.9725124881835359,0.9751043403825855,0.9397590361445783,0.9220681423908663,0.9161003167131615,0.9188115040173727
1050,0.0031908047103462924,0.011044230741398254,,False,0.9803193091675871,0.9778636991078269,0.97242178523569,0.9750143243353914,0.9401606425702811,0.9224146609975377,0.916430023274322,0.9191467229354127
1051,0.0031886594986908507,0.01104571239734263,,False,0.9803193091675871,0.9778636991078269,0.97242178523569,0.9750143243353914,0.9401606425702811,0.9224146609975377,0.916430023274322,0.9191467229354127
1052,0.00318627674271845,0.011047016068147238,,False,0.9804197208555075,0.9779533878519755,0.9725124881835359,0.9751043403825855,0.9401606425702811,0.9224146609975377,0.916430023274322,0.9191467229354127
1053,0.0031846116747640952,0.011043966665627061,,False,0.9804197208555075,0.9779547027137383,0.9725124881835359,0.9751051568012407,0.9397590361445783,0.9220628848909802,0.9160939106945789,0.9188151559882122
1054,0.0031820451669068153,0.011045575473027765,,False,0.9804197208555075,0.9779533878519755,0.9725124881835359,0.9751043403825855,0.9397590361445783,0.9220456180668578,0.9160507611781854,0.9187841963616348
1055,0.003179783083849024,0.011044883130079135,,False,0.9804197208555075,0.9779533878519755,0.9725124881835359,0.9751043403825855,0.9401606425702811,0.9224146609975377,0.916430023274322,0.9191467229354127
1056,0.003177764701235423,0.011048121195387213,,False,0.9804197208555075,0.9779600882031061,0.9725124881835359,0.9751080433399069,0.9397590361445783,0.9220508755667439,0.916057167196768,0.918780544390795
1057,0.0031757026145677234,0.011046021976160409,,False,0.9804197208555075,0.9779600882031061,0.9725124881835359,0.9751080433399069,0.9397590361445783,0.9220508755667439,0.916057167196768,0.918780544390795
1058,0.003173333649271913,0.01104981693148697,,False,0.9804197208555075,0.9779547027137383,0.9725124881835359,0.9751051568012407,0.9393574297188755,0.9217066060243886,0.9157274606356075,0.9184458712519807
1059,0.003171421147627581,0.011050733847099458,,False,0.9804197208555075,0.9779533878519755,0.9725124881835359,0.9751043403825855,0.9393574297188755,0.9217066060243886,0.9157274606356075,0.9184458712519807
1060,0.0031690101831921007,0.011043054937986423,,False,0.9804197208555075,0.9779547027137383,0.9725124881835359,0.9751051568012407,0.9397590361445783,0.9220456180668578,0.9160507611781854,0.9187841963616348
1061,0.00316679573256928,0.011042555604881548,,False,0.9804197208555075,0.9779533878519755,0.9725124881835359,0.9751043403825855,0.9397590361445783,0.9220508755667439,0.916057167196768,0.918780544390795
1062,0.0031646750998767918,0.011043721614842175,,False,0.9804197208555075,0.977960947407295,0.9725124881835359,0.9751087447864423,0.9397590361445783,0.9220508755667439,0.916057167196768,0.918780544390795
1063,0.003162512367130783,0.011043859149977927,,False,0.9804197208555075,0.9779533878519755,0.9725124881835359,0.9751043403825855,0.9397590361445783,0.9220508755667439,0.916057167196768,0.918780544390795
1064,0.003160922424081835,0.01104144381002991,,False,0.9805201325434281,0.9780505134711834,0.9726058588651418,0.9751994828959867,0.9393574297188755,0.9217013485245025,0.9157210546170249,0.9184495232228205
1065,0.003158237634804583,0.011041766764442917,,False,0.9805201325434281,0.9780505134711834,0.9726058588651418,0.9751994828959867,0.9393574297188755,0.9217013485245025,0.9157210546170249,0.9184495232228205
1066,0.0031560742559435494,0.0110396409697599,,False,0.9805201325434281,0.9780480412940177,0.9726058588651418,0.9751979288757442,0.9397590361445783,0.9220508755667439,0.916057167196768,0.918780544390795
1067,0.003153948934863549,0.011039806543210256,,False,0.9805201325434281,0.9780480412940177,0.9726058588651418,0.9751979288757442,0.9397590361445783,0.9220508755667439,0.916057167196768,0.918780544390795
1068,0.003151788966885855,0.011040540036307387,,False,0.9805201325434281,0.9780480412940177,0.9726058588651418,0.9751979288757442,0.9401606425702811,0.9224244540542023,0.9164312786819906,0.919159706603738
1069,0.0031498645387952424,0.01104316865969606,,False,0.9805201325434281,0.9780491254022223,0.9726058588651418,0.9751986674576825,0.9389558232931727,0.9199915637327174,0.9153591291736662,0.9174820989859216
1070,0.003148098419895005,0.011040847248299818,,False,0.9805201325434281,0.9780505134711834,0.9726058588651418,0.9751994828959867,0.9393574297188755,0.9217013485245025,0.9157210546170249,0.9184495232228205
1071,0.0031458087324930713,0.011036404377085406,,False,0.9805201325434281,0.9780505134711834,0.9726058588651418,0.9751994828959867,0.9397590361445783,0.9220938641732412,0.9160964299924002,0.9188239569094035
1072,0.0031435740317856562,0.011035266608606655,,False,0.9805201325434281,0.9780505134711834,0.9726058588651418,0.9751994828959867,0.9401606425702811,0.9224381337155967,0.9164261365535606,0.9191586300482177
1073,0.0031413413594394294,0.011035777532703359,,False,0.9805201325434281,0.97805567859182,0.9726058588651418,0.9752023723302865,0.940562248995984,0.9228349059848805,0.9168066540573658,0.9195499034256118
1074,0.003139302851456563,0.011037098851363928,,False,0.9805201325434281,0.9780480412940177,0.9726058588651418,0.9751979288757442,0.9401606425702811,0.9211261397910645,0.9164447286140073,0.9185824228310753
1075,0.0031373397076311805,0.011038548104091404,,False,0.9805201325434281,0.9780549040458476,0.9726058588651418,0.975201478947782,0.9397590361445783,0.920752561303606,0.9160706171287847,0.9182032606181324
1076,0.0031351522839276314,0.011035204745563292,,False,0.9805201325434281,0.9780549040458476,0.9726058588651418,0.975201478947782,0.9401606425702811,0.9224727001605858,0.9164769474962053,0.9191994671515068
1077,0.0031335583943678607,0.011031042560866906,,False,0.9805201325434281,0.97805567859182,0.9726058588651418,0.9752023723302865,0.9397590361445783,0.9221108601939323,0.9160964299924002,0.9188397317091166
1078,0.003130960723873234,0.011033034242078058,,False,0.9805201325434281,0.9780549040458476,0.9726058588651418,0.975201478947782,0.940562248995984,0.9228349059848805,0.9168066540573658,0.9195499034256118
1079,0.0031288641285494223,0.011033466840871331,,False,0.9805201325434281,0.9780472667480452,0.9726058588651418,0.9751970354932396,0.9401606425702811,0.9224727001605858,0.9164769474962053,0.9191994671515068
1080,0.003126885429723569,0.011039124935804884,,False,0.9805201325434281,0.9780472667480452,0.9726058588651418,0.9751970354932396,0.9401606425702811,0.9224896961812767,0.9164769474962053,0.9192152419512198
1081,0.0031248681361929027,0.01103558460197196,,False,0.9805201325434281,0.9780549040458476,0.9726058588651418,0.975201478947782,0.9397590361445783,0.9207799113894914,0.9161150220528467,0.9182478177143208
1082,0.0031228899024082833,0.011035915405138038,,False,0.9805201325434281,0.9780549040458476,0.9726058588651418,0.975201478947782,0.9401606425702811,0.9224613274974222,0.9164325425721432,0.9191707412126688
1083,0.0031209285604881466,0.011035686725297119,,False,0.9805201325434281,0.9780549040458476,0.9726058588651418,0.975201478947782,0.9401606425702811,0.9224613274974222,0.9164325425721432,0.9191707412126688
1084,0.0031190761798263757,0.011030348658198382,,False,0.9805201325434281,0.9780491254022223,0.9726058588651418,0.9751986674576825,0.9397590361445783,0.9221108601939323,0.9160964299924002,0.9188397317091166
1085,0.0031165809926719987,0.01103038841407279,,False,0.9805201325434281,0.9780558369556398,0.9726058588651418,0.9752021794442588,0.940562248995984,0.9228349059848805,0.9168066540573658,0.9195499034256118
1086,0.0031144614695378142,0.011033793002013232,,False,0.9805201325434281,0.9780549040458476,0.9726058588651418,0.975201478947782,0.9401606425702811,0.9211261397910645,0.9164447286140073,0.9185824228310753
1087,0.0031126985804036888,0.011031185329009256,,False,0.9805201325434281,0.9780483508562499,0.9726058588651418,0.9751977740751777,0.9397590361445783,0.9221108601939323,0.9160964299924002,0.9188397317091166
1088,0.00311036847747338,0.01103558612554505,,False,0.9805201325434281,0.9780549040458476,0.9726058588651418,0.975201478947782,0.9401606425702811,0.9211261397910645,0.9164447286140073,0.9185824228310753
1089,0.0031083615580550007,0.011032636888602693,,False,0.9805201325434281,0.9780549040458476,0.9726058588651418,0.975201478947782,0.9397590361445783,0.9207799113894914,0.9161150220528467,0.9182478177143208
1090,0.0031068926190797484,0.011036259520311682,,False,0.9806205442313485,0.9781511730183252,0.9727009882410932,0.9752974056106098,0.9401606425702811,0.9224896961812767,0.9164769474962053,0.9192152419512198
1091,0.0031044169237852406,0.011032011333739716,,False,0.9805201325434281,0.9780549040458476,0.9726058588651418,0.975201478947782,0.9401606425702811,0.9224896961812767,0.9164769474962053,0.9192152419512198
1092,0.0031025180164996184,0.011034595562277547,,False,0.9806205442313485,0.9781511730183252,0.9727009882410932,0.9752974056106098,0.9401606425702811,0.9224896961812767,0.9164769474962053,0.9192152419512198
1093,0.003100378083105442,0.011030718901923893,,False,0.9805201325434281,0.9780483508562499,0.9726058588651418,0.9751977740751777,0.9393574297188755,0.920401075402147,0.9157345045490415,0.9178723074722177
1094,0.0030982179395661717,0.01103235519644322,,False,0.9805201325434281,0.9780472667480452,0.9726058588651418,0.9751970354932396,0.9397590361445783,0.9207799113894914,0.9161150220528467,0.9182478177143208
1095,0.0030962813383005883,0.011035067628186774,,False,0.980720955919269,0.9782625358473381,0.9732130210111904,0.9756255208806004,0.9397590361445783,0.9207799113894914,0.9161150220528467,0.9182478177143208
1096,0.0030949093758143296,0.011033734542469378,,False,0.980720955919269,0.9782662112891073,0.9732130210111904,0.975627474645118,0.9397590361445783,0.920752561303606,0.9160706171287847,0.9182032606181324
1097,0.0030923722041546293,0.011035154335350085,,False,0.980720955919269,0.9782662112891073,0.9732130210111904,0.975627474645118,0.9401606425702811,0.9224896961812767,0.9164769474962053,0.9192152419512198
1098,0.00309034861695148,0.011037215889651274,,False,0.980720955919269,0.9782625358473381,0.9732130210111904,0.9756255208806004,0.9397590361445783,0.9207799113894914,0.9161150220528467,0.9182478177143208
1099,0.0030883008835916707,0.011038009048213697,,False,0.980720955919269,0.9782625358473381,0.9732130210111904,0.9756255208806004,0.9397590361445783,0.9207799113894914,0.9161150220528467,0.9182478177143208
1100,0.0030862553772499596,0.011035816469571955,,False,0.980720955919269,0.9782547469712277,0.9732130210111904,0.9756210392926703,0.9397590361445783,0.9207799113894914,0.9161150220528467,0.9182478177143208
1101,0.003084533062183232,0.011032245772874791,,False,0.980720955919269,0.97825567988102,0.9732130210111904,0.9756217397891471,0.9397590361445783,0.9207799113894914,0.9161150220528467,0.9182478177143208
1102,0.0030823600483443174,0.01103288418708044,,False,0.980720955919269,0.9782547469712277,0.9732130210111904,0.9756210392926703,0.9397590361445783,0.9207799113894914,0.9161150220528467,0.9182478177143208
1103,0.003080487457178306,0.011035370245677488,,False,0.980720955919269,0.9782662112891073,0.9732130210111904,0.975627474645118,0.9397590361445783,0.9207799113894914,0.9161150220528467,0.9182478177143208
1104,0.003078533777497432,0.011037585621379364,,False,0.980720955919269,0.9782662112891073,0.9732130210111904,0.975627474645118,0.9397590361445783,0.9207799113894914,0.9161150220528467,0.9182478177143208
1105,0.0030765026309086023,0.01103379584090779,,False,0.980720955919269,0.9782662112891073,0.9732130210111904,0.975627474645118,0.9397590361445783,0.9207799113894914,0.9161150220528467,0.9182478177143208
1106,0.003074595999305521,0.01103023864732949,,False,0.980720955919269,0.9782662112891073,0.9732130210111904,0.975627474645118,0.9401606425702811,0.9211261397910645,0.9164447286140073,0.9185824228310753
1107,0.0030731311475398846,0.01103349168555657,,False,0.980720955919269,0.9782662112891073,0.9732130210111904,0.975627474645118,0.9401606425702811,0.9211261397910645,0.9164447286140073,0.9185824228310753
1108,0.0030705998011806438,0.011028168933364826,,False,0.980720955919269,0.9782662112891073,0.9732130210111904,0.975627474645118,0.9397590361445783,0.9207799113894914,0.9161150220528467,0.9182478177143208
1109,0.0030688796648131434,0.011031008807465992,,False,0.980720955919269,0.9782662112891073,0.9732130210111904,0.975627474645118,0.9401606425702811,0.9211261397910645,0.9164447286140073,0.9185824228310753
1110,0.003066774504150714,0.011030649493010388,,False,0.980720955919269,0.9782662112891073,0.9732130210111904,0.975627474645118,0.9397590361445783,0.9207799113894914,0.9161150220528467,0.9182478177143208
1111,0.0030653186254046747,0.01103351331903323,,False,0.980720955919269,0.9782662112891073,0.9732130210111904,0.975627474645118,0.9401606425702811,0.9211261397910645,0.9164447286140073,0.9185824228310753
1112,0.0030629713328769576,0.011030295155627055,,False,0.980720955919269,0.9782662112891073,0.9732130210111904,0.975627474645118,0.9401606425702811,0.9211261397910645,0.9164447286140073,0.9185824228310753
1113,0.0030610939591018513,0.01103027562401766,,False,0.980720955919269,0.9782662112891073,0.9732130210111904,0.975627474645118,0.9397590361445783,0.9207799113894914,0.9161150220528467,0.9182478177143208
1114,0.0030592111553264505,0.011030089536740966,,False,0.980720955919269,0.9782662112891073,0.9732130210111904,0.975627474645118,0.9397590361445783,0.9207799113894914,0.9161150220528467,0.9182478177143208
1115,0.0030572924167588857,0.011032563706043597,,False,0.980720955919269,0.9782662112891073,0.9732130210111904,0.975627474645118,0.9397590361445783,0.9207799113894914,0.9161150220528467,0.9182478177143208
1116,0.0030553256821881495,0.011034142638036967,,False,0.980720955919269,0.9782662112891073,0.9732130210111904,0.975627474645118,0.9397590361445783,0.9207799113894914,0.9161150220528467,0.9182478177143208
1117,0.003053378448648591,0.0110294000926518,,False,0.980720955919269,0.9782662112891073,0.9732130210111904,0.975627474645118,0.9397590361445783,0.9207799113894914,0.9161150220528467,0.9182478177143208
1118,0.0030515161241640785,0.01103301026096036,,False,0.9808213676071895,0.9783516419857337,0.9733081503871417,0.9757175486837796,0.9397590361445783,0.9207799113894914,0.9161150220528467,0.9182478177143208
1119,0.003049583022430919,0.011033771761173828,,False,0.9808213676071895,0.9783595828213214,0.9733081503871417,0.9757220684531043,0.9397590361445783,0.9207799113894914,0.9161150220528467,0.9182478177143208
1120,0.003047809178795915,0.011033483438541105,,False,0.9808213676071895,0.9783516419857337,0.9733081503871417,0.9757175486837796,0.9397590361445783,0.9207799113894914,0.9161150220528467,0.9182478177143208
1121,0.0030458265982784465,0.011035486897612471,,False,0.9808213676071895,0.9783595828213214,0.9733081503871417,0.9757220684531043,0.9397590361445783,0.9207799113894914,0.9161150220528467,0.9182478177143208
1122,0.0030439959686270994,0.011036206604311202,,False,0.9808213676071895,0.9783595828213214,0.9733081503871417,0.9757220684531043,0.9397590361445783,0.9207799113894914,0.9161150220528467,0.9182478177143208
1123,0.003041993752788798,0.011031259239373866,,False,0.9809217792951099,0.9784435946310117,0.9733905770274318,0.9758055574774862,0.9397590361445783,0.9207799113894914,0.9161150220528467,0.9182478177143208
1124,0.0030401357949154345,0.011031269896044785,,False,0.9809217792951099,0.978451597203581,0.9733905770274318,0.9758100769476541,0.9397590361445783,0.9207799113894914,0.9161150220528467,0.9182478177143208
1125,0.0030384056504568382,0.011031353218725145,,False,0.9809217792951099,0.9784435946310117,0.9733905770274318,0.9758055574774862,0.9397590361445783,0.9207799113894914,0.9161150220528467,0.9182478177143208
1126,0.0030364734075067463,0.011031470490161564,,False,0.9809217792951099,0.978451597203581,0.9733905770274318,0.9758100769476541,0.9397590361445783,0.9207799113894914,0.9161150220528467,0.9182478177143208
1127,0.0030347786581835863,0.01102947045659602,,False,0.9809217792951099,0.9784435946310117,0.9733905770274318,0.9758055574774862,0.9397590361445783,0.9207799113894914,0.9161150220528467,0.9182478177143208
1128,0.0030327128657284884,0.011031073599346039,,False,0.9809217792951099,0.978451597203581,0.9733905770274318,0.9758100769476541,0.9397590361445783,0.9207799113894914,0.9161150220528467,0.9182478177143208
1129,0.0030308206249773395,0.011030466218644132,,False,0.9810221909830305,0.9785440985743696,0.9734792530937616,0.9759007090442527,0.9397590361445783,0.9207799113894914,0.9161150220528467,0.9182478177143208
1130,0.003029039514488765,0.01103054500121188,,False,0.9810221909830305,0.9785440985743696,0.9734792530937616,0.9759007090442527,0.9397590361445783,0.9207799113894914,0.9161150220528467,0.9182478177143208
1131,0.0030271205523485054,0.011027732456458808,,False,0.9810221909830305,0.9785440985743696,0.9734792530937616,0.9759007090442527,0.9397590361445783,0.9207799113894914,0.9161150220528467,0.9182478177143208
1132,0.00302518306411988,0.011028777645449519,,False,0.9809217792951099,0.978451597203581,0.9733905770274318,0.9758100769476541,0.9397590361445783,0.9207799113894914,0.9161150220528467,0.9182478177143208
1133,0.0030235471976427087,0.011030377478642384,,False,0.9809217792951099,0.978451597203581,0.9733905770274318,0.9758100769476541,0.9401606425702811,0.9211261397910645,0.9164447286140073,0.9185824228310753
1134,0.003021608559644896,0.011028323090258647,,False,0.9809217792951099,0.978451597203581,0.9733905770274318,0.9758100769476541,0.9401606425702811,0.9211261397910645,0.9164447286140073,0.9185824228310753
1135,0.0030197287688047123,0.011028430740244451,,False,0.9810221909830305,0.9785416251363412,0.9734839477090378,0.9759018393721218,0.9397590361445783,0.9207799113894914,0.9161150220528467,0.9182478177143208
1136,0.0030185860558557725,0.011027678357726924,,False,0.9810221909830305,0.9785348584848952,0.9734839477090378,0.9758980581321879,0.9393574297188755,0.920401075402147,0.9157345045490415,0.9178723074722177
1137,0.0030162689467905937,0.011031977948915061,,False,0.9810221909830305,0.9785440985743696,0.9734792530937616,0.9759007090442527,0.9397590361445783,0.9207799113894914,0.9161150220528467,0.9182478177143208
1138,0.0030142422119329593,0.011029841571782663,,False,0.9810221909830305,0.9785440985743696,0.9734792530937616,0.9759007090442527,0.9397590361445783,0.9207799113894914,0.9161150220528467,0.9182478177143208
1139,0.0030124779865712808,0.011026544191748472,,False,0.9811226026709509,0.9786269817184559,0.9735726237753676,0.9759886147352083,0.9397590361445783,0.9207799113894914,0.9161150220528467,0.9182478177143208
1140,0.0030105757461767226,0.011030179286081356,,False,0.9811226026709509,0.9786340521684586,0.9735726237753676,0.9759924723554868,0.9397590361445783,0.9207799113894914,0.9161150220528467,0.9182478177143208
1141,0.003008742614906351,0.011032740284467539,,False,0.9811226026709509,0.9786340521684586,0.9735726237753676,0.9759924723554868,0.9397590361445783,0.9207799113894914,0.9161150220528467,0.9182478177143208
1142,0.003006905666658668,0.011034370937834766,,False,0.9811226026709509,0.9786340521684586,0.9735726237753676,0.9759924723554868,0.9397590361445783,0.9207799113894914,0.9161150220528467,0.9182478177143208
1143,0.0030051465950419924,0.011032034481443811,,False,0.9812230143588714,0.9787416154231461,0.9740846565454648,0.9763168310481485,0.9397590361445783,0.9207799113894914,0.9161150220528467,0.9182478177143208
1144,0.0030033725694932393,0.011030156244216969,,False,0.9812230143588714,0.9787496959989694,0.9740846565454648,0.9763213896345645,0.9397590361445783,0.9207799113894914,0.9161150220528467,0.9182478177143208
1145,0.003001570998561296,0.011030245922204458,,False,0.9812230143588714,0.9787275035170041,0.9736612998416972,0.9760842392507687,0.9397590361445783,0.9207799113894914,0.9161150220528467,0.9182478177143208
1146,0.0029996514974031997,0.011032720044444678,,False,0.9813234260467918,0.978842289311721,0.9741733326117945,0.9764124937779053,0.9397590361445783,0.9207799113894914,0.9161150220528467,0.9182478177143208
1147,0.0029979014729405017,0.011030293974552368,,False,0.9813234260467918,0.978842289311721,0.9741733326117945,0.9764124937779053,0.9401606425702811,0.9211261397910645,0.9164447286140073,0.9185824228310753
1148,0.002996414816640693,0.0110334989651455,,False,0.9814238377347123,0.9789363964135064,0.9742620086781242,0.9765032378639954,0.9397590361445783,0.9207799113894914,0.9161150220528467,0.9182478177143208
1149,0.002994615233587625,0.011036101708793288,,False,0.9814238377347123,0.9789363964135064,0.9742620086781242,0.9765032378639954,0.9397590361445783,0.9207799113894914,0.9161150220528467,0.9182478177143208
1150,0.0029924572464188896,0.01102830767487081,,False,0.9814238377347123,0.9789363964135064,0.9742620086781242,0.9765032378639954,0.9397590361445783,0.9207799113894914,0.9161150220528467,0.9182478177143208
1151,0.0029906313135107396,0.011028316079816731,,False,0.9814238377347123,0.9789363964135064,0.9742620086781242,0.9765032378639954,0.9397590361445783,0.9207799113894914,0.9161150220528467,0.9182478177143208
1152,0.0029889156285227906,0.011027643390303371,,False,0.9814238377347123,0.9789363964135064,0.9742620086781242,0.9765032378639954,0.9397590361445783,0.9207799113894914,0.9161150220528467,0.9182478177143208
1153,0.0029870595423773755,0.011030350579629157,,False,0.9814238377347123,0.9789363964135064,0.9742620086781242,0.9765032378639954,0.9397590361445783,0.9207799113894914,0.9161150220528467,0.9182478177143208
1154,0.0029852648489568003,0.011032326013663843,,False,0.9815242494226328,0.9790250753982304,0.9743553009628523,0.9765948680452328,0.9397590361445783,0.9207799113894914,0.9161150220528467,0.9182478177143208
1155,0.0029838258614375873,0.01103152853527668,,False,0.9814238377347123,0.9789363964135064,0.9742620086781242,0.9765032378639954,0.9397590361445783,0.9207799113894914,0.9161150220528467,0.9182478177143208
1156,0.002981702335304816,0.011031401848317265,,False,0.9815242494226328,0.9790250753982304,0.9743553009628523,0.9765948680452328,0.9397590361445783,0.9207799113894914,0.9161150220528467,0.9182478177143208
1157,0.0029799971832821137,0.011029688348736846,,False,0.9815242494226328,0.9790250753982304,0.9743553009628523,0.9765948680452328,0.9397590361445783,0.9207799113894914,0.9161150220528467,0.9182478177143208
1158,0.002978122941156596,0.011035540201809664,,False,0.9815242494226328,0.9790250753982304,0.9743553009628523,0.9765948680452328,0.9397590361445783,0.9207799113894914,0.9161150220528467,0.9182478177143208
1159,0.0029767750672021467,0.011028689607488311,,False,0.9815242494226328,0.9790250753982304,0.9743553009628523,0.9765948680452328,0.9389558232931727,0.920024427567872,0.9153539870452363,0.9174966928864746
1160,0.0029751766732534738,0.011034113984885368,,False,0.9815242494226328,0.9790250753982304,0.9743553009628523,0.9765948680452328,0.9397590361445783,0.9207799113894914,0.9161150220528467,0.9182478177143208
1161,0.0029730835944078494,0.011030344212087288,,False,0.9816246611105532,0.9791151681525351,0.9744486716444583,0.9766866272782428,0.9393574297188755,0.920401075402147,0.9157345045490415,0.9178723074722177
1162,0.0029713883731735365,0.011028515496586401,,False,0.9816246611105532,0.9791151681525351,0.9744486716444583,0.9766866272782428,0.9393574297188755,0.920401075402147,0.9157345045490415,0.9178723074722177
1163,0.002969320737505973,0.011030721654278562,,False,0.9816246611105532,0.9791151681525351,0.9744486716444583,0.9766866272782428,0.9397590361445783,0.9207799113894914,0.9161150220528467,0.9182478177143208
1164,0.002967427518134284,0.011032793559071994,,False,0.9816246611105532,0.9791151681525351,0.9744486716444583,0.9766866272782428,0.9397590361445783,0.9207799113894914,0.9161150220528467,0.9182478177143208
1165,0.0029658508335241355,0.011032970480944764,,False,0.9816246611105532,0.9791151681525351,0.9744486716444583,0.9766866272782428,0.9401606425702811,0.9211261397910645,0.9164447286140073,0.9185824228310753
1166,0.002964101729868011,0.01103414928998619,,False,0.9815242494226328,0.9786005757107953,0.9743553009628523,0.9763969837790286,0.9397590361445783,0.9207799113894914,0.9161150220528467,0.9182478177143208
1167,0.0029622654927517044,0.011032861759682343,,False,0.9816246611105532,0.9786906684651,0.9744486716444583,0.9764887430120387,0.9393574297188755,0.920401075402147,0.9157345045490415,0.9178723074722177
1168,0.002960428705448457,0.011031746385236083,,False,0.9816246611105532,0.9786906684651,0.9744486716444583,0.9764887430120387,0.9397590361445783,0.9207799113894914,0.9161150220528467,0.9182478177143208
1169,0.0029589490356753886,0.011037668044407908,,False,0.9815242494226328,0.9786005757107953,0.9743553009628523,0.9763969837790286,0.9397590361445783,0.9207799113894914,0.9161150220528467,0.9182478177143208
1170,0.0029570232444218877,0.011035827307468576,,False,0.9816246611105532,0.9786906684651,0.9744486716444583,0.9764887430120387,0.9397590361445783,0.9207799113894914,0.9161150220528467,0.9182478177143208
1171,0.0029553104660690653,0.011036428830010818,,False,0.9816246611105532,0.9786906684651,0.9744486716444583,0.9764887430120387,0.9397590361445783,0.9207799113894914,0.9161150220528467,0.9182478177143208
1172,0.00295355260195945,0.011035883966617581,,False,0.9816246611105532,0.9786906684651,0.9744486716444583,0.9764887430120387,0.9401606425702811,0.9211261397910645,0.9164447286140073,0.9185824228310753
1173,0.0029515344387184995,0.011039018679302131,,False,0.9816246611105532,0.9786906684651,0.9744486716444583,0.9764887430120387,0.9397590361445783,0.9207799113894914,0.9161150220528467,0.9182478177143208
1174,0.002949723291082615,0.011035464769661782,,False,0.9816246611105532,0.9786906684651,0.9744486716444583,0.9764887430120387,0.9397590361445783,0.9207799113894914,0.9161150220528467,0.9182478177143208
1175,0.0029479909957434965,0.011035148545827728,,False,0.9816246611105532,0.9786906684651,0.9744486716444583,0.9764887430120387,0.9397590361445783,0.9207799113894914,0.9161150220528467,0.9182478177143208
1176,0.002946339547577371,0.01103309943075755,,False,0.9816246611105532,0.9786906684651,0.9744486716444583,0.9764887430120387,0.9393574297188755,0.920401075402147,0.9157345045490415,0.9178723074722177
1177,0.00294448924234937,0.011035247127236083,,False,0.9816246611105532,0.9786906684651,0.9744486716444583,0.9764887430120387,0.9397590361445783,0.9207799113894914,0.9161150220528467,0.9182478177143208
1178,0.0029427464419157956,0.011037458500623081,,False,0.9816246611105532,0.9786906684651,0.9744486716444583,0.9764887430120387,0.9393574297188755,0.920401075402147,0.9157345045490415,0.9178723074722177
1179,0.002941238994069364,0.01103405132339974,,False,0.9816246611105532,0.9786917546306767,0.9744486716444583,0.9764894438115486,0.9393574297188755,0.9203825276289659,0.9157280985304589,0.9178675888766238
1180,0.002939204374238253,0.011034886079165937,,False,0.9816246611105532,0.9786917546306767,0.9744486716444583,0.9764894438115486,0.9397590361445783,0.9207799113894914,0.9161150220528467,0.9182478177143208
1181,0.002937542516053829,0.011033843566877399,,False,0.9816246611105532,0.9786906684651,0.9744486716444583,0.9764887430120387,0.940562248995984,0.9214820603552718,0.9168188400992299,0.9189534186825783
1182,0.00293564468298875,0.01103875859481554,,False,0.9817250727984738,0.9787835633103599,0.9745438010204095,0.9765827494705585,0.9401606425702811,0.9211261397910645,0.9164447286140073,0.9185824228310753
1183,0.0029337382362673516,0.011035853307193502,,False,0.9817250727984738,0.9787835633103599,0.9745438010204095,0.9765827494705585,0.9401606425702811,0.9211358319536989,0.9164891335380693,0.9186188135658239
1184,0.002931957403523189,0.011038107524500755,,False,0.9817250727984738,0.9787835633103599,0.9745438010204095,0.9765827494705585,0.9397590361445783,0.9207799113894914,0.9161150220528467,0.9182478177143208
1185,0.002930194503367451,0.01104007117265348,,False,0.9817250727984738,0.9787835633103599,0.9745438010204095,0.9765827494705585,0.9397590361445783,0.9207799113894914,0.9161150220528467,0.9182478177143208
1186,0.002928330533790197,0.011036985091727772,,False,0.9817250727984738,0.9787835633103599,0.9745438010204095,0.9765827494705585,0.9397590361445783,0.9207799113894914,0.9161150220528467,0.9182478177143208
1187,0.0029266440925514708,0.011038681396530659,,False,0.9817250727984738,0.9787835633103599,0.9745438010204095,0.9765827494705585,0.9397590361445783,0.9207580934403671,0.9161086160342641,0.9182432538033232
1188,0.0029252411580021013,0.011037286396171487,,False,0.9817250727984738,0.9787835633103599,0.9745438010204095,0.9765827494705585,0.9393574297188755,0.9203825276289659,0.9157280985304589,0.9178675888766238
1189,0.0029229611700702907,0.011042216609661159,,False,0.9817250727984738,0.9787835633103599,0.9745438010204095,0.9765827494705585,0.9397590361445783,0.9207799113894914,0.9161150220528467,0.9182478177143208
1190,0.0029212414949851195,0.01104086918545076,,False,0.9817250727984738,0.9787835633103599,0.9745438010204095,0.9765827494705585,0.9397590361445783,0.9207580934403671,0.9161086160342641,0.9182432538033232
1191,0.00291940470794716,0.011042653433884282,,False,0.9817250727984738,0.9787835633103599,0.9745438010204095,0.9765827494705585,0.9397590361445783,0.9207799113894914,0.9161150220528467,0.9182478177143208
1192,0.0029176497584694357,0.011042387420320762,,False,0.9817250727984738,0.9787835633103599,0.9745438010204095,0.9765827494705585,0.9401606425702811,0.9211358319536989,0.9164891335380693,0.9186188135658239
1193,0.00291590473867179,0.01103908458921842,,False,0.9818254844863942,0.9788761456313918,0.9746324770867392,0.9766733527799484,0.9393574297188755,0.9203825276289659,0.9157280985304589,0.9178675888766238
1194,0.0029146738340944268,0.011044535040545773,,False,0.9818254844863942,0.9788761456313918,0.9746324770867392,0.9766733527799484,0.9401606425702811,0.9211261397910645,0.9164447286140073,0.9185824228310753
1195,0.0029121239257250617,0.011040930796052548,,False,0.9818254844863942,0.9788761456313918,0.9746324770867392,0.9766733527799484,0.9397590361445783,0.9207580934403671,0.9161086160342641,0.9182432538033232
1196,0.0029102969655759726,0.011043186083449784,,False,0.9818254844863942,0.9788761456313918,0.9746324770867392,0.9766733527799484,0.9393574297188755,0.9203825276289659,0.9157280985304589,0.9178675888766238
1197,0.002908531125966686,0.011043002356489494,,False,0.9817250727984738,0.9787835633103599,0.9745438010204095,0.9765827494705585,0.9393574297188755,0.9203825276289659,0.9157280985304589,0.9178675888766238
1198,0.0029067806404281917,0.011043674383161416,,False,0.9818254844863942,0.9788761456313918,0.9746324770867392,0.9766733527799484,0.9401606425702811,0.9211358319536989,0.9164891335380693,0.9186188135658239
1199,0.0029050783203031934,0.011041840535628957,,False,0.9818254844863942,0.9788769269727111,0.9746324770867392,0.9766739770372919,0.9393574297188755,0.9203825276289659,0.9157280985304589,0.9178675888766238
1200,0.0029033349995392487,0.011043622670673275,,False,0.9818254844863942,0.9788761456313918,0.9746324770867392,0.9766733527799484,0.940562248995984,0.9214820603552718,0.9168188400992299,0.9189534186825783
