run_order,timestamp,level,algorithm,heuristic,repetition,status,cutoff_reason,solution_cost,solution_moves,solution_pushes,expanded_nodes,frontier_size_at_end,max_frontier_size,elapsed_seconds,solution,max_expanded_nodes,timeout_seconds,seed
1,2026-08-23T15:29:40-03:00,levels/experiments/level_04.txt,astar,shortest_push_access,4,success,,54,54,20,50582,3791,4581,2.01042925,UP UP UP UP DOWN RIGHT RIGHT UP UP UP UP LEFT UP UP RIGHT DOWN DOWN DOWN DOWN DOWN UP LEFT LEFT LEFT LEFT RIGHT RIGHT DOWN DOWN LEFT LEFT LEFT UP LEFT UP UP RIGHT DOWN RIGHT RIGHT RIGHT DOWN DOWN RIGHT RIGHT RIGHT RIGHT RIGHT DOWN RIGHT UP RIGHT UP LEFT,1000000,25.0,0
2,2026-08-23T15:29:41-03:00,levels/experiments/level_02.txt,astar,minimum_matching_manhattan,4,success,,78,78,17,30315,37,1015,0.242287709,LEFT RIGHT RIGHT LEFT UP UP LEFT LEFT DOWN LEFT DOWN DOWN RIGHT UP UP UP UP DOWN DOWN DOWN LEFT LEFT LEFT LEFT UP UP RIGHT UP RIGHT UP RIGHT RIGHT RIGHT LEFT DOWN DOWN RIGHT RIGHT UP UP UP DOWN DOWN DOWN RIGHT RIGHT DOWN RIGHT DOWN DOWN LEFT UP UP UP UP DOWN DOWN DOWN RIGHT RIGHT RIGHT RIGHT UP UP LEFT UP LEFT UP LEFT LEFT LEFT RIGHT DOWN DOWN LEFT LEFT UP UP,1000000,25.0,0
3,2026-08-23T15:29:41-03:00,levels/experiments/level_04.txt,dfs,null,5,success,,2044,2044,386,70252,1123,1187,0.420797416,UP UP UP UP DOWN LEFT LEFT LEFT UP UP RIGHT RIGHT RIGHT DOWN DOWN RIGHT RIGHT UP UP UP UP DOWN DOWN DOWN DOWN LEFT LEFT UP UP RIGHT RIGHT UP UP LEFT UP UP RIGHT DOWN DOWN DOWN DOWN DOWN UP LEFT LEFT DOWN DOWN RIGHT RIGHT UP UP RIGHT LEFT DOWN DOWN RIGHT LEFT UP UP RIGHT RIGHT LEFT LEFT DOWN DOWN RIGHT RIGHT LEFT LEFT UP UP RIGHT RIGHT RIGHT DOWN RIGHT DOWN DOWN LEFT UP RIGHT UP RIGHT UP LEFT LEFT DOWN UP LEFT LEFT LEFT DOWN DOWN LEFT LEFT UP UP RIGHT LEFT DOWN DOWN RIGHT RIGHT UP UP UP UP DOWN DOWN DOWN DOWN RIGHT RIGHT RIGHT UP UP LEFT LEFT LEFT UP UP LEFT UP UP RIGHT DOWN DOWN DOWN DOWN DOWN UP LEFT LEFT DOWN DOWN RIGHT RIGHT UP UP RIGHT RIGHT RIGHT DOWN DOWN DOWN RIGHT UP UP DOWN LEFT LEFT LEFT LEFT UP UP LEFT LEFT DOWN DOWN RIGHT LEFT UP UP RIGHT RIGHT RIGHT RIGHT RIGHT DOWN DOWN RIGHT RIGHT UP UP LEFT DOWN DOWN LEFT LEFT LEFT LEFT UP UP RIGHT RIGHT RIGHT DOWN DOWN RIGHT RIGHT UP UP LEFT LEFT DOWN DOWN LEFT LEFT LEFT LEFT LEFT UP UP LEFT LEFT LEFT DOWN DOWN RIGHT RIGHT LEFT LEFT UP UP RIGHT RIGHT RIGHT DOWN DOWN UP UP RIGHT RIGHT DOWN DOWN RIGHT RIGHT RIGHT UP UP LEFT LEFT LEFT DOWN DOWN LEFT LEFT UP UP RIGHT LEFT DOWN DOWN DOWN UP UP UP RIGHT RIGHT DOWN DOWN LEFT LEFT DOWN DOWN UP UP UP UP RIGHT RIGHT DOWN DOWN RIGHT RIGHT RIGHT UP UP LEFT LEFT LEFT DOWN DOWN LEFT LEFT UP UP RIGHT LEFT DOWN DOWN RIGHT RIGHT UP UP UP UP DOWN DOWN DOWN DOWN LEFT LEFT DOWN DOWN LEFT DOWN DOWN RIGHT UP UP UP UP UP DOWN RIGHT RIGHT UP UP UP UP LEFT UP UP RIGHT DOWN DOWN DOWN DOWN DOWN UP LEFT LEFT DOWN DOWN LEFT LEFT LEFT UP UP RIGHT RIGHT LEFT LEFT DOWN DOWN RIGHT RIGHT RIGHT RIGHT RIGHT UP UP LEFT LEFT DOWN DOWN LEFT LEFT LEFT UP UP RIGHT RIGHT RIGHT DOWN DOWN RIGHT RIGHT UP UP RIGHT RIGHT RIGHT DOWN DOWN LEFT LEFT LEFT UP UP LEFT LEFT DOWN DOWN LEFT LEFT LEFT UP UP RIGHT RIGHT RIGHT RIGHT LEFT DOWN DOWN RIGHT RIGHT UP UP UP UP DOWN DOWN DOWN DOWN RIGHT LEFT UP UP UP UP LEFT UP UP RIGHT DOWN DOWN DOWN DOWN LEFT LEFT DOWN DOWN RIGHT RIGHT UP UP UP DOWN DOWN DOWN RIGHT RIGHT RIGHT UP UP RIGHT RIGHT DOWN DOWN LEFT DOWN LEFT UP UP DOWN LEFT LEFT LEFT UP UP UP UP DOWN DOWN DOWN DOWN RIGHT RIGHT RIGHT UP RIGHT UP LEFT DOWN DOWN LEFT LEFT LEFT UP UP UP UP LEFT UP UP RIGHT DOWN DOWN DOWN DOWN LEFT LEFT DOWN DOWN RIGHT RIGHT UP UP UP DOWN RIGHT RIGHT RIGHT DOWN DOWN LEFT LEFT LEFT UP UP UP UP LEFT UP UP RIGHT DOWN DOWN DOWN DOWN LEFT LEFT DOWN DOWN RIGHT RIGHT UP DOWN LEFT LEFT UP UP RIGHT RIGHT DOWN DOWN RIGHT RIGHT RIGHT UP UP LEFT LEFT LEFT DOWN DOWN RIGHT RIGHT RIGHT UP RIGHT RIGHT UP LEFT DOWN DOWN LEFT LEFT LEFT LEFT UP UP LEFT LEFT DOWN DOWN LEFT LEFT LEFT UP UP RIGHT RIGHT LEFT LEFT DOWN DOWN RIGHT RIGHT RIGHT RIGHT RIGHT RIGHT RIGHT RIGHT UP RIGHT UP LEFT DOWN DOWN LEFT LEFT LEFT UP UP LEFT LEFT DOWN DOWN RIGHT RIGHT UP UP RIGHT RIGHT LEFT LEFT DOWN DOWN RIGHT RIGHT RIGHT UP RIGHT UP LEFT LEFT LEFT LEFT DOWN DOWN LEFT LEFT UP UP LEFT LEFT RIGHT RIGHT DOWN DOWN LEFT LEFT LEFT UP LEFT UP UP RIGHT DOWN DOWN UP RIGHT RIGHT RIGHT RIGHT LEFT DOWN DOWN RIGHT RIGHT UP UP UP UP DOWN DOWN DOWN DOWN LEFT LEFT UP UP LEFT LEFT LEFT DOWN LEFT DOWN RIGHT UP UP RIGHT RIGHT RIGHT DOWN DOWN RIGHT RIGHT UP UP UP UP LEFT UP UP RIGHT DOWN DOWN DOWN DOWN DOWN UP LEFT LEFT DOWN DOWN LEFT LEFT RIGHT RIGHT UP UP LEFT LEFT LEFT DOWN LEFT DOWN RIGHT RIGHT LEFT UP UP RIGHT RIGHT RIGHT DOWN DOWN RIGHT RIGHT UP UP LEFT LEFT DOWN DOWN LEFT LEFT RIGHT RIGHT UP UP LEFT LEFT LEFT DOWN LEFT DOWN RIGHT UP UP RIGHT RIGHT RIGHT RIGHT RIGHT DOWN DOWN RIGHT LEFT UP UP LEFT LEFT DOWN DOWN LEFT LEFT RIGHT RIGHT UP UP LEFT LEFT LEFT DOWN LEFT DOWN RIGHT RIGHT LEFT UP UP RIGHT RIGHT RIGHT DOWN DOWN RIGHT RIGHT UP UP RIGHT RIGHT RIGHT DOWN DOWN LEFT LEFT LEFT UP UP LEFT LEFT DOWN DOWN LEFT LEFT RIGHT RIGHT UP UP LEFT LEFT LEFT DOWN LEFT DOWN RIGHT UP UP RIGHT RIGHT RIGHT RIGHT RIGHT DOWN DOWN LEFT RIGHT UP UP LEFT LEFT DOWN DOWN UP UP LEFT LEFT LEFT DOWN DOWN RIGHT LEFT UP UP RIGHT RIGHT RIGHT DOWN DOWN DOWN UP UP UP LEFT LEFT LEFT DOWN DOWN RIGHT RIGHT RIGHT DOWN DOWN UP UP UP UP RIGHT RIGHT DOWN DOWN LEFT LEFT LEFT LEFT RIGHT RIGHT DOWN DOWN LEFT DOWN DOWN RIGHT UP UP UP UP RIGHT RIGHT UP UP LEFT LEFT LEFT LEFT LEFT DOWN LEFT DOWN RIGHT RIGHT RIGHT RIGHT LEFT LEFT LEFT UP UP RIGHT RIGHT RIGHT DOWN DOWN RIGHT RIGHT UP UP LEFT LEFT DOWN DOWN DOWN UP UP UP RIGHT RIGHT DOWN DOWN RIGHT LEFT UP UP LEFT LEFT DOWN DOWN DOWN DOWN UP UP UP UP RIGHT RIGHT DOWN DOWN RIGHT RIGHT LEFT LEFT UP UP LEFT LEFT DOWN DOWN DOWN DOWN LEFT DOWN DOWN RIGHT UP UP UP UP UP DOWN RIGHT RIGHT UP UP RIGHT RIGHT RIGHT DOWN RIGHT DOWN DOWN LEFT UP LEFT LEFT LEFT UP UP LEFT LEFT DOWN DOWN LEFT LEFT LEFT UP UP RIGHT RIGHT RIGHT DOWN DOWN RIGHT RIGHT UP UP RIGHT RIGHT RIGHT DOWN UP RIGHT RIGHT DOWN DOWN LEFT LEFT UP UP LEFT LEFT LEFT LEFT LEFT DOWN DOWN RIGHT RIGHT UP UP RIGHT RIGHT RIGHT DOWN DOWN LEFT LEFT LEFT LEFT RIGHT UP UP LEFT LEFT DOWN DOWN UP UP LEFT LEFT RIGHT RIGHT DOWN DOWN DOWN UP LEFT LEFT LEFT UP LEFT UP UP RIGHT DOWN LEFT DOWN DOWN RIGHT RIGHT RIGHT RIGHT DOWN DOWN UP UP UP UP LEFT LEFT LEFT LEFT DOWN DOWN RIGHT UP LEFT UP RIGHT DOWN DOWN RIGHT RIGHT RIGHT DOWN DOWN LEFT DOWN DOWN RIGHT UP UP UP UP LEFT LEFT LEFT UP UP RIGHT LEFT DOWN DOWN RIGHT RIGHT RIGHT RIGHT RIGHT UP UP LEFT LEFT LEFT LEFT RIGHT RIGHT RIGHT RIGHT DOWN DOWN LEFT LEFT UP DOWN LEFT LEFT LEFT UP LEFT UP UP RIGHT DOWN DOWN LEFT DOWN RIGHT UP UP RIGHT RIGHT RIGHT LEFT LEFT LEFT DOWN DOWN RIGHT LEFT UP UP RIGHT RIGHT RIGHT RIGHT LEFT DOWN DOWN LEFT RIGHT UP UP LEFT LEFT LEFT DOWN DOWN RIGHT RIGHT LEFT LEFT UP UP RIGHT RIGHT RIGHT RIGHT RIGHT DOWN DOWN LEFT LEFT LEFT LEFT RIGHT RIGHT UP UP LEFT LEFT LEFT DOWN LEFT DOWN RIGHT UP UP RIGHT RIGHT RIGHT RIGHT RIGHT DOWN DOWN RIGHT RIGHT RIGHT UP UP LEFT LEFT RIGHT RIGHT DOWN DOWN LEFT LEFT LEFT UP UP UP DOWN DOWN DOWN LEFT LEFT UP UP LEFT LEFT LEFT DOWN DOWN RIGHT LEFT UP UP RIGHT RIGHT RIGHT DOWN DOWN RIGHT RIGHT UP UP UP UP LEFT UP UP RIGHT DOWN DOWN DOWN DOWN LEFT LEFT DOWN DOWN LEFT LEFT RIGHT RIGHT UP UP LEFT LEFT LEFT DOWN LEFT DOWN RIGHT RIGHT RIGHT LEFT LEFT UP UP RIGHT RIGHT RIGHT DOWN DOWN UP UP RIGHT RIGHT RIGHT RIGHT RIGHT DOWN DOWN LEFT LEFT LEFT UP UP UP UP DOWN DOWN DOWN DOWN LEFT LEFT DOWN UP UP UP RIGHT RIGHT UP UP LEFT UP UP RIGHT DOWN DOWN DOWN DOWN LEFT LEFT DOWN DOWN RIGHT RIGHT UP UP UP DOWN DOWN DOWN LEFT LEFT DOWN DOWN LEFT DOWN DOWN RIGHT UP UP UP UP UP DOWN RIGHT RIGHT UP UP LEFT LEFT DOWN DOWN RIGHT RIGHT UP UP UP UP DOWN DOWN DOWN DOWN LEFT LEFT UP UP LEFT LEFT RIGHT RIGHT DOWN DOWN LEFT LEFT LEFT UP LEFT UP UP RIGHT DOWN LEFT DOWN DOWN RIGHT RIGHT RIGHT RIGHT UP UP RIGHT RIGHT UP UP LEFT UP UP RIGHT DOWN DOWN DOWN DOWN DOWN UP LEFT LEFT DOWN DOWN LEFT LEFT LEFT UP DOWN RIGHT RIGHT RIGHT UP UP RIGHT RIGHT RIGHT RIGHT RIGHT DOWN DOWN LEFT LEFT LEFT UP UP LEFT LEFT DOWN DOWN LEFT LEFT LEFT UP LEFT UP UP RIGHT DOWN LEFT DOWN DOWN RIGHT RIGHT RIGHT RIGHT UP UP RIGHT RIGHT DOWN DOWN LEFT LEFT UP UP LEFT LEFT LEFT LEFT DOWN DOWN RIGHT UP DOWN RIGHT RIGHT LEFT LEFT UP LEFT UP RIGHT DOWN DOWN RIGHT RIGHT RIGHT RIGHT RIGHT RIGHT RIGHT LEFT LEFT UP UP LEFT LEFT DOWN DOWN LEFT LEFT LEFT UP UP RIGHT LEFT DOWN DOWN RIGHT RIGHT RIGHT UP UP RIGHT RIGHT DOWN DOWN RIGHT RIGHT RIGHT UP UP LEFT LEFT LEFT DOWN DOWN LEFT LEFT UP UP LEFT LEFT RIGHT RIGHT DOWN DOWN LEFT LEFT LEFT UP LEFT UP UP RIGHT DOWN DOWN UP RIGHT RIGHT RIGHT DOWN DOWN RIGHT RIGHT UP UP RIGHT RIGHT RIGHT DOWN DOWN DOWN RIGHT UP UP DOWN LEFT LEFT LEFT LEFT UP UP LEFT LEFT LEFT LEFT LEFT DOWN LEFT DOWN RIGHT UP UP RIGHT RIGHT RIGHT DOWN DOWN RIGHT RIGHT UP UP RIGHT RIGHT RIGHT DOWN DOWN RIGHT RIGHT UP UP LEFT DOWN DOWN LEFT LEFT LEFT LEFT UP UP LEFT LEFT DOWN DOWN LEFT LEFT RIGHT RIGHT UP UP LEFT LEFT LEFT DOWN LEFT DOWN RIGHT RIGHT LEFT UP UP RIGHT RIGHT RIGHT DOWN DOWN RIGHT RIGHT UP UP RIGHT RIGHT RIGHT DOWN DOWN RIGHT RIGHT UP UP LEFT LEFT LEFT LEFT RIGHT RIGHT DOWN DOWN LEFT LEFT LEFT UP UP DOWN DOWN LEFT LEFT UP UP LEFT LEFT LEFT DOWN DOWN RIGHT RIGHT RIGHT RIGHT RIGHT RIGHT RIGHT RIGHT UP UP RIGHT RIGHT DOWN DOWN LEFT DOWN LEFT UP LEFT LEFT LEFT UP UP UP UP LEFT UP UP RIGHT DOWN DOWN DOWN DOWN DOWN UP LEFT LEFT DOWN DOWN RIGHT RIGHT UP UP RIGHT RIGHT RIGHT DOWN UP LEFT LEFT LEFT DOWN DOWN RIGHT LEFT UP UP RIGHT RIGHT RIGHT DOWN RIGHT DOWN DOWN LEFT UP LEFT LEFT LEFT UP UP RIGHT RIGHT RIGHT DOWN UP LEFT LEFT LEFT DOWN DOWN LEFT LEFT UP UP LEFT LEFT LEFT DOWN DOWN RIGHT RIGHT LEFT LEFT UP UP RIGHT RIGHT RIGHT DOWN DOWN UP UP RIGHT RIGHT DOWN DOWN RIGHT RIGHT RIGHT UP UP LEFT LEFT LEFT DOWN DOWN LEFT LEFT DOWN UP UP UP RIGHT RIGHT DOWN DOWN RIGHT RIGHT RIGHT UP UP RIGHT RIGHT DOWN DOWN LEFT DOWN LEFT UP LEFT LEFT LEFT UP UP LEFT LEFT DOWN DOWN DOWN DOWN LEFT DOWN DOWN RIGHT UP UP UP UP LEFT LEFT LEFT UP UP RIGHT RIGHT RIGHT DOWN UP RIGHT RIGHT DOWN DOWN RIGHT RIGHT RIGHT RIGHT UP UP LEFT DOWN UP RIGHT RIGHT DOWN DOWN LEFT LEFT UP UP LEFT LEFT LEFT DOWN DOWN RIGHT RIGHT RIGHT UP UP LEFT LEFT LEFT DOWN DOWN LEFT LEFT UP UP LEFT LEFT LEFT DOWN DOWN RIGHT RIGHT RIGHT UP UP RIGHT RIGHT DOWN DOWN RIGHT RIGHT RIGHT DOWN RIGHT UP LEFT UP UP LEFT LEFT LEFT DOWN DOWN LEFT LEFT UP UP LEFT LEFT LEFT DOWN DOWN RIGHT RIGHT LEFT LEFT UP UP RIGHT RIGHT RIGHT DOWN DOWN DOWN DOWN LEFT DOWN DOWN RIGHT UP UP UP UP UP DOWN LEFT LEFT LEFT UP UP RIGHT RIGHT RIGHT DOWN DOWN RIGHT RIGHT UP UP LEFT LEFT LEFT LEFT RIGHT RIGHT DOWN DOWN LEFT LEFT LEFT UP LEFT UP UP RIGHT DOWN LEFT DOWN DOWN RIGHT RIGHT RIGHT RIGHT UP UP RIGHT RIGHT DOWN DOWN RIGHT RIGHT RIGHT UP UP RIGHT DOWN RIGHT DOWN LEFT UP UP LEFT LEFT LEFT LEFT DOWN DOWN LEFT LEFT UP UP LEFT LEFT LEFT LEFT DOWN DOWN RIGHT UP DOWN RIGHT RIGHT RIGHT UP UP RIGHT RIGHT DOWN DOWN RIGHT RIGHT RIGHT UP UP RIGHT RIGHT DOWN DOWN LEFT DOWN LEFT UP LEFT LEFT LEFT UP UP LEFT LEFT DOWN DOWN LEFT LEFT LEFT UP LEFT UP UP RIGHT DOWN,1000000,25.0,0
4,2026-08-23T15:29:41-03:00,levels/experiments/level_03.txt,greedy,minimum_matching_manhattan,9,success,,47,47,10,4344,1285,1291,0.1168715,RIGHT DOWN RIGHT RIGHT RIGHT UP UP LEFT LEFT RIGHT RIGHT DOWN DOWN LEFT LEFT LEFT UP LEFT UP UP RIGHT DOWN LEFT DOWN LEFT DOWN RIGHT RIGHT LEFT UP UP RIGHT RIGHT RIGHT RIGHT DOWN DOWN LEFT UP RIGHT UP LEFT LEFT LEFT UP LEFT DOWN,1000000,25.0,0
5,2026-08-23T15:29:42-03:00,levels/experiments/level_02.txt,astar,shortest_push_access,9,success,,78,78,17,26823,190,1199,0.975754959,LEFT RIGHT RIGHT LEFT UP UP LEFT LEFT DOWN LEFT DOWN DOWN RIGHT UP UP UP UP DOWN DOWN DOWN LEFT LEFT LEFT LEFT UP UP RIGHT UP RIGHT UP RIGHT RIGHT RIGHT LEFT DOWN DOWN RIGHT RIGHT UP UP UP DOWN DOWN DOWN RIGHT RIGHT DOWN RIGHT DOWN DOWN LEFT UP UP UP UP DOWN DOWN DOWN RIGHT RIGHT RIGHT RIGHT UP UP LEFT UP LEFT UP LEFT LEFT LEFT RIGHT DOWN DOWN LEFT LEFT UP UP,1000000,25.0,0
6,2026-08-23T15:29:43-03:00,levels/experiments/level_04.txt,greedy,shortest_push_access,6,success,,96,96,40,5744,3064,3065,0.167682208,UP UP UP RIGHT RIGHT UP UP UP UP LEFT UP UP RIGHT DOWN DOWN DOWN DOWN LEFT LEFT DOWN DOWN RIGHT RIGHT UP DOWN LEFT LEFT UP UP RIGHT RIGHT RIGHT RIGHT RIGHT DOWN RIGHT RIGHT UP LEFT LEFT LEFT LEFT LEFT LEFT LEFT LEFT LEFT RIGHT RIGHT DOWN DOWN DOWN DOWN LEFT DOWN DOWN RIGHT UP UP UP UP LEFT LEFT LEFT UP LEFT UP UP RIGHT DOWN RIGHT RIGHT RIGHT DOWN UP LEFT LEFT LEFT LEFT DOWN DOWN RIGHT RIGHT RIGHT RIGHT RIGHT RIGHT RIGHT RIGHT RIGHT DOWN RIGHT UP RIGHT UP LEFT,1000000,25.0,0
7,2026-08-23T15:29:44-03:00,levels/experiments/level_02.txt,astar,shortest_push_access,2,success,,78,78,17,26823,190,1199,0.974075917,LEFT RIGHT RIGHT LEFT UP UP LEFT LEFT DOWN LEFT DOWN DOWN RIGHT UP UP UP UP DOWN DOWN DOWN LEFT LEFT LEFT LEFT UP UP RIGHT UP RIGHT UP RIGHT RIGHT RIGHT LEFT DOWN DOWN RIGHT RIGHT UP UP UP DOWN DOWN DOWN RIGHT RIGHT DOWN RIGHT DOWN DOWN LEFT UP UP UP UP DOWN DOWN DOWN RIGHT RIGHT RIGHT RIGHT UP UP LEFT UP LEFT UP LEFT LEFT LEFT RIGHT DOWN DOWN LEFT LEFT UP UP,1000000,25.0,0
8,2026-08-23T15:29:44-03:00,levels/experiments/level_02.txt,greedy,minimum_matching_manhattan,1,success,,96,96,19,756,76,77,0.005719292,LEFT RIGHT UP UP RIGHT RIGHT DOWN DOWN LEFT RIGHT UP UP LEFT LEFT LEFT LEFT DOWN LEFT DOWN DOWN RIGHT UP UP UP UP DOWN DOWN DOWN LEFT LEFT LEFT LEFT UP UP RIGHT UP RIGHT UP RIGHT RIGHT RIGHT LEFT DOWN DOWN RIGHT RIGHT UP UP UP DOWN DOWN DOWN LEFT LEFT DOWN DOWN RIGHT RIGHT RIGHT LEFT UP UP RIGHT RIGHT DOWN RIGHT DOWN DOWN LEFT UP UP UP UP DOWN DOWN DOWN RIGHT RIGHT RIGHT RIGHT UP UP LEFT UP LEFT UP LEFT LEFT LEFT RIGHT DOWN DOWN LEFT LEFT UP UP,1000000,25.0,0
9,2026-08-23T15:29:45-03:00,levels/experiments/level_03.txt,greedy,shortest_push_access,3,success,,83,83,22,34565,5793,9151,0.876354125,RIGHT DOWN RIGHT RIGHT RIGHT UP UP LEFT LEFT LEFT DOWN LEFT LEFT DOWN RIGHT RIGHT RIGHT LEFT UP UP UP LEFT DOWN RIGHT RIGHT RIGHT RIGHT DOWN DOWN LEFT UP RIGHT UP LEFT LEFT LEFT DOWN RIGHT LEFT DOWN LEFT LEFT UP RIGHT DOWN RIGHT RIGHT UP UP LEFT UP LEFT DOWN RIGHT RIGHT DOWN DOWN LEFT UP DOWN LEFT LEFT UP RIGHT DOWN RIGHT RIGHT UP UP RIGHT RIGHT DOWN DOWN LEFT RIGHT UP LEFT UP LEFT LEFT UP LEFT DOWN,1000000,25.0,0
10,2026-08-23T15:29:45-03:00,levels/experiments/level_04.txt,astar,minimum_matching_manhattan,9,success,,54,54,20,45814,2599,3114,0.415314375,UP UP UP UP DOWN RIGHT RIGHT UP UP UP UP LEFT UP UP RIGHT DOWN DOWN DOWN DOWN DOWN UP LEFT LEFT LEFT LEFT RIGHT RIGHT DOWN DOWN LEFT LEFT LEFT UP LEFT UP UP RIGHT DOWN RIGHT RIGHT RIGHT DOWN DOWN RIGHT RIGHT RIGHT RIGHT RIGHT DOWN RIGHT UP RIGHT UP LEFT,1000000,25.0,0
11,2026-08-23T15:29:46-03:00,levels/experiments/level_03.txt,dfs,null,2,success,,51,51,14,43449,19,103,0.286482583,UP RIGHT RIGHT LEFT LEFT DOWN RIGHT DOWN RIGHT RIGHT RIGHT UP UP LEFT LEFT LEFT DOWN LEFT LEFT DOWN RIGHT RIGHT UP UP UP LEFT DOWN RIGHT DOWN DOWN LEFT LEFT UP RIGHT UP RIGHT RIGHT RIGHT RIGHT DOWN DOWN LEFT UP RIGHT UP LEFT LEFT LEFT UP LEFT DOWN,1000000,25.0,0
12,2026-08-23T15:29:46-03:00,levels/experiments/level_04.txt,greedy,minimum_matching_manhattan,8,success,,64,64,18,867,136,144,0.006890167,UP UP UP UP DOWN RIGHT RIGHT UP UP LEFT LEFT LEFT LEFT RIGHT RIGHT DOWN DOWN LEFT LEFT LEFT UP LEFT UP UP RIGHT DOWN RIGHT RIGHT RIGHT RIGHT RIGHT UP UP LEFT UP UP RIGHT DOWN DOWN DOWN DOWN DOWN UP LEFT LEFT DOWN DOWN RIGHT RIGHT RIGHT RIGHT LEFT LEFT UP UP RIGHT RIGHT RIGHT DOWN RIGHT DOWN DOWN LEFT UP,1000000,25.0,0
13,2026-08-23T15:29:48-03:00,levels/experiments/level_04.txt,astar,shortest_push_access,10,success,,54,54,20,50582,3791,4581,1.925277625,UP UP UP UP DOWN RIGHT RIGHT UP UP UP UP LEFT UP UP RIGHT DOWN DOWN DOWN DOWN DOWN UP LEFT LEFT LEFT LEFT RIGHT RIGHT DOWN DOWN LEFT LEFT LEFT UP LEFT UP UP RIGHT DOWN RIGHT RIGHT RIGHT DOWN DOWN RIGHT RIGHT RIGHT RIGHT RIGHT DOWN RIGHT UP RIGHT UP LEFT,1000000,25.0,0
14,2026-08-23T15:29:48-03:00,levels/experiments/level_02.txt,greedy,shortest_push_access,10,success,,126,126,29,22399,1621,2979,0.76214775,LEFT RIGHT UP UP LEFT LEFT DOWN LEFT DOWN DOWN RIGHT UP RIGHT RIGHT RIGHT LEFT LEFT LEFT UP UP RIGHT RIGHT RIGHT RIGHT DOWN RIGHT DOWN LEFT LEFT LEFT LEFT RIGHT UP UP LEFT LEFT DOWN LEFT DOWN DOWN RIGHT UP RIGHT RIGHT UP UP LEFT LEFT UP DOWN RIGHT RIGHT UP UP LEFT LEFT DOWN DOWN DOWN LEFT DOWN LEFT LEFT LEFT UP UP RIGHT UP RIGHT UP RIGHT RIGHT RIGHT LEFT DOWN DOWN DOWN LEFT DOWN DOWN RIGHT UP UP UP UP DOWN RIGHT RIGHT UP UP LEFT LEFT DOWN DOWN DOWN DOWN LEFT LEFT LEFT LEFT UP UP RIGHT UP RIGHT UP RIGHT RIGHT RIGHT RIGHT UP DOWN DOWN DOWN RIGHT RIGHT UP UP LEFT RIGHT DOWN DOWN LEFT LEFT UP UP,1000000,25.0,0
15,2026-08-23T15:29:49-03:00,levels/experiments/level_04.txt,dfs,null,3,success,,2044,2044,386,70252,1123,1187,0.416782708,UP UP UP UP DOWN LEFT LEFT LEFT UP UP RIGHT RIGHT RIGHT DOWN DOWN RIGHT RIGHT UP UP UP UP DOWN DOWN DOWN DOWN LEFT LEFT UP UP RIGHT RIGHT UP UP LEFT UP UP RIGHT DOWN DOWN DOWN DOWN DOWN UP LEFT LEFT DOWN DOWN RIGHT RIGHT UP UP RIGHT LEFT DOWN DOWN RIGHT LEFT UP UP RIGHT RIGHT LEFT LEFT DOWN DOWN RIGHT RIGHT LEFT LEFT UP UP RIGHT RIGHT RIGHT DOWN RIGHT DOWN DOWN LEFT UP RIGHT UP RIGHT UP LEFT LEFT DOWN UP LEFT LEFT LEFT DOWN DOWN LEFT LEFT UP UP RIGHT LEFT DOWN DOWN RIGHT RIGHT UP UP UP UP DOWN DOWN DOWN DOWN RIGHT RIGHT RIGHT UP UP LEFT LEFT LEFT UP UP LEFT UP UP RIGHT DOWN DOWN DOWN DOWN DOWN UP LEFT LEFT DOWN DOWN RIGHT RIGHT UP UP RIGHT RIGHT RIGHT DOWN DOWN DOWN RIGHT UP UP DOWN LEFT LEFT LEFT LEFT UP UP LEFT LEFT DOWN DOWN RIGHT LEFT UP UP RIGHT RIGHT RIGHT RIGHT RIGHT DOWN DOWN RIGHT RIGHT UP UP LEFT DOWN DOWN LEFT LEFT LEFT LEFT UP UP RIGHT RIGHT RIGHT DOWN DOWN RIGHT RIGHT UP UP LEFT LEFT DOWN DOWN LEFT LEFT LEFT LEFT LEFT UP UP LEFT LEFT LEFT DOWN DOWN RIGHT RIGHT LEFT LEFT UP UP RIGHT RIGHT RIGHT DOWN DOWN UP UP RIGHT RIGHT DOWN DOWN RIGHT RIGHT RIGHT UP UP LEFT LEFT LEFT DOWN DOWN LEFT LEFT UP UP RIGHT LEFT DOWN DOWN DOWN UP UP UP RIGHT RIGHT DOWN DOWN LEFT LEFT DOWN DOWN UP UP UP UP RIGHT RIGHT DOWN DOWN RIGHT RIGHT RIGHT UP UP LEFT LEFT LEFT DOWN DOWN LEFT LEFT UP UP RIGHT LEFT DOWN DOWN RIGHT RIGHT UP UP UP UP DOWN DOWN DOWN DOWN LEFT LEFT DOWN DOWN LEFT DOWN DOWN RIGHT UP UP UP UP UP DOWN RIGHT RIGHT UP UP UP UP LEFT UP UP RIGHT DOWN DOWN DOWN DOWN DOWN UP LEFT LEFT DOWN DOWN LEFT LEFT LEFT UP UP RIGHT RIGHT LEFT LEFT DOWN DOWN RIGHT RIGHT RIGHT RIGHT RIGHT UP UP LEFT LEFT DOWN DOWN LEFT LEFT LEFT UP UP RIGHT RIGHT RIGHT DOWN DOWN RIGHT RIGHT UP UP RIGHT RIGHT RIGHT DOWN DOWN LEFT LEFT LEFT UP UP LEFT LEFT DOWN DOWN LEFT LEFT LEFT UP UP RIGHT RIGHT RIGHT RIGHT LEFT DOWN DOWN RIGHT RIGHT UP UP UP UP DOWN DOWN DOWN DOWN RIGHT LEFT UP UP UP UP LEFT UP UP RIGHT DOWN DOWN DOWN DOWN LEFT LEFT DOWN DOWN RIGHT RIGHT UP UP UP DOWN DOWN DOWN RIGHT RIGHT RIGHT UP UP RIGHT RIGHT DOWN DOWN LEFT DOWN LEFT UP UP DOWN LEFT LEFT LEFT UP UP UP UP DOWN DOWN DOWN DOWN RIGHT RIGHT RIGHT UP RIGHT UP LEFT DOWN DOWN LEFT LEFT LEFT UP UP UP UP LEFT UP UP RIGHT DOWN DOWN DOWN DOWN LEFT LEFT DOWN DOWN RIGHT RIGHT UP UP UP DOWN RIGHT RIGHT RIGHT DOWN DOWN LEFT LEFT LEFT UP UP UP UP LEFT UP UP RIGHT DOWN DOWN DOWN DOWN LEFT LEFT DOWN DOWN RIGHT RIGHT UP DOWN LEFT LEFT UP UP RIGHT RIGHT DOWN DOWN RIGHT RIGHT RIGHT UP UP LEFT LEFT LEFT DOWN DOWN RIGHT RIGHT RIGHT UP RIGHT RIGHT UP LEFT DOWN DOWN LEFT LEFT LEFT LEFT UP UP LEFT LEFT DOWN DOWN LEFT LEFT LEFT UP UP RIGHT RIGHT LEFT LEFT DOWN DOWN RIGHT RIGHT RIGHT RIGHT RIGHT RIGHT RIGHT RIGHT UP RIGHT UP LEFT DOWN DOWN LEFT LEFT LEFT UP UP LEFT LEFT DOWN DOWN RIGHT RIGHT UP UP RIGHT RIGHT LEFT LEFT DOWN DOWN RIGHT RIGHT RIGHT UP RIGHT UP LEFT LEFT LEFT LEFT DOWN DOWN LEFT LEFT UP UP LEFT LEFT RIGHT RIGHT DOWN DOWN LEFT LEFT LEFT UP LEFT UP UP RIGHT DOWN DOWN UP RIGHT RIGHT RIGHT RIGHT LEFT DOWN DOWN RIGHT RIGHT UP UP UP UP DOWN DOWN DOWN DOWN LEFT LEFT UP UP LEFT LEFT LEFT DOWN LEFT DOWN RIGHT UP UP RIGHT RIGHT RIGHT DOWN DOWN RIGHT RIGHT UP UP UP UP LEFT UP UP RIGHT DOWN DOWN DOWN DOWN DOWN UP LEFT LEFT DOWN DOWN LEFT LEFT RIGHT RIGHT UP UP LEFT LEFT LEFT DOWN LEFT DOWN RIGHT RIGHT LEFT UP UP RIGHT RIGHT RIGHT DOWN DOWN RIGHT RIGHT UP UP LEFT LEFT DOWN DOWN LEFT LEFT RIGHT RIGHT UP UP LEFT LEFT LEFT DOWN LEFT DOWN RIGHT UP UP RIGHT RIGHT RIGHT RIGHT RIGHT DOWN DOWN RIGHT LEFT UP UP LEFT LEFT DOWN DOWN LEFT LEFT RIGHT RIGHT UP UP LEFT LEFT LEFT DOWN LEFT DOWN RIGHT RIGHT LEFT UP UP RIGHT RIGHT RIGHT DOWN DOWN RIGHT RIGHT UP UP RIGHT RIGHT RIGHT DOWN DOWN LEFT LEFT LEFT UP UP LEFT LEFT DOWN DOWN LEFT LEFT RIGHT RIGHT UP UP LEFT LEFT LEFT DOWN LEFT DOWN RIGHT UP UP RIGHT RIGHT RIGHT RIGHT RIGHT DOWN DOWN LEFT RIGHT UP UP LEFT LEFT DOWN DOWN UP UP LEFT LEFT LEFT DOWN DOWN RIGHT LEFT UP UP RIGHT RIGHT RIGHT DOWN DOWN DOWN UP UP UP LEFT LEFT LEFT DOWN DOWN RIGHT RIGHT RIGHT DOWN DOWN UP UP UP UP RIGHT RIGHT DOWN DOWN LEFT LEFT LEFT LEFT RIGHT RIGHT DOWN DOWN LEFT DOWN DOWN RIGHT UP UP UP UP RIGHT RIGHT UP UP LEFT LEFT LEFT LEFT LEFT DOWN LEFT DOWN RIGHT RIGHT RIGHT RIGHT LEFT LEFT LEFT UP UP RIGHT RIGHT RIGHT DOWN DOWN RIGHT RIGHT UP UP LEFT LEFT DOWN DOWN DOWN UP UP UP RIGHT RIGHT DOWN DOWN RIGHT LEFT UP UP LEFT LEFT DOWN DOWN DOWN DOWN UP UP UP UP RIGHT RIGHT DOWN DOWN RIGHT RIGHT LEFT LEFT UP UP LEFT LEFT DOWN DOWN DOWN DOWN LEFT DOWN DOWN RIGHT UP UP UP UP UP DOWN RIGHT RIGHT UP UP RIGHT RIGHT RIGHT DOWN RIGHT DOWN DOWN LEFT UP LEFT LEFT LEFT UP UP LEFT LEFT DOWN DOWN LEFT LEFT LEFT UP UP RIGHT RIGHT RIGHT DOWN DOWN RIGHT RIGHT UP UP RIGHT RIGHT RIGHT DOWN UP RIGHT RIGHT DOWN DOWN LEFT LEFT UP UP LEFT LEFT LEFT LEFT LEFT DOWN DOWN RIGHT RIGHT UP UP RIGHT RIGHT RIGHT DOWN DOWN LEFT LEFT LEFT LEFT RIGHT UP UP LEFT LEFT DOWN DOWN UP UP LEFT LEFT RIGHT RIGHT DOWN DOWN DOWN UP LEFT LEFT LEFT UP LEFT UP UP RIGHT DOWN LEFT DOWN DOWN RIGHT RIGHT RIGHT RIGHT DOWN DOWN UP UP UP UP LEFT LEFT LEFT LEFT DOWN DOWN RIGHT UP LEFT UP RIGHT DOWN DOWN RIGHT RIGHT RIGHT DOWN DOWN LEFT DOWN DOWN RIGHT UP UP UP UP LEFT LEFT LEFT UP UP RIGHT LEFT DOWN DOWN RIGHT RIGHT RIGHT RIGHT RIGHT UP UP LEFT LEFT LEFT LEFT RIGHT RIGHT RIGHT RIGHT DOWN DOWN LEFT LEFT UP DOWN LEFT LEFT LEFT UP LEFT UP UP RIGHT DOWN DOWN LEFT DOWN RIGHT UP UP RIGHT RIGHT RIGHT LEFT LEFT LEFT DOWN DOWN RIGHT LEFT UP UP RIGHT RIGHT RIGHT RIGHT LEFT DOWN DOWN LEFT RIGHT UP UP LEFT LEFT LEFT DOWN DOWN RIGHT RIGHT LEFT LEFT UP UP RIGHT RIGHT RIGHT RIGHT RIGHT DOWN DOWN LEFT LEFT LEFT LEFT RIGHT RIGHT UP UP LEFT LEFT LEFT DOWN LEFT DOWN RIGHT UP UP RIGHT RIGHT RIGHT RIGHT RIGHT DOWN DOWN RIGHT RIGHT RIGHT UP UP LEFT LEFT RIGHT RIGHT DOWN DOWN LEFT LEFT LEFT UP UP UP DOWN DOWN DOWN LEFT LEFT UP UP LEFT LEFT LEFT DOWN DOWN RIGHT LEFT UP UP RIGHT RIGHT RIGHT DOWN DOWN RIGHT RIGHT UP UP UP UP LEFT UP UP RIGHT DOWN DOWN DOWN DOWN LEFT LEFT DOWN DOWN LEFT LEFT RIGHT RIGHT UP UP LEFT LEFT LEFT DOWN LEFT DOWN RIGHT RIGHT RIGHT LEFT LEFT UP UP RIGHT RIGHT RIGHT DOWN DOWN UP UP RIGHT RIGHT RIGHT RIGHT RIGHT DOWN DOWN LEFT LEFT LEFT UP UP UP UP DOWN DOWN DOWN DOWN LEFT LEFT DOWN UP UP UP RIGHT RIGHT UP UP LEFT UP UP RIGHT DOWN DOWN DOWN DOWN LEFT LEFT DOWN DOWN RIGHT RIGHT UP UP UP DOWN DOWN DOWN LEFT LEFT DOWN DOWN LEFT DOWN DOWN RIGHT UP UP UP UP UP DOWN RIGHT RIGHT UP UP LEFT LEFT DOWN DOWN RIGHT RIGHT UP UP UP UP DOWN DOWN DOWN DOWN LEFT LEFT UP UP LEFT LEFT RIGHT RIGHT DOWN DOWN LEFT LEFT LEFT UP LEFT UP UP RIGHT DOWN LEFT DOWN DOWN RIGHT RIGHT RIGHT RIGHT UP UP RIGHT RIGHT UP UP LEFT UP UP RIGHT DOWN DOWN DOWN DOWN DOWN UP LEFT LEFT DOWN DOWN LEFT LEFT LEFT UP DOWN RIGHT RIGHT RIGHT UP UP RIGHT RIGHT RIGHT RIGHT RIGHT DOWN DOWN LEFT LEFT LEFT UP UP LEFT LEFT DOWN DOWN LEFT LEFT LEFT UP LEFT UP UP RIGHT DOWN LEFT DOWN DOWN RIGHT RIGHT RIGHT RIGHT UP UP RIGHT RIGHT DOWN DOWN LEFT LEFT UP UP LEFT LEFT LEFT LEFT DOWN DOWN RIGHT UP DOWN RIGHT RIGHT LEFT LEFT UP LEFT UP RIGHT DOWN DOWN RIGHT RIGHT RIGHT RIGHT RIGHT RIGHT RIGHT LEFT LEFT UP UP LEFT LEFT DOWN DOWN LEFT LEFT LEFT UP UP RIGHT LEFT DOWN DOWN RIGHT RIGHT RIGHT UP UP RIGHT RIGHT DOWN DOWN RIGHT RIGHT RIGHT UP UP LEFT LEFT LEFT DOWN DOWN LEFT LEFT UP UP LEFT LEFT RIGHT RIGHT DOWN DOWN LEFT LEFT LEFT UP LEFT UP UP RIGHT DOWN DOWN UP RIGHT RIGHT RIGHT DOWN DOWN RIGHT RIGHT UP UP RIGHT RIGHT RIGHT DOWN DOWN DOWN RIGHT UP UP DOWN LEFT LEFT LEFT LEFT UP UP LEFT LEFT LEFT LEFT LEFT DOWN LEFT DOWN RIGHT UP UP RIGHT RIGHT RIGHT DOWN DOWN RIGHT RIGHT UP UP RIGHT RIGHT RIGHT DOWN DOWN RIGHT RIGHT UP UP LEFT DOWN DOWN LEFT LEFT LEFT LEFT UP UP LEFT LEFT DOWN DOWN LEFT LEFT RIGHT RIGHT UP UP LEFT LEFT LEFT DOWN LEFT DOWN RIGHT RIGHT LEFT UP UP RIGHT RIGHT RIGHT DOWN DOWN RIGHT RIGHT UP UP RIGHT RIGHT RIGHT DOWN DOWN RIGHT RIGHT UP UP LEFT LEFT LEFT LEFT RIGHT RIGHT DOWN DOWN LEFT LEFT LEFT UP UP DOWN DOWN LEFT LEFT UP UP LEFT LEFT LEFT DOWN DOWN RIGHT RIGHT RIGHT RIGHT RIGHT RIGHT RIGHT RIGHT UP UP RIGHT RIGHT DOWN DOWN LEFT DOWN LEFT UP LEFT LEFT LEFT UP UP UP UP LEFT UP UP RIGHT DOWN DOWN DOWN DOWN DOWN UP LEFT LEFT DOWN DOWN RIGHT RIGHT UP UP RIGHT RIGHT RIGHT DOWN UP LEFT LEFT LEFT DOWN DOWN RIGHT LEFT UP UP RIGHT RIGHT RIGHT DOWN RIGHT DOWN DOWN LEFT UP LEFT LEFT LEFT UP UP RIGHT RIGHT RIGHT DOWN UP LEFT LEFT LEFT DOWN DOWN LEFT LEFT UP UP LEFT LEFT LEFT DOWN DOWN RIGHT RIGHT LEFT LEFT UP UP RIGHT RIGHT RIGHT DOWN DOWN UP UP RIGHT RIGHT DOWN DOWN RIGHT RIGHT RIGHT UP UP LEFT LEFT LEFT DOWN DOWN LEFT LEFT DOWN UP UP UP RIGHT RIGHT DOWN DOWN RIGHT RIGHT RIGHT UP UP RIGHT RIGHT DOWN DOWN LEFT DOWN LEFT UP LEFT LEFT LEFT UP UP LEFT LEFT DOWN DOWN DOWN DOWN LEFT DOWN DOWN RIGHT UP UP UP UP LEFT LEFT LEFT UP UP RIGHT RIGHT RIGHT DOWN UP RIGHT RIGHT DOWN DOWN RIGHT RIGHT RIGHT RIGHT UP UP LEFT DOWN UP RIGHT RIGHT DOWN DOWN LEFT LEFT UP UP LEFT LEFT LEFT DOWN DOWN RIGHT RIGHT RIGHT UP UP LEFT LEFT LEFT DOWN DOWN LEFT LEFT UP UP LEFT LEFT LEFT DOWN DOWN RIGHT RIGHT RIGHT UP UP RIGHT RIGHT DOWN DOWN RIGHT RIGHT RIGHT DOWN RIGHT UP LEFT UP UP LEFT LEFT LEFT DOWN DOWN LEFT LEFT UP UP LEFT LEFT LEFT DOWN DOWN RIGHT RIGHT LEFT LEFT UP UP RIGHT RIGHT RIGHT DOWN DOWN DOWN DOWN LEFT DOWN DOWN RIGHT UP UP UP UP UP DOWN LEFT LEFT LEFT UP UP RIGHT RIGHT RIGHT DOWN DOWN RIGHT RIGHT UP UP LEFT LEFT LEFT LEFT RIGHT RIGHT DOWN DOWN LEFT LEFT LEFT UP LEFT UP UP RIGHT DOWN LEFT DOWN DOWN RIGHT RIGHT RIGHT RIGHT UP UP RIGHT RIGHT DOWN DOWN RIGHT RIGHT RIGHT UP UP RIGHT DOWN RIGHT DOWN LEFT UP UP LEFT LEFT LEFT LEFT DOWN DOWN LEFT LEFT UP UP LEFT LEFT LEFT LEFT DOWN DOWN RIGHT UP DOWN RIGHT RIGHT RIGHT UP UP RIGHT RIGHT DOWN DOWN RIGHT RIGHT RIGHT UP UP RIGHT RIGHT DOWN DOWN LEFT DOWN LEFT UP LEFT LEFT LEFT UP UP LEFT LEFT DOWN DOWN LEFT LEFT LEFT UP LEFT UP UP RIGHT DOWN,1000000,25.0,0
16,2026-08-23T15:29:50-03:00,levels/experiments/level_02.txt,greedy,shortest_push_access,2,success,,126,126,29,22399,1621,2979,0.770493083,LEFT RIGHT UP UP LEFT LEFT DOWN LEFT DOWN DOWN RIGHT UP RIGHT RIGHT RIGHT LEFT LEFT LEFT UP UP RIGHT RIGHT RIGHT RIGHT DOWN RIGHT DOWN LEFT LEFT LEFT LEFT RIGHT UP UP LEFT LEFT DOWN LEFT DOWN DOWN RIGHT UP RIGHT RIGHT UP UP LEFT LEFT UP DOWN RIGHT RIGHT UP UP LEFT LEFT DOWN DOWN DOWN LEFT DOWN LEFT LEFT LEFT UP UP RIGHT UP RIGHT UP RIGHT RIGHT RIGHT LEFT DOWN DOWN DOWN LEFT DOWN DOWN RIGHT UP UP UP UP DOWN RIGHT RIGHT UP UP LEFT LEFT DOWN DOWN DOWN DOWN LEFT LEFT LEFT LEFT UP UP RIGHT UP RIGHT UP RIGHT RIGHT RIGHT RIGHT UP DOWN DOWN DOWN RIGHT RIGHT UP UP LEFT RIGHT DOWN DOWN LEFT LEFT UP UP,1000000,25.0,0
17,2026-08-23T15:29:51-03:00,levels/experiments/level_03.txt,astar,shortest_push_access,8,success,,43,43,10,41018,844,4055,0.985575417,RIGHT DOWN RIGHT RIGHT RIGHT UP UP LEFT LEFT RIGHT RIGHT DOWN DOWN LEFT LEFT LEFT UP LEFT LEFT DOWN RIGHT RIGHT UP LEFT UP UP RIGHT DOWN RIGHT RIGHT RIGHT DOWN DOWN LEFT UP RIGHT UP LEFT LEFT LEFT UP LEFT DOWN,1000000,25.0,0
18,2026-08-23T15:29:52-03:00,levels/experiments/level_03.txt,astar,minimum_matching_manhattan,10,success,,43,43,10,43039,210,3515,1.000231208,RIGHT DOWN RIGHT RIGHT RIGHT UP UP LEFT LEFT RIGHT RIGHT DOWN DOWN LEFT LEFT LEFT UP LEFT LEFT DOWN RIGHT RIGHT UP LEFT UP UP RIGHT DOWN RIGHT RIGHT RIGHT DOWN DOWN LEFT UP RIGHT UP LEFT LEFT LEFT UP LEFT DOWN,1000000,25.0,0
19,2026-08-23T15:29:52-03:00,levels/experiments/level_03.txt,dfs,null,5,success,,51,51,14,43449,19,103,0.273931583,UP RIGHT RIGHT LEFT LEFT DOWN RIGHT DOWN RIGHT RIGHT RIGHT UP UP LEFT LEFT LEFT DOWN LEFT LEFT DOWN RIGHT RIGHT UP UP UP LEFT DOWN RIGHT DOWN DOWN LEFT LEFT UP RIGHT UP RIGHT RIGHT RIGHT RIGHT DOWN DOWN LEFT UP RIGHT UP LEFT LEFT LEFT UP LEFT DOWN,1000000,25.0,0
20,2026-08-23T15:29:52-03:00,levels/experiments/level_02.txt,greedy,minimum_matching_manhattan,9,success,,96,96,19,756,76,77,0.005817417,LEFT RIGHT UP UP RIGHT RIGHT DOWN DOWN LEFT RIGHT UP UP LEFT LEFT LEFT LEFT DOWN LEFT DOWN DOWN RIGHT UP UP UP UP DOWN DOWN DOWN LEFT LEFT LEFT LEFT UP UP RIGHT UP RIGHT UP RIGHT RIGHT RIGHT LEFT DOWN DOWN RIGHT RIGHT UP UP UP DOWN DOWN DOWN LEFT LEFT DOWN DOWN RIGHT RIGHT RIGHT LEFT UP UP RIGHT RIGHT DOWN RIGHT DOWN DOWN LEFT UP UP UP UP DOWN DOWN DOWN RIGHT RIGHT RIGHT RIGHT UP UP LEFT UP LEFT UP LEFT LEFT LEFT RIGHT DOWN DOWN LEFT LEFT UP UP,1000000,25.0,0
21,2026-08-23T15:29:52-03:00,levels/experiments/level_03.txt,greedy,minimum_matching_manhattan,8,success,,47,47,10,4344,1285,1291,0.117427458,RIGHT DOWN RIGHT RIGHT RIGHT UP UP LEFT LEFT RIGHT RIGHT DOWN DOWN LEFT LEFT LEFT UP LEFT UP UP RIGHT DOWN LEFT DOWN LEFT DOWN RIGHT RIGHT LEFT UP UP RIGHT RIGHT RIGHT RIGHT DOWN DOWN LEFT UP RIGHT UP LEFT LEFT LEFT UP LEFT DOWN,1000000,25.0,0
22,2026-08-23T15:29:53-03:00,levels/experiments/level_03.txt,greedy,minimum_matching_manhattan,7,success,,47,47,10,4344,1285,1291,0.11898725,RIGHT DOWN RIGHT RIGHT RIGHT UP UP LEFT LEFT RIGHT RIGHT DOWN DOWN LEFT LEFT LEFT UP LEFT UP UP RIGHT DOWN LEFT DOWN LEFT DOWN RIGHT RIGHT LEFT UP UP RIGHT RIGHT RIGHT RIGHT DOWN DOWN LEFT UP RIGHT UP LEFT LEFT LEFT UP LEFT DOWN,1000000,25.0,0
23,2026-08-23T15:29:53-03:00,levels/experiments/level_02.txt,greedy,minimum_matching_manhattan,10,success,,96,96,19,756,76,77,0.005696542,LEFT RIGHT UP UP RIGHT RIGHT DOWN DOWN LEFT RIGHT UP UP LEFT LEFT LEFT LEFT DOWN LEFT DOWN DOWN RIGHT UP UP UP UP DOWN DOWN DOWN LEFT LEFT LEFT LEFT UP UP RIGHT UP RIGHT UP RIGHT RIGHT RIGHT LEFT DOWN DOWN RIGHT RIGHT UP UP UP DOWN DOWN DOWN LEFT LEFT DOWN DOWN RIGHT RIGHT RIGHT LEFT UP UP RIGHT RIGHT DOWN RIGHT DOWN DOWN LEFT UP UP UP UP DOWN DOWN DOWN RIGHT RIGHT RIGHT RIGHT UP UP LEFT UP LEFT UP LEFT LEFT LEFT RIGHT DOWN DOWN LEFT LEFT UP UP,1000000,25.0,0
24,2026-08-23T15:29:53-03:00,levels/experiments/level_02.txt,greedy,minimum_matching_manhattan,3,success,,96,96,19,756,76,77,0.005716334,LEFT RIGHT UP UP RIGHT RIGHT DOWN DOWN LEFT RIGHT UP UP LEFT LEFT LEFT LEFT DOWN LEFT DOWN DOWN RIGHT UP UP UP UP DOWN DOWN DOWN LEFT LEFT LEFT LEFT UP UP RIGHT UP RIGHT UP RIGHT RIGHT RIGHT LEFT DOWN DOWN RIGHT RIGHT UP UP UP DOWN DOWN DOWN LEFT LEFT DOWN DOWN RIGHT RIGHT RIGHT LEFT UP UP RIGHT RIGHT DOWN RIGHT DOWN DOWN LEFT UP UP UP UP DOWN DOWN DOWN RIGHT RIGHT RIGHT RIGHT UP UP LEFT UP LEFT UP LEFT LEFT LEFT RIGHT DOWN DOWN LEFT LEFT UP UP,1000000,25.0,0
25,2026-08-23T15:29:53-03:00,levels/experiments/level_02.txt,greedy,shortest_push_access,3,success,,126,126,29,22399,1621,2979,0.761854291,LEFT RIGHT UP UP LEFT LEFT DOWN LEFT DOWN DOWN RIGHT UP RIGHT RIGHT RIGHT LEFT LEFT LEFT UP UP RIGHT RIGHT RIGHT RIGHT DOWN RIGHT DOWN LEFT LEFT LEFT LEFT RIGHT UP UP LEFT LEFT DOWN LEFT DOWN DOWN RIGHT UP RIGHT RIGHT UP UP LEFT LEFT UP DOWN RIGHT RIGHT UP UP LEFT LEFT DOWN DOWN DOWN LEFT DOWN LEFT LEFT LEFT UP UP RIGHT UP RIGHT UP RIGHT RIGHT RIGHT LEFT DOWN DOWN DOWN LEFT DOWN DOWN RIGHT UP UP UP UP DOWN RIGHT RIGHT UP UP LEFT LEFT DOWN DOWN DOWN DOWN LEFT LEFT LEFT LEFT UP UP RIGHT UP RIGHT UP RIGHT RIGHT RIGHT RIGHT UP DOWN DOWN DOWN RIGHT RIGHT UP UP LEFT RIGHT DOWN DOWN LEFT LEFT UP UP,1000000,25.0,0
26,2026-08-23T15:29:54-03:00,levels/experiments/level_02.txt,astar,minimum_matching_manhattan,8,success,,78,78,17,30315,37,1015,0.242947541,LEFT RIGHT RIGHT LEFT UP UP LEFT LEFT DOWN LEFT DOWN DOWN RIGHT UP UP UP UP DOWN DOWN DOWN LEFT LEFT LEFT LEFT UP UP RIGHT UP RIGHT UP RIGHT RIGHT RIGHT LEFT DOWN DOWN RIGHT RIGHT UP UP UP DOWN DOWN DOWN RIGHT RIGHT DOWN RIGHT DOWN DOWN LEFT UP UP UP UP DOWN DOWN DOWN RIGHT RIGHT RIGHT RIGHT UP UP LEFT UP LEFT UP LEFT LEFT LEFT RIGHT DOWN DOWN LEFT LEFT UP UP,1000000,25.0,0
27,2026-08-23T15:29:54-03:00,levels/experiments/level_04.txt,astar,minimum_matching_manhattan,1,success,,54,54,20,45814,2599,3114,0.402004292,UP UP UP UP DOWN RIGHT RIGHT UP UP UP UP LEFT UP UP RIGHT DOWN DOWN DOWN DOWN DOWN UP LEFT LEFT LEFT LEFT RIGHT RIGHT DOWN DOWN LEFT LEFT LEFT UP LEFT UP UP RIGHT DOWN RIGHT RIGHT RIGHT DOWN DOWN RIGHT RIGHT RIGHT RIGHT RIGHT DOWN RIGHT UP RIGHT UP LEFT,1000000,25.0,0
28,2026-08-23T15:29:54-03:00,levels/experiments/level_03.txt,greedy,minimum_matching_manhattan,3,success,,47,47,10,4344,1285,1291,0.118404084,RIGHT DOWN RIGHT RIGHT RIGHT UP UP LEFT LEFT RIGHT RIGHT DOWN DOWN LEFT LEFT LEFT UP LEFT UP UP RIGHT DOWN LEFT DOWN LEFT DOWN RIGHT RIGHT LEFT UP UP RIGHT RIGHT RIGHT RIGHT DOWN DOWN LEFT UP RIGHT UP LEFT LEFT LEFT UP LEFT DOWN,1000000,25.0,0
29,2026-08-23T15:29:55-03:00,levels/experiments/level_03.txt,greedy,shortest_push_access,5,success,,83,83,22,34565,5793,9151,0.872562917,RIGHT DOWN RIGHT RIGHT RIGHT UP UP LEFT LEFT LEFT DOWN LEFT LEFT DOWN RIGHT RIGHT RIGHT LEFT UP UP UP LEFT DOWN RIGHT RIGHT RIGHT RIGHT DOWN DOWN LEFT UP RIGHT UP LEFT LEFT LEFT DOWN RIGHT LEFT DOWN LEFT LEFT UP RIGHT DOWN RIGHT RIGHT UP UP LEFT UP LEFT DOWN RIGHT RIGHT DOWN DOWN LEFT UP DOWN LEFT LEFT UP RIGHT DOWN RIGHT RIGHT UP UP RIGHT RIGHT DOWN DOWN LEFT RIGHT UP LEFT UP LEFT LEFT UP LEFT DOWN,1000000,25.0,0
30,2026-08-23T15:29:57-03:00,levels/experiments/level_04.txt,astar,shortest_push_access,6,success,,54,54,20,50582,3791,4581,1.896952542,UP UP UP UP DOWN RIGHT RIGHT UP UP UP UP LEFT UP UP RIGHT DOWN DOWN DOWN DOWN DOWN UP LEFT LEFT LEFT LEFT RIGHT RIGHT DOWN DOWN LEFT LEFT LEFT UP LEFT UP UP RIGHT DOWN RIGHT RIGHT RIGHT DOWN DOWN RIGHT RIGHT RIGHT RIGHT RIGHT DOWN RIGHT UP RIGHT UP LEFT,1000000,25.0,0
31,2026-08-23T15:29:59-03:00,levels/experiments/level_04.txt,astar,shortest_push_access,9,success,,54,54,20,50582,3791,4581,1.905950875,UP UP UP UP DOWN RIGHT RIGHT UP UP UP UP LEFT UP UP RIGHT DOWN DOWN DOWN DOWN DOWN UP LEFT LEFT LEFT LEFT RIGHT RIGHT DOWN DOWN LEFT LEFT LEFT UP LEFT UP UP RIGHT DOWN RIGHT RIGHT RIGHT DOWN DOWN RIGHT RIGHT RIGHT RIGHT RIGHT DOWN RIGHT UP RIGHT UP LEFT,1000000,25.0,0
32,2026-08-23T15:30:00-03:00,levels/experiments/level_04.txt,astar,minimum_matching_manhattan,6,success,,54,54,20,45814,2599,3114,0.405199917,UP UP UP UP DOWN RIGHT RIGHT UP UP UP UP LEFT UP UP RIGHT DOWN DOWN DOWN DOWN DOWN UP LEFT LEFT LEFT LEFT RIGHT RIGHT DOWN DOWN LEFT LEFT LEFT UP LEFT UP UP RIGHT DOWN RIGHT RIGHT RIGHT DOWN DOWN RIGHT RIGHT RIGHT RIGHT RIGHT DOWN RIGHT UP RIGHT UP LEFT,1000000,25.0,0
33,2026-08-23T15:30:00-03:00,levels/experiments/level_02.txt,bfs,null,6,success,,78,78,17,30375,19,866,0.178482084,LEFT RIGHT RIGHT LEFT UP UP LEFT LEFT DOWN LEFT DOWN DOWN RIGHT UP UP UP UP DOWN DOWN DOWN LEFT LEFT LEFT LEFT UP UP RIGHT UP RIGHT UP RIGHT RIGHT RIGHT LEFT DOWN DOWN RIGHT RIGHT UP UP UP DOWN DOWN DOWN RIGHT RIGHT DOWN RIGHT DOWN DOWN LEFT UP UP UP UP DOWN DOWN DOWN RIGHT RIGHT RIGHT RIGHT UP UP LEFT UP LEFT UP LEFT LEFT LEFT RIGHT DOWN DOWN LEFT LEFT UP UP,1000000,25.0,0
34,2026-08-23T15:30:00-03:00,levels/experiments/level_04.txt,greedy,shortest_push_access,2,success,,96,96,40,5744,3064,3065,0.168245583,UP UP UP RIGHT RIGHT UP UP UP UP LEFT UP UP RIGHT DOWN DOWN DOWN DOWN LEFT LEFT DOWN DOWN RIGHT RIGHT UP DOWN LEFT LEFT UP UP RIGHT RIGHT RIGHT RIGHT RIGHT DOWN RIGHT RIGHT UP LEFT LEFT LEFT LEFT LEFT LEFT LEFT LEFT LEFT RIGHT RIGHT DOWN DOWN DOWN DOWN LEFT DOWN DOWN RIGHT UP UP UP UP LEFT LEFT LEFT UP LEFT UP UP RIGHT DOWN RIGHT RIGHT RIGHT DOWN UP LEFT LEFT LEFT LEFT DOWN DOWN RIGHT RIGHT RIGHT RIGHT RIGHT RIGHT RIGHT RIGHT RIGHT DOWN RIGHT UP RIGHT UP LEFT,1000000,25.0,0
35,2026-08-23T15:30:00-03:00,levels/experiments/level_04.txt,greedy,shortest_push_access,8,success,,96,96,40,5744,3064,3065,0.170823917,UP UP UP RIGHT RIGHT UP UP UP UP LEFT UP UP RIGHT DOWN DOWN DOWN DOWN LEFT LEFT DOWN DOWN RIGHT RIGHT UP DOWN LEFT LEFT UP UP RIGHT RIGHT RIGHT RIGHT RIGHT DOWN RIGHT RIGHT UP LEFT LEFT LEFT LEFT LEFT LEFT LEFT LEFT LEFT RIGHT RIGHT DOWN DOWN DOWN DOWN LEFT DOWN DOWN RIGHT UP UP UP UP LEFT LEFT LEFT UP LEFT UP UP RIGHT DOWN RIGHT RIGHT RIGHT DOWN UP LEFT LEFT LEFT LEFT DOWN DOWN RIGHT RIGHT RIGHT RIGHT RIGHT RIGHT RIGHT RIGHT RIGHT DOWN RIGHT UP RIGHT UP LEFT,1000000,25.0,0
36,2026-08-23T15:30:01-03:00,levels/experiments/level_04.txt,bfs,null,9,success,,54,54,20,64687,1778,3178,0.424988917,UP UP UP UP DOWN RIGHT RIGHT UP UP UP UP LEFT UP UP RIGHT DOWN DOWN DOWN DOWN DOWN UP LEFT LEFT LEFT LEFT RIGHT RIGHT DOWN DOWN LEFT LEFT LEFT UP LEFT UP UP RIGHT DOWN RIGHT RIGHT RIGHT DOWN DOWN RIGHT RIGHT RIGHT RIGHT RIGHT DOWN RIGHT UP RIGHT UP LEFT,1000000,25.0,0
37,2026-08-23T15:30:02-03:00,levels/experiments/level_03.txt,astar,minimum_matching_manhattan,2,success,,43,43,10,43039,210,3515,1.019092584,RIGHT DOWN RIGHT RIGHT RIGHT UP UP LEFT LEFT RIGHT RIGHT DOWN DOWN LEFT LEFT LEFT UP LEFT LEFT DOWN RIGHT RIGHT UP LEFT UP UP RIGHT DOWN RIGHT RIGHT RIGHT DOWN DOWN LEFT UP RIGHT UP LEFT LEFT LEFT UP LEFT DOWN,1000000,25.0,0
38,2026-08-23T15:30:03-03:00,levels/experiments/level_02.txt,astar,shortest_push_access,10,success,,78,78,17,26823,190,1199,0.973522625,LEFT RIGHT RIGHT LEFT UP UP LEFT LEFT DOWN LEFT DOWN DOWN RIGHT UP UP UP UP DOWN DOWN DOWN LEFT LEFT LEFT LEFT UP UP RIGHT UP RIGHT UP RIGHT RIGHT RIGHT LEFT DOWN DOWN RIGHT RIGHT UP UP UP DOWN DOWN DOWN RIGHT RIGHT DOWN RIGHT DOWN DOWN LEFT UP UP UP UP DOWN DOWN DOWN RIGHT RIGHT RIGHT RIGHT UP UP LEFT UP LEFT UP LEFT LEFT LEFT RIGHT DOWN DOWN LEFT LEFT UP UP,1000000,25.0,0
39,2026-08-23T15:30:03-03:00,levels/experiments/level_03.txt,greedy,minimum_matching_manhattan,2,success,,47,47,10,4344,1285,1291,0.119090167,RIGHT DOWN RIGHT RIGHT RIGHT UP UP LEFT LEFT RIGHT RIGHT DOWN DOWN LEFT LEFT LEFT UP LEFT UP UP RIGHT DOWN LEFT DOWN LEFT DOWN RIGHT RIGHT LEFT UP UP RIGHT RIGHT RIGHT RIGHT DOWN DOWN LEFT UP RIGHT UP LEFT LEFT LEFT UP LEFT DOWN,1000000,25.0,0
40,2026-08-23T15:30:04-03:00,levels/experiments/level_03.txt,astar,shortest_push_access,7,success,,43,43,10,41018,844,4055,0.9858195,RIGHT DOWN RIGHT RIGHT RIGHT UP UP LEFT LEFT RIGHT RIGHT DOWN DOWN LEFT LEFT LEFT UP LEFT LEFT DOWN RIGHT RIGHT UP LEFT UP UP RIGHT DOWN RIGHT RIGHT RIGHT DOWN DOWN LEFT UP RIGHT UP LEFT LEFT LEFT UP LEFT DOWN,1000000,25.0,0
41,2026-08-23T15:30:05-03:00,levels/experiments/level_02.txt,greedy,shortest_push_access,5,success,,126,126,29,22399,1621,2979,0.771312416,LEFT RIGHT UP UP LEFT LEFT DOWN LEFT DOWN DOWN RIGHT UP RIGHT RIGHT RIGHT LEFT LEFT LEFT UP UP RIGHT RIGHT RIGHT RIGHT DOWN RIGHT DOWN LEFT LEFT LEFT LEFT RIGHT UP UP LEFT LEFT DOWN LEFT DOWN DOWN RIGHT UP RIGHT RIGHT UP UP LEFT LEFT UP DOWN RIGHT RIGHT UP UP LEFT LEFT DOWN DOWN DOWN LEFT DOWN LEFT LEFT LEFT UP UP RIGHT UP RIGHT UP RIGHT RIGHT RIGHT LEFT DOWN DOWN DOWN LEFT DOWN DOWN RIGHT UP UP UP UP DOWN RIGHT RIGHT UP UP LEFT LEFT DOWN DOWN DOWN DOWN LEFT LEFT LEFT LEFT UP UP RIGHT UP RIGHT UP RIGHT RIGHT RIGHT RIGHT UP DOWN DOWN DOWN RIGHT RIGHT UP UP LEFT RIGHT DOWN DOWN LEFT LEFT UP UP,1000000,25.0,0
42,2026-08-23T15:30:06-03:00,levels/experiments/level_03.txt,greedy,shortest_push_access,8,success,,83,83,22,34565,5793,9151,0.880962042,RIGHT DOWN RIGHT RIGHT RIGHT UP UP LEFT LEFT LEFT DOWN LEFT LEFT DOWN RIGHT RIGHT RIGHT LEFT UP UP UP LEFT DOWN RIGHT RIGHT RIGHT RIGHT DOWN DOWN LEFT UP RIGHT UP LEFT LEFT LEFT DOWN RIGHT LEFT DOWN LEFT LEFT UP RIGHT DOWN RIGHT RIGHT UP UP LEFT UP LEFT DOWN RIGHT RIGHT DOWN DOWN LEFT UP DOWN LEFT LEFT UP RIGHT DOWN RIGHT RIGHT UP UP RIGHT RIGHT DOWN DOWN LEFT RIGHT UP LEFT UP LEFT LEFT UP LEFT DOWN,1000000,25.0,0
43,2026-08-23T15:30:07-03:00,levels/experiments/level_03.txt,astar,minimum_matching_manhattan,7,success,,43,43,10,43039,210,3515,1.017414334,RIGHT DOWN RIGHT RIGHT RIGHT UP UP LEFT LEFT RIGHT RIGHT DOWN DOWN LEFT LEFT LEFT UP LEFT LEFT DOWN RIGHT RIGHT UP LEFT UP UP RIGHT DOWN RIGHT RIGHT RIGHT DOWN DOWN LEFT UP RIGHT UP LEFT LEFT LEFT UP LEFT DOWN,1000000,25.0,0
44,2026-08-23T15:30:07-03:00,levels/experiments/level_02.txt,bfs,null,3,success,,78,78,17,30375,19,866,0.178753833,LEFT RIGHT RIGHT LEFT UP UP LEFT LEFT DOWN LEFT DOWN DOWN RIGHT UP UP UP UP DOWN DOWN DOWN LEFT LEFT LEFT LEFT UP UP RIGHT UP RIGHT UP RIGHT RIGHT RIGHT LEFT DOWN DOWN RIGHT RIGHT UP UP UP DOWN DOWN DOWN RIGHT RIGHT DOWN RIGHT DOWN DOWN LEFT UP UP UP UP DOWN DOWN DOWN RIGHT RIGHT RIGHT RIGHT UP UP LEFT UP LEFT UP LEFT LEFT LEFT RIGHT DOWN DOWN LEFT LEFT UP UP,1000000,25.0,0
45,2026-08-23T15:30:08-03:00,levels/experiments/level_04.txt,astar,minimum_matching_manhattan,2,success,,54,54,20,45814,2599,3114,0.404637958,UP UP UP UP DOWN RIGHT RIGHT UP UP UP UP LEFT UP UP RIGHT DOWN DOWN DOWN DOWN DOWN UP LEFT LEFT LEFT LEFT RIGHT RIGHT DOWN DOWN LEFT LEFT LEFT UP LEFT UP UP RIGHT DOWN RIGHT RIGHT RIGHT DOWN DOWN RIGHT RIGHT RIGHT RIGHT RIGHT DOWN RIGHT UP RIGHT UP LEFT,1000000,25.0,0
46,2026-08-23T15:30:08-03:00,levels/experiments/level_02.txt,astar,minimum_matching_manhattan,5,success,,78,78,17,30315,37,1015,0.246978791,LEFT RIGHT RIGHT LEFT UP UP LEFT LEFT DOWN LEFT DOWN DOWN RIGHT UP UP UP UP DOWN DOWN DOWN LEFT LEFT LEFT LEFT UP UP RIGHT UP RIGHT UP RIGHT RIGHT RIGHT LEFT DOWN DOWN RIGHT RIGHT UP UP UP DOWN DOWN DOWN RIGHT RIGHT DOWN RIGHT DOWN DOWN LEFT UP UP UP UP DOWN DOWN DOWN RIGHT RIGHT RIGHT RIGHT UP UP LEFT UP LEFT UP LEFT LEFT LEFT RIGHT DOWN DOWN LEFT LEFT UP UP,1000000,25.0,0
47,2026-08-23T15:30:08-03:00,levels/experiments/level_02.txt,bfs,null,10,success,,78,78,17,30375,19,866,0.17852775,LEFT RIGHT RIGHT LEFT UP UP LEFT LEFT DOWN LEFT DOWN DOWN RIGHT UP UP UP UP DOWN DOWN DOWN LEFT LEFT LEFT LEFT UP UP RIGHT UP RIGHT UP RIGHT RIGHT RIGHT LEFT DOWN DOWN RIGHT RIGHT UP UP UP DOWN DOWN DOWN RIGHT RIGHT DOWN RIGHT DOWN DOWN LEFT UP UP UP UP DOWN DOWN DOWN RIGHT RIGHT RIGHT RIGHT UP UP LEFT UP LEFT UP LEFT LEFT LEFT RIGHT DOWN DOWN LEFT LEFT UP UP,1000000,25.0,0
48,2026-08-23T15:30:09-03:00,levels/experiments/level_02.txt,bfs,null,7,success,,78,78,17,30375,19,866,0.176936834,LEFT RIGHT RIGHT LEFT UP UP LEFT LEFT DOWN LEFT DOWN DOWN RIGHT UP UP UP UP DOWN DOWN DOWN LEFT LEFT LEFT LEFT UP UP RIGHT UP RIGHT UP RIGHT RIGHT RIGHT LEFT DOWN DOWN RIGHT RIGHT UP UP UP DOWN DOWN DOWN RIGHT RIGHT DOWN RIGHT DOWN DOWN LEFT UP UP UP UP DOWN DOWN DOWN RIGHT RIGHT RIGHT RIGHT UP UP LEFT UP LEFT UP LEFT LEFT LEFT RIGHT DOWN DOWN LEFT LEFT UP UP,1000000,25.0,0
49,2026-08-23T15:30:09-03:00,levels/experiments/level_04.txt,dfs,null,10,success,,2044,2044,386,70252,1123,1187,0.421156291,UP UP UP UP DOWN LEFT LEFT LEFT UP UP RIGHT RIGHT RIGHT DOWN DOWN RIGHT RIGHT UP UP UP UP DOWN DOWN DOWN DOWN LEFT LEFT UP UP RIGHT RIGHT UP UP LEFT UP UP RIGHT DOWN DOWN DOWN DOWN DOWN UP LEFT LEFT DOWN DOWN RIGHT RIGHT UP UP RIGHT LEFT DOWN DOWN RIGHT LEFT UP UP RIGHT RIGHT LEFT LEFT DOWN DOWN RIGHT RIGHT LEFT LEFT UP UP RIGHT RIGHT RIGHT DOWN RIGHT DOWN DOWN LEFT UP RIGHT UP RIGHT UP LEFT LEFT DOWN UP LEFT LEFT LEFT DOWN DOWN LEFT LEFT UP UP RIGHT LEFT DOWN DOWN RIGHT RIGHT UP UP UP UP DOWN DOWN DOWN DOWN RIGHT RIGHT RIGHT UP UP LEFT LEFT LEFT UP UP LEFT UP UP RIGHT DOWN DOWN DOWN DOWN DOWN UP LEFT LEFT DOWN DOWN RIGHT RIGHT UP UP RIGHT RIGHT RIGHT DOWN DOWN DOWN RIGHT UP UP DOWN LEFT LEFT LEFT LEFT UP UP LEFT LEFT DOWN DOWN RIGHT LEFT UP UP RIGHT RIGHT RIGHT RIGHT RIGHT DOWN DOWN RIGHT RIGHT UP UP LEFT DOWN DOWN LEFT LEFT LEFT LEFT UP UP RIGHT RIGHT RIGHT DOWN DOWN RIGHT RIGHT UP UP LEFT LEFT DOWN DOWN LEFT LEFT LEFT LEFT LEFT UP UP LEFT LEFT LEFT DOWN DOWN RIGHT RIGHT LEFT LEFT UP UP RIGHT RIGHT RIGHT DOWN DOWN UP UP RIGHT RIGHT DOWN DOWN RIGHT RIGHT RIGHT UP UP LEFT LEFT LEFT DOWN DOWN LEFT LEFT UP UP RIGHT LEFT DOWN DOWN DOWN UP UP UP RIGHT RIGHT DOWN DOWN LEFT LEFT DOWN DOWN UP UP UP UP RIGHT RIGHT DOWN DOWN RIGHT RIGHT RIGHT UP UP LEFT LEFT LEFT DOWN DOWN LEFT LEFT UP UP RIGHT LEFT DOWN DOWN RIGHT RIGHT UP UP UP UP DOWN DOWN DOWN DOWN LEFT LEFT DOWN DOWN LEFT DOWN DOWN RIGHT UP UP UP UP UP DOWN RIGHT RIGHT UP UP UP UP LEFT UP UP RIGHT DOWN DOWN DOWN DOWN DOWN UP LEFT LEFT DOWN DOWN LEFT LEFT LEFT UP UP RIGHT RIGHT LEFT LEFT DOWN DOWN RIGHT RIGHT RIGHT RIGHT RIGHT UP UP LEFT LEFT DOWN DOWN LEFT LEFT LEFT UP UP RIGHT RIGHT RIGHT DOWN DOWN RIGHT RIGHT UP UP RIGHT RIGHT RIGHT DOWN DOWN LEFT LEFT LEFT UP UP LEFT LEFT DOWN DOWN LEFT LEFT LEFT UP UP RIGHT RIGHT RIGHT RIGHT LEFT DOWN DOWN RIGHT RIGHT UP UP UP UP DOWN DOWN DOWN DOWN RIGHT LEFT UP UP UP UP LEFT UP UP RIGHT DOWN DOWN DOWN DOWN LEFT LEFT DOWN DOWN RIGHT RIGHT UP UP UP DOWN DOWN DOWN RIGHT RIGHT RIGHT UP UP RIGHT RIGHT DOWN DOWN LEFT DOWN LEFT UP UP DOWN LEFT LEFT LEFT UP UP UP UP DOWN DOWN DOWN DOWN RIGHT RIGHT RIGHT UP RIGHT UP LEFT DOWN DOWN LEFT LEFT LEFT UP UP UP UP LEFT UP UP RIGHT DOWN DOWN DOWN DOWN LEFT LEFT DOWN DOWN RIGHT RIGHT UP UP UP DOWN RIGHT RIGHT RIGHT DOWN DOWN LEFT LEFT LEFT UP UP UP UP LEFT UP UP RIGHT DOWN DOWN DOWN DOWN LEFT LEFT DOWN DOWN RIGHT RIGHT UP DOWN LEFT LEFT UP UP RIGHT RIGHT DOWN DOWN RIGHT RIGHT RIGHT UP UP LEFT LEFT LEFT DOWN DOWN RIGHT RIGHT RIGHT UP RIGHT RIGHT UP LEFT DOWN DOWN LEFT LEFT LEFT LEFT UP UP LEFT LEFT DOWN DOWN LEFT LEFT LEFT UP UP RIGHT RIGHT LEFT LEFT DOWN DOWN RIGHT RIGHT RIGHT RIGHT RIGHT RIGHT RIGHT RIGHT UP RIGHT UP LEFT DOWN DOWN LEFT LEFT LEFT UP UP LEFT LEFT DOWN DOWN RIGHT RIGHT UP UP RIGHT RIGHT LEFT LEFT DOWN DOWN RIGHT RIGHT RIGHT UP RIGHT UP LEFT LEFT LEFT LEFT DOWN DOWN LEFT LEFT UP UP LEFT LEFT RIGHT RIGHT DOWN DOWN LEFT LEFT LEFT UP LEFT UP UP RIGHT DOWN DOWN UP RIGHT RIGHT RIGHT RIGHT LEFT DOWN DOWN RIGHT RIGHT UP UP UP UP DOWN DOWN DOWN DOWN LEFT LEFT UP UP LEFT LEFT LEFT DOWN LEFT DOWN RIGHT UP UP RIGHT RIGHT RIGHT DOWN DOWN RIGHT RIGHT UP UP UP UP LEFT UP UP RIGHT DOWN DOWN DOWN DOWN DOWN UP LEFT LEFT DOWN DOWN LEFT LEFT RIGHT RIGHT UP UP LEFT LEFT LEFT DOWN LEFT DOWN RIGHT RIGHT LEFT UP UP RIGHT RIGHT RIGHT DOWN DOWN RIGHT RIGHT UP UP LEFT LEFT DOWN DOWN LEFT LEFT RIGHT RIGHT UP UP LEFT LEFT LEFT DOWN LEFT DOWN RIGHT UP UP RIGHT RIGHT RIGHT RIGHT RIGHT DOWN DOWN RIGHT LEFT UP UP LEFT LEFT DOWN DOWN LEFT LEFT RIGHT RIGHT UP UP LEFT LEFT LEFT DOWN LEFT DOWN RIGHT RIGHT LEFT UP UP RIGHT RIGHT RIGHT DOWN DOWN RIGHT RIGHT UP UP RIGHT RIGHT RIGHT DOWN DOWN LEFT LEFT LEFT UP UP LEFT LEFT DOWN DOWN LEFT LEFT RIGHT RIGHT UP UP LEFT LEFT LEFT DOWN LEFT DOWN RIGHT UP UP RIGHT RIGHT RIGHT RIGHT RIGHT DOWN DOWN LEFT RIGHT UP UP LEFT LEFT DOWN DOWN UP UP LEFT LEFT LEFT DOWN DOWN RIGHT LEFT UP UP RIGHT RIGHT RIGHT DOWN DOWN DOWN UP UP UP LEFT LEFT LEFT DOWN DOWN RIGHT RIGHT RIGHT DOWN DOWN UP UP UP UP RIGHT RIGHT DOWN DOWN LEFT LEFT LEFT LEFT RIGHT RIGHT DOWN DOWN LEFT DOWN DOWN RIGHT UP UP UP UP RIGHT RIGHT UP UP LEFT LEFT LEFT LEFT LEFT DOWN LEFT DOWN RIGHT RIGHT RIGHT RIGHT LEFT LEFT LEFT UP UP RIGHT RIGHT RIGHT DOWN DOWN RIGHT RIGHT UP UP LEFT LEFT DOWN DOWN DOWN UP UP UP RIGHT RIGHT DOWN DOWN RIGHT LEFT UP UP LEFT LEFT DOWN DOWN DOWN DOWN UP UP UP UP RIGHT RIGHT DOWN DOWN RIGHT RIGHT LEFT LEFT UP UP LEFT LEFT DOWN DOWN DOWN DOWN LEFT DOWN DOWN RIGHT UP UP UP UP UP DOWN RIGHT RIGHT UP UP RIGHT RIGHT RIGHT DOWN RIGHT DOWN DOWN LEFT UP LEFT LEFT LEFT UP UP LEFT LEFT DOWN DOWN LEFT LEFT LEFT UP UP RIGHT RIGHT RIGHT DOWN DOWN RIGHT RIGHT UP UP RIGHT RIGHT RIGHT DOWN UP RIGHT RIGHT DOWN DOWN LEFT LEFT UP UP LEFT LEFT LEFT LEFT LEFT DOWN DOWN RIGHT RIGHT UP UP RIGHT RIGHT RIGHT DOWN DOWN LEFT LEFT LEFT LEFT RIGHT UP UP LEFT LEFT DOWN DOWN UP UP LEFT LEFT RIGHT RIGHT DOWN DOWN DOWN UP LEFT LEFT LEFT UP LEFT UP UP RIGHT DOWN LEFT DOWN DOWN RIGHT RIGHT RIGHT RIGHT DOWN DOWN UP UP UP UP LEFT LEFT LEFT LEFT DOWN DOWN RIGHT UP LEFT UP RIGHT DOWN DOWN RIGHT RIGHT RIGHT DOWN DOWN LEFT DOWN DOWN RIGHT UP UP UP UP LEFT LEFT LEFT UP UP RIGHT LEFT DOWN DOWN RIGHT RIGHT RIGHT RIGHT RIGHT UP UP LEFT LEFT LEFT LEFT RIGHT RIGHT RIGHT RIGHT DOWN DOWN LEFT LEFT UP DOWN LEFT LEFT LEFT UP LEFT UP UP RIGHT DOWN DOWN LEFT DOWN RIGHT UP UP RIGHT RIGHT RIGHT LEFT LEFT LEFT DOWN DOWN RIGHT LEFT UP UP RIGHT RIGHT RIGHT RIGHT LEFT DOWN DOWN LEFT RIGHT UP UP LEFT LEFT LEFT DOWN DOWN RIGHT RIGHT LEFT LEFT UP UP RIGHT RIGHT RIGHT RIGHT RIGHT DOWN DOWN LEFT LEFT LEFT LEFT RIGHT RIGHT UP UP LEFT LEFT LEFT DOWN LEFT DOWN RIGHT UP UP RIGHT RIGHT RIGHT RIGHT RIGHT DOWN DOWN RIGHT RIGHT RIGHT UP UP LEFT LEFT RIGHT RIGHT DOWN DOWN LEFT LEFT LEFT UP UP UP DOWN DOWN DOWN LEFT LEFT UP UP LEFT LEFT LEFT DOWN DOWN RIGHT LEFT UP UP RIGHT RIGHT RIGHT DOWN DOWN RIGHT RIGHT UP UP UP UP LEFT UP UP RIGHT DOWN DOWN DOWN DOWN LEFT LEFT DOWN DOWN LEFT LEFT RIGHT RIGHT UP UP LEFT LEFT LEFT DOWN LEFT DOWN RIGHT RIGHT RIGHT LEFT LEFT UP UP RIGHT RIGHT RIGHT DOWN DOWN UP UP RIGHT RIGHT RIGHT RIGHT RIGHT DOWN DOWN LEFT LEFT LEFT UP UP UP UP DOWN DOWN DOWN DOWN LEFT LEFT DOWN UP UP UP RIGHT RIGHT UP UP LEFT UP UP RIGHT DOWN DOWN DOWN DOWN LEFT LEFT DOWN DOWN RIGHT RIGHT UP UP UP DOWN DOWN DOWN LEFT LEFT DOWN DOWN LEFT DOWN DOWN RIGHT UP UP UP UP UP DOWN RIGHT RIGHT UP UP LEFT LEFT DOWN DOWN RIGHT RIGHT UP UP UP UP DOWN DOWN DOWN DOWN LEFT LEFT UP UP LEFT LEFT RIGHT RIGHT DOWN DOWN LEFT LEFT LEFT UP LEFT UP UP RIGHT DOWN LEFT DOWN DOWN RIGHT RIGHT RIGHT RIGHT UP UP RIGHT RIGHT UP UP LEFT UP UP RIGHT DOWN DOWN DOWN DOWN DOWN UP LEFT LEFT DOWN DOWN LEFT LEFT LEFT UP DOWN RIGHT RIGHT RIGHT UP UP RIGHT RIGHT RIGHT RIGHT RIGHT DOWN DOWN LEFT LEFT LEFT UP UP LEFT LEFT DOWN DOWN LEFT LEFT LEFT UP LEFT UP UP RIGHT DOWN LEFT DOWN DOWN RIGHT RIGHT RIGHT RIGHT UP UP RIGHT RIGHT DOWN DOWN LEFT LEFT UP UP LEFT LEFT LEFT LEFT DOWN DOWN RIGHT UP DOWN RIGHT RIGHT LEFT LEFT UP LEFT UP RIGHT DOWN DOWN RIGHT RIGHT RIGHT RIGHT RIGHT RIGHT RIGHT LEFT LEFT UP UP LEFT LEFT DOWN DOWN LEFT LEFT LEFT UP UP RIGHT LEFT DOWN DOWN RIGHT RIGHT RIGHT UP UP RIGHT RIGHT DOWN DOWN RIGHT RIGHT RIGHT UP UP LEFT LEFT LEFT DOWN DOWN LEFT LEFT UP UP LEFT LEFT RIGHT RIGHT DOWN DOWN LEFT LEFT LEFT UP LEFT UP UP RIGHT DOWN DOWN UP RIGHT RIGHT RIGHT DOWN DOWN RIGHT RIGHT UP UP RIGHT RIGHT RIGHT DOWN DOWN DOWN RIGHT UP UP DOWN LEFT LEFT LEFT LEFT UP UP LEFT LEFT LEFT LEFT LEFT DOWN LEFT DOWN RIGHT UP UP RIGHT RIGHT RIGHT DOWN DOWN RIGHT RIGHT UP UP RIGHT RIGHT RIGHT DOWN DOWN RIGHT RIGHT UP UP LEFT DOWN DOWN LEFT LEFT LEFT LEFT UP UP LEFT LEFT DOWN DOWN LEFT LEFT RIGHT RIGHT UP UP LEFT LEFT LEFT DOWN LEFT DOWN RIGHT RIGHT LEFT UP UP RIGHT RIGHT RIGHT DOWN DOWN RIGHT RIGHT UP UP RIGHT RIGHT RIGHT DOWN DOWN RIGHT RIGHT UP UP LEFT LEFT LEFT LEFT RIGHT RIGHT DOWN DOWN LEFT LEFT LEFT UP UP DOWN DOWN LEFT LEFT UP UP LEFT LEFT LEFT DOWN DOWN RIGHT RIGHT RIGHT RIGHT RIGHT RIGHT RIGHT RIGHT UP UP RIGHT RIGHT DOWN DOWN LEFT DOWN LEFT UP LEFT LEFT LEFT UP UP UP UP LEFT UP UP RIGHT DOWN DOWN DOWN DOWN DOWN UP LEFT LEFT DOWN DOWN RIGHT RIGHT UP UP RIGHT RIGHT RIGHT DOWN UP LEFT LEFT LEFT DOWN DOWN RIGHT LEFT UP UP RIGHT RIGHT RIGHT DOWN RIGHT DOWN DOWN LEFT UP LEFT LEFT LEFT UP UP RIGHT RIGHT RIGHT DOWN UP LEFT LEFT LEFT DOWN DOWN LEFT LEFT UP UP LEFT LEFT LEFT DOWN DOWN RIGHT RIGHT LEFT LEFT UP UP RIGHT RIGHT RIGHT DOWN DOWN UP UP RIGHT RIGHT DOWN DOWN RIGHT RIGHT RIGHT UP UP LEFT LEFT LEFT DOWN DOWN LEFT LEFT DOWN UP UP UP RIGHT RIGHT DOWN DOWN RIGHT RIGHT RIGHT UP UP RIGHT RIGHT DOWN DOWN LEFT DOWN LEFT UP LEFT LEFT LEFT UP UP LEFT LEFT DOWN DOWN DOWN DOWN LEFT DOWN DOWN RIGHT UP UP UP UP LEFT LEFT LEFT UP UP RIGHT RIGHT RIGHT DOWN UP RIGHT RIGHT DOWN DOWN RIGHT RIGHT RIGHT RIGHT UP UP LEFT DOWN UP RIGHT RIGHT DOWN DOWN LEFT LEFT UP UP LEFT LEFT LEFT DOWN DOWN RIGHT RIGHT RIGHT UP UP LEFT LEFT LEFT DOWN DOWN LEFT LEFT UP UP LEFT LEFT LEFT DOWN DOWN RIGHT RIGHT RIGHT UP UP RIGHT RIGHT DOWN DOWN RIGHT RIGHT RIGHT DOWN RIGHT UP LEFT UP UP LEFT LEFT LEFT DOWN DOWN LEFT LEFT UP UP LEFT LEFT LEFT DOWN DOWN RIGHT RIGHT LEFT LEFT UP UP RIGHT RIGHT RIGHT DOWN DOWN DOWN DOWN LEFT DOWN DOWN RIGHT UP UP UP UP UP DOWN LEFT LEFT LEFT UP UP RIGHT RIGHT RIGHT DOWN DOWN RIGHT RIGHT UP UP LEFT LEFT LEFT LEFT RIGHT RIGHT DOWN DOWN LEFT LEFT LEFT UP LEFT UP UP RIGHT DOWN LEFT DOWN DOWN RIGHT RIGHT RIGHT RIGHT UP UP RIGHT RIGHT DOWN DOWN RIGHT RIGHT RIGHT UP UP RIGHT DOWN RIGHT DOWN LEFT UP UP LEFT LEFT LEFT LEFT DOWN DOWN LEFT LEFT UP UP LEFT LEFT LEFT LEFT DOWN DOWN RIGHT UP DOWN RIGHT RIGHT RIGHT UP UP RIGHT RIGHT DOWN DOWN RIGHT RIGHT RIGHT UP UP RIGHT RIGHT DOWN DOWN LEFT DOWN LEFT UP LEFT LEFT LEFT UP UP LEFT LEFT DOWN DOWN LEFT LEFT LEFT UP LEFT UP UP RIGHT DOWN,1000000,25.0,0
50,2026-08-23T15:30:10-03:00,levels/experiments/level_03.txt,greedy,shortest_push_access,7,success,,83,83,22,34565,5793,9151,0.878902459,RIGHT DOWN RIGHT RIGHT RIGHT UP UP LEFT LEFT LEFT DOWN LEFT LEFT DOWN RIGHT RIGHT RIGHT LEFT UP UP UP LEFT DOWN RIGHT RIGHT RIGHT RIGHT DOWN DOWN LEFT UP RIGHT UP LEFT LEFT LEFT DOWN RIGHT LEFT DOWN LEFT LEFT UP RIGHT DOWN RIGHT RIGHT UP UP LEFT UP LEFT DOWN RIGHT RIGHT DOWN DOWN LEFT UP DOWN LEFT LEFT UP RIGHT DOWN RIGHT RIGHT UP UP RIGHT RIGHT DOWN DOWN LEFT RIGHT UP LEFT UP LEFT LEFT UP LEFT DOWN,1000000,25.0,0
51,2026-08-23T15:30:10-03:00,levels/experiments/level_02.txt,greedy,minimum_matching_manhattan,2,success,,96,96,19,756,76,77,0.005768167,LEFT RIGHT UP UP RIGHT RIGHT DOWN DOWN LEFT RIGHT UP UP LEFT LEFT LEFT LEFT DOWN LEFT DOWN DOWN RIGHT UP UP UP UP DOWN DOWN DOWN LEFT LEFT LEFT LEFT UP UP RIGHT UP RIGHT UP RIGHT RIGHT RIGHT LEFT DOWN DOWN RIGHT RIGHT UP UP UP DOWN DOWN DOWN LEFT LEFT DOWN DOWN RIGHT RIGHT RIGHT LEFT UP UP RIGHT RIGHT DOWN RIGHT DOWN DOWN LEFT UP UP UP UP DOWN DOWN DOWN RIGHT RIGHT RIGHT RIGHT UP UP LEFT UP LEFT UP LEFT LEFT LEFT RIGHT DOWN DOWN LEFT LEFT UP UP,1000000,25.0,0
52,2026-08-23T15:30:11-03:00,levels/experiments/level_03.txt,astar,minimum_matching_manhattan,6,success,,43,43,10,43039,210,3515,1.015980167,RIGHT DOWN RIGHT RIGHT RIGHT UP UP LEFT LEFT RIGHT RIGHT DOWN DOWN LEFT LEFT LEFT UP LEFT LEFT DOWN RIGHT RIGHT UP LEFT UP UP RIGHT DOWN RIGHT RIGHT RIGHT DOWN DOWN LEFT UP RIGHT UP LEFT LEFT LEFT UP LEFT DOWN,1000000,25.0,0
53,2026-08-23T15:30:11-03:00,levels/experiments/level_03.txt,greedy,minimum_matching_manhattan,10,success,,47,47,10,4344,1285,1291,0.119295084,RIGHT DOWN RIGHT RIGHT RIGHT UP UP LEFT LEFT RIGHT RIGHT DOWN DOWN LEFT LEFT LEFT UP LEFT UP UP RIGHT DOWN LEFT DOWN LEFT DOWN RIGHT RIGHT LEFT UP UP RIGHT RIGHT RIGHT RIGHT DOWN DOWN LEFT UP RIGHT UP LEFT LEFT LEFT UP LEFT DOWN,1000000,25.0,0
54,2026-08-23T15:30:13-03:00,levels/experiments/level_04.txt,astar,shortest_push_access,1,success,,54,54,20,50582,3791,4581,1.944615708,UP UP UP UP DOWN RIGHT RIGHT UP UP UP UP LEFT UP UP RIGHT DOWN DOWN DOWN DOWN DOWN UP LEFT LEFT LEFT LEFT RIGHT RIGHT DOWN DOWN LEFT LEFT LEFT UP LEFT UP UP RIGHT DOWN RIGHT RIGHT RIGHT DOWN DOWN RIGHT RIGHT RIGHT RIGHT RIGHT DOWN RIGHT UP RIGHT UP LEFT,1000000,25.0,0
55,2026-08-23T15:30:14-03:00,levels/experiments/level_03.txt,astar,shortest_push_access,10,success,,43,43,10,41018,844,4055,0.995059708,RIGHT DOWN RIGHT RIGHT RIGHT UP UP LEFT LEFT RIGHT RIGHT DOWN DOWN LEFT LEFT LEFT UP LEFT LEFT DOWN RIGHT RIGHT UP LEFT UP UP RIGHT DOWN RIGHT RIGHT RIGHT DOWN DOWN LEFT UP RIGHT UP LEFT LEFT LEFT UP LEFT DOWN,1000000,25.0,0
56,2026-08-23T15:30:15-03:00,levels/experiments/level_03.txt,bfs,null,9,success,,43,43,10,43709,71,2898,0.293708875,RIGHT DOWN RIGHT RIGHT RIGHT UP UP LEFT LEFT RIGHT RIGHT DOWN DOWN LEFT LEFT LEFT UP LEFT LEFT DOWN RIGHT RIGHT UP LEFT UP UP RIGHT DOWN RIGHT RIGHT RIGHT DOWN DOWN LEFT UP RIGHT UP LEFT LEFT LEFT UP LEFT DOWN,1000000,25.0,0
57,2026-08-23T15:30:15-03:00,levels/experiments/level_02.txt,bfs,null,8,success,,78,78,17,30375,19,866,0.180440708,LEFT RIGHT RIGHT LEFT UP UP LEFT LEFT DOWN LEFT DOWN DOWN RIGHT UP UP UP UP DOWN DOWN DOWN LEFT LEFT LEFT LEFT UP UP RIGHT UP RIGHT UP RIGHT RIGHT RIGHT LEFT DOWN DOWN RIGHT RIGHT UP UP UP DOWN DOWN DOWN RIGHT RIGHT DOWN RIGHT DOWN DOWN LEFT UP UP UP UP DOWN DOWN DOWN RIGHT RIGHT RIGHT RIGHT UP UP LEFT UP LEFT UP LEFT LEFT LEFT RIGHT DOWN DOWN LEFT LEFT UP UP,1000000,25.0,0
58,2026-08-23T15:30:15-03:00,levels/experiments/level_02.txt,dfs,null,8,success,,174,174,27,2101,94,95,0.013574167,LEFT LEFT UP UP UP UP LEFT LEFT DOWN LEFT DOWN LEFT DOWN DOWN RIGHT RIGHT RIGHT UP RIGHT UP UP UP RIGHT RIGHT DOWN DOWN RIGHT RIGHT UP UP RIGHT RIGHT DOWN RIGHT DOWN RIGHT DOWN DOWN LEFT LEFT LEFT LEFT LEFT LEFT UP UP UP UP LEFT LEFT DOWN DOWN DOWN LEFT DOWN DOWN RIGHT UP UP UP UP DOWN DOWN DOWN LEFT LEFT LEFT LEFT UP UP RIGHT UP RIGHT UP RIGHT RIGHT DOWN DOWN DOWN DOWN RIGHT LEFT UP UP UP UP RIGHT LEFT DOWN DOWN DOWN DOWN RIGHT RIGHT UP UP UP UP UP DOWN DOWN DOWN DOWN DOWN RIGHT LEFT UP UP UP UP RIGHT RIGHT DOWN DOWN DOWN RIGHT DOWN DOWN LEFT UP UP UP UP DOWN DOWN DOWN LEFT LEFT UP UP UP UP RIGHT RIGHT DOWN DOWN DOWN DOWN RIGHT RIGHT RIGHT RIGHT UP UP LEFT UP LEFT UP LEFT LEFT LEFT LEFT DOWN DOWN DOWN DOWN LEFT LEFT UP UP UP UP RIGHT LEFT DOWN DOWN DOWN DOWN RIGHT RIGHT UP UP UP UP,1000000,25.0,0
59,2026-08-23T15:30:15-03:00,levels/experiments/level_02.txt,astar,minimum_matching_manhattan,7,success,,78,78,17,30315,37,1015,0.246699416,LEFT RIGHT RIGHT LEFT UP UP LEFT LEFT DOWN LEFT DOWN DOWN RIGHT UP UP UP UP DOWN DOWN DOWN LEFT LEFT LEFT LEFT UP UP RIGHT UP RIGHT UP RIGHT RIGHT RIGHT LEFT DOWN DOWN RIGHT RIGHT UP UP UP DOWN DOWN DOWN RIGHT RIGHT DOWN RIGHT DOWN DOWN LEFT UP UP UP UP DOWN DOWN DOWN RIGHT RIGHT RIGHT RIGHT UP UP LEFT UP LEFT UP LEFT LEFT LEFT RIGHT DOWN DOWN LEFT LEFT UP UP,1000000,25.0,0
60,2026-08-23T15:30:16-03:00,levels/experiments/level_02.txt,bfs,null,2,success,,78,78,17,30375,19,866,0.180317875,LEFT RIGHT RIGHT LEFT UP UP LEFT LEFT DOWN LEFT DOWN DOWN RIGHT UP UP UP UP DOWN DOWN DOWN LEFT LEFT LEFT LEFT UP UP RIGHT UP RIGHT UP RIGHT RIGHT RIGHT LEFT DOWN DOWN RIGHT RIGHT UP UP UP DOWN DOWN DOWN RIGHT RIGHT DOWN RIGHT DOWN DOWN LEFT UP UP UP UP DOWN DOWN DOWN RIGHT RIGHT RIGHT RIGHT UP UP LEFT UP LEFT UP LEFT LEFT LEFT RIGHT DOWN DOWN LEFT LEFT UP UP,1000000,25.0,0
61,2026-08-23T15:30:16-03:00,levels/experiments/level_04.txt,greedy,shortest_push_access,4,success,,96,96,40,5744,3064,3065,0.172659375,UP UP UP RIGHT RIGHT UP UP UP UP LEFT UP UP RIGHT DOWN DOWN DOWN DOWN LEFT LEFT DOWN DOWN RIGHT RIGHT UP DOWN LEFT LEFT UP UP RIGHT RIGHT RIGHT RIGHT RIGHT DOWN RIGHT RIGHT UP LEFT LEFT LEFT LEFT LEFT LEFT LEFT LEFT LEFT RIGHT RIGHT DOWN DOWN DOWN DOWN LEFT DOWN DOWN RIGHT UP UP UP UP LEFT LEFT LEFT UP LEFT UP UP RIGHT DOWN RIGHT RIGHT RIGHT DOWN UP LEFT LEFT LEFT LEFT DOWN DOWN RIGHT RIGHT RIGHT RIGHT RIGHT RIGHT RIGHT RIGHT RIGHT DOWN RIGHT UP RIGHT UP LEFT,1000000,25.0,0
62,2026-08-23T15:30:16-03:00,levels/experiments/level_02.txt,dfs,null,3,success,,174,174,27,2101,94,95,0.01239375,LEFT LEFT UP UP UP UP LEFT LEFT DOWN LEFT DOWN LEFT DOWN DOWN RIGHT RIGHT RIGHT UP RIGHT UP UP UP RIGHT RIGHT DOWN DOWN RIGHT RIGHT UP UP RIGHT RIGHT DOWN RIGHT DOWN RIGHT DOWN DOWN LEFT LEFT LEFT LEFT LEFT LEFT UP UP UP UP LEFT LEFT DOWN DOWN DOWN LEFT DOWN DOWN RIGHT UP UP UP UP DOWN DOWN DOWN LEFT LEFT LEFT LEFT UP UP RIGHT UP RIGHT UP RIGHT RIGHT DOWN DOWN DOWN DOWN RIGHT LEFT UP UP UP UP RIGHT LEFT DOWN DOWN DOWN DOWN RIGHT RIGHT UP UP UP UP UP DOWN DOWN DOWN DOWN DOWN RIGHT LEFT UP UP UP UP RIGHT RIGHT DOWN DOWN DOWN RIGHT DOWN DOWN LEFT UP UP UP UP DOWN DOWN DOWN LEFT LEFT UP UP UP UP RIGHT RIGHT DOWN DOWN DOWN DOWN RIGHT RIGHT RIGHT RIGHT UP UP LEFT UP LEFT UP LEFT LEFT LEFT LEFT DOWN DOWN DOWN DOWN LEFT LEFT UP UP UP UP RIGHT LEFT DOWN DOWN DOWN DOWN RIGHT RIGHT UP UP UP UP,1000000,25.0,0
63,2026-08-23T15:30:17-03:00,levels/experiments/level_02.txt,astar,shortest_push_access,5,success,,78,78,17,26823,190,1199,1.006994667,LEFT RIGHT RIGHT LEFT UP UP LEFT LEFT DOWN LEFT DOWN DOWN RIGHT UP UP UP UP DOWN DOWN DOWN LEFT LEFT LEFT LEFT UP UP RIGHT UP RIGHT UP RIGHT RIGHT RIGHT LEFT DOWN DOWN RIGHT RIGHT UP UP UP DOWN DOWN DOWN RIGHT RIGHT DOWN RIGHT DOWN DOWN LEFT UP UP UP UP DOWN DOWN DOWN RIGHT RIGHT RIGHT RIGHT UP UP LEFT UP LEFT UP LEFT LEFT LEFT RIGHT DOWN DOWN LEFT LEFT UP UP,1000000,25.0,0
64,2026-08-23T15:30:18-03:00,levels/experiments/level_03.txt,astar,shortest_push_access,1,success,,43,43,10,41018,844,4055,0.995564542,RIGHT DOWN RIGHT RIGHT RIGHT UP UP LEFT LEFT RIGHT RIGHT DOWN DOWN LEFT LEFT LEFT UP LEFT LEFT DOWN RIGHT RIGHT UP LEFT UP UP RIGHT DOWN RIGHT RIGHT RIGHT DOWN DOWN LEFT UP RIGHT UP LEFT LEFT LEFT UP LEFT DOWN,1000000,25.0,0
65,2026-08-23T15:30:19-03:00,levels/experiments/level_03.txt,astar,shortest_push_access,9,success,,43,43,10,41018,844,4055,1.009119584,RIGHT DOWN RIGHT RIGHT RIGHT UP UP LEFT LEFT RIGHT RIGHT DOWN DOWN LEFT LEFT LEFT UP LEFT LEFT DOWN RIGHT RIGHT UP LEFT UP UP RIGHT DOWN RIGHT RIGHT RIGHT DOWN DOWN LEFT UP RIGHT UP LEFT LEFT LEFT UP LEFT DOWN,1000000,25.0,0
66,2026-08-23T15:30:19-03:00,levels/experiments/level_02.txt,dfs,null,5,success,,174,174,27,2101,94,95,0.012300458,LEFT LEFT UP UP UP UP LEFT LEFT DOWN LEFT DOWN LEFT DOWN DOWN RIGHT RIGHT RIGHT UP RIGHT UP UP UP RIGHT RIGHT DOWN DOWN RIGHT RIGHT UP UP RIGHT RIGHT DOWN RIGHT DOWN RIGHT DOWN DOWN LEFT LEFT LEFT LEFT LEFT LEFT UP UP UP UP LEFT LEFT DOWN DOWN DOWN LEFT DOWN DOWN RIGHT UP UP UP UP DOWN DOWN DOWN LEFT LEFT LEFT LEFT UP UP RIGHT UP RIGHT UP RIGHT RIGHT DOWN DOWN DOWN DOWN RIGHT LEFT UP UP UP UP RIGHT LEFT DOWN DOWN DOWN DOWN RIGHT RIGHT UP UP UP UP UP DOWN DOWN DOWN DOWN DOWN RIGHT LEFT UP UP UP UP RIGHT RIGHT DOWN DOWN DOWN RIGHT DOWN DOWN LEFT UP UP UP UP DOWN DOWN DOWN LEFT LEFT UP UP UP UP RIGHT RIGHT DOWN DOWN DOWN DOWN RIGHT RIGHT RIGHT RIGHT UP UP LEFT UP LEFT UP LEFT LEFT LEFT LEFT DOWN DOWN DOWN DOWN LEFT LEFT UP UP UP UP RIGHT LEFT DOWN DOWN DOWN DOWN RIGHT RIGHT UP UP UP UP,1000000,25.0,0
67,2026-08-23T15:30:19-03:00,levels/experiments/level_02.txt,astar,minimum_matching_manhattan,2,success,,78,78,17,30315,37,1015,0.247698541,LEFT RIGHT RIGHT LEFT UP UP LEFT LEFT DOWN LEFT DOWN DOWN RIGHT UP UP UP UP DOWN DOWN DOWN LEFT LEFT LEFT LEFT UP UP RIGHT UP RIGHT UP RIGHT RIGHT RIGHT LEFT DOWN DOWN RIGHT RIGHT UP UP UP DOWN DOWN DOWN RIGHT RIGHT DOWN RIGHT DOWN DOWN LEFT UP UP UP UP DOWN DOWN DOWN RIGHT RIGHT RIGHT RIGHT UP UP LEFT UP LEFT UP LEFT LEFT LEFT RIGHT DOWN DOWN LEFT LEFT UP UP,1000000,25.0,0
68,2026-08-23T15:30:19-03:00,levels/experiments/level_04.txt,greedy,minimum_matching_manhattan,9,success,,64,64,18,867,136,144,0.007100459,UP UP UP UP DOWN RIGHT RIGHT UP UP LEFT LEFT LEFT LEFT RIGHT RIGHT DOWN DOWN LEFT LEFT LEFT UP LEFT UP UP RIGHT DOWN RIGHT RIGHT RIGHT RIGHT RIGHT UP UP LEFT UP UP RIGHT DOWN DOWN DOWN DOWN DOWN UP LEFT LEFT DOWN DOWN RIGHT RIGHT RIGHT RIGHT LEFT LEFT UP UP RIGHT RIGHT RIGHT DOWN RIGHT DOWN DOWN LEFT UP,1000000,25.0,0
69,2026-08-23T15:30:20-03:00,levels/experiments/level_02.txt,astar,minimum_matching_manhattan,6,success,,78,78,17,30315,37,1015,0.248694375,LEFT RIGHT RIGHT LEFT UP UP LEFT LEFT DOWN LEFT DOWN DOWN RIGHT UP UP UP UP DOWN DOWN DOWN LEFT LEFT LEFT LEFT UP UP RIGHT UP RIGHT UP RIGHT RIGHT RIGHT LEFT DOWN DOWN RIGHT RIGHT UP UP UP DOWN DOWN DOWN RIGHT RIGHT DOWN RIGHT DOWN DOWN LEFT UP UP UP UP DOWN DOWN DOWN RIGHT RIGHT RIGHT RIGHT UP UP LEFT UP LEFT UP LEFT LEFT LEFT RIGHT DOWN DOWN LEFT LEFT UP UP,1000000,25.0,0
70,2026-08-23T15:30:20-03:00,levels/experiments/level_03.txt,bfs,null,4,success,,43,43,10,43709,71,2898,0.29560775,RIGHT DOWN RIGHT RIGHT RIGHT UP UP LEFT LEFT RIGHT RIGHT DOWN DOWN LEFT LEFT LEFT UP LEFT LEFT DOWN RIGHT RIGHT UP LEFT UP UP RIGHT DOWN RIGHT RIGHT RIGHT DOWN DOWN LEFT UP RIGHT UP LEFT LEFT LEFT UP LEFT DOWN,1000000,25.0,0
71,2026-08-23T15:30:22-03:00,levels/experiments/level_04.txt,astar,shortest_push_access,5,success,,54,54,20,50582,3791,4581,1.937991083,UP UP UP UP DOWN RIGHT RIGHT UP UP UP UP LEFT UP UP RIGHT DOWN DOWN DOWN DOWN DOWN UP LEFT LEFT LEFT LEFT RIGHT RIGHT DOWN DOWN LEFT LEFT LEFT UP LEFT UP UP RIGHT DOWN RIGHT RIGHT RIGHT DOWN DOWN RIGHT RIGHT RIGHT RIGHT RIGHT DOWN RIGHT UP RIGHT UP LEFT,1000000,25.0,0
72,2026-08-23T15:30:23-03:00,levels/experiments/level_03.txt,greedy,shortest_push_access,10,success,,83,83,22,34565,5793,9151,0.895055291,RIGHT DOWN RIGHT RIGHT RIGHT UP UP LEFT LEFT LEFT DOWN LEFT LEFT DOWN RIGHT RIGHT RIGHT LEFT UP UP UP LEFT DOWN RIGHT RIGHT RIGHT RIGHT DOWN DOWN LEFT UP RIGHT UP LEFT LEFT LEFT DOWN RIGHT LEFT DOWN LEFT LEFT UP RIGHT DOWN RIGHT RIGHT UP UP LEFT UP LEFT DOWN RIGHT RIGHT DOWN DOWN LEFT UP DOWN LEFT LEFT UP RIGHT DOWN RIGHT RIGHT UP UP RIGHT RIGHT DOWN DOWN LEFT RIGHT UP LEFT UP LEFT LEFT UP LEFT DOWN,1000000,25.0,0
73,2026-08-23T15:30:24-03:00,levels/experiments/level_02.txt,astar,shortest_push_access,4,success,,78,78,17,26823,190,1199,0.998477125,LEFT RIGHT RIGHT LEFT UP UP LEFT LEFT DOWN LEFT DOWN DOWN RIGHT UP UP UP UP DOWN DOWN DOWN LEFT LEFT LEFT LEFT UP UP RIGHT UP RIGHT UP RIGHT RIGHT RIGHT LEFT DOWN DOWN RIGHT RIGHT UP UP UP DOWN DOWN DOWN RIGHT RIGHT DOWN RIGHT DOWN DOWN LEFT UP UP UP UP DOWN DOWN DOWN RIGHT RIGHT RIGHT RIGHT UP UP LEFT UP LEFT UP LEFT LEFT LEFT RIGHT DOWN DOWN LEFT LEFT UP UP,1000000,25.0,0
74,2026-08-23T15:30:24-03:00,levels/experiments/level_02.txt,greedy,minimum_matching_manhattan,8,success,,96,96,19,756,76,77,0.005732667,LEFT RIGHT UP UP RIGHT RIGHT DOWN DOWN LEFT RIGHT UP UP LEFT LEFT LEFT LEFT DOWN LEFT DOWN DOWN RIGHT UP UP UP UP DOWN DOWN DOWN LEFT LEFT LEFT LEFT UP UP RIGHT UP RIGHT UP RIGHT RIGHT RIGHT LEFT DOWN DOWN RIGHT RIGHT UP UP UP DOWN DOWN DOWN LEFT LEFT DOWN DOWN RIGHT RIGHT RIGHT LEFT UP UP RIGHT RIGHT DOWN RIGHT DOWN DOWN LEFT UP UP UP UP DOWN DOWN DOWN RIGHT RIGHT RIGHT RIGHT UP UP LEFT UP LEFT UP LEFT LEFT LEFT RIGHT DOWN DOWN LEFT LEFT UP UP,1000000,25.0,0
75,2026-08-23T15:30:25-03:00,levels/experiments/level_03.txt,greedy,shortest_push_access,6,success,,83,83,22,34565,5793,9151,0.8842145,RIGHT DOWN RIGHT RIGHT RIGHT UP UP LEFT LEFT LEFT DOWN LEFT LEFT DOWN RIGHT RIGHT RIGHT LEFT UP UP UP LEFT DOWN RIGHT RIGHT RIGHT RIGHT DOWN DOWN LEFT UP RIGHT UP LEFT LEFT LEFT DOWN RIGHT LEFT DOWN LEFT LEFT UP RIGHT DOWN RIGHT RIGHT UP UP LEFT UP LEFT DOWN RIGHT RIGHT DOWN DOWN LEFT UP DOWN LEFT LEFT UP RIGHT DOWN RIGHT RIGHT UP UP RIGHT RIGHT DOWN DOWN LEFT RIGHT UP LEFT UP LEFT LEFT UP LEFT DOWN,1000000,25.0,0
76,2026-08-23T15:30:25-03:00,levels/experiments/level_04.txt,greedy,minimum_matching_manhattan,3,success,,64,64,18,867,136,144,0.007053292,UP UP UP UP DOWN RIGHT RIGHT UP UP LEFT LEFT LEFT LEFT RIGHT RIGHT DOWN DOWN LEFT LEFT LEFT UP LEFT UP UP RIGHT DOWN RIGHT RIGHT RIGHT RIGHT RIGHT UP UP LEFT UP UP RIGHT DOWN DOWN DOWN DOWN DOWN UP LEFT LEFT DOWN DOWN RIGHT RIGHT RIGHT RIGHT LEFT LEFT UP UP RIGHT RIGHT RIGHT DOWN RIGHT DOWN DOWN LEFT UP,1000000,25.0,0
77,2026-08-23T15:30:26-03:00,levels/experiments/level_04.txt,astar,minimum_matching_manhattan,5,success,,54,54,20,45814,2599,3114,0.410220292,UP UP UP UP DOWN RIGHT RIGHT UP UP UP UP LEFT UP UP RIGHT DOWN DOWN DOWN DOWN DOWN UP LEFT LEFT LEFT LEFT RIGHT RIGHT DOWN DOWN LEFT LEFT LEFT UP LEFT UP UP RIGHT DOWN RIGHT RIGHT RIGHT DOWN DOWN RIGHT RIGHT RIGHT RIGHT RIGHT DOWN RIGHT UP RIGHT UP LEFT,1000000,25.0,0
78,2026-08-23T15:30:26-03:00,levels/experiments/level_03.txt,bfs,null,8,success,,43,43,10,43709,71,2898,0.2951925,RIGHT DOWN RIGHT RIGHT RIGHT UP UP LEFT LEFT RIGHT RIGHT DOWN DOWN LEFT LEFT LEFT UP LEFT LEFT DOWN RIGHT RIGHT UP LEFT UP UP RIGHT DOWN RIGHT RIGHT RIGHT DOWN DOWN LEFT UP RIGHT UP LEFT LEFT LEFT UP LEFT DOWN,1000000,25.0,0
79,2026-08-23T15:30:27-03:00,levels/experiments/level_02.txt,astar,shortest_push_access,1,success,,78,78,17,26823,190,1199,1.012801709,LEFT RIGHT RIGHT LEFT UP UP LEFT LEFT DOWN LEFT DOWN DOWN RIGHT UP UP UP UP DOWN DOWN DOWN LEFT LEFT LEFT LEFT UP UP RIGHT UP RIGHT UP RIGHT RIGHT RIGHT LEFT DOWN DOWN RIGHT RIGHT UP UP UP DOWN DOWN DOWN RIGHT RIGHT DOWN RIGHT DOWN DOWN LEFT UP UP UP UP DOWN DOWN DOWN RIGHT RIGHT RIGHT RIGHT UP UP LEFT UP LEFT UP LEFT LEFT LEFT RIGHT DOWN DOWN LEFT LEFT UP UP,1000000,25.0,0
80,2026-08-23T15:30:28-03:00,levels/experiments/level_03.txt,astar,minimum_matching_manhattan,9,success,,43,43,10,43039,210,3515,1.031773334,RIGHT DOWN RIGHT RIGHT RIGHT UP UP LEFT LEFT RIGHT RIGHT DOWN DOWN LEFT LEFT LEFT UP LEFT LEFT DOWN RIGHT RIGHT UP LEFT UP UP RIGHT DOWN RIGHT RIGHT RIGHT DOWN DOWN LEFT UP RIGHT UP LEFT LEFT LEFT UP LEFT DOWN,1000000,25.0,0
81,2026-08-23T15:30:28-03:00,levels/experiments/level_04.txt,greedy,minimum_matching_manhattan,6,success,,64,64,18,867,136,144,0.007083458,UP UP UP UP DOWN RIGHT RIGHT UP UP LEFT LEFT LEFT LEFT RIGHT RIGHT DOWN DOWN LEFT LEFT LEFT UP LEFT UP UP RIGHT DOWN RIGHT RIGHT RIGHT RIGHT RIGHT UP UP LEFT UP UP RIGHT DOWN DOWN DOWN DOWN DOWN UP LEFT LEFT DOWN DOWN RIGHT RIGHT RIGHT RIGHT LEFT LEFT UP UP RIGHT RIGHT RIGHT DOWN RIGHT DOWN DOWN LEFT UP,1000000,25.0,0
82,2026-08-23T15:30:28-03:00,levels/experiments/level_04.txt,greedy,minimum_matching_manhattan,5,success,,64,64,18,867,136,144,0.007162708,UP UP UP UP DOWN RIGHT RIGHT UP UP LEFT LEFT LEFT LEFT RIGHT RIGHT DOWN DOWN LEFT LEFT LEFT UP LEFT UP UP RIGHT DOWN RIGHT RIGHT RIGHT RIGHT RIGHT UP UP LEFT UP UP RIGHT DOWN DOWN DOWN DOWN DOWN UP LEFT LEFT DOWN DOWN RIGHT RIGHT RIGHT RIGHT LEFT LEFT UP UP RIGHT RIGHT RIGHT DOWN RIGHT DOWN DOWN LEFT UP,1000000,25.0,0
83,2026-08-23T15:30:28-03:00,levels/experiments/level_02.txt,dfs,null,10,success,,174,174,27,2101,94,95,0.012600625,LEFT LEFT UP UP UP UP LEFT LEFT DOWN LEFT DOWN LEFT DOWN DOWN RIGHT RIGHT RIGHT UP RIGHT UP UP UP RIGHT RIGHT DOWN DOWN RIGHT RIGHT UP UP RIGHT RIGHT DOWN RIGHT DOWN RIGHT DOWN DOWN LEFT LEFT LEFT LEFT LEFT LEFT UP UP UP UP LEFT LEFT DOWN DOWN DOWN LEFT DOWN DOWN RIGHT UP UP UP UP DOWN DOWN DOWN LEFT LEFT LEFT LEFT UP UP RIGHT UP RIGHT UP RIGHT RIGHT DOWN DOWN DOWN DOWN RIGHT LEFT UP UP UP UP RIGHT LEFT DOWN DOWN DOWN DOWN RIGHT RIGHT UP UP UP UP UP DOWN DOWN DOWN DOWN DOWN RIGHT LEFT UP UP UP UP RIGHT RIGHT DOWN DOWN DOWN RIGHT DOWN DOWN LEFT UP UP UP UP DOWN DOWN DOWN LEFT LEFT UP UP UP UP RIGHT RIGHT DOWN DOWN DOWN DOWN RIGHT RIGHT RIGHT RIGHT UP UP LEFT UP LEFT UP LEFT LEFT LEFT LEFT DOWN DOWN DOWN DOWN LEFT LEFT UP UP UP UP RIGHT LEFT DOWN DOWN DOWN DOWN RIGHT RIGHT UP UP UP UP,1000000,25.0,0
84,2026-08-23T15:30:29-03:00,levels/experiments/level_04.txt,dfs,null,2,success,,2044,2044,386,70252,1123,1187,0.435070083,UP UP UP UP DOWN LEFT LEFT LEFT UP UP RIGHT RIGHT RIGHT DOWN DOWN RIGHT RIGHT UP UP UP UP DOWN DOWN DOWN DOWN LEFT LEFT UP UP RIGHT RIGHT UP UP LEFT UP UP RIGHT DOWN DOWN DOWN DOWN DOWN UP LEFT LEFT DOWN DOWN RIGHT RIGHT UP UP RIGHT LEFT DOWN DOWN RIGHT LEFT UP UP RIGHT RIGHT LEFT LEFT DOWN DOWN RIGHT RIGHT LEFT LEFT UP UP RIGHT RIGHT RIGHT DOWN RIGHT DOWN DOWN LEFT UP RIGHT UP RIGHT UP LEFT LEFT DOWN UP LEFT LEFT LEFT DOWN DOWN LEFT LEFT UP UP RIGHT LEFT DOWN DOWN RIGHT RIGHT UP UP UP UP DOWN DOWN DOWN DOWN RIGHT RIGHT RIGHT UP UP LEFT LEFT LEFT UP UP LEFT UP UP RIGHT DOWN DOWN DOWN DOWN DOWN UP LEFT LEFT DOWN DOWN RIGHT RIGHT UP UP RIGHT RIGHT RIGHT DOWN DOWN DOWN RIGHT UP UP DOWN LEFT LEFT LEFT LEFT UP UP LEFT LEFT DOWN DOWN RIGHT LEFT UP UP RIGHT RIGHT RIGHT RIGHT RIGHT DOWN DOWN RIGHT RIGHT UP UP LEFT DOWN DOWN LEFT LEFT LEFT LEFT UP UP RIGHT RIGHT RIGHT DOWN DOWN RIGHT RIGHT UP UP LEFT LEFT DOWN DOWN LEFT LEFT LEFT LEFT LEFT UP UP LEFT LEFT LEFT DOWN DOWN RIGHT RIGHT LEFT LEFT UP UP RIGHT RIGHT RIGHT DOWN DOWN UP UP RIGHT RIGHT DOWN DOWN RIGHT RIGHT RIGHT UP UP LEFT LEFT LEFT DOWN DOWN LEFT LEFT UP UP RIGHT LEFT DOWN DOWN DOWN UP UP UP RIGHT RIGHT DOWN DOWN LEFT LEFT DOWN DOWN UP UP UP UP RIGHT RIGHT DOWN DOWN RIGHT RIGHT RIGHT UP UP LEFT LEFT LEFT DOWN DOWN LEFT LEFT UP UP RIGHT LEFT DOWN DOWN RIGHT RIGHT UP UP UP UP DOWN DOWN DOWN DOWN LEFT LEFT DOWN DOWN LEFT DOWN DOWN RIGHT UP UP UP UP UP DOWN RIGHT RIGHT UP UP UP UP LEFT UP UP RIGHT DOWN DOWN DOWN DOWN DOWN UP LEFT LEFT DOWN DOWN LEFT LEFT LEFT UP UP RIGHT RIGHT LEFT LEFT DOWN DOWN RIGHT RIGHT RIGHT RIGHT RIGHT UP UP LEFT LEFT DOWN DOWN LEFT LEFT LEFT UP UP RIGHT RIGHT RIGHT DOWN DOWN RIGHT RIGHT UP UP RIGHT RIGHT RIGHT DOWN DOWN LEFT LEFT LEFT UP UP LEFT LEFT DOWN DOWN LEFT LEFT LEFT UP UP RIGHT RIGHT RIGHT RIGHT LEFT DOWN DOWN RIGHT RIGHT UP UP UP UP DOWN DOWN DOWN DOWN RIGHT LEFT UP UP UP UP LEFT UP UP RIGHT DOWN DOWN DOWN DOWN LEFT LEFT DOWN DOWN RIGHT RIGHT UP UP UP DOWN DOWN DOWN RIGHT RIGHT RIGHT UP UP RIGHT RIGHT DOWN DOWN LEFT DOWN LEFT UP UP DOWN LEFT LEFT LEFT UP UP UP UP DOWN DOWN DOWN DOWN RIGHT RIGHT RIGHT UP RIGHT UP LEFT DOWN DOWN LEFT LEFT LEFT UP UP UP UP LEFT UP UP RIGHT DOWN DOWN DOWN DOWN LEFT LEFT DOWN DOWN RIGHT RIGHT UP UP UP DOWN RIGHT RIGHT RIGHT DOWN DOWN LEFT LEFT LEFT UP UP UP UP LEFT UP UP RIGHT DOWN DOWN DOWN DOWN LEFT LEFT DOWN DOWN RIGHT RIGHT UP DOWN LEFT LEFT UP UP RIGHT RIGHT DOWN DOWN RIGHT RIGHT RIGHT UP UP LEFT LEFT LEFT DOWN DOWN RIGHT RIGHT RIGHT UP RIGHT RIGHT UP LEFT DOWN DOWN LEFT LEFT LEFT LEFT UP UP LEFT LEFT DOWN DOWN LEFT LEFT LEFT UP UP RIGHT RIGHT LEFT LEFT DOWN DOWN RIGHT RIGHT RIGHT RIGHT RIGHT RIGHT RIGHT RIGHT UP RIGHT UP LEFT DOWN DOWN LEFT LEFT LEFT UP UP LEFT LEFT DOWN DOWN RIGHT RIGHT UP UP RIGHT RIGHT LEFT LEFT DOWN DOWN RIGHT RIGHT RIGHT UP RIGHT UP LEFT LEFT LEFT LEFT DOWN DOWN LEFT LEFT UP UP LEFT LEFT RIGHT RIGHT DOWN DOWN LEFT LEFT LEFT UP LEFT UP UP RIGHT DOWN DOWN UP RIGHT RIGHT RIGHT RIGHT LEFT DOWN DOWN RIGHT RIGHT UP UP UP UP DOWN DOWN DOWN DOWN LEFT LEFT UP UP LEFT LEFT LEFT DOWN LEFT DOWN RIGHT UP UP RIGHT RIGHT RIGHT DOWN DOWN RIGHT RIGHT UP UP UP UP LEFT UP UP RIGHT DOWN DOWN DOWN DOWN DOWN UP LEFT LEFT DOWN DOWN LEFT LEFT RIGHT RIGHT UP UP LEFT LEFT LEFT DOWN LEFT DOWN RIGHT RIGHT LEFT UP UP RIGHT RIGHT RIGHT DOWN DOWN RIGHT RIGHT UP UP LEFT LEFT DOWN DOWN LEFT LEFT RIGHT RIGHT UP UP LEFT LEFT LEFT DOWN LEFT DOWN RIGHT UP UP RIGHT RIGHT RIGHT RIGHT RIGHT DOWN DOWN RIGHT LEFT UP UP LEFT LEFT DOWN DOWN LEFT LEFT RIGHT RIGHT UP UP LEFT LEFT LEFT DOWN LEFT DOWN RIGHT RIGHT LEFT UP UP RIGHT RIGHT RIGHT DOWN DOWN RIGHT RIGHT UP UP RIGHT RIGHT RIGHT DOWN DOWN LEFT LEFT LEFT UP UP LEFT LEFT DOWN DOWN LEFT LEFT RIGHT RIGHT UP UP LEFT LEFT LEFT DOWN LEFT DOWN RIGHT UP UP RIGHT RIGHT RIGHT RIGHT RIGHT DOWN DOWN LEFT RIGHT UP UP LEFT LEFT DOWN DOWN UP UP LEFT LEFT LEFT DOWN DOWN RIGHT LEFT UP UP RIGHT RIGHT RIGHT DOWN DOWN DOWN UP UP UP LEFT LEFT LEFT DOWN DOWN RIGHT RIGHT RIGHT DOWN DOWN UP UP UP UP RIGHT RIGHT DOWN DOWN LEFT LEFT LEFT LEFT RIGHT RIGHT DOWN DOWN LEFT DOWN DOWN RIGHT UP UP UP UP RIGHT RIGHT UP UP LEFT LEFT LEFT LEFT LEFT DOWN LEFT DOWN RIGHT RIGHT RIGHT RIGHT LEFT LEFT LEFT UP UP RIGHT RIGHT RIGHT DOWN DOWN RIGHT RIGHT UP UP LEFT LEFT DOWN DOWN DOWN UP UP UP RIGHT RIGHT DOWN DOWN RIGHT LEFT UP UP LEFT LEFT DOWN DOWN DOWN DOWN UP UP UP UP RIGHT RIGHT DOWN DOWN RIGHT RIGHT LEFT LEFT UP UP LEFT LEFT DOWN DOWN DOWN DOWN LEFT DOWN DOWN RIGHT UP UP UP UP UP DOWN RIGHT RIGHT UP UP RIGHT RIGHT RIGHT DOWN RIGHT DOWN DOWN LEFT UP LEFT LEFT LEFT UP UP LEFT LEFT DOWN DOWN LEFT LEFT LEFT UP UP RIGHT RIGHT RIGHT DOWN DOWN RIGHT RIGHT UP UP RIGHT RIGHT RIGHT DOWN UP RIGHT RIGHT DOWN DOWN LEFT LEFT UP UP LEFT LEFT LEFT LEFT LEFT DOWN DOWN RIGHT RIGHT UP UP RIGHT RIGHT RIGHT DOWN DOWN LEFT LEFT LEFT LEFT RIGHT UP UP LEFT LEFT DOWN DOWN UP UP LEFT LEFT RIGHT RIGHT DOWN DOWN DOWN UP LEFT LEFT LEFT UP LEFT UP UP RIGHT DOWN LEFT DOWN DOWN RIGHT RIGHT RIGHT RIGHT DOWN DOWN UP UP UP UP LEFT LEFT LEFT LEFT DOWN DOWN RIGHT UP LEFT UP RIGHT DOWN DOWN RIGHT RIGHT RIGHT DOWN DOWN LEFT DOWN DOWN RIGHT UP UP UP UP LEFT LEFT LEFT UP UP RIGHT LEFT DOWN DOWN RIGHT RIGHT RIGHT RIGHT RIGHT UP UP LEFT LEFT LEFT LEFT RIGHT RIGHT RIGHT RIGHT DOWN DOWN LEFT LEFT UP DOWN LEFT LEFT LEFT UP LEFT UP UP RIGHT DOWN DOWN LEFT DOWN RIGHT UP UP RIGHT RIGHT RIGHT LEFT LEFT LEFT DOWN DOWN RIGHT LEFT UP UP RIGHT RIGHT RIGHT RIGHT LEFT DOWN DOWN LEFT RIGHT UP UP LEFT LEFT LEFT DOWN DOWN RIGHT RIGHT LEFT LEFT UP UP RIGHT RIGHT RIGHT RIGHT RIGHT DOWN DOWN LEFT LEFT LEFT LEFT RIGHT RIGHT UP UP LEFT LEFT LEFT DOWN LEFT DOWN RIGHT UP UP RIGHT RIGHT RIGHT RIGHT RIGHT DOWN DOWN RIGHT RIGHT RIGHT UP UP LEFT LEFT RIGHT RIGHT DOWN DOWN LEFT LEFT LEFT UP UP UP DOWN DOWN DOWN LEFT LEFT UP UP LEFT LEFT LEFT DOWN DOWN RIGHT LEFT UP UP RIGHT RIGHT RIGHT DOWN DOWN RIGHT RIGHT UP UP UP UP LEFT UP UP RIGHT DOWN DOWN DOWN DOWN LEFT LEFT DOWN DOWN LEFT LEFT RIGHT RIGHT UP UP LEFT LEFT LEFT DOWN LEFT DOWN RIGHT RIGHT RIGHT LEFT LEFT UP UP RIGHT RIGHT RIGHT DOWN DOWN UP UP RIGHT RIGHT RIGHT RIGHT RIGHT DOWN DOWN LEFT LEFT LEFT UP UP UP UP DOWN DOWN DOWN DOWN LEFT LEFT DOWN UP UP UP RIGHT RIGHT UP UP LEFT UP UP RIGHT DOWN DOWN DOWN DOWN LEFT LEFT DOWN DOWN RIGHT RIGHT UP UP UP DOWN DOWN DOWN LEFT LEFT DOWN DOWN LEFT DOWN DOWN RIGHT UP UP UP UP UP DOWN RIGHT RIGHT UP UP LEFT LEFT DOWN DOWN RIGHT RIGHT UP UP UP UP DOWN DOWN DOWN DOWN LEFT LEFT UP UP LEFT LEFT RIGHT RIGHT DOWN DOWN LEFT LEFT LEFT UP LEFT UP UP RIGHT DOWN LEFT DOWN DOWN RIGHT RIGHT RIGHT RIGHT UP UP RIGHT RIGHT UP UP LEFT UP UP RIGHT DOWN DOWN DOWN DOWN DOWN UP LEFT LEFT DOWN DOWN LEFT LEFT LEFT UP DOWN RIGHT RIGHT RIGHT UP UP RIGHT RIGHT RIGHT RIGHT RIGHT DOWN DOWN LEFT LEFT LEFT UP UP LEFT LEFT DOWN DOWN LEFT LEFT LEFT UP LEFT UP UP RIGHT DOWN LEFT DOWN DOWN RIGHT RIGHT RIGHT RIGHT UP UP RIGHT RIGHT DOWN DOWN LEFT LEFT UP UP LEFT LEFT LEFT LEFT DOWN DOWN RIGHT UP DOWN RIGHT RIGHT LEFT LEFT UP LEFT UP RIGHT DOWN DOWN RIGHT RIGHT RIGHT RIGHT RIGHT RIGHT RIGHT LEFT LEFT UP UP LEFT LEFT DOWN DOWN LEFT LEFT LEFT UP UP RIGHT LEFT DOWN DOWN RIGHT RIGHT RIGHT UP UP RIGHT RIGHT DOWN DOWN RIGHT RIGHT RIGHT UP UP LEFT LEFT LEFT DOWN DOWN LEFT LEFT UP UP LEFT LEFT RIGHT RIGHT DOWN DOWN LEFT LEFT LEFT UP LEFT UP UP RIGHT DOWN DOWN UP RIGHT RIGHT RIGHT DOWN DOWN RIGHT RIGHT UP UP RIGHT RIGHT RIGHT DOWN DOWN DOWN RIGHT UP UP DOWN LEFT LEFT LEFT LEFT UP UP LEFT LEFT LEFT LEFT LEFT DOWN LEFT DOWN RIGHT UP UP RIGHT RIGHT RIGHT DOWN DOWN RIGHT RIGHT UP UP RIGHT RIGHT RIGHT DOWN DOWN RIGHT RIGHT UP UP LEFT DOWN DOWN LEFT LEFT LEFT LEFT UP UP LEFT LEFT DOWN DOWN LEFT LEFT RIGHT RIGHT UP UP LEFT LEFT LEFT DOWN LEFT DOWN RIGHT RIGHT LEFT UP UP RIGHT RIGHT RIGHT DOWN DOWN RIGHT RIGHT UP UP RIGHT RIGHT RIGHT DOWN DOWN RIGHT RIGHT UP UP LEFT LEFT LEFT LEFT RIGHT RIGHT DOWN DOWN LEFT LEFT LEFT UP UP DOWN DOWN LEFT LEFT UP UP LEFT LEFT LEFT DOWN DOWN RIGHT RIGHT RIGHT RIGHT RIGHT RIGHT RIGHT RIGHT UP UP RIGHT RIGHT DOWN DOWN LEFT DOWN LEFT UP LEFT LEFT LEFT UP UP UP UP LEFT UP UP RIGHT DOWN DOWN DOWN DOWN DOWN UP LEFT LEFT DOWN DOWN RIGHT RIGHT UP UP RIGHT RIGHT RIGHT DOWN UP LEFT LEFT LEFT DOWN DOWN RIGHT LEFT UP UP RIGHT RIGHT RIGHT DOWN RIGHT DOWN DOWN LEFT UP LEFT LEFT LEFT UP UP RIGHT RIGHT RIGHT DOWN UP LEFT LEFT LEFT DOWN DOWN LEFT LEFT UP UP LEFT LEFT LEFT DOWN DOWN RIGHT RIGHT LEFT LEFT UP UP RIGHT RIGHT RIGHT DOWN DOWN UP UP RIGHT RIGHT DOWN DOWN RIGHT RIGHT RIGHT UP UP LEFT LEFT LEFT DOWN DOWN LEFT LEFT DOWN UP UP UP RIGHT RIGHT DOWN DOWN RIGHT RIGHT RIGHT UP UP RIGHT RIGHT DOWN DOWN LEFT DOWN LEFT UP LEFT LEFT LEFT UP UP LEFT LEFT DOWN DOWN DOWN DOWN LEFT DOWN DOWN RIGHT UP UP UP UP LEFT LEFT LEFT UP UP RIGHT RIGHT RIGHT DOWN UP RIGHT RIGHT DOWN DOWN RIGHT RIGHT RIGHT RIGHT UP UP LEFT DOWN UP RIGHT RIGHT DOWN DOWN LEFT LEFT UP UP LEFT LEFT LEFT DOWN DOWN RIGHT RIGHT RIGHT UP UP LEFT LEFT LEFT DOWN DOWN LEFT LEFT UP UP LEFT LEFT LEFT DOWN DOWN RIGHT RIGHT RIGHT UP UP RIGHT RIGHT DOWN DOWN RIGHT RIGHT RIGHT DOWN RIGHT UP LEFT UP UP LEFT LEFT LEFT DOWN DOWN LEFT LEFT UP UP LEFT LEFT LEFT DOWN DOWN RIGHT RIGHT LEFT LEFT UP UP RIGHT RIGHT RIGHT DOWN DOWN DOWN DOWN LEFT DOWN DOWN RIGHT UP UP UP UP UP DOWN LEFT LEFT LEFT UP UP RIGHT RIGHT RIGHT DOWN DOWN RIGHT RIGHT UP UP LEFT LEFT LEFT LEFT RIGHT RIGHT DOWN DOWN LEFT LEFT LEFT UP LEFT UP UP RIGHT DOWN LEFT DOWN DOWN RIGHT RIGHT RIGHT RIGHT UP UP RIGHT RIGHT DOWN DOWN RIGHT RIGHT RIGHT UP UP RIGHT DOWN RIGHT DOWN LEFT UP UP LEFT LEFT LEFT LEFT DOWN DOWN LEFT LEFT UP UP LEFT LEFT LEFT LEFT DOWN DOWN RIGHT UP DOWN RIGHT RIGHT RIGHT UP UP RIGHT RIGHT DOWN DOWN RIGHT RIGHT RIGHT UP UP RIGHT RIGHT DOWN DOWN LEFT DOWN LEFT UP LEFT LEFT LEFT UP UP LEFT LEFT DOWN DOWN LEFT LEFT LEFT UP LEFT UP UP RIGHT DOWN,1000000,25.0,0
85,2026-08-23T15:30:30-03:00,levels/experiments/level_03.txt,astar,minimum_matching_manhattan,1,success,,43,43,10,43039,210,3515,1.0256075,RIGHT DOWN RIGHT RIGHT RIGHT UP UP LEFT LEFT RIGHT RIGHT DOWN DOWN LEFT LEFT LEFT UP LEFT LEFT DOWN RIGHT RIGHT UP LEFT UP UP RIGHT DOWN RIGHT RIGHT RIGHT DOWN DOWN LEFT UP RIGHT UP LEFT LEFT LEFT UP LEFT DOWN,1000000,25.0,0
86,2026-08-23T15:30:30-03:00,levels/experiments/level_02.txt,bfs,null,9,success,,78,78,17,30375,19,866,0.180033667,LEFT RIGHT RIGHT LEFT UP UP LEFT LEFT DOWN LEFT DOWN DOWN RIGHT UP UP UP UP DOWN DOWN DOWN LEFT LEFT LEFT LEFT UP UP RIGHT UP RIGHT UP RIGHT RIGHT RIGHT LEFT DOWN DOWN RIGHT RIGHT UP UP UP DOWN DOWN DOWN RIGHT RIGHT DOWN RIGHT DOWN DOWN LEFT UP UP UP UP DOWN DOWN DOWN RIGHT RIGHT RIGHT RIGHT UP UP LEFT UP LEFT UP LEFT LEFT LEFT RIGHT DOWN DOWN LEFT LEFT UP UP,1000000,25.0,0
87,2026-08-23T15:30:31-03:00,levels/experiments/level_03.txt,bfs,null,1,success,,43,43,10,43709,71,2898,0.29501125,RIGHT DOWN RIGHT RIGHT RIGHT UP UP LEFT LEFT RIGHT RIGHT DOWN DOWN LEFT LEFT LEFT UP LEFT LEFT DOWN RIGHT RIGHT UP LEFT UP UP RIGHT DOWN RIGHT RIGHT RIGHT DOWN DOWN LEFT UP RIGHT UP LEFT LEFT LEFT UP LEFT DOWN,1000000,25.0,0
88,2026-08-23T15:30:31-03:00,levels/experiments/level_02.txt,greedy,shortest_push_access,4,success,,126,126,29,22399,1621,2979,0.786267541,LEFT RIGHT UP UP LEFT LEFT DOWN LEFT DOWN DOWN RIGHT UP RIGHT RIGHT RIGHT LEFT LEFT LEFT UP UP RIGHT RIGHT RIGHT RIGHT DOWN RIGHT DOWN LEFT LEFT LEFT LEFT RIGHT UP UP LEFT LEFT DOWN LEFT DOWN DOWN RIGHT UP RIGHT RIGHT UP UP LEFT LEFT UP DOWN RIGHT RIGHT UP UP LEFT LEFT DOWN DOWN DOWN LEFT DOWN LEFT LEFT LEFT UP UP RIGHT UP RIGHT UP RIGHT RIGHT RIGHT LEFT DOWN DOWN DOWN LEFT DOWN DOWN RIGHT UP UP UP UP DOWN RIGHT RIGHT UP UP LEFT LEFT DOWN DOWN DOWN DOWN LEFT LEFT LEFT LEFT UP UP RIGHT UP RIGHT UP RIGHT RIGHT RIGHT RIGHT UP DOWN DOWN DOWN RIGHT RIGHT UP UP LEFT RIGHT DOWN DOWN LEFT LEFT UP UP,1000000,25.0,0
89,2026-08-23T15:30:32-03:00,levels/experiments/level_04.txt,greedy,shortest_push_access,10,success,,96,96,40,5744,3064,3065,0.168554458,UP UP UP RIGHT RIGHT UP UP UP UP LEFT UP UP RIGHT DOWN DOWN DOWN DOWN LEFT LEFT DOWN DOWN RIGHT RIGHT UP DOWN LEFT LEFT UP UP RIGHT RIGHT RIGHT RIGHT RIGHT DOWN RIGHT RIGHT UP LEFT LEFT LEFT LEFT LEFT LEFT LEFT LEFT LEFT RIGHT RIGHT DOWN DOWN DOWN DOWN LEFT DOWN DOWN RIGHT UP UP UP UP LEFT LEFT LEFT UP LEFT UP UP RIGHT DOWN RIGHT RIGHT RIGHT DOWN UP LEFT LEFT LEFT LEFT DOWN DOWN RIGHT RIGHT RIGHT RIGHT RIGHT RIGHT RIGHT RIGHT RIGHT DOWN RIGHT UP RIGHT UP LEFT,1000000,25.0,0
90,2026-08-23T15:30:32-03:00,levels/experiments/level_03.txt,dfs,null,9,success,,51,51,14,43449,19,103,0.275996041,UP RIGHT RIGHT LEFT LEFT DOWN RIGHT DOWN RIGHT RIGHT RIGHT UP UP LEFT LEFT LEFT DOWN LEFT LEFT DOWN RIGHT RIGHT UP UP UP LEFT DOWN RIGHT DOWN DOWN LEFT LEFT UP RIGHT UP RIGHT RIGHT RIGHT RIGHT DOWN DOWN LEFT UP RIGHT UP LEFT LEFT LEFT UP LEFT DOWN,1000000,25.0,0
91,2026-08-23T15:30:32-03:00,levels/experiments/level_02.txt,bfs,null,5,success,,78,78,17,30375,19,866,0.178394542,LEFT RIGHT RIGHT LEFT UP UP LEFT LEFT DOWN LEFT DOWN DOWN RIGHT UP UP UP UP DOWN DOWN DOWN LEFT LEFT LEFT LEFT UP UP RIGHT UP RIGHT UP RIGHT RIGHT RIGHT LEFT DOWN DOWN RIGHT RIGHT UP UP UP DOWN DOWN DOWN RIGHT RIGHT DOWN RIGHT DOWN DOWN LEFT UP UP UP UP DOWN DOWN DOWN RIGHT RIGHT RIGHT RIGHT UP UP LEFT UP LEFT UP LEFT LEFT LEFT RIGHT DOWN DOWN LEFT LEFT UP UP,1000000,25.0,0
92,2026-08-23T15:30:33-03:00,levels/experiments/level_03.txt,greedy,shortest_push_access,4,success,,83,83,22,34565,5793,9151,0.892826791,RIGHT DOWN RIGHT RIGHT RIGHT UP UP LEFT LEFT LEFT DOWN LEFT LEFT DOWN RIGHT RIGHT RIGHT LEFT UP UP UP LEFT DOWN RIGHT RIGHT RIGHT RIGHT DOWN DOWN LEFT UP RIGHT UP LEFT LEFT LEFT DOWN RIGHT LEFT DOWN LEFT LEFT UP RIGHT DOWN RIGHT RIGHT UP UP LEFT UP LEFT DOWN RIGHT RIGHT DOWN DOWN LEFT UP DOWN LEFT LEFT UP RIGHT DOWN RIGHT RIGHT UP UP RIGHT RIGHT DOWN DOWN LEFT RIGHT UP LEFT UP LEFT LEFT UP LEFT DOWN,1000000,25.0,0
93,2026-08-23T15:30:34-03:00,levels/experiments/level_04.txt,astar,minimum_matching_manhattan,4,success,,54,54,20,45814,2599,3114,0.417369333,UP UP UP UP DOWN RIGHT RIGHT UP UP UP UP LEFT UP UP RIGHT DOWN DOWN DOWN DOWN DOWN UP LEFT LEFT LEFT LEFT RIGHT RIGHT DOWN DOWN LEFT LEFT LEFT UP LEFT UP UP RIGHT DOWN RIGHT RIGHT RIGHT DOWN DOWN RIGHT RIGHT RIGHT RIGHT RIGHT DOWN RIGHT UP RIGHT UP LEFT,1000000,25.0,0
94,2026-08-23T15:30:34-03:00,levels/experiments/level_04.txt,dfs,null,9,success,,2044,2044,386,70252,1123,1187,0.430702875,UP UP UP UP DOWN LEFT LEFT LEFT UP UP RIGHT RIGHT RIGHT DOWN DOWN RIGHT RIGHT UP UP UP UP DOWN DOWN DOWN DOWN LEFT LEFT UP UP RIGHT RIGHT UP UP LEFT UP UP RIGHT DOWN DOWN DOWN DOWN DOWN UP LEFT LEFT DOWN DOWN RIGHT RIGHT UP UP RIGHT LEFT DOWN DOWN RIGHT LEFT UP UP RIGHT RIGHT LEFT LEFT DOWN DOWN RIGHT RIGHT LEFT LEFT UP UP RIGHT RIGHT RIGHT DOWN RIGHT DOWN DOWN LEFT UP RIGHT UP RIGHT UP LEFT LEFT DOWN UP LEFT LEFT LEFT DOWN DOWN LEFT LEFT UP UP RIGHT LEFT DOWN DOWN RIGHT RIGHT UP UP UP UP DOWN DOWN DOWN DOWN RIGHT RIGHT RIGHT UP UP LEFT LEFT LEFT UP UP LEFT UP UP RIGHT DOWN DOWN DOWN DOWN DOWN UP LEFT LEFT DOWN DOWN RIGHT RIGHT UP UP RIGHT RIGHT RIGHT DOWN DOWN DOWN RIGHT UP UP DOWN LEFT LEFT LEFT LEFT UP UP LEFT LEFT DOWN DOWN RIGHT LEFT UP UP RIGHT RIGHT RIGHT RIGHT RIGHT DOWN DOWN RIGHT RIGHT UP UP LEFT DOWN DOWN LEFT LEFT LEFT LEFT UP UP RIGHT RIGHT RIGHT DOWN DOWN RIGHT RIGHT UP UP LEFT LEFT DOWN DOWN LEFT LEFT LEFT LEFT LEFT UP UP LEFT LEFT LEFT DOWN DOWN RIGHT RIGHT LEFT LEFT UP UP RIGHT RIGHT RIGHT DOWN DOWN UP UP RIGHT RIGHT DOWN DOWN RIGHT RIGHT RIGHT UP UP LEFT LEFT LEFT DOWN DOWN LEFT LEFT UP UP RIGHT LEFT DOWN DOWN DOWN UP UP UP RIGHT RIGHT DOWN DOWN LEFT LEFT DOWN DOWN UP UP UP UP RIGHT RIGHT DOWN DOWN RIGHT RIGHT RIGHT UP UP LEFT LEFT LEFT DOWN DOWN LEFT LEFT UP UP RIGHT LEFT DOWN DOWN RIGHT RIGHT UP UP UP UP DOWN DOWN DOWN DOWN LEFT LEFT DOWN DOWN LEFT DOWN DOWN RIGHT UP UP UP UP UP DOWN RIGHT RIGHT UP UP UP UP LEFT UP UP RIGHT DOWN DOWN DOWN DOWN DOWN UP LEFT LEFT DOWN DOWN LEFT LEFT LEFT UP UP RIGHT RIGHT LEFT LEFT DOWN DOWN RIGHT RIGHT RIGHT RIGHT RIGHT UP UP LEFT LEFT DOWN DOWN LEFT LEFT LEFT UP UP RIGHT RIGHT RIGHT DOWN DOWN RIGHT RIGHT UP UP RIGHT RIGHT RIGHT DOWN DOWN LEFT LEFT LEFT UP UP LEFT LEFT DOWN DOWN LEFT LEFT LEFT UP UP RIGHT RIGHT RIGHT RIGHT LEFT DOWN DOWN RIGHT RIGHT UP UP UP UP DOWN DOWN DOWN DOWN RIGHT LEFT UP UP UP UP LEFT UP UP RIGHT DOWN DOWN DOWN DOWN LEFT LEFT DOWN DOWN RIGHT RIGHT UP UP UP DOWN DOWN DOWN RIGHT RIGHT RIGHT UP UP RIGHT RIGHT DOWN DOWN LEFT DOWN LEFT UP UP DOWN LEFT LEFT LEFT UP UP UP UP DOWN DOWN DOWN DOWN RIGHT RIGHT RIGHT UP RIGHT UP LEFT DOWN DOWN LEFT LEFT LEFT UP UP UP UP LEFT UP UP RIGHT DOWN DOWN DOWN DOWN LEFT LEFT DOWN DOWN RIGHT RIGHT UP UP UP DOWN RIGHT RIGHT RIGHT DOWN DOWN LEFT LEFT LEFT UP UP UP UP LEFT UP UP RIGHT DOWN DOWN DOWN DOWN LEFT LEFT DOWN DOWN RIGHT RIGHT UP DOWN LEFT LEFT UP UP RIGHT RIGHT DOWN DOWN RIGHT RIGHT RIGHT UP UP LEFT LEFT LEFT DOWN DOWN RIGHT RIGHT RIGHT UP RIGHT RIGHT UP LEFT DOWN DOWN LEFT LEFT LEFT LEFT UP UP LEFT LEFT DOWN DOWN LEFT LEFT LEFT UP UP RIGHT RIGHT LEFT LEFT DOWN DOWN RIGHT RIGHT RIGHT RIGHT RIGHT RIGHT RIGHT RIGHT UP RIGHT UP LEFT DOWN DOWN LEFT LEFT LEFT UP UP LEFT LEFT DOWN DOWN RIGHT RIGHT UP UP RIGHT RIGHT LEFT LEFT DOWN DOWN RIGHT RIGHT RIGHT UP RIGHT UP LEFT LEFT LEFT LEFT DOWN DOWN LEFT LEFT UP UP LEFT LEFT RIGHT RIGHT DOWN DOWN LEFT LEFT LEFT UP LEFT UP UP RIGHT DOWN DOWN UP RIGHT RIGHT RIGHT RIGHT LEFT DOWN DOWN RIGHT RIGHT UP UP UP UP DOWN DOWN DOWN DOWN LEFT LEFT UP UP LEFT LEFT LEFT DOWN LEFT DOWN RIGHT UP UP RIGHT RIGHT RIGHT DOWN DOWN RIGHT RIGHT UP UP UP UP LEFT UP UP RIGHT DOWN DOWN DOWN DOWN DOWN UP LEFT LEFT DOWN DOWN LEFT LEFT RIGHT RIGHT UP UP LEFT LEFT LEFT DOWN LEFT DOWN RIGHT RIGHT LEFT UP UP RIGHT RIGHT RIGHT DOWN DOWN RIGHT RIGHT UP UP LEFT LEFT DOWN DOWN LEFT LEFT RIGHT RIGHT UP UP LEFT LEFT LEFT DOWN LEFT DOWN RIGHT UP UP RIGHT RIGHT RIGHT RIGHT RIGHT DOWN DOWN RIGHT LEFT UP UP LEFT LEFT DOWN DOWN LEFT LEFT RIGHT RIGHT UP UP LEFT LEFT LEFT DOWN LEFT DOWN RIGHT RIGHT LEFT UP UP RIGHT RIGHT RIGHT DOWN DOWN RIGHT RIGHT UP UP RIGHT RIGHT RIGHT DOWN DOWN LEFT LEFT LEFT UP UP LEFT LEFT DOWN DOWN LEFT LEFT RIGHT RIGHT UP UP LEFT LEFT LEFT DOWN LEFT DOWN RIGHT UP UP RIGHT RIGHT RIGHT RIGHT RIGHT DOWN DOWN LEFT RIGHT UP UP LEFT LEFT DOWN DOWN UP UP LEFT LEFT LEFT DOWN DOWN RIGHT LEFT UP UP RIGHT RIGHT RIGHT DOWN DOWN DOWN UP UP UP LEFT LEFT LEFT DOWN DOWN RIGHT RIGHT RIGHT DOWN DOWN UP UP UP UP RIGHT RIGHT DOWN DOWN LEFT LEFT LEFT LEFT RIGHT RIGHT DOWN DOWN LEFT DOWN DOWN RIGHT UP UP UP UP RIGHT RIGHT UP UP LEFT LEFT LEFT LEFT LEFT DOWN LEFT DOWN RIGHT RIGHT RIGHT RIGHT LEFT LEFT LEFT UP UP RIGHT RIGHT RIGHT DOWN DOWN RIGHT RIGHT UP UP LEFT LEFT DOWN DOWN DOWN UP UP UP RIGHT RIGHT DOWN DOWN RIGHT LEFT UP UP LEFT LEFT DOWN DOWN DOWN DOWN UP UP UP UP RIGHT RIGHT DOWN DOWN RIGHT RIGHT LEFT LEFT UP UP LEFT LEFT DOWN DOWN DOWN DOWN LEFT DOWN DOWN RIGHT UP UP UP UP UP DOWN RIGHT RIGHT UP UP RIGHT RIGHT RIGHT DOWN RIGHT DOWN DOWN LEFT UP LEFT LEFT LEFT UP UP LEFT LEFT DOWN DOWN LEFT LEFT LEFT UP UP RIGHT RIGHT RIGHT DOWN DOWN RIGHT RIGHT UP UP RIGHT RIGHT RIGHT DOWN UP RIGHT RIGHT DOWN DOWN LEFT LEFT UP UP LEFT LEFT LEFT LEFT LEFT DOWN DOWN RIGHT RIGHT UP UP RIGHT RIGHT RIGHT DOWN DOWN LEFT LEFT LEFT LEFT RIGHT UP UP LEFT LEFT DOWN DOWN UP UP LEFT LEFT RIGHT RIGHT DOWN DOWN DOWN UP LEFT LEFT LEFT UP LEFT UP UP RIGHT DOWN LEFT DOWN DOWN RIGHT RIGHT RIGHT RIGHT DOWN DOWN UP UP UP UP LEFT LEFT LEFT LEFT DOWN DOWN RIGHT UP LEFT UP RIGHT DOWN DOWN RIGHT RIGHT RIGHT DOWN DOWN LEFT DOWN DOWN RIGHT UP UP UP UP LEFT LEFT LEFT UP UP RIGHT LEFT DOWN DOWN RIGHT RIGHT RIGHT RIGHT RIGHT UP UP LEFT LEFT LEFT LEFT RIGHT RIGHT RIGHT RIGHT DOWN DOWN LEFT LEFT UP DOWN LEFT LEFT LEFT UP LEFT UP UP RIGHT DOWN DOWN LEFT DOWN RIGHT UP UP RIGHT RIGHT RIGHT LEFT LEFT LEFT DOWN DOWN RIGHT LEFT UP UP RIGHT RIGHT RIGHT RIGHT LEFT DOWN DOWN LEFT RIGHT UP UP LEFT LEFT LEFT DOWN DOWN RIGHT RIGHT LEFT LEFT UP UP RIGHT RIGHT RIGHT RIGHT RIGHT DOWN DOWN LEFT LEFT LEFT LEFT RIGHT RIGHT UP UP LEFT LEFT LEFT DOWN LEFT DOWN RIGHT UP UP RIGHT RIGHT RIGHT RIGHT RIGHT DOWN DOWN RIGHT RIGHT RIGHT UP UP LEFT LEFT RIGHT RIGHT DOWN DOWN LEFT LEFT LEFT UP UP UP DOWN DOWN DOWN LEFT LEFT UP UP LEFT LEFT LEFT DOWN DOWN RIGHT LEFT UP UP RIGHT RIGHT RIGHT DOWN DOWN RIGHT RIGHT UP UP UP UP LEFT UP UP RIGHT DOWN DOWN DOWN DOWN LEFT LEFT DOWN DOWN LEFT LEFT RIGHT RIGHT UP UP LEFT LEFT LEFT DOWN LEFT DOWN RIGHT RIGHT RIGHT LEFT LEFT UP UP RIGHT RIGHT RIGHT DOWN DOWN UP UP RIGHT RIGHT RIGHT RIGHT RIGHT DOWN DOWN LEFT LEFT LEFT UP UP UP UP DOWN DOWN DOWN DOWN LEFT LEFT DOWN UP UP UP RIGHT RIGHT UP UP LEFT UP UP RIGHT DOWN DOWN DOWN DOWN LEFT LEFT DOWN DOWN RIGHT RIGHT UP UP UP DOWN DOWN DOWN LEFT LEFT DOWN DOWN LEFT DOWN DOWN RIGHT UP UP UP UP UP DOWN RIGHT RIGHT UP UP LEFT LEFT DOWN DOWN RIGHT RIGHT UP UP UP UP DOWN DOWN DOWN DOWN LEFT LEFT UP UP LEFT LEFT RIGHT RIGHT DOWN DOWN LEFT LEFT LEFT UP LEFT UP UP RIGHT DOWN LEFT DOWN DOWN RIGHT RIGHT RIGHT RIGHT UP UP RIGHT RIGHT UP UP LEFT UP UP RIGHT DOWN DOWN DOWN DOWN DOWN UP LEFT LEFT DOWN DOWN LEFT LEFT LEFT UP DOWN RIGHT RIGHT RIGHT UP UP RIGHT RIGHT RIGHT RIGHT RIGHT DOWN DOWN LEFT LEFT LEFT UP UP LEFT LEFT DOWN DOWN LEFT LEFT LEFT UP LEFT UP UP RIGHT DOWN LEFT DOWN DOWN RIGHT RIGHT RIGHT RIGHT UP UP RIGHT RIGHT DOWN DOWN LEFT LEFT UP UP LEFT LEFT LEFT LEFT DOWN DOWN RIGHT UP DOWN RIGHT RIGHT LEFT LEFT UP LEFT UP RIGHT DOWN DOWN RIGHT RIGHT RIGHT RIGHT RIGHT RIGHT RIGHT LEFT LEFT UP UP LEFT LEFT DOWN DOWN LEFT LEFT LEFT UP UP RIGHT LEFT DOWN DOWN RIGHT RIGHT RIGHT UP UP RIGHT RIGHT DOWN DOWN RIGHT RIGHT RIGHT UP UP LEFT LEFT LEFT DOWN DOWN LEFT LEFT UP UP LEFT LEFT RIGHT RIGHT DOWN DOWN LEFT LEFT LEFT UP LEFT UP UP RIGHT DOWN DOWN UP RIGHT RIGHT RIGHT DOWN DOWN RIGHT RIGHT UP UP RIGHT RIGHT RIGHT DOWN DOWN DOWN RIGHT UP UP DOWN LEFT LEFT LEFT LEFT UP UP LEFT LEFT LEFT LEFT LEFT DOWN LEFT DOWN RIGHT UP UP RIGHT RIGHT RIGHT DOWN DOWN RIGHT RIGHT UP UP RIGHT RIGHT RIGHT DOWN DOWN RIGHT RIGHT UP UP LEFT DOWN DOWN LEFT LEFT LEFT LEFT UP UP LEFT LEFT DOWN DOWN LEFT LEFT RIGHT RIGHT UP UP LEFT LEFT LEFT DOWN LEFT DOWN RIGHT RIGHT LEFT UP UP RIGHT RIGHT RIGHT DOWN DOWN RIGHT RIGHT UP UP RIGHT RIGHT RIGHT DOWN DOWN RIGHT RIGHT UP UP LEFT LEFT LEFT LEFT RIGHT RIGHT DOWN DOWN LEFT LEFT LEFT UP UP DOWN DOWN LEFT LEFT UP UP LEFT LEFT LEFT DOWN DOWN RIGHT RIGHT RIGHT RIGHT RIGHT RIGHT RIGHT RIGHT UP UP RIGHT RIGHT DOWN DOWN LEFT DOWN LEFT UP LEFT LEFT LEFT UP UP UP UP LEFT UP UP RIGHT DOWN DOWN DOWN DOWN DOWN UP LEFT LEFT DOWN DOWN RIGHT RIGHT UP UP RIGHT RIGHT RIGHT DOWN UP LEFT LEFT LEFT DOWN DOWN RIGHT LEFT UP UP RIGHT RIGHT RIGHT DOWN RIGHT DOWN DOWN LEFT UP LEFT LEFT LEFT UP UP RIGHT RIGHT RIGHT DOWN UP LEFT LEFT LEFT DOWN DOWN LEFT LEFT UP UP LEFT LEFT LEFT DOWN DOWN RIGHT RIGHT LEFT LEFT UP UP RIGHT RIGHT RIGHT DOWN DOWN UP UP RIGHT RIGHT DOWN DOWN RIGHT RIGHT RIGHT UP UP LEFT LEFT LEFT DOWN DOWN LEFT LEFT DOWN UP UP UP RIGHT RIGHT DOWN DOWN RIGHT RIGHT RIGHT UP UP RIGHT RIGHT DOWN DOWN LEFT DOWN LEFT UP LEFT LEFT LEFT UP UP LEFT LEFT DOWN DOWN DOWN DOWN LEFT DOWN DOWN RIGHT UP UP UP UP LEFT LEFT LEFT UP UP RIGHT RIGHT RIGHT DOWN UP RIGHT RIGHT DOWN DOWN RIGHT RIGHT RIGHT RIGHT UP UP LEFT DOWN UP RIGHT RIGHT DOWN DOWN LEFT LEFT UP UP LEFT LEFT LEFT DOWN DOWN RIGHT RIGHT RIGHT UP UP LEFT LEFT LEFT DOWN DOWN LEFT LEFT UP UP LEFT LEFT LEFT DOWN DOWN RIGHT RIGHT RIGHT UP UP RIGHT RIGHT DOWN DOWN RIGHT RIGHT RIGHT DOWN RIGHT UP LEFT UP UP LEFT LEFT LEFT DOWN DOWN LEFT LEFT UP UP LEFT LEFT LEFT DOWN DOWN RIGHT RIGHT LEFT LEFT UP UP RIGHT RIGHT RIGHT DOWN DOWN DOWN DOWN LEFT DOWN DOWN RIGHT UP UP UP UP UP DOWN LEFT LEFT LEFT UP UP RIGHT RIGHT RIGHT DOWN DOWN RIGHT RIGHT UP UP LEFT LEFT LEFT LEFT RIGHT RIGHT DOWN DOWN LEFT LEFT LEFT UP LEFT UP UP RIGHT DOWN LEFT DOWN DOWN RIGHT RIGHT RIGHT RIGHT UP UP RIGHT RIGHT DOWN DOWN RIGHT RIGHT RIGHT UP UP RIGHT DOWN RIGHT DOWN LEFT UP UP LEFT LEFT LEFT LEFT DOWN DOWN LEFT LEFT UP UP LEFT LEFT LEFT LEFT DOWN DOWN RIGHT UP DOWN RIGHT RIGHT RIGHT UP UP RIGHT RIGHT DOWN DOWN RIGHT RIGHT RIGHT UP UP RIGHT RIGHT DOWN DOWN LEFT DOWN LEFT UP LEFT LEFT LEFT UP UP LEFT LEFT DOWN DOWN LEFT LEFT LEFT UP LEFT UP UP RIGHT DOWN,1000000,25.0,0
95,2026-08-23T15:30:35-03:00,levels/experiments/level_03.txt,astar,shortest_push_access,5,success,,43,43,10,41018,844,4055,1.021397834,RIGHT DOWN RIGHT RIGHT RIGHT UP UP LEFT LEFT RIGHT RIGHT DOWN DOWN LEFT LEFT LEFT UP LEFT LEFT DOWN RIGHT RIGHT UP LEFT UP UP RIGHT DOWN RIGHT RIGHT RIGHT DOWN DOWN LEFT UP RIGHT UP LEFT LEFT LEFT UP LEFT DOWN,1000000,25.0,0
96,2026-08-23T15:30:36-03:00,levels/experiments/level_02.txt,greedy,shortest_push_access,1,success,,126,126,29,22399,1621,2979,0.778934958,LEFT RIGHT UP UP LEFT LEFT DOWN LEFT DOWN DOWN RIGHT UP RIGHT RIGHT RIGHT LEFT LEFT LEFT UP UP RIGHT RIGHT RIGHT RIGHT DOWN RIGHT DOWN LEFT LEFT LEFT LEFT RIGHT UP UP LEFT LEFT DOWN LEFT DOWN DOWN RIGHT UP RIGHT RIGHT UP UP LEFT LEFT UP DOWN RIGHT RIGHT UP UP LEFT LEFT DOWN DOWN DOWN LEFT DOWN LEFT LEFT LEFT UP UP RIGHT UP RIGHT UP RIGHT RIGHT RIGHT LEFT DOWN DOWN DOWN LEFT DOWN DOWN RIGHT UP UP UP UP DOWN RIGHT RIGHT UP UP LEFT LEFT DOWN DOWN DOWN DOWN LEFT LEFT LEFT LEFT UP UP RIGHT UP RIGHT UP RIGHT RIGHT RIGHT RIGHT UP DOWN DOWN DOWN RIGHT RIGHT UP UP LEFT RIGHT DOWN DOWN LEFT LEFT UP UP,1000000,25.0,0
97,2026-08-23T15:30:36-03:00,levels/experiments/level_03.txt,dfs,null,4,success,,51,51,14,43449,19,103,0.281119166,UP RIGHT RIGHT LEFT LEFT DOWN RIGHT DOWN RIGHT RIGHT RIGHT UP UP LEFT LEFT LEFT DOWN LEFT LEFT DOWN RIGHT RIGHT UP UP UP LEFT DOWN RIGHT DOWN DOWN LEFT LEFT UP RIGHT UP RIGHT RIGHT RIGHT RIGHT DOWN DOWN LEFT UP RIGHT UP LEFT LEFT LEFT UP LEFT DOWN,1000000,25.0,0
98,2026-08-23T15:30:37-03:00,levels/experiments/level_04.txt,bfs,null,2,success,,54,54,20,64687,1778,3178,0.424163125,UP UP UP UP DOWN RIGHT RIGHT UP UP UP UP LEFT UP UP RIGHT DOWN DOWN DOWN DOWN DOWN UP LEFT LEFT LEFT LEFT RIGHT RIGHT DOWN DOWN LEFT LEFT LEFT UP LEFT UP UP RIGHT DOWN RIGHT RIGHT RIGHT DOWN DOWN RIGHT RIGHT RIGHT RIGHT RIGHT DOWN RIGHT UP RIGHT UP LEFT,1000000,25.0,0
99,2026-08-23T15:30:37-03:00,levels/experiments/level_02.txt,astar,minimum_matching_manhattan,10,success,,78,78,17,30315,37,1015,0.252486042,LEFT RIGHT RIGHT LEFT UP UP LEFT LEFT DOWN LEFT DOWN DOWN RIGHT UP UP UP UP DOWN DOWN DOWN LEFT LEFT LEFT LEFT UP UP RIGHT UP RIGHT UP RIGHT RIGHT RIGHT LEFT DOWN DOWN RIGHT RIGHT UP UP UP DOWN DOWN DOWN RIGHT RIGHT DOWN RIGHT DOWN DOWN LEFT UP UP UP UP DOWN DOWN DOWN RIGHT RIGHT RIGHT RIGHT UP UP LEFT UP LEFT UP LEFT LEFT LEFT RIGHT DOWN DOWN LEFT LEFT UP UP,1000000,25.0,0
100,2026-08-23T15:30:37-03:00,levels/experiments/level_03.txt,dfs,null,7,success,,51,51,14,43449,19,103,0.273560708,UP RIGHT RIGHT LEFT LEFT DOWN RIGHT DOWN RIGHT RIGHT RIGHT UP UP LEFT LEFT LEFT DOWN LEFT LEFT DOWN RIGHT RIGHT UP UP UP LEFT DOWN RIGHT DOWN DOWN LEFT LEFT UP RIGHT UP RIGHT RIGHT RIGHT RIGHT DOWN DOWN LEFT UP RIGHT UP LEFT LEFT LEFT UP LEFT DOWN,1000000,25.0,0
101,2026-08-23T15:30:38-03:00,levels/experiments/level_04.txt,bfs,null,4,success,,54,54,20,64687,1778,3178,0.425142125,UP UP UP UP DOWN RIGHT RIGHT UP UP UP UP LEFT UP UP RIGHT DOWN DOWN DOWN DOWN DOWN UP LEFT LEFT LEFT LEFT RIGHT RIGHT DOWN DOWN LEFT LEFT LEFT UP LEFT UP UP RIGHT DOWN RIGHT RIGHT RIGHT DOWN DOWN RIGHT RIGHT RIGHT RIGHT RIGHT DOWN RIGHT UP RIGHT UP LEFT,1000000,25.0,0
102,2026-08-23T15:30:38-03:00,levels/experiments/level_04.txt,astar,minimum_matching_manhattan,8,success,,54,54,20,45814,2599,3114,0.418991458,UP UP UP UP DOWN RIGHT RIGHT UP UP UP UP LEFT UP UP RIGHT DOWN DOWN DOWN DOWN DOWN UP LEFT LEFT LEFT LEFT RIGHT RIGHT DOWN DOWN LEFT LEFT LEFT UP LEFT UP UP RIGHT DOWN RIGHT RIGHT RIGHT DOWN DOWN RIGHT RIGHT RIGHT RIGHT RIGHT DOWN RIGHT UP RIGHT UP LEFT,1000000,25.0,0
103,2026-08-23T15:30:39-03:00,levels/experiments/level_04.txt,bfs,null,8,success,,54,54,20,64687,1778,3178,0.425433083,UP UP UP UP DOWN RIGHT RIGHT UP UP UP UP LEFT UP UP RIGHT DOWN DOWN DOWN DOWN DOWN UP LEFT LEFT LEFT LEFT RIGHT RIGHT DOWN DOWN LEFT LEFT LEFT UP LEFT UP UP RIGHT DOWN RIGHT RIGHT RIGHT DOWN DOWN RIGHT RIGHT RIGHT RIGHT RIGHT DOWN RIGHT UP RIGHT UP LEFT,1000000,25.0,0
104,2026-08-23T15:30:39-03:00,levels/experiments/level_03.txt,dfs,null,6,success,,51,51,14,43449,19,103,0.279893959,UP RIGHT RIGHT LEFT LEFT DOWN RIGHT DOWN RIGHT RIGHT RIGHT UP UP LEFT LEFT LEFT DOWN LEFT LEFT DOWN RIGHT RIGHT UP UP UP LEFT DOWN RIGHT DOWN DOWN LEFT LEFT UP RIGHT UP RIGHT RIGHT RIGHT RIGHT DOWN DOWN LEFT UP RIGHT UP LEFT LEFT LEFT UP LEFT DOWN,1000000,25.0,0
105,2026-08-23T15:30:40-03:00,levels/experiments/level_04.txt,astar,minimum_matching_manhattan,10,success,,54,54,20,45814,2599,3114,0.410193042,UP UP UP UP DOWN RIGHT RIGHT UP UP UP UP LEFT UP UP RIGHT DOWN DOWN DOWN DOWN DOWN UP LEFT LEFT LEFT LEFT RIGHT RIGHT DOWN DOWN LEFT LEFT LEFT UP LEFT UP UP RIGHT DOWN RIGHT RIGHT RIGHT DOWN DOWN RIGHT RIGHT RIGHT RIGHT RIGHT DOWN RIGHT UP RIGHT UP LEFT,1000000,25.0,0
106,2026-08-23T15:30:42-03:00,levels/experiments/level_04.txt,astar,shortest_push_access,3,success,,54,54,20,50582,3791,4581,1.942171041,UP UP UP UP DOWN RIGHT RIGHT UP UP UP UP LEFT UP UP RIGHT DOWN DOWN DOWN DOWN DOWN UP LEFT LEFT LEFT LEFT RIGHT RIGHT DOWN DOWN LEFT LEFT LEFT UP LEFT UP UP RIGHT DOWN RIGHT RIGHT RIGHT DOWN DOWN RIGHT RIGHT RIGHT RIGHT RIGHT DOWN RIGHT UP RIGHT UP LEFT,1000000,25.0,0
107,2026-08-23T15:30:42-03:00,levels/experiments/level_04.txt,dfs,null,6,success,,2044,2044,386,70252,1123,1187,0.432644417,UP UP UP UP DOWN LEFT LEFT LEFT UP UP RIGHT RIGHT RIGHT DOWN DOWN RIGHT RIGHT UP UP UP UP DOWN DOWN DOWN DOWN LEFT LEFT UP UP RIGHT RIGHT UP UP LEFT UP UP RIGHT DOWN DOWN DOWN DOWN DOWN UP LEFT LEFT DOWN DOWN RIGHT RIGHT UP UP RIGHT LEFT DOWN DOWN RIGHT LEFT UP UP RIGHT RIGHT LEFT LEFT DOWN DOWN RIGHT RIGHT LEFT LEFT UP UP RIGHT RIGHT RIGHT DOWN RIGHT DOWN DOWN LEFT UP RIGHT UP RIGHT UP LEFT LEFT DOWN UP LEFT LEFT LEFT DOWN DOWN LEFT LEFT UP UP RIGHT LEFT DOWN DOWN RIGHT RIGHT UP UP UP UP DOWN DOWN DOWN DOWN RIGHT RIGHT RIGHT UP UP LEFT LEFT LEFT UP UP LEFT UP UP RIGHT DOWN DOWN DOWN DOWN DOWN UP LEFT LEFT DOWN DOWN RIGHT RIGHT UP UP RIGHT RIGHT RIGHT DOWN DOWN DOWN RIGHT UP UP DOWN LEFT LEFT LEFT LEFT UP UP LEFT LEFT DOWN DOWN RIGHT LEFT UP UP RIGHT RIGHT RIGHT RIGHT RIGHT DOWN DOWN RIGHT RIGHT UP UP LEFT DOWN DOWN LEFT LEFT LEFT LEFT UP UP RIGHT RIGHT RIGHT DOWN DOWN RIGHT RIGHT UP UP LEFT LEFT DOWN DOWN LEFT LEFT LEFT LEFT LEFT UP UP LEFT LEFT LEFT DOWN DOWN RIGHT RIGHT LEFT LEFT UP UP RIGHT RIGHT RIGHT DOWN DOWN UP UP RIGHT RIGHT DOWN DOWN RIGHT RIGHT RIGHT UP UP LEFT LEFT LEFT DOWN DOWN LEFT LEFT UP UP RIGHT LEFT DOWN DOWN DOWN UP UP UP RIGHT RIGHT DOWN DOWN LEFT LEFT DOWN DOWN UP UP UP UP RIGHT RIGHT DOWN DOWN RIGHT RIGHT RIGHT UP UP LEFT LEFT LEFT DOWN DOWN LEFT LEFT UP UP RIGHT LEFT DOWN DOWN RIGHT RIGHT UP UP UP UP DOWN DOWN DOWN DOWN LEFT LEFT DOWN DOWN LEFT DOWN DOWN RIGHT UP UP UP UP UP DOWN RIGHT RIGHT UP UP UP UP LEFT UP UP RIGHT DOWN DOWN DOWN DOWN DOWN UP LEFT LEFT DOWN DOWN LEFT LEFT LEFT UP UP RIGHT RIGHT LEFT LEFT DOWN DOWN RIGHT RIGHT RIGHT RIGHT RIGHT UP UP LEFT LEFT DOWN DOWN LEFT LEFT LEFT UP UP RIGHT RIGHT RIGHT DOWN DOWN RIGHT RIGHT UP UP RIGHT RIGHT RIGHT DOWN DOWN LEFT LEFT LEFT UP UP LEFT LEFT DOWN DOWN LEFT LEFT LEFT UP UP RIGHT RIGHT RIGHT RIGHT LEFT DOWN DOWN RIGHT RIGHT UP UP UP UP DOWN DOWN DOWN DOWN RIGHT LEFT UP UP UP UP LEFT UP UP RIGHT DOWN DOWN DOWN DOWN LEFT LEFT DOWN DOWN RIGHT RIGHT UP UP UP DOWN DOWN DOWN RIGHT RIGHT RIGHT UP UP RIGHT RIGHT DOWN DOWN LEFT DOWN LEFT UP UP DOWN LEFT LEFT LEFT UP UP UP UP DOWN DOWN DOWN DOWN RIGHT RIGHT RIGHT UP RIGHT UP LEFT DOWN DOWN LEFT LEFT LEFT UP UP UP UP LEFT UP UP RIGHT DOWN DOWN DOWN DOWN LEFT LEFT DOWN DOWN RIGHT RIGHT UP UP UP DOWN RIGHT RIGHT RIGHT DOWN DOWN LEFT LEFT LEFT UP UP UP UP LEFT UP UP RIGHT DOWN DOWN DOWN DOWN LEFT LEFT DOWN DOWN RIGHT RIGHT UP DOWN LEFT LEFT UP UP RIGHT RIGHT DOWN DOWN RIGHT RIGHT RIGHT UP UP LEFT LEFT LEFT DOWN DOWN RIGHT RIGHT RIGHT UP RIGHT RIGHT UP LEFT DOWN DOWN LEFT LEFT LEFT LEFT UP UP LEFT LEFT DOWN DOWN LEFT LEFT LEFT UP UP RIGHT RIGHT LEFT LEFT DOWN DOWN RIGHT RIGHT RIGHT RIGHT RIGHT RIGHT RIGHT RIGHT UP RIGHT UP LEFT DOWN DOWN LEFT LEFT LEFT UP UP LEFT LEFT DOWN DOWN RIGHT RIGHT UP UP RIGHT RIGHT LEFT LEFT DOWN DOWN RIGHT RIGHT RIGHT UP RIGHT UP LEFT LEFT LEFT LEFT DOWN DOWN LEFT LEFT UP UP LEFT LEFT RIGHT RIGHT DOWN DOWN LEFT LEFT LEFT UP LEFT UP UP RIGHT DOWN DOWN UP RIGHT RIGHT RIGHT RIGHT LEFT DOWN DOWN RIGHT RIGHT UP UP UP UP DOWN DOWN DOWN DOWN LEFT LEFT UP UP LEFT LEFT LEFT DOWN LEFT DOWN RIGHT UP UP RIGHT RIGHT RIGHT DOWN DOWN RIGHT RIGHT UP UP UP UP LEFT UP UP RIGHT DOWN DOWN DOWN DOWN DOWN UP LEFT LEFT DOWN DOWN LEFT LEFT RIGHT RIGHT UP UP LEFT LEFT LEFT DOWN LEFT DOWN RIGHT RIGHT LEFT UP UP RIGHT RIGHT RIGHT DOWN DOWN RIGHT RIGHT UP UP LEFT LEFT DOWN DOWN LEFT LEFT RIGHT RIGHT UP UP LEFT LEFT LEFT DOWN LEFT DOWN RIGHT UP UP RIGHT RIGHT RIGHT RIGHT RIGHT DOWN DOWN RIGHT LEFT UP UP LEFT LEFT DOWN DOWN LEFT LEFT RIGHT RIGHT UP UP LEFT LEFT LEFT DOWN LEFT DOWN RIGHT RIGHT LEFT UP UP RIGHT RIGHT RIGHT DOWN DOWN RIGHT RIGHT UP UP RIGHT RIGHT RIGHT DOWN DOWN LEFT LEFT LEFT UP UP LEFT LEFT DOWN DOWN LEFT LEFT RIGHT RIGHT UP UP LEFT LEFT LEFT DOWN LEFT DOWN RIGHT UP UP RIGHT RIGHT RIGHT RIGHT RIGHT DOWN DOWN LEFT RIGHT UP UP LEFT LEFT DOWN DOWN UP UP LEFT LEFT LEFT DOWN DOWN RIGHT LEFT UP UP RIGHT RIGHT RIGHT DOWN DOWN DOWN UP UP UP LEFT LEFT LEFT DOWN DOWN RIGHT RIGHT RIGHT DOWN DOWN UP UP UP UP RIGHT RIGHT DOWN DOWN LEFT LEFT LEFT LEFT RIGHT RIGHT DOWN DOWN LEFT DOWN DOWN RIGHT UP UP UP UP RIGHT RIGHT UP UP LEFT LEFT LEFT LEFT LEFT DOWN LEFT DOWN RIGHT RIGHT RIGHT RIGHT LEFT LEFT LEFT UP UP RIGHT RIGHT RIGHT DOWN DOWN RIGHT RIGHT UP UP LEFT LEFT DOWN DOWN DOWN UP UP UP RIGHT RIGHT DOWN DOWN RIGHT LEFT UP UP LEFT LEFT DOWN DOWN DOWN DOWN UP UP UP UP RIGHT RIGHT DOWN DOWN RIGHT RIGHT LEFT LEFT UP UP LEFT LEFT DOWN DOWN DOWN DOWN LEFT DOWN DOWN RIGHT UP UP UP UP UP DOWN RIGHT RIGHT UP UP RIGHT RIGHT RIGHT DOWN RIGHT DOWN DOWN LEFT UP LEFT LEFT LEFT UP UP LEFT LEFT DOWN DOWN LEFT LEFT LEFT UP UP RIGHT RIGHT RIGHT DOWN DOWN RIGHT RIGHT UP UP RIGHT RIGHT RIGHT DOWN UP RIGHT RIGHT DOWN DOWN LEFT LEFT UP UP LEFT LEFT LEFT LEFT LEFT DOWN DOWN RIGHT RIGHT UP UP RIGHT RIGHT RIGHT DOWN DOWN LEFT LEFT LEFT LEFT RIGHT UP UP LEFT LEFT DOWN DOWN UP UP LEFT LEFT RIGHT RIGHT DOWN DOWN DOWN UP LEFT LEFT LEFT UP LEFT UP UP RIGHT DOWN LEFT DOWN DOWN RIGHT RIGHT RIGHT RIGHT DOWN DOWN UP UP UP UP LEFT LEFT LEFT LEFT DOWN DOWN RIGHT UP LEFT UP RIGHT DOWN DOWN RIGHT RIGHT RIGHT DOWN DOWN LEFT DOWN DOWN RIGHT UP UP UP UP LEFT LEFT LEFT UP UP RIGHT LEFT DOWN DOWN RIGHT RIGHT RIGHT RIGHT RIGHT UP UP LEFT LEFT LEFT LEFT RIGHT RIGHT RIGHT RIGHT DOWN DOWN LEFT LEFT UP DOWN LEFT LEFT LEFT UP LEFT UP UP RIGHT DOWN DOWN LEFT DOWN RIGHT UP UP RIGHT RIGHT RIGHT LEFT LEFT LEFT DOWN DOWN RIGHT LEFT UP UP RIGHT RIGHT RIGHT RIGHT LEFT DOWN DOWN LEFT RIGHT UP UP LEFT LEFT LEFT DOWN DOWN RIGHT RIGHT LEFT LEFT UP UP RIGHT RIGHT RIGHT RIGHT RIGHT DOWN DOWN LEFT LEFT LEFT LEFT RIGHT RIGHT UP UP LEFT LEFT LEFT DOWN LEFT DOWN RIGHT UP UP RIGHT RIGHT RIGHT RIGHT RIGHT DOWN DOWN RIGHT RIGHT RIGHT UP UP LEFT LEFT RIGHT RIGHT DOWN DOWN LEFT LEFT LEFT UP UP UP DOWN DOWN DOWN LEFT LEFT UP UP LEFT LEFT LEFT DOWN DOWN RIGHT LEFT UP UP RIGHT RIGHT RIGHT DOWN DOWN RIGHT RIGHT UP UP UP UP LEFT UP UP RIGHT DOWN DOWN DOWN DOWN LEFT LEFT DOWN DOWN LEFT LEFT RIGHT RIGHT UP UP LEFT LEFT LEFT DOWN LEFT DOWN RIGHT RIGHT RIGHT LEFT LEFT UP UP RIGHT RIGHT RIGHT DOWN DOWN UP UP RIGHT RIGHT RIGHT RIGHT RIGHT DOWN DOWN LEFT LEFT LEFT UP UP UP UP DOWN DOWN DOWN DOWN LEFT LEFT DOWN UP UP UP RIGHT RIGHT UP UP LEFT UP UP RIGHT DOWN DOWN DOWN DOWN LEFT LEFT DOWN DOWN RIGHT RIGHT UP UP UP DOWN DOWN DOWN LEFT LEFT DOWN DOWN LEFT DOWN DOWN RIGHT UP UP UP UP UP DOWN RIGHT RIGHT UP UP LEFT LEFT DOWN DOWN RIGHT RIGHT UP UP UP UP DOWN DOWN DOWN DOWN LEFT LEFT UP UP LEFT LEFT RIGHT RIGHT DOWN DOWN LEFT LEFT LEFT UP LEFT UP UP RIGHT DOWN LEFT DOWN DOWN RIGHT RIGHT RIGHT RIGHT UP UP RIGHT RIGHT UP UP LEFT UP UP RIGHT DOWN DOWN DOWN DOWN DOWN UP LEFT LEFT DOWN DOWN LEFT LEFT LEFT UP DOWN RIGHT RIGHT RIGHT UP UP RIGHT RIGHT RIGHT RIGHT RIGHT DOWN DOWN LEFT LEFT LEFT UP UP LEFT LEFT DOWN DOWN LEFT LEFT LEFT UP LEFT UP UP RIGHT DOWN LEFT DOWN DOWN RIGHT RIGHT RIGHT RIGHT UP UP RIGHT RIGHT DOWN DOWN LEFT LEFT UP UP LEFT LEFT LEFT LEFT DOWN DOWN RIGHT UP DOWN RIGHT RIGHT LEFT LEFT UP LEFT UP RIGHT DOWN DOWN RIGHT RIGHT RIGHT RIGHT RIGHT RIGHT RIGHT LEFT LEFT UP UP LEFT LEFT DOWN DOWN LEFT LEFT LEFT UP UP RIGHT LEFT DOWN DOWN RIGHT RIGHT RIGHT UP UP RIGHT RIGHT DOWN DOWN RIGHT RIGHT RIGHT UP UP LEFT LEFT LEFT DOWN DOWN LEFT LEFT UP UP LEFT LEFT RIGHT RIGHT DOWN DOWN LEFT LEFT LEFT UP LEFT UP UP RIGHT DOWN DOWN UP RIGHT RIGHT RIGHT DOWN DOWN RIGHT RIGHT UP UP RIGHT RIGHT RIGHT DOWN DOWN DOWN RIGHT UP UP DOWN LEFT LEFT LEFT LEFT UP UP LEFT LEFT LEFT LEFT LEFT DOWN LEFT DOWN RIGHT UP UP RIGHT RIGHT RIGHT DOWN DOWN RIGHT RIGHT UP UP RIGHT RIGHT RIGHT DOWN DOWN RIGHT RIGHT UP UP LEFT DOWN DOWN LEFT LEFT LEFT LEFT UP UP LEFT LEFT DOWN DOWN LEFT LEFT RIGHT RIGHT UP UP LEFT LEFT LEFT DOWN LEFT DOWN RIGHT RIGHT LEFT UP UP RIGHT RIGHT RIGHT DOWN DOWN RIGHT RIGHT UP UP RIGHT RIGHT RIGHT DOWN DOWN RIGHT RIGHT UP UP LEFT LEFT LEFT LEFT RIGHT RIGHT DOWN DOWN LEFT LEFT LEFT UP UP DOWN DOWN LEFT LEFT UP UP LEFT LEFT LEFT DOWN DOWN RIGHT RIGHT RIGHT RIGHT RIGHT RIGHT RIGHT RIGHT UP UP RIGHT RIGHT DOWN DOWN LEFT DOWN LEFT UP LEFT LEFT LEFT UP UP UP UP LEFT UP UP RIGHT DOWN DOWN DOWN DOWN DOWN UP LEFT LEFT DOWN DOWN RIGHT RIGHT UP UP RIGHT RIGHT RIGHT DOWN UP LEFT LEFT LEFT DOWN DOWN RIGHT LEFT UP UP RIGHT RIGHT RIGHT DOWN RIGHT DOWN DOWN LEFT UP LEFT LEFT LEFT UP UP RIGHT RIGHT RIGHT DOWN UP LEFT LEFT LEFT DOWN DOWN LEFT LEFT UP UP LEFT LEFT LEFT DOWN DOWN RIGHT RIGHT LEFT LEFT UP UP RIGHT RIGHT RIGHT DOWN DOWN UP UP RIGHT RIGHT DOWN DOWN RIGHT RIGHT RIGHT UP UP LEFT LEFT LEFT DOWN DOWN LEFT LEFT DOWN UP UP UP RIGHT RIGHT DOWN DOWN RIGHT RIGHT RIGHT UP UP RIGHT RIGHT DOWN DOWN LEFT DOWN LEFT UP LEFT LEFT LEFT UP UP LEFT LEFT DOWN DOWN DOWN DOWN LEFT DOWN DOWN RIGHT UP UP UP UP LEFT LEFT LEFT UP UP RIGHT RIGHT RIGHT DOWN UP RIGHT RIGHT DOWN DOWN RIGHT RIGHT RIGHT RIGHT UP UP LEFT DOWN UP RIGHT RIGHT DOWN DOWN LEFT LEFT UP UP LEFT LEFT LEFT DOWN DOWN RIGHT RIGHT RIGHT UP UP LEFT LEFT LEFT DOWN DOWN LEFT LEFT UP UP LEFT LEFT LEFT DOWN DOWN RIGHT RIGHT RIGHT UP UP RIGHT RIGHT DOWN DOWN RIGHT RIGHT RIGHT DOWN RIGHT UP LEFT UP UP LEFT LEFT LEFT DOWN DOWN LEFT LEFT UP UP LEFT LEFT LEFT DOWN DOWN RIGHT RIGHT LEFT LEFT UP UP RIGHT RIGHT RIGHT DOWN DOWN DOWN DOWN LEFT DOWN DOWN RIGHT UP UP UP UP UP DOWN LEFT LEFT LEFT UP UP RIGHT RIGHT RIGHT DOWN DOWN RIGHT RIGHT UP UP LEFT LEFT LEFT LEFT RIGHT RIGHT DOWN DOWN LEFT LEFT LEFT UP LEFT UP UP RIGHT DOWN LEFT DOWN DOWN RIGHT RIGHT RIGHT RIGHT UP UP RIGHT RIGHT DOWN DOWN RIGHT RIGHT RIGHT UP UP RIGHT DOWN RIGHT DOWN LEFT UP UP LEFT LEFT LEFT LEFT DOWN DOWN LEFT LEFT UP UP LEFT LEFT LEFT LEFT DOWN DOWN RIGHT UP DOWN RIGHT RIGHT RIGHT UP UP RIGHT RIGHT DOWN DOWN RIGHT RIGHT RIGHT UP UP RIGHT RIGHT DOWN DOWN LEFT DOWN LEFT UP LEFT LEFT LEFT UP UP LEFT LEFT DOWN DOWN LEFT LEFT LEFT UP LEFT UP UP RIGHT DOWN,1000000,25.0,0
108,2026-08-23T15:30:42-03:00,levels/experiments/level_02.txt,greedy,minimum_matching_manhattan,7,success,,96,96,19,756,76,77,0.005934416,LEFT RIGHT UP UP RIGHT RIGHT DOWN DOWN LEFT RIGHT UP UP LEFT LEFT LEFT LEFT DOWN LEFT DOWN DOWN RIGHT UP UP UP UP DOWN DOWN DOWN LEFT LEFT LEFT LEFT UP UP RIGHT UP RIGHT UP RIGHT RIGHT RIGHT LEFT DOWN DOWN RIGHT RIGHT UP UP UP DOWN DOWN DOWN LEFT LEFT DOWN DOWN RIGHT RIGHT RIGHT LEFT UP UP RIGHT RIGHT DOWN RIGHT DOWN DOWN LEFT UP UP UP UP DOWN DOWN DOWN RIGHT RIGHT RIGHT RIGHT UP UP LEFT UP LEFT UP LEFT LEFT LEFT RIGHT DOWN DOWN LEFT LEFT UP UP,1000000,25.0,0
109,2026-08-23T15:30:43-03:00,levels/experiments/level_04.txt,bfs,null,6,success,,54,54,20,64687,1778,3178,0.423972916,UP UP UP UP DOWN RIGHT RIGHT UP UP UP UP LEFT UP UP RIGHT DOWN DOWN DOWN DOWN DOWN UP LEFT LEFT LEFT LEFT RIGHT RIGHT DOWN DOWN LEFT LEFT LEFT UP LEFT UP UP RIGHT DOWN RIGHT RIGHT RIGHT DOWN DOWN RIGHT RIGHT RIGHT RIGHT RIGHT DOWN RIGHT UP RIGHT UP LEFT,1000000,25.0,0
110,2026-08-23T15:30:44-03:00,levels/experiments/level_03.txt,astar,minimum_matching_manhattan,5,success,,43,43,10,43039,210,3515,1.022068417,RIGHT DOWN RIGHT RIGHT RIGHT UP UP LEFT LEFT RIGHT RIGHT DOWN DOWN LEFT LEFT LEFT UP LEFT LEFT DOWN RIGHT RIGHT UP LEFT UP UP RIGHT DOWN RIGHT RIGHT RIGHT DOWN DOWN LEFT UP RIGHT UP LEFT LEFT LEFT UP LEFT DOWN,1000000,25.0,0
111,2026-08-23T15:30:44-03:00,levels/experiments/level_02.txt,astar,minimum_matching_manhattan,3,success,,78,78,17,30315,37,1015,0.24867725,LEFT RIGHT RIGHT LEFT UP UP LEFT LEFT DOWN LEFT DOWN DOWN RIGHT UP UP UP UP DOWN DOWN DOWN LEFT LEFT LEFT LEFT UP UP RIGHT UP RIGHT UP RIGHT RIGHT RIGHT LEFT DOWN DOWN RIGHT RIGHT UP UP UP DOWN DOWN DOWN RIGHT RIGHT DOWN RIGHT DOWN DOWN LEFT UP UP UP UP DOWN DOWN DOWN RIGHT RIGHT RIGHT RIGHT UP UP LEFT UP LEFT UP LEFT LEFT LEFT RIGHT DOWN DOWN LEFT LEFT UP UP,1000000,25.0,0
112,2026-08-23T15:30:45-03:00,levels/experiments/level_03.txt,astar,shortest_push_access,6,success,,43,43,10,41018,844,4055,1.029915333,RIGHT DOWN RIGHT RIGHT RIGHT UP UP LEFT LEFT RIGHT RIGHT DOWN DOWN LEFT LEFT LEFT UP LEFT LEFT DOWN RIGHT RIGHT UP LEFT UP UP RIGHT DOWN RIGHT RIGHT RIGHT DOWN DOWN LEFT UP RIGHT UP LEFT LEFT LEFT UP LEFT DOWN,1000000,25.0,0
113,2026-08-23T15:30:45-03:00,levels/experiments/level_04.txt,greedy,minimum_matching_manhattan,7,success,,64,64,18,867,136,144,0.007231125,UP UP UP UP DOWN RIGHT RIGHT UP UP LEFT LEFT LEFT LEFT RIGHT RIGHT DOWN DOWN LEFT LEFT LEFT UP LEFT UP UP RIGHT DOWN RIGHT RIGHT RIGHT RIGHT RIGHT UP UP LEFT UP UP RIGHT DOWN DOWN DOWN DOWN DOWN UP LEFT LEFT DOWN DOWN RIGHT RIGHT RIGHT RIGHT LEFT LEFT UP UP RIGHT RIGHT RIGHT DOWN RIGHT DOWN DOWN LEFT UP,1000000,25.0,0
114,2026-08-23T15:30:46-03:00,levels/experiments/level_04.txt,greedy,shortest_push_access,1,success,,96,96,40,5744,3064,3065,0.173324542,UP UP UP RIGHT RIGHT UP UP UP UP LEFT UP UP RIGHT DOWN DOWN DOWN DOWN LEFT LEFT DOWN DOWN RIGHT RIGHT UP DOWN LEFT LEFT UP UP RIGHT RIGHT RIGHT RIGHT RIGHT DOWN RIGHT RIGHT UP LEFT LEFT LEFT LEFT LEFT LEFT LEFT LEFT LEFT RIGHT RIGHT DOWN DOWN DOWN DOWN LEFT DOWN DOWN RIGHT UP UP UP UP LEFT LEFT LEFT UP LEFT UP UP RIGHT DOWN RIGHT RIGHT RIGHT DOWN UP LEFT LEFT LEFT LEFT DOWN DOWN RIGHT RIGHT RIGHT RIGHT RIGHT RIGHT RIGHT RIGHT RIGHT DOWN RIGHT UP RIGHT UP LEFT,1000000,25.0,0
115,2026-08-23T15:30:46-03:00,levels/experiments/level_04.txt,astar,minimum_matching_manhattan,3,success,,54,54,20,45814,2599,3114,0.4110295,UP UP UP UP DOWN RIGHT RIGHT UP UP UP UP LEFT UP UP RIGHT DOWN DOWN DOWN DOWN DOWN UP LEFT LEFT LEFT LEFT RIGHT RIGHT DOWN DOWN LEFT LEFT LEFT UP LEFT UP UP RIGHT DOWN RIGHT RIGHT RIGHT DOWN DOWN RIGHT RIGHT RIGHT RIGHT RIGHT DOWN RIGHT UP RIGHT UP LEFT,1000000,25.0,0
116,2026-08-23T15:30:46-03:00,levels/experiments/level_03.txt,dfs,null,1,success,,51,51,14,43449,19,103,0.282688208,UP RIGHT RIGHT LEFT LEFT DOWN RIGHT DOWN RIGHT RIGHT RIGHT UP UP LEFT LEFT LEFT DOWN LEFT LEFT DOWN RIGHT RIGHT UP UP UP LEFT DOWN RIGHT DOWN DOWN LEFT LEFT UP RIGHT UP RIGHT RIGHT RIGHT RIGHT DOWN DOWN LEFT UP RIGHT UP LEFT LEFT LEFT UP LEFT DOWN,1000000,25.0,0
117,2026-08-23T15:30:47-03:00,levels/experiments/level_02.txt,greedy,shortest_push_access,9,success,,126,126,29,22399,1621,2979,0.789252125,LEFT RIGHT UP UP LEFT LEFT DOWN LEFT DOWN DOWN RIGHT UP RIGHT RIGHT RIGHT LEFT LEFT LEFT UP UP RIGHT RIGHT RIGHT RIGHT DOWN RIGHT DOWN LEFT LEFT LEFT LEFT RIGHT UP UP LEFT LEFT DOWN LEFT DOWN DOWN RIGHT UP RIGHT RIGHT UP UP LEFT LEFT UP DOWN RIGHT RIGHT UP UP LEFT LEFT DOWN DOWN DOWN LEFT DOWN LEFT LEFT LEFT UP UP RIGHT UP RIGHT UP RIGHT RIGHT RIGHT LEFT DOWN DOWN DOWN LEFT DOWN DOWN RIGHT UP UP UP UP DOWN RIGHT RIGHT UP UP LEFT LEFT DOWN DOWN DOWN DOWN LEFT LEFT LEFT LEFT UP UP RIGHT UP RIGHT UP RIGHT RIGHT RIGHT RIGHT UP DOWN DOWN DOWN RIGHT RIGHT UP UP LEFT RIGHT DOWN DOWN LEFT LEFT UP UP,1000000,25.0,0
118,2026-08-23T15:30:47-03:00,levels/experiments/level_02.txt,dfs,null,4,success,,174,174,27,2101,94,95,0.012712125,LEFT LEFT UP UP UP UP LEFT LEFT DOWN LEFT DOWN LEFT DOWN DOWN RIGHT RIGHT RIGHT UP RIGHT UP UP UP RIGHT RIGHT DOWN DOWN RIGHT RIGHT UP UP RIGHT RIGHT DOWN RIGHT DOWN RIGHT DOWN DOWN LEFT LEFT LEFT LEFT LEFT LEFT UP UP UP UP LEFT LEFT DOWN DOWN DOWN LEFT DOWN DOWN RIGHT UP UP UP UP DOWN DOWN DOWN LEFT LEFT LEFT LEFT UP UP RIGHT UP RIGHT UP RIGHT RIGHT DOWN DOWN DOWN DOWN RIGHT LEFT UP UP UP UP RIGHT LEFT DOWN DOWN DOWN DOWN RIGHT RIGHT UP UP UP UP UP DOWN DOWN DOWN DOWN DOWN RIGHT LEFT UP UP UP UP RIGHT RIGHT DOWN DOWN DOWN RIGHT DOWN DOWN LEFT UP UP UP UP DOWN DOWN DOWN LEFT LEFT UP UP UP UP RIGHT RIGHT DOWN DOWN DOWN DOWN RIGHT RIGHT RIGHT RIGHT UP UP LEFT UP LEFT UP LEFT LEFT LEFT LEFT DOWN DOWN DOWN DOWN LEFT LEFT UP UP UP UP RIGHT LEFT DOWN DOWN DOWN DOWN RIGHT RIGHT UP UP UP UP,1000000,25.0,0
119,2026-08-23T15:30:47-03:00,levels/experiments/level_04.txt,greedy,shortest_push_access,3,success,,96,96,40,5744,3064,3065,0.173195,UP UP UP RIGHT RIGHT UP UP UP UP LEFT UP UP RIGHT DOWN DOWN DOWN DOWN LEFT LEFT DOWN DOWN RIGHT RIGHT UP DOWN LEFT LEFT UP UP RIGHT RIGHT RIGHT RIGHT RIGHT DOWN RIGHT RIGHT UP LEFT LEFT LEFT LEFT LEFT LEFT LEFT LEFT LEFT RIGHT RIGHT DOWN DOWN DOWN DOWN LEFT DOWN DOWN RIGHT UP UP UP UP LEFT LEFT LEFT UP LEFT UP UP RIGHT DOWN RIGHT RIGHT RIGHT DOWN UP LEFT LEFT LEFT LEFT DOWN DOWN RIGHT RIGHT RIGHT RIGHT RIGHT RIGHT RIGHT RIGHT RIGHT DOWN RIGHT UP RIGHT UP LEFT,1000000,25.0,0
120,2026-08-23T15:30:48-03:00,levels/experiments/level_03.txt,bfs,null,6,success,,43,43,10,43709,71,2898,0.296410667,RIGHT DOWN RIGHT RIGHT RIGHT UP UP LEFT LEFT RIGHT RIGHT DOWN DOWN LEFT LEFT LEFT UP LEFT LEFT DOWN RIGHT RIGHT UP LEFT UP UP RIGHT DOWN RIGHT RIGHT RIGHT DOWN DOWN LEFT UP RIGHT UP LEFT LEFT LEFT UP LEFT DOWN,1000000,25.0,0
121,2026-08-23T15:30:49-03:00,levels/experiments/level_03.txt,astar,shortest_push_access,3,success,,43,43,10,41018,844,4055,1.016685209,RIGHT DOWN RIGHT RIGHT RIGHT UP UP LEFT LEFT RIGHT RIGHT DOWN DOWN LEFT LEFT LEFT UP LEFT LEFT DOWN RIGHT RIGHT UP LEFT UP UP RIGHT DOWN RIGHT RIGHT RIGHT DOWN DOWN LEFT UP RIGHT UP LEFT LEFT LEFT UP LEFT DOWN,1000000,25.0,0
122,2026-08-23T15:30:49-03:00,levels/experiments/level_02.txt,astar,minimum_matching_manhattan,1,success,,78,78,17,30315,37,1015,0.251155666,LEFT RIGHT RIGHT LEFT UP UP LEFT LEFT DOWN LEFT DOWN DOWN RIGHT UP UP UP UP DOWN DOWN DOWN LEFT LEFT LEFT LEFT UP UP RIGHT UP RIGHT UP RIGHT RIGHT RIGHT LEFT DOWN DOWN RIGHT RIGHT UP UP UP DOWN DOWN DOWN RIGHT RIGHT DOWN RIGHT DOWN DOWN LEFT UP UP UP UP DOWN DOWN DOWN RIGHT RIGHT RIGHT RIGHT UP UP LEFT UP LEFT UP LEFT LEFT LEFT RIGHT DOWN DOWN LEFT LEFT UP UP,1000000,25.0,0
123,2026-08-23T15:30:51-03:00,levels/experiments/level_04.txt,astar,shortest_push_access,8,success,,54,54,20,50582,3791,4581,2.005407959,UP UP UP UP DOWN RIGHT RIGHT UP UP UP UP LEFT UP UP RIGHT DOWN DOWN DOWN DOWN DOWN UP LEFT LEFT LEFT LEFT RIGHT RIGHT DOWN DOWN LEFT LEFT LEFT UP LEFT UP UP RIGHT DOWN RIGHT RIGHT RIGHT DOWN DOWN RIGHT RIGHT RIGHT RIGHT RIGHT DOWN RIGHT UP RIGHT UP LEFT,1000000,25.0,0
124,2026-08-23T15:30:51-03:00,levels/experiments/level_02.txt,dfs,null,2,success,,174,174,27,2101,94,95,0.012459,LEFT LEFT UP UP UP UP LEFT LEFT DOWN LEFT DOWN LEFT DOWN DOWN RIGHT RIGHT RIGHT UP RIGHT UP UP UP RIGHT RIGHT DOWN DOWN RIGHT RIGHT UP UP RIGHT RIGHT DOWN RIGHT DOWN RIGHT DOWN DOWN LEFT LEFT LEFT LEFT LEFT LEFT UP UP UP UP LEFT LEFT DOWN DOWN DOWN LEFT DOWN DOWN RIGHT UP UP UP UP DOWN DOWN DOWN LEFT LEFT LEFT LEFT UP UP RIGHT UP RIGHT UP RIGHT RIGHT DOWN DOWN DOWN DOWN RIGHT LEFT UP UP UP UP RIGHT LEFT DOWN DOWN DOWN DOWN RIGHT RIGHT UP UP UP UP UP DOWN DOWN DOWN DOWN DOWN RIGHT LEFT UP UP UP UP RIGHT RIGHT DOWN DOWN DOWN RIGHT DOWN DOWN LEFT UP UP UP UP DOWN DOWN DOWN LEFT LEFT UP UP UP UP RIGHT RIGHT DOWN DOWN DOWN DOWN RIGHT RIGHT RIGHT RIGHT UP UP LEFT UP LEFT UP LEFT LEFT LEFT LEFT DOWN DOWN DOWN DOWN LEFT LEFT UP UP UP UP RIGHT LEFT DOWN DOWN DOWN DOWN RIGHT RIGHT UP UP UP UP,1000000,25.0,0
125,2026-08-23T15:30:52-03:00,levels/experiments/level_02.txt,astar,shortest_push_access,8,success,,78,78,17,26823,190,1199,1.01229175,LEFT RIGHT RIGHT LEFT UP UP LEFT LEFT DOWN LEFT DOWN DOWN RIGHT UP UP UP UP DOWN DOWN DOWN LEFT LEFT LEFT LEFT UP UP RIGHT UP RIGHT UP RIGHT RIGHT RIGHT LEFT DOWN DOWN RIGHT RIGHT UP UP UP DOWN DOWN DOWN RIGHT RIGHT DOWN RIGHT DOWN DOWN LEFT UP UP UP UP DOWN DOWN DOWN RIGHT RIGHT RIGHT RIGHT UP UP LEFT UP LEFT UP LEFT LEFT LEFT RIGHT DOWN DOWN LEFT LEFT UP UP,1000000,25.0,0
126,2026-08-23T15:30:53-03:00,levels/experiments/level_03.txt,bfs,null,10,success,,43,43,10,43709,71,2898,0.302199416,RIGHT DOWN RIGHT RIGHT RIGHT UP UP LEFT LEFT RIGHT RIGHT DOWN DOWN LEFT LEFT LEFT UP LEFT LEFT DOWN RIGHT RIGHT UP LEFT UP UP RIGHT DOWN RIGHT RIGHT RIGHT DOWN DOWN LEFT UP RIGHT UP LEFT LEFT LEFT UP LEFT DOWN,1000000,25.0,0
127,2026-08-23T15:30:53-03:00,levels/experiments/level_04.txt,dfs,null,8,success,,2044,2044,386,70252,1123,1187,0.438457959,UP UP UP UP DOWN LEFT LEFT LEFT UP UP RIGHT RIGHT RIGHT DOWN DOWN RIGHT RIGHT UP UP UP UP DOWN DOWN DOWN DOWN LEFT LEFT UP UP RIGHT RIGHT UP UP LEFT UP UP RIGHT DOWN DOWN DOWN DOWN DOWN UP LEFT LEFT DOWN DOWN RIGHT RIGHT UP UP RIGHT LEFT DOWN DOWN RIGHT LEFT UP UP RIGHT RIGHT LEFT LEFT DOWN DOWN RIGHT RIGHT LEFT LEFT UP UP RIGHT RIGHT RIGHT DOWN RIGHT DOWN DOWN LEFT UP RIGHT UP RIGHT UP LEFT LEFT DOWN UP LEFT LEFT LEFT DOWN DOWN LEFT LEFT UP UP RIGHT LEFT DOWN DOWN RIGHT RIGHT UP UP UP UP DOWN DOWN DOWN DOWN RIGHT RIGHT RIGHT UP UP LEFT LEFT LEFT UP UP LEFT UP UP RIGHT DOWN DOWN DOWN DOWN DOWN UP LEFT LEFT DOWN DOWN RIGHT RIGHT UP UP RIGHT RIGHT RIGHT DOWN DOWN DOWN RIGHT UP UP DOWN LEFT LEFT LEFT LEFT UP UP LEFT LEFT DOWN DOWN RIGHT LEFT UP UP RIGHT RIGHT RIGHT RIGHT RIGHT DOWN DOWN RIGHT RIGHT UP UP LEFT DOWN DOWN LEFT LEFT LEFT LEFT UP UP RIGHT RIGHT RIGHT DOWN DOWN RIGHT RIGHT UP UP LEFT LEFT DOWN DOWN LEFT LEFT LEFT LEFT LEFT UP UP LEFT LEFT LEFT DOWN DOWN RIGHT RIGHT LEFT LEFT UP UP RIGHT RIGHT RIGHT DOWN DOWN UP UP RIGHT RIGHT DOWN DOWN RIGHT RIGHT RIGHT UP UP LEFT LEFT LEFT DOWN DOWN LEFT LEFT UP UP RIGHT LEFT DOWN DOWN DOWN UP UP UP RIGHT RIGHT DOWN DOWN LEFT LEFT DOWN DOWN UP UP UP UP RIGHT RIGHT DOWN DOWN RIGHT RIGHT RIGHT UP UP LEFT LEFT LEFT DOWN DOWN LEFT LEFT UP UP RIGHT LEFT DOWN DOWN RIGHT RIGHT UP UP UP UP DOWN DOWN DOWN DOWN LEFT LEFT DOWN DOWN LEFT DOWN DOWN RIGHT UP UP UP UP UP DOWN RIGHT RIGHT UP UP UP UP LEFT UP UP RIGHT DOWN DOWN DOWN DOWN DOWN UP LEFT LEFT DOWN DOWN LEFT LEFT LEFT UP UP RIGHT RIGHT LEFT LEFT DOWN DOWN RIGHT RIGHT RIGHT RIGHT RIGHT UP UP LEFT LEFT DOWN DOWN LEFT LEFT LEFT UP UP RIGHT RIGHT RIGHT DOWN DOWN RIGHT RIGHT UP UP RIGHT RIGHT RIGHT DOWN DOWN LEFT LEFT LEFT UP UP LEFT LEFT DOWN DOWN LEFT LEFT LEFT UP UP RIGHT RIGHT RIGHT RIGHT LEFT DOWN DOWN RIGHT RIGHT UP UP UP UP DOWN DOWN DOWN DOWN RIGHT LEFT UP UP UP UP LEFT UP UP RIGHT DOWN DOWN DOWN DOWN LEFT LEFT DOWN DOWN RIGHT RIGHT UP UP UP DOWN DOWN DOWN RIGHT RIGHT RIGHT UP UP RIGHT RIGHT DOWN DOWN LEFT DOWN LEFT UP UP DOWN LEFT LEFT LEFT UP UP UP UP DOWN DOWN DOWN DOWN RIGHT RIGHT RIGHT UP RIGHT UP LEFT DOWN DOWN LEFT LEFT LEFT UP UP UP UP LEFT UP UP RIGHT DOWN DOWN DOWN DOWN LEFT LEFT DOWN DOWN RIGHT RIGHT UP UP UP DOWN RIGHT RIGHT RIGHT DOWN DOWN LEFT LEFT LEFT UP UP UP UP LEFT UP UP RIGHT DOWN DOWN DOWN DOWN LEFT LEFT DOWN DOWN RIGHT RIGHT UP DOWN LEFT LEFT UP UP RIGHT RIGHT DOWN DOWN RIGHT RIGHT RIGHT UP UP LEFT LEFT LEFT DOWN DOWN RIGHT RIGHT RIGHT UP RIGHT RIGHT UP LEFT DOWN DOWN LEFT LEFT LEFT LEFT UP UP LEFT LEFT DOWN DOWN LEFT LEFT LEFT UP UP RIGHT RIGHT LEFT LEFT DOWN DOWN RIGHT RIGHT RIGHT RIGHT RIGHT RIGHT RIGHT RIGHT UP RIGHT UP LEFT DOWN DOWN LEFT LEFT LEFT UP UP LEFT LEFT DOWN DOWN RIGHT RIGHT UP UP RIGHT RIGHT LEFT LEFT DOWN DOWN RIGHT RIGHT RIGHT UP RIGHT UP LEFT LEFT LEFT LEFT DOWN DOWN LEFT LEFT UP UP LEFT LEFT RIGHT RIGHT DOWN DOWN LEFT LEFT LEFT UP LEFT UP UP RIGHT DOWN DOWN UP RIGHT RIGHT RIGHT RIGHT LEFT DOWN DOWN RIGHT RIGHT UP UP UP UP DOWN DOWN DOWN DOWN LEFT LEFT UP UP LEFT LEFT LEFT DOWN LEFT DOWN RIGHT UP UP RIGHT RIGHT RIGHT DOWN DOWN RIGHT RIGHT UP UP UP UP LEFT UP UP RIGHT DOWN DOWN DOWN DOWN DOWN UP LEFT LEFT DOWN DOWN LEFT LEFT RIGHT RIGHT UP UP LEFT LEFT LEFT DOWN LEFT DOWN RIGHT RIGHT LEFT UP UP RIGHT RIGHT RIGHT DOWN DOWN RIGHT RIGHT UP UP LEFT LEFT DOWN DOWN LEFT LEFT RIGHT RIGHT UP UP LEFT LEFT LEFT DOWN LEFT DOWN RIGHT UP UP RIGHT RIGHT RIGHT RIGHT RIGHT DOWN DOWN RIGHT LEFT UP UP LEFT LEFT DOWN DOWN LEFT LEFT RIGHT RIGHT UP UP LEFT LEFT LEFT DOWN LEFT DOWN RIGHT RIGHT LEFT UP UP RIGHT RIGHT RIGHT DOWN DOWN RIGHT RIGHT UP UP RIGHT RIGHT RIGHT DOWN DOWN LEFT LEFT LEFT UP UP LEFT LEFT DOWN DOWN LEFT LEFT RIGHT RIGHT UP UP LEFT LEFT LEFT DOWN LEFT DOWN RIGHT UP UP RIGHT RIGHT RIGHT RIGHT RIGHT DOWN DOWN LEFT RIGHT UP UP LEFT LEFT DOWN DOWN UP UP LEFT LEFT LEFT DOWN DOWN RIGHT LEFT UP UP RIGHT RIGHT RIGHT DOWN DOWN DOWN UP UP UP LEFT LEFT LEFT DOWN DOWN RIGHT RIGHT RIGHT DOWN DOWN UP UP UP UP RIGHT RIGHT DOWN DOWN LEFT LEFT LEFT LEFT RIGHT RIGHT DOWN DOWN LEFT DOWN DOWN RIGHT UP UP UP UP RIGHT RIGHT UP UP LEFT LEFT LEFT LEFT LEFT DOWN LEFT DOWN RIGHT RIGHT RIGHT RIGHT LEFT LEFT LEFT UP UP RIGHT RIGHT RIGHT DOWN DOWN RIGHT RIGHT UP UP LEFT LEFT DOWN DOWN DOWN UP UP UP RIGHT RIGHT DOWN DOWN RIGHT LEFT UP UP LEFT LEFT DOWN DOWN DOWN DOWN UP UP UP UP RIGHT RIGHT DOWN DOWN RIGHT RIGHT LEFT LEFT UP UP LEFT LEFT DOWN DOWN DOWN DOWN LEFT DOWN DOWN RIGHT UP UP UP UP UP DOWN RIGHT RIGHT UP UP RIGHT RIGHT RIGHT DOWN RIGHT DOWN DOWN LEFT UP LEFT LEFT LEFT UP UP LEFT LEFT DOWN DOWN LEFT LEFT LEFT UP UP RIGHT RIGHT RIGHT DOWN DOWN RIGHT RIGHT UP UP RIGHT RIGHT RIGHT DOWN UP RIGHT RIGHT DOWN DOWN LEFT LEFT UP UP LEFT LEFT LEFT LEFT LEFT DOWN DOWN RIGHT RIGHT UP UP RIGHT RIGHT RIGHT DOWN DOWN LEFT LEFT LEFT LEFT RIGHT UP UP LEFT LEFT DOWN DOWN UP UP LEFT LEFT RIGHT RIGHT DOWN DOWN DOWN UP LEFT LEFT LEFT UP LEFT UP UP RIGHT DOWN LEFT DOWN DOWN RIGHT RIGHT RIGHT RIGHT DOWN DOWN UP UP UP UP LEFT LEFT LEFT LEFT DOWN DOWN RIGHT UP LEFT UP RIGHT DOWN DOWN RIGHT RIGHT RIGHT DOWN DOWN LEFT DOWN DOWN RIGHT UP UP UP UP LEFT LEFT LEFT UP UP RIGHT LEFT DOWN DOWN RIGHT RIGHT RIGHT RIGHT RIGHT UP UP LEFT LEFT LEFT LEFT RIGHT RIGHT RIGHT RIGHT DOWN DOWN LEFT LEFT UP DOWN LEFT LEFT LEFT UP LEFT UP UP RIGHT DOWN DOWN LEFT DOWN RIGHT UP UP RIGHT RIGHT RIGHT LEFT LEFT LEFT DOWN DOWN RIGHT LEFT UP UP RIGHT RIGHT RIGHT RIGHT LEFT DOWN DOWN LEFT RIGHT UP UP LEFT LEFT LEFT DOWN DOWN RIGHT RIGHT LEFT LEFT UP UP RIGHT RIGHT RIGHT RIGHT RIGHT DOWN DOWN LEFT LEFT LEFT LEFT RIGHT RIGHT UP UP LEFT LEFT LEFT DOWN LEFT DOWN RIGHT UP UP RIGHT RIGHT RIGHT RIGHT RIGHT DOWN DOWN RIGHT RIGHT RIGHT UP UP LEFT LEFT RIGHT RIGHT DOWN DOWN LEFT LEFT LEFT UP UP UP DOWN DOWN DOWN LEFT LEFT UP UP LEFT LEFT LEFT DOWN DOWN RIGHT LEFT UP UP RIGHT RIGHT RIGHT DOWN DOWN RIGHT RIGHT UP UP UP UP LEFT UP UP RIGHT DOWN DOWN DOWN DOWN LEFT LEFT DOWN DOWN LEFT LEFT RIGHT RIGHT UP UP LEFT LEFT LEFT DOWN LEFT DOWN RIGHT RIGHT RIGHT LEFT LEFT UP UP RIGHT RIGHT RIGHT DOWN DOWN UP UP RIGHT RIGHT RIGHT RIGHT RIGHT DOWN DOWN LEFT LEFT LEFT UP UP UP UP DOWN DOWN DOWN DOWN LEFT LEFT DOWN UP UP UP RIGHT RIGHT UP UP LEFT UP UP RIGHT DOWN DOWN DOWN DOWN LEFT LEFT DOWN DOWN RIGHT RIGHT UP UP UP DOWN DOWN DOWN LEFT LEFT DOWN DOWN LEFT DOWN DOWN RIGHT UP UP UP UP UP DOWN RIGHT RIGHT UP UP LEFT LEFT DOWN DOWN RIGHT RIGHT UP UP UP UP DOWN DOWN DOWN DOWN LEFT LEFT UP UP LEFT LEFT RIGHT RIGHT DOWN DOWN LEFT LEFT LEFT UP LEFT UP UP RIGHT DOWN LEFT DOWN DOWN RIGHT RIGHT RIGHT RIGHT UP UP RIGHT RIGHT UP UP LEFT UP UP RIGHT DOWN DOWN DOWN DOWN DOWN UP LEFT LEFT DOWN DOWN LEFT LEFT LEFT UP DOWN RIGHT RIGHT RIGHT UP UP RIGHT RIGHT RIGHT RIGHT RIGHT DOWN DOWN LEFT LEFT LEFT UP UP LEFT LEFT DOWN DOWN LEFT LEFT LEFT UP LEFT UP UP RIGHT DOWN LEFT DOWN DOWN RIGHT RIGHT RIGHT RIGHT UP UP RIGHT RIGHT DOWN DOWN LEFT LEFT UP UP LEFT LEFT LEFT LEFT DOWN DOWN RIGHT UP DOWN RIGHT RIGHT LEFT LEFT UP LEFT UP RIGHT DOWN DOWN RIGHT RIGHT RIGHT RIGHT RIGHT RIGHT RIGHT LEFT LEFT UP UP LEFT LEFT DOWN DOWN LEFT LEFT LEFT UP UP RIGHT LEFT DOWN DOWN RIGHT RIGHT RIGHT UP UP RIGHT RIGHT DOWN DOWN RIGHT RIGHT RIGHT UP UP LEFT LEFT LEFT DOWN DOWN LEFT LEFT UP UP LEFT LEFT RIGHT RIGHT DOWN DOWN LEFT LEFT LEFT UP LEFT UP UP RIGHT DOWN DOWN UP RIGHT RIGHT RIGHT DOWN DOWN RIGHT RIGHT UP UP RIGHT RIGHT RIGHT DOWN DOWN DOWN RIGHT UP UP DOWN LEFT LEFT LEFT LEFT UP UP LEFT LEFT LEFT LEFT LEFT DOWN LEFT DOWN RIGHT UP UP RIGHT RIGHT RIGHT DOWN DOWN RIGHT RIGHT UP UP RIGHT RIGHT RIGHT DOWN DOWN RIGHT RIGHT UP UP LEFT DOWN DOWN LEFT LEFT LEFT LEFT UP UP LEFT LEFT DOWN DOWN LEFT LEFT RIGHT RIGHT UP UP LEFT LEFT LEFT DOWN LEFT DOWN RIGHT RIGHT LEFT UP UP RIGHT RIGHT RIGHT DOWN DOWN RIGHT RIGHT UP UP RIGHT RIGHT RIGHT DOWN DOWN RIGHT RIGHT UP UP LEFT LEFT LEFT LEFT RIGHT RIGHT DOWN DOWN LEFT LEFT LEFT UP UP DOWN DOWN LEFT LEFT UP UP LEFT LEFT LEFT DOWN DOWN RIGHT RIGHT RIGHT RIGHT RIGHT RIGHT RIGHT RIGHT UP UP RIGHT RIGHT DOWN DOWN LEFT DOWN LEFT UP LEFT LEFT LEFT UP UP UP UP LEFT UP UP RIGHT DOWN DOWN DOWN DOWN DOWN UP LEFT LEFT DOWN DOWN RIGHT RIGHT UP UP RIGHT RIGHT RIGHT DOWN UP LEFT LEFT LEFT DOWN DOWN RIGHT LEFT UP UP RIGHT RIGHT RIGHT DOWN RIGHT DOWN DOWN LEFT UP LEFT LEFT LEFT UP UP RIGHT RIGHT RIGHT DOWN UP LEFT LEFT LEFT DOWN DOWN LEFT LEFT UP UP LEFT LEFT LEFT DOWN DOWN RIGHT RIGHT LEFT LEFT UP UP RIGHT RIGHT RIGHT DOWN DOWN UP UP RIGHT RIGHT DOWN DOWN RIGHT RIGHT RIGHT UP UP LEFT LEFT LEFT DOWN DOWN LEFT LEFT DOWN UP UP UP RIGHT RIGHT DOWN DOWN RIGHT RIGHT RIGHT UP UP RIGHT RIGHT DOWN DOWN LEFT DOWN LEFT UP LEFT LEFT LEFT UP UP LEFT LEFT DOWN DOWN DOWN DOWN LEFT DOWN DOWN RIGHT UP UP UP UP LEFT LEFT LEFT UP UP RIGHT RIGHT RIGHT DOWN UP RIGHT RIGHT DOWN DOWN RIGHT RIGHT RIGHT RIGHT UP UP LEFT DOWN UP RIGHT RIGHT DOWN DOWN LEFT LEFT UP UP LEFT LEFT LEFT DOWN DOWN RIGHT RIGHT RIGHT UP UP LEFT LEFT LEFT DOWN DOWN LEFT LEFT UP UP LEFT LEFT LEFT DOWN DOWN RIGHT RIGHT RIGHT UP UP RIGHT RIGHT DOWN DOWN RIGHT RIGHT RIGHT DOWN RIGHT UP LEFT UP UP LEFT LEFT LEFT DOWN DOWN LEFT LEFT UP UP LEFT LEFT LEFT DOWN DOWN RIGHT RIGHT LEFT LEFT UP UP RIGHT RIGHT RIGHT DOWN DOWN DOWN DOWN LEFT DOWN DOWN RIGHT UP UP UP UP UP DOWN LEFT LEFT LEFT UP UP RIGHT RIGHT RIGHT DOWN DOWN RIGHT RIGHT UP UP LEFT LEFT LEFT LEFT RIGHT RIGHT DOWN DOWN LEFT LEFT LEFT UP LEFT UP UP RIGHT DOWN LEFT DOWN DOWN RIGHT RIGHT RIGHT RIGHT UP UP RIGHT RIGHT DOWN DOWN RIGHT RIGHT RIGHT UP UP RIGHT DOWN RIGHT DOWN LEFT UP UP LEFT LEFT LEFT LEFT DOWN DOWN LEFT LEFT UP UP LEFT LEFT LEFT LEFT DOWN DOWN RIGHT UP DOWN RIGHT RIGHT RIGHT UP UP RIGHT RIGHT DOWN DOWN RIGHT RIGHT RIGHT UP UP RIGHT RIGHT DOWN DOWN LEFT DOWN LEFT UP LEFT LEFT LEFT UP UP LEFT LEFT DOWN DOWN LEFT LEFT LEFT UP LEFT UP UP RIGHT DOWN,1000000,25.0,0
128,2026-08-23T15:30:54-03:00,levels/experiments/level_02.txt,greedy,shortest_push_access,7,success,,126,126,29,22399,1621,2979,0.78763225,LEFT RIGHT UP UP LEFT LEFT DOWN LEFT DOWN DOWN RIGHT UP RIGHT RIGHT RIGHT LEFT LEFT LEFT UP UP RIGHT RIGHT RIGHT RIGHT DOWN RIGHT DOWN LEFT LEFT LEFT LEFT RIGHT UP UP LEFT LEFT DOWN LEFT DOWN DOWN RIGHT UP RIGHT RIGHT UP UP LEFT LEFT UP DOWN RIGHT RIGHT UP UP LEFT LEFT DOWN DOWN DOWN LEFT DOWN LEFT LEFT LEFT UP UP RIGHT UP RIGHT UP RIGHT RIGHT RIGHT LEFT DOWN DOWN DOWN LEFT DOWN DOWN RIGHT UP UP UP UP DOWN RIGHT RIGHT UP UP LEFT LEFT DOWN DOWN DOWN DOWN LEFT LEFT LEFT LEFT UP UP RIGHT UP RIGHT UP RIGHT RIGHT RIGHT RIGHT UP DOWN DOWN DOWN RIGHT RIGHT UP UP LEFT RIGHT DOWN DOWN LEFT LEFT UP UP,1000000,25.0,0
129,2026-08-23T15:30:54-03:00,levels/experiments/level_03.txt,bfs,null,2,success,,43,43,10,43709,71,2898,0.298850083,RIGHT DOWN RIGHT RIGHT RIGHT UP UP LEFT LEFT RIGHT RIGHT DOWN DOWN LEFT LEFT LEFT UP LEFT LEFT DOWN RIGHT RIGHT UP LEFT UP UP RIGHT DOWN RIGHT RIGHT RIGHT DOWN DOWN LEFT UP RIGHT UP LEFT LEFT LEFT UP LEFT DOWN,1000000,25.0,0
130,2026-08-23T15:30:56-03:00,levels/experiments/level_02.txt,astar,shortest_push_access,7,success,,78,78,17,26823,190,1199,1.0138945,LEFT RIGHT RIGHT LEFT UP UP LEFT LEFT DOWN LEFT DOWN DOWN RIGHT UP UP UP UP DOWN DOWN DOWN LEFT LEFT LEFT LEFT UP UP RIGHT UP RIGHT UP RIGHT RIGHT RIGHT LEFT DOWN DOWN RIGHT RIGHT UP UP UP DOWN DOWN DOWN RIGHT RIGHT DOWN RIGHT DOWN DOWN LEFT UP UP UP UP DOWN DOWN DOWN RIGHT RIGHT RIGHT RIGHT UP UP LEFT UP LEFT UP LEFT LEFT LEFT RIGHT DOWN DOWN LEFT LEFT UP UP,1000000,25.0,0
131,2026-08-23T15:30:56-03:00,levels/experiments/level_02.txt,astar,minimum_matching_manhattan,9,success,,78,78,17,30315,37,1015,0.251621375,LEFT RIGHT RIGHT LEFT UP UP LEFT LEFT DOWN LEFT DOWN DOWN RIGHT UP UP UP UP DOWN DOWN DOWN LEFT LEFT LEFT LEFT UP UP RIGHT UP RIGHT UP RIGHT RIGHT RIGHT LEFT DOWN DOWN RIGHT RIGHT UP UP UP DOWN DOWN DOWN RIGHT RIGHT DOWN RIGHT DOWN DOWN LEFT UP UP UP UP DOWN DOWN DOWN RIGHT RIGHT RIGHT RIGHT UP UP LEFT UP LEFT UP LEFT LEFT LEFT RIGHT DOWN DOWN LEFT LEFT UP UP,1000000,25.0,0
132,2026-08-23T15:30:56-03:00,levels/experiments/level_02.txt,dfs,null,7,success,,174,174,27,2101,94,95,0.012425375,LEFT LEFT UP UP UP UP LEFT LEFT DOWN LEFT DOWN LEFT DOWN DOWN RIGHT RIGHT RIGHT UP RIGHT UP UP UP RIGHT RIGHT DOWN DOWN RIGHT RIGHT UP UP RIGHT RIGHT DOWN RIGHT DOWN RIGHT DOWN DOWN LEFT LEFT LEFT LEFT LEFT LEFT UP UP UP UP LEFT LEFT DOWN DOWN DOWN LEFT DOWN DOWN RIGHT UP UP UP UP DOWN DOWN DOWN LEFT LEFT LEFT LEFT UP UP RIGHT UP RIGHT UP RIGHT RIGHT DOWN DOWN DOWN DOWN RIGHT LEFT UP UP UP UP RIGHT LEFT DOWN DOWN DOWN DOWN RIGHT RIGHT UP UP UP UP UP DOWN DOWN DOWN DOWN DOWN RIGHT LEFT UP UP UP UP RIGHT RIGHT DOWN DOWN DOWN RIGHT DOWN DOWN LEFT UP UP UP UP DOWN DOWN DOWN LEFT LEFT UP UP UP UP RIGHT RIGHT DOWN DOWN DOWN DOWN RIGHT RIGHT RIGHT RIGHT UP UP LEFT UP LEFT UP LEFT LEFT LEFT LEFT DOWN DOWN DOWN DOWN LEFT LEFT UP UP UP UP RIGHT LEFT DOWN DOWN DOWN DOWN RIGHT RIGHT UP UP UP UP,1000000,25.0,0
133,2026-08-23T15:30:56-03:00,levels/experiments/level_03.txt,greedy,minimum_matching_manhattan,4,success,,47,47,10,4344,1285,1291,0.122266167,RIGHT DOWN RIGHT RIGHT RIGHT UP UP LEFT LEFT RIGHT RIGHT DOWN DOWN LEFT LEFT LEFT UP LEFT UP UP RIGHT DOWN LEFT DOWN LEFT DOWN RIGHT RIGHT LEFT UP UP RIGHT RIGHT RIGHT RIGHT DOWN DOWN LEFT UP RIGHT UP LEFT LEFT LEFT UP LEFT DOWN,1000000,25.0,0
134,2026-08-23T15:30:56-03:00,levels/experiments/level_03.txt,bfs,null,3,success,,43,43,10,43709,71,2898,0.300832375,RIGHT DOWN RIGHT RIGHT RIGHT UP UP LEFT LEFT RIGHT RIGHT DOWN DOWN LEFT LEFT LEFT UP LEFT LEFT DOWN RIGHT RIGHT UP LEFT UP UP RIGHT DOWN RIGHT RIGHT RIGHT DOWN DOWN LEFT UP RIGHT UP LEFT LEFT LEFT UP LEFT DOWN,1000000,25.0,0
135,2026-08-23T15:30:57-03:00,levels/experiments/level_03.txt,greedy,minimum_matching_manhattan,6,success,,47,47,10,4344,1285,1291,0.122110917,RIGHT DOWN RIGHT RIGHT RIGHT UP UP LEFT LEFT RIGHT RIGHT DOWN DOWN LEFT LEFT LEFT UP LEFT UP UP RIGHT DOWN LEFT DOWN LEFT DOWN RIGHT RIGHT LEFT UP UP RIGHT RIGHT RIGHT RIGHT DOWN DOWN LEFT UP RIGHT UP LEFT LEFT LEFT UP LEFT DOWN,1000000,25.0,0
136,2026-08-23T15:30:57-03:00,levels/experiments/level_04.txt,bfs,null,7,success,,54,54,20,64687,1778,3178,0.437026917,UP UP UP UP DOWN RIGHT RIGHT UP UP UP UP LEFT UP UP RIGHT DOWN DOWN DOWN DOWN DOWN UP LEFT LEFT LEFT LEFT RIGHT RIGHT DOWN DOWN LEFT LEFT LEFT UP LEFT UP UP RIGHT DOWN RIGHT RIGHT RIGHT DOWN DOWN RIGHT RIGHT RIGHT RIGHT RIGHT DOWN RIGHT UP RIGHT UP LEFT,1000000,25.0,0
137,2026-08-23T15:30:57-03:00,levels/experiments/level_02.txt,bfs,null,1,success,,78,78,17,30375,19,866,0.182848458,LEFT RIGHT RIGHT LEFT UP UP LEFT LEFT DOWN LEFT DOWN DOWN RIGHT UP UP UP UP DOWN DOWN DOWN LEFT LEFT LEFT LEFT UP UP RIGHT UP RIGHT UP RIGHT RIGHT RIGHT LEFT DOWN DOWN RIGHT RIGHT UP UP UP DOWN DOWN DOWN RIGHT RIGHT DOWN RIGHT DOWN DOWN LEFT UP UP UP UP DOWN DOWN DOWN RIGHT RIGHT RIGHT RIGHT UP UP LEFT UP LEFT UP LEFT LEFT LEFT RIGHT DOWN DOWN LEFT LEFT UP UP,1000000,25.0,0
138,2026-08-23T15:30:58-03:00,levels/experiments/level_03.txt,astar,minimum_matching_manhattan,3,success,,43,43,10,43039,210,3515,1.037769625,RIGHT DOWN RIGHT RIGHT RIGHT UP UP LEFT LEFT RIGHT RIGHT DOWN DOWN LEFT LEFT LEFT UP LEFT LEFT DOWN RIGHT RIGHT UP LEFT UP UP RIGHT DOWN RIGHT RIGHT RIGHT DOWN DOWN LEFT UP RIGHT UP LEFT LEFT LEFT UP LEFT DOWN,1000000,25.0,0
139,2026-08-23T15:30:59-03:00,levels/experiments/level_02.txt,greedy,minimum_matching_manhattan,4,success,,96,96,19,756,76,77,0.005894334,LEFT RIGHT UP UP RIGHT RIGHT DOWN DOWN LEFT RIGHT UP UP LEFT LEFT LEFT LEFT DOWN LEFT DOWN DOWN RIGHT UP UP UP UP DOWN DOWN DOWN LEFT LEFT LEFT LEFT UP UP RIGHT UP RIGHT UP RIGHT RIGHT RIGHT LEFT DOWN DOWN RIGHT RIGHT UP UP UP DOWN DOWN DOWN LEFT LEFT DOWN DOWN RIGHT RIGHT RIGHT LEFT UP UP RIGHT RIGHT DOWN RIGHT DOWN DOWN LEFT UP UP UP UP DOWN DOWN DOWN RIGHT RIGHT RIGHT RIGHT UP UP LEFT UP LEFT UP LEFT LEFT LEFT RIGHT DOWN DOWN LEFT LEFT UP UP,1000000,25.0,0
140,2026-08-23T15:30:59-03:00,levels/experiments/level_02.txt,bfs,null,4,success,,78,78,17,30375,19,866,0.182439917,LEFT RIGHT RIGHT LEFT UP UP LEFT LEFT DOWN LEFT DOWN DOWN RIGHT UP UP UP UP DOWN DOWN DOWN LEFT LEFT LEFT LEFT UP UP RIGHT UP RIGHT UP RIGHT RIGHT RIGHT LEFT DOWN DOWN RIGHT RIGHT UP UP UP DOWN DOWN DOWN RIGHT RIGHT DOWN RIGHT DOWN DOWN LEFT UP UP UP UP DOWN DOWN DOWN RIGHT RIGHT RIGHT RIGHT UP UP LEFT UP LEFT UP LEFT LEFT LEFT RIGHT DOWN DOWN LEFT LEFT UP UP,1000000,25.0,0
141,2026-08-23T15:30:59-03:00,levels/experiments/level_04.txt,greedy,minimum_matching_manhattan,1,success,,64,64,18,867,136,144,0.007154208,UP UP UP UP DOWN RIGHT RIGHT UP UP LEFT LEFT LEFT LEFT RIGHT RIGHT DOWN DOWN LEFT LEFT LEFT UP LEFT UP UP RIGHT DOWN RIGHT RIGHT RIGHT RIGHT RIGHT UP UP LEFT UP UP RIGHT DOWN DOWN DOWN DOWN DOWN UP LEFT LEFT DOWN DOWN RIGHT RIGHT RIGHT RIGHT LEFT LEFT UP UP RIGHT RIGHT RIGHT DOWN RIGHT DOWN DOWN LEFT UP,1000000,25.0,0
142,2026-08-23T15:30:59-03:00,levels/experiments/level_02.txt,dfs,null,6,success,,174,174,27,2101,94,95,0.012496209,LEFT LEFT UP UP UP UP LEFT LEFT DOWN LEFT DOWN LEFT DOWN DOWN RIGHT RIGHT RIGHT UP RIGHT UP UP UP RIGHT RIGHT DOWN DOWN RIGHT RIGHT UP UP RIGHT RIGHT DOWN RIGHT DOWN RIGHT DOWN DOWN LEFT LEFT LEFT LEFT LEFT LEFT UP UP UP UP LEFT LEFT DOWN DOWN DOWN LEFT DOWN DOWN RIGHT UP UP UP UP DOWN DOWN DOWN LEFT LEFT LEFT LEFT UP UP RIGHT UP RIGHT UP RIGHT RIGHT DOWN DOWN DOWN DOWN RIGHT LEFT UP UP UP UP RIGHT LEFT DOWN DOWN DOWN DOWN RIGHT RIGHT UP UP UP UP UP DOWN DOWN DOWN DOWN DOWN RIGHT LEFT UP UP UP UP RIGHT RIGHT DOWN DOWN DOWN RIGHT DOWN DOWN LEFT UP UP UP UP DOWN DOWN DOWN LEFT LEFT UP UP UP UP RIGHT RIGHT DOWN DOWN DOWN DOWN RIGHT RIGHT RIGHT RIGHT UP UP LEFT UP LEFT UP LEFT LEFT LEFT LEFT DOWN DOWN DOWN DOWN LEFT LEFT UP UP UP UP RIGHT LEFT DOWN DOWN DOWN DOWN RIGHT RIGHT UP UP UP UP,1000000,25.0,0
143,2026-08-23T15:31:01-03:00,levels/experiments/level_04.txt,astar,shortest_push_access,7,success,,54,54,20,50582,3791,4581,1.984355209,UP UP UP UP DOWN RIGHT RIGHT UP UP UP UP LEFT UP UP RIGHT DOWN DOWN DOWN DOWN DOWN UP LEFT LEFT LEFT LEFT RIGHT RIGHT DOWN DOWN LEFT LEFT LEFT UP LEFT UP UP RIGHT DOWN RIGHT RIGHT RIGHT DOWN DOWN RIGHT RIGHT RIGHT RIGHT RIGHT DOWN RIGHT UP RIGHT UP LEFT,1000000,25.0,0
144,2026-08-23T15:31:01-03:00,levels/experiments/level_04.txt,dfs,null,4,success,,2044,2044,386,70252,1123,1187,0.43475725,UP UP UP UP DOWN LEFT LEFT LEFT UP UP RIGHT RIGHT RIGHT DOWN DOWN RIGHT RIGHT UP UP UP UP DOWN DOWN DOWN DOWN LEFT LEFT UP UP RIGHT RIGHT UP UP LEFT UP UP RIGHT DOWN DOWN DOWN DOWN DOWN UP LEFT LEFT DOWN DOWN RIGHT RIGHT UP UP RIGHT LEFT DOWN DOWN RIGHT LEFT UP UP RIGHT RIGHT LEFT LEFT DOWN DOWN RIGHT RIGHT LEFT LEFT UP UP RIGHT RIGHT RIGHT DOWN RIGHT DOWN DOWN LEFT UP RIGHT UP RIGHT UP LEFT LEFT DOWN UP LEFT LEFT LEFT DOWN DOWN LEFT LEFT UP UP RIGHT LEFT DOWN DOWN RIGHT RIGHT UP UP UP UP DOWN DOWN DOWN DOWN RIGHT RIGHT RIGHT UP UP LEFT LEFT LEFT UP UP LEFT UP UP RIGHT DOWN DOWN DOWN DOWN DOWN UP LEFT LEFT DOWN DOWN RIGHT RIGHT UP UP RIGHT RIGHT RIGHT DOWN DOWN DOWN RIGHT UP UP DOWN LEFT LEFT LEFT LEFT UP UP LEFT LEFT DOWN DOWN RIGHT LEFT UP UP RIGHT RIGHT RIGHT RIGHT RIGHT DOWN DOWN RIGHT RIGHT UP UP LEFT DOWN DOWN LEFT LEFT LEFT LEFT UP UP RIGHT RIGHT RIGHT DOWN DOWN RIGHT RIGHT UP UP LEFT LEFT DOWN DOWN LEFT LEFT LEFT LEFT LEFT UP UP LEFT LEFT LEFT DOWN DOWN RIGHT RIGHT LEFT LEFT UP UP RIGHT RIGHT RIGHT DOWN DOWN UP UP RIGHT RIGHT DOWN DOWN RIGHT RIGHT RIGHT UP UP LEFT LEFT LEFT DOWN DOWN LEFT LEFT UP UP RIGHT LEFT DOWN DOWN DOWN UP UP UP RIGHT RIGHT DOWN DOWN LEFT LEFT DOWN DOWN UP UP UP UP RIGHT RIGHT DOWN DOWN RIGHT RIGHT RIGHT UP UP LEFT LEFT LEFT DOWN DOWN LEFT LEFT UP UP RIGHT LEFT DOWN DOWN RIGHT RIGHT UP UP UP UP DOWN DOWN DOWN DOWN LEFT LEFT DOWN DOWN LEFT DOWN DOWN RIGHT UP UP UP UP UP DOWN RIGHT RIGHT UP UP UP UP LEFT UP UP RIGHT DOWN DOWN DOWN DOWN DOWN UP LEFT LEFT DOWN DOWN LEFT LEFT LEFT UP UP RIGHT RIGHT LEFT LEFT DOWN DOWN RIGHT RIGHT RIGHT RIGHT RIGHT UP UP LEFT LEFT DOWN DOWN LEFT LEFT LEFT UP UP RIGHT RIGHT RIGHT DOWN DOWN RIGHT RIGHT UP UP RIGHT RIGHT RIGHT DOWN DOWN LEFT LEFT LEFT UP UP LEFT LEFT DOWN DOWN LEFT LEFT LEFT UP UP RIGHT RIGHT RIGHT RIGHT LEFT DOWN DOWN RIGHT RIGHT UP UP UP UP DOWN DOWN DOWN DOWN RIGHT LEFT UP UP UP UP LEFT UP UP RIGHT DOWN DOWN DOWN DOWN LEFT LEFT DOWN DOWN RIGHT RIGHT UP UP UP DOWN DOWN DOWN RIGHT RIGHT RIGHT UP UP RIGHT RIGHT DOWN DOWN LEFT DOWN LEFT UP UP DOWN LEFT LEFT LEFT UP UP UP UP DOWN DOWN DOWN DOWN RIGHT RIGHT RIGHT UP RIGHT UP LEFT DOWN DOWN LEFT LEFT LEFT UP UP UP UP LEFT UP UP RIGHT DOWN DOWN DOWN DOWN LEFT LEFT DOWN DOWN RIGHT RIGHT UP UP UP DOWN RIGHT RIGHT RIGHT DOWN DOWN LEFT LEFT LEFT UP UP UP UP LEFT UP UP RIGHT DOWN DOWN DOWN DOWN LEFT LEFT DOWN DOWN RIGHT RIGHT UP DOWN LEFT LEFT UP UP RIGHT RIGHT DOWN DOWN RIGHT RIGHT RIGHT UP UP LEFT LEFT LEFT DOWN DOWN RIGHT RIGHT RIGHT UP RIGHT RIGHT UP LEFT DOWN DOWN LEFT LEFT LEFT LEFT UP UP LEFT LEFT DOWN DOWN LEFT LEFT LEFT UP UP RIGHT RIGHT LEFT LEFT DOWN DOWN RIGHT RIGHT RIGHT RIGHT RIGHT RIGHT RIGHT RIGHT UP RIGHT UP LEFT DOWN DOWN LEFT LEFT LEFT UP UP LEFT LEFT DOWN DOWN RIGHT RIGHT UP UP RIGHT RIGHT LEFT LEFT DOWN DOWN RIGHT RIGHT RIGHT UP RIGHT UP LEFT LEFT LEFT LEFT DOWN DOWN LEFT LEFT UP UP LEFT LEFT RIGHT RIGHT DOWN DOWN LEFT LEFT LEFT UP LEFT UP UP RIGHT DOWN DOWN UP RIGHT RIGHT RIGHT RIGHT LEFT DOWN DOWN RIGHT RIGHT UP UP UP UP DOWN DOWN DOWN DOWN LEFT LEFT UP UP LEFT LEFT LEFT DOWN LEFT DOWN RIGHT UP UP RIGHT RIGHT RIGHT DOWN DOWN RIGHT RIGHT UP UP UP UP LEFT UP UP RIGHT DOWN DOWN DOWN DOWN DOWN UP LEFT LEFT DOWN DOWN LEFT LEFT RIGHT RIGHT UP UP LEFT LEFT LEFT DOWN LEFT DOWN RIGHT RIGHT LEFT UP UP RIGHT RIGHT RIGHT DOWN DOWN RIGHT RIGHT UP UP LEFT LEFT DOWN DOWN LEFT LEFT RIGHT RIGHT UP UP LEFT LEFT LEFT DOWN LEFT DOWN RIGHT UP UP RIGHT RIGHT RIGHT RIGHT RIGHT DOWN DOWN RIGHT LEFT UP UP LEFT LEFT DOWN DOWN LEFT LEFT RIGHT RIGHT UP UP LEFT LEFT LEFT DOWN LEFT DOWN RIGHT RIGHT LEFT UP UP RIGHT RIGHT RIGHT DOWN DOWN RIGHT RIGHT UP UP RIGHT RIGHT RIGHT DOWN DOWN LEFT LEFT LEFT UP UP LEFT LEFT DOWN DOWN LEFT LEFT RIGHT RIGHT UP UP LEFT LEFT LEFT DOWN LEFT DOWN RIGHT UP UP RIGHT RIGHT RIGHT RIGHT RIGHT DOWN DOWN LEFT RIGHT UP UP LEFT LEFT DOWN DOWN UP UP LEFT LEFT LEFT DOWN DOWN RIGHT LEFT UP UP RIGHT RIGHT RIGHT DOWN DOWN DOWN UP UP UP LEFT LEFT LEFT DOWN DOWN RIGHT RIGHT RIGHT DOWN DOWN UP UP UP UP RIGHT RIGHT DOWN DOWN LEFT LEFT LEFT LEFT RIGHT RIGHT DOWN DOWN LEFT DOWN DOWN RIGHT UP UP UP UP RIGHT RIGHT UP UP LEFT LEFT LEFT LEFT LEFT DOWN LEFT DOWN RIGHT RIGHT RIGHT RIGHT LEFT LEFT LEFT UP UP RIGHT RIGHT RIGHT DOWN DOWN RIGHT RIGHT UP UP LEFT LEFT DOWN DOWN DOWN UP UP UP RIGHT RIGHT DOWN DOWN RIGHT LEFT UP UP LEFT LEFT DOWN DOWN DOWN DOWN UP UP UP UP RIGHT RIGHT DOWN DOWN RIGHT RIGHT LEFT LEFT UP UP LEFT LEFT DOWN DOWN DOWN DOWN LEFT DOWN DOWN RIGHT UP UP UP UP UP DOWN RIGHT RIGHT UP UP RIGHT RIGHT RIGHT DOWN RIGHT DOWN DOWN LEFT UP LEFT LEFT LEFT UP UP LEFT LEFT DOWN DOWN LEFT LEFT LEFT UP UP RIGHT RIGHT RIGHT DOWN DOWN RIGHT RIGHT UP UP RIGHT RIGHT RIGHT DOWN UP RIGHT RIGHT DOWN DOWN LEFT LEFT UP UP LEFT LEFT LEFT LEFT LEFT DOWN DOWN RIGHT RIGHT UP UP RIGHT RIGHT RIGHT DOWN DOWN LEFT LEFT LEFT LEFT RIGHT UP UP LEFT LEFT DOWN DOWN UP UP LEFT LEFT RIGHT RIGHT DOWN DOWN DOWN UP LEFT LEFT LEFT UP LEFT UP UP RIGHT DOWN LEFT DOWN DOWN RIGHT RIGHT RIGHT RIGHT DOWN DOWN UP UP UP UP LEFT LEFT LEFT LEFT DOWN DOWN RIGHT UP LEFT UP RIGHT DOWN DOWN RIGHT RIGHT RIGHT DOWN DOWN LEFT DOWN DOWN RIGHT UP UP UP UP LEFT LEFT LEFT UP UP RIGHT LEFT DOWN DOWN RIGHT RIGHT RIGHT RIGHT RIGHT UP UP LEFT LEFT LEFT LEFT RIGHT RIGHT RIGHT RIGHT DOWN DOWN LEFT LEFT UP DOWN LEFT LEFT LEFT UP LEFT UP UP RIGHT DOWN DOWN LEFT DOWN RIGHT UP UP RIGHT RIGHT RIGHT LEFT LEFT LEFT DOWN DOWN RIGHT LEFT UP UP RIGHT RIGHT RIGHT RIGHT LEFT DOWN DOWN LEFT RIGHT UP UP LEFT LEFT LEFT DOWN DOWN RIGHT RIGHT LEFT LEFT UP UP RIGHT RIGHT RIGHT RIGHT RIGHT DOWN DOWN LEFT LEFT LEFT LEFT RIGHT RIGHT UP UP LEFT LEFT LEFT DOWN LEFT DOWN RIGHT UP UP RIGHT RIGHT RIGHT RIGHT RIGHT DOWN DOWN RIGHT RIGHT RIGHT UP UP LEFT LEFT RIGHT RIGHT DOWN DOWN LEFT LEFT LEFT UP UP UP DOWN DOWN DOWN LEFT LEFT UP UP LEFT LEFT LEFT DOWN DOWN RIGHT LEFT UP UP RIGHT RIGHT RIGHT DOWN DOWN RIGHT RIGHT UP UP UP UP LEFT UP UP RIGHT DOWN DOWN DOWN DOWN LEFT LEFT DOWN DOWN LEFT LEFT RIGHT RIGHT UP UP LEFT LEFT LEFT DOWN LEFT DOWN RIGHT RIGHT RIGHT LEFT LEFT UP UP RIGHT RIGHT RIGHT DOWN DOWN UP UP RIGHT RIGHT RIGHT RIGHT RIGHT DOWN DOWN LEFT LEFT LEFT UP UP UP UP DOWN DOWN DOWN DOWN LEFT LEFT DOWN UP UP UP RIGHT RIGHT UP UP LEFT UP UP RIGHT DOWN DOWN DOWN DOWN LEFT LEFT DOWN DOWN RIGHT RIGHT UP UP UP DOWN DOWN DOWN LEFT LEFT DOWN DOWN LEFT DOWN DOWN RIGHT UP UP UP UP UP DOWN RIGHT RIGHT UP UP LEFT LEFT DOWN DOWN RIGHT RIGHT UP UP UP UP DOWN DOWN DOWN DOWN LEFT LEFT UP UP LEFT LEFT RIGHT RIGHT DOWN DOWN LEFT LEFT LEFT UP LEFT UP UP RIGHT DOWN LEFT DOWN DOWN RIGHT RIGHT RIGHT RIGHT UP UP RIGHT RIGHT UP UP LEFT UP UP RIGHT DOWN DOWN DOWN DOWN DOWN UP LEFT LEFT DOWN DOWN LEFT LEFT LEFT UP DOWN RIGHT RIGHT RIGHT UP UP RIGHT RIGHT RIGHT RIGHT RIGHT DOWN DOWN LEFT LEFT LEFT UP UP LEFT LEFT DOWN DOWN LEFT LEFT LEFT UP LEFT UP UP RIGHT DOWN LEFT DOWN DOWN RIGHT RIGHT RIGHT RIGHT UP UP RIGHT RIGHT DOWN DOWN LEFT LEFT UP UP LEFT LEFT LEFT LEFT DOWN DOWN RIGHT UP DOWN RIGHT RIGHT LEFT LEFT UP LEFT UP RIGHT DOWN DOWN RIGHT RIGHT RIGHT RIGHT RIGHT RIGHT RIGHT LEFT LEFT UP UP LEFT LEFT DOWN DOWN LEFT LEFT LEFT UP UP RIGHT LEFT DOWN DOWN RIGHT RIGHT RIGHT UP UP RIGHT RIGHT DOWN DOWN RIGHT RIGHT RIGHT UP UP LEFT LEFT LEFT DOWN DOWN LEFT LEFT UP UP LEFT LEFT RIGHT RIGHT DOWN DOWN LEFT LEFT LEFT UP LEFT UP UP RIGHT DOWN DOWN UP RIGHT RIGHT RIGHT DOWN DOWN RIGHT RIGHT UP UP RIGHT RIGHT RIGHT DOWN DOWN DOWN RIGHT UP UP DOWN LEFT LEFT LEFT LEFT UP UP LEFT LEFT LEFT LEFT LEFT DOWN LEFT DOWN RIGHT UP UP RIGHT RIGHT RIGHT DOWN DOWN RIGHT RIGHT UP UP RIGHT RIGHT RIGHT DOWN DOWN RIGHT RIGHT UP UP LEFT DOWN DOWN LEFT LEFT LEFT LEFT UP UP LEFT LEFT DOWN DOWN LEFT LEFT RIGHT RIGHT UP UP LEFT LEFT LEFT DOWN LEFT DOWN RIGHT RIGHT LEFT UP UP RIGHT RIGHT RIGHT DOWN DOWN RIGHT RIGHT UP UP RIGHT RIGHT RIGHT DOWN DOWN RIGHT RIGHT UP UP LEFT LEFT LEFT LEFT RIGHT RIGHT DOWN DOWN LEFT LEFT LEFT UP UP DOWN DOWN LEFT LEFT UP UP LEFT LEFT LEFT DOWN DOWN RIGHT RIGHT RIGHT RIGHT RIGHT RIGHT RIGHT RIGHT UP UP RIGHT RIGHT DOWN DOWN LEFT DOWN LEFT UP LEFT LEFT LEFT UP UP UP UP LEFT UP UP RIGHT DOWN DOWN DOWN DOWN DOWN UP LEFT LEFT DOWN DOWN RIGHT RIGHT UP UP RIGHT RIGHT RIGHT DOWN UP LEFT LEFT LEFT DOWN DOWN RIGHT LEFT UP UP RIGHT RIGHT RIGHT DOWN RIGHT DOWN DOWN LEFT UP LEFT LEFT LEFT UP UP RIGHT RIGHT RIGHT DOWN UP LEFT LEFT LEFT DOWN DOWN LEFT LEFT UP UP LEFT LEFT LEFT DOWN DOWN RIGHT RIGHT LEFT LEFT UP UP RIGHT RIGHT RIGHT DOWN DOWN UP UP RIGHT RIGHT DOWN DOWN RIGHT RIGHT RIGHT UP UP LEFT LEFT LEFT DOWN DOWN LEFT LEFT DOWN UP UP UP RIGHT RIGHT DOWN DOWN RIGHT RIGHT RIGHT UP UP RIGHT RIGHT DOWN DOWN LEFT DOWN LEFT UP LEFT LEFT LEFT UP UP LEFT LEFT DOWN DOWN DOWN DOWN LEFT DOWN DOWN RIGHT UP UP UP UP LEFT LEFT LEFT UP UP RIGHT RIGHT RIGHT DOWN UP RIGHT RIGHT DOWN DOWN RIGHT RIGHT RIGHT RIGHT UP UP LEFT DOWN UP RIGHT RIGHT DOWN DOWN LEFT LEFT UP UP LEFT LEFT LEFT DOWN DOWN RIGHT RIGHT RIGHT UP UP LEFT LEFT LEFT DOWN DOWN LEFT LEFT UP UP LEFT LEFT LEFT DOWN DOWN RIGHT RIGHT RIGHT UP UP RIGHT RIGHT DOWN DOWN RIGHT RIGHT RIGHT DOWN RIGHT UP LEFT UP UP LEFT LEFT LEFT DOWN DOWN LEFT LEFT UP UP LEFT LEFT LEFT DOWN DOWN RIGHT RIGHT LEFT LEFT UP UP RIGHT RIGHT RIGHT DOWN DOWN DOWN DOWN LEFT DOWN DOWN RIGHT UP UP UP UP UP DOWN LEFT LEFT LEFT UP UP RIGHT RIGHT RIGHT DOWN DOWN RIGHT RIGHT UP UP LEFT LEFT LEFT LEFT RIGHT RIGHT DOWN DOWN LEFT LEFT LEFT UP LEFT UP UP RIGHT DOWN LEFT DOWN DOWN RIGHT RIGHT RIGHT RIGHT UP UP RIGHT RIGHT DOWN DOWN RIGHT RIGHT RIGHT UP UP RIGHT DOWN RIGHT DOWN LEFT UP UP LEFT LEFT LEFT LEFT DOWN DOWN LEFT LEFT UP UP LEFT LEFT LEFT LEFT DOWN DOWN RIGHT UP DOWN RIGHT RIGHT RIGHT UP UP RIGHT RIGHT DOWN DOWN RIGHT RIGHT RIGHT UP UP RIGHT RIGHT DOWN DOWN LEFT DOWN LEFT UP LEFT LEFT LEFT UP UP LEFT LEFT DOWN DOWN LEFT LEFT LEFT UP LEFT UP UP RIGHT DOWN,1000000,25.0,0
145,2026-08-23T15:31:02-03:00,levels/experiments/level_03.txt,astar,shortest_push_access,4,success,,43,43,10,41018,844,4055,1.016283125,RIGHT DOWN RIGHT RIGHT RIGHT UP UP LEFT LEFT RIGHT RIGHT DOWN DOWN LEFT LEFT LEFT UP LEFT LEFT DOWN RIGHT RIGHT UP LEFT UP UP RIGHT DOWN RIGHT RIGHT RIGHT DOWN DOWN LEFT UP RIGHT UP LEFT LEFT LEFT UP LEFT DOWN,1000000,25.0,0
146,2026-08-23T15:31:05-03:00,levels/experiments/level_04.txt,astar,shortest_push_access,2,success,,54,54,20,50582,3791,4581,2.008487583,UP UP UP UP DOWN RIGHT RIGHT UP UP UP UP LEFT UP UP RIGHT DOWN DOWN DOWN DOWN DOWN UP LEFT LEFT LEFT LEFT RIGHT RIGHT DOWN DOWN LEFT LEFT LEFT UP LEFT UP UP RIGHT DOWN RIGHT RIGHT RIGHT DOWN DOWN RIGHT RIGHT RIGHT RIGHT RIGHT DOWN RIGHT UP RIGHT UP LEFT,1000000,25.0,0
147,2026-08-23T15:31:05-03:00,levels/experiments/level_04.txt,greedy,minimum_matching_manhattan,2,success,,64,64,18,867,136,144,0.007418416,UP UP UP UP DOWN RIGHT RIGHT UP UP LEFT LEFT LEFT LEFT RIGHT RIGHT DOWN DOWN LEFT LEFT LEFT UP LEFT UP UP RIGHT DOWN RIGHT RIGHT RIGHT RIGHT RIGHT UP UP LEFT UP UP RIGHT DOWN DOWN DOWN DOWN DOWN UP LEFT LEFT DOWN DOWN RIGHT RIGHT RIGHT RIGHT LEFT LEFT UP UP RIGHT RIGHT RIGHT DOWN RIGHT DOWN DOWN LEFT UP,1000000,25.0,0
148,2026-08-23T15:31:06-03:00,levels/experiments/level_02.txt,astar,shortest_push_access,3,success,,78,78,17,26823,190,1199,1.031433125,LEFT RIGHT RIGHT LEFT UP UP LEFT LEFT DOWN LEFT DOWN DOWN RIGHT UP UP UP UP DOWN DOWN DOWN LEFT LEFT LEFT LEFT UP UP RIGHT UP RIGHT UP RIGHT RIGHT RIGHT LEFT DOWN DOWN RIGHT RIGHT UP UP UP DOWN DOWN DOWN RIGHT RIGHT DOWN RIGHT DOWN DOWN LEFT UP UP UP UP DOWN DOWN DOWN RIGHT RIGHT RIGHT RIGHT UP UP LEFT UP LEFT UP LEFT LEFT LEFT RIGHT DOWN DOWN LEFT LEFT UP UP,1000000,25.0,0
149,2026-08-23T15:31:06-03:00,levels/experiments/level_03.txt,greedy,minimum_matching_manhattan,1,success,,47,47,10,4344,1285,1291,0.1232515,RIGHT DOWN RIGHT RIGHT RIGHT UP UP LEFT LEFT RIGHT RIGHT DOWN DOWN LEFT LEFT LEFT UP LEFT UP UP RIGHT DOWN LEFT DOWN LEFT DOWN RIGHT RIGHT LEFT UP UP RIGHT RIGHT RIGHT RIGHT DOWN DOWN LEFT UP RIGHT UP LEFT LEFT LEFT UP LEFT DOWN,1000000,25.0,0
150,2026-08-23T15:31:07-03:00,levels/experiments/level_03.txt,astar,shortest_push_access,2,success,,43,43,10,41018,844,4055,1.030324083,RIGHT DOWN RIGHT RIGHT RIGHT UP UP LEFT LEFT RIGHT RIGHT DOWN DOWN LEFT LEFT LEFT UP LEFT LEFT DOWN RIGHT RIGHT UP LEFT UP UP RIGHT DOWN RIGHT RIGHT RIGHT DOWN DOWN LEFT UP RIGHT UP LEFT LEFT LEFT UP LEFT DOWN,1000000,25.0,0
151,2026-08-23T15:31:08-03:00,levels/experiments/level_03.txt,greedy,shortest_push_access,1,success,,83,83,22,34565,5793,9151,0.935046333,RIGHT DOWN RIGHT RIGHT RIGHT UP UP LEFT LEFT LEFT DOWN LEFT LEFT DOWN RIGHT RIGHT RIGHT LEFT UP UP UP LEFT DOWN RIGHT RIGHT RIGHT RIGHT DOWN DOWN LEFT UP RIGHT UP LEFT LEFT LEFT DOWN RIGHT LEFT DOWN LEFT LEFT UP RIGHT DOWN RIGHT RIGHT UP UP LEFT UP LEFT DOWN RIGHT RIGHT DOWN DOWN LEFT UP DOWN LEFT LEFT UP RIGHT DOWN RIGHT RIGHT UP UP RIGHT RIGHT DOWN DOWN LEFT RIGHT UP LEFT UP LEFT LEFT UP LEFT DOWN,1000000,25.0,0
152,2026-08-23T15:31:08-03:00,levels/experiments/level_04.txt,greedy,shortest_push_access,7,success,,96,96,40,5744,3064,3065,0.176698292,UP UP UP RIGHT RIGHT UP UP UP UP LEFT UP UP RIGHT DOWN DOWN DOWN DOWN LEFT LEFT DOWN DOWN RIGHT RIGHT UP DOWN LEFT LEFT UP UP RIGHT RIGHT RIGHT RIGHT RIGHT DOWN RIGHT RIGHT UP LEFT LEFT LEFT LEFT LEFT LEFT LEFT LEFT LEFT RIGHT RIGHT DOWN DOWN DOWN DOWN LEFT DOWN DOWN RIGHT UP UP UP UP LEFT LEFT LEFT UP LEFT UP UP RIGHT DOWN RIGHT RIGHT RIGHT DOWN UP LEFT LEFT LEFT LEFT DOWN DOWN RIGHT RIGHT RIGHT RIGHT RIGHT RIGHT RIGHT RIGHT RIGHT DOWN RIGHT UP RIGHT UP LEFT,1000000,25.0,0
153,2026-08-23T15:31:08-03:00,levels/experiments/level_04.txt,greedy,minimum_matching_manhattan,4,success,,64,64,18,867,136,144,0.007163583,UP UP UP UP DOWN RIGHT RIGHT UP UP LEFT LEFT LEFT LEFT RIGHT RIGHT DOWN DOWN LEFT LEFT LEFT UP LEFT UP UP RIGHT DOWN RIGHT RIGHT RIGHT RIGHT RIGHT UP UP LEFT UP UP RIGHT DOWN DOWN DOWN DOWN DOWN UP LEFT LEFT DOWN DOWN RIGHT RIGHT RIGHT RIGHT LEFT LEFT UP UP RIGHT RIGHT RIGHT DOWN RIGHT DOWN DOWN LEFT UP,1000000,25.0,0
154,2026-08-23T15:31:09-03:00,levels/experiments/level_04.txt,bfs,null,1,success,,54,54,20,64687,1778,3178,0.434638583,UP UP UP UP DOWN RIGHT RIGHT UP UP UP UP LEFT UP UP RIGHT DOWN DOWN DOWN DOWN DOWN UP LEFT LEFT LEFT LEFT RIGHT RIGHT DOWN DOWN LEFT LEFT LEFT UP LEFT UP UP RIGHT DOWN RIGHT RIGHT RIGHT DOWN DOWN RIGHT RIGHT RIGHT RIGHT RIGHT DOWN RIGHT UP RIGHT UP LEFT,1000000,25.0,0
155,2026-08-23T15:31:09-03:00,levels/experiments/level_03.txt,greedy,minimum_matching_manhattan,5,success,,47,47,10,4344,1285,1291,0.123813959,RIGHT DOWN RIGHT RIGHT RIGHT UP UP LEFT LEFT RIGHT RIGHT DOWN DOWN LEFT LEFT LEFT UP LEFT UP UP RIGHT DOWN LEFT DOWN LEFT DOWN RIGHT RIGHT LEFT UP UP RIGHT RIGHT RIGHT RIGHT DOWN DOWN LEFT UP RIGHT UP LEFT LEFT LEFT UP LEFT DOWN,1000000,25.0,0
156,2026-08-23T15:31:09-03:00,levels/experiments/level_02.txt,dfs,null,9,success,,174,174,27,2101,94,95,0.012904416,LEFT LEFT UP UP UP UP LEFT LEFT DOWN LEFT DOWN LEFT DOWN DOWN RIGHT RIGHT RIGHT UP RIGHT UP UP UP RIGHT RIGHT DOWN DOWN RIGHT RIGHT UP UP RIGHT RIGHT DOWN RIGHT DOWN RIGHT DOWN DOWN LEFT LEFT LEFT LEFT LEFT LEFT UP UP UP UP LEFT LEFT DOWN DOWN DOWN LEFT DOWN DOWN RIGHT UP UP UP UP DOWN DOWN DOWN LEFT LEFT LEFT LEFT UP UP RIGHT UP RIGHT UP RIGHT RIGHT DOWN DOWN DOWN DOWN RIGHT LEFT UP UP UP UP RIGHT LEFT DOWN DOWN DOWN DOWN RIGHT RIGHT UP UP UP UP UP DOWN DOWN DOWN DOWN DOWN RIGHT LEFT UP UP UP UP RIGHT RIGHT DOWN DOWN DOWN RIGHT DOWN DOWN LEFT UP UP UP UP DOWN DOWN DOWN LEFT LEFT UP UP UP UP RIGHT RIGHT DOWN DOWN DOWN DOWN RIGHT RIGHT RIGHT RIGHT UP UP LEFT UP LEFT UP LEFT LEFT LEFT LEFT DOWN DOWN DOWN DOWN LEFT LEFT UP UP UP UP RIGHT LEFT DOWN DOWN DOWN DOWN RIGHT RIGHT UP UP UP UP,1000000,25.0,0
157,2026-08-23T15:31:09-03:00,levels/experiments/level_02.txt,greedy,minimum_matching_manhattan,6,success,,96,96,19,756,76,77,0.006124917,LEFT RIGHT UP UP RIGHT RIGHT DOWN DOWN LEFT RIGHT UP UP LEFT LEFT LEFT LEFT DOWN LEFT DOWN DOWN RIGHT UP UP UP UP DOWN DOWN DOWN LEFT LEFT LEFT LEFT UP UP RIGHT UP RIGHT UP RIGHT RIGHT RIGHT LEFT DOWN DOWN RIGHT RIGHT UP UP UP DOWN DOWN DOWN LEFT LEFT DOWN DOWN RIGHT RIGHT RIGHT LEFT UP UP RIGHT RIGHT DOWN RIGHT DOWN DOWN LEFT UP UP UP UP DOWN DOWN DOWN RIGHT RIGHT RIGHT RIGHT UP UP LEFT UP LEFT UP LEFT LEFT LEFT RIGHT DOWN DOWN LEFT LEFT UP UP,1000000,25.0,0
158,2026-08-23T15:31:09-03:00,levels/experiments/level_03.txt,dfs,null,10,success,,51,51,14,43449,19,103,0.290784167,UP RIGHT RIGHT LEFT LEFT DOWN RIGHT DOWN RIGHT RIGHT RIGHT UP UP LEFT LEFT LEFT DOWN LEFT LEFT DOWN RIGHT RIGHT UP UP UP LEFT DOWN RIGHT DOWN DOWN LEFT LEFT UP RIGHT UP RIGHT RIGHT RIGHT RIGHT DOWN DOWN LEFT UP RIGHT UP LEFT LEFT LEFT UP LEFT DOWN,1000000,25.0,0
159,2026-08-23T15:31:10-03:00,levels/experiments/level_02.txt,greedy,shortest_push_access,8,success,,126,126,29,22399,1621,2979,0.809920041,LEFT RIGHT UP UP LEFT LEFT DOWN LEFT DOWN DOWN RIGHT UP RIGHT RIGHT RIGHT LEFT LEFT LEFT UP UP RIGHT RIGHT RIGHT RIGHT DOWN RIGHT DOWN LEFT LEFT LEFT LEFT RIGHT UP UP LEFT LEFT DOWN LEFT DOWN DOWN RIGHT UP RIGHT RIGHT UP UP LEFT LEFT UP DOWN RIGHT RIGHT UP UP LEFT LEFT DOWN DOWN DOWN LEFT DOWN LEFT LEFT LEFT UP UP RIGHT UP RIGHT UP RIGHT RIGHT RIGHT LEFT DOWN DOWN DOWN LEFT DOWN DOWN RIGHT UP UP UP UP DOWN RIGHT RIGHT UP UP LEFT LEFT DOWN DOWN DOWN DOWN LEFT LEFT LEFT LEFT UP UP RIGHT UP RIGHT UP RIGHT RIGHT RIGHT RIGHT UP DOWN DOWN DOWN RIGHT RIGHT UP UP LEFT RIGHT DOWN DOWN LEFT LEFT UP UP,1000000,25.0,0
160,2026-08-23T15:31:10-03:00,levels/experiments/level_04.txt,greedy,shortest_push_access,5,success,,96,96,40,5744,3064,3065,0.175748458,UP UP UP RIGHT RIGHT UP UP UP UP LEFT UP UP RIGHT DOWN DOWN DOWN DOWN LEFT LEFT DOWN DOWN RIGHT RIGHT UP DOWN LEFT LEFT UP UP RIGHT RIGHT RIGHT RIGHT RIGHT DOWN RIGHT RIGHT UP LEFT LEFT LEFT LEFT LEFT LEFT LEFT LEFT LEFT RIGHT RIGHT DOWN DOWN DOWN DOWN LEFT DOWN DOWN RIGHT UP UP UP UP LEFT LEFT LEFT UP LEFT UP UP RIGHT DOWN RIGHT RIGHT RIGHT DOWN UP LEFT LEFT LEFT LEFT DOWN DOWN RIGHT RIGHT RIGHT RIGHT RIGHT RIGHT RIGHT RIGHT RIGHT DOWN RIGHT UP RIGHT UP LEFT,1000000,25.0,0
161,2026-08-23T15:31:11-03:00,levels/experiments/level_04.txt,dfs,null,7,success,,2044,2044,386,70252,1123,1187,0.439846125,UP UP UP UP DOWN LEFT LEFT LEFT UP UP RIGHT RIGHT RIGHT DOWN DOWN RIGHT RIGHT UP UP UP UP DOWN DOWN DOWN DOWN LEFT LEFT UP UP RIGHT RIGHT UP UP LEFT UP UP RIGHT DOWN DOWN DOWN DOWN DOWN UP LEFT LEFT DOWN DOWN RIGHT RIGHT UP UP RIGHT LEFT DOWN DOWN RIGHT LEFT UP UP RIGHT RIGHT LEFT LEFT DOWN DOWN RIGHT RIGHT LEFT LEFT UP UP RIGHT RIGHT RIGHT DOWN RIGHT DOWN DOWN LEFT UP RIGHT UP RIGHT UP LEFT LEFT DOWN UP LEFT LEFT LEFT DOWN DOWN LEFT LEFT UP UP RIGHT LEFT DOWN DOWN RIGHT RIGHT UP UP UP UP DOWN DOWN DOWN DOWN RIGHT RIGHT RIGHT UP UP LEFT LEFT LEFT UP UP LEFT UP UP RIGHT DOWN DOWN DOWN DOWN DOWN UP LEFT LEFT DOWN DOWN RIGHT RIGHT UP UP RIGHT RIGHT RIGHT DOWN DOWN DOWN RIGHT UP UP DOWN LEFT LEFT LEFT LEFT UP UP LEFT LEFT DOWN DOWN RIGHT LEFT UP UP RIGHT RIGHT RIGHT RIGHT RIGHT DOWN DOWN RIGHT RIGHT UP UP LEFT DOWN DOWN LEFT LEFT LEFT LEFT UP UP RIGHT RIGHT RIGHT DOWN DOWN RIGHT RIGHT UP UP LEFT LEFT DOWN DOWN LEFT LEFT LEFT LEFT LEFT UP UP LEFT LEFT LEFT DOWN DOWN RIGHT RIGHT LEFT LEFT UP UP RIGHT RIGHT RIGHT DOWN DOWN UP UP RIGHT RIGHT DOWN DOWN RIGHT RIGHT RIGHT UP UP LEFT LEFT LEFT DOWN DOWN LEFT LEFT UP UP RIGHT LEFT DOWN DOWN DOWN UP UP UP RIGHT RIGHT DOWN DOWN LEFT LEFT DOWN DOWN UP UP UP UP RIGHT RIGHT DOWN DOWN RIGHT RIGHT RIGHT UP UP LEFT LEFT LEFT DOWN DOWN LEFT LEFT UP UP RIGHT LEFT DOWN DOWN RIGHT RIGHT UP UP UP UP DOWN DOWN DOWN DOWN LEFT LEFT DOWN DOWN LEFT DOWN DOWN RIGHT UP UP UP UP UP DOWN RIGHT RIGHT UP UP UP UP LEFT UP UP RIGHT DOWN DOWN DOWN DOWN DOWN UP LEFT LEFT DOWN DOWN LEFT LEFT LEFT UP UP RIGHT RIGHT LEFT LEFT DOWN DOWN RIGHT RIGHT RIGHT RIGHT RIGHT UP UP LEFT LEFT DOWN DOWN LEFT LEFT LEFT UP UP RIGHT RIGHT RIGHT DOWN DOWN RIGHT RIGHT UP UP RIGHT RIGHT RIGHT DOWN DOWN LEFT LEFT LEFT UP UP LEFT LEFT DOWN DOWN LEFT LEFT LEFT UP UP RIGHT RIGHT RIGHT RIGHT LEFT DOWN DOWN RIGHT RIGHT UP UP UP UP DOWN DOWN DOWN DOWN RIGHT LEFT UP UP UP UP LEFT UP UP RIGHT DOWN DOWN DOWN DOWN LEFT LEFT DOWN DOWN RIGHT RIGHT UP UP UP DOWN DOWN DOWN RIGHT RIGHT RIGHT UP UP RIGHT RIGHT DOWN DOWN LEFT DOWN LEFT UP UP DOWN LEFT LEFT LEFT UP UP UP UP DOWN DOWN DOWN DOWN RIGHT RIGHT RIGHT UP RIGHT UP LEFT DOWN DOWN LEFT LEFT LEFT UP UP UP UP LEFT UP UP RIGHT DOWN DOWN DOWN DOWN LEFT LEFT DOWN DOWN RIGHT RIGHT UP UP UP DOWN RIGHT RIGHT RIGHT DOWN DOWN LEFT LEFT LEFT UP UP UP UP LEFT UP UP RIGHT DOWN DOWN DOWN DOWN LEFT LEFT DOWN DOWN RIGHT RIGHT UP DOWN LEFT LEFT UP UP RIGHT RIGHT DOWN DOWN RIGHT RIGHT RIGHT UP UP LEFT LEFT LEFT DOWN DOWN RIGHT RIGHT RIGHT UP RIGHT RIGHT UP LEFT DOWN DOWN LEFT LEFT LEFT LEFT UP UP LEFT LEFT DOWN DOWN LEFT LEFT LEFT UP UP RIGHT RIGHT LEFT LEFT DOWN DOWN RIGHT RIGHT RIGHT RIGHT RIGHT RIGHT RIGHT RIGHT UP RIGHT UP LEFT DOWN DOWN LEFT LEFT LEFT UP UP LEFT LEFT DOWN DOWN RIGHT RIGHT UP UP RIGHT RIGHT LEFT LEFT DOWN DOWN RIGHT RIGHT RIGHT UP RIGHT UP LEFT LEFT LEFT LEFT DOWN DOWN LEFT LEFT UP UP LEFT LEFT RIGHT RIGHT DOWN DOWN LEFT LEFT LEFT UP LEFT UP UP RIGHT DOWN DOWN UP RIGHT RIGHT RIGHT RIGHT LEFT DOWN DOWN RIGHT RIGHT UP UP UP UP DOWN DOWN DOWN DOWN LEFT LEFT UP UP LEFT LEFT LEFT DOWN LEFT DOWN RIGHT UP UP RIGHT RIGHT RIGHT DOWN DOWN RIGHT RIGHT UP UP UP UP LEFT UP UP RIGHT DOWN DOWN DOWN DOWN DOWN UP LEFT LEFT DOWN DOWN LEFT LEFT RIGHT RIGHT UP UP LEFT LEFT LEFT DOWN LEFT DOWN RIGHT RIGHT LEFT UP UP RIGHT RIGHT RIGHT DOWN DOWN RIGHT RIGHT UP UP LEFT LEFT DOWN DOWN LEFT LEFT RIGHT RIGHT UP UP LEFT LEFT LEFT DOWN LEFT DOWN RIGHT UP UP RIGHT RIGHT RIGHT RIGHT RIGHT DOWN DOWN RIGHT LEFT UP UP LEFT LEFT DOWN DOWN LEFT LEFT RIGHT RIGHT UP UP LEFT LEFT LEFT DOWN LEFT DOWN RIGHT RIGHT LEFT UP UP RIGHT RIGHT RIGHT DOWN DOWN RIGHT RIGHT UP UP RIGHT RIGHT RIGHT DOWN DOWN LEFT LEFT LEFT UP UP LEFT LEFT DOWN DOWN LEFT LEFT RIGHT RIGHT UP UP LEFT LEFT LEFT DOWN LEFT DOWN RIGHT UP UP RIGHT RIGHT RIGHT RIGHT RIGHT DOWN DOWN LEFT RIGHT UP UP LEFT LEFT DOWN DOWN UP UP LEFT LEFT LEFT DOWN DOWN RIGHT LEFT UP UP RIGHT RIGHT RIGHT DOWN DOWN DOWN UP UP UP LEFT LEFT LEFT DOWN DOWN RIGHT RIGHT RIGHT DOWN DOWN UP UP UP UP RIGHT RIGHT DOWN DOWN LEFT LEFT LEFT LEFT RIGHT RIGHT DOWN DOWN LEFT DOWN DOWN RIGHT UP UP UP UP RIGHT RIGHT UP UP LEFT LEFT LEFT LEFT LEFT DOWN LEFT DOWN RIGHT RIGHT RIGHT RIGHT LEFT LEFT LEFT UP UP RIGHT RIGHT RIGHT DOWN DOWN RIGHT RIGHT UP UP LEFT LEFT DOWN DOWN DOWN UP UP UP RIGHT RIGHT DOWN DOWN RIGHT LEFT UP UP LEFT LEFT DOWN DOWN DOWN DOWN UP UP UP UP RIGHT RIGHT DOWN DOWN RIGHT RIGHT LEFT LEFT UP UP LEFT LEFT DOWN DOWN DOWN DOWN LEFT DOWN DOWN RIGHT UP UP UP UP UP DOWN RIGHT RIGHT UP UP RIGHT RIGHT RIGHT DOWN RIGHT DOWN DOWN LEFT UP LEFT LEFT LEFT UP UP LEFT LEFT DOWN DOWN LEFT LEFT LEFT UP UP RIGHT RIGHT RIGHT DOWN DOWN RIGHT RIGHT UP UP RIGHT RIGHT RIGHT DOWN UP RIGHT RIGHT DOWN DOWN LEFT LEFT UP UP LEFT LEFT LEFT LEFT LEFT DOWN DOWN RIGHT RIGHT UP UP RIGHT RIGHT RIGHT DOWN DOWN LEFT LEFT LEFT LEFT RIGHT UP UP LEFT LEFT DOWN DOWN UP UP LEFT LEFT RIGHT RIGHT DOWN DOWN DOWN UP LEFT LEFT LEFT UP LEFT UP UP RIGHT DOWN LEFT DOWN DOWN RIGHT RIGHT RIGHT RIGHT DOWN DOWN UP UP UP UP LEFT LEFT LEFT LEFT DOWN DOWN RIGHT UP LEFT UP RIGHT DOWN DOWN RIGHT RIGHT RIGHT DOWN DOWN LEFT DOWN DOWN RIGHT UP UP UP UP LEFT LEFT LEFT UP UP RIGHT LEFT DOWN DOWN RIGHT RIGHT RIGHT RIGHT RIGHT UP UP LEFT LEFT LEFT LEFT RIGHT RIGHT RIGHT RIGHT DOWN DOWN LEFT LEFT UP DOWN LEFT LEFT LEFT UP LEFT UP UP RIGHT DOWN DOWN LEFT DOWN RIGHT UP UP RIGHT RIGHT RIGHT LEFT LEFT LEFT DOWN DOWN RIGHT LEFT UP UP RIGHT RIGHT RIGHT RIGHT LEFT DOWN DOWN LEFT RIGHT UP UP LEFT LEFT LEFT DOWN DOWN RIGHT RIGHT LEFT LEFT UP UP RIGHT RIGHT RIGHT RIGHT RIGHT DOWN DOWN LEFT LEFT LEFT LEFT RIGHT RIGHT UP UP LEFT LEFT LEFT DOWN LEFT DOWN RIGHT UP UP RIGHT RIGHT RIGHT RIGHT RIGHT DOWN DOWN RIGHT RIGHT RIGHT UP UP LEFT LEFT RIGHT RIGHT DOWN DOWN LEFT LEFT LEFT UP UP UP DOWN DOWN DOWN LEFT LEFT UP UP LEFT LEFT LEFT DOWN DOWN RIGHT LEFT UP UP RIGHT RIGHT RIGHT DOWN DOWN RIGHT RIGHT UP UP UP UP LEFT UP UP RIGHT DOWN DOWN DOWN DOWN LEFT LEFT DOWN DOWN LEFT LEFT RIGHT RIGHT UP UP LEFT LEFT LEFT DOWN LEFT DOWN RIGHT RIGHT RIGHT LEFT LEFT UP UP RIGHT RIGHT RIGHT DOWN DOWN UP UP RIGHT RIGHT RIGHT RIGHT RIGHT DOWN DOWN LEFT LEFT LEFT UP UP UP UP DOWN DOWN DOWN DOWN LEFT LEFT DOWN UP UP UP RIGHT RIGHT UP UP LEFT UP UP RIGHT DOWN DOWN DOWN DOWN LEFT LEFT DOWN DOWN RIGHT RIGHT UP UP UP DOWN DOWN DOWN LEFT LEFT DOWN DOWN LEFT DOWN DOWN RIGHT UP UP UP UP UP DOWN RIGHT RIGHT UP UP LEFT LEFT DOWN DOWN RIGHT RIGHT UP UP UP UP DOWN DOWN DOWN DOWN LEFT LEFT UP UP LEFT LEFT RIGHT RIGHT DOWN DOWN LEFT LEFT LEFT UP LEFT UP UP RIGHT DOWN LEFT DOWN DOWN RIGHT RIGHT RIGHT RIGHT UP UP RIGHT RIGHT UP UP LEFT UP UP RIGHT DOWN DOWN DOWN DOWN DOWN UP LEFT LEFT DOWN DOWN LEFT LEFT LEFT UP DOWN RIGHT RIGHT RIGHT UP UP RIGHT RIGHT RIGHT RIGHT RIGHT DOWN DOWN LEFT LEFT LEFT UP UP LEFT LEFT DOWN DOWN LEFT LEFT LEFT UP LEFT UP UP RIGHT DOWN LEFT DOWN DOWN RIGHT RIGHT RIGHT RIGHT UP UP RIGHT RIGHT DOWN DOWN LEFT LEFT UP UP LEFT LEFT LEFT LEFT DOWN DOWN RIGHT UP DOWN RIGHT RIGHT LEFT LEFT UP LEFT UP RIGHT DOWN DOWN RIGHT RIGHT RIGHT RIGHT RIGHT RIGHT RIGHT LEFT LEFT UP UP LEFT LEFT DOWN DOWN LEFT LEFT LEFT UP UP RIGHT LEFT DOWN DOWN RIGHT RIGHT RIGHT UP UP RIGHT RIGHT DOWN DOWN RIGHT RIGHT RIGHT UP UP LEFT LEFT LEFT DOWN DOWN LEFT LEFT UP UP LEFT LEFT RIGHT RIGHT DOWN DOWN LEFT LEFT LEFT UP LEFT UP UP RIGHT DOWN DOWN UP RIGHT RIGHT RIGHT DOWN DOWN RIGHT RIGHT UP UP RIGHT RIGHT RIGHT DOWN DOWN DOWN RIGHT UP UP DOWN LEFT LEFT LEFT LEFT UP UP LEFT LEFT LEFT LEFT LEFT DOWN LEFT DOWN RIGHT UP UP RIGHT RIGHT RIGHT DOWN DOWN RIGHT RIGHT UP UP RIGHT RIGHT RIGHT DOWN DOWN RIGHT RIGHT UP UP LEFT DOWN DOWN LEFT LEFT LEFT LEFT UP UP LEFT LEFT DOWN DOWN LEFT LEFT RIGHT RIGHT UP UP LEFT LEFT LEFT DOWN LEFT DOWN RIGHT RIGHT LEFT UP UP RIGHT RIGHT RIGHT DOWN DOWN RIGHT RIGHT UP UP RIGHT RIGHT RIGHT DOWN DOWN RIGHT RIGHT UP UP LEFT LEFT LEFT LEFT RIGHT RIGHT DOWN DOWN LEFT LEFT LEFT UP UP DOWN DOWN LEFT LEFT UP UP LEFT LEFT LEFT DOWN DOWN RIGHT RIGHT RIGHT RIGHT RIGHT RIGHT RIGHT RIGHT UP UP RIGHT RIGHT DOWN DOWN LEFT DOWN LEFT UP LEFT LEFT LEFT UP UP UP UP LEFT UP UP RIGHT DOWN DOWN DOWN DOWN DOWN UP LEFT LEFT DOWN DOWN RIGHT RIGHT UP UP RIGHT RIGHT RIGHT DOWN UP LEFT LEFT LEFT DOWN DOWN RIGHT LEFT UP UP RIGHT RIGHT RIGHT DOWN RIGHT DOWN DOWN LEFT UP LEFT LEFT LEFT UP UP RIGHT RIGHT RIGHT DOWN UP LEFT LEFT LEFT DOWN DOWN LEFT LEFT UP UP LEFT LEFT LEFT DOWN DOWN RIGHT RIGHT LEFT LEFT UP UP RIGHT RIGHT RIGHT DOWN DOWN UP UP RIGHT RIGHT DOWN DOWN RIGHT RIGHT RIGHT UP UP LEFT LEFT LEFT DOWN DOWN LEFT LEFT DOWN UP UP UP RIGHT RIGHT DOWN DOWN RIGHT RIGHT RIGHT UP UP RIGHT RIGHT DOWN DOWN LEFT DOWN LEFT UP LEFT LEFT LEFT UP UP LEFT LEFT DOWN DOWN DOWN DOWN LEFT DOWN DOWN RIGHT UP UP UP UP LEFT LEFT LEFT UP UP RIGHT RIGHT RIGHT DOWN UP RIGHT RIGHT DOWN DOWN RIGHT RIGHT RIGHT RIGHT UP UP LEFT DOWN UP RIGHT RIGHT DOWN DOWN LEFT LEFT UP UP LEFT LEFT LEFT DOWN DOWN RIGHT RIGHT RIGHT UP UP LEFT LEFT LEFT DOWN DOWN LEFT LEFT UP UP LEFT LEFT LEFT DOWN DOWN RIGHT RIGHT RIGHT UP UP RIGHT RIGHT DOWN DOWN RIGHT RIGHT RIGHT DOWN RIGHT UP LEFT UP UP LEFT LEFT LEFT DOWN DOWN LEFT LEFT UP UP LEFT LEFT LEFT DOWN DOWN RIGHT RIGHT LEFT LEFT UP UP RIGHT RIGHT RIGHT DOWN DOWN DOWN DOWN LEFT DOWN DOWN RIGHT UP UP UP UP UP DOWN LEFT LEFT LEFT UP UP RIGHT RIGHT RIGHT DOWN DOWN RIGHT RIGHT UP UP LEFT LEFT LEFT LEFT RIGHT RIGHT DOWN DOWN LEFT LEFT LEFT UP LEFT UP UP RIGHT DOWN LEFT DOWN DOWN RIGHT RIGHT RIGHT RIGHT UP UP RIGHT RIGHT DOWN DOWN RIGHT RIGHT RIGHT UP UP RIGHT DOWN RIGHT DOWN LEFT UP UP LEFT LEFT LEFT LEFT DOWN DOWN LEFT LEFT UP UP LEFT LEFT LEFT LEFT DOWN DOWN RIGHT UP DOWN RIGHT RIGHT RIGHT UP UP RIGHT RIGHT DOWN DOWN RIGHT RIGHT RIGHT UP UP RIGHT RIGHT DOWN DOWN LEFT DOWN LEFT UP LEFT LEFT LEFT UP UP LEFT LEFT DOWN DOWN LEFT LEFT LEFT UP LEFT UP UP RIGHT DOWN,1000000,25.0,0
162,2026-08-23T15:31:11-03:00,levels/experiments/level_03.txt,bfs,null,5,success,,43,43,10,43709,71,2898,0.305854416,RIGHT DOWN RIGHT RIGHT RIGHT UP UP LEFT LEFT RIGHT RIGHT DOWN DOWN LEFT LEFT LEFT UP LEFT LEFT DOWN RIGHT RIGHT UP LEFT UP UP RIGHT DOWN RIGHT RIGHT RIGHT DOWN DOWN LEFT UP RIGHT UP LEFT LEFT LEFT UP LEFT DOWN,1000000,25.0,0
163,2026-08-23T15:31:12-03:00,levels/experiments/level_04.txt,greedy,shortest_push_access,9,success,,96,96,40,5744,3064,3065,0.174400834,UP UP UP RIGHT RIGHT UP UP UP UP LEFT UP UP RIGHT DOWN DOWN DOWN DOWN LEFT LEFT DOWN DOWN RIGHT RIGHT UP DOWN LEFT LEFT UP UP RIGHT RIGHT RIGHT RIGHT RIGHT DOWN RIGHT RIGHT UP LEFT LEFT LEFT LEFT LEFT LEFT LEFT LEFT LEFT RIGHT RIGHT DOWN DOWN DOWN DOWN LEFT DOWN DOWN RIGHT UP UP UP UP LEFT LEFT LEFT UP LEFT UP UP RIGHT DOWN RIGHT RIGHT RIGHT DOWN UP LEFT LEFT LEFT LEFT DOWN DOWN RIGHT RIGHT RIGHT RIGHT RIGHT RIGHT RIGHT RIGHT RIGHT DOWN RIGHT UP RIGHT UP LEFT,1000000,25.0,0
164,2026-08-23T15:31:12-03:00,levels/experiments/level_02.txt,greedy,minimum_matching_manhattan,5,success,,96,96,19,756,76,77,0.006215167,LEFT RIGHT UP UP RIGHT RIGHT DOWN DOWN LEFT RIGHT UP UP LEFT LEFT LEFT LEFT DOWN LEFT DOWN DOWN RIGHT UP UP UP UP DOWN DOWN DOWN LEFT LEFT LEFT LEFT UP UP RIGHT UP RIGHT UP RIGHT RIGHT RIGHT LEFT DOWN DOWN RIGHT RIGHT UP UP UP DOWN DOWN DOWN LEFT LEFT DOWN DOWN RIGHT RIGHT RIGHT LEFT UP UP RIGHT RIGHT DOWN RIGHT DOWN DOWN LEFT UP UP UP UP DOWN DOWN DOWN RIGHT RIGHT RIGHT RIGHT UP UP LEFT UP LEFT UP LEFT LEFT LEFT RIGHT DOWN DOWN LEFT LEFT UP UP,1000000,25.0,0
165,2026-08-23T15:31:12-03:00,levels/experiments/level_04.txt,astar,minimum_matching_manhattan,7,success,,54,54,20,45814,2599,3114,0.425299,UP UP UP UP DOWN RIGHT RIGHT UP UP UP UP LEFT UP UP RIGHT DOWN DOWN DOWN DOWN DOWN UP LEFT LEFT LEFT LEFT RIGHT RIGHT DOWN DOWN LEFT LEFT LEFT UP LEFT UP UP RIGHT DOWN RIGHT RIGHT RIGHT DOWN DOWN RIGHT RIGHT RIGHT RIGHT RIGHT DOWN RIGHT UP RIGHT UP LEFT,1000000,25.0,0
166,2026-08-23T15:31:12-03:00,levels/experiments/level_03.txt,dfs,null,3,success,,51,51,14,43449,19,103,0.286624875,UP RIGHT RIGHT LEFT LEFT DOWN RIGHT DOWN RIGHT RIGHT RIGHT UP UP LEFT LEFT LEFT DOWN LEFT LEFT DOWN RIGHT RIGHT UP UP UP LEFT DOWN RIGHT DOWN DOWN LEFT LEFT UP RIGHT UP RIGHT RIGHT RIGHT RIGHT DOWN DOWN LEFT UP RIGHT UP LEFT LEFT LEFT UP LEFT DOWN,1000000,25.0,0
167,2026-08-23T15:31:13-03:00,levels/experiments/level_02.txt,greedy,shortest_push_access,6,success,,126,126,29,22399,1621,2979,0.80683725,LEFT RIGHT UP UP LEFT LEFT DOWN LEFT DOWN DOWN RIGHT UP RIGHT RIGHT RIGHT LEFT LEFT LEFT UP UP RIGHT RIGHT RIGHT RIGHT DOWN RIGHT DOWN LEFT LEFT LEFT LEFT RIGHT UP UP LEFT LEFT DOWN LEFT DOWN DOWN RIGHT UP RIGHT RIGHT UP UP LEFT LEFT UP DOWN RIGHT RIGHT UP UP LEFT LEFT DOWN DOWN DOWN LEFT DOWN LEFT LEFT LEFT UP UP RIGHT UP RIGHT UP RIGHT RIGHT RIGHT LEFT DOWN DOWN DOWN LEFT DOWN DOWN RIGHT UP UP UP UP DOWN RIGHT RIGHT UP UP LEFT LEFT DOWN DOWN DOWN DOWN LEFT LEFT LEFT LEFT UP UP RIGHT UP RIGHT UP RIGHT RIGHT RIGHT RIGHT UP DOWN DOWN DOWN RIGHT RIGHT UP UP LEFT RIGHT DOWN DOWN LEFT LEFT UP UP,1000000,25.0,0
168,2026-08-23T15:31:14-03:00,levels/experiments/level_04.txt,bfs,null,10,success,,54,54,20,64687,1778,3178,0.434888208,UP UP UP UP DOWN RIGHT RIGHT UP UP UP UP LEFT UP UP RIGHT DOWN DOWN DOWN DOWN DOWN UP LEFT LEFT LEFT LEFT RIGHT RIGHT DOWN DOWN LEFT LEFT LEFT UP LEFT UP UP RIGHT DOWN RIGHT RIGHT RIGHT DOWN DOWN RIGHT RIGHT RIGHT RIGHT RIGHT DOWN RIGHT UP RIGHT UP LEFT,1000000,25.0,0
169,2026-08-23T15:31:15-03:00,levels/experiments/level_02.txt,astar,shortest_push_access,6,success,,78,78,17,26823,190,1199,1.034033208,LEFT RIGHT RIGHT LEFT UP UP LEFT LEFT DOWN LEFT DOWN DOWN RIGHT UP UP UP UP DOWN DOWN DOWN LEFT LEFT LEFT LEFT UP UP RIGHT UP RIGHT UP RIGHT RIGHT RIGHT LEFT DOWN DOWN RIGHT RIGHT UP UP UP DOWN DOWN DOWN RIGHT RIGHT DOWN RIGHT DOWN DOWN LEFT UP UP UP UP DOWN DOWN DOWN RIGHT RIGHT RIGHT RIGHT UP UP LEFT UP LEFT UP LEFT LEFT LEFT RIGHT DOWN DOWN LEFT LEFT UP UP,1000000,25.0,0
170,2026-08-23T15:31:15-03:00,levels/experiments/level_04.txt,greedy,minimum_matching_manhattan,10,success,,64,64,18,867,136,144,0.007248,UP UP UP UP DOWN RIGHT RIGHT UP UP LEFT LEFT LEFT LEFT RIGHT RIGHT DOWN DOWN LEFT LEFT LEFT UP LEFT UP UP RIGHT DOWN RIGHT RIGHT RIGHT RIGHT RIGHT UP UP LEFT UP UP RIGHT DOWN DOWN DOWN DOWN DOWN UP LEFT LEFT DOWN DOWN RIGHT RIGHT RIGHT RIGHT LEFT LEFT UP UP RIGHT RIGHT RIGHT DOWN RIGHT DOWN DOWN LEFT UP,1000000,25.0,0
171,2026-08-23T15:31:16-03:00,levels/experiments/level_03.txt,greedy,shortest_push_access,2,success,,83,83,22,34565,5793,9151,0.931964875,RIGHT DOWN RIGHT RIGHT RIGHT UP UP LEFT LEFT LEFT DOWN LEFT LEFT DOWN RIGHT RIGHT RIGHT LEFT UP UP UP LEFT DOWN RIGHT RIGHT RIGHT RIGHT DOWN DOWN LEFT UP RIGHT UP LEFT LEFT LEFT DOWN RIGHT LEFT DOWN LEFT LEFT UP RIGHT DOWN RIGHT RIGHT UP UP LEFT UP LEFT DOWN RIGHT RIGHT DOWN DOWN LEFT UP DOWN LEFT LEFT UP RIGHT DOWN RIGHT RIGHT UP UP RIGHT RIGHT DOWN DOWN LEFT RIGHT UP LEFT UP LEFT LEFT UP LEFT DOWN,1000000,25.0,0
172,2026-08-23T15:31:16-03:00,levels/experiments/level_04.txt,bfs,null,3,success,,54,54,20,64687,1778,3178,0.432457125,UP UP UP UP DOWN RIGHT RIGHT UP UP UP UP LEFT UP UP RIGHT DOWN DOWN DOWN DOWN DOWN UP LEFT LEFT LEFT LEFT RIGHT RIGHT DOWN DOWN LEFT LEFT LEFT UP LEFT UP UP RIGHT DOWN RIGHT RIGHT RIGHT DOWN DOWN RIGHT RIGHT RIGHT RIGHT RIGHT DOWN RIGHT UP RIGHT UP LEFT,1000000,25.0,0
173,2026-08-23T15:31:17-03:00,levels/experiments/level_03.txt,dfs,null,8,success,,51,51,14,43449,19,103,0.291805334,UP RIGHT RIGHT LEFT LEFT DOWN RIGHT DOWN RIGHT RIGHT RIGHT UP UP LEFT LEFT LEFT DOWN LEFT LEFT DOWN RIGHT RIGHT UP UP UP LEFT DOWN RIGHT DOWN DOWN LEFT LEFT UP RIGHT UP RIGHT RIGHT RIGHT RIGHT DOWN DOWN LEFT UP RIGHT UP LEFT LEFT LEFT UP LEFT DOWN,1000000,25.0,0
174,2026-08-23T15:31:18-03:00,levels/experiments/level_03.txt,astar,minimum_matching_manhattan,4,success,,43,43,10,43039,210,3515,1.061738375,RIGHT DOWN RIGHT RIGHT RIGHT UP UP LEFT LEFT RIGHT RIGHT DOWN DOWN LEFT LEFT LEFT UP LEFT LEFT DOWN RIGHT RIGHT UP LEFT UP UP RIGHT DOWN RIGHT RIGHT RIGHT DOWN DOWN LEFT UP RIGHT UP LEFT LEFT LEFT UP LEFT DOWN,1000000,25.0,0
175,2026-08-23T15:31:18-03:00,levels/experiments/level_04.txt,bfs,null,5,success,,54,54,20,64687,1778,3178,0.443638625,UP UP UP UP DOWN RIGHT RIGHT UP UP UP UP LEFT UP UP RIGHT DOWN DOWN DOWN DOWN DOWN UP LEFT LEFT LEFT LEFT RIGHT RIGHT DOWN DOWN LEFT LEFT LEFT UP LEFT UP UP RIGHT DOWN RIGHT RIGHT RIGHT DOWN DOWN RIGHT RIGHT RIGHT RIGHT RIGHT DOWN RIGHT UP RIGHT UP LEFT,1000000,25.0,0
176,2026-08-23T15:31:19-03:00,levels/experiments/level_04.txt,dfs,null,1,success,,2044,2044,386,70252,1123,1187,0.453079583,UP UP UP UP DOWN LEFT LEFT LEFT UP UP RIGHT RIGHT RIGHT DOWN DOWN RIGHT RIGHT UP UP UP UP DOWN DOWN DOWN DOWN LEFT LEFT UP UP RIGHT RIGHT UP UP LEFT UP UP RIGHT DOWN DOWN DOWN DOWN DOWN UP LEFT LEFT DOWN DOWN RIGHT RIGHT UP UP RIGHT LEFT DOWN DOWN RIGHT LEFT UP UP RIGHT RIGHT LEFT LEFT DOWN DOWN RIGHT RIGHT LEFT LEFT UP UP RIGHT RIGHT RIGHT DOWN RIGHT DOWN DOWN LEFT UP RIGHT UP RIGHT UP LEFT LEFT DOWN UP LEFT LEFT LEFT DOWN DOWN LEFT LEFT UP UP RIGHT LEFT DOWN DOWN RIGHT RIGHT UP UP UP UP DOWN DOWN DOWN DOWN RIGHT RIGHT RIGHT UP UP LEFT LEFT LEFT UP UP LEFT UP UP RIGHT DOWN DOWN DOWN DOWN DOWN UP LEFT LEFT DOWN DOWN RIGHT RIGHT UP UP RIGHT RIGHT RIGHT DOWN DOWN DOWN RIGHT UP UP DOWN LEFT LEFT LEFT LEFT UP UP LEFT LEFT DOWN DOWN RIGHT LEFT UP UP RIGHT RIGHT RIGHT RIGHT RIGHT DOWN DOWN RIGHT RIGHT UP UP LEFT DOWN DOWN LEFT LEFT LEFT LEFT UP UP RIGHT RIGHT RIGHT DOWN DOWN RIGHT RIGHT UP UP LEFT LEFT DOWN DOWN LEFT LEFT LEFT LEFT LEFT UP UP LEFT LEFT LEFT DOWN DOWN RIGHT RIGHT LEFT LEFT UP UP RIGHT RIGHT RIGHT DOWN DOWN UP UP RIGHT RIGHT DOWN DOWN RIGHT RIGHT RIGHT UP UP LEFT LEFT LEFT DOWN DOWN LEFT LEFT UP UP RIGHT LEFT DOWN DOWN DOWN UP UP UP RIGHT RIGHT DOWN DOWN LEFT LEFT DOWN DOWN UP UP UP UP RIGHT RIGHT DOWN DOWN RIGHT RIGHT RIGHT UP UP LEFT LEFT LEFT DOWN DOWN LEFT LEFT UP UP RIGHT LEFT DOWN DOWN RIGHT RIGHT UP UP UP UP DOWN DOWN DOWN DOWN LEFT LEFT DOWN DOWN LEFT DOWN DOWN RIGHT UP UP UP UP UP DOWN RIGHT RIGHT UP UP UP UP LEFT UP UP RIGHT DOWN DOWN DOWN DOWN DOWN UP LEFT LEFT DOWN DOWN LEFT LEFT LEFT UP UP RIGHT RIGHT LEFT LEFT DOWN DOWN RIGHT RIGHT RIGHT RIGHT RIGHT UP UP LEFT LEFT DOWN DOWN LEFT LEFT LEFT UP UP RIGHT RIGHT RIGHT DOWN DOWN RIGHT RIGHT UP UP RIGHT RIGHT RIGHT DOWN DOWN LEFT LEFT LEFT UP UP LEFT LEFT DOWN DOWN LEFT LEFT LEFT UP UP RIGHT RIGHT RIGHT RIGHT LEFT DOWN DOWN RIGHT RIGHT UP UP UP UP DOWN DOWN DOWN DOWN RIGHT LEFT UP UP UP UP LEFT UP UP RIGHT DOWN DOWN DOWN DOWN LEFT LEFT DOWN DOWN RIGHT RIGHT UP UP UP DOWN DOWN DOWN RIGHT RIGHT RIGHT UP UP RIGHT RIGHT DOWN DOWN LEFT DOWN LEFT UP UP DOWN LEFT LEFT LEFT UP UP UP UP DOWN DOWN DOWN DOWN RIGHT RIGHT RIGHT UP RIGHT UP LEFT DOWN DOWN LEFT LEFT LEFT UP UP UP UP LEFT UP UP RIGHT DOWN DOWN DOWN DOWN LEFT LEFT DOWN DOWN RIGHT RIGHT UP UP UP DOWN RIGHT RIGHT RIGHT DOWN DOWN LEFT LEFT LEFT UP UP UP UP LEFT UP UP RIGHT DOWN DOWN DOWN DOWN LEFT LEFT DOWN DOWN RIGHT RIGHT UP DOWN LEFT LEFT UP UP RIGHT RIGHT DOWN DOWN RIGHT RIGHT RIGHT UP UP LEFT LEFT LEFT DOWN DOWN RIGHT RIGHT RIGHT UP RIGHT RIGHT UP LEFT DOWN DOWN LEFT LEFT LEFT LEFT UP UP LEFT LEFT DOWN DOWN LEFT LEFT LEFT UP UP RIGHT RIGHT LEFT LEFT DOWN DOWN RIGHT RIGHT RIGHT RIGHT RIGHT RIGHT RIGHT RIGHT UP RIGHT UP LEFT DOWN DOWN LEFT LEFT LEFT UP UP LEFT LEFT DOWN DOWN RIGHT RIGHT UP UP RIGHT RIGHT LEFT LEFT DOWN DOWN RIGHT RIGHT RIGHT UP RIGHT UP LEFT LEFT LEFT LEFT DOWN DOWN LEFT LEFT UP UP LEFT LEFT RIGHT RIGHT DOWN DOWN LEFT LEFT LEFT UP LEFT UP UP RIGHT DOWN DOWN UP RIGHT RIGHT RIGHT RIGHT LEFT DOWN DOWN RIGHT RIGHT UP UP UP UP DOWN DOWN DOWN DOWN LEFT LEFT UP UP LEFT LEFT LEFT DOWN LEFT DOWN RIGHT UP UP RIGHT RIGHT RIGHT DOWN DOWN RIGHT RIGHT UP UP UP UP LEFT UP UP RIGHT DOWN DOWN DOWN DOWN DOWN UP LEFT LEFT DOWN DOWN LEFT LEFT RIGHT RIGHT UP UP LEFT LEFT LEFT DOWN LEFT DOWN RIGHT RIGHT LEFT UP UP RIGHT RIGHT RIGHT DOWN DOWN RIGHT RIGHT UP UP LEFT LEFT DOWN DOWN LEFT LEFT RIGHT RIGHT UP UP LEFT LEFT LEFT DOWN LEFT DOWN RIGHT UP UP RIGHT RIGHT RIGHT RIGHT RIGHT DOWN DOWN RIGHT LEFT UP UP LEFT LEFT DOWN DOWN LEFT LEFT RIGHT RIGHT UP UP LEFT LEFT LEFT DOWN LEFT DOWN RIGHT RIGHT LEFT UP UP RIGHT RIGHT RIGHT DOWN DOWN RIGHT RIGHT UP UP RIGHT RIGHT RIGHT DOWN DOWN LEFT LEFT LEFT UP UP LEFT LEFT DOWN DOWN LEFT LEFT RIGHT RIGHT UP UP LEFT LEFT LEFT DOWN LEFT DOWN RIGHT UP UP RIGHT RIGHT RIGHT RIGHT RIGHT DOWN DOWN LEFT RIGHT UP UP LEFT LEFT DOWN DOWN UP UP LEFT LEFT LEFT DOWN DOWN RIGHT LEFT UP UP RIGHT RIGHT RIGHT DOWN DOWN DOWN UP UP UP LEFT LEFT LEFT DOWN DOWN RIGHT RIGHT RIGHT DOWN DOWN UP UP UP UP RIGHT RIGHT DOWN DOWN LEFT LEFT LEFT LEFT RIGHT RIGHT DOWN DOWN LEFT DOWN DOWN RIGHT UP UP UP UP RIGHT RIGHT UP UP LEFT LEFT LEFT LEFT LEFT DOWN LEFT DOWN RIGHT RIGHT RIGHT RIGHT LEFT LEFT LEFT UP UP RIGHT RIGHT RIGHT DOWN DOWN RIGHT RIGHT UP UP LEFT LEFT DOWN DOWN DOWN UP UP UP RIGHT RIGHT DOWN DOWN RIGHT LEFT UP UP LEFT LEFT DOWN DOWN DOWN DOWN UP UP UP UP RIGHT RIGHT DOWN DOWN RIGHT RIGHT LEFT LEFT UP UP LEFT LEFT DOWN DOWN DOWN DOWN LEFT DOWN DOWN RIGHT UP UP UP UP UP DOWN RIGHT RIGHT UP UP RIGHT RIGHT RIGHT DOWN RIGHT DOWN DOWN LEFT UP LEFT LEFT LEFT UP UP LEFT LEFT DOWN DOWN LEFT LEFT LEFT UP UP RIGHT RIGHT RIGHT DOWN DOWN RIGHT RIGHT UP UP RIGHT RIGHT RIGHT DOWN UP RIGHT RIGHT DOWN DOWN LEFT LEFT UP UP LEFT LEFT LEFT LEFT LEFT DOWN DOWN RIGHT RIGHT UP UP RIGHT RIGHT RIGHT DOWN DOWN LEFT LEFT LEFT LEFT RIGHT UP UP LEFT LEFT DOWN DOWN UP UP LEFT LEFT RIGHT RIGHT DOWN DOWN DOWN UP LEFT LEFT LEFT UP LEFT UP UP RIGHT DOWN LEFT DOWN DOWN RIGHT RIGHT RIGHT RIGHT DOWN DOWN UP UP UP UP LEFT LEFT LEFT LEFT DOWN DOWN RIGHT UP LEFT UP RIGHT DOWN DOWN RIGHT RIGHT RIGHT DOWN DOWN LEFT DOWN DOWN RIGHT UP UP UP UP LEFT LEFT LEFT UP UP RIGHT LEFT DOWN DOWN RIGHT RIGHT RIGHT RIGHT RIGHT UP UP LEFT LEFT LEFT LEFT RIGHT RIGHT RIGHT RIGHT DOWN DOWN LEFT LEFT UP DOWN LEFT LEFT LEFT UP LEFT UP UP RIGHT DOWN DOWN LEFT DOWN RIGHT UP UP RIGHT RIGHT RIGHT LEFT LEFT LEFT DOWN DOWN RIGHT LEFT UP UP RIGHT RIGHT RIGHT RIGHT LEFT DOWN DOWN LEFT RIGHT UP UP LEFT LEFT LEFT DOWN DOWN RIGHT RIGHT LEFT LEFT UP UP RIGHT RIGHT RIGHT RIGHT RIGHT DOWN DOWN LEFT LEFT LEFT LEFT RIGHT RIGHT UP UP LEFT LEFT LEFT DOWN LEFT DOWN RIGHT UP UP RIGHT RIGHT RIGHT RIGHT RIGHT DOWN DOWN RIGHT RIGHT RIGHT UP UP LEFT LEFT RIGHT RIGHT DOWN DOWN LEFT LEFT LEFT UP UP UP DOWN DOWN DOWN LEFT LEFT UP UP LEFT LEFT LEFT DOWN DOWN RIGHT LEFT UP UP RIGHT RIGHT RIGHT DOWN DOWN RIGHT RIGHT UP UP UP UP LEFT UP UP RIGHT DOWN DOWN DOWN DOWN LEFT LEFT DOWN DOWN LEFT LEFT RIGHT RIGHT UP UP LEFT LEFT LEFT DOWN LEFT DOWN RIGHT RIGHT RIGHT LEFT LEFT UP UP RIGHT RIGHT RIGHT DOWN DOWN UP UP RIGHT RIGHT RIGHT RIGHT RIGHT DOWN DOWN LEFT LEFT LEFT UP UP UP UP DOWN DOWN DOWN DOWN LEFT LEFT DOWN UP UP UP RIGHT RIGHT UP UP LEFT UP UP RIGHT DOWN DOWN DOWN DOWN LEFT LEFT DOWN DOWN RIGHT RIGHT UP UP UP DOWN DOWN DOWN LEFT LEFT DOWN DOWN LEFT DOWN DOWN RIGHT UP UP UP UP UP DOWN RIGHT RIGHT UP UP LEFT LEFT DOWN DOWN RIGHT RIGHT UP UP UP UP DOWN DOWN DOWN DOWN LEFT LEFT UP UP LEFT LEFT RIGHT RIGHT DOWN DOWN LEFT LEFT LEFT UP LEFT UP UP RIGHT DOWN LEFT DOWN DOWN RIGHT RIGHT RIGHT RIGHT UP UP RIGHT RIGHT UP UP LEFT UP UP RIGHT DOWN DOWN DOWN DOWN DOWN UP LEFT LEFT DOWN DOWN LEFT LEFT LEFT UP DOWN RIGHT RIGHT RIGHT UP UP RIGHT RIGHT RIGHT RIGHT RIGHT DOWN DOWN LEFT LEFT LEFT UP UP LEFT LEFT DOWN DOWN LEFT LEFT LEFT UP LEFT UP UP RIGHT DOWN LEFT DOWN DOWN RIGHT RIGHT RIGHT RIGHT UP UP RIGHT RIGHT DOWN DOWN LEFT LEFT UP UP LEFT LEFT LEFT LEFT DOWN DOWN RIGHT UP DOWN RIGHT RIGHT LEFT LEFT UP LEFT UP RIGHT DOWN DOWN RIGHT RIGHT RIGHT RIGHT RIGHT RIGHT RIGHT LEFT LEFT UP UP LEFT LEFT DOWN DOWN LEFT LEFT LEFT UP UP RIGHT LEFT DOWN DOWN RIGHT RIGHT RIGHT UP UP RIGHT RIGHT DOWN DOWN RIGHT RIGHT RIGHT UP UP LEFT LEFT LEFT DOWN DOWN LEFT LEFT UP UP LEFT LEFT RIGHT RIGHT DOWN DOWN LEFT LEFT LEFT UP LEFT UP UP RIGHT DOWN DOWN UP RIGHT RIGHT RIGHT DOWN DOWN RIGHT RIGHT UP UP RIGHT RIGHT RIGHT DOWN DOWN DOWN RIGHT UP UP DOWN LEFT LEFT LEFT LEFT UP UP LEFT LEFT LEFT LEFT LEFT DOWN LEFT DOWN RIGHT UP UP RIGHT RIGHT RIGHT DOWN DOWN RIGHT RIGHT UP UP RIGHT RIGHT RIGHT DOWN DOWN RIGHT RIGHT UP UP LEFT DOWN DOWN LEFT LEFT LEFT LEFT UP UP LEFT LEFT DOWN DOWN LEFT LEFT RIGHT RIGHT UP UP LEFT LEFT LEFT DOWN LEFT DOWN RIGHT RIGHT LEFT UP UP RIGHT RIGHT RIGHT DOWN DOWN RIGHT RIGHT UP UP RIGHT RIGHT RIGHT DOWN DOWN RIGHT RIGHT UP UP LEFT LEFT LEFT LEFT RIGHT RIGHT DOWN DOWN LEFT LEFT LEFT UP UP DOWN DOWN LEFT LEFT UP UP LEFT LEFT LEFT DOWN DOWN RIGHT RIGHT RIGHT RIGHT RIGHT RIGHT RIGHT RIGHT UP UP RIGHT RIGHT DOWN DOWN LEFT DOWN LEFT UP LEFT LEFT LEFT UP UP UP UP LEFT UP UP RIGHT DOWN DOWN DOWN DOWN DOWN UP LEFT LEFT DOWN DOWN RIGHT RIGHT UP UP RIGHT RIGHT RIGHT DOWN UP LEFT LEFT LEFT DOWN DOWN RIGHT LEFT UP UP RIGHT RIGHT RIGHT DOWN RIGHT DOWN DOWN LEFT UP LEFT LEFT LEFT UP UP RIGHT RIGHT RIGHT DOWN UP LEFT LEFT LEFT DOWN DOWN LEFT LEFT UP UP LEFT LEFT LEFT DOWN DOWN RIGHT RIGHT LEFT LEFT UP UP RIGHT RIGHT RIGHT DOWN DOWN UP UP RIGHT RIGHT DOWN DOWN RIGHT RIGHT RIGHT UP UP LEFT LEFT LEFT DOWN DOWN LEFT LEFT DOWN UP UP UP RIGHT RIGHT DOWN DOWN RIGHT RIGHT RIGHT UP UP RIGHT RIGHT DOWN DOWN LEFT DOWN LEFT UP LEFT LEFT LEFT UP UP LEFT LEFT DOWN DOWN DOWN DOWN LEFT DOWN DOWN RIGHT UP UP UP UP LEFT LEFT LEFT UP UP RIGHT RIGHT RIGHT DOWN UP RIGHT RIGHT DOWN DOWN RIGHT RIGHT RIGHT RIGHT UP UP LEFT DOWN UP RIGHT RIGHT DOWN DOWN LEFT LEFT UP UP LEFT LEFT LEFT DOWN DOWN RIGHT RIGHT RIGHT UP UP LEFT LEFT LEFT DOWN DOWN LEFT LEFT UP UP LEFT LEFT LEFT DOWN DOWN RIGHT RIGHT RIGHT UP UP RIGHT RIGHT DOWN DOWN RIGHT RIGHT RIGHT DOWN RIGHT UP LEFT UP UP LEFT LEFT LEFT DOWN DOWN LEFT LEFT UP UP LEFT LEFT LEFT DOWN DOWN RIGHT RIGHT LEFT LEFT UP UP RIGHT RIGHT RIGHT DOWN DOWN DOWN DOWN LEFT DOWN DOWN RIGHT UP UP UP UP UP DOWN LEFT LEFT LEFT UP UP RIGHT RIGHT RIGHT DOWN DOWN RIGHT RIGHT UP UP LEFT LEFT LEFT LEFT RIGHT RIGHT DOWN DOWN LEFT LEFT LEFT UP LEFT UP UP RIGHT DOWN LEFT DOWN DOWN RIGHT RIGHT RIGHT RIGHT UP UP RIGHT RIGHT DOWN DOWN RIGHT RIGHT RIGHT UP UP RIGHT DOWN RIGHT DOWN LEFT UP UP LEFT LEFT LEFT LEFT DOWN DOWN LEFT LEFT UP UP LEFT LEFT LEFT LEFT DOWN DOWN RIGHT UP DOWN RIGHT RIGHT RIGHT UP UP RIGHT RIGHT DOWN DOWN RIGHT RIGHT RIGHT UP UP RIGHT RIGHT DOWN DOWN LEFT DOWN LEFT UP LEFT LEFT LEFT UP UP LEFT LEFT DOWN DOWN LEFT LEFT LEFT UP LEFT UP UP RIGHT DOWN,1000000,25.0,0
177,2026-08-23T15:31:19-03:00,levels/experiments/level_03.txt,bfs,null,7,success,,43,43,10,43709,71,2898,0.306027541,RIGHT DOWN RIGHT RIGHT RIGHT UP UP LEFT LEFT RIGHT RIGHT DOWN DOWN LEFT LEFT LEFT UP LEFT LEFT DOWN RIGHT RIGHT UP LEFT UP UP RIGHT DOWN RIGHT RIGHT RIGHT DOWN DOWN LEFT UP RIGHT UP LEFT LEFT LEFT UP LEFT DOWN,1000000,25.0,0
178,2026-08-23T15:31:19-03:00,levels/experiments/level_02.txt,dfs,null,1,success,,174,174,27,2101,94,95,0.012575875,LEFT LEFT UP UP UP UP LEFT LEFT DOWN LEFT DOWN LEFT DOWN DOWN RIGHT RIGHT RIGHT UP RIGHT UP UP UP RIGHT RIGHT DOWN DOWN RIGHT RIGHT UP UP RIGHT RIGHT DOWN RIGHT DOWN RIGHT DOWN DOWN LEFT LEFT LEFT LEFT LEFT LEFT UP UP UP UP LEFT LEFT DOWN DOWN DOWN LEFT DOWN DOWN RIGHT UP UP UP UP DOWN DOWN DOWN LEFT LEFT LEFT LEFT UP UP RIGHT UP RIGHT UP RIGHT RIGHT DOWN DOWN DOWN DOWN RIGHT LEFT UP UP UP UP RIGHT LEFT DOWN DOWN DOWN DOWN RIGHT RIGHT UP UP UP UP UP DOWN DOWN DOWN DOWN DOWN RIGHT LEFT UP UP UP UP RIGHT RIGHT DOWN DOWN DOWN RIGHT DOWN DOWN LEFT UP UP UP UP DOWN DOWN DOWN LEFT LEFT UP UP UP UP RIGHT RIGHT DOWN DOWN DOWN DOWN RIGHT RIGHT RIGHT RIGHT UP UP LEFT UP LEFT UP LEFT LEFT LEFT LEFT DOWN DOWN DOWN DOWN LEFT LEFT UP UP UP UP RIGHT LEFT DOWN DOWN DOWN DOWN RIGHT RIGHT UP UP UP UP,1000000,25.0,0
179,2026-08-23T15:31:21-03:00,levels/experiments/level_03.txt,astar,minimum_matching_manhattan,8,success,,43,43,10,43039,210,3515,1.070134583,RIGHT DOWN RIGHT RIGHT RIGHT UP UP LEFT LEFT RIGHT RIGHT DOWN DOWN LEFT LEFT LEFT UP LEFT LEFT DOWN RIGHT RIGHT UP LEFT UP UP RIGHT DOWN RIGHT RIGHT RIGHT DOWN DOWN LEFT UP RIGHT UP LEFT LEFT LEFT UP LEFT DOWN,1000000,25.0,0
180,2026-08-23T15:31:22-03:00,levels/experiments/level_03.txt,greedy,shortest_push_access,9,success,,83,83,22,34565,5793,9151,0.935638042,RIGHT DOWN RIGHT RIGHT RIGHT UP UP LEFT LEFT LEFT DOWN LEFT LEFT DOWN RIGHT RIGHT RIGHT LEFT UP UP UP LEFT DOWN RIGHT RIGHT RIGHT RIGHT DOWN DOWN LEFT UP RIGHT UP LEFT LEFT LEFT DOWN RIGHT LEFT DOWN LEFT LEFT UP RIGHT DOWN RIGHT RIGHT UP UP LEFT UP LEFT DOWN RIGHT RIGHT DOWN DOWN LEFT UP DOWN LEFT LEFT UP RIGHT DOWN RIGHT RIGHT UP UP RIGHT RIGHT DOWN DOWN LEFT RIGHT UP LEFT UP LEFT LEFT UP LEFT DOWN,1000000,25.0,0
