epoch,mse,validation_mse,accuracy,converged,training_accuracy,training_macro_precision_present,training_macro_recall_present,training_macro_f1_present,validation_accuracy,validation_macro_precision_present,validation_macro_recall_present,validation_macro_f1_present
0,0.27752728370681806,0.28004008093202476,,False,0.11015162164875991,0.0919962531650494,0.11625109845496838,0.08575409873142074,0.10441767068273092,0.09712462635848775,0.10716887157611227,0.08373246294608572
1,0.08640977477612324,0.08638880679584929,,False,0.31107540917762827,0.20141489867206064,0.27413124826970897,0.18691830228915396,0.3144578313253012,0.22324796383633533,0.2764629606501513,0.18939646761337223
2,0.07569231895737397,0.07563204087056238,,False,0.3859825283663018,0.274005454735147,0.34100616557021046,0.24815318882257442,0.39076305220883534,0.27281265562863877,0.34427816365646124,0.2486735364162841
3,0.06754504621796739,0.06719524784962778,,False,0.48729792147806006,0.3821528556222169,0.4326973755109378,0.3536010049704676,0.5,0.3893580103373371,0.44408229884273603,0.3631213802011388
4,0.06016816423096095,0.06006437934413584,,False,0.556782809519028,0.4719595858103709,0.49737503049539594,0.42896647072891764,0.5642570281124498,0.4995023971516442,0.503489076910598,0.4315437039775052
5,0.05428083280879245,0.05443045655274938,,False,0.6158248820162667,0.5320309979484058,0.5519735255222834,0.4900226697381281,0.6100401606425703,0.5365592624041527,0.5459243332803205,0.48344207421000124
6,0.049685890285617165,0.05004240544360461,,False,0.6517722662917964,0.5676513057102905,0.585033846558821,0.5384857904193359,0.6485943775100401,0.5769897499382033,0.5817941476482263,0.5350650245709588
7,0.04314242840861255,0.04351902848928311,,False,0.7290892659905613,0.6422810155136291,0.6576755561011476,0.6369885489407716,0.727710843373494,0.6381697681553883,0.6561208647790779,0.63315718706688
8,0.03761132225468203,0.03805338643149195,,False,0.7642333567627272,0.6745802058695296,0.6905975263938209,0.6775627450323899,0.7626506024096386,0.6731015700407675,0.6888257775670983,0.6756401611152056
9,0.03416644054475433,0.03458103689430124,,False,0.7903403956220504,0.7001543776394166,0.7152051495742214,0.7068721360209611,0.7871485943775101,0.6971547064350464,0.7119504090756128,0.7035641451944852
10,0.03138851135112286,0.031900252475319114,,False,0.8118284968370318,0.7186765802470816,0.7350771593959186,0.7259118262389443,0.8072289156626506,0.7151908856968769,0.7304845910484565,0.7213464287641769
11,0.029463990976852674,0.029922250019686434,,False,0.8265890149613415,0.7327879261253133,0.7491091646800316,0.7403566967362577,0.8208835341365461,0.8185953125131533,0.7434524334008543,0.7348383268636896
12,0.02778454745761791,0.02832089472882554,,False,0.8402450045185259,0.7452998250496727,0.7616757888420955,0.7530749130972327,0.8293172690763052,0.8274567022947648,0.7512771834423716,0.7426706890639729
13,0.026570846101610396,0.02716816103552882,,False,0.8471734109850386,0.7521858756326004,0.7682407223345327,0.7594158481351325,0.8421686746987952,0.8414796947867216,0.7633417551064571,0.7546724034248263
14,0.025396071998515894,0.026133022529156388,,False,0.8544030525153128,0.758175419070032,0.7748286485186333,0.7661013111098698,0.8437751004016064,0.8428058821911355,0.7647991185585161,0.7562253941894642
15,0.02445356606205695,0.025253418812115846,,False,0.861231047293905,0.7643751869627651,0.781253226012416,0.7724985326318122,0.8542168674698796,0.8529549388419141,0.7746019000256124,0.7659517636272208
16,0.023656866729741318,0.024589812560564778,,False,0.8657495732503263,0.7681733501217651,0.7852736399446476,0.7761972070737926,0.8530120481927711,0.8518668261967672,0.7733647579142295,0.7644795835368471
17,0.02288061593623573,0.02390268531687244,,False,0.8717742745255548,0.8709081304382845,0.7908499640353276,0.7820783882152591,0.8570281124497992,0.8560096661488668,0.7771472786830468,0.7684576857964875
18,0.022198003723406256,0.023233298569217638,,False,0.8750878602269304,0.8738171571737242,0.7940802968425335,0.785155878407563,0.8610441767068273,0.8596407553746805,0.7809523601390381,0.7722535074115595
19,0.02160526437889088,0.022763497856584977,,False,0.8779997991766242,0.8769750592511594,0.7966762141183092,0.7877500947776677,0.8630522088353414,0.8618973561017998,0.7827861736603624,0.7739685452044892
20,0.021113511243134143,0.022347262008812256,,False,0.8804096796867156,0.880144906861231,0.7989602099480672,0.7901725224214995,0.8654618473895582,0.864913222744385,0.7850710311059234,0.7763725485200563
21,0.020555138703417745,0.02187779753761622,,False,0.8833216186364092,0.8826163818940754,0.8016668053581462,0.7927578374632165,0.8690763052208835,0.8682609572100017,0.7884180236629791,0.7796535694251274
22,0.02007257969517886,0.021474164926619695,,False,0.8850286173310573,0.8841211550106944,0.8032699721092819,0.7941946088115889,0.8726907630522088,0.8718958576893747,0.7917775419961012,0.7829771655880068
23,0.01973739723833638,0.02120415971051211,,False,0.8859323225223416,0.8854362488943011,0.804015693205757,0.7951413673547757,0.8734939759036144,0.8726988456966793,0.7924140261471957,0.7836886850462298
24,0.019296839540403437,0.02082175159257518,,False,0.8872376744653078,0.7880174231125148,0.8052684138334546,0.7962646290454782,0.8755020080321285,0.874861142530414,0.7943019811861187,0.7855497080614935
25,0.01892217391222577,0.020531793199173358,,False,0.8903504367908425,0.7908545113359339,0.8081296703899499,0.7992198202376104,0.878714859437751,0.877980852981445,0.7973557858140607,0.7885485121265655
26,0.01854491524941134,0.020189419089991518,,False,0.8922582588613315,0.7923628273338998,0.8099565395192322,0.8008954118830854,0.8855421686746988,0.8844889602597021,0.8036958258562548,0.7946584462673542
27,0.01825729664496322,0.02001431126990701,,False,0.8935636108042976,0.7937546754249704,0.811124328173351,0.8020822713720899,0.8839357429718876,0.8831662201648317,0.8022446571961286,0.7932109330393415
28,0.017931794188229044,0.01969514019019366,,False,0.8940656692439,0.7941083832649157,0.8116158999210903,0.8025000363453119,0.8903614457831325,0.8900388283623992,0.8082225411571571,0.7991626168395389
29,0.017611869345062404,0.019454403800230783,,False,0.8961743146902299,0.8516680908159491,0.8139639592231592,0.8054708635851235,0.8859437751004016,0.8851492695714801,0.8040871331144651,0.7951091478029441
30,0.017414792831578964,0.019299207324645927,,False,0.8977809016969576,0.8720011643839443,0.815820887035147,0.8080110881251071,0.8855421686746988,0.897382498454949,0.8053407794129895,0.7984973727338615
31,0.017071466253243215,0.019037261146363095,,False,0.8994879003916055,0.8730563912715863,0.8174271479199304,0.809458403970445,0.8891566265060241,0.888255531126047,0.8069984126761178,0.7979704033641218
32,0.01687602960696432,0.01885346843912285,,False,0.9001907822070488,0.873589967693326,0.8181290952466818,0.8100587517454687,0.891566265060241,0.8909385476365982,0.8093270240756741,0.8001753098038531
33,0.016591845926911826,0.018655776753814187,,False,0.9018977809016969,0.8844885420947951,0.8200719115430024,0.8125325577788363,0.8887550200803213,0.9005202303640003,0.8100564318594731,0.8051565929438995
34,0.016385945457755863,0.01851248782297814,,False,0.9031027211567426,0.8973849013422979,0.8224518073430482,0.8164112785357792,0.8911646586345382,0.8661412022256993,0.8122616916895246,0.8073751076795285
35,0.01616146010432421,0.018326334645528252,,False,0.9044080730997088,0.889772622332615,0.8240532752296388,0.8185776675977875,0.8923694779116466,0.9035343264213677,0.8133732279083029,0.8084658091206347
36,0.015956778115355646,0.018147610965402888,,False,0.9062154834822773,0.8941181010193875,0.8261372554385341,0.8212212121577831,0.891566265060241,0.9027163217917784,0.8126605188158962,0.8077750880119875
37,0.015753497009856718,0.01796660025633979,,False,0.907420423737323,0.8805704630106458,0.8272880188937896,0.8223120453539363,0.893574297188755,0.9046946151026342,0.8145573263116407,0.8096475245962087
38,0.015560366751679116,0.017826305197559674,,False,0.909529069183653,0.8868861844726698,0.8308924278477442,0.8276807951059628,0.8931726907630522,0.8771038727575324,0.8158796226930449,0.8127484482155256
39,0.015380396358805446,0.017662381023861806,,False,0.9098303042474144,0.8846929842967105,0.8315816655191052,0.8287949028930653,0.8955823293172691,0.8788958713110235,0.8181216951255678,0.8149772256420129
40,0.015196545985920906,0.01758635493416569,,False,0.9111356561903805,0.8972910566269245,0.8336140853560691,0.831667660468945,0.8931726907630522,0.8767056285496816,0.8158432003818253,0.8127517548640815
41,0.015026456449159582,0.017431252561590057,,False,0.9116377146299829,0.8936809212933718,0.8340972796060184,0.8321537679894809,0.893574297188755,0.8773138399368501,0.8162261047861459,0.8131262246302841
42,0.014873107360283334,0.017336341102698896,,False,0.9126418315091877,0.89459565190533,0.8362581786623642,0.8353933412591927,0.8963855421686747,0.8640164630350512,0.8189116827271328,0.815681137515592
43,0.014683826478709576,0.01718471726040318,,False,0.9141480068279948,0.8980202471140575,0.8384944080157667,0.8384244541984665,0.8951807228915662,0.8624234396266729,0.8177302206357715,0.8145874437029348
44,0.014544943595540153,0.017049266865134943,,False,0.9151521237071996,0.9018104597848189,0.8424109545058821,0.844713470105559,0.8991967871485944,0.8659168081164492,0.8214895246793427,0.8183110013518433
45,0.014384153282487915,0.016958850761638094,,False,0.9162566522743247,0.9051178808558397,0.8450362282042272,0.8485919592493948,0.9004016064257028,0.8620000764887705,0.8276054182599831,0.8285469274898447
46,0.014222288822684144,0.016793366764342295,,False,0.9167587107139271,0.9050076129101711,0.8450862358813931,0.8483033624791787,0.9016064257028112,0.8849495343972926,0.828804010842891,0.8301070037130704
47,0.014088829576080566,0.016704273459939304,,False,0.9180640626568932,0.9085926006072153,0.8505399477968544,0.8563633566233184,0.8987951807228916,0.8875201410246216,0.8295824805636705,0.8334648663031262
48,0.013935014984074389,0.016620872769312112,,False,0.919068179536098,0.9098051212498858,0.8518440354368162,0.857912185379839,0.9004016064257028,0.8866184097653531,0.8293575200615398,0.8320086218207354
49,0.01380173167331768,0.01652638836524895,,False,0.9193694145998594,0.910140386990623,0.8521108700211499,0.8581697821689904,0.9020080321285141,0.8883129512006579,0.8308564818831855,0.8335071027649901
50,0.013670730585075942,0.01643915570783201,,False,0.9211768249824279,0.9122392098533827,0.8588287576002683,0.8670979118718288,0.9012048192771084,0.8724927577049589,0.8301834334566286,0.8323547788534027
51,0.013530235028564477,0.016292357582540655,,False,0.9212772366703484,0.9123445448906798,0.8589235154026313,0.8671877492898541,0.9040160642570281,0.8812415021579428,0.8361219550036689,0.8404685609492515
52,0.013398549989867179,0.01622596582480808,,False,0.9217792951099508,0.9131063341235374,0.8597854096424796,0.8682473566148304,0.9020080321285141,0.8792878494982019,0.8342474082283504,0.8386553379270855
53,0.013300401585603213,0.01614819844525658,,False,0.9230846470529169,0.9157145076792416,0.8609802043881716,0.8695289938920756,0.9036144578313253,0.8811140648316959,0.8357108511065394,0.8401078006619713
54,0.0131846594637243,0.016045528520289568,,False,0.9232854704287579,0.9136204640799911,0.8620519829173982,0.8707218952857612,0.9012048192771084,0.8784031759513182,0.833508766338472,0.8379096370283569
55,0.013040014622992487,0.01596434835932094,,False,0.9245908223717241,0.9130498744245426,0.8661523738602962,0.8754658510186207,0.9020080321285141,0.8767463898524047,0.8358852410976373,0.8409419853717498
56,0.012972180342532233,0.015915101830843156,,False,0.9255949392509288,0.9153397445642868,0.8674856375166491,0.8769935037875688,0.9036144578313253,0.8758738785523374,0.8357460562614365,0.8398127664225221
57,0.012821134623501486,0.015787411182330038,,False,0.9258961743146902,0.9164056721864148,0.8694675465400876,0.8794206159711759,0.9032128514056225,0.8708444938318958,0.8353961166684715,0.839220381429781
58,0.012720111576978211,0.015699020644328602,,False,0.9267998795059745,0.9148987415578096,0.8715638212437224,0.88143703494189,0.9052208835341365,0.8800228428438057,0.8423019504385473,0.8484953182259604
59,0.012589055749605435,0.015638537885584846,,False,0.9271011145697359,0.9153622714518909,0.8722502837246735,0.8822400221957349,0.9032128514056225,0.8734731573976162,0.8370693256126293,0.8417781811075499
60,0.012555592067210256,0.015637391497990413,,False,0.9287077015764635,0.9199522847907038,0.8762404753629117,0.8870074021773481,0.9020080321285141,0.8747856147399068,0.8375722983413945,0.8431775812696899
61,0.012387049274454824,0.015476431858310017,,False,0.928607289888543,0.918551095175449,0.8752908168360691,0.8857391114139948,0.9056224899598394,0.8822139129583202,0.844332657773477,0.8512119748972365
62,0.01229943386758272,0.015436841058870682,,False,0.9295109950798273,0.920064248305579,0.8778249044597535,0.8885558467978536,0.9052208835341365,0.88168244789819,0.8439693827764898,0.850849364700893
63,0.01220543717561237,0.015380639708524884,,False,0.9300130535194296,0.9185550785294869,0.8778468162867015,0.8882583381776968,0.9056224899598394,0.8800975858441454,0.8425949594225964,0.8488353068694939
64,0.012096432458025922,0.015340418698611075,,False,0.9304147002711115,0.9178508327292033,0.881163345460454,0.8914662588473699,0.9060240963855422,0.8858213799225252,0.8480438156447458,0.8560132747434586
65,0.012010725037984255,0.01524522758549139,,False,0.930715935334873,0.9206387719169141,0.8797651389868779,0.8904762222131181,0.9076305220883534,0.8856470386484554,0.8478376708266269,0.8553138015407264
66,0.01190682918619291,0.015167472578867993,,False,0.9315192288382368,0.9227327362487754,0.8817520591050556,0.8927437379996166,0.9080321285140562,0.8875969449709817,0.8499093514401848,0.8578818624586027
67,0.011816022933276845,0.01508032717680607,,False,0.9320212872778392,0.9231263949751654,0.8818038561865549,0.8927394171466216,0.9088353413654618,0.8884055489496263,0.8506734375949576,0.8586304679992924
68,0.011738297667834137,0.014999865881253316,,False,0.9328245807812029,0.923276292149391,0.8834004990453015,0.894280207965537,0.9104417670682731,0.8910832217015057,0.8538923829490482,0.8622545658891931
69,0.011642681969095799,0.014933946802291964,,False,0.9333266392208053,0.9249318850947675,0.8846873180887259,0.8957580205781623,0.9100401606425703,0.890876994720674,0.8534883195482867,0.8618321030861846
70,0.011547518387648963,0.014933629197355238,,False,0.9337282859724872,0.9239013729840789,0.8858924165901203,0.8967288372799564,0.9104417670682731,0.8912533585669978,0.8538138819921058,0.8622093165522702
71,0.011481497635138433,0.014820568018888175,,False,0.9336278742845667,0.9255264185125139,0.8858211407722228,0.8969632807697998,0.9120481927710843,0.8908469098238734,0.8570486641787283,0.8653236038464966
72,0.01138371165879434,0.014797946600501115,,False,0.9344311677879306,0.9250228965556428,0.8877829347023007,0.8987054777719818,0.9124497991967871,0.8911935729906415,0.8573506129314267,0.8656813823889813
73,0.0113193868934102,0.014746365457263592,,False,0.9344311677879306,0.9244872270479212,0.8881973748404326,0.8989548117983043,0.9124497991967871,0.8926235506930613,0.8590316979455513,0.8676283060931599
74,0.01123501936077564,0.014654631110898646,,False,0.9355356963550557,0.9240578031246451,0.8896522740211174,0.9001220342677237,0.9144578313253012,0.8888663095205191,0.8609200297278234,0.8686018010325502
75,0.011138661493444042,0.014645268277064152,,False,0.9357365197308967,0.9253009209357737,0.8906574085949749,0.9012854237608098,0.9124497991967871,0.8988592721360812,0.8590508133728547,0.868636553300781
76,0.011061307175914553,0.014578093374234685,,False,0.9355356963550557,0.9245836082791951,0.8909134010781578,0.9013864891222403,0.914859437751004,0.8893548997289291,0.8612954907666747,0.8689720760526236
77,0.011015532626913504,0.014550946382253198,,False,0.9373431067376242,0.9290587545452751,0.8921442502579091,0.9032700974275889,0.9116465863453815,0.8876950668324743,0.8566112983124169,0.8645069846980642
78,0.010916292566924347,0.014526390044284843,,False,0.9373431067376242,0.926798736650007,0.8942239932789815,0.9046803586998057,0.9136546184738956,0.8921448677890768,0.8618387894923893,0.8702099110331029
79,0.01083202657816508,0.014439905099053024,,False,0.9372426950497038,0.926987107174578,0.8928889550614415,0.90350909928519,0.9132530120481928,0.894453705647988,0.8614838019169544,0.8703380748338891
80,0.010801203698052342,0.014428198922092263,,False,0.9375439301134653,0.9277127518510766,0.8948565945283941,0.9054437649341754,0.9152610441767068,0.8960691210235991,0.8633473273291836,0.8721806753597685
81,0.010720883411358387,0.014342968097810365,,False,0.9392509288081132,0.9289416735848012,0.8993512694745489,0.909460037557687,0.914859437751004,0.8957959851540479,0.8629312959473399,0.8717237205269054
82,0.010621246412318121,0.014312939134513902,,False,0.9392509288081132,0.9300030933491326,0.8985076098370554,0.9090124193225869,0.9136546184738956,0.8947416006170612,0.8618566495120243,0.8706890462713552
83,0.010571583668760038,0.014281227848597599,,False,0.9391505171201928,0.9300007240931945,0.8984053442667,0.9089377784221045,0.9136546184738956,0.8946822849625757,0.8618566495120243,0.8707033234192634
84,0.010521747680854714,0.014233747750503758,,False,0.9393513404960337,0.9290235894490321,0.8994647385369335,0.9095497432334599,0.9152610441767068,0.8961949555289832,0.8633513166783892,0.8721231627547948
85,0.01041689630143276,0.014159841311968725,,False,0.9400542223114771,0.9295607748320138,0.8996885033625345,0.909823844887563,0.9152610441767068,0.8961033167098508,0.863353103935399,0.8721475208947761
86,0.01035921704462374,0.014090883694291555,,False,0.9406566924389999,0.9312276079954217,0.8998180321592373,0.9103000661405868,0.9164658634538153,0.8971419875364887,0.8644634704099846,0.8732578311059174
87,0.01028870759245216,0.014091238855772436,,False,0.9407571041269204,0.9304174801693059,0.9011766633165001,0.9112335050741065,0.9164658634538153,0.8971835106165899,0.8644729275757297,0.8732603379865229
88,0.010219549440001308,0.014032200575913879,,False,0.9407571041269204,0.9309779168758676,0.9007483467077803,0.9110118358360632,0.9160642570281124,0.8997766338296659,0.8640853661584903,0.8734218833452896
89,0.010167115017667722,0.014022601320898491,,False,0.9412591625665228,0.9302850091767143,0.9037293344121414,0.9132713651570074,0.9160642570281124,0.8967531482666643,0.8641244520643876,0.8728837451444171
90,0.01010475330823267,0.013954252572164788,,False,0.9410583391906818,0.9314545158773634,0.9039565239674068,0.9137812915254329,0.9160642570281124,0.8940943108828456,0.8640407123203323,0.8723677706721289
91,0.010042955572198345,0.013919570504365092,,False,0.9427653378853299,0.9333149260415107,0.9047038579040453,0.914770945635282,0.9168674698795181,0.8986176358322907,0.8665536574205133,0.8755287205002461
92,0.009991495136067589,0.013918653994816309,,False,0.9426649261974094,0.9328517583350364,0.9054240985202251,0.9152611978430615,0.9160642570281124,0.8978680266933681,0.8657938778205714,0.8747990223126523
93,0.009913657621764441,0.013814586013006506,,False,0.9422632794457275,0.933163059933888,0.9050591398486887,0.915060642770947,0.9172690763052209,0.8952303701770027,0.8651681973869141,0.8734891407472366
94,0.009857530022881074,0.013818083835558471,,False,0.9427653378853299,0.9335870501030834,0.9055049419653967,0.9154886953502324,0.9176706827309237,0.8993504377713895,0.8672283298534597,0.8762276784368576
95,0.00979646103453606,0.013770208288627907,,False,0.9431669846370118,0.9322876898498372,0.9063268103742179,0.9157578794259627,0.9172690763052209,0.8989693790197754,0.8668842729122203,0.8758737112874173
96,0.009755868777072912,0.01378335192482794,,False,0.9432673963249322,0.9322994463285187,0.9059702337096319,0.9154629227845332,0.9184738955823293,0.9001201143785652,0.8679408243021507,0.8769472919132456
97,0.009698434231425933,0.013683830754918308,,False,0.9433678080128527,0.9341463616661585,0.9060642268000509,0.9160425920010208,0.9184738955823293,0.9029654636056623,0.8679881094534014,0.8774807326450015
98,0.009640521016471781,0.0136633014003591,,False,0.9446731599558189,0.9340436220288617,0.9089472170839541,0.9182537910060157,0.9164658634538153,0.8956473382297189,0.8661423533319135,0.8746927200609461
99,0.00957501973645636,0.013649672702922807,,False,0.9448739833316598,0.9352636292544081,0.9107967419482649,0.9200025330683119,0.9176706827309237,0.8993456656749534,0.8672596482875955,0.8762496276698253
100,0.009538188219467659,0.0135868891217847,,False,0.9444723365799779,0.9334412029520601,0.9096391203403458,0.9185987081775759,0.9172690763052209,0.8963382574465323,0.8669155828638719,0.8753996414132561
101,0.00946997953692145,0.013555235497982356,,False,0.9450748067075008,0.936628110536614,0.9088858174519727,0.9188980573494651,0.9188755020080321,0.9004259782130837,0.8683315488818241,0.8773331371940585
102,0.00943050714625957,0.013571927175075129,,False,0.9456772768350236,0.9361156650079392,0.9119390688515695,0.92108233759819,0.9196787148594378,0.9021961304666402,0.870749291754413,0.8798901663995816
103,0.009361961186333555,0.013516269989981214,,False,0.9463801586504669,0.9352273770316368,0.9130301041724077,0.9216083031744622,0.9184738955823293,0.8974276403636855,0.8679701552878066,0.8764822154081242
104,0.009311017749127841,0.013479688509164929,,False,0.9469826287779898,0.9393113269981124,0.9118869628253399,0.9219076573960562,0.9188755020080321,0.9003826386244465,0.8683320807311653,0.8773381535280269
105,0.009259216059678152,0.013449833236438979,,False,0.9473842755296716,0.939684731415946,0.912247317835176,0.9222807434279948,0.9180722891566265,0.9046620274812298,0.865933461768364,0.8757530153422264
106,0.009206149039159743,0.013412780833677165,,False,0.9467818054021488,0.9391938375813029,0.9121291295047332,0.9220760709676278,0.9196787148594378,0.9078872316353619,0.8707823974455587,0.8810082177014786
107,0.009160148221308628,0.013396383057217954,,False,0.9471834521538307,0.9379030048700332,0.9129239420534088,0.9223040903624642,0.9184738955823293,0.9067144919024087,0.8696612327340836,0.8799011872706903
108,0.009114258653557267,0.01335558102218276,,False,0.9474846872175922,0.940440341408446,0.9127733580758337,0.922897288845254,0.9192771084337349,0.9074804866400198,0.870345926870679,0.8805908131823929
109,0.009076156211181114,0.01329199863466926,,False,0.9473842755296716,0.93769836036032,0.9139609633242822,0.9230011796262819,0.9196787148594378,0.9078790225172236,0.8707836613357114,0.8810012287217862
110,0.009028806074138654,0.013329464022606746,,False,0.9479867456571945,0.9391165588266609,0.9157495997249507,0.924778402294019,0.9188755020080321,0.9049490053001823,0.8716358160779651,0.881474800323471
111,0.008976957886230538,0.013285224100447508,,False,0.9483883924088764,0.9417969175350307,0.9161171765839717,0.9258409891891648,0.9196787148594378,0.9077881096373334,0.8706957723176841,0.8809353069907249
112,0.008958451708503803,0.013235606822473614,,False,0.9483883924088764,0.938287223382189,0.9178112680037785,0.9259550723473465,0.9204819277108434,0.9014351243152148,0.8732215090729957,0.8819053230937723
113,0.008890248739895962,0.013213248837127748,,False,0.9493925092880812,0.9419785189904268,0.9161988363236069,0.925886228129633,0.921285140562249,0.9109052737457151,0.8756307549457348,0.8860929478750438
114,0.00883478771312268,0.013202386745828592,,False,0.9488904508484788,0.9406325127381859,0.9170187010736259,0.926133240798776,0.9216867469879518,0.9083644731574415,0.8759068823523334,0.8857994605081484
115,0.008798278222763524,0.01315594223015397,,False,0.9493925092880812,0.9417512935020012,0.9178923555449001,0.9270921184885991,0.9216867469879518,0.9083918417784537,0.875957693294978,0.8858483939755689
116,0.008751099236457728,0.013130350406299543,,False,0.9492920976001606,0.9415782815413275,0.9173782013815102,0.9266722082239234,0.921285140562249,0.9079693346635138,0.8755707697725903,0.8854789666150221
117,0.008714309051703135,0.013143945359124894,,False,0.9498945677276835,0.9408135988245474,0.9196314533863144,0.9280433394700274,0.9208835341365462,0.9050836900225359,0.8752016235260626,0.8845127454196428
118,0.008664588827536691,0.013105741540361525,,False,0.9500953911035245,0.9410833077277176,0.9202046608262155,0.9285382784893379,0.9208835341365462,0.9065875123117757,0.8786140955158105,0.8879282801237944
119,0.008626879409249362,0.013081296655742192,,False,0.9506978612310473,0.9405815635668335,0.9207800071602544,0.9287668041341468,0.9200803212851406,0.9083027470418717,0.877847635444525,0.8877364377289214
120,0.008593017262055958,0.013084964846750681,,False,0.9506978612310473,0.9421390552243398,0.9203261818645587,0.9289550925552822,0.921285140562249,0.9120294376547768,0.8789200678880946,0.8894482352173314
121,0.008547989340139794,0.013026306646445565,,False,0.9509990962948087,0.9428469032139724,0.9201923746174727,0.9290766404054808,0.9208835341365462,0.9090001706828778,0.8785699735269935,0.8884876546939502
122,0.008501049072922432,0.012973434038286075,,False,0.9509990962948087,0.9418832098880903,0.9210588536154829,0.9293743459584627,0.9216867469879518,0.9073217457299183,0.879368441569593,0.888640258814747
123,0.008465635919104266,0.01296434601830478,,False,0.9513003313585702,0.9427995059590484,0.921754486852794,0.9301660857186944,0.921285140562249,0.9069451717889935,0.8789629259867586,0.8882897799850689
124,0.008422969202087615,0.012963325755858216,,False,0.9516015664223315,0.9445351951086148,0.9207392999130776,0.9299773445619325,0.923293172690763,0.9112632152329737,0.8807581456183632,0.8906828566295621
125,0.008400861398720715,0.012942002663717091,,False,0.9511999196706497,0.943217402882513,0.9212263482744564,0.9299121040034566,0.9248995983935743,0.910305454882759,0.8822867276976767,0.8915349997711295
126,0.008356778308686013,0.012957284578841549,,False,0.951902801486093,0.9435125393785113,0.9227152403411646,0.9310641350181516,0.9244979919678715,0.9092538385815883,0.8802087267290121,0.8895256573853528
127,0.008306411943132912,0.012890524100123117,,False,0.9521036248619339,0.9441626299226856,0.9229040257670751,0.9314114732694857,0.9208835341365462,0.9065648568009368,0.878588814501536,0.8879122817978219
128,0.008264375737679202,0.012877441400952138,,False,0.9527060949894568,0.9447192505039528,0.9234489887842964,0.9319556949991296,0.923293172690763,0.9087466733632709,0.8807901876108263,0.8900610022866956
129,0.008250610073514037,0.012855558344896848,,False,0.9522040365498544,0.9438369691089193,0.9238459469474394,0.9319494765553622,0.9220883534136546,0.9076525745913501,0.8797200742736078,0.8889965123284007
130,0.008220343753985183,0.012864004015845629,,False,0.9525052716136159,0.9451152271735072,0.9236926432271737,0.9322731894256889,0.921285140562249,0.906886792282146,0.8789513778397463,0.8882515735554976
131,0.008154043272748376,0.012808680853477259,,False,0.9532081534290592,0.9448841368032043,0.92516649299028,0.9331975977030998,0.9228915662650602,0.9083359814101067,0.8804206007412166,0.8896691560250152
132,0.008132418977450668,0.01279411421830217,,False,0.9527060949894568,0.944493011063058,0.925149402385835,0.9330750249079092,0.9220883534136546,0.9075754410294353,0.8796978135531817,0.8889549238353526
133,0.008084186781788485,0.012786724599010495,,False,0.9532081534290592,0.9454087924203792,0.9251900485067581,0.9333876024404548,0.9244979919678715,0.9098663739217702,0.8818916108996966,0.891130634185304
134,0.008067665553700127,0.0127816300455383,,False,0.9537102118686616,0.9451184716937251,0.9268935695022608,0.9344307770659471,0.9220883534136546,0.9076827771930174,0.8797073563824027,0.888996186076856
135,0.008012979793911221,0.012737849071243609,,False,0.953609800180741,0.946385451249694,0.9259596643867977,0.9342456379953659,0.9240963855421687,0.9094747776868439,0.8815180312638152,0.8907781051084436
136,0.00798132834206299,0.012687232070692445,,False,0.953609800180741,0.946762477027489,0.9251285092173672,0.9337925004575651,0.9236947791164659,0.9115548916628009,0.8811699815563043,0.8910400233336119
137,0.007945118894723296,0.012718633691329402,,False,0.9546139170599458,0.9461817679178304,0.9289835731152724,0.9362103289746759,0.9244979919678715,0.9098597252277258,0.8818985487676204,0.89115937974566
138,0.00791581020164526,0.012695020387290907,,False,0.9546139170599458,0.9470560156510915,0.9285729984741684,0.9362437010043294,0.9236947791164659,0.9091168832655185,0.8811885736167508,0.8904527224322464
139,0.007887949831755213,0.012675470523801212,,False,0.9548147404357867,0.9482998639183676,0.9287480676723017,0.936780159031739,0.9244979919678715,0.9099370201058908,0.8818883416917525,0.8911627625647525
140,0.007858125885199066,0.012680832652160384,,False,0.95551762225123,0.948381131564722,0.9289659495881636,0.9369571885797625,0.9228915662650602,0.9114336645274729,0.8820426437831235,0.8918714928916143
141,0.007816754729527968,0.012632248165909446,,False,0.9547143287478662,0.9467536396361288,0.929079254980464,0.9364701479742088,0.9228915662650602,0.9082832252557976,0.8804206007412166,0.8896491880557797
142,0.007793966399585553,0.012626355948273413,,False,0.9551159754995482,0.9481083338517242,0.9290221449327292,0.9369104651002085,0.9244979919678715,0.9104989779155304,0.8835565205227519,0.8927475140369473
143,0.007760463095244435,0.012630195982944068,,False,0.9551159754995482,0.9472019499568893,0.9298598953203068,0.9371347426739928,0.9248995983935743,0.908722169493475,0.8839568854946721,0.8925380946548489
144,0.007730595850318555,0.01258214020107046,,False,0.9551159754995482,0.9476151543053456,0.929446763408733,0.937003842687056,0.9244979919678715,0.9082937478516473,0.883564181949003,0.8921545548145029
145,0.0076873952617294685,0.012581922180383669,,False,0.955718445627071,0.9486279526526997,0.9295772245748058,0.9374515190667795,0.9240963855421687,0.9101298512345307,0.883196382336403,0.8923797956321154
146,0.0076581033357404045,0.012562750014260287,,False,0.9560196806908324,0.9490274857474836,0.9307027902765321,0.9383509069466884,0.9253012048192771,0.91121900007876,0.8843213565876478,0.8935014443826955
147,0.007644352969978279,0.012578294470828862,,False,0.9564213274425143,0.9497542558220076,0.9302242876395481,0.9382739987222095,0.9248995983935743,0.9132731627268986,0.8839125717968691,0.8937522547448093
148,0.0075971473072348845,0.012523126798418183,,False,0.9562205040666734,0.9491943599382583,0.9308928202934966,0.9385233246378978,0.9257028112449799,0.9116352151785007,0.8846743303628067,0.8938562452126503
149,0.007574775675048887,0.012510741613718717,,False,0.9566221508183552,0.9500280199597123,0.9308399942803233,0.9387824751073571,0.9257028112449799,0.9140038903064682,0.884667200785897,0.8944949028662342
150,0.007548420886974611,0.01248766213017126,,False,0.9564213274425143,0.9497779327704308,0.9302329696087143,0.938291319661977,0.9261044176706827,0.914330989537264,0.8850388014557825,0.8948461832510772
151,0.007513690555926316,0.01249554528298226,,False,0.9569233858821167,0.9493992719099266,0.9319712622756805,0.939303589199196,0.9253012048192771,0.9112291771093413,0.8843129367687894,0.8934896156184665
152,0.00748289459778734,0.012483591120318164,,False,0.9571242092579576,0.9506066335637539,0.9321493338581265,0.9398447210483517,0.9261044176706827,0.9120069739522769,0.8850293179382417,0.8942116523898744
153,0.007454050701935041,0.012446462994463016,,False,0.9572246209458781,0.9507408373884876,0.9326671106548492,0.9402362366499174,0.9265060240963855,0.9123240052312117,0.8853957679972131,0.8945809250445795
154,0.007428120765788006,0.012447180179085904,,False,0.9571242092579576,0.9478979757924603,0.933426351303665,0.9396853348588537,0.9248995983935743,0.9045149941101056,0.8839599629936303,0.891429520330014
155,0.007398790230840418,0.012450654807201117,,False,0.9577266793854805,0.9499545005773895,0.9343858965653209,0.9410746354126677,0.9261044176706827,0.9056576231074113,0.885032587146186,0.8925081550884566
156,0.007364222475952869,0.012413329488709638,,False,0.9582287378250829,0.9508475539043274,0.9348380252752779,0.9416823947020164,0.9265060240963855,0.907989496319225,0.8853945125895447,0.8934421479311189
157,0.007347800872188618,0.012391488425922064,,False,0.9580279144492418,0.9511175155468248,0.9342322881031466,0.9413967328742758,0.9265060240963855,0.9080608512184613,0.8854073246267098,0.8934482107352655
158,0.007318013688133934,0.012381087139487545,,False,0.9579275027613214,0.9526014651688036,0.9345710880368738,0.9421603970735588,0.927710843373494,0.9134677780947383,0.886511067021931,0.8957206239271946
159,0.007285576297301324,0.012364958725932006,,False,0.9581283261371624,0.9527588828493688,0.9347481719823626,0.942328383399322,0.9273092369477912,0.9087845739628135,0.8861555475971551,0.8941935245316527
160,0.007261682855351419,0.012387085919538814,,False,0.9584295612009238,0.9520675664701059,0.9350204667885735,0.9422579102009812,0.9265060240963855,0.9080196231649542,0.8853945125895447,0.8934487254915935
161,0.0072294321825732664,0.012345815641252323,,False,0.9584295612009238,0.9525285273338766,0.93502571389309,0.942425906922862,0.9269076305220884,0.9104458152777153,0.8857564380329033,0.8943798821539795
162,0.007222239866198847,0.01239258709792444,,False,0.9587307962646852,0.9518319557407927,0.9352963885260441,0.942343710148969,0.9257028112449799,0.9072135041841203,0.884652601491722,0.8926917682318094
163,0.007189202104136259,0.012367696363846355,,False,0.9589316196405262,0.9540271589802537,0.9354781216864682,0.9432662270735191,0.9257028112449799,0.9092945431196825,0.884640415449858,0.8932566463764208
164,0.007153529353492214,0.012308617127590592,,False,0.9587307962646852,0.953352540631766,0.9353030798072699,0.9429050440030533,0.9265060240963855,0.9100533572900168,0.8853759205290981,0.893996828316757
165,0.007127886352141956,0.012307101089208072,,False,0.9586303845767647,0.9522324321280377,0.9352126065244867,0.9424361802231248,0.9269076305220884,0.9083784247614886,0.8857750300933499,0.8938186916088112
166,0.007100941887032692,0.012262307293969068,,False,0.9593332663922081,0.9533662114914571,0.9358634451989646,0.9432663106690727,0.9273092369477912,0.9108579460611784,0.8861369555367085,0.8947587624763769
167,0.007073242996780128,0.012278379135994227,,False,0.9592328547042875,0.9513867114031574,0.9361907596597467,0.9427444441266783,0.9269076305220884,0.9083903284336713,0.8857750300933499,0.8938090937699995
168,0.007060824315247813,0.01226900652459909,,False,0.9592328547042875,0.9533106654150796,0.9357592099644056,0.9431746869739405,0.9273092369477912,0.9108578836906049,0.8861247694948445,0.8947534099708769
169,0.0070240570174099565,0.01223972712817265,,False,0.9592328547042875,0.9527548543423663,0.935778550880877,0.9429838470799066,0.9273092369477912,0.9087849448836991,0.8861504054687251,0.8941870352365302
170,0.00701153906187453,0.0122294498482146,,False,0.9600361482076514,0.9545365086257461,0.936499917116573,0.9440901283801149,0.927710843373494,0.9113044909727895,0.8864892142360244,0.8951304886904382
171,0.006977850388569572,0.012206401962230978,,False,0.9594336780801286,0.9534468642804986,0.9359677932179673,0.9433606123698548,0.927710843373494,0.9111995993936587,0.8865301909317188,0.8951452639949742
172,0.006953584723635086,0.012177572979684545,,False,0.9598353248318104,0.9548469199369976,0.9363185580111638,0.9440913990770985,0.9273092369477912,0.9108578836906049,0.8861247694948445,0.8947534099708769
173,0.006959674015860077,0.012168819520710233,,False,0.9599357365197309,0.9543511072328411,0.935562924044167,0.9434004118554036,0.927710843373494,0.9113007080467607,0.8865052869986497,0.8951476290204182
174,0.006904636990229513,0.012188822788017499,,False,0.9602369715834923,0.954673497209003,0.9366937172074358,0.9442742335159449,0.927710843373494,0.9111990075786304,0.886511067021931,0.8951180436788972
175,0.006884189180222034,0.012201436594458893,,False,0.9604377949593332,0.9558894704990494,0.9368783433261277,0.9448261272104479,0.927710843373494,0.9112412638421894,0.8865123309120838,0.8951247694593908
176,0.006856572278050921,0.01214375795045196,,False,0.9602369715834923,0.9543210232539169,0.9375258636407783,0.9446848457905163,0.9281124497991968,0.911663662989331,0.8868806623740251,0.89550010510458
177,0.006837054953221941,0.012145441000521414,,False,0.9607390300230947,0.9553037497820571,0.9384280523200105,0.9456346434494599,0.9281124497991968,0.9115477200411995,0.8869030470092728,0.8955129528905087
178,0.006815503135906478,0.01210525917911051,,False,0.9604377949593332,0.9550165627802786,0.9377142271540205,0.9450594181100693,0.9281124497991968,0.9115986872772649,0.886863325721247,0.8954925876886924
179,0.006786920309809502,0.012106796528550443,,False,0.9605382066472538,0.9551547917055334,0.9382245494110837,0.9454415016436738,0.9285140562248996,0.9119576150791219,0.8872349263911327,0.8958496942282012
180,0.006762041635004842,0.012116547023297347,,False,0.961441911838538,0.9560067400292552,0.9394853063283741,0.9465610332608139,0.9289156626506024,0.9123397795812236,0.8876102932840237,0.8962291135845777
181,0.00673964851762426,0.012085689994984246,,False,0.9611406767747765,0.9557681310293558,0.9392002162963349,0.9462969330096386,0.9289156626506024,0.9123019320587675,0.8876090378763553,0.8962290416288948
182,0.006714312621978586,0.012098939072469422,,False,0.961441911838538,0.955085083450673,0.9399070309159856,0.946481549367489,0.9293172690763052,0.9127068117670915,0.8879940799957732,0.8966082432708373
183,0.00669848905581745,0.012062552462138216,,False,0.9618435585902199,0.9569063772151307,0.9402816314845107,0.9474054006753434,0.9301204819277108,0.9134004753287159,0.8887301169243544,0.8973364134066562
184,0.006670474205761302,0.012061293217441819,,False,0.9615423235264585,0.9562050196278667,0.9399889745892724,0.9469550412204311,0.927710843373494,0.9112560982073433,0.8864892142360244,0.8951137280385892
185,0.00665286645199138,0.012101486966078993,,False,0.9620443819660609,0.9547782980813907,0.9408634001469723,0.9469598895351603,0.9273092369477912,0.9050356254095107,0.8861613361029206,0.8930952629232247
186,0.006633784920000376,0.012041584828054118,,False,0.9621447936539813,0.9567738115415758,0.940957542086631,0.9477809884476608,0.9289156626506024,0.9102538741160155,0.8876263745291334,0.8956557866538986
187,0.006619239758269894,0.01201948947255051,,False,0.9615423235264585,0.9557166044766789,0.9404262724384024,0.9470475597525662,0.9289156626506024,0.9101815435274497,0.8876416032356754,0.8956702910000102
188,0.006584089701605014,0.01202889812062266,,False,0.9625464404056632,0.9566226098980027,0.9413500725528158,0.9479715299363841,0.929718875502008,0.9109307681984509,0.8883873153907836,0.8964139788297031
189,0.006561935306040731,0.01200621813105209,,False,0.9627472637815042,0.9568138997847819,0.9414929421727041,0.9481298120286359,0.9285140562248996,0.9098831237044279,0.887245857025328,0.8952951748207602
190,0.006542363590307972,0.012003745243969455,,False,0.9624460287177428,0.9551013193296072,0.9412302274788237,0.9472995177579223,0.927710843373494,0.903632304829849,0.886529667564862,0.8929347039825767
191,0.00652453285094297,0.011959189242880896,,False,0.9626468520935837,0.9572099773402607,0.9414257183118292,0.9482326520519782,0.9293172690763052,0.9127491625274564,0.8879972168064116,0.8966138753876695
192,0.00650322222321695,0.01198782630400037,,False,0.9638517923486294,0.9592871457365317,0.9425268536520623,0.9497179171678984,0.9305220883534137,0.9116651138850956,0.8891164144514411,0.8971476736144697
193,0.00648112581564767,0.011979986784154862,,False,0.9629480871573451,0.9574904053692482,0.9416855754816567,0.9485001438563896,0.927710843373494,0.9091948309252338,0.8865078062964711,0.8945498203851484
194,0.0064513417268246736,0.011953161862083941,,False,0.9630484988452656,0.9571086994606358,0.9417820870592606,0.9484158898375902,0.9281124497991968,0.9094953589327994,0.8868742563554426,0.8949033238858886
195,0.006429895682148929,0.011940192759340405,,False,0.963349733909027,0.9573755903089434,0.9420668153224769,0.9486976629567094,0.9289156626506024,0.910206023448581,0.8876224793258877,0.8956585529635149
196,0.00641723755364354,0.011942335557586226,,False,0.9635505572848679,0.9575553521776291,0.9422380776038229,0.9488750885055812,0.9293172690763052,0.9106042707769758,0.888000486014356,0.8960278440350672
197,0.006398232248641551,0.011905823791229626,,False,0.9640526157244703,0.9599841740032105,0.9423009049588865,0.9498241130629336,0.9289156626506024,0.91230895280299,0.887609029393871,0.8962440332343609
198,0.006367608296368642,0.011894855022797145,,False,0.9638517923486294,0.9578927583792124,0.942947795778448,0.9494508853946351,0.9293172690763052,0.9106124165118852,0.8880017414220244,0.8960443761723038
199,0.006352142972596425,0.011899336927433318,,False,0.9641530274123908,0.9581502050994989,0.9432167285913162,0.9497178436226924,0.9301204819277108,0.9112856699469047,0.8887423029662185,0.8967555971553595
200,0.006322830691357196,0.011914810790055633,,False,0.9639522040365499,0.9579988098969824,0.9430296708596223,0.9495436130519452,0.9289156626506024,0.9101906733224866,0.8876212239182191,0.895641861089002
201,0.006308625219405276,0.011891798968258033,,False,0.9642534391003112,0.957840867497629,0.9437313324256285,0.9499176960383752,0.9293172690763052,0.9106329108106261,0.8880030053121772,0.8960284523350194
202,0.006286514109997403,0.011899459387881948,,False,0.9643538507882318,0.9571282574997559,0.9446674945559538,0.9502136477704354,0.9293172690763052,0.9106722923401345,0.8880029968296929,0.8960593768662712
203,0.0062647036014347665,0.011909872546790375,,False,0.9646550858519932,0.9574294122872923,0.9449475282038937,0.9505040837207844,0.9273092369477912,0.9049858065914675,0.8861382194268612,0.893084472155975
204,0.006251000878004987,0.011879233022127313,,False,0.9647554975399136,0.9570477838481738,0.9450121466056091,0.9503834047921438,0.9293172690763052,0.9076891828501841,0.8897050990561254,0.8964457013712419
205,0.006224033837215282,0.011852190353646253,,False,0.9650567326036751,0.9573090522882798,0.9453038656442736,0.9506667394788487,0.9305220883534137,0.9105455217985075,0.8908210274932107,0.8981137617407112
206,0.006202862937099676,0.011849441658638304,,False,0.965257555979516,0.9588857456068638,0.945472490407426,0.9514022768162369,0.9293172690763052,0.9105920536734448,0.8880017414220244,0.8960308452734519
207,0.006184011706415789,0.011825271547581635,,False,0.9653579676674365,0.959453267235904,0.9455978625704426,0.9517021426153508,0.929718875502008,0.9110102605014847,0.8883771083149155,0.8964145431306153
208,0.006172146631829,0.011853376293814891,,False,0.9653579676674365,0.958514691742806,0.9455648406562022,0.9513062319778707,0.9293172690763052,0.9105978245491547,0.8880017414220244,0.8960178819686571
209,0.006142677706176637,0.01181808810811131,,False,0.9654583793553569,0.959059602538319,0.9456736932006444,0.9515905542219407,0.9293172690763052,0.9106346306839254,0.8880017414220244,0.8960389659792765
210,0.006137128249400881,0.011787489151325837,,False,0.9655587910432775,0.9615715566837348,0.9457827668424313,0.952640524906687,0.929718875502008,0.9109253720057064,0.8883694468886643,0.8964062542759424
211,0.006108558383947677,0.011783451937165738,,False,0.9654583793553569,0.9594837003101162,0.9452409461748393,0.9514879395816409,0.929718875502008,0.9109850700503274,0.8883771167973997,0.8964003180068316
212,0.006088695120528596,0.011799462185885541,,False,0.9653579676674365,0.959437894044236,0.9455693784777226,0.9516750574431616,0.929718875502008,0.9109850700503274,0.8883771167973997,0.8964003180068316
213,0.006069803136674268,0.011793293988707302,,False,0.9654583793553569,0.9590622238787593,0.9456627491593286,0.9515835688874018,0.929718875502008,0.9117933118279795,0.8900593545907487,0.8979677512222916
214,0.006054479694862058,0.01178914544855424,,False,0.9658600261070388,0.9604176145764486,0.9460392511226657,0.9523493745358247,0.9289156626506024,0.9110912733074539,0.8893136424356407,0.8972318935156817
215,0.006036527545572291,0.011768920542479461,,False,0.9653579676674365,0.9589688116274822,0.9455693784777226,0.9514896943037454,0.9289156626506024,0.9083164423607296,0.8876301492346231,0.8951043719197137
216,0.006019296561764648,0.011782040949802165,,False,0.9656592027311979,0.9592568795999248,0.9458494905225405,0.9517757223743027,0.9309236947791165,0.9149875374534471,0.89623344950459,0.9035093398685762
217,0.005993609189004001,0.01174879258327982,,False,0.9657596144191184,0.9602934525806737,0.9459647492867782,0.9522575666158803,0.9281124497991968,0.9095241156720962,0.8868755117631111,0.8949281117152448
218,0.005983196663839509,0.011748780752754602,,False,0.9655587910432775,0.9591569039219812,0.9457811488195643,0.9516962054152521,0.9309236947791165,0.913578468812639,0.8928811599597561,0.900560520896269
219,0.005960842515889745,0.011738899058590933,,False,0.9661612611708003,0.9606716027068519,0.9463328965456819,0.9526309638311644,0.9293172690763052,0.911410448395269,0.889692278536476,0.8976116230628778
220,0.005949885852880911,0.011763089904678793,,False,0.9663620845466412,0.9603681829024882,0.9465223056426539,0.9526269324418841,0.9289156626506024,0.9117713859960949,0.8909901121052582,0.8987424850703746
221,0.0059204986736857285,0.011715283920342417,,False,0.9661612611708003,0.9597191141548121,0.94633870517544,0.9522575032388421,0.9301204819277108,0.9128471243754519,0.8921130810387117,0.8998404213552207
222,0.00590362025681108,0.011708407282702112,,False,0.9662616728587208,0.9607695828524059,0.9464069684815384,0.9527149258177674,0.9301204819277108,0.9128414626510417,0.8921143449288645,0.8998295390443253
223,0.005885390019709837,0.011685155991957717,,False,0.9663620845466412,0.9608546331574347,0.9464968407868474,0.9527990619965254,0.9301204819277108,0.9142056269943334,0.8904212800341074,0.8989153606789719
224,0.005868794151712715,0.011694581297745789,,False,0.9661612611708003,0.9606643359977591,0.9463159080533935,0.9526117029139791,0.9305220883534137,0.9139542805861952,0.8941771002260186,0.9016958489929058
225,0.005850896380678621,0.011728857740672161,,False,0.9662616728587208,0.959368474796999,0.9464164372004539,0.952165721078954,0.929718875502008,0.9139028433070536,0.8950995584194258,0.9024051862635754
226,0.005832056168599161,0.011699434888481774,,False,0.9663620845466412,0.9603698317715623,0.9465011750243296,0.9526092139224431,0.9305220883534137,0.9139542805861952,0.8941771002260186,0.9016958489929058
227,0.005820179461601895,0.011701264035582186,,False,0.9662616728587208,0.9602905369355713,0.9464097146121764,0.952530487761723,0.9305220883534137,0.9145490577383989,0.8958535698956366,0.9031290233234786
228,0.005811539448420116,0.011730013523890507,,False,0.9666633196104026,0.9606604462638582,0.9467930284569194,0.9529066755244029,0.9305220883534137,0.9146118688500956,0.8958426392614408,0.9031368071649024
229,0.005779522018898435,0.011671082213243844,,False,0.9664624962345617,0.9609571793412902,0.9465881845869372,0.9528969723874278,0.9305220883534137,0.9159900956845698,0.8941527196598064,0.9023085804759938
230,0.005762676134728457,0.01167501129970018,,False,0.9667637312983232,0.9612306026877041,0.9468694115763614,0.9531783343954517,0.9305220883534137,0.9145673129975143,0.8958439031515939,0.9031244775289229
231,0.005758462406954277,0.01165187472209529,,False,0.9670649663620845,0.961526369507173,0.9471647261010505,0.9534739526587686,0.9305220883534137,0.9158993923146654,0.8941379201741613,0.9023420194945503
232,0.005729555789933739,0.011629488257046744,,False,0.9670649663620845,0.962975072065863,0.947146688197413,0.9540198907013233,0.9301204819277108,0.9155509753634252,0.8937670600275714,0.9019212324980548
233,0.005718964105125545,0.011681463129953086,,False,0.9668641429862436,0.9623115041674121,0.9469553306158027,0.9536437725068578,0.929718875502008,0.9152043354405826,0.8933987285656302,0.9015624249613617
234,0.005697888881838679,0.011651463554453042,,False,0.967366201425846,0.962269088521021,0.9474267218453529,0.9539217624997804,0.9301204819277108,0.9155172857181684,0.8937728400508528,0.9019368065851787
235,0.005695017505022185,0.011692785380594732,,False,0.967366201425846,0.962301808771183,0.9474085722487566,0.9539214297345708,0.9293172690763052,0.9142512642709596,0.8913207275969653,0.8997227495117784
236,0.005681438207121634,0.011632959628755992,,False,0.9672657897379255,0.9621959820083745,0.9473499821757362,0.9538447824045517,0.9293172690763052,0.9148058964536507,0.8930412132098896,0.9012385626580115
237,0.005646640351990767,0.011617445531507752,,False,0.967165378050005,0.9625759489454704,0.9472425698190232,0.953928316776556,0.929718875502008,0.9151393844272759,0.8934178524754179,0.901585317248503
238,0.005653657056220915,0.011605974734699175,,False,0.9674666131137665,0.9628790219340628,0.9475225440824789,0.9542054416289866,0.9313253012048193,0.9153804686545521,0.8965735221620421,0.9038683712368132
239,0.005616933288882003,0.011586295233236439,,False,0.967366201425846,0.9632385315426362,0.9474218704363209,0.954291513228756,0.929718875502008,0.9151314605881488,0.8934217391961793,0.9015847318097288
240,0.005601336142705602,0.011599465508047508,,False,0.9675670248016869,0.962927340174793,0.9476133064148091,0.9542912984848824,0.929718875502008,0.9151379213592082,0.8934178524754179,0.9015673269293644
241,0.005589124804351927,0.011594675383877383,,False,0.9676674364896074,0.962564130544442,0.9476939149762695,0.9541958485926794,0.9301204819277108,0.9161449290819523,0.8954562356888442,0.9033911506743618
242,0.005571273012665737,0.011589505323239352,,False,0.9677678481775278,0.9621397795545698,0.9477947123105008,0.9540956706590014,0.9305220883534137,0.9164780575161602,0.895848313239212,0.9037865690937207
243,0.005557364352964284,0.01156919265396811,,False,0.9678682598654483,0.9637163436196265,0.9478845171151821,0.9547619625369952,0.9301204819277108,0.9155115605401547,0.8937797779187766,0.901952861073615
244,0.005538517745536605,0.01157916111630925,,False,0.9678682598654483,0.9637202037878443,0.9478851470711758,0.9547627621716696,0.929718875502008,0.915155358770573,0.8934044025434011,0.901596719104682
245,0.0055362110139729635,0.011554514248651533,,False,0.9678682598654483,0.9632360854755713,0.9478886644598664,0.9545715096740884,0.9305220883534137,0.9145851869010695,0.8958316110642196,0.9031433243775067
246,0.0055221991921101795,0.011541686849297095,,False,0.9679686715533689,0.9638067804766658,0.9479839836261105,0.9548513904497677,0.9301204819277108,0.9155320396598842,0.8937739978954953,0.9019272071946892
247,0.005492536230901046,0.01156493684954431,,False,0.9678682598654483,0.962747025179121,0.9478871739526917,0.9543886660776116,0.9305220883534137,0.9164847385000079,0.895836127197348,0.9037784043516073
248,0.005485253753620058,0.011580216305099832,,False,0.9680690832412893,0.9624376456008046,0.9480612125802426,0.9543774339785708,0.9305220883534137,0.9165264502816064,0.895848313239212,0.9038033297455697
249,0.005469362157091519,0.011564949074225013,,False,0.9679686715533689,0.963287019436858,0.9479793483953186,0.9546558636001679,0.9317269076305221,0.9176150289291881,0.896970656177364,0.904891114993424
250,0.005449798646422548,0.011534612597113894,,False,0.9681694949292098,0.9634899548362805,0.9481621664013069,0.9548430859900444,0.9305220883534137,0.9164921599108639,0.8958483217216963,0.9037760125816224
251,0.0054407373466869155,0.01155639731239204,,False,0.9685711416808916,0.9634134926901284,0.9485211283132399,0.9550337090911741,0.929718875502008,0.9132750076712787,0.8933916846521961,0.9009913820884496
252,0.005417558685932389,0.011532778309393745,,False,0.9683703183050507,0.9636912443963652,0.9483508562491569,0.9550399715606572,0.9305220883534137,0.9165026093943074,0.8958470578315436,0.9037959093510727
253,0.005403602749658885,0.011533581931484644,,False,0.9685711416808916,0.9643732615880936,0.9485219589557767,0.9554083256191751,0.9293172690763052,0.9148424684607086,0.8930424771000427,0.9012467440433234
254,0.005390849985294119,0.011514234237753483,,False,0.9685711416808916,0.9643817958386001,0.9485239858372929,0.9554114675549202,0.9301204819277108,0.9161681174143577,0.8954620157121256,0.9034244416376688
255,0.005386133742566024,0.011506506962913039,,False,0.9688723767446531,0.9636755756654564,0.9492254277043622,0.9555791477060898,0.9321285140562249,0.9185359788554801,0.8990270054559356,0.9066876052698655
256,0.005361520420049703,0.011502139444696654,,False,0.9686715533688122,0.9640271568972965,0.9490358288170972,0.9555943771973843,0.929718875502008,0.9151991190672296,0.8934165885852651,0.901616236320246
257,0.0053562064475714665,0.011523065422826016,,False,0.9689727884325735,0.9647603567305423,0.9493123450763465,0.9560530604343297,0.9309236947791165,0.9163027989947268,0.8945389230409329,0.9027369288340391
258,0.00533715736212063,0.011517223092464482,,False,0.969073200120494,0.9644360713837996,0.9498283683973726,0.9562447787571722,0.9305220883534137,0.9151547559670438,0.8975208927710027,0.9045506243933504
259,0.005319302671928108,0.011498855331968188,,False,0.969274023496335,0.9645974908289772,0.9500151097605846,0.9564236027616284,0.9317269076305221,0.9181332199955305,0.8986554132685343,0.9062942779713352
260,0.005309067691008323,0.011464634675316769,,False,0.9691736118084145,0.9649551968383159,0.9495030769904871,0.956240543213426,0.9301204819277108,0.9149385455485421,0.8921071983869859,0.9005140480782274
261,0.005292742445017286,0.011475271465805624,,False,0.9691736118084145,0.9649973691656574,0.9499264336942548,0.9565242628209641,0.9313253012048193,0.9171957289306,0.896585614057946,0.9045159227279833
262,0.005281831910723905,0.011487104249531279,,False,0.9693744351842555,0.9642080879467851,0.9500975364008747,0.9563214499173862,0.9317269076305221,0.918170976327483,0.8986554132685343,0.9063098849700363
263,0.005267674634395244,0.011466176760329103,,False,0.969274023496335,0.9650956699655213,0.9500168684549298,0.9566186413470553,0.9309236947791165,0.916869634185574,0.8962211693167661,0.9041645547536975
264,0.005255143368743828,0.011463604220948446,,False,0.9693744351842555,0.9642410154580018,0.9505289012250271,0.9565953814976313,0.9309236947791165,0.9174258660950458,0.8979059348904206,0.9055555107681124
265,0.00524094818238688,0.011464200413885945,,False,0.969274023496335,0.9650922855682427,0.9500151097605846,0.9566151453883419,0.9309236947791165,0.9162773517122292,0.8945401869310857,0.9027198338503789
266,0.005226018535189166,0.01145695574723224,,False,0.9693744351842555,0.9646986661829935,0.9500975364008747,0.9565136560799306,0.9305220883534137,0.9158396064091922,0.8941596694272805,0.9023240524755065
267,0.005214503834553348,0.01144847010046554,,False,0.9695752585600964,0.9649119984433122,0.9507064572412686,0.9569704589861556,0.9309236947791165,0.917394436454159,0.8979071902980892,0.9055461158519277
268,0.005201082714550322,0.01144982578913615,,False,0.9694748468721759,0.9652815319798881,0.950192587379948,0.9567969344412339,0.929718875502008,0.9151141571074866,0.8934127018645037,0.9015701345767759
269,0.005186291325223374,0.011452239169870345,,False,0.9695752585600964,0.9639643089770661,0.9507046985469232,0.9565945971292782,0.9317269076305221,0.9176096227661122,0.896970656177364,0.9049021717657099
270,0.005175364926398495,0.01141910895880905,,False,0.9694748468721759,0.9647936045125031,0.9501926657768259,0.956606410637004,0.929718875502008,0.915163124097655,0.8934101825666825,0.9016042404200879
271,0.00516189247289405,0.011466616400225043,,False,0.9696756702480168,0.9640693088407999,0.9507979908316513,0.9566941303015035,0.9305220883534137,0.9164930801467277,0.8958444265184506,0.9037734147123211
272,0.0051495234924130604,0.011458763680101555,,False,0.9696756702480168,0.9640515801073669,0.9507979908316513,0.9566899024665084,0.9313253012048193,0.9172128554559009,0.8965901386735587,0.9045224744434801
273,0.005138274648842654,0.011426661310126221,,False,0.9698764936238579,0.9643010591222253,0.9514069116720452,0.9571527107634235,0.9313253012048193,0.9172128554559009,0.8965901386735587,0.9045224744434801
274,0.005127515084474023,0.01143356448508584,,False,0.9696756702480168,0.964053482582166,0.9507979908316513,0.95668933896627,0.9325301204819277,0.9188603894707481,0.8993947194050597,0.9070421169262595
275,0.005111169693069047,0.011418891322290613,,False,0.9699769053117783,0.9643643616836522,0.9515002823536511,0.957232322270486,0.9313253012048193,0.9177820127658359,0.8982748957647291,0.9059202098426606
276,0.005114719264273386,0.011462520822905048,,False,0.9700773169996988,0.9648827722980903,0.9511697148637298,0.9572442890241495,0.9313253012048193,0.9172282875895118,0.8965913940812273,0.9045194557408843
277,0.005092641270470995,0.011429641982469915,,False,0.9697760819359373,0.9642155601329585,0.9513117822960938,0.9570609529025058,0.9305220883534137,0.916516776431985,0.895825302608663,0.9037596184184723
278,0.0050770604744184225,0.011411120307527122,,False,0.9699769053117783,0.9643600865805397,0.9514985236593058,0.9572338753220218,0.9309236947791165,0.9168569136487705,0.8962172825960047,0.9041444040751041
279,0.005063247062511662,0.011401566868746308,,False,0.9699769053117783,0.9643489898708183,0.9514985236593058,0.9572261553500918,0.9317269076305221,0.9180796814612461,0.8986298833401639,0.906249065425426
280,0.005052028475412,0.011398130702639753,,False,0.9699769053117783,0.9648630788588493,0.9514985236593058,0.9574356261469146,0.9301204819277108,0.9154616206769762,0.8937676894399387,0.9019204682436881
281,0.00504729068875118,0.011379738899372572,,False,0.9701777286876192,0.9659942942443789,0.9516852650225177,0.9580006853285761,0.9309236947791165,0.9168197563408559,0.8962160187058519,0.9041419914935597
282,0.0050347838582130945,0.011405283893623393,,False,0.9703785520634601,0.964828432588007,0.952710276887188,0.958154368461589,0.9329317269076305,0.9191691517313587,0.8997497069804946,0.9073643058740917
283,0.005014629994775494,0.011390231688182303,,False,0.9701777286876192,0.9646632158744046,0.9525243478938457,0.9579725434306163,0.9309236947791165,0.9168304069910396,0.8961994140938856,0.9041178128799944
284,0.005004813469314842,0.011389233549731195,,False,0.9702781403755397,0.9647352822290048,0.9526159598811064,0.9580626505287105,0.9325301204819277,0.918240897964145,0.8976920938117705,0.9055874157028884
285,0.0049899110451059325,0.011386263533762936,,False,0.9703785520634601,0.9648328375253933,0.9527063946417813,0.9581485173104082,0.9321285140562249,0.9179147475218303,0.897308307100021,0.9052208804483249
286,0.004978600882553075,0.011366471578588678,,False,0.9703785520634601,0.9648209659607748,0.9527110892570576,0.9581466457089722,0.9317269076305221,0.9175194201727062,0.8969451262489936,0.9048435471454703
287,0.0049704214836779025,0.011368065413239582,,False,0.9706797871272216,0.965571530591096,0.9529827583957987,0.9586131986689413,0.9321285140562249,0.9179315475789943,0.8973192377342163,0.9052346986345741
288,0.004958726782856329,0.011378660012838354,,False,0.9703785520634601,0.9648184730413507,0.9527063946417813,0.9581396783845018,0.9313253012048193,0.917181986731774,0.896571014763771,0.904479170055053
289,0.004948782983956228,0.011333665464130784,,False,0.9703785520634601,0.9652708818847273,0.9522850648195299,0.95807008074009,0.9313253012048193,0.916628274744265,0.8948656518118787,0.9030526487129633
290,0.004945122750329331,0.011364562306296736,,False,0.9705793754393012,0.9659073336232541,0.9524709565278113,0.9584453976709868,0.9321285140562249,0.9173052306261938,0.8956235500088509,0.9037786821707514
291,0.004926069912066612,0.011361124668735395,,False,0.9705793754393012,0.9654598929302863,0.9528900917785406,0.9585170277264043,0.9325301204819277,0.9188409419555411,0.8993659202687451,0.906997243454297
292,0.004919619448172709,0.011388875153910091,,False,0.9706797871272216,0.9655497525102231,0.9529834624601465,0.9586095411041095,0.9325301204819277,0.9183192218503423,0.897681163177575,0.9056079237651983
293,0.0048991051832709765,0.011353514357968556,,False,0.9707801988151421,0.9656604843813515,0.9530729097845287,0.9587005864830876,0.9329317269076305,0.9186445461708291,0.8980430886209336,0.9059597248778398
294,0.004887215403258649,0.011345035041345358,,False,0.9708806105030625,0.9653508168605597,0.9540109669921537,0.9591391749391733,0.9325301204819277,0.9182784683847954,0.897681163177575,0.9055918239418747
295,0.004882147034367905,0.011337692853163876,,False,0.9710814338789036,0.9664177401605547,0.9537718589842612,0.9594336807254356,0.9325301204819277,0.9182506432897376,0.8976933492194389,0.9055870099112303
296,0.004864600239573062,0.011316813951407264,,False,0.9708806105030625,0.9657794657397187,0.953585020951504,0.9590565884391524,0.9325301204819277,0.9182818620590643,0.8976702325433796,0.9055887321908964
297,0.004855560848422383,0.011299123116158702,,False,0.9712822572547445,0.9666044000175934,0.9539620393392858,0.9596210335297362,0.9333333333333333,0.9189819621266633,0.8984159446984877,0.9063276793188645
298,0.004849488516090077,0.011328720368081796,,False,0.9713826689426649,0.9667806490851899,0.9544679168955762,0.9599935719098381,0.9317269076305221,0.9157395053746775,0.896928415591517,0.9042639116501101
299,0.0048327772456648955,0.01133143373310328,,False,0.9713826689426649,0.9667470337268096,0.954474150506261,0.9599886502510331,0.9329317269076305,0.9192182449093674,0.8997387763462993,0.9073747324252651
300,0.004825257307351724,0.011339467778728105,,False,0.9713826689426649,0.9663038292846464,0.954468468454692,0.9597963975907757,0.9317269076305221,0.9162773145715444,0.898605511256436,0.9056378129632002
301,0.0048089484820082185,0.011335076080946332,,False,0.9713826689426649,0.9662888516732391,0.9544706630262143,0.9597970977160311,0.9325301204819277,0.9188944540309636,0.8993659202687451,0.907013928853783
302,0.004806336029540656,0.011305685790186471,,False,0.9712822572547445,0.9662021809913607,0.9543800531991161,0.9597033823958392,0.9321285140562249,0.9179568265786284,0.8973025270767396,0.9052245677559438
303,0.004788221401519255,0.011293426987412177,,False,0.9715834923185058,0.9673659788868592,0.9542451172136786,0.9600982066415623,0.9321285140562249,0.9173946022386689,0.8956126193746553,0.9038028514167126
304,0.00477603436419533,0.011289923101547658,,False,0.9716839040064263,0.9675067407026344,0.9547511698363922,0.9604607484577021,0.9325301204819277,0.9183240254211703,0.8976702325433796,0.9056045292323512
305,0.004767783053025119,0.011316603316869551,,False,0.9716839040064263,0.9670353746044158,0.9547478391501012,0.960264935163221,0.9321285140562249,0.9185635727290828,0.8989918087835225,0.9066549141021878
306,0.004760627702881102,0.011257436924629789,,False,0.9715834923185058,0.9673514908673196,0.9542438316815711,0.9600918315580493,0.9329317269076305,0.9179748744810978,0.8963570676396108,0.9045093249210865
307,0.004749339949059743,0.011280222152549285,,False,0.9716839040064263,0.9675044973379033,0.9547512482332701,0.9604609856126272,0.9325301204819277,0.9189407443026586,0.8993659202687451,0.9070368459951145
308,0.004750053934146291,0.011312086728126013,,False,0.9716839040064263,0.9675116472747415,0.954741403021662,0.9604655232395515,0.9321285140562249,0.9199944131412305,0.8973057878021997,0.9058846795597071
309,0.0047324215790076314,0.011313766904569953,,False,0.9719851390701878,0.9668954306366925,0.9554380124920928,0.9606177106437036,0.9329317269076305,0.9197610704528789,0.9014274201582307,0.9087616550458599
310,0.00473327590050325,0.011292304639614524,,False,0.9716839040064263,0.966640286059095,0.9551528110666386,0.9603396793788705,0.9317269076305221,0.9163172295853249,0.8985736694554434,0.9056106083585895
311,0.0047046262733007205,0.011251704267004496,,False,0.9719851390701878,0.9677896169908417,0.9550194288004794,0.9607365442769651,0.9329317269076305,0.919266106938631,0.8997278457121038,0.907388025799303
312,0.004695928414408941,0.01124598751253898,,False,0.9718847273822673,0.9676701556659645,0.9549334204679099,0.9606370810995686,0.9321285140562249,0.9179596703036795,0.8972948571680042,0.9052464070858193
313,0.0046869985403068404,0.011273185574230378,,False,0.9719851390701878,0.9673393277531468,0.9554434263564912,0.9608043373171028,0.9333333333333333,0.9221054243587778,0.9017893456015895,0.9097826615261907
314,0.00467360513313977,0.011271893973323085,,False,0.9721859624460287,0.9675392967833347,0.9556201376369065,0.9609892543081552,0.9325301204819277,0.9194092420736912,0.9010359720202301,0.9083875838079928
315,0.004660698573251659,0.011244278759923555,,False,0.9721859624460287,0.9679963597533674,0.9556248322521826,0.9611821462309612,0.9321285140562249,0.9199626280869193,0.8972948571680042,0.9058608443807942
316,0.004654786373037245,0.011241754683120529,,False,0.9719851390701878,0.9678134602930206,0.9554389999283855,0.961000071052162,0.9325301204819277,0.92087846363701,0.8993524703367286,0.9076610167558948
317,0.004640845537977953,0.011249160361481596,,False,0.9722863741339491,0.9676234635891363,0.9557135083185124,0.961080033832685,0.9321285140562249,0.9205035315936416,0.8989783588515059,0.9072847370550972
318,0.004640278681232051,0.011238762594106198,,False,0.9720855507581082,0.9679068922424098,0.9555309884083388,0.9610908181117027,0.9329317269076305,0.9192334070743043,0.8997265818219512,0.9073888139396638
319,0.004624989288836224,0.011247289429298615,,False,0.9720855507581082,0.9674372015058097,0.9555341293043368,0.9609000501418442,0.9321285140562249,0.9199904529277069,0.8972936017603357,0.9058715372084993
320,0.00461159326465556,0.011247393361612614,,False,0.9720855507581082,0.9674470282193381,0.9555297028762314,0.9609019266546956,0.9321285140562249,0.9185016884303376,0.8989783588515059,0.9066445942728859
321,0.004601777784398835,0.011236923480328086,,False,0.9722863741339491,0.967613973196308,0.9557181245369107,0.9610805631870751,0.9321285140562249,0.9205035315936416,0.8989783588515059,0.9072847370550972
322,0.00459195591843412,0.011230245661691661,,False,0.9722863741339491,0.9676248338997957,0.9557135083185124,0.9610815190119484,0.9325301204819277,0.92087846363701,0.8993524703367286,0.9076610167558948
323,0.004587224366926074,0.011203568244893993,,False,0.9722863741339491,0.9680666199562111,0.9557181245369107,0.9612664599870541,0.9337349397590361,0.9219414609045589,0.9004786999956418,0.9087673271701485
324,0.00457220281778519,0.011226867537079984,,False,0.9722863741339491,0.9676249826342682,0.9557135083185124,0.9610806676597924,0.9329317269076305,0.921742740247013,0.9014164895240353,0.9094116688392473
325,0.004563695399847465,0.011196616142970326,,False,0.9722863741339491,0.9680883704583424,0.9557135083185124,0.9612701652801287,0.9333333333333333,0.9216067470173618,0.9001070993257563,0.9084042480197113
326,0.004566007479330892,0.011211071338720636,,False,0.9720855507581082,0.967455649848641,0.9555267669553005,0.9608985153215204,0.9329317269076305,0.9212497315447451,0.899713863930746,0.9080174018412926
327,0.004548341271314238,0.011184040738913992,,False,0.9724871975097902,0.9682556211394231,0.9559000928879685,0.9614499174636401,0.9325301204819277,0.9203093729433784,0.8976741192641408,0.9062287269940401
328,0.004539307051620674,0.011228993527331166,,False,0.9723867858218697,0.9677615814971217,0.9562255410886097,0.9614411989296396,0.9333333333333333,0.9221194931159172,0.9017461960851959,0.9097567894235747
329,0.00452361143236216,0.011188105649472622,,False,0.9724871975097902,0.9678442175232624,0.9563188333733377,0.9615301153683142,0.9325301204819277,0.9208552731463434,0.8993588763553111,0.9076463169758257
330,0.004513914997223059,0.011184937813104888,,False,0.9724871975097902,0.968315094244081,0.9563188333733377,0.961726190190347,0.9329317269076305,0.9206822205384483,0.8980482307493634,0.9066051143317291
331,0.004507809817998319,0.011196346688033107,,False,0.9724871975097902,0.9678481041019058,0.9563188333733377,0.961533162488722,0.9329317269076305,0.921742740247013,0.9014164895240353,0.9094116688392473
332,0.004497421844106275,0.011210797598672528,,False,0.9724871975097902,0.9678489875173774,0.9563188333733377,0.961533668190407,0.934136546184739,0.922871568235576,0.902450014131579,0.9104783998517827
333,0.004486508418328202,0.011174029750379214,,False,0.9725876091977106,0.9683948513935159,0.9564121256580658,0.9618146459185879,0.9325301204819277,0.9203410881779835,0.8976309697477475,0.9062053383612151
334,0.004480114512999807,0.011193867491897732,,False,0.9724871975097902,0.9678442175232624,0.9563188333733377,0.9615301153683142,0.934136546184739,0.9228726064964311,0.9024564201501616,0.9104734971130548
335,0.00446711964139323,0.011210469084812984,,False,0.9724871975097902,0.9678506806225984,0.9563188333733377,0.9615352460033803,0.934136546184739,0.9228428062690485,0.9024448720031493,0.9104715877801937
336,0.004457181353447495,0.011185999437993675,,False,0.9725876091977106,0.9679359715874156,0.9564121256580658,0.9616257185884298,0.9333333333333333,0.9210655795337996,0.8983296456657008,0.9069201142250662
337,0.0044489392636109446,0.011164443561765117,,False,0.9727884325735515,0.9685828000078198,0.9565987102275219,0.9620043450427046,0.9349397590361446,0.9230128828247735,0.9015013024514743,0.9098207969629382
338,0.004438178300369837,0.011160467784343453,,False,0.9726880208856311,0.9684926975924338,0.9565054179427938,0.9619102132465708,0.9345381526104418,0.9231737730204029,0.9028241340992859,0.9108381514742607
339,0.004430305181320637,0.011162555911903495,,False,0.9726880208856311,0.9689673424160377,0.9565054179427938,0.9621060722864352,0.9333333333333333,0.9210655795337996,0.8983296456657008,0.9069201142250662
340,0.004422997025598322,0.01116992744947503,,False,0.972888844261472,0.9686877309656808,0.9566812152646899,0.9620969373584732,0.9337349397590361,0.9219670419533141,0.9003872588344249,0.9087189194571403
341,0.004415522763077241,0.011172860045022263,,False,0.9729892559493926,0.969233235094338,0.9567698129341417,0.9623697788550065,0.9345381526104418,0.9221641298026015,0.899418882912707,0.9080122704597069
342,0.004408894361644078,0.011172656695251278,,False,0.9727884325735515,0.9690515229663804,0.956590512316844,0.9621933941124957,0.9345381526104418,0.9226803334153418,0.9011406324157841,0.9094591831373171
343,0.004393356540239808,0.011153896459182067,,False,0.972888844261472,0.9691528854326137,0.9566812152646899,0.9622882569536186,0.9345381526104418,0.9221269965899273,0.899455875324614,0.908041678130981
344,0.004383880443980587,0.011150610644779737,,False,0.9729892559493926,0.9688021331357977,0.9571958373716696,0.9624499268857861,0.9345381526104418,0.9226962414537313,0.9011470384343669,0.909459222150037
345,0.004372142172500325,0.011150848867425924,,False,0.9727884325735515,0.968573798560509,0.9565904339199661,0.9619937414068964,0.934136546184739,0.9217815841063253,0.8990894252656426,0.9076590272821685
346,0.00436717239408024,0.011162881611930235,,False,0.972888844261472,0.968762786133885,0.9575212071754328,0.962626500413415,0.9337349397590361,0.9214497112779679,0.8987056385538931,0.9072891917403914
347,0.004354237599330419,0.011115784785325046,,False,0.973089667637313,0.9693537976077129,0.9572865403195152,0.9627302932704632,0.9345381526104418,0.9221235833012079,0.8994622813431966,0.9080356815582566
348,0.004344955425964615,0.011135062871808921,,False,0.973089667637313,0.9694093239695695,0.9577052808048845,0.9630043088599487,0.934136546184739,0.9217823306140007,0.8990784946314471,0.9076575766012953
349,0.004335565030693342,0.01113712695228687,,False,0.9731900793252335,0.9690225797622318,0.9577939568712142,0.9628939071989596,0.9349397590361446,0.9230648749771644,0.9015020260098017,0.9098162661036615
350,0.004335380000446507,0.011141112027677653,,False,0.9732904910131539,0.9695929152666574,0.9578826329375438,0.9631813334429745,0.9349397590361446,0.923092378258704,0.9014841575076825,0.909812863133923
351,0.004316926677202953,0.011122218337922278,,False,0.9732904910131539,0.9691101014503326,0.9578872491559421,0.9629850737442511,0.9349397590361446,0.923051629389182,0.9015198945119209,0.9098372894509742
352,0.004308589573285505,0.011114137036330117,,False,0.9732904910131539,0.9700440689118948,0.9578872491559421,0.9633719287145607,0.9357429718875502,0.9242687695170996,0.9039394331240038,0.9119572085708422
353,0.004301351431361695,0.011141743856127798,,False,0.9732904910131539,0.9691149385502269,0.9578899168897025,0.962988887231234,0.9353413654618474,0.9239037375776223,0.9035665770464498,0.9115869239564142
354,0.004291991713925098,0.011111783733376408,,False,0.9731900793252335,0.9690244820073861,0.9577985730896125,0.9628985095650417,0.9357429718875502,0.9242467599909762,0.9039285024898085,0.9119417545239593
355,0.004282124117881726,0.011113303597527128,,False,0.9733909027010744,0.9692147165705882,0.9579759252222719,0.9630799087874582,0.9357429718875502,0.9242704802723095,0.9039215646218847,0.911944030262335
356,0.004276476679955271,0.011108276582620117,,False,0.9732904910131539,0.9700366559298728,0.9578899168897025,0.9633714168128693,0.9353413654618474,0.9228388835830997,0.9001873876375824,0.9087603695420581
357,0.004271848995813214,0.011123212110283847,,False,0.9733909027010744,0.9691975786131614,0.9579676489147163,0.9630676992956562,0.936144578313253,0.92324136480247,0.9059831705568805,0.913007880186954
358,0.004257596514353811,0.011116169450877811,,False,0.9736921377648359,0.9699816652769511,0.9586746993555811,0.9638131925328322,0.9345381526104418,0.9206718052636698,0.9011470384343669,0.908820237565283
359,0.004246308648149215,0.011087882411206514,,False,0.9734913143889948,0.9702288122646213,0.9580692959038779,0.963554910148092,0.9357429718875502,0.9237272137876786,0.902225876896519,0.9105334864736905
360,0.004240379944874917,0.011105861234463197,,False,0.9735917260769154,0.9698401511543684,0.9581561489722736,0.9634436803823768,0.9353413654618474,0.9219646854138726,0.9035705698127212,0.9109263511444053
361,0.004228777217982736,0.01110752293011456,,False,0.9736921377648359,0.9699727428205729,0.9586617284327493,0.9638003805532329,0.9349397590361446,0.9210783748904063,0.9015020260098017,0.9091926331227458
362,0.004221912933522554,0.011079150596482058,,False,0.9738929611406768,0.9706166520058752,0.9588501500934287,0.9641775254002779,0.9353413654618474,0.9214362918560745,0.9018748820873559,0.9095624767974994
363,0.004216421571470866,0.011088100453183088,,False,0.9740937845165177,0.970367021959238,0.9594573122394772,0.9644299554174184,0.936144578313253,0.9226904714774948,0.904275296789651,0.9116387561793099
364,0.004204603966056505,0.011081881235733296,,False,0.9741941962044381,0.9709235437980523,0.9595506829210831,0.9647181835814528,0.9353413654618474,0.9214065269595749,0.9018626960454917,0.9095408656436462
365,0.004199890339277015,0.011065141593475214,,False,0.9738929611406768,0.9711178149172149,0.9588565893097609,0.9643925666761317,0.9357429718875502,0.9237272137876786,0.902225876896519,0.9105334864736905
366,0.004187411138439698,0.0110770137730483,,False,0.9741941962044381,0.9713824805025,0.9591293530988315,0.9646601767049003,0.9353413654618474,0.9214094779605896,0.9018639514531603,0.9095472683628256
367,0.004179413038392257,0.011076417639111701,,False,0.9741941962044381,0.9714169246096057,0.9595480151873228,0.9649226365168104,0.936144578313253,0.9226892018618675,0.9042765521973196,0.9116453484656079
368,0.00417969019701038,0.011068573108984008,,False,0.9741941962044381,0.9714173399108239,0.9595352340547839,0.9649176740742864,0.9365461847389558,0.9254519219712078,0.9063207239165112,0.9140021640825281
369,0.004163895945909341,0.011082067635547324,,False,0.9741941962044381,0.9714142674526952,0.9595506829210831,0.9649230510431729,0.936144578313253,0.9215444832555725,0.9009070380149792,0.9088616953302553
370,0.004159834759724132,0.011078712300988777,,False,0.9741941962044381,0.9709261210652662,0.9595480151873228,0.9647177707878346,0.936144578313253,0.9226790910726002,0.904275296789651,0.9116466562905369
371,0.004145479646375291,0.011065686450046979,,False,0.9742946078923587,0.9714976306989784,0.9596395487777056,0.9650118981882255,0.9365461847389558,0.9235456032423949,0.9063329099583751,0.9133556381912081
372,0.004141865825990374,0.011093801836721689,,False,0.9741941962044381,0.9700002170139379,0.9595488458298599,0.9643301848554731,0.9373493975903614,0.9247762400426198,0.908764634612322,0.9154110246902322
373,0.004132992189445747,0.011050839551822051,,False,0.9744954312681996,0.9721324835141633,0.9594099392360119,0.9651338912453594,0.936144578313253,0.9240636957205931,0.9025796090642854,0.9108816078610482
374,0.004123400955607473,0.011060584802559685,,False,0.9746962546440405,0.972830114331651,0.9600050295325175,0.9657751529338982,0.9357429718875502,0.9237489431711534,0.902225876896519,0.9105395250560417
375,0.00411513079060939,0.011063586591890634,,False,0.9742946078923587,0.9714991188441063,0.9596295137758047,0.9650090103387206,0.936144578313253,0.9226480056529253,0.9042944206994387,0.9116591330480771
376,0.0041062045364615345,0.01104808668138353,,False,0.9744954312681996,0.9716809947613219,0.9598197725277073,0.9651933287556879,0.9357429718875502,0.9223190852958736,0.9039011853044284,0.9112760108544301
377,0.004100102158986584,0.011042218570173533,,False,0.9745958429561201,0.9722541745063071,0.959909269270448,0.965485421246158,0.9365461847389558,0.9235395631046378,0.906352033868163,0.9133747072215311
378,0.004092241038395739,0.011049546393331802,,False,0.974796666331961,0.9729266974666859,0.9600983218172456,0.9658693475635426,0.9365461847389558,0.9235534623493782,0.9063329099583751,0.913363027467606
379,0.004083651095228082,0.011045114523503222,,False,0.9745958429561201,0.9722554737226533,0.9599136956985537,0.9654850998825061,0.9365461847389558,0.9230467665768204,0.9046494082748736,0.9120239957964523
380,0.00407648918245463,0.011050359419732338,,False,0.9746962546440405,0.9728314554622194,0.9600076188693998,0.9657756950905989,0.9365461847389558,0.9230467665768204,0.9046494082748736,0.9120239957964523
381,0.0040685967601082375,0.01103493312075539,,False,0.9746962546440405,0.9723424451825754,0.9599961223388438,0.965571124079764,0.9369477911646586,0.9239132787466148,0.9067070214435977,0.9137329776971236
382,0.004061276120010779,0.01102180608170753,,False,0.9745958429561201,0.9717693768384174,0.9599021991679975,0.9652791324679851,0.9369477911646586,0.9239132787466148,0.9067070214435977,0.9137329776971236
383,0.004054444107945528,0.011026332232385088,,False,0.9745958429561201,0.9717705998301914,0.9599021991679975,0.9652788909448746,0.9365461847389558,0.9235456032423949,0.9063329099583751,0.9133556381912081
384,0.004047769350307616,0.011014664028516082,,False,0.9745958429561201,0.9722459942559034,0.9599136956985537,0.9654804084219022,0.9369477911646586,0.9243726088623938,0.9084096470368872,0.9150458896038808
385,0.004042504856244746,0.011041401394861353,,False,0.9746962546440405,0.971873862569535,0.9599908752343271,0.9653735358564308,0.9369477911646586,0.9233789335969844,0.90500314044264,0.912357750567997
386,0.004033929624246737,0.011025209777639254,,False,0.974796666331961,0.9719851215117313,0.9605029080044244,0.9657232346838948,0.9373493975903614,0.9247530956377494,0.9087633792046534,0.9154020097951832
387,0.004024616262570263,0.011017724145400906,,False,0.9750979013957225,0.9731859671893169,0.9603632683677092,0.9661316160613183,0.9365461847389558,0.9235456032423949,0.9063329099583751,0.9133556381912081
388,0.0040164003133229455,0.011013128778680322,,False,0.9748970780198816,0.9729988834130366,0.9601838893535337,0.9659487527141984,0.9369477911646586,0.9243883401553588,0.9083905231270994,0.9150330027753709
389,0.004012993393465133,0.011012851353757921,,False,0.974796666331961,0.9710429151373324,0.9605080757819385,0.9653293639294299,0.9381526104417671,0.9259360948770095,0.9112032971341928,0.9174409067770396
390,0.0040040933175708405,0.01099822727841911,,False,0.974997489707802,0.9730923371294442,0.9602745923013796,0.96604133169719,0.9377510040160643,0.9251224053035335,0.9091265600556808,0.9157839080743833
391,0.003998457621181727,0.010987141000022915,,False,0.9748970780198816,0.9730131312248105,0.9601807484575358,0.9659552572910507,0.9373493975903614,0.9265735252831409,0.9087402625285943,0.9160413674311797
392,0.003988729284891226,0.010996056027063321,,False,0.9748970780198816,0.9729988834130366,0.9601838893535337,0.9659487527141984,0.9373493975903614,0.9247443951749332,0.908764634612322,0.9154042174339906
393,0.00398311468027727,0.010999513416282886,,False,0.9751983130836429,0.9733157024952374,0.9608748279755687,0.9664933064000589,0.9377510040160643,0.9250871785628915,0.9091265600556808,0.9157735379318931
394,0.003980564769213221,0.010999887430928132,,False,0.9750979013957225,0.973227730328985,0.960786151909239,0.9664059620083632,0.9373493975903614,0.9242444416499274,0.9070689468869565,0.9140961733477302
395,0.003973036216306255,0.01098871556989484,,False,0.9748970780198816,0.9716169600126049,0.9605936109522702,0.9656212846054076,0.9377510040160643,0.9251402685706144,0.9091329660742633,0.915787192623125
396,0.0039634764982888595,0.010990814073756716,,False,0.974997489707802,0.9730923588936454,0.9602725654198634,0.966039848651135,0.9377510040160643,0.9251118832387024,0.9091387460975446,0.9157808652682655
397,0.00396149158714484,0.010993936732856703,,False,0.974997489707802,0.9731050290872645,0.9602738509519708,0.9660440192449387,0.9373493975903614,0.9243267816464213,0.9070562289957513,0.9140931428474462
398,0.0039504567972461,0.010979933487546643,,False,0.9751983130836429,0.9732858595854439,0.9604583977436606,0.9662271060512746,0.9377510040160643,0.9251685657234745,0.9091138421644757,0.9157705354683429
399,0.003943850114632435,0.01099399565658139,,False,0.9751983130836429,0.9732920833414054,0.9604583977436606,0.9662296393726252,0.9381526104417671,0.9259780430744962,0.9111905792429877,0.9174354077309665
400,0.003940335611887631,0.010998290440773151,,False,0.9751983130836429,0.9733101048026117,0.9608779688715666,0.966492176278914,0.9389558232931727,0.9266763781466538,0.9119323961948503,0.9181758345788862
401,0.003929519162230791,0.0109901875779357,,False,0.9751983130836429,0.9733038644543046,0.960879727565912,0.9664875081065717,0.9385542168674699,0.9263244910522201,0.9115768767700742,0.9178041742040287
402,0.003923491969901709,0.010973471947940808,,False,0.9750979013957225,0.9731876338749887,0.9603759711033705,0.966137363881147,0.9377510040160643,0.9250947454556155,0.9091329660742633,0.9157666191829903
403,0.003919582786141824,0.010995269344771259,,False,0.9751983130836429,0.9733101048026117,0.9608779688715666,0.966492176278914,0.9381526104417671,0.92593860553463,0.9111963592662691,0.9174268868997465
404,0.003910362528799242,0.01097047979459754,,False,0.9750979013957225,0.9731870594399025,0.9603676947958147,0.9661329057077579,0.9381526104417671,0.9250221460705897,0.9078235758759843,0.9148526101256935
405,0.003903601755477768,0.010963658148992646,,False,0.9751983130836429,0.9732799134194242,0.9604615386396586,0.9662250292909632,0.9381526104417671,0.9259183052898563,0.9111905792429877,0.9174121475958061
406,0.003897533415863872,0.010972865499730235,,False,0.9752987247715634,0.9733973755060303,0.9609621542062021,0.966574874378776,0.9385542168674699,0.9263329708352016,0.9115646907282103,0.9178066737649159
407,0.0038996237731007276,0.010966109685877263,,False,0.9753991364594838,0.9734783114590577,0.9610537661934627,0.9666661259192038,0.9397590361445783,0.9273422018734205,0.9126997430750833,0.9189070019285762
408,0.003885077592474181,0.010956868912252808,,False,0.9753991364594838,0.973496650931736,0.9610642743576017,0.9666744293938486,0.9381526104417671,0.9254839707207752,0.9094879536496983,0.9161316412424435
409,0.003879436209040819,0.010957497493092836,,False,0.9752987247715634,0.9733967184338265,0.9609735714097558,0.966579631689777,0.9385542168674699,0.9262730564246213,0.9115634353205417,0.917780808123585
410,0.003873780827078364,0.010950173765152213,,False,0.9752987247715634,0.973391918552728,0.9609735714097558,0.9665769925172962,0.9389558232931727,0.9261632225215828,0.9102336658048062,0.9168548410873922
411,0.0038705490941211675,0.010969721044987463,,False,0.9755999598353249,0.9736995344392407,0.9612400716794978,0.9668637283425586,0.9385542168674699,0.9263075305550159,0.9115455668184224,0.9177771696552591
412,0.0038603843150086274,0.01094039964253021,,False,0.9755999598353249,0.9736959586769349,0.9616614015017492,0.9671121198460038,0.9397590361445783,0.9273698071253246,0.9126666458664219,0.9188883534874649
413,0.0038567132838164897,0.010965300085164756,,False,0.9757003715232453,0.9733110801021463,0.9617547721833551,0.9670064451618432,0.940562248995984,0.928074803991458,0.9134352566368076,0.9196305394383401
414,0.0038524238807904824,0.010946396232375125,,False,0.9754995481474044,0.9735926206746619,0.9611467009978918,0.9667625983576598,0.9385542168674699,0.9258272932278508,0.9098620651349208,0.9164973666422481
415,0.0038453326479663623,0.010946805997043943,,False,0.9755999598353249,0.9737075413008499,0.961658733767989,0.9671142100616242,0.9385542168674699,0.9258181792948476,0.9098595543195837,0.9164826254312253
416,0.0038364271211638566,0.010929101916005733,,False,0.9755999598353249,0.97368272367593,0.9612400716794978,0.9668562125819542,0.9389558232931727,0.9256610306447774,0.9085692880310925,0.9155660894173465
417,0.003831076138254439,0.01093199643396249,,False,0.9755999598353249,0.9736763827616498,0.9612400716794978,0.9668548789576512,0.9385542168674699,0.9262684059373201,0.9115582847096277,0.9177810096085869
418,0.0038265944527196075,0.01093320181248898,,False,0.9755999598353249,0.9737161694123593,0.961658733767989,0.9671180719221627,0.9385542168674699,0.9262887382569563,0.9115455668184224,0.9177659884120489
419,0.0038245419774834,0.010945325479956306,,False,0.9754995481474044,0.9736124993171207,0.9611467009978918,0.9667702426860126,0.9381526104417671,0.9259188824403037,0.9111701999255314,0.9173825890026297
420,0.0038129411460968285,0.010952476836893536,,False,0.9757003715232453,0.9733173253568302,0.9617547721833551,0.9670086277415381,0.9393574297188755,0.9265479302764545,0.9106090326976974,0.9172410523685173
421,0.0038104185617969773,0.010946079591934058,,False,0.9758007832111658,0.9738820876437365,0.961845475131201,0.9672990242527951,0.9393574297188755,0.9270001584356231,0.9123129136986555,0.9185299025530654
422,0.0038052308039849235,0.010941494695567376,,False,0.9758007832111658,0.9739012738629916,0.9618453967343231,0.9673053133887001,0.9385542168674699,0.925830908351435,0.9098608097272523,0.9164929106005731
423,0.003795562104699905,0.010932546138896528,,False,0.9759011948990862,0.9739812045868672,0.9619387674159291,0.9673944032210287,0.9393574297188755,0.9270150559905596,0.9122937897888677,0.9185196929596862
424,0.003790945637282351,0.010916614763843365,,False,0.9759011948990862,0.9739632676077759,0.9619414351496892,0.967388845405439,0.9401606425702811,0.9277156548945994,0.9130598812614321,0.9192693686484255
425,0.003785223317977384,0.010932016099371434,,False,0.9759011948990862,0.9739832489408032,0.9619413567528112,0.9673954518207682,0.9397590361445783,0.9268861538349449,0.9109818887752515,0.9176022815532272
426,0.003778427579752534,0.010914698338989656,,False,0.9759011948990862,0.9739632726248222,0.9619414351496892,0.9673880349129232,0.9397590361445783,0.9273336201037581,0.9126845143685409,0.9188905827609742
427,0.003773645454442103,0.010940260820018833,,False,0.9757003715232453,0.9733110801021463,0.9617547721833551,0.9670064451618432,0.940562248995984,0.928068601745225,0.9134136134291985,0.9196193841377693
428,0.0037679474181048374,0.010915314734787143,,False,0.9761020182749272,0.9737072540145191,0.9625441708676323,0.9676371151981057,0.9389558232931727,0.926177303748865,0.9102553005299312,0.9168826279692802
429,0.0037626715715243075,0.010907417473679761,,False,0.9761020182749272,0.9741569330020172,0.9621254303822631,0.9675763960166266,0.9401606425702811,0.9277156548945994,0.9130598812614321,0.9192693686484255
430,0.0037604221494771015,0.0109260264291298,,False,0.9761020182749272,0.9736775569661362,0.9621254303822631,0.9673783901871165,0.9397590361445783,0.9268740060806608,0.9110035235003764,0.9176078981841562
431,0.0037519288670528456,0.010925846354139335,,False,0.9761020182749272,0.9736725875375141,0.9621254303822631,0.9673748973554892,0.9393574297188755,0.9269768381183613,0.9123129136986555,0.9185165126659687
432,0.0037459785143271265,0.010908809704928617,,False,0.9761020182749272,0.9736761266366963,0.9621228410453809,0.9673746988274766,0.9397590361445783,0.9273570967122509,0.9126857697762095,0.9188991071903614
433,0.0037405686659193636,0.010924652274649019,,False,0.9761020182749272,0.973677257298671,0.9621254303822631,0.9673766917659022,0.9401606425702811,0.9272644296625386,0.9113763880604147,0.9179861053531694
434,0.0037334529671866215,0.010912837605945084,,False,0.9762024299628477,0.9737841112883405,0.9622161333301089,0.9674750668089565,0.940562248995984,0.9276058113847425,0.9117313756358496,0.9183312570305743
435,0.0037305667403048385,0.01091853760123764,,False,0.9761020182749272,0.9736713125297789,0.9621254303822631,0.9673734917947259,0.940562248995984,0.9275855271522313,0.9117517634357901,0.9183340536524243
436,0.00372472280241679,0.010913408513226731,,False,0.9762024299628477,0.9737756207167645,0.9622161333301089,0.9674714736526708,0.9409638554216867,0.9284276882336125,0.9137889888045739,0.9199785581495219
437,0.0037184921575469715,0.010894273732782801,,False,0.9763028416507682,0.9738874518312112,0.9627281661002063,0.96781885964507,0.9401606425702811,0.9277045701601053,0.9130395019439759,0.9192432770673677
438,0.003713216379814421,0.01090433157332272,,False,0.9761020182749272,0.9736759132114052,0.9621254303822631,0.9673761745207133,0.9401606425702811,0.9272256985777992,0.9113585195582955,0.9179493489680337
439,0.0037075851063149926,0.010900183622288468,,False,0.9761020182749272,0.9736967106317107,0.9621227626485029,0.9673824358253543,0.9401606425702811,0.9277007055182348,0.9130407658341286,0.9192314119982191
440,0.0037028521761512923,0.01089678530153206,,False,0.9760016065870067,0.9736105630360056,0.9620320597006571,0.9672922651659008,0.9393574297188755,0.9264987158624217,0.9106102965878503,0.9172022028167309
441,0.003697512329023726,0.010890708144679243,,False,0.9762024299628477,0.9738064960283731,0.9626347954186003,0.9677298733167975,0.9397590361445783,0.9273279178768714,0.9126666458664219,0.9188676746096345
442,0.003691980055872462,0.010887610038002543,,False,0.9763028416507682,0.9739294509253315,0.9631468281886976,0.9680816679531635,0.9401606425702811,0.9272417797996231,0.9113572641506269,0.9179551499601725
443,0.003686854465908567,0.010890065080149832,,False,0.9762024299628477,0.9737719697531975,0.9622161333301089,0.967469515537523,0.940562248995984,0.9276058113847425,0.9117313756358496,0.9183312570305743
444,0.0036838732085176934,0.010881622983312774,,False,0.9762024299628477,0.9737668598496624,0.9622161333301089,0.9674679500828299,0.9401606425702811,0.9272256985777992,0.9113585195582955,0.9179493489680337
445,0.0036771513164217126,0.010874922054832653,,False,0.9763028416507682,0.9739009782657124,0.9627281661002063,0.9678237964876436,0.9401606425702811,0.9272417797996231,0.9113572641506269,0.9179551499601725
446,0.0036746869545430686,0.010881114232692982,,False,0.9764032533386886,0.9740128899500393,0.9632401988703035,0.968172218153399,0.9401606425702811,0.9272410585007496,0.9113654574262193,0.917962257308979
447,0.0036677552360181507,0.010891804803702882,,False,0.9762024299628477,0.9737802774709786,0.9622161333301089,0.9674720465001067,0.9397590361445783,0.9268544896786841,0.9109780020544904,0.9175696403155214
448,0.003662540451537376,0.010890613383113305,,False,0.9761020182749272,0.9736796133149203,0.9621254303822631,0.9673774503298228,0.9397590361445783,0.9268544896786841,0.9109780020544904,0.9175696403155214
449,0.003656857004821974,0.010893588430491648,,False,0.9764032533386886,0.9739925440739561,0.9628215367818123,0.9679183084573157,0.940562248995984,0.9280564793344972,0.9134084713007687,0.9195988494970097
450,0.0036519372860435353,0.01088730472570063,,False,0.9762024299628477,0.9738084619885528,0.9626374631523604,0.9677327050249566,0.9401606425702811,0.9272417797996231,0.9113572641506269,0.9179551499601725
451,0.0036469171953512143,0.01089000008265135,,False,0.9764032533386886,0.9740053692571444,0.9628232954761575,0.9679226923830766,0.9401606425702811,0.9272512862280019,0.9113463335164315,0.9179451714661124
452,0.0036418461533438344,0.01088123333597985,,False,0.9764032533386886,0.9740031614190663,0.9628232954761575,0.9679226638378824,0.9401606425702811,0.9272512862280019,0.9113463335164315,0.9179451714661124
453,0.0036371960660190857,0.010890749351807184,,False,0.9765036650266091,0.9741242295715876,0.9633353282462548,0.9682728712666565,0.9401606425702811,0.927282703075469,0.9113463335164315,0.9179584041606174
454,0.003633927803968471,0.010868249493210679,,False,0.9763028416507682,0.9739094340126455,0.9627325925283117,0.9678296195156076,0.9401606425702811,0.9272512862280019,0.9113463335164315,0.9179451714661124
455,0.003632906535869364,0.010876398241322822,,False,0.9763028416507682,0.9739095984245986,0.9627325925283117,0.967829022670451,0.9413654618473896,0.928366452914789,0.9124564904127196,0.919059032444419
456,0.0036237712187434084,0.010863861137685072,,False,0.9765036650266091,0.974109411781705,0.9633379959800149,0.9682692462411082,0.940562248995984,0.9275801627340888,0.9117088968546417,0.9183006522718586
457,0.0036175396232129686,0.010870639571557705,,False,0.9763028416507682,0.9739098080400939,0.9627325925283117,0.9678297928682669,0.940562248995984,0.9276164371324628,0.9117031168313604,0.9182974016870785
458,0.003614675458078787,0.01084628525555949,,False,0.976905311778291,0.9744980536105814,0.9641264856248772,0.9688916360344935,0.9413654618473896,0.9288129499877831,0.9141399836137372,0.920333544661864
459,0.0036130077362362236,0.010860952840821624,,False,0.9768049000903705,0.9743795909490043,0.9636171205885401,0.968547017482961,0.9401606425702811,0.927212713810784,0.9113526453890543,0.9179493337051474
460,0.0036032728665053655,0.010863301232223687,,False,0.9766040767145295,0.9742149585673635,0.9634286989278608,0.9683666977075824,0.940562248995984,0.9276670201206991,0.9117082589597901,0.9183284081553117
461,0.0035994024098910987,0.010854988272918004,,False,0.9768049000903705,0.974420005863422,0.9640340239826861,0.968805606622444,0.940562248995984,0.9276356032732321,0.9117082589597901,0.9183151754608068
462,0.003595447280880521,0.01087324632600238,,False,0.9764032533386886,0.9740348103414743,0.9632446252984089,0.9681814275255854,0.9401606425702811,0.9272748142181396,0.9113341474745675,0.9179389148464276
463,0.003589934391953496,0.010841912747803278,,False,0.97670448840245,0.9743314829818437,0.963940731697958,0.9687149682276234,0.9401606425702811,0.9272633656955924,0.911327741455985,0.9179355176629314
464,0.0035857874300371517,0.010851386797119014,,False,0.976905311778291,0.9745202958688837,0.964124726930532,0.9689020922065096,0.9409638554216867,0.9279933320608128,0.9120759644264302,0.9186876248957889
465,0.003579448909035245,0.010861390886860224,,False,0.9768049000903705,0.9744215056588114,0.9640340239826861,0.9688066349805217,0.940562248995984,0.9276466993407699,0.9117031168313604,0.9183106566479152
466,0.0035742399273123106,0.010861850296400508,,False,0.9768049000903705,0.9744150578575541,0.9640340239826861,0.9688043648775932,0.9409638554216867,0.9279933320608128,0.9120759644264302,0.9186876248957889
467,0.0035735639099239405,0.010863951400279924,,False,0.97670448840245,0.9743193703249968,0.9639433210348405,0.9687113457133117,0.940562248995984,0.9276056782810106,0.911695446922625,0.918308315604522
468,0.003565097570701359,0.0108570171547423,,False,0.9768049000903705,0.9743999299677741,0.9640384504107917,0.968798977430533,0.9409638554216867,0.9280189369184095,0.9120836343351656,0.9186903144457909
469,0.003561740249164033,0.010841933619132101,,False,0.9771061351541319,0.9746890720739159,0.9643105592543291,0.9690802267403347,0.940562248995984,0.9276056782810106,0.911695446922625,0.918308315604522
470,0.003555652759316382,0.010843597289653792,,False,0.9770057234662115,0.9745946330619173,0.9642198563064832,0.9689865988304636,0.940562248995984,0.9276056782810106,0.911695446922625,0.918308315604522
471,0.0035533213434474097,0.01083789343446273,,False,0.9770057234662115,0.9745943980743169,0.9642198563064832,0.968987372925717,0.940562248995984,0.9276056782810106,0.911695446922625,0.918308315604522
472,0.0035476969683795167,0.010852312643613946,,False,0.97670448840245,0.9742993928664375,0.9635238283038121,0.9684560078204125,0.9409638554216867,0.9280247489082798,0.9120759644264302,0.9187008575902939
473,0.0035419055686514963,0.010833783980862316,,False,0.976905311778291,0.9745012496045425,0.9641291533586374,0.968894054623572,0.9413654618473896,0.92837666570599,0.9124513398018057,0.9190627638807728
474,0.003538148764399727,0.010845655560244053,,False,0.976905311778291,0.9744954138431338,0.9641291533586374,0.9688911327735603,0.9409638554216867,0.9279587497178807,0.9120708222980005,0.9186701996286691
475,0.0035322800476785526,0.0108364807390815,,False,0.9770057234662115,0.9745945982515968,0.9642242827345887,0.9689875030949922,0.940562248995984,0.9276272806642258,0.9117018529412076,0.9183116208816572
476,0.003533169195299675,0.010820396263414201,,False,0.9772065468420524,0.9747762416037842,0.9644056886302804,0.969171380646196,0.9413654618473896,0.9283176670879248,0.9124314838512064,0.9190399413903491
477,0.003523882488090595,0.010842358442243518,,False,0.9770057234662115,0.9745895447927211,0.9642242827345887,0.9689855183462465,0.940562248995984,0.9275905106185023,0.9116967108127779,0.9182942926662963
478,0.003520466061418526,0.010826441731666352,,False,0.9770057234662115,0.9745840030840451,0.9642242827345887,0.9689837239390822,0.940562248995984,0.9276056782810106,0.911695446922625,0.918308315604522
479,0.0035167946882859956,0.01084677046173752,,False,0.976905311778291,0.9744652620643145,0.9637122499644915,0.9686343931546593,0.940562248995984,0.9276370951284777,0.911695446922625,0.9183215482990269
480,0.003511239266761192,0.010826061008730584,,False,0.9771061351541319,0.9746881825537645,0.9643105592543291,0.9690788959014197,0.940562248995984,0.9276370951284777,0.911695446922625,0.9183215482990269
481,0.0035061751527393037,0.010826243400256107,,False,0.9772065468420524,0.9747780700486638,0.9644056886302804,0.9691712342758326,0.940562248995984,0.9276370951284777,0.911695446922625,0.9183215482990269
482,0.003501245552119003,0.010826449172510704,,False,0.9770057234662115,0.97459001259169,0.9642242827345887,0.9689858362543234,0.9409638554216867,0.9279587497178807,0.9120708222980005,0.9186701996286691
483,0.003497510006952481,0.01083045399363069,,False,0.9770057234662115,0.9745725854204187,0.9642242827345887,0.9689786609845906,0.9409638554216867,0.9279587497178807,0.9120708222980005,0.9186701996286691
484,0.003494442525512978,0.010826473601572927,,False,0.9771061351541319,0.9746659688777934,0.9643149856824346,0.9690712051914822,0.940562248995984,0.9276370951284777,0.911695446922625,0.9183215482990269
485,0.0034891574976892267,0.01080889378952033,,False,0.9772065468420524,0.9747637645414127,0.9644056886302804,0.9691654023396831,0.940562248995984,0.9275990876100825,0.9117023847905489,0.9183119845744719
486,0.0034890221772132957,0.010838738634675292,,False,0.9770057234662115,0.9745534787093553,0.9638055422492194,0.9687254585835556,0.940562248995984,0.9276829683211122,0.9117273913520622,0.918340037853823
487,0.003478664467526768,0.010822660748738402,,False,0.9771061351541319,0.9746807753687108,0.9643149856824346,0.969077700741753,0.9401606425702811,0.9272688560290993,0.9113213354374025,0.917945641336654
488,0.0034743688550446894,0.010814579470861875,,False,0.9772065468420524,0.9747672810825418,0.9644056886302804,0.969166570700478,0.9409638554216867,0.9279734034654317,0.9120586362561364,0.9186690359874407
489,0.0034705806829044773,0.010809567818907942,,False,0.9772065468420524,0.9747604353381711,0.9644082779671626,0.9691646425271961,0.940562248995984,0.927612111728173,0.9117158347225656,0.9183191288779273
490,0.003468313739574089,0.010801236263271475,,False,0.9770057234662115,0.9745877910124698,0.9642242827345887,0.9689860210590171,0.9413654618473896,0.9283084074787854,0.9124518716511469,0.9190435351989633
491,0.003461054086651585,0.010807918407454932,,False,0.9771061351541319,0.9746826123025996,0.9643175750193167,0.9690787423387762,0.9409638554216867,0.9279734034654317,0.9120586362561364,0.9186690359874407
492,0.003456856705902545,0.010811297533041908,,False,0.9772065468420524,0.974773244659295,0.9644056886302804,0.9691690462853327,0.9401606425702811,0.9272688560290993,0.9113213354374025,0.917945641336654
493,0.003452260149578029,0.010800440669673844,,False,0.9773069585299728,0.9748623838207902,0.9644989809150084,0.9692607901428933,0.9401606425702811,0.9272615405174798,0.9113282733053263,0.9179493971628138
494,0.0034509775970856353,0.010806166250347865,,False,0.9772065468420524,0.9747637774929038,0.9644082779671626,0.9691679130785352,0.9413654618473896,0.9283416425648101,0.912432747741359,0.9190449429498133
495,0.0034441129859707105,0.01080776199840281,,False,0.9771061351541319,0.9746905518898852,0.9643149856824346,0.9690822953093625,0.9409638554216867,0.9279734034654317,0.9120586362561364,0.9186690359874407
496,0.003440889433869271,0.010810262840334702,,False,0.9772065468420524,0.9747604353381711,0.9644082779671626,0.9691646425271961,0.9401606425702811,0.9272486325685941,0.911329537195479,0.9179359291557954
497,0.003438502238844106,0.010815320979485597,,False,0.9771061351541319,0.9746913732129294,0.9643149856824346,0.969083080128882,0.9421686746987952,0.9309282520707962,0.9131700485600932,0.9204324155851596
498,0.003431445609388983,0.01079720627817217,,False,0.9772065468420524,0.9747720045990227,0.9644056886302804,0.9691684876912142,0.9409638554216867,0.929844513089183,0.9120655741240602,0.9193356449556417
499,0.003427663057179685,0.01081256101013292,,False,0.9772065468420524,0.9747698437582666,0.9644056886302804,0.9691672112149643,0.9409638554216867,0.929844513089183,0.9120655741240602,0.9193356449556417
500,0.0034241782704012096,0.010806655487206244,,False,0.9771061351541319,0.9746752844738482,0.9643149856824346,0.9690746588925511,0.9409638554216867,0.9298283078376398,0.912079024056077,0.919330734124267
501,0.003420688316771944,0.01081803371704589,,False,0.9771061351541319,0.9746827000413918,0.9643149856824346,0.9690779895599704,0.9413654618473896,0.9283684950937209,0.9124001738995546,0.919033569342169
502,0.0034171965859965403,0.01080498950126824,,False,0.9772065468420524,0.9747631181021266,0.9644082779671626,0.9691658075466633,0.940562248995984,0.9294645029816644,0.9117049125708543,0.9189553173785092
503,0.00341088174390199,0.010783741286978026,,False,0.9772065468420524,0.9747621962093024,0.9644056886302804,0.9691641161277202,0.9417670682730924,0.9305497395440653,0.9128150609846583,0.920067409725767
504,0.003407011289246002,0.010784910008037813,,False,0.9772065468420524,0.974762573708532,0.9644056886302804,0.9691647070284799,0.940562248995984,0.927628642676113,0.911690198748685,0.9183162567329278
505,0.003404339654163551,0.010802404381516497,,False,0.9773069585299728,0.9748633368410589,0.9644989809150084,0.9692612054335351,0.940562248995984,0.9276382365557129,0.9116832608807611,0.9183090121839272
506,0.0034003260149773743,0.010796876510824,,False,0.9772065468420524,0.9747810962931381,0.9644056886302804,0.9691722835284884,0.940562248995984,0.9294774109305499,0.9117036486807018,0.9189687853855276
507,0.0033945876126615132,0.010779148736995073,,False,0.9772065468420524,0.9747725026983763,0.9644056886302804,0.9691688902988361,0.9413654618473896,0.9301950674878893,0.9124384302016144,0.9197048663678059
508,0.0033906900836594258,0.010790986298576987,,False,0.9773069585299728,0.9748667525841009,0.9644989809150084,0.9692641277320825,0.9409638554216867,0.929844513089183,0.9120655741240602,0.9193356449556417
509,0.003387524470810514,0.010787489214012446,,False,0.9772065468420524,0.9747832917846782,0.9644056886302804,0.9691761217407738,0.9429718875502008,0.9316522913218933,0.913897892213082,0.9211607669916133
510,0.003383177040225554,0.010791490169034228,,False,0.9772065468420524,0.9747725026983763,0.9644056886302804,0.9691688902988361,0.9413654618473896,0.9301950674878893,0.9124384302016144,0.9197048663678059
511,0.003380516883141479,0.010795466821790443,,False,0.9771061351541319,0.9746641147235587,0.9643175750193167,0.9690711414032912,0.9413654618473896,0.930178862236346,0.912451880133631,0.919699955536431
512,0.0033755878542016454,0.010787541840781923,,False,0.9773069585299728,0.9748617315881197,0.9644989809150084,0.9692622876695205,0.9421686746987952,0.9309131896975974,0.9131879170622123,0.9204427633500862
513,0.003371107075491787,0.010773918207329924,,False,0.9772065468420524,0.9747662373179699,0.9644056886302804,0.9691663895502765,0.9413654618473896,0.9301950674878893,0.9124384302016144,0.9197048663678059
514,0.003367726248099165,0.010790175416387089,,False,0.9773069585299728,0.974861778048318,0.9644989809150084,0.969261145709949,0.9417670682730924,0.930544950598219,0.9128138055769897,0.9200668563877135
515,0.0033631448852981254,0.010790813615864932,,False,0.9774073702178934,0.9749563569321305,0.9645896838628543,0.9693537573947355,0.9417670682730924,0.9305633065872677,0.912812541686837,0.9200807733301788
516,0.0033599899903691433,0.01079553399183867,,False,0.9774073702178934,0.9749614494729989,0.9645876569813381,0.9693536829003462,0.9417670682730924,0.930544950598219,0.9128138055769897,0.9200668563877135
517,0.0033559404851035654,0.010783330568487539,,False,0.9774073702178934,0.9749544043424367,0.9645876569813381,0.9693521399473783,0.9421686746987952,0.9309131896975974,0.9131879170622123,0.9204427633500862
518,0.0033516314906090494,0.010768237475109469,,False,0.9773069585299728,0.9748740321416265,0.9644963915781263,0.9692645627426023,0.9417670682730924,0.9305633065872677,0.912812541686837,0.9200807733301788
519,0.0033490372652847824,0.010781801953892008,,False,0.9775077819058139,0.9750673515690731,0.9646757705923016,0.9694487843520542,0.9413654618473896,0.9301950674878893,0.9124384302016144,0.9197048663678059
520,0.0033459036846797885,0.01079525101767402,,False,0.9775077819058139,0.975056851640469,0.9646763330476679,0.9694448072480473,0.9421686746987952,0.930908648989329,0.9131751991710071,0.920414663831404
521,0.0033406952061988443,0.010776955355115279,,False,0.9775077819058139,0.9750410788529318,0.9646783599291839,0.9694394337317073,0.9417670682730924,0.930544950598219,0.9128138055769897,0.9200668563877135
522,0.003337562511613007,0.010785683927709525,,False,0.9775077819058139,0.9750634472658533,0.9646757705923016,0.96944832397776,0.9417670682730924,0.9305633065872677,0.912812541686837,0.9200807733301788
523,0.0033325238565187067,0.010773533121557516,,False,0.9776081935937343,0.9751513088334072,0.9647690628770297,0.9695378965654111,0.9421686746987952,0.9309131896975974,0.9131879170622123,0.9204427633500862
524,0.003329071443167662,0.010760358418150717,,False,0.9776081935937343,0.9751439605577702,0.9647690628770297,0.9695351052318038,0.9417670682730924,0.930544950598219,0.9128138055769897,0.9200668563877135
525,0.003326239190268832,0.010779544314819603,,False,0.9775077819058139,0.9750588049708117,0.9646763330476679,0.9694445110664197,0.9421686746987952,0.9309131896975974,0.9131879170622123,0.9204427633500862
526,0.003321665501128869,0.010772364587556385,,False,0.9777086052816548,0.9752390551467305,0.9648577389433594,0.9696271667884798,0.9429718875502008,0.9316203169801452,0.9139234221414524,0.921167937556764
527,0.003317395460190683,0.010763609317316215,,False,0.9777086052816548,0.9752289333915972,0.9648624335586357,0.9696262086415225,0.9421686746987952,0.9309131896975974,0.9131879170622123,0.9204427633500862
528,0.003313938079711494,0.010759682154520786,,False,0.9777086052816548,0.975227554569486,0.9648624335586357,0.9696253180305727,0.9413654618473896,0.930164018593725,0.9124588180015548,0.9197053449834149
529,0.003311255551353154,0.01076824880424988,,False,0.9778090169695752,0.9753388634536864,0.9649511096249653,0.9697229188649626,0.9417670682730924,0.930544950598219,0.9128138055769897,0.9200668563877135
530,0.0033079834778597774,0.010752608080410578,,False,0.9776081935937343,0.9751398984038011,0.9647691412739076,0.9695345254419812,0.9429718875502008,0.9316296729592146,0.9139361400326576,0.9211818670687862
531,0.0033053865045232804,0.010744487250459534,,False,0.9777086052816548,0.9752284222881686,0.9648624335586357,0.9696261409230151,0.9421686746987952,0.9309008639648542,0.9132057770818474,0.9204583128354721
532,0.00330126902403763,0.010772806752105657,,False,0.9778090169695752,0.9753454577993845,0.9649511096249653,0.9697254879326473,0.9433734939759036,0.9320208111452105,0.9142848157354698,0.9215301543979254
533,0.003299681828832325,0.010744398247762259,,False,0.9777086052816548,0.9752172587811359,0.9648624335586357,0.9696218555118212,0.942570281124498,0.9312507470751838,0.9135811524572226,0.9208203028553797
534,0.003292912522468235,0.01075220091646049,,False,0.9776081935937343,0.9751396453426301,0.9647691412739076,0.9695352568650155,0.9429718875502008,0.9316296729592146,0.9139361400326576,0.9211818670687862
535,0.0032901879636109167,0.010756045149158034,,False,0.9777086052816548,0.9752400972581639,0.9648578173402372,0.9696274644632621,0.9429718875502008,0.931649145254283,0.9139412821610874,0.9212003528326479
536,0.0032899376803226894,0.010741011045158535,,False,0.9777086052816548,0.9752262123940485,0.9648624335586357,0.969627406019934,0.9433734939759036,0.9339301935129662,0.9143306393178207,0.9222287343984186
537,0.003281107072918401,0.010754639191230696,,False,0.9778090169695752,0.9753350728530987,0.9649511096249653,0.9697200594270764,0.9413654618473896,0.930164018593725,0.9124588180015548,0.9197053449834149
538,0.0032781035291022075,0.010757688069561717,,False,0.9778090169695752,0.9753309567017693,0.9649511096249653,0.9697207378987108,0.9421686746987952,0.9308928563738519,0.9132134469905826,0.9204560505874149
539,0.0032750336452621325,0.010744786826301686,,False,0.9778090169695752,0.9753224132410183,0.9649511096249653,0.9697174386949174,0.9429718875502008,0.9316201024805822,0.9139616699610278,0.9212007786391491
540,0.0032717721618312065,0.010745925823815205,,False,0.9778090169695752,0.9753343248905257,0.9649529467161886,0.9697196832948323,0.9421686746987952,0.9309120519694906,0.9131994652092248,0.9204475849205949
541,0.003266594555543753,0.01075121863418674,,False,0.9779094286574957,0.9754179567819041,0.9650462390009166,0.9698104749048296,0.942570281124498,0.9312297503227498,0.9135684345660174,0.9208013623572815
542,0.0032622667378069885,0.010744686707058344,,False,0.9780098403454162,0.975518793673658,0.9651369419487624,0.9699043396639316,0.942570281124498,0.9332100965223032,0.913588822365958,0.9214951663869402
543,0.0032592377040206086,0.010753115510814771,,False,0.9780098403454162,0.9755185914772275,0.9651369419487624,0.9699043589814964,0.942570281124498,0.9332100965223032,0.913588822365958,0.9214951663869402
544,0.0032657517029652484,0.010737308006679476,,False,0.9776081935937343,0.9751362585409962,0.9647691412739076,0.9695340957529078,0.9433734939759036,0.933946913107666,0.9143115154080329,0.9222209828683118
545,0.0032529400140393796,0.010750073249772467,,False,0.9780098403454162,0.9755262766210606,0.9651369419487624,0.9699064101906624,0.942570281124498,0.9332412847570607,0.9135952283845405,0.9215034057592475
546,0.0032487459004388324,0.01073596508420137,,False,0.9779094286574957,0.9754348417073633,0.9650436496640344,0.9698144642909763,0.942570281124498,0.9332206964718647,0.9135875584758052,0.9215039613059527
547,0.0032445732558531496,0.010742295197538474,,False,0.9780098403454162,0.9755297607357171,0.9651369419487624,0.9699081720453009,0.9429718875502008,0.9335837987630877,0.9139438099413929,0.9218554669666036
548,0.003241084337450687,0.010737182999907316,,False,0.9780098403454162,0.9755299629321477,0.9651369419487624,0.9699081527277359,0.9421686746987952,0.9328603057831063,0.9132134469905826,0.9211338273921632
549,0.0032367755662076362,0.010752807560337155,,False,0.9780098403454162,0.9755353575705128,0.9651369419487624,0.9699112437806497,0.9433734939759036,0.9339505004750926,0.9142784097168872,0.9221992180067325
550,0.003234012159321793,0.010748568740614386,,False,0.9780098403454162,0.9755384955985797,0.9651369419487624,0.969911035043956,0.9433734939759036,0.9339882605544649,0.9142848157354698,0.9222079312026737
551,0.003229719470754195,0.010741038606132198,,False,0.9780098403454162,0.9755364783988827,0.9651369419487624,0.9699109461749819,0.9429718875502008,0.9335770225332166,0.9139234221414524,0.9218400897814539
552,0.0032262630851020557,0.010738969414221453,,False,0.9780098403454162,0.9755246730232368,0.9651369419487624,0.9699074827629978,0.9433734939759036,0.9339140120406173,0.9143179214266155,0.9222157526619466
553,0.0032225872658870314,0.010728381461071192,,False,0.9779094286574957,0.9754422796228813,0.9650436496640344,0.9698169664996961,0.942570281124498,0.9327826301014672,0.9118913389010985,0.9201583976947537
554,0.0032250186423913385,0.010734662573637197,,False,0.9780098403454162,0.9755124826054913,0.9651369419487624,0.9699028316654879,0.9437751004016064,0.9342592425902545,0.9146920329118381,0.9225955855195278
555,0.0032152412517583613,0.010743002285062454,,False,0.9780098403454162,0.9755255631697728,0.9651369419487624,0.9699066689757695,0.9433734939759036,0.9339071634598738,0.9143377773772148,0.9222230850311346
556,0.0032119357894414974,0.010724732906894638,,False,0.9780098403454162,0.9755289074848457,0.9651369419487624,0.9699086794786818,0.9433734939759036,0.9338923871722825,0.9143179214266155,0.922220991381583
557,0.003207952910920067,0.010738781432543807,,False,0.9780098403454162,0.9755253609733424,0.9651369419487624,0.9699066882933344,0.9441767068273093,0.9346472234915572,0.9150546903960084,0.922950397913036
558,0.003204640209311716,0.010727944028167012,,False,0.9780098403454162,0.975531772150577,0.9651369419487624,0.9699083648397673,0.9433734939759036,0.933921488988369,0.9143243274451981,0.9222293976920687
559,0.003200628841895133,0.010727433078542238,,False,0.9780098403454162,0.9755253609733424,0.9651369419487624,0.9699066882933344,0.9441767068273093,0.9346360356679253,0.9150738143057962,0.9229654578329476
560,0.0031971566880532234,0.01072678012816449,,False,0.9781102520333367,0.9756176723469103,0.9652193685890526,0.9699948410905397,0.9437751004016064,0.9342533671772129,0.9146920329118381,0.922586343295013
561,0.0031932137218524076,0.010722113050494291,,False,0.9781102520333367,0.9756124426689071,0.9652193685890526,0.9699915077734231,0.9441767068273093,0.9346294385346798,0.9150738143057962,0.922960293235054
562,0.0031917073671125073,0.010735489927936796,,False,0.9781102520333367,0.9756361186039588,0.9652193685890526,0.97000103901986,0.9429718875502008,0.9335852674985138,0.9139310920501877,0.9218394584363041
563,0.003186130642240469,0.010730882128302192,,False,0.9781102520333367,0.9756234709381828,0.9652193685890526,0.9699965893209611,0.9441767068273093,0.9346472234915572,0.9150546903960084,0.922950397913036
564,0.0031837942434658514,0.01073225452636344,,False,0.9781102520333367,0.9756220123238132,0.9652193685890526,0.9699971551711857,0.9441767068273093,0.9346221856666094,0.9150482843774258,0.9229465545677884
565,0.0031806761317819524,0.010708093242068109,,False,0.9781102520333367,0.9760823596262783,0.9652193685890526,0.9701912242497763,0.9437751004016064,0.9338473766360895,0.9130162011370717,0.9212598300944753
566,0.003178468389764097,0.010712352186394538,,False,0.9780098403454162,0.9759944794462747,0.9651260763043246,0.9701000272916427,0.9437751004016064,0.9338303927983961,0.9130097951184892,0.9212563618028208
567,0.0031736034642540927,0.010718875850398048,,False,0.9780098403454162,0.975530106362561,0.9651260763043246,0.9699015843425385,0.9429718875502008,0.9331127300972261,0.9122603082578912,0.9205211203327089
568,0.0031690953977225847,0.010717589072599834,,False,0.9781102520333367,0.9760854966893182,0.9652193685890526,0.9701917228099803,0.9437751004016064,0.9342711882801444,0.9146997028205734,0.9225900889386873
569,0.00316685839517051,0.010714449421170256,,False,0.9780098403454162,0.9759944794462747,0.9651260763043246,0.9701000272916427,0.9441767068273093,0.9346089418820299,0.9150674082872136,0.9229562767661464
570,0.0031628000833204915,0.010727311780742961,,False,0.9781102520333367,0.9760849029202281,0.9652193685890526,0.9701923272044954,0.9441767068273093,0.9346472234915572,0.9150546903960084,0.922950397913036
571,0.0031592290077827856,0.010719841314283579,,False,0.9781102520333367,0.9760803477696213,0.9652193685890526,0.9701897843615084,0.9441767068273093,0.9346294385346798,0.9150738143057962,0.922960293235054
572,0.003159331753397053,0.010716974693731361,,False,0.9781102520333367,0.9760788891552516,0.9652193685890526,0.9701903502117327,0.9437751004016064,0.9338303927983961,0.9130097951184892,0.9212563618028208
573,0.0031532739499097197,0.010714893137086907,,False,0.9781102520333367,0.9760774277049789,0.9652193685890526,0.9701892693951572,0.9433734939759036,0.9334624293890015,0.9126356836332666,0.9208818115793276
574,0.0031499261808742613,0.010709445777839229,,False,0.9781102520333367,0.9760830533420309,0.9652193685890526,0.970191703919817,0.9433734939759036,0.9334624293890015,0.9126356836332666,0.9208818115793276
575,0.003146728715325077,0.010718478084744505,,False,0.9781102520333367,0.9760788891552516,0.9652193685890526,0.9701903502117327,0.9437751004016064,0.9338303927983961,0.9130097951184892,0.9212563618028208
576,0.00314441483076219,0.01073415547472529,,False,0.9781102520333367,0.9760847007237976,0.9652193685890526,0.9701923465220603,0.9437751004016064,0.934293070264235,0.9146805789107858,0.922579973662186
577,0.0031399547227094144,0.010719773643102809,,False,0.9781102520333367,0.97608641894156,0.9652193685890526,0.9701929158838344,0.9433734939759036,0.9339071634598738,0.9143377773772148,0.9222230850311346
578,0.0031364163579856944,0.010715849544242475,,False,0.9782106637212572,0.9761687048517391,0.9653100715368984,0.9702785561274112,0.944578313253012,0.9350033232241746,0.915428801881231,0.923320670713911
579,0.0031334114980781365,0.010723335644743556,,False,0.9781102520333367,0.9760803477696213,0.9652193685890526,0.9701897843615084,0.9441767068273093,0.9346472234915572,0.9150546903960084,0.922950397913036
580,0.0031299862083528176,0.010723735197908027,,False,0.9781102520333367,0.9760849029202281,0.9652193685890526,0.9701923272044954,0.9437751004016064,0.934293070264235,0.9146805789107858,0.922579973662186
581,0.0031278300984490855,0.010707674059986919,,False,0.9782106637212572,0.976168458867509,0.9653100715368984,0.970279571116208,0.9441767068273093,0.9346294385346798,0.9150738143057962,0.922960293235054
582,0.003124312737417461,0.010697306081443512,,False,0.9782106637212572,0.9761621368465393,0.9653100715368984,0.9702770709038846,0.9437751004016064,0.9338262966732418,0.9129909201227974,0.9212461064007424
583,0.003122226491775041,0.010712518193953552,,False,0.9781102520333367,0.9760852777506623,0.9652193685890526,0.9701926071142791,0.9433734939759036,0.9334833518158191,0.912654275693713,0.9208928261869228
584,0.0031195829725229147,0.010723856184642432,,False,0.9782106637212572,0.9761769009897114,0.9653126608737806,0.9702855198530779,0.9437751004016064,0.9342873702618656,0.9146361739867237,0.922555457895454
585,0.0031191031958217644,0.010721335237208937,,False,0.9783110754091776,0.976259591728119,0.9654033638216265,0.9703726580479289,0.942570281124498,0.9327815445059284,0.9118494617573418,0.9201262961976041
586,0.003111839333602925,0.010711789789588992,,False,0.9782106637212572,0.976176391608595,0.9653126608737806,0.9702857874224166,0.9433734939759036,0.9338837777210576,0.9143638391549263,0.9222389598990145
587,0.0031084378562892616,0.010708795860758182,,False,0.9782106637212572,0.9761749799334127,0.9653126608737806,0.9702862945924758,0.944578313253012,0.9345717431692981,0.9137008952736672,0.9219662597343885
588,0.0031087412116353507,0.010730884277917494,,False,0.9783110754091776,0.9762628877065944,0.9654033638216265,0.9703724905291615,0.9433734939759036,0.9339465470464722,0.9142620625015011,0.9221869040919892
589,0.003102028753230384,0.010705839592835215,,False,0.9783110754091776,0.9762558393343974,0.9654033638216265,0.9703705097450739,0.9441767068273093,0.9346083585718321,0.9150485332915217,0.9229465695413211
590,0.003099151883278457,0.010701631627608102,,False,0.9784114870970981,0.9763620828618291,0.9654940667694724,0.9704676463676698,0.9437751004016064,0.9338584048270818,0.9129717962130096,0.9212440273633962
591,0.003097582269225194,0.010705857504551896,,False,0.9784114870970981,0.9763618717457183,0.9654940667694724,0.9704678954451743,0.944578313253012,0.9349750970409484,0.9153779909385863,0.9232932018362963
592,0.0030941448180091605,0.010707473337564043,,False,0.9783110754091776,0.9762600770615322,0.9654033638216265,0.9703739272078405,0.9441767068273093,0.9341930351423579,0.913320377769862,0.9215927386957176
593,0.0030917767618141106,0.010702867026343604,,False,0.9783110754091776,0.976266006140409,0.9654033638216265,0.9703769708639661,0.9441767068273093,0.9341773618271536,0.9133395016796497,0.9216024608940757
594,0.003087589147033268,0.010697149807039773,,False,0.9783110754091776,0.9762575150971762,0.9654033638216265,0.9703733942365758,0.9441767068273093,0.9342044556130489,0.9133459076982322,0.921611641960877
595,0.0030842865005966985,0.010690179372158062,,False,0.9783110754091776,0.976254205371804,0.9654033638216265,0.9703703016387851,0.944578313253012,0.9345790593593826,0.9137200191834549,0.9219883302701172
596,0.0030810146984624285,0.010697613128576233,,False,0.9784114870970981,0.9763530772594105,0.9654984931975777,0.9704646468558378,0.9441767068273093,0.9346471563870136,0.9150294093817339,0.9229500792930909
597,0.003078679816108537,0.010690831076750361,,False,0.9785118987850185,0.9764467826304004,0.9655891961454236,0.9705566991025925,0.9441767068273093,0.9342197682552893,0.9133459076982322,0.9216192688427883
598,0.0030760471542381493,0.010690584780633408,,False,0.9785118987850185,0.9764492416635535,0.9655891961454236,0.9705559059696149,0.9429718875502008,0.933123953763829,0.9122426971523522,0.920513344217861
599,0.0030726817790498843,0.010693994224105337,,False,0.9784114870970981,0.9763545120960503,0.9654984931975777,0.9704641018083144,0.9433734939759036,0.9334987940359221,0.912597684727787,0.9208735991210953
600,0.0030706709745499626,0.010701954874718552,,False,0.9784114870970981,0.976361762116744,0.9654984931975777,0.9704670811612132,0.9437751004016064,0.9342822796384022,0.9146674839383753,0.9225786238350353
