variable,unit,count,missing_or_nan,infinite,finite_count,unique,min,p01,q1,median,q3,p99,max,mean,std,iqr,lower_fence,upper_fence,iqr_candidates
pixel_0,intensidad original,12449,0,0,12449,1,0.0,0.0,0.0,0.0,0.0,0.0,0.0,0.0,0.0,0.0,0.0,0.0,0
pixel_1,intensidad original,12449,0,0,12449,1,0.0,0.0,0.0,0.0,0.0,0.0,0.0,0.0,0.0,0.0,0.0,0.0,0
pixel_2,intensidad original,12449,0,0,12449,1,0.0,0.0,0.0,0.0,0.0,0.0,0.0,0.0,0.0,0.0,0.0,0.0,0
pixel_3,intensidad original,12449,0,0,12449,1,0.0,0.0,0.0,0.0,0.0,0.0,0.0,0.0,0.0,0.0,0.0,0.0,0
pixel_4,intensidad original,12449,0,0,12449,1,0.0,0.0,0.0,0.0,0.0,0.0,0.0,0.0,0.0,0.0,0.0,0.0,0
pixel_5,intensidad original,12449,0,0,12449,1,0.0,0.0,0.0,0.0,0.0,0.0,0.0,0.0,0.0,0.0,0.0,0.0,0
pixel_6,intensidad original,12449,0,0,12449,1,0.0,0.0,0.0,0.0,0.0,0.0,0.0,0.0,0.0,0.0,0.0,0.0,0
pixel_7,intensidad original,12449,0,0,12449,1,0.0,0.0,0.0,0.0,0.0,0.0,0.0,0.0,0.0,0.0,0.0,0.0,0
pixel_8,intensidad original,12449,0,0,12449,1,0.0,0.0,0.0,0.0,0.0,0.0,0.0,0.0,0.0,0.0,0.0,0.0,0
pixel_9,intensidad original,12449,0,0,12449,1,0.0,0.0,0.0,0.0,0.0,0.0,0.0,0.0,0.0,0.0,0.0,0.0,0
pixel_10,intensidad original,12449,0,0,12449,1,0.0,0.0,0.0,0.0,0.0,0.0,0.0,0.0,0.0,0.0,0.0,0.0,0
pixel_11,intensidad original,12449,0,0,12449,1,0.0,0.0,0.0,0.0,0.0,0.0,0.0,0.0,0.0,0.0,0.0,0.0,0
pixel_12,intensidad original,12449,0,0,12449,1,0.0,0.0,0.0,0.0,0.0,0.0,0.0,0.0,0.0,0.0,0.0,0.0,0
pixel_13,intensidad original,12449,0,0,12449,1,0.0,0.0,0.0,0.0,0.0,0.0,0.0,0.0,0.0,0.0,0.0,0.0,0
pixel_14,intensidad original,12449,0,0,12449,1,0.0,0.0,0.0,0.0,0.0,0.0,0.0,0.0,0.0,0.0,0.0,0.0,0
pixel_15,intensidad original,12449,0,0,12449,1,0.0,0.0,0.0,0.0,0.0,0.0,0.0,0.0,0.0,0.0,0.0,0.0,0
pixel_16,intensidad original,12449,0,0,12449,1,0.0,0.0,0.0,0.0,0.0,0.0,0.0,0.0,0.0,0.0,0.0,0.0,0
pixel_17,intensidad original,12449,0,0,12449,1,0.0,0.0,0.0,0.0,0.0,0.0,0.0,0.0,0.0,0.0,0.0,0.0,0
pixel_18,intensidad original,12449,0,0,12449,1,0.0,0.0,0.0,0.0,0.0,0.0,0.0,0.0,0.0,0.0,0.0,0.0,0
pixel_19,intensidad original,12449,0,0,12449,1,0.0,0.0,0.0,0.0,0.0,0.0,0.0,0.0,0.0,0.0,0.0,0.0,0
pixel_20,intensidad original,12449,0,0,12449,1,0.0,0.0,0.0,0.0,0.0,0.0,0.0,0.0,0.0,0.0,0.0,0.0,0
pixel_21,intensidad original,12449,0,0,12449,1,0.0,0.0,0.0,0.0,0.0,0.0,0.0,0.0,0.0,0.0,0.0,0.0,0
pixel_22,intensidad original,12449,0,0,12449,1,0.0,0.0,0.0,0.0,0.0,0.0,0.0,0.0,0.0,0.0,0.0,0.0,0
pixel_23,intensidad original,12449,0,0,12449,1,0.0,0.0,0.0,0.0,0.0,0.0,0.0,0.0,0.0,0.0,0.0,0.0,0
pixel_24,intensidad original,12449,0,0,12449,1,0.0,0.0,0.0,0.0,0.0,0.0,0.0,0.0,0.0,0.0,0.0,0.0,0
pixel_25,intensidad original,12449,0,0,12449,1,0.0,0.0,0.0,0.0,0.0,0.0,0.0,0.0,0.0,0.0,0.0,0.0,0
pixel_26,intensidad original,12449,0,0,12449,1,0.0,0.0,0.0,0.0,0.0,0.0,0.0,0.0,0.0,0.0,0.0,0.0,0
pixel_27,intensidad original,12449,0,0,12449,1,0.0,0.0,0.0,0.0,0.0,0.0,0.0,0.0,0.0,0.0,0.0,0.0,0
pixel_28,intensidad original,12449,0,0,12449,1,0.0,0.0,0.0,0.0,0.0,0.0,0.0,0.0,0.0,0.0,0.0,0.0,0
pixel_29,intensidad original,12449,0,0,12449,1,0.0,0.0,0.0,0.0,0.0,0.0,0.0,0.0,0.0,0.0,0.0,0.0,0
pixel_30,intensidad original,12449,0,0,12449,1,0.0,0.0,0.0,0.0,0.0,0.0,0.0,0.0,0.0,0.0,0.0,0.0,0
pixel_31,intensidad original,12449,0,0,12449,1,0.0,0.0,0.0,0.0,0.0,0.0,0.0,0.0,0.0,0.0,0.0,0.0,0
pixel_32,intensidad original,12449,0,0,12449,1,0.0,0.0,0.0,0.0,0.0,0.0,0.0,0.0,0.0,0.0,0.0,0.0,0
pixel_33,intensidad original,12449,0,0,12449,2,0.0,0.0,0.0,0.0,0.0,0.0,0.0313725508749485,2.5200860209614026e-06,0.0002811675231393289,0.0,0.0,0.0,1
pixel_34,intensidad original,12449,0,0,12449,2,0.0,0.0,0.0,0.0,0.0,0.0,0.615686297416687,4.945668707660752e-05,0.005517912520581999,0.0,0.0,0.0,1
pixel_35,intensidad original,12449,0,0,12449,3,0.0,0.0,0.0,0.0,0.0,0.0,0.772549033164978,7.812266335811794e-05,0.007151864872572565,0.0,0.0,0.0,2
pixel_36,intensidad original,12449,0,0,12449,3,0.0,0.0,0.0,0.0,0.0,0.0,0.2980392277240753,3.49661929797567e-05,0.0029406405608698675,0.0,0.0,0.0,2
pixel_37,intensidad original,12449,0,0,12449,5,0.0,0.0,0.0,0.0,0.0,0.0,0.7764706015586853,0.00013009943623125376,0.009153121837282374,0.0,0.0,0.0,4
pixel_38,intensidad original,12449,0,0,12449,8,0.0,0.0,0.0,0.0,0.0,0.0,1.0,0.0003865181756973343,0.017570584166592067,0.0,0.0,0.0,8
pixel_39,intensidad original,12449,0,0,12449,11,0.0,0.0,0.0,0.0,0.0,0.0,0.9960784316062927,0.000560089092947353,0.021126629439574503,0.0,0.0,0.0,10
pixel_40,intensidad original,12449,0,0,12449,19,0.0,0.0,0.0,0.0,0.0,0.0,0.8470588326454163,0.0005956853102003583,0.019875562881677217,0.0,0.0,0.0,19
pixel_41,intensidad original,12449,0,0,12449,19,0.0,0.0,0.0,0.0,0.0,0.0,0.9960784316062927,0.0008073725277319022,0.023725355390670385,0.0,0.0,0.0,19
pixel_42,intensidad original,12449,0,0,12449,19,0.0,0.0,0.0,0.0,0.0,0.0,1.0,0.0009831485075697916,0.027833607053919428,0.0,0.0,0.0,21
pixel_43,intensidad original,12449,0,0,12449,24,0.0,0.0,0.0,0.0,0.0,0.0,1.0,0.0008423387168214852,0.02341160859408777,0.0,0.0,0.0,23
pixel_44,intensidad original,12449,0,0,12449,23,0.0,0.0,0.0,0.0,0.0,0.0,0.9921568632125854,0.0009053408627820471,0.026221772660247323,0.0,0.0,0.0,22
pixel_45,intensidad original,12449,0,0,12449,18,0.0,0.0,0.0,0.0,0.0,0.0,0.9960784316062927,0.0006593174736263647,0.022472851695336356,0.0,0.0,0.0,17
pixel_46,intensidad original,12449,0,0,12449,16,0.0,0.0,0.0,0.0,0.0,0.0,0.9921568632125854,0.00046842097362291096,0.016886953557703404,0.0,0.0,0.0,15
pixel_47,intensidad original,12449,0,0,12449,10,0.0,0.0,0.0,0.0,0.0,0.0,1.0,0.0004633807929029081,0.0200601537024906,0.0,0.0,0.0,9
pixel_48,intensidad original,12449,0,0,12449,9,0.0,0.0,0.0,0.0,0.0,0.0,0.9411764740943909,0.00038557314295320207,0.0166134225223603,0.0,0.0,0.0,8
pixel_49,intensidad original,12449,0,0,12449,5,0.0,0.0,0.0,0.0,0.0,0.0,0.4313725531101227,6.930236258399718e-05,0.005187076434731191,0.0,0.0,0.0,4
pixel_50,intensidad original,12449,0,0,12449,2,0.0,0.0,0.0,0.0,0.0,0.0,0.5529412031173706,4.4416515633172996e-05,0.004955577541077042,0.0,0.0,0.0,1
pixel_51,intensidad original,12449,0,0,12449,2,0.0,0.0,0.0,0.0,0.0,0.0,0.772549033164978,6.205711568519384e-05,0.006923749969344394,0.0,0.0,0.0,1
pixel_52,intensidad original,12449,0,0,12449,1,0.0,0.0,0.0,0.0,0.0,0.0,0.0,0.0,0.0,0.0,0.0,0.0,0
pixel_53,intensidad original,12449,0,0,12449,1,0.0,0.0,0.0,0.0,0.0,0.0,0.0,0.0,0.0,0.0,0.0,0.0,0
pixel_54,intensidad original,12449,0,0,12449,1,0.0,0.0,0.0,0.0,0.0,0.0,0.0,0.0,0.0,0.0,0.0,0.0,0
pixel_55,intensidad original,12449,0,0,12449,1,0.0,0.0,0.0,0.0,0.0,0.0,0.0,0.0,0.0,0.0,0.0,0.0,0
pixel_56,intensidad original,12449,0,0,12449,1,0.0,0.0,0.0,0.0,0.0,0.0,0.0,0.0,0.0,0.0,0.0,0.0,0
pixel_57,intensidad original,12449,0,0,12449,1,0.0,0.0,0.0,0.0,0.0,0.0,0.0,0.0,0.0,0.0,0.0,0.0,0
pixel_58,intensidad original,12449,0,0,12449,1,0.0,0.0,0.0,0.0,0.0,0.0,0.0,0.0,0.0,0.0,0.0,0.0,0
pixel_59,intensidad original,12449,0,0,12449,2,0.0,0.0,0.0,0.0,0.0,0.0,0.11372549086809158,9.135311339713357e-06,0.0010192322171264365,0.0,0.0,0.0,1
pixel_60,intensidad original,12449,0,0,12449,3,0.0,0.0,0.0,0.0,0.0,0.0,0.5254902243614197,4.536154807806111e-05,0.004722623779786015,0.0,0.0,0.0,2
pixel_61,intensidad original,12449,0,0,12449,6,0.0,0.0,0.0,0.0,0.0,0.0,0.24313725531101227,6.426219069169644e-05,0.003374632013082633,0.0,0.0,0.0,5
pixel_62,intensidad original,12449,0,0,12449,10,0.0,0.0,0.0,0.0,0.0,0.0,0.9176470637321472,0.0003077654909087871,0.014812609861089086,0.0,0.0,0.0,9
pixel_63,intensidad original,12449,0,0,12449,21,0.0,0.0,0.0,0.0,0.0,0.0,0.9921568632125854,0.0007393302056896217,0.02291684129891058,0.0,0.0,0.0,20
pixel_64,intensidad original,12449,0,0,12449,30,0.0,0.0,0.0,0.0,0.0,0.0,1.0,0.0011422289419072093,0.02835757110675929,0.0,0.0,0.0,33
pixel_65,intensidad original,12449,0,0,12449,45,0.0,0.0,0.0,0.0,0.0,0.0,1.0,0.001931960868876386,0.036875074852578266,0.0,0.0,0.0,52
pixel_66,intensidad original,12449,0,0,12449,66,0.0,0.0,0.0,0.0,0.0,0.0,1.0,0.0035545811740414755,0.05155389077152243,0.0,0.0,0.0,88
pixel_67,intensidad original,12449,0,0,12449,96,0.0,0.0,0.0,0.0,0.0,0.07058823853731155,1.0,0.00544685068382349,0.062016090151017896,0.0,0.0,0.0,153
pixel_68,intensidad original,12449,0,0,12449,139,0.0,0.0,0.0,0.0,0.0,0.4294902002811449,1.0,0.009150116923077009,0.08176357225751994,0.0,0.0,0.0,222
pixel_69,intensidad original,12449,0,0,12449,152,0.0,0.0,0.0,0.0,0.0,0.6745098233222961,1.0,0.012730213964377573,0.09751282802070509,0.0,0.0,0.0,291
pixel_70,intensidad original,12449,0,0,12449,159,0.0,0.0,0.0,0.0,0.0,0.7157647228240984,1.0,0.01493465912817331,0.10490861016425604,0.0,0.0,0.0,350
pixel_71,intensidad original,12449,0,0,12449,156,0.0,0.0,0.0,0.0,0.0,0.7921568751335144,1.0,0.01724841299398935,0.11253125365557173,0.0,0.0,0.0,406
pixel_72,intensidad original,12449,0,0,12449,177,0.0,0.0,0.0,0.0,0.0,0.8883137321472185,1.0,0.019987116322073666,0.12349527357785352,0.0,0.0,0.0,434
pixel_73,intensidad original,12449,0,0,12449,178,0.0,0.0,0.0,0.0,0.0,0.8705882430076599,1.0,0.01927802716124124,0.12120813825868211,0.0,0.0,0.0,415
pixel_74,intensidad original,12449,0,0,12449,163,0.0,0.0,0.0,0.0,0.0,0.776627464294437,1.0,0.015359293587731148,0.10824776493169641,0.0,0.0,0.0,330
pixel_75,intensidad original,12449,0,0,12449,128,0.0,0.0,0.0,0.0,0.0,0.5921568870544434,1.0,0.010903781674138281,0.09219983411837432,0.0,0.0,0.0,228
pixel_76,intensidad original,12449,0,0,12449,90,0.0,0.0,0.0,0.0,0.0,0.11764705926179886,1.0,0.006243827840597149,0.0689953720256633,0.0,0.0,0.0,136
pixel_77,intensidad original,12449,0,0,12449,58,0.0,0.0,0.0,0.0,0.0,0.0,1.0,0.002762644178985817,0.04395206398784955,0.0,0.0,0.0,75
pixel_78,intensidad original,12449,0,0,12449,24,0.0,0.0,0.0,0.0,0.0,0.0,1.0,0.0012253917670207327,0.0317444686165414,0.0,0.0,0.0,28
pixel_79,intensidad original,12449,0,0,12449,18,0.0,0.0,0.0,0.0,0.0,0.0,0.9803921580314636,0.0005455986036758139,0.018553641269579188,0.0,0.0,0.0,18
pixel_80,intensidad original,12449,0,0,12449,7,0.0,0.0,0.0,0.0,0.0,0.0,1.0,0.00021231724015894984,0.011939318026337896,0.0,0.0,0.0,6
pixel_81,intensidad original,12449,0,0,12449,3,0.0,0.0,0.0,0.0,0.0,0.0,0.6470588445663452,5.481186953450084e-05,0.005807674960986917,0.0,0.0,0.0,2
pixel_82,intensidad original,12449,0,0,12449,1,0.0,0.0,0.0,0.0,0.0,0.0,0.0,0.0,0.0,0.0,0.0,0.0,0
pixel_83,intensidad original,12449,0,0,12449,1,0.0,0.0,0.0,0.0,0.0,0.0,0.0,0.0,0.0,0.0,0.0,0.0,0
pixel_84,intensidad original,12449,0,0,12449,1,0.0,0.0,0.0,0.0,0.0,0.0,0.0,0.0,0.0,0.0,0.0,0.0,0
pixel_85,intensidad original,12449,0,0,12449,1,0.0,0.0,0.0,0.0,0.0,0.0,0.0,0.0,0.0,0.0,0.0,0.0,0
pixel_86,intensidad original,12449,0,0,12449,2,0.0,0.0,0.0,0.0,0.0,0.0,0.04313725605607033,3.4651181666053763e-06,0.00038660533179650877,0.0,0.0,0.0,1
pixel_87,intensidad original,12449,0,0,12449,2,0.0,0.0,0.0,0.0,0.0,0.0,0.3294117748737335,2.6460902471984378e-05,0.00295225890949583,0.0,0.0,0.0,1
pixel_88,intensidad original,12449,0,0,12449,8,0.0,0.0,0.0,0.0,0.0,0.0,0.3764705955982208,8.568292142100214e-05,0.004390754847274766,0.0,0.0,0.0,7
pixel_89,intensidad original,12449,0,0,12449,16,0.0,0.0,0.0,0.0,0.0,0.0,0.9921568632125854,0.00040951396437915885,0.015812333543237876,0.0,0.0,0.0,15
pixel_90,intensidad original,12449,0,0,12449,34,0.0,0.0,0.0,0.0,0.0,0.0,0.9960784316062927,0.0011403388763815392,0.02842665366664828,0.0,0.0,0.0,36
pixel_91,intensidad original,12449,0,0,12449,65,0.0,0.0,0.0,0.0,0.0,0.0,1.0,0.002772724520451276,0.043715824420509974,0.0,0.0,0.0,78
pixel_92,intensidad original,12449,0,0,12449,94,0.0,0.0,0.0,0.0,0.0,0.05505882397294387,1.0,0.005255324154235204,0.06156963106710386,0.0,0.0,0.0,142
pixel_93,intensidad original,12449,0,0,12449,137,0.0,0.0,0.0,0.0,0.0,0.41380392670631577,1.0,0.009364009230539858,0.08144788262855138,0.0,0.0,0.0,240
pixel_94,intensidad original,12449,0,0,12449,167,0.0,0.0,0.0,0.0,0.0,0.7686274647712708,1.0,0.016468131380733674,0.11055706824013369,0.0,0.0,0.0,383
pixel_95,intensidad original,12449,0,0,12449,200,0.0,0.0,0.0,0.0,0.0,0.9843137264251709,1.0,0.025513349699136417,0.13950459232286525,0.0,0.0,0.0,560
pixel_96,intensidad original,12449,0,0,12449,231,0.0,0.0,0.0,0.0,0.0,0.9921568632125854,1.0,0.034514781552550125,0.16059499501813052,0.0,0.0,0.0,768
pixel_97,intensidad original,12449,0,0,12449,234,0.0,0.0,0.0,0.0,0.0,0.9921568632125854,1.0,0.04524310221918767,0.18465239503129696,0.0,0.0,0.0,950
pixel_98,intensidad original,12449,0,0,12449,245,0.0,0.0,0.0,0.0,0.0,0.9960784316062927,1.0,0.05450599297326178,0.20241956843228565,0.0,0.0,0.0,1102
pixel_99,intensidad original,12449,0,0,12449,245,0.0,0.0,0.0,0.0,0.0,0.9960784316062927,1.0,0.06109349743533197,0.21444128825418485,0.0,0.0,0.0,1245
pixel_100,intensidad original,12449,0,0,12449,250,0.0,0.0,0.0,0.0,0.0,0.9960784316062927,1.0,0.06247765470684563,0.21466226024854207,0.0,0.0,0.0,1267
pixel_101,intensidad original,12449,0,0,12449,244,0.0,0.0,0.0,0.0,0.0,0.9960784316062927,1.0,0.057504895168983286,0.2072871486567213,0.0,0.0,0.0,1171
pixel_102,intensidad original,12449,0,0,12449,234,0.0,0.0,0.0,0.0,0.0,0.9921568632125854,1.0,0.046492119772568154,0.18824573348664117,0.0,0.0,0.0,937
pixel_103,intensidad original,12449,0,0,12449,211,0.0,0.0,0.0,0.0,0.0,0.9921568632125854,1.0,0.03195626429704886,0.15569872013999497,0.0,0.0,0.0,693
pixel_104,intensidad original,12449,0,0,12449,176,0.0,0.0,0.0,0.0,0.0,0.8334117746353167,1.0,0.018270307820278657,0.11629548044368387,0.0,0.0,0.0,427
pixel_105,intensidad original,12449,0,0,12449,134,0.0,0.0,0.0,0.0,0.0,0.4139607894420675,1.0,0.00943362657428871,0.08421448345373377,0.0,0.0,0.0,231
pixel_106,intensidad original,12449,0,0,12449,79,0.0,0.0,0.0,0.0,0.0,0.0,1.0,0.004102384859194947,0.05380874007448503,0.0,0.0,0.0,117
pixel_107,intensidad original,12449,0,0,12449,38,0.0,0.0,0.0,0.0,0.0,0.0,0.9960784316062927,0.001577258772236263,0.03389187362649965,0.0,0.0,0.0,42
pixel_108,intensidad original,12449,0,0,12449,14,0.0,0.0,0.0,0.0,0.0,0.0,1.0,0.0006054506395291934,0.021507457794924658,0.0,0.0,0.0,15
pixel_109,intensidad original,12449,0,0,12449,7,0.0,0.0,0.0,0.0,0.0,0.0,0.6431372761726379,0.00016475061961796132,0.008790845663280769,0.0,0.0,0.0,6
pixel_110,intensidad original,12449,0,0,12449,1,0.0,0.0,0.0,0.0,0.0,0.0,0.0,0.0,0.0,0.0,0.0,0.0,0
pixel_111,intensidad original,12449,0,0,12449,1,0.0,0.0,0.0,0.0,0.0,0.0,0.0,0.0,0.0,0.0,0.0,0.0,0
pixel_112,intensidad original,12449,0,0,12449,1,0.0,0.0,0.0,0.0,0.0,0.0,0.0,0.0,0.0,0.0,0.0,0.0,0
pixel_113,intensidad original,12449,0,0,12449,2,0.0,0.0,0.0,0.0,0.0,0.0,0.14901961386203766,1.1970408375133557e-05,0.0013355457098716754,0.0,0.0,0.0,1
pixel_114,intensidad original,12449,0,0,12449,2,0.0,0.0,0.0,0.0,0.0,0.0,0.16470588743686676,1.3230451235992189e-05,0.0014761294547479147,0.0,0.0,0.0,1
pixel_115,intensidad original,12449,0,0,12449,3,0.0,0.0,0.0,0.0,0.0,0.0,0.3960784375667572,5.229178351353944e-05,0.004221164146557326,0.0,0.0,0.0,2
pixel_116,intensidad original,12449,0,0,12449,24,0.0,0.0,0.0,0.0,0.0,0.0,0.7529411911964417,0.0003376915149138734,0.0108448623662762,0.0,0.0,0.0,24
pixel_117,intensidad original,12449,0,0,12449,60,0.0,0.0,0.0,0.0,0.0,0.0,0.9960784316062927,0.001907075034531221,0.03192675760823455,0.0,0.0,0.0,82
pixel_118,intensidad original,12449,0,0,12449,104,0.0,0.0,0.0,0.0,0.0,0.10980392247438431,1.0,0.005173421372319189,0.05841379047434591,0.0,0.0,0.0,168
pixel_119,intensidad original,12449,0,0,12449,153,0.0,0.0,0.0,0.0,0.0,0.5372549295425415,1.0,0.011691308566349291,0.09120853661450515,0.0,0.0,0.0,321
pixel_120,intensidad original,12449,0,0,12449,186,0.0,0.0,0.0,0.0,0.0,0.9157647109031695,1.0,0.02185008983788429,0.12621219276077336,0.0,0.0,0.0,546
pixel_121,intensidad original,12449,0,0,12449,230,0.0,0.0,0.0,0.0,0.0,0.9921568632125854,1.0,0.03740658013580858,0.1651311829242354,0.0,0.0,0.0,859
pixel_122,intensidad original,12449,0,0,12449,239,0.0,0.0,0.0,0.0,0.0,0.9960784316062927,1.0,0.05904750274152404,0.20935519231987296,0.0,0.0,0.0,1259
pixel_123,intensidad original,12449,0,0,12449,250,0.0,0.0,0.0,0.0,0.0,0.9960784316062927,1.0,0.08548887401134858,0.2489956035545035,0.0,0.0,0.0,1732
pixel_124,intensidad original,12449,0,0,12449,254,0.0,0.0,0.0,0.0,0.0,0.9960784316062927,1.0,0.11688095401907148,0.2856728691531759,0.0,0.0,0.0,2327
pixel_125,intensidad original,12449,0,0,12449,256,0.0,0.0,0.0,0.0,0.0,1.0,1.0,0.14945621434465997,0.31749195365169386,0.0,0.0,0.0,2896
pixel_126,intensidad original,12449,0,0,12449,256,0.0,0.0,0.0,0.0,0.07450980693101883,1.0,1.0,0.1732026687632094,0.3357419114644468,0.07450980693101883,-0.11176471039652824,0.18627451732754707,2844
pixel_127,intensidad original,12449,0,0,12449,256,0.0,0.0,0.0,0.0,0.14901961386203766,1.0,1.0,0.18738980735746036,0.3465514605398251,0.14901961386203766,-0.2235294207930565,0.37254903465509415,2669
pixel_128,intensidad original,12449,0,0,12449,256,0.0,0.0,0.0,0.0,0.11372549086809158,1.0,1.0,0.18114345943282475,0.3418747979334692,0.11372549086809158,-0.17058823630213737,0.28431372717022896,2760
pixel_129,intensidad original,12449,0,0,12449,256,0.0,0.0,0.0,0.0,0.019607843831181526,1.0,1.0,0.16130723326252794,0.32802113547985273,0.019607843831181526,-0.02941176574677229,0.049019609577953815,3000
pixel_130,intensidad original,12449,0,0,12449,256,0.0,0.0,0.0,0.0,0.0,1.0,1.0,0.12956990153509373,0.2989491791037189,0.0,0.0,0.0,2578
pixel_131,intensidad original,12449,0,0,12449,254,0.0,0.0,0.0,0.0,0.0,0.9960784316062927,1.0,0.09298360955007677,0.2558802727556091,0.0,0.0,0.0,1970
pixel_132,intensidad original,12449,0,0,12449,248,0.0,0.0,0.0,0.0,0.0,0.9960784316062927,1.0,0.05735369007094093,0.2030251730999871,0.0,0.0,0.0,1324
pixel_133,intensidad original,12449,0,0,12449,218,0.0,0.0,0.0,0.0,0.0,0.9882352948188782,1.0,0.03077875421604601,0.14840924284281173,0.0,0.0,0.0,769
pixel_134,intensidad original,12449,0,0,12449,173,0.0,0.0,0.0,0.0,0.0,0.6647843337059038,1.0,0.014540580688241182,0.10097758796348112,0.0,0.0,0.0,406
pixel_135,intensidad original,12449,0,0,12449,111,0.0,0.0,0.0,0.0,0.0,0.125490203499794,1.0,0.005638062226636093,0.06093305843196565,0.0,0.0,0.0,177
pixel_136,intensidad original,12449,0,0,12449,55,0.0,0.0,0.0,0.0,0.0,0.0,0.9960784316062927,0.001962516908514046,0.03696482534350337,0.0,0.0,0.0,60
pixel_137,intensidad original,12449,0,0,12449,19,0.0,0.0,0.0,0.0,0.0,0.0,0.7921568751335144,0.0005090573617956735,0.01622636484919314,0.0,0.0,0.0,19
pixel_138,intensidad original,12449,0,0,12449,3,0.0,0.0,0.0,0.0,0.0,0.0,0.6470588445663452,5.481186953450084e-05,0.005807674960986916,0.0,0.0,0.0,2
pixel_139,intensidad original,12449,0,0,12449,1,0.0,0.0,0.0,0.0,0.0,0.0,0.0,0.0,0.0,0.0,0.0,0.0,0
pixel_140,intensidad original,12449,0,0,12449,1,0.0,0.0,0.0,0.0,0.0,0.0,0.0,0.0,0.0,0.0,0.0,0.0,0
pixel_141,intensidad original,12449,0,0,12449,1,0.0,0.0,0.0,0.0,0.0,0.0,0.0,0.0,0.0,0.0,0.0,0.0,0
pixel_142,intensidad original,12449,0,0,12449,4,0.0,0.0,0.0,0.0,0.0,0.0,0.37254902720451355,7.402752525730395e-05,0.004831011275921648,0.0,0.0,0.0,3
pixel_143,intensidad original,12449,0,0,12449,17,0.0,0.0,0.0,0.0,0.0,0.0,0.5803921818733215,0.0003087105291141249,0.010482213775224947,0.0,0.0,0.0,18
pixel_144,intensidad original,12449,0,0,12449,69,0.0,0.0,0.0,0.0,0.0,0.0,0.9960784316062927,0.0023461999955547964,0.03727830144359027,0.0,0.0,0.0,90
pixel_145,intensidad original,12449,0,0,12449,120,0.0,0.0,0.0,0.0,0.0,0.24517647087574176,1.0,0.007639640435296346,0.07338709927724316,0.0,0.0,0.0,220
pixel_146,intensidad original,12449,0,0,12449,184,0.0,0.0,0.0,0.0,0.0,0.8216470694541949,1.0,0.01706350168388456,0.11219071989481666,0.0,0.0,0.0,420
pixel_147,intensidad original,12449,0,0,12449,222,0.0,0.0,0.0,0.0,0.0,0.9882352948188782,1.0,0.03247886716265251,0.15457269710978616,0.0,0.0,0.0,782
pixel_148,intensidad original,12449,0,0,12449,249,0.0,0.0,0.0,0.0,0.0,0.9921568632125854,1.0,0.05616420950892143,0.20287244607995136,0.0,0.0,0.0,1261
pixel_149,intensidad original,12449,0,0,12449,253,0.0,0.0,0.0,0.0,0.0,0.9960784316062927,1.0,0.08828333428001477,0.2519722742218093,0.0,0.0,0.0,1848
pixel_150,intensidad original,12449,0,0,12449,254,0.0,0.0,0.0,0.0,0.0,0.9960784316062927,1.0,0.12637254246905194,0.29736576956081995,0.0,0.0,0.0,2527
pixel_151,intensidad original,12449,0,0,12449,256,0.0,0.0,0.0,0.0,0.06666667014360428,0.9960784316062927,1.0,0.17387773664163977,0.33949884784846956,0.06666667014360428,-0.10000000521540642,0.1666666753590107,2822
pixel_152,intensidad original,12449,0,0,12449,255,0.0,0.0,0.0,0.0,0.41960784792900085,1.0,1.0,0.2296658230433985,0.3769679393860201,0.41960784792900085,-0.6294117718935013,1.0490196198225021,0
pixel_153,intensidad original,12449,0,0,12449,256,0.0,0.0,0.0,0.0,0.6627451181411743,1.0,1.0,0.2830450221794354,0.40531520554137046,0.6627451181411743,-0.9941176772117615,1.6568627953529358,0
pixel_154,intensidad original,12449,0,0,12449,256,0.0,0.0,0.0,0.0,0.8078431487083435,1.0,1.0,0.322935146729397,0.4201338178003837,0.8078431487083435,-1.2117647230625153,2.0196078717708588,0
pixel_155,intensidad original,12449,0,0,12449,256,0.0,0.0,0.0,0.0,0.8509804010391235,1.0,1.0,0.3383952436140676,0.4239000646494974,0.8509804010391235,-1.2764706015586853,2.127451002597809,0
pixel_156,intensidad original,12449,0,0,12449,256,0.0,0.0,0.0,0.0,0.8196078538894653,1.0,1.0,0.3266620387283401,0.4196663082698559,0.8196078538894653,-1.229411780834198,2.0490196347236633,0
pixel_157,intensidad original,12449,0,0,12449,256,0.0,0.0,0.0,0.0,0.686274528503418,1.0,1.0,0.2901176432729951,0.40638138380464217,0.686274528503418,-1.029411792755127,1.715686321258545,0
pixel_158,intensidad original,12449,0,0,12449,255,0.0,0.0,0.0,0.0,0.43529412150382996,1.0,1.0,0.2349882444285044,0.3792002821844894,0.43529412150382996,-0.6529411822557449,1.088235303759575,0
pixel_159,intensidad original,12449,0,0,12449,255,0.0,0.0,0.0,0.0,0.08235294371843338,1.0,1.0,0.17359328189259832,0.33793966525844743,0.08235294371843338,-0.12352941557765007,0.20588235929608345,2751
pixel_160,intensidad original,12449,0,0,12449,256,0.0,0.0,0.0,0.0,0.0,0.9960784316062927,1.0,0.11616745470287705,0.2842238952662142,0.0,0.0,0.0,2403
pixel_161,intensidad original,12449,0,0,12449,253,0.0,0.0,0.0,0.0,0.0,0.9921568632125854,1.0,0.06745419440168134,0.2176877975014726,0.0,0.0,0.0,1589
pixel_162,intensidad original,12449,0,0,12449,232,0.0,0.0,0.0,0.0,0.0,0.9882352948188782,1.0,0.03551651572725433,0.1594916817033317,0.0,0.0,0.0,877
pixel_163,intensidad original,12449,0,0,12449,187,0.0,0.0,0.0,0.0,0.0,0.7450980544090271,1.0,0.016373628180907047,0.10683502746466388,0.0,0.0,0.0,442
pixel_164,intensidad original,12449,0,0,12449,112,0.0,0.0,0.0,0.0,0.0,0.19419608175754718,1.0,0.0058179333533276865,0.06049287770058387,0.0,0.0,0.0,176
pixel_165,intensidad original,12449,0,0,12449,41,0.0,0.0,0.0,0.0,0.0,0.0,0.9921568632125854,0.001484645617511897,0.030934755030996408,0.0,0.0,0.0,43
pixel_166,intensidad original,12449,0,0,12449,7,0.0,0.0,0.0,0.0,0.0,0.0,0.6470588445663452,0.0001571903627520537,0.008459128431507094,0.0,0.0,0.0,6
pixel_167,intensidad original,12449,0,0,12449,1,0.0,0.0,0.0,0.0,0.0,0.0,0.0,0.0,0.0,0.0,0.0,0.0,0
pixel_168,intensidad original,12449,0,0,12449,1,0.0,0.0,0.0,0.0,0.0,0.0,0.0,0.0,0.0,0.0,0.0,0.0,0
pixel_169,intensidad original,12449,0,0,12449,1,0.0,0.0,0.0,0.0,0.0,0.0,0.0,0.0,0.0,0.0,0.0,0.0,0
pixel_170,intensidad original,12449,0,0,12449,5,0.0,0.0,0.0,0.0,0.0,0.0,0.6941176652908325,0.00010395354499816129,0.007089949234281028,0.0,0.0,0.0,4
pixel_171,intensidad original,12449,0,0,12449,32,0.0,0.0,0.0,0.0,0.0,0.0,1.0,0.0010146495953626577,0.02558639282253191,0.0,0.0,0.0,35
pixel_172,intensidad original,12449,0,0,12449,103,0.0,0.0,0.0,0.0,0.0,0.09035294324159965,1.0,0.005816988303676261,0.0645806218179992,0.0,0.0,0.0,160
pixel_173,intensidad original,12449,0,0,12449,171,0.0,0.0,0.0,0.0,0.0,0.7863529539108294,1.0,0.015987739979509193,0.1092358128333745,0.0,0.0,0.0,399
pixel_174,intensidad original,12449,0,0,12449,221,0.0,0.0,0.0,0.0,0.0,0.9882352948188782,1.0,0.03362204109368902,0.15777846680645422,0.0,0.0,0.0,783
pixel_175,intensidad original,12449,0,0,12449,247,0.0,0.0,0.0,0.0,0.0,0.9921568632125854,1.0,0.06146269003010874,0.21327000227081871,0.0,0.0,0.0,1340
pixel_176,intensidad original,12449,0,0,12449,254,0.0,0.0,0.0,0.0,0.0,0.9960784316062927,1.0,0.09998787316668074,0.267801706066278,0.0,0.0,0.0,2052
pixel_177,intensidad original,12449,0,0,12449,255,0.0,0.0,0.0,0.0,0.0,0.9960784316062927,1.0,0.1467685425928685,0.31700363365109424,0.0,0.0,0.0,2927
pixel_178,intensidad original,12449,0,0,12449,256,0.0,0.0,0.0,0.0,0.21960784494876862,1.0,1.0,0.2015637151895607,0.359163083791853,0.21960784494876862,-0.3294117674231529,0.5490196123719215,2408
pixel_179,intensidad original,12449,0,0,12449,256,0.0,0.0,0.0,0.0,0.5686274766921997,1.0,1.0,0.26300309421233514,0.39320843349723505,0.5686274766921997,-0.8529412150382996,1.4215686917304993,0
pixel_180,intensidad original,12449,0,0,12449,256,0.0,0.0,0.0,0.0,0.8117647171020508,1.0,1.0,0.32808179220266825,0.4175599959610689,0.8117647171020508,-1.2176470756530762,2.029411792755127,0
pixel_181,intensidad original,12449,0,0,12449,256,0.0,0.0,0.0,0.11372549086809158,0.9450980424880981,1.0,1.0,0.38952211611585885,0.4327852234539491,0.9450980424880981,-1.4176470637321472,2.3627451062202454,0
pixel_182,intensidad original,12449,0,0,12449,256,0.0,0.0,0.0,0.2823529541492462,0.9882352948188782,1.0,1.0,0.43504274242361357,0.43937220714574526,0.9882352948188782,-1.4823529422283173,2.4705882370471954,0
pixel_183,intensidad original,12449,0,0,12449,256,0.0,0.0,0.0,0.3843137323856354,0.9882352948188782,1.0,1.0,0.4558873177847991,0.4408606112661379,0.9882352948188782,-1.4823529422283173,2.4705882370471954,0
pixel_184,intensidad original,12449,0,0,12449,256,0.0,0.0,0.0,0.33725491166114807,0.9882352948188782,1.0,1.0,0.44435256960073044,0.43963617519364373,0.9882352948188782,-1.4823529422283173,2.4705882370471954,0
pixel_185,intensidad original,12449,0,0,12449,256,0.0,0.0,0.0,0.14509804546833038,0.9686274528503418,1.0,1.0,0.40176059806999065,0.43670881336541456,0.9686274528503418,-1.4529411792755127,2.4215686321258545,0
pixel_186,intensidad original,12449,0,0,12449,256,0.0,0.0,0.0,0.0,0.8509804010391235,1.0,1.0,0.3410759849735822,0.42302729616793716,0.8509804010391235,-1.2764706015586853,2.127451002597809,0
pixel_187,intensidad original,12449,0,0,12449,256,0.0,0.0,0.0,0.0,0.5490196347236633,1.0,1.0,0.25960223824599726,0.3924311165157763,0.5490196347236633,-0.823529452085495,1.3725490868091583,0
pixel_188,intensidad original,12449,0,0,12449,256,0.0,0.0,0.0,0.0,0.10196078568696976,1.0,1.0,0.18007399776634925,0.34337395502315987,0.10196078568696976,-0.15294117853045464,0.2549019642174244,2714
pixel_189,intensidad original,12449,0,0,12449,254,0.0,0.0,0.0,0.0,0.0,0.9960784316062927,1.0,0.10994126748339124,0.27572387435153284,0.0,0.0,0.0,2351
pixel_190,intensidad original,12449,0,0,12449,249,0.0,0.0,0.0,0.0,0.0,0.9921568632125854,1.0,0.058577506757640646,0.20616955738523463,0.0,0.0,0.0,1365
pixel_191,intensidad original,12449,0,0,12449,210,0.0,0.0,0.0,0.0,0.0,0.9333333373069763,1.0,0.02642121068661673,0.13699235449030917,0.0,0.0,0.0,669
pixel_192,intensidad original,12449,0,0,12449,141,0.0,0.0,0.0,0.0,0.0,0.40815686821938246,1.0,0.009183823095639218,0.07890284260439251,0.0,0.0,0.0,258
pixel_193,intensidad original,12449,0,0,12449,56,0.0,0.0,0.0,0.0,0.0,0.0,0.9921568632125854,0.0021707390155097104,0.03679184917259937,0.0,0.0,0.0,65
pixel_194,intensidad original,12449,0,0,12449,8,0.0,0.0,0.0,0.0,0.0,0.0,0.9921568632125854,0.00032320102074221156,0.014657980871866911,0.0,0.0,0.0,8
pixel_195,intensidad original,12449,0,0,12449,1,0.0,0.0,0.0,0.0,0.0,0.0,0.0,0.0,0.0,0.0,0.0,0.0,0
pixel_196,intensidad original,12449,0,0,12449,1,0.0,0.0,0.0,0.0,0.0,0.0,0.0,0.0,0.0,0.0,0.0,0.0,0
pixel_197,intensidad original,12449,0,0,12449,7,0.0,0.0,0.0,0.0,0.0,0.0,0.3803921639919281,6.363217038343265e-05,0.00419193459381302,0.0,0.0,0.0,6
pixel_198,intensidad original,12449,0,0,12449,17,0.0,0.0,0.0,0.0,0.0,0.0,1.0,0.0006000954540788586,0.019953837854729702,0.0,0.0,0.0,18
pixel_199,intensidad original,12449,0,0,12449,62,0.0,0.0,0.0,0.0,0.0,0.0,0.9960784316062927,0.0026772762670082416,0.04228842211709042,0.0,0.0,0.0,84
pixel_200,intensidad original,12449,0,0,12449,142,0.0,0.0,0.0,0.0,0.0,0.4687058842182176,1.0,0.010484502413234925,0.0863482010439432,0.0,0.0,0.0,283
pixel_201,intensidad original,12449,0,0,12449,210,0.0,0.0,0.0,0.0,0.0,0.9647058844566345,1.0,0.026849310226000518,0.1401721319139583,0.0,0.0,0.0,648
pixel_202,intensidad original,12449,0,0,12449,239,0.0,0.0,0.0,0.0,0.0,0.9921568632125854,1.0,0.053362188932031554,0.19824320327611306,0.0,0.0,0.0,1214
pixel_203,intensidad original,12449,0,0,12449,252,0.0,0.0,0.0,0.0,0.0,0.9960784316062927,1.0,0.09324632841968472,0.258144009352608,0.0,0.0,0.0,1979
pixel_204,intensidad original,12449,0,0,12449,256,0.0,0.0,0.0,0.0,0.0,0.9960784316062927,1.0,0.14356078837966565,0.31131825141518177,0.0,0.0,0.0,2933
pixel_205,intensidad original,12449,0,0,12449,256,0.0,0.0,0.0,0.0,0.250980406999588,1.0,1.0,0.20630084674289056,0.35965127913065437,0.250980406999588,-0.376470610499382,0.62745101749897,2247
pixel_206,intensidad original,12449,0,0,12449,256,0.0,0.0,0.0,0.0,0.5960784554481506,1.0,1.0,0.2733946685844664,0.3929591441129816,0.5960784554481506,-0.894117683172226,1.4901961386203766,0
pixel_207,intensidad original,12449,0,0,12449,256,0.0,0.0,0.0,0.0313725508749485,0.8313725590705872,1.0,1.0,0.3439082468284405,0.41644710224706033,0.8313725590705872,-1.2470588386058807,2.078431397676468,0
pixel_208,intensidad original,12449,0,0,12449,256,0.0,0.0,0.0,0.2235294133424759,0.9450980424880981,1.0,1.0,0.40983274863655517,0.4284953806055705,0.9450980424880981,-1.4176470637321472,2.3627451062202454,0
pixel_209,intensidad original,12449,0,0,12449,256,0.0,0.0,0.0,0.42352941632270813,0.9882352948188782,1.0,1.0,0.4655474373116998,0.4339405244686053,0.9882352948188782,-1.4823529422283173,2.4705882370471954,0
pixel_210,intensidad original,12449,0,0,12449,256,0.0,0.0,0.0,0.5215686559677124,0.9882352948188782,1.0,1.0,0.5018023376979852,0.4350738527634998,0.9882352948188782,-1.4823529422283173,2.4705882370471954,0
pixel_211,intensidad original,12449,0,0,12449,256,0.0,0.0,0.0,0.5647059082984924,0.9921568632125854,1.0,1.0,0.5163618188846417,0.43387994855324696,0.9921568632125854,-1.4882352948188782,2.4803921580314636,0
pixel_212,intensidad original,12449,0,0,12449,256,0.0,0.0,0.0,0.5529412031173706,0.9882352948188782,1.0,1.0,0.5092800624449552,0.4349707347046939,0.9882352948188782,-1.4823529422283173,2.4705882370471954,0
pixel_213,intensidad original,12449,0,0,12449,256,0.0,0.0,0.0,0.47843137383461,0.9882352948188782,1.0,1.0,0.4801633052596132,0.4364702086892844,0.9882352948188782,-1.4823529422283173,2.4705882370471954,0
pixel_214,intensidad original,12449,0,0,12449,256,0.0,0.0,0.0,0.24313725531101227,0.9764705896377563,1.0,1.0,0.42142766356398326,0.43403007421998907,0.9764705896377563,-1.4647058844566345,2.441176474094391,0
pixel_215,intensidad original,12449,0,0,12449,256,0.0,0.0,0.0,0.0,0.843137264251709,1.0,1.0,0.338920996634665,0.42022580735253395,0.843137264251709,-1.2647058963775635,2.1078431606292725,0
pixel_216,intensidad original,12449,0,0,12449,256,0.0,0.0,0.0,0.0,0.4745098054409027,1.0,1.0,0.24397109060558195,0.38268090464770954,0.4745098054409027,-0.7117647081613541,1.1862745136022568,0
pixel_217,intensidad original,12449,0,0,12449,256,0.0,0.0,0.0,0.0,0.01568627543747425,0.9960784316062927,1.0,0.1556027037930484,0.3216249745892127,0.01568627543747425,-0.023529413156211376,0.03921568859368563,3000
pixel_218,intensidad original,12449,0,0,12449,250,0.0,0.0,0.0,0.0,0.0,0.9960784316062927,1.0,0.08469284188384034,0.24570935626021898,0.0,0.0,0.0,1890
pixel_219,intensidad original,12449,0,0,12449,234,0.0,0.0,0.0,0.0,0.0,0.9882352948188782,1.0,0.03648422875223387,0.1611887893112724,0.0,0.0,0.0,908
pixel_220,intensidad original,12449,0,0,12449,162,0.0,0.0,0.0,0.0,0.0,0.5549804186821001,1.0,0.011723124651466197,0.09116968370511534,0.0,0.0,0.0,315
pixel_221,intensidad original,12449,0,0,12449,70,0.0,0.0,0.0,0.0,0.0,0.0,0.9960784316062927,0.00312112641644012,0.04557342082396886,0.0,0.0,0.0,79
pixel_222,intensidad original,12449,0,0,12449,11,0.0,0.0,0.0,0.0,0.0,0.0,0.9882352948188782,0.0003635223942347747,0.01423467811811675,0.0,0.0,0.0,11
pixel_223,intensidad original,12449,0,0,12449,1,0.0,0.0,0.0,0.0,0.0,0.0,0.0,0.0,0.0,0.0,0.0,0.0,0
pixel_224,intensidad original,12449,0,0,12449,1,0.0,0.0,0.0,0.0,0.0,0.0,0.0,0.0,0.0,0.0,0.0,0.0,0
pixel_225,intensidad original,12449,0,0,12449,11,0.0,0.0,0.0,0.0,0.0,0.0,0.8941176533699036,0.0003773828669386017,0.015970544366364723,0.0,0.0,0.0,11
pixel_226,intensidad original,12449,0,0,12449,48,0.0,0.0,0.0,0.0,0.0,0.0,1.0,0.002332339512265208,0.04144357755174621,0.0,0.0,0.0,58
pixel_227,intensidad original,12449,0,0,12449,110,0.0,0.0,0.0,0.0,0.0,0.17850980818271808,1.0,0.006451419933232026,0.06765024195153323,0.0,0.0,0.0,166
pixel_228,intensidad original,12449,0,0,12449,170,0.0,0.0,0.0,0.0,0.0,0.8138039326667803,1.0,0.016465926294991787,0.1113387228425432,0.0,0.0,0.0,402
pixel_229,intensidad original,12449,0,0,12449,225,0.0,0.0,0.0,0.0,0.0,0.9882352948188782,1.0,0.03727837072275995,0.1669352616392305,0.0,0.0,0.0,853
pixel_230,intensidad original,12449,0,0,12449,250,0.0,0.0,0.0,0.0,0.0,0.9921568632125854,1.0,0.07107587273825366,0.22712667414990706,0.0,0.0,0.0,1562
pixel_231,intensidad original,12449,0,0,12449,256,0.0,0.0,0.0,0.0,0.0,0.9960784316062927,1.0,0.12106083142032138,0.29080549547242945,0.0,0.0,0.0,2491
pixel_232,intensidad original,12449,0,0,12449,256,0.0,0.0,0.0,0.0,0.125490203499794,0.9960784316062927,1.0,0.18425608035448557,0.34617584326610196,0.125490203499794,-0.188235305249691,0.313725508749485,2665
pixel_233,intensidad original,12449,0,0,12449,256,0.0,0.0,0.0,0.0,0.5529412031173706,1.0,1.0,0.2599159890690953,0.38989513967319606,0.5529412031173706,-0.8294118046760559,1.3823530077934265,0
pixel_234,intensidad original,12449,0,0,12449,256,0.0,0.0,0.0,0.0,0.8235294222831726,1.0,1.0,0.3365184098538764,0.41669069727914543,0.8235294222831726,-1.235294133424759,2.0588235557079315,0
pixel_235,intensidad original,12449,0,0,12449,256,0.0,0.0,0.0,0.18039216101169586,0.9490196108818054,1.0,1.0,0.4027050004531252,0.4318346669947482,0.9490196108818054,-1.4235294163227081,2.3725490272045135,0
pixel_236,intensidad original,12449,0,0,12449,256,0.0,0.0,0.0,0.33725491166114807,0.9843137264251709,1.0,1.0,0.447890770365557,0.43617626215898586,0.9843137264251709,-1.4764705896377563,2.4607843160629272,0
pixel_237,intensidad original,12449,0,0,12449,256,0.0,0.0,0.0,0.43921568989753723,0.9882352948188782,1.0,1.0,0.4743853781584922,0.43936833477542514,0.9882352948188782,-1.4823529422283173,2.4705882370471954,0
pixel_238,intensidad original,12449,0,0,12449,256,0.0,0.0,0.0,0.48235294222831726,0.9882352948188782,1.0,1.0,0.4845309288928707,0.43971029914781684,0.9882352948188782,-1.4823529422283173,2.4705882370471954,0
pixel_239,intensidad original,12449,0,0,12449,256,0.0,0.0,0.0,0.501960813999176,0.9882352948188782,1.0,1.0,0.48960858716123945,0.43625710346585767,0.9882352948188782,-1.4823529422283173,2.4705882370471954,0
pixel_240,intensidad original,12449,0,0,12449,256,0.0,0.0,0.0,0.501960813999176,0.9882352948188782,1.0,1.0,0.4921548188640379,0.43688411506727043,0.9882352948188782,-1.4823529422283173,2.4705882370471954,0
pixel_241,intensidad original,12449,0,0,12449,256,0.0,0.0,0.0,0.47843137383461,0.9882352948188782,1.0,1.0,0.48539216825503645,0.4380125501625079,0.9882352948188782,-1.4823529422283173,2.4705882370471954,0
pixel_242,intensidad original,12449,0,0,12449,256,0.0,0.0,0.0,0.33725491166114807,0.9882352948188782,1.0,1.0,0.45067073990151657,0.44001234340995166,0.9882352948188782,-1.4823529422283173,2.4705882370471954,0
pixel_243,intensidad original,12449,0,0,12449,256,0.0,0.0,0.0,0.08235294371843338,0.9372549057006836,1.0,1.0,0.38069299506063925,0.43281000902897604,0.9372549057006836,-1.4058823585510254,2.343137264251709,0
pixel_244,intensidad original,12449,0,0,12449,256,0.0,0.0,0.0,0.0,0.658823549747467,1.0,1.0,0.2825539204178586,0.40332749475203394,0.658823549747467,-0.9882353246212006,1.6470588743686676,0
pixel_245,intensidad original,12449,0,0,12449,255,0.0,0.0,0.0,0.0,0.12156862765550613,0.9960784316062927,1.0,0.18492579302666814,0.3488994686170146,0.12156862765550613,-0.1823529414832592,0.30392156913876534,2666
pixel_246,intensidad original,12449,0,0,12449,250,0.0,0.0,0.0,0.0,0.0,0.9960784316062927,1.0,0.10275744753202601,0.27194718730684164,0.0,0.0,0.0,2089
pixel_247,intensidad original,12449,0,0,12449,237,0.0,0.0,0.0,0.0,0.0,0.9921568632125854,1.0,0.04184508145570543,0.17200909425952413,0.0,0.0,0.0,1032
pixel_248,intensidad original,12449,0,0,12449,159,0.0,0.0,0.0,0.0,0.0,0.5275294399261492,1.0,0.011725329734290453,0.09031182476081656,0.0,0.0,0.0,321
pixel_249,intensidad original,12449,0,0,12449,61,0.0,0.0,0.0,0.0,0.0,0.0,0.9960784316062927,0.002545286779577631,0.04168887222789431,0.0,0.0,0.0,73
pixel_250,intensidad original,12449,0,0,12449,9,0.0,0.0,0.0,0.0,0.0,0.0,0.9882352948188782,0.0003083955121147833,0.015174296508668604,0.0,0.0,0.0,8
pixel_251,intensidad original,12449,0,0,12449,1,0.0,0.0,0.0,0.0,0.0,0.0,0.0,0.0,0.0,0.0,0.0,0.0,0
pixel_252,intensidad original,12449,0,0,12449,2,0.0,0.0,0.0,0.0,0.0,0.0,0.3019607961177826,2.4255827465481772e-05,0.0027062373559624104,0.0,0.0,0.0,1
pixel_253,intensidad original,12449,0,0,12449,12,0.0,0.0,0.0,0.0,0.0,0.0,0.9960784316062927,0.0005925351976618172,0.022032617386360295,0.0,0.0,0.0,12
pixel_254,intensidad original,12449,0,0,12449,65,0.0,0.0,0.0,0.0,0.0,0.0,1.0,0.003238310393335621,0.0491348027923479,0.0,0.0,0.0,80
pixel_255,intensidad original,12449,0,0,12449,114,0.0,0.0,0.0,0.0,0.0,0.3530980479717289,1.0,0.008559471771115938,0.08109966523067537,0.0,0.0,0.0,204
pixel_256,intensidad original,12449,0,0,12449,171,0.0,0.0,0.0,0.0,0.0,0.9490196108818054,1.0,0.019829610920814096,0.12374365396572033,0.0,0.0,0.0,446
pixel_257,intensidad original,12449,0,0,12449,232,0.0,0.0,0.0,0.0,0.0,0.9921568632125854,1.0,0.04203692288712147,0.17788682290084928,0.0,0.0,0.0,944
pixel_258,intensidad original,12449,0,0,12449,250,0.0,0.0,0.0,0.0,0.0,0.9921568632125854,1.0,0.08151532852992592,0.24363213548145002,0.0,0.0,0.0,1740
pixel_259,intensidad original,12449,0,0,12449,255,0.0,0.0,0.0,0.0,0.0,0.9960784316062927,1.0,0.13944611804029716,0.30985882675352994,0.0,0.0,0.0,2775
pixel_260,intensidad original,12449,0,0,12449,255,0.0,0.0,0.0,0.0,0.2823529541492462,0.9960784316062927,1.0,0.21258846083260952,0.3671470491721862,0.2823529541492462,-0.4235294312238693,0.7058823853731155,2203
pixel_261,intensidad original,12449,0,0,12449,256,0.0,0.0,0.0,0.0,0.7019608020782471,1.0,1.0,0.2956341113421998,0.4050536273311923,0.7019608020782471,-1.0529412031173706,1.7549020051956177,0
pixel_262,intensidad original,12449,0,0,12449,256,0.0,0.0,0.0,0.05882352963089943,0.9098039269447327,1.0,1.0,0.36938442476292016,0.428738532271988,0.9098039269447327,-1.364705890417099,2.2745098173618317,0
pixel_263,intensidad original,12449,0,0,12449,256,0.0,0.0,0.0,0.19607843458652496,0.9647058844566345,1.0,1.0,0.41390520709754025,0.4358058258453895,0.9647058844566345,-1.4470588266849518,2.4117647111415863,0
pixel_264,intensidad original,12449,0,0,12449,256,0.0,0.0,0.0,0.23137255012989044,0.9764705896377563,1.0,1.0,0.42212383714750296,0.4365848614049693,0.9764705896377563,-1.4647058844566345,2.441176474094391,0
pixel_265,intensidad original,12449,0,0,12449,256,0.0,0.0,0.0,0.19607843458652496,0.9607843160629272,1.0,1.0,0.4083537729155906,0.43328568379714827,0.9607843160629272,-1.4411764740943909,2.401960790157318,0
pixel_266,intensidad original,12449,0,0,12449,256,0.0,0.0,0.0,0.1725490242242813,0.9529411792755127,1.0,1.0,0.39988344935455666,0.43009781884768544,0.9529411792755127,-1.429411768913269,2.3823529481887817,0
pixel_267,intensidad original,12449,0,0,12449,256,0.0,0.0,0.0,0.21960784494876862,0.9607843160629272,1.0,1.0,0.4116651658923348,0.4311133131640613,0.9607843160629272,-1.4411764740943909,2.401960790157318,0
pixel_268,intensidad original,12449,0,0,12449,256,0.0,0.0,0.0,0.29019609093666077,0.9843137264251709,1.0,1.0,0.4324561893808753,0.4334832098662787,0.9843137264251709,-1.4764705896377563,2.4607843160629272,0
pixel_269,intensidad original,12449,0,0,12449,256,0.0,0.0,0.0,0.3529411852359772,0.9882352948188782,1.0,1.0,0.4537682406239886,0.4376815279052813,0.9882352948188782,-1.4823529422283173,2.4705882370471954,0
pixel_270,intensidad original,12449,0,0,12449,256,0.0,0.0,0.0,0.30980393290519714,0.9882352948188782,1.0,1.0,0.4414377753271293,0.4382706243424464,0.9882352948188782,-1.4823529422283173,2.4705882370471954,0
pixel_271,intensidad original,12449,0,0,12449,256,0.0,0.0,0.0,0.0941176488995552,0.9411764740943909,1.0,1.0,0.38741532420555197,0.4338076132744231,0.9411764740943909,-1.4117647111415863,2.352941185235977,0
pixel_272,intensidad original,12449,0,0,12449,256,0.0,0.0,0.0,0.0,0.6980392336845398,1.0,1.0,0.29064497115860743,0.4068466723721334,0.6980392336845398,-1.0470588505268097,1.7450980842113495,0
pixel_273,intensidad original,12449,0,0,12449,255,0.0,0.0,0.0,0.0,0.1411764770746231,0.9960784316062927,1.0,0.19300172322622952,0.35724083852338334,0.1411764770746231,-0.21176471561193466,0.35294119268655777,2678
pixel_274,intensidad original,12449,0,0,12449,253,0.0,0.0,0.0,0.0,0.0,0.9960784316062927,1.0,0.10781273986422006,0.27729439432891634,0.0,0.0,0.0,2201
pixel_275,intensidad original,12449,0,0,12449,240,0.0,0.0,0.0,0.0,0.0,0.9921568632125854,1.0,0.043767907013990213,0.17603780518203999,0.0,0.0,0.0,1075
pixel_276,intensidad original,12449,0,0,12449,151,0.0,0.0,0.0,0.0,0.0,0.43921568989753723,1.0,0.010462451670501381,0.08473432981570594,0.0,0.0,0.0,319
pixel_277,intensidad original,12449,0,0,12449,42,0.0,0.0,0.0,0.0,0.0,0.0,0.9921568632125854,0.0016361657884748468,0.03207485959075982,0.0,0.0,0.0,48
pixel_278,intensidad original,12449,0,0,12449,8,0.0,0.0,0.0,0.0,0.0,0.0,0.9882352948188782,0.0002620889348087086,0.013478190681086875,0.0,0.0,0.0,7
pixel_279,intensidad original,12449,0,0,12449,2,0.0,0.0,0.0,0.0,0.0,0.0,0.45490196347236633,3.654124535885343e-05,0.004076928868505747,0.0,0.0,0.0,1
pixel_280,intensidad original,12449,0,0,12449,2,0.0,0.0,0.0,0.0,0.0,0.0,0.7254902124404907,5.827698710261794e-05,0.006501998734715678,0.0,0.0,0.0,1
pixel_281,intensidad original,12449,0,0,12449,13,0.0,0.0,0.0,0.0,0.0,0.0,0.9960784316062927,0.0004444801502144617,0.018003510080701526,0.0,0.0,0.0,13
pixel_282,intensidad original,12449,0,0,12449,63,0.0,0.0,0.0,0.0,0.0,0.0,0.9960784316062927,0.0030083525589225052,0.046129018339135845,0.0,0.0,0.0,76
pixel_283,intensidad original,12449,0,0,12449,116,0.0,0.0,0.0,0.0,0.0,0.3689411842823097,1.0,0.008944414883324737,0.08390734984522083,0.0,0.0,0.0,197
pixel_284,intensidad original,12449,0,0,12449,178,0.0,0.0,0.0,0.0,0.0,0.9491764736175571,1.0,0.019599653076862573,0.12406680063525785,0.0,0.0,0.0,426
pixel_285,intensidad original,12449,0,0,12449,221,0.0,0.0,0.0,0.0,0.0,0.9921568632125854,1.0,0.041905248425517905,0.17658582250375815,0.0,0.0,0.0,980
pixel_286,intensidad original,12449,0,0,12449,253,0.0,0.0,0.0,0.0,0.0,0.9921568632125854,1.0,0.08493414007493709,0.24787985325593578,0.0,0.0,0.0,1816
pixel_287,intensidad original,12449,0,0,12449,256,0.0,0.0,0.0,0.0,0.0,0.9960784316062927,1.0,0.147726175230299,0.3177070757579493,0.0,0.0,0.0,2977
pixel_288,intensidad original,12449,0,0,12449,256,0.0,0.0,0.0,0.0,0.3921568691730499,1.0,1.0,0.23072520407069802,0.37654795966220816,0.3921568691730499,-0.5882353037595749,0.9803921729326248,1523
pixel_289,intensidad original,12449,0,0,12449,256,0.0,0.0,0.0,0.0,0.772549033164978,1.0,1.0,0.31294804636042045,0.41382293746709753,0.772549033164978,-1.158823549747467,1.931372582912445,0
pixel_290,intensidad original,12449,0,0,12449,256,0.0,0.0,0.0,0.0470588244497776,0.9098039269447327,1.0,1.0,0.36927228093259346,0.42941462893790233,0.9098039269447327,-1.364705890417099,2.2745098173618317,0
pixel_291,intensidad original,12449,0,0,12449,256,0.0,0.0,0.0,0.07450980693101883,0.9215686321258545,1.0,1.0,0.3772710334374278,0.431562895812247,0.9215686321258545,-1.3823529481887817,2.3039215803146362,0
pixel_292,intensidad original,12449,0,0,12449,256,0.0,0.0,0.0,0.0235294122248888,0.8549019694328308,1.0,1.0,0.3483873843277125,0.42110996605889195,0.8549019694328308,-1.2823529541492462,2.137254923582077,0
pixel_293,intensidad original,12449,0,0,12449,256,0.0,0.0,0.0,0.0,0.7607843279838562,1.0,1.0,0.3184553793828546,0.4077904306964977,0.7607843279838562,-1.1411764919757843,1.9019608199596405,0
pixel_294,intensidad original,12449,0,0,12449,256,0.0,0.0,0.0,0.0,0.7490196228027344,1.0,1.0,0.3193944264421758,0.4072475207983854,0.7490196228027344,-1.1235294342041016,1.872549057006836,0
pixel_295,intensidad original,12449,0,0,12449,256,0.0,0.0,0.0,0.04313725605607033,0.8509804010391235,1.0,1.0,0.3508271425099877,0.4190802827067354,0.8509804010391235,-1.2764706015586853,2.127451002597809,0
pixel_296,intensidad original,12449,0,0,12449,256,0.0,0.0,0.0,0.15294118225574493,0.9254902005195618,1.0,1.0,0.3905959878802788,0.4271946767635473,0.9254902005195618,-1.3882353007793427,2.3137255012989044,0
pixel_297,intensidad original,12449,0,0,12449,256,0.0,0.0,0.0,0.27843138575553894,0.9725490212440491,1.0,1.0,0.42993263841882506,0.434037790864803,0.9725490212440491,-1.4588235318660736,2.4313725531101227,0
pixel_298,intensidad original,12449,0,0,12449,256,0.0,0.0,0.0,0.250980406999588,0.9725490212440491,1.0,1.0,0.4237918190943721,0.4342812371502214,0.9725490212440491,-1.4588235318660736,2.4313725531101227,0
pixel_299,intensidad original,12449,0,0,12449,256,0.0,0.0,0.0,0.062745101749897,0.9176470637321472,1.0,1.0,0.37166888263098685,0.4289380145448512,0.9176470637321472,-1.3764705955982208,2.294117659330368,0
pixel_300,intensidad original,12449,0,0,12449,256,0.0,0.0,0.0,0.0,0.6549019813537598,1.0,1.0,0.2806581858537986,0.4021856635123397,0.6549019813537598,-0.9823529720306396,1.6372549533843994,0
pixel_301,intensidad original,12449,0,0,12449,256,0.0,0.0,0.0,0.0,0.11372549086809158,0.9960784316062927,1.0,0.18627498397439496,0.3518108778719364,0.11372549086809158,-0.17058823630213737,0.28431372717022896,2706
pixel_302,intensidad original,12449,0,0,12449,248,0.0,0.0,0.0,0.0,0.0,0.9960784316062927,1.0,0.106221305578977,0.27634733468175016,0.0,0.0,0.0,2156
pixel_303,intensidad original,12449,0,0,12449,232,0.0,0.0,0.0,0.0,0.0,0.9921568632125854,1.0,0.04552598187148706,0.1815618292237669,0.0,0.0,0.0,1068
pixel_304,intensidad original,12449,0,0,12449,152,0.0,0.0,0.0,0.0,0.0,0.5372549295425415,1.0,0.01201891975528359,0.09037477176608073,0.0,0.0,0.0,329
pixel_305,intensidad original,12449,0,0,12449,34,0.0,0.0,0.0,0.0,0.0,0.0,0.9921568632125854,0.0011400238648059976,0.027899047884124187,0.0,0.0,0.0,34
pixel_306,intensidad original,12449,0,0,12449,4,0.0,0.0,0.0,0.0,0.0,0.0,0.9882352948188782,0.00012852438018641632,0.009822953603696193,0.0,0.0,0.0,3
pixel_307,intensidad original,12449,0,0,12449,2,0.0,0.0,0.0,0.0,0.0,0.0,0.14901961386203766,1.1970408375133557e-05,0.0013355457098716754,0.0,0.0,0.0,1
pixel_308,intensidad original,12449,0,0,12449,2,0.0,0.0,0.0,0.0,0.0,0.0,0.21568627655506134,1.732559053378274e-05,0.0019330266255956933,0.0,0.0,0.0,1
pixel_309,intensidad original,12449,0,0,12449,9,0.0,0.0,0.0,0.0,0.0,0.0,0.9960784316062927,0.00030934054396118313,0.014333938266967595,0.0,0.0,0.0,8
pixel_310,intensidad original,12449,0,0,12449,52,0.0,0.0,0.0,0.0,0.0,0.0,1.0,0.002384001269523006,0.04174228809347127,0.0,0.0,0.0,56
pixel_311,intensidad original,12449,0,0,12449,98,0.0,0.0,0.0,0.0,0.0,0.18447059214115485,1.0,0.0069248810615032946,0.0723364785142065,0.0,0.0,0.0,152
pixel_312,intensidad original,12449,0,0,12449,164,0.0,0.0,0.0,0.0,0.0,0.8392156958580017,1.0,0.016288575230942706,0.11195088383980992,0.0,0.0,0.0,378
pixel_313,intensidad original,12449,0,0,12449,235,0.0,0.0,0.0,0.0,0.0,0.9921568632125854,1.0,0.041092205754998126,0.17354381575453054,0.0,0.0,0.0,959
pixel_314,intensidad original,12449,0,0,12449,250,0.0,0.0,0.0,0.0,0.0,0.9921568632125854,1.0,0.08768953895936948,0.2522674200827912,0.0,0.0,0.0,1880
pixel_315,intensidad original,12449,0,0,12449,253,0.0,0.0,0.0,0.0,0.0235294122248888,0.9960784316062927,1.0,0.15978037613380516,0.32698562582689317,0.0235294122248888,-0.0352941183373332,0.058823530562222004,2966
pixel_316,intensidad original,12449,0,0,12449,256,0.0,0.0,0.0,0.0,0.501960813999176,1.0,1.0,0.24928500660086847,0.3879007190290537,0.501960813999176,-0.752941220998764,1.25490203499794,0
pixel_317,intensidad original,12449,0,0,12449,256,0.0,0.0,0.0,0.0,0.8117647171020508,1.0,1.0,0.3248560821921195,0.4177463514308539,0.8117647171020508,-1.2176470756530762,2.029411792755127,0
pixel_318,intensidad original,12449,0,0,12449,256,0.0,0.0,0.0,0.01568627543747425,0.8901960849761963,1.0,1.0,0.35776714379125285,0.4267322716528694,0.8901960849761963,-1.3352941274642944,2.2254902124404907,0
pixel_319,intensidad original,12449,0,0,12449,256,0.0,0.0,0.0,0.0,0.8274509906768799,1.0,1.0,0.33390665575024797,0.4179744394468551,0.8274509906768799,-1.2411764860153198,2.0686274766921997,0
pixel_320,intensidad original,12449,0,0,12449,256,0.0,0.0,0.0,0.0,0.6235294342041016,1.0,1.0,0.28280435437368734,0.3935074567127061,0.6235294342041016,-0.9352941513061523,1.558823585510254,0
pixel_321,intensidad original,12449,0,0,12449,256,0.0,0.0,0.0,0.0,0.5529412031173706,1.0,1.0,0.26452522651473503,0.38294823729429345,0.5529412031173706,-0.8294118046760559,1.3823530077934265,0
pixel_322,intensidad original,12449,0,0,12449,256,0.0,0.0,0.0,0.0,0.6745098233222961,1.0,1.0,0.293671279530661,0.4021558449317439,0.6745098233222961,-1.0117647349834442,1.6862745583057404,0
pixel_323,intensidad original,12449,0,0,12449,256,0.0,0.0,0.0,0.0,0.8666666746139526,1.0,1.0,0.34221537873597485,0.42290727436427045,0.8666666746139526,-1.300000011920929,2.1666666865348816,0
pixel_324,intensidad original,12449,0,0,12449,256,0.0,0.0,0.0,0.1568627506494522,0.929411768913269,1.0,1.0,0.39163174322939537,0.42749082280248424,0.929411768913269,-1.3941176533699036,2.3235294222831726,0
pixel_325,intensidad original,12449,0,0,12449,256,0.0,0.0,0.0,0.27843138575553894,0.9725490212440491,1.0,1.0,0.4290553335734361,0.4324446278610604,0.9725490212440491,-1.4588235318660736,2.4313725531101227,0
pixel_326,intensidad original,12449,0,0,12449,256,0.0,0.0,0.0,0.23137255012989044,0.9725490212440491,1.0,1.0,0.4182655858018084,0.4340766048085295,0.9725490212440491,-1.4588235318660736,2.4313725531101227,0
pixel_327,intensidad original,12449,0,0,12449,256,0.0,0.0,0.0,0.0117647061124444,0.8823529481887817,1.0,1.0,0.35542535410434783,0.42489712620327685,0.8823529481887817,-1.3235294222831726,2.2058823704719543,0
pixel_328,intensidad original,12449,0,0,12449,256,0.0,0.0,0.0,0.0,0.5647059082984924,1.0,1.0,0.26299049377280415,0.39266852454427675,0.5647059082984924,-0.8470588624477386,1.411764770746231,0
pixel_329,intensidad original,12449,0,0,12449,255,0.0,0.0,0.0,0.0,0.05882352963089943,0.9960784316062927,1.0,0.17359107669086193,0.34138093277563997,0.05882352963089943,-0.08823529444634914,0.14705882407724857,2824
pixel_330,intensidad original,12449,0,0,12449,251,0.0,0.0,0.0,0.0,0.0,0.9960784316062927,1.0,0.10430509519431654,0.27720479852151997,0.0,0.0,0.0,2046
pixel_331,intensidad original,12449,0,0,12449,233,0.0,0.0,0.0,0.0,0.0,0.9921568632125854,1.0,0.05103299958074503,0.19409024561967814,0.0,0.0,0.0,1097
pixel_332,intensidad original,12449,0,0,12449,168,0.0,0.0,0.0,0.0,0.0,0.6235294342041016,1.0,0.014464033093757994,0.10047304421062181,0.0,0.0,0.0,397
pixel_333,intensidad original,12449,0,0,12449,34,0.0,0.0,0.0,0.0,0.0,0.0,0.9921568632125854,0.001002994194336242,0.024763687991522784,0.0,0.0,0.0,38
pixel_334,intensidad original,12449,0,0,12449,4,0.0,0.0,0.0,0.0,0.0,0.0,0.7490196228027344,0.0001228541897065056,0.00853246971134615,0.0,0.0,0.0,3
pixel_335,intensidad original,12449,0,0,12449,2,0.0,0.0,0.0,0.0,0.0,0.0,0.03529411926865578,2.8350967361760607e-06,0.000316313459358389,0.0,0.0,0.0,1
pixel_336,intensidad original,12449,0,0,12449,2,0.0,0.0,0.0,0.0,0.0,0.0,0.2549019753932953,2.047569888290588e-05,0.0022844861213336914,0.0,0.0,0.0,1
pixel_337,intensidad original,12449,0,0,12449,7,0.0,0.0,0.0,0.0,0.0,0.0,0.9843137264251709,0.0002394081618170325,0.013035242196472858,0.0,0.0,0.0,6
pixel_338,intensidad original,12449,0,0,12449,32,0.0,0.0,0.0,0.0,0.0,0.0,1.0,0.0014481043691606022,0.03286319517052016,0.0,0.0,0.0,38
pixel_339,intensidad original,12449,0,0,12449,80,0.0,0.0,0.0,0.0,0.0,0.0,1.0,0.004070883769045533,0.053611542259599694,0.0,0.0,0.0,108
pixel_340,intensidad original,12449,0,0,12449,155,0.0,0.0,0.0,0.0,0.0,0.5844706130027805,1.0,0.013075150699407899,0.09794318494760354,0.0,0.0,0.0,330
pixel_341,intensidad original,12449,0,0,12449,233,0.0,0.0,0.0,0.0,0.0,0.9921568632125854,1.0,0.04174112787285288,0.17436917574934593,0.0,0.0,0.0,1003
pixel_342,intensidad original,12449,0,0,12449,249,0.0,0.0,0.0,0.0,0.0,0.9960784316062927,1.0,0.09768230953636912,0.2652481961913263,0.0,0.0,0.0,2068
pixel_343,intensidad original,12449,0,0,12449,254,0.0,0.0,0.0,0.0,0.09803921729326248,0.9960784316062927,1.0,0.1798137988840865,0.3442121269855284,0.09803921729326248,-0.14705882593989372,0.2450980432331562,2753
pixel_344,intensidad original,12449,0,0,12449,256,0.0,0.0,0.0,0.0,0.6196078658103943,1.0,1.0,0.27018596880702445,0.40025414706681806,0.6196078658103943,-0.9294117987155914,1.5490196645259857,0
pixel_345,intensidad original,12449,0,0,12449,256,0.0,0.0,0.0,0.0,0.8549019694328308,1.0,1.0,0.3377800275404367,0.4235358386755106,0.8549019694328308,-1.2823529541492462,2.137254923582077,0
pixel_346,intensidad original,12449,0,0,12449,256,0.0,0.0,0.0,0.0,0.8784313797950745,1.0,1.0,0.35134943009263875,0.42524537379389227,0.8784313797950745,-1.3176470696926117,2.196078449487686,0
pixel_347,intensidad original,12449,0,0,12449,256,0.0,0.0,0.0,0.0,0.7529411911964417,1.0,1.0,0.30690645546246825,0.40977920672504164,0.7529411911964417,-1.1294117867946625,1.8823529779911041,0
pixel_348,intensidad original,12449,0,0,12449,256,0.0,0.0,0.0,0.0,0.5137255191802979,1.0,1.0,0.2581598042933955,0.3854189099308216,0.5137255191802979,-0.7705882787704468,1.2843137979507446,0
pixel_349,intensidad original,12449,0,0,12449,256,0.0,0.0,0.0,0.0,0.5647059082984924,1.0,1.0,0.2697008528224633,0.3874824998156491,0.5647059082984924,-0.8470588624477386,1.411764770746231,0
pixel_350,intensidad original,12449,0,0,12449,256,0.0,0.0,0.0,0.0,0.8666666746139526,1.0,1.0,0.3284648448256965,0.4248041315469909,0.8666666746139526,-1.300000011920929,2.1666666865348816,0
pixel_351,intensidad original,12449,0,0,12449,256,0.0,0.0,0.0,0.0941176488995552,0.9686274528503418,1.0,1.0,0.3867604166874673,0.4359068689949834,0.9686274528503418,-1.4529411792755127,2.4215686321258545,0
pixel_352,intensidad original,12449,0,0,12449,256,0.0,0.0,0.0,0.3176470696926117,0.9764705896377563,1.0,1.0,0.43814811857567,0.431326468135878,0.9764705896377563,-1.4647058844566345,2.441176474094391,0
pixel_353,intensidad original,12449,0,0,12449,256,0.0,0.0,0.0,0.3843137323856354,0.9882352948188782,1.0,1.0,0.4599178802783919,0.43576161833299704,0.9882352948188782,-1.4823529422283173,2.4705882370471954,0
pixel_354,intensidad original,12449,0,0,12449,256,0.0,0.0,0.0,0.2549019753932953,0.9843137264251709,1.0,1.0,0.4269850828579532,0.43656719414974043,0.9843137264251709,-1.4764705896377563,2.4607843160629272,0
pixel_355,intensidad original,12449,0,0,12449,256,0.0,0.0,0.0,0.0,0.8509804010391235,1.0,1.0,0.34130972297764917,0.42153413233024545,0.8509804010391235,-1.2764706015586853,2.127451002597809,0
pixel_356,intensidad original,12449,0,0,12449,256,0.0,0.0,0.0,0.0,0.4588235318660736,1.0,1.0,0.24457748625387835,0.3822723316726106,0.4588235318660736,-0.6882352977991104,1.147058829665184,0
pixel_357,intensidad original,12449,0,0,12449,255,0.0,0.0,0.0,0.0,0.0235294122248888,0.9960784316062927,1.0,0.16371170998963086,0.33327183369120494,0.0235294122248888,-0.0352941183373332,0.058823530562222004,2955
pixel_358,intensidad original,12449,0,0,12449,251,0.0,0.0,0.0,0.0,0.0,0.9960784316062927,1.0,0.10361931677449114,0.27691185153326336,0.0,0.0,0.0,2026
pixel_359,intensidad original,12449,0,0,12449,236,0.0,0.0,0.0,0.0,0.0,0.9921568632125854,1.0,0.05634030038553733,0.20724379068785845,0.0,0.0,0.0,1155
pixel_360,intensidad original,12449,0,0,12449,183,0.0,0.0,0.0,0.0,0.0,0.8255686378479021,1.0,0.01889434409548423,0.11706118751099942,0.0,0.0,0.0,467
pixel_361,intensidad original,12449,0,0,12449,41,0.0,0.0,0.0,0.0,0.0,0.0,0.9921568632125854,0.00140337285044294,0.02906676827747441,0.0,0.0,0.0,50
pixel_362,intensidad original,12449,0,0,12449,7,0.0,0.0,0.0,0.0,0.0,0.0,0.4313725531101227,8.599793135070094e-05,0.005573599978832015,0.0,0.0,0.0,6
pixel_363,intensidad original,12449,0,0,12449,1,0.0,0.0,0.0,0.0,0.0,0.0,0.0,0.0,0.0,0.0,0.0,0.0,0
pixel_364,intensidad original,12449,0,0,12449,2,0.0,0.0,0.0,0.0,0.0,0.0,0.125490203499794,1.008034408384561e-05,0.0011246700925573157,0.0,0.0,0.0,1
pixel_365,intensidad original,12449,0,0,12449,5,0.0,0.0,0.0,0.0,0.0,0.0,0.14901961386203766,3.2446106734362194e-05,0.0020512771718167403,0.0,0.0,0.0,4
pixel_366,intensidad original,12449,0,0,12449,19,0.0,0.0,0.0,0.0,0.0,0.0,0.9960784316062927,0.0007560257685088482,0.02388006553102665,0.0,0.0,0.0,19
pixel_367,intensidad original,12449,0,0,12449,49,0.0,0.0,0.0,0.0,0.0,0.0,1.0,0.0026174242175018483,0.045261807525886474,0.0,0.0,0.0,68
pixel_368,intensidad original,12449,0,0,12449,149,0.0,0.0,0.0,0.0,0.0,0.5866666913032618,1.0,0.012236277115415983,0.09502071037825457,0.0,0.0,0.0,307
pixel_369,intensidad original,12449,0,0,12449,241,0.0,0.0,0.0,0.0,0.0,0.9921568632125854,1.0,0.047070164518401354,0.18493106894334257,0.0,0.0,0.0,1108
pixel_370,intensidad original,12449,0,0,12449,252,0.0,0.0,0.0,0.0,0.0,0.9960784316062927,1.0,0.11237756042278982,0.28319337514350085,0.0,0.0,0.0,2264
pixel_371,intensidad original,12449,0,0,12449,256,0.0,0.0,0.0,0.0,0.2078431397676468,0.9960784316062927,1.0,0.20123673399699513,0.36084004408794973,0.2078431397676468,-0.3117647096514702,0.519607849419117,2472
pixel_372,intensidad original,12449,0,0,12449,256,0.0,0.0,0.0,0.0,0.7254902124404907,1.0,1.0,0.2913332694800446,0.4103637639659087,0.7254902124404907,-1.088235318660736,1.8137255311012268,0
pixel_373,intensidad original,12449,0,0,12449,256,0.0,0.0,0.0,0.0,0.886274516582489,1.0,1.0,0.3513195040374001,0.42708929516430544,0.886274516582489,-1.3294117748737335,2.2156862914562225,0
pixel_374,intensidad original,12449,0,0,12449,256,0.0,0.0,0.0,0.0,0.8823529481887817,1.0,1.0,0.35252505013325247,0.42549177505101693,0.8823529481887817,-1.3235294222831726,2.2058823704719543,0
pixel_375,intensidad original,12449,0,0,12449,256,0.0,0.0,0.0,0.0,0.7450980544090271,1.0,1.0,0.30513578014209936,0.4092770050686077,0.7450980544090271,-1.1176470816135406,1.8627451360225677,0
pixel_376,intensidad original,12449,0,0,12449,256,0.0,0.0,0.0,0.0,0.6000000238418579,1.0,1.0,0.27706170854950124,0.39285141752945946,0.6000000238418579,-0.9000000357627869,1.5000000596046448,0
pixel_377,intensidad original,12449,0,0,12449,256,0.0,0.0,0.0,0.0,0.7686274647712708,1.0,1.0,0.3248595476174976,0.41048733051390857,0.7686274647712708,-1.1529411971569061,1.9215686619281769,0
pixel_378,intensidad original,12449,0,0,12449,256,0.0,0.0,0.0,0.09803921729326248,0.9882352948188782,1.0,1.0,0.400974330836224,0.4439442527453193,0.9882352948188782,-1.4823529422283173,2.4705882370471954,0
pixel_379,intensidad original,12449,0,0,12449,256,0.0,0.0,0.0,0.40392157435417175,0.9882352948188782,1.0,1.0,0.46389079551761675,0.4384767487407828,0.9882352948188782,-1.4823529422283173,2.4705882370471954,0
pixel_380,intensidad original,12449,0,0,12449,256,0.0,0.0,0.0,0.5137255191802979,0.9882352948188782,1.0,1.0,0.4971738851499251,0.4309990817829121,0.9882352948188782,-1.4823529422283173,2.4705882370471954,0
pixel_381,intensidad original,12449,0,0,12449,256,0.0,0.0,0.0,0.5254902243614197,0.9882352948188782,1.0,1.0,0.4980017327969414,0.4416495118699011,0.9882352948188782,-1.4823529422283173,2.4705882370471954,0
pixel_382,intensidad original,12449,0,0,12449,256,0.0,0.0,0.0,0.30980393290519714,0.9882352948188782,1.0,1.0,0.4406968700512555,0.4389480578137811,0.9882352948188782,-1.4823529422283173,2.4705882370471954,0
pixel_383,intensidad original,12449,0,0,12449,256,0.0,0.0,0.0,0.0,0.8196078538894653,1.0,1.0,0.33672852201192177,0.41658693660955304,0.8196078538894653,-1.229411780834198,2.0490196347236633,0
pixel_384,intensidad original,12449,0,0,12449,256,0.0,0.0,0.0,0.0,0.41960784792900085,1.0,1.0,0.23625301264400148,0.37585001241652477,0.41960784792900085,-0.6294117718935013,1.0490196198225021,0
pixel_385,intensidad original,12449,0,0,12449,256,0.0,0.0,0.0,0.0,0.0235294122248888,0.9960784316062927,1.0,0.1628460605897809,0.33120751089550277,0.0235294122248888,-0.0352941183373332,0.058823530562222004,2958
pixel_386,intensidad original,12449,0,0,12449,248,0.0,0.0,0.0,0.0,0.0,0.9960784316062927,1.0,0.10630950846417772,0.2792637399570301,0.0,0.0,0.0,2107
pixel_387,intensidad original,12449,0,0,12449,222,0.0,0.0,0.0,0.0,0.0,0.9921568632125854,1.0,0.06166933701062498,0.21718297739148137,0.0,0.0,0.0,1230
pixel_388,intensidad original,12449,0,0,12449,187,0.0,0.0,0.0,0.0,0.0,0.9607843160629272,1.0,0.023024134852115716,0.13007961384625252,0.0,0.0,0.0,526
pixel_389,intensidad original,12449,0,0,12449,56,0.0,0.0,0.0,0.0,0.0,0.0,0.9921568632125854,0.0023849463166682626,0.03933207778607611,0.0,0.0,0.0,68
pixel_390,intensidad original,12449,0,0,12449,11,0.0,0.0,0.0,0.0,0.0,0.0,0.8941176533699036,0.0003512369752940485,0.014766536636169288,0.0,0.0,0.0,10
pixel_391,intensidad original,12449,0,0,12449,2,0.0,0.0,0.0,0.0,0.0,0.0,0.27450981736183167,2.205075245897917e-05,0.002460215802428992,0.0,0.0,0.0,1
pixel_392,intensidad original,12449,0,0,12449,2,0.0,0.0,0.0,0.0,0.0,0.0,0.4431372582912445,3.5596213213209454e-05,0.003971491059848567,0.0,0.0,0.0,1
pixel_393,intensidad original,12449,0,0,12449,2,0.0,0.0,0.0,0.0,0.0,0.0,0.007843137718737125,6.300215052403507e-07,7.029188078483223e-05,0.0,0.0,0.0,1
pixel_394,intensidad original,12449,0,0,12449,12,0.0,0.0,0.0,0.0,0.0,0.0,0.9960784316062927,0.0003758078131755008,0.015316047263935376,0.0,0.0,0.0,11
pixel_395,intensidad original,12449,0,0,12449,47,0.0,0.0,0.0,0.0,0.0,0.0,0.9960784316062927,0.0018985697178395865,0.035199840877647375,0.0,0.0,0.0,57
pixel_396,intensidad original,12449,0,0,12449,151,0.0,0.0,0.0,0.0,0.0,0.5863529658317583,1.0,0.01349064988570484,0.09785705059943575,0.0,0.0,0.0,366
pixel_397,intensidad original,12449,0,0,12449,241,0.0,0.0,0.0,0.0,0.0,0.9960784316062927,1.0,0.0562766683019721,0.2030229856196611,0.0,0.0,0.0,1264
pixel_398,intensidad original,12449,0,0,12449,255,0.0,0.0,0.0,0.0,0.0,0.9960784316062927,1.0,0.12750658101981036,0.3006802333670889,0.0,0.0,0.0,2499
pixel_399,intensidad original,12449,0,0,12449,256,0.0,0.0,0.0,0.0,0.2980392277240753,0.9960784316062927,1.0,0.21733252243805043,0.37296076347052487,0.2980392277240753,-0.447058841586113,0.7450980693101883,2199
pixel_400,intensidad original,12449,0,0,12449,256,0.0,0.0,0.0,0.0,0.772549033164978,1.0,1.0,0.30730399880062254,0.4161644681785587,0.772549033164978,-1.158823549747467,1.931372582912445,0
pixel_401,intensidad original,12449,0,0,12449,256,0.0,0.0,0.0,0.0,0.9176470637321472,1.0,1.0,0.36375203261447264,0.43200379901508923,0.9176470637321472,-1.3764705955982208,2.294117659330368,0
pixel_402,intensidad original,12449,0,0,12449,256,0.0,0.0,0.0,0.0117647061124444,0.8980392217636108,1.0,1.0,0.36028848964246213,0.4290792490332669,0.8980392217636108,-1.3470588326454163,2.245098054409027,0
pixel_403,intensidad original,12449,0,0,12449,256,0.0,0.0,0.0,0.0,0.7960784435272217,1.0,1.0,0.3272048023988915,0.41497785419955197,0.7960784435272217,-1.1941176652908325,1.9901961088180542,0
pixel_404,intensidad original,12449,0,0,12449,256,0.0,0.0,0.0,0.027450980618596077,0.7647058963775635,1.0,1.0,0.329152829063589,0.40777448180851467,0.7647058963775635,-1.1470588445663452,1.9117647409439087,0
pixel_405,intensidad original,12449,0,0,12449,256,0.0,0.0,0.0,0.2078431397676468,0.9450980424880981,1.0,1.0,0.4073627492926802,0.43098506823192756,0.9450980424880981,-1.4176470637321472,2.3627451062202454,0
pixel_406,intensidad original,12449,0,0,12449,256,0.0,0.0,0.0,0.43921568989753723,0.9921568632125854,1.0,1.0,0.4802855286970603,0.4475057187233764,0.9921568632125854,-1.4882352948188782,2.4803921580314636,0
pixel_407,intensidad original,12449,0,0,12449,256,0.0,0.0,0.0,0.6235294342041016,0.9921568632125854,1.0,1.0,0.5292460730381496,0.4309796638831895,0.9921568632125854,-1.4882352948188782,2.4803921580314636,0
pixel_408,intensidad original,12449,0,0,12449,256,0.0,0.0,0.0,0.6235294342041016,0.9921568632125854,1.0,1.0,0.5304342933685227,0.4327912383064342,0.9921568632125854,-1.4882352948188782,2.4803921580314636,0
pixel_409,intensidad original,12449,0,0,12449,256,0.0,0.0,0.0,0.5843137502670288,0.9921568632125854,1.0,1.0,0.5128273979064739,0.44270204711666394,0.9921568632125854,-1.4882352948188782,2.4803921580314636,0
pixel_410,intensidad original,12449,0,0,12449,256,0.0,0.0,0.0,0.30980393290519714,0.9882352948188782,1.0,1.0,0.4421569448133054,0.43942384629987336,0.9882352948188782,-1.4823529422283173,2.4705882370471954,0
pixel_411,intensidad original,12449,0,0,12449,256,0.0,0.0,0.0,0.0,0.8235294222831726,1.0,1.0,0.33841351448066836,0.417515813766692,0.8235294222831726,-1.235294133424759,2.0588235557079315,0
pixel_412,intensidad original,12449,0,0,12449,256,0.0,0.0,0.0,0.0,0.4627451002597809,1.0,1.0,0.24247447458373472,0.3813515489020127,0.4627451002597809,-0.6941176503896713,1.1568627506494522,0
pixel_413,intensidad original,12449,0,0,12449,254,0.0,0.0,0.0,0.0,0.05098039284348488,0.9960784316062927,1.0,0.1705461829885106,0.33780941785574253,0.05098039284348488,-0.07647058926522732,0.1274509821087122,2847
pixel_414,intensidad original,12449,0,0,12449,253,0.0,0.0,0.0,0.0,0.0,0.9960784316062927,1.0,0.11423517858703221,0.28931826843727726,0.0,0.0,0.0,2215
pixel_415,intensidad original,12449,0,0,12449,232,0.0,0.0,0.0,0.0,0.0,0.9921568632125854,1.0,0.06648648119715532,0.22456421768158963,0.0,0.0,0.0,1317
pixel_416,intensidad original,12449,0,0,12449,201,0.0,0.0,0.0,0.0,0.0,0.9882352948188782,1.0,0.026124470535092998,0.13961975392528564,0.0,0.0,0.0,598
pixel_417,intensidad original,12449,0,0,12449,77,0.0,0.0,0.0,0.0,0.0,0.0,1.0,0.0034742534461503997,0.04957822545173314,0.0,0.0,0.0,98
pixel_418,intensidad original,12449,0,0,12449,15,0.0,0.0,0.0,0.0,0.0,0.0,0.8392156958580017,0.0004992920243124357,0.016505159938241032,0.0,0.0,0.0,14
pixel_419,intensidad original,12449,0,0,12449,3,0.0,0.0,0.0,0.0,0.0,0.0,0.20392157137393951,3.2446106061062874e-05,0.0025597667939008,0.0,0.0,0.0,2
pixel_420,intensidad original,12449,0,0,12449,2,0.0,0.0,0.0,0.0,0.0,0.0,0.14509804546833038,1.1655397659918899e-05,0.0013003997736526153,0.0,0.0,0.0,1
pixel_421,intensidad original,12449,0,0,12449,1,0.0,0.0,0.0,0.0,0.0,0.0,0.0,0.0,0.0,0.0,0.0,0.0,0
pixel_422,intensidad original,12449,0,0,12449,16,0.0,0.0,0.0,0.0,0.0,0.0,0.9960784316062927,0.000375807811529658,0.013954988630870862,0.0,0.0,0.0,15
pixel_423,intensidad original,12449,0,0,12449,50,0.0,0.0,0.0,0.0,0.0,0.0,0.9960784316062927,0.0019095951058518141,0.03598677005137198,0.0,0.0,0.0,63
pixel_424,intensidad original,12449,0,0,12449,171,0.0,0.0,0.0,0.0,0.0,0.7295686435699497,1.0,0.01658153526809796,0.10868002454659977,0.0,0.0,0.0,422
pixel_425,intensidad original,12449,0,0,12449,245,0.0,0.0,0.0,0.0,0.0,0.9960784316062927,1.0,0.06669438837243623,0.2209541000726923,0.0,0.0,0.0,1472
pixel_426,intensidad original,12449,0,0,12449,251,0.0,0.0,0.0,0.0,0.0,0.9960784316062927,1.0,0.13928262731159885,0.31374483813956267,0.0,0.0,0.0,2680
pixel_427,intensidad original,12449,0,0,12449,256,0.0,0.0,0.0,0.0,0.3529411852359772,1.0,1.0,0.2252216513423658,0.3773671224260729,0.3529411852359772,-0.5294117778539658,0.8823529630899429,1957
pixel_428,intensidad original,12449,0,0,12449,256,0.0,0.0,0.0,0.0,0.7764706015586853,1.0,1.0,0.30857380707961074,0.41661628580773963,0.7764706015586853,-1.164705902338028,1.9411765038967133,0
pixel_429,intensidad original,12449,0,0,12449,256,0.0,0.0,0.0,0.0,0.9098039269447327,1.0,1.0,0.3588063640041784,0.43164382693137754,0.9098039269447327,-1.364705890417099,2.2745098173618317,0
pixel_430,intensidad original,12449,0,0,12449,256,0.0,0.0,0.0,0.01568627543747425,0.9137254953384399,1.0,1.0,0.3617750252984181,0.42965891409145746,0.9137254953384399,-1.37058824300766,2.2843137383461,0
pixel_431,intensidad original,12449,0,0,12449,256,0.0,0.0,0.0,0.01568627543747425,0.8627451062202454,1.0,1.0,0.3501757002100546,0.42314691406580135,0.8627451062202454,-1.294117659330368,2.1568627655506134,0
pixel_432,intensidad original,12449,0,0,12449,256,0.0,0.0,0.0,0.11372549086809158,0.8941176533699036,1.0,1.0,0.3777214992615309,0.4235795297552572,0.8941176533699036,-1.3411764800548553,2.235294133424759,0
pixel_433,intensidad original,12449,0,0,12449,256,0.0,0.0,0.0,0.37254902720451355,0.9882352948188782,1.0,1.0,0.456335893024562,0.44078775271129705,0.9882352948188782,-1.4823529422283173,2.4705882370471954,0
pixel_434,intensidad original,12449,0,0,12449,256,0.0,0.0,0.0,0.5843137502670288,0.9921568632125854,1.0,1.0,0.5155005790748067,0.4421286244509591,0.9921568632125854,-1.4882352948188782,2.4803921580314636,0
pixel_435,intensidad original,12449,0,0,12449,256,0.0,0.0,0.0,0.6392157077789307,0.9921568632125854,1.0,1.0,0.5362950682338063,0.4298744049901141,0.9921568632125854,-1.4882352948188782,2.4803921580314636,0
pixel_436,intensidad original,12449,0,0,12449,256,0.0,0.0,0.0,0.5921568870544434,0.9921568632125854,1.0,1.0,0.5177444005606482,0.4404858515195157,0.9921568632125854,-1.4882352948188782,2.4803921580314636,0
pixel_437,intensidad original,12449,0,0,12449,256,0.0,0.0,0.0,0.501960813999176,0.9882352948188782,1.0,1.0,0.49191919039637577,0.4439988194257473,0.9882352948188782,-1.4823529422283173,2.4705882370471954,0
pixel_438,intensidad original,12449,0,0,12449,256,0.0,0.0,0.0,0.24705882370471954,0.9725490212440491,1.0,1.0,0.4212783484470423,0.4337887574087478,0.9725490212440491,-1.4588235318660736,2.4313725531101227,0
pixel_439,intensidad original,12449,0,0,12449,256,0.0,0.0,0.0,0.0,0.8235294222831726,1.0,1.0,0.3334420149600441,0.41767062385577364,0.8235294222831726,-1.235294133424759,2.0588235557079315,0
pixel_440,intensidad original,12449,0,0,12449,256,0.0,0.0,0.0,0.0,0.5098039507865906,1.0,1.0,0.2513999887966161,0.38694681080525517,0.5098039507865906,-0.7647059261798859,1.2745098769664764,0
pixel_441,intensidad original,12449,0,0,12449,256,0.0,0.0,0.0,0.0,0.08627451211214066,0.9960784316062927,1.0,0.18090279091577338,0.3467638031210053,0.08627451211214066,-0.12941176816821098,0.21568628028035164,2782
pixel_442,intensidad original,12449,0,0,12449,255,0.0,0.0,0.0,0.0,0.0,0.9960784316062927,1.0,0.12144986960027121,0.2957019528194326,0.0,0.0,0.0,2319
pixel_443,intensidad original,12449,0,0,12449,248,0.0,0.0,0.0,0.0,0.0,0.9921568632125854,1.0,0.06800357293251102,0.22544356828229198,0.0,0.0,0.0,1386
pixel_444,intensidad original,12449,0,0,12449,209,0.0,0.0,0.0,0.0,0.0,0.9843137264251709,1.0,0.026923967804183695,0.1413153153840721,0.0,0.0,0.0,615
pixel_445,intensidad original,12449,0,0,12449,92,0.0,0.0,0.0,0.0,0.0,0.021647059395911022,0.9960784316062927,0.005071042876632872,0.0601491367248405,0.0,0.0,0.0,132
pixel_446,intensidad original,12449,0,0,12449,19,0.0,0.0,0.0,0.0,0.0,0.0,0.9921568632125854,0.0008921104131918977,0.025547113564705716,0.0,0.0,0.0,20
pixel_447,intensidad original,12449,0,0,12449,3,0.0,0.0,0.0,0.0,0.0,0.0,0.7450980544090271,0.00011088378133137204,0.008775164363612524,0.0,0.0,0.0,2
pixel_448,intensidad original,12449,0,0,12449,1,0.0,0.0,0.0,0.0,0.0,0.0,0.0,0.0,0.0,0.0,0.0,0.0,0
pixel_449,intensidad original,12449,0,0,12449,1,0.0,0.0,0.0,0.0,0.0,0.0,0.0,0.0,0.0,0.0,0.0,0.0,0
pixel_450,intensidad original,12449,0,0,12449,15,0.0,0.0,0.0,0.0,0.0,0.0,0.9960784316062927,0.00048732161488994764,0.018048592594696263,0.0,0.0,0.0,15
pixel_451,intensidad original,12449,0,0,12449,66,0.0,0.0,0.0,0.0,0.0,0.0,1.0,0.0024841746995541997,0.040047263487291596,0.0,0.0,0.0,84
pixel_452,intensidad original,12449,0,0,12449,190,0.0,0.0,0.0,0.0,0.0,0.8922353005409258,1.0,0.020607372492411756,0.12218285821603557,0.0,0.0,0.0,526
pixel_453,intensidad original,12449,0,0,12449,248,0.0,0.0,0.0,0.0,0.0,0.9960784316062927,1.0,0.07515179666883018,0.23296715380196403,0.0,0.0,0.0,1611
pixel_454,intensidad original,12449,0,0,12449,254,0.0,0.0,0.0,0.0,0.0,0.9960784316062927,1.0,0.14737966321415483,0.32325350800320674,0.0,0.0,0.0,2770
pixel_455,intensidad original,12449,0,0,12449,256,0.0,0.0,0.0,0.0,0.32549020648002625,0.9960784316062927,1.0,0.22082599147749382,0.37604414844988937,0.32549020648002625,-0.48823530972003937,0.8137255162000656,2111
pixel_456,intensidad original,12449,0,0,12449,256,0.0,0.0,0.0,0.0,0.6980392336845398,1.0,1.0,0.28810850465227344,0.40811838249684795,0.6980392336845398,-1.0470588505268097,1.7450980842113495,0
pixel_457,intensidad original,12449,0,0,12449,256,0.0,0.0,0.0,0.0,0.8313725590705872,1.0,1.0,0.3287247289267643,0.4209685954921897,0.8313725590705872,-1.2470588386058807,2.078431397676468,0
pixel_458,intensidad original,12449,0,0,12449,256,0.0,0.0,0.0,0.0,0.8313725590705872,1.0,1.0,0.33454045726878706,0.42074534274106884,0.8313725590705872,-1.2470588386058807,2.078431397676468,0
pixel_459,intensidad original,12449,0,0,12449,256,0.0,0.0,0.0,0.0,0.8352941274642944,1.0,1.0,0.3395925994825325,0.41967665022822037,0.8352941274642944,-1.2529411911964417,2.088235318660736,0
pixel_460,intensidad original,12449,0,0,12449,256,0.0,0.0,0.0,0.0941176488995552,0.9176470637321472,1.0,1.0,0.3789843770277591,0.4284276042822787,0.9176470637321472,-1.3764705955982208,2.294117659330368,0
pixel_461,intensidad original,12449,0,0,12449,256,0.0,0.0,0.0,0.30588236451148987,0.9882352948188782,1.0,1.0,0.443275232816857,0.44118868612394496,0.9882352948188782,-1.4823529422283173,2.4705882370471954,0
pixel_462,intensidad original,12449,0,0,12449,256,0.0,0.0,0.0,0.501960813999176,0.9921568632125854,1.0,1.0,0.4922049052190628,0.44252535201466164,0.9921568632125854,-1.4882352948188782,2.4803921580314636,0
pixel_463,intensidad original,12449,0,0,12449,256,0.0,0.0,0.0,0.5254902243614197,0.9921568632125854,1.0,1.0,0.5006922397090958,0.4379572563503312,0.9921568632125854,-1.4882352948188782,2.4803921580314636,0
pixel_464,intensidad original,12449,0,0,12449,256,0.0,0.0,0.0,0.45098039507865906,0.9882352948188782,1.0,1.0,0.4798892456273595,0.44091595112007476,0.9882352948188782,-1.4823529422283173,2.4705882370471954,0
pixel_465,intensidad original,12449,0,0,12449,256,0.0,0.0,0.0,0.33725491166114807,0.9882352948188782,1.0,1.0,0.44942014738107894,0.4390802434727069,0.9882352948188782,-1.4823529422283173,2.4705882370471954,0
pixel_466,intensidad original,12449,0,0,12449,256,0.0,0.0,0.0,0.1568627506494522,0.929411768913269,1.0,1.0,0.39317655582622074,0.42911494809887557,0.929411768913269,-1.3941176533699036,2.3235294222831726,0
pixel_467,intensidad original,12449,0,0,12449,256,0.0,0.0,0.0,0.0,0.7882353067398071,1.0,1.0,0.32407076054447415,0.4148071249254516,0.7882353067398071,-1.1823529601097107,1.9705882668495178,0
pixel_468,intensidad original,12449,0,0,12449,256,0.0,0.0,0.0,0.0,0.5176470875740051,1.0,1.0,0.252768710357104,0.3892205626820297,0.5176470875740051,-0.7764706313610077,1.2941177189350128,0
pixel_469,intensidad original,12449,0,0,12449,255,0.0,0.0,0.0,0.0,0.10588235408067703,0.9960784316062927,1.0,0.1826977221282071,0.3483264872751863,0.10588235408067703,-0.15882353112101555,0.2647058852016926,2694
pixel_470,intensidad original,12449,0,0,12449,253,0.0,0.0,0.0,0.0,0.0,0.9960784316062927,1.0,0.1188315003430678,0.29219881101937095,0.0,0.0,0.0,2315
pixel_471,intensidad original,12449,0,0,12449,245,0.0,0.0,0.0,0.0,0.0,0.9921568632125854,1.0,0.06316059793170797,0.2160180945083371,0.0,0.0,0.0,1357
pixel_472,intensidad original,12449,0,0,12449,206,0.0,0.0,0.0,0.0,0.0,0.9353725528717058,1.0,0.02471857765058536,0.13295682054286434,0.0,0.0,0.0,611
pixel_473,intensidad original,12449,0,0,12449,100,0.0,0.0,0.0,0.0,0.0,0.03937255039811477,1.0,0.0058563646361954776,0.06639379790003123,0.0,0.0,0.0,140
pixel_474,intensidad original,12449,0,0,12449,30,0.0,0.0,0.0,0.0,0.0,0.0,0.9921568632125854,0.0010559160022352468,0.026138984344887733,0.0,0.0,0.0,32
pixel_475,intensidad original,12449,0,0,12449,2,0.0,0.0,0.0,0.0,0.0,0.0,0.04313725605607033,3.4651181666053763e-06,0.0003866053317965087,0.0,0.0,0.0,1
pixel_476,intensidad original,12449,0,0,12449,1,0.0,0.0,0.0,0.0,0.0,0.0,0.0,0.0,0.0,0.0,0.0,0.0,0
pixel_477,intensidad original,12449,0,0,12449,2,0.0,0.0,0.0,0.0,0.0,0.0,0.27843138575553894,2.2365763174193827e-05,0.0024953617386480505,0.0,0.0,0.0,1
pixel_478,intensidad original,12449,0,0,12449,12,0.0,0.0,0.0,0.0,0.0,0.0,0.9960784316062927,0.000497086944817271,0.019111562915999407,0.0,0.0,0.0,12
pixel_479,intensidad original,12449,0,0,12449,83,0.0,0.0,0.0,0.0,0.0,0.0,1.0,0.004378019250194412,0.056053008797719364,0.0,0.0,0.0,120
pixel_480,intensidad original,12449,0,0,12449,192,0.0,0.0,0.0,0.0,0.0,0.9882352948188782,1.0,0.026587851335925877,0.14044232464841344,0.0,0.0,0.0,619
pixel_481,intensidad original,12449,0,0,12449,252,0.0,0.0,0.0,0.0,0.0,0.9960784316062927,1.0,0.082136844654399,0.24611306071858027,0.0,0.0,0.0,1684
pixel_482,intensidad original,12449,0,0,12449,255,0.0,0.0,0.0,0.0,0.0,0.9960784316062927,1.0,0.147025276164214,0.3221510853532297,0.0,0.0,0.0,2760
pixel_483,intensidad original,12449,0,0,12449,256,0.0,0.0,0.0,0.0,0.2549019753932953,0.9960784316062927,1.0,0.21017106843666253,0.3688985893400577,0.2549019753932953,-0.38235296308994293,0.6372549384832382,2366
pixel_484,intensidad original,12449,0,0,12449,256,0.0,0.0,0.0,0.0,0.529411792755127,1.0,1.0,0.2560526971324171,0.3939687551149435,0.529411792755127,-0.7941176891326904,1.3235294818878174,0
pixel_485,intensidad original,12449,0,0,12449,256,0.0,0.0,0.0,0.0,0.658823549747467,1.0,1.0,0.28051611592360837,0.40344714684273,0.658823549747467,-0.9882353246212006,1.6470588743686676,0
pixel_486,intensidad original,12449,0,0,12449,256,0.0,0.0,0.0,0.0,0.6666666865348816,1.0,1.0,0.2851429937198801,0.40257003969625665,0.6666666865348816,-1.0000000298023224,1.666666716337204,0
pixel_487,intensidad original,12449,0,0,12449,256,0.0,0.0,0.0,0.0,0.7215686440467834,1.0,1.0,0.3003422618242209,0.4075715267103067,0.7215686440467834,-1.0823529660701752,1.8039216101169586,0
pixel_488,intensidad original,12449,0,0,12449,256,0.0,0.0,0.0,0.0,0.8392156958580017,1.0,1.0,0.3382522287607314,0.42069774109590796,0.8392156958580017,-1.2588235437870026,2.0980392396450043,0
pixel_489,intensidad original,12449,0,0,12449,256,0.0,0.0,0.0,0.1568627506494522,0.9686274528503418,1.0,1.0,0.4005673373957722,0.4351558633029858,0.9686274528503418,-1.4529411792755127,2.4215686321258545,0
pixel_490,intensidad original,12449,0,0,12449,256,0.0,0.0,0.0,0.33725491166114807,0.9882352948188782,1.0,1.0,0.45213490970695647,0.44120685695554906,0.9882352948188782,-1.4823529422283173,2.4705882370471954,0
pixel_491,intensidad original,12449,0,0,12449,256,0.0,0.0,0.0,0.3921568691730499,0.9882352948188782,1.0,1.0,0.4640127045263785,0.4404956421476097,0.9882352948188782,-1.4823529422283173,2.4705882370471954,0
pixel_492,intensidad original,12449,0,0,12449,256,0.0,0.0,0.0,0.32156863808631897,0.9882352948188782,1.0,1.0,0.4453483185684043,0.4373070438692653,0.9882352948188782,-1.4823529422283173,2.4705882370471954,0
pixel_493,intensidad original,12449,0,0,12449,256,0.0,0.0,0.0,0.23137255012989044,0.9803921580314636,1.0,1.0,0.41985355481181913,0.43490529889641755,0.9803921580314636,-1.4705882370471954,2.450980395078659,0
pixel_494,intensidad original,12449,0,0,12449,256,0.0,0.0,0.0,0.09019608050584793,0.9137254953384399,1.0,1.0,0.37795334691238636,0.4284259932690729,0.9137254953384399,-1.37058824300766,2.2843137383461,0
pixel_495,intensidad original,12449,0,0,12449,256,0.0,0.0,0.0,0.0,0.7921568751335144,1.0,1.0,0.31878519528916127,0.4158364950197547,0.7921568751335144,-1.1882353127002716,1.980392187833786,0
pixel_496,intensidad original,12449,0,0,12449,256,0.0,0.0,0.0,0.0,0.49803921580314636,1.0,1.0,0.24644077466874872,0.38609085126969034,0.49803921580314636,-0.7470588237047195,1.245098039507866,0
pixel_497,intensidad original,12449,0,0,12449,254,0.0,0.0,0.0,0.0,0.054901961237192154,0.9960784316062927,1.0,0.17333087783968315,0.3412631584893981,0.054901961237192154,-0.08235294185578823,0.13725490309298038,2869
pixel_498,intensidad original,12449,0,0,12449,254,0.0,0.0,0.0,0.0,0.0,0.9960784316062927,1.0,0.10733644362496111,0.2768606962611317,0.0,0.0,0.0,2185
pixel_499,intensidad original,12449,0,0,12449,244,0.0,0.0,0.0,0.0,0.0,0.9921568632125854,1.0,0.05486636527298747,0.19976668657522328,0.0,0.0,0.0,1258
pixel_500,intensidad original,12449,0,0,12449,201,0.0,0.0,0.0,0.0,0.0,0.8490980482101458,1.0,0.021483732400552853,0.12238969766382718,0.0,0.0,0.0,573
pixel_501,intensidad original,12449,0,0,12449,107,0.0,0.0,0.0,0.0,0.0,0.12172549426555976,1.0,0.006059861589046293,0.06540364506627115,0.0,0.0,0.0,155
pixel_502,intensidad original,12449,0,0,12449,26,0.0,0.0,0.0,0.0,0.0,0.0,0.9803921580314636,0.0009431421563133426,0.02459314996304435,0.0,0.0,0.0,30
pixel_503,intensidad original,12449,0,0,12449,1,0.0,0.0,0.0,0.0,0.0,0.0,0.0,0.0,0.0,0.0,0.0,0.0,0
pixel_504,intensidad original,12449,0,0,12449,1,0.0,0.0,0.0,0.0,0.0,0.0,0.0,0.0,0.0,0.0,0.0,0.0,0
pixel_505,intensidad original,12449,0,0,12449,2,0.0,0.0,0.0,0.0,0.0,0.0,0.07058823853731155,5.670193472352121e-06,0.000632626918716778,0.0,0.0,0.0,1
pixel_506,intensidad original,12449,0,0,12449,23,0.0,0.0,0.0,0.0,0.0,0.0,1.0,0.0006460870271782788,0.02043204368541278,0.0,0.0,0.0,22
pixel_507,intensidad original,12449,0,0,12449,105,0.0,0.0,0.0,0.0,0.0,0.19058823883534334,1.0,0.0068804645558948,0.07092972008284062,0.0,0.0,0.0,171
pixel_508,intensidad original,12449,0,0,12449,208,0.0,0.0,0.0,0.0,0.0,0.9921568632125854,1.0,0.03288523096998057,0.15746030074530923,0.0,0.0,0.0,719
pixel_509,intensidad original,12449,0,0,12449,247,0.0,0.0,0.0,0.0,0.0,0.9960784316062927,1.0,0.08645028662919838,0.25406503937302943,0.0,0.0,0.0,1731
pixel_510,intensidad original,12449,0,0,12449,256,0.0,0.0,0.0,0.0,0.0,0.9960784316062927,1.0,0.14392242038403152,0.32009311656780287,0.0,0.0,0.0,2681
pixel_511,intensidad original,12449,0,0,12449,255,0.0,0.0,0.0,0.0,0.16470588743686676,0.9960784316062927,1.0,0.1967623214221981,0.35987915478127647,0.16470588743686676,-0.24705883115530014,0.4117647185921669,2624
pixel_512,intensidad original,12449,0,0,12449,255,0.0,0.0,0.0,0.0,0.3921568691730499,1.0,1.0,0.23188223828943066,0.3818886476950498,0.3921568691730499,-0.5882353037595749,0.9803921729326248,1695
pixel_513,intensidad original,12449,0,0,12449,256,0.0,0.0,0.0,0.0,0.5058823823928833,1.0,1.0,0.2519868536070076,0.39045765530443227,0.5058823823928833,-0.758823573589325,1.2647059559822083,0
pixel_514,intensidad original,12449,0,0,12449,256,0.0,0.0,0.0,0.0,0.5803921818733215,1.0,1.0,0.26554680578302897,0.39686035202665243,0.5803921818733215,-0.8705882728099823,1.4509804546833038,0
pixel_515,intensidad original,12449,0,0,12449,256,0.0,0.0,0.0,0.0,0.6823529601097107,1.0,1.0,0.2844348493431574,0.40689057043902105,0.6823529601097107,-1.023529440164566,1.7058824002742767,0
pixel_516,intensidad original,12449,0,0,12449,256,0.0,0.0,0.0,0.0,0.8078431487083435,1.0,1.0,0.3232032207777223,0.41724977142902553,0.8078431487083435,-1.2117647230625153,2.0196078717708588,0
pixel_517,intensidad original,12449,0,0,12449,256,0.0,0.0,0.0,0.11764705926179886,0.9450980424880981,1.0,1.0,0.389685921599082,0.43259561494685794,0.9450980424880981,-1.4176470637321472,2.3627451062202454,0
pixel_518,intensidad original,12449,0,0,12449,256,0.0,0.0,0.0,0.3019607961177826,0.9882352948188782,1.0,1.0,0.4422057713968839,0.4395481772110345,0.9882352948188782,-1.4823529422283173,2.4705882370471954,0
pixel_519,intensidad original,12449,0,0,12449,256,0.0,0.0,0.0,0.3686274588108063,0.9882352948188782,1.0,1.0,0.4562684807508073,0.4373688657805578,0.9882352948188782,-1.4823529422283173,2.4705882370471954,0
pixel_520,intensidad original,12449,0,0,12449,256,0.0,0.0,0.0,0.3333333432674408,0.9843137264251709,1.0,1.0,0.44394053584314075,0.4327671047638168,0.9843137264251709,-1.4764705896377563,2.4607843160629272,0
pixel_521,intensidad original,12449,0,0,12449,256,0.0,0.0,0.0,0.239215686917305,0.9725490212440491,1.0,1.0,0.4207853565998157,0.4350511049774595,0.9725490212440491,-1.4588235318660736,2.4313725531101227,0
pixel_522,intensidad original,12449,0,0,12449,256,0.0,0.0,0.0,0.07450980693101883,0.9137254953384399,1.0,1.0,0.37838050137174545,0.43047061711096957,0.9137254953384399,-1.37058824300766,2.2843137383461,0
pixel_523,intensidad original,12449,0,0,12449,256,0.0,0.0,0.0,0.0,0.7764706015586853,1.0,1.0,0.31016051631851166,0.4140927312727136,0.7764706015586853,-1.164705902338028,1.9411765038967133,0
pixel_524,intensidad original,12449,0,0,12449,256,0.0,0.0,0.0,0.0,0.38823530077934265,1.0,1.0,0.23100902868665354,0.37847326819094096,0.38823530077934265,-0.582352951169014,0.9705882519483566,1582
pixel_525,intensidad original,12449,0,0,12449,256,0.0,0.0,0.0,0.0,0.0,0.9960784316062927,1.0,0.1563870803856185,0.3264052700125141,0.0,0.0,0.0,3005
pixel_526,intensidad original,12449,0,0,12449,252,0.0,0.0,0.0,0.0,0.0,0.9960784316062927,1.0,0.09382216800485278,0.2600288228071576,0.0,0.0,0.0,1943
pixel_527,intensidad original,12449,0,0,12449,239,0.0,0.0,0.0,0.0,0.0,0.9921568632125854,1.0,0.04733634861285645,0.18503023611181055,0.0,0.0,0.0,1099
pixel_528,intensidad original,12449,0,0,12449,194,0.0,0.0,0.0,0.0,0.0,0.7882353067398071,1.0,0.01847002465049437,0.11408264706997193,0.0,0.0,0.0,491
pixel_529,intensidad original,12449,0,0,12449,95,0.0,0.0,0.0,0.0,0.0,0.08847059041262187,1.0,0.0054295251016685435,0.06113455272045808,0.0,0.0,0.0,141
pixel_530,intensidad original,12449,0,0,12449,20,0.0,0.0,0.0,0.0,0.0,0.0,0.9882352948188782,0.0005805647970670313,0.018544621393772415,0.0,0.0,0.0,20
pixel_531,intensidad original,12449,0,0,12449,2,0.0,0.0,0.0,0.0,0.0,0.0,0.501960813999176,4.032137633538244e-05,0.004498680370229264,0.0,0.0,0.0,1
pixel_532,intensidad original,12449,0,0,12449,1,0.0,0.0,0.0,0.0,0.0,0.0,0.0,0.0,0.0,0.0,0.0,0.0,0
pixel_533,intensidad original,12449,0,0,12449,3,0.0,0.0,0.0,0.0,0.0,0.0,0.21176470816135406,3.1816084630633564e-05,0.0025159662190368717,0.0,0.0,0.0,2
pixel_534,intensidad original,12449,0,0,12449,28,0.0,0.0,0.0,0.0,0.0,0.0,0.9960784316062927,0.0010149646038709467,0.025080586239504345,0.0,0.0,0.0,31
pixel_535,intensidad original,12449,0,0,12449,125,0.0,0.0,0.0,0.0,0.0,0.45098039507865906,1.0,0.00953947019150813,0.08491056935401647,0.0,0.0,0.0,215
pixel_536,intensidad original,12449,0,0,12449,218,0.0,0.0,0.0,0.0,0.0,0.9921568632125854,1.0,0.037248444671299216,0.1679207473929642,0.0,0.0,0.0,793
pixel_537,intensidad original,12449,0,0,12449,246,0.0,0.0,0.0,0.0,0.0,0.9960784316062927,1.0,0.08865882685748087,0.25856653840756805,0.0,0.0,0.0,1705
pixel_538,intensidad original,12449,0,0,12449,254,0.0,0.0,0.0,0.0,0.0,0.9960784316062927,1.0,0.14322876671671178,0.32136640825739293,0.0,0.0,0.0,2581
pixel_539,intensidad original,12449,0,0,12449,256,0.0,0.0,0.0,0.0,0.125490203499794,0.9960784316062927,1.0,0.19330759859786092,0.3591873903890261,0.125490203499794,-0.188235305249691,0.313725508749485,2741
pixel_540,intensidad original,12449,0,0,12449,256,0.0,0.0,0.0,0.0,0.4156862795352936,1.0,1.0,0.23254092580031585,0.38162088371216796,0.4156862795352936,-0.6235294193029404,1.039215698838234,0
pixel_541,intensidad original,12449,0,0,12449,256,0.0,0.0,0.0,0.0,0.5529412031173706,1.0,1.0,0.26080620910176966,0.3964035137551199,0.5529412031173706,-0.8294118046760559,1.3823530077934265,0
pixel_542,intensidad original,12449,0,0,12449,255,0.0,0.0,0.0,0.0,0.7019608020782471,1.0,1.0,0.28915402515812977,0.41001869629717674,0.7019608020782471,-1.0529412031173706,1.7549020051956177,0
pixel_543,intensidad original,12449,0,0,12449,256,0.0,0.0,0.0,0.0,0.8274509906768799,1.0,1.0,0.3189675861588278,0.4215971549954902,0.8274509906768799,-1.2411764860153198,2.0686274766921997,0
pixel_544,intensidad original,12449,0,0,12449,256,0.0,0.0,0.0,0.04313725605607033,0.9215686321258545,1.0,1.0,0.36755484227889756,0.43107646719472575,0.9215686321258545,-1.3823529481887817,2.3039215803146362,0
pixel_545,intensidad original,12449,0,0,12449,256,0.0,0.0,0.0,0.2549019753932953,0.9882352948188782,1.0,1.0,0.4298913718162842,0.4373659279939389,0.9882352948188782,-1.4823529422283173,2.4705882370471954,0
pixel_546,intensidad original,12449,0,0,12449,256,0.0,0.0,0.0,0.4470588266849518,0.9882352948188782,1.0,1.0,0.4750239048477094,0.44061010206479584,0.9882352948188782,-1.4823529422283173,2.4705882370471954,0
pixel_547,intensidad original,12449,0,0,12449,256,0.0,0.0,0.0,0.45490196347236633,0.9882352948188782,1.0,1.0,0.48110392728161505,0.43519626578789355,0.9882352948188782,-1.4823529422283173,2.4705882370471954,0
pixel_548,intensidad original,12449,0,0,12449,256,0.0,0.0,0.0,0.3921568691730499,0.9882352948188782,1.0,1.0,0.4609980521405606,0.4344660679682089,0.9882352948188782,-1.4823529422283173,2.4705882370471954,0
pixel_549,intensidad original,12449,0,0,12449,256,0.0,0.0,0.0,0.250980406999588,0.9803921580314636,1.0,1.0,0.4253801030945998,0.43708459790138554,0.9803921580314636,-1.4705882370471954,2.450980395078659,0
pixel_550,intensidad original,12449,0,0,12449,256,0.0,0.0,0.0,0.03529411926865578,0.9058823585510254,1.0,1.0,0.3655633445585568,0.4284446451603755,0.9058823585510254,-1.358823537826538,2.2647058963775635,0
pixel_551,intensidad original,12449,0,0,12449,256,0.0,0.0,0.0,0.0,0.6745098233222961,1.0,1.0,0.28589838950926416,0.4038502868997847,0.6745098233222961,-1.0117647349834442,1.6862745583057404,0
pixel_552,intensidad original,12449,0,0,12449,255,0.0,0.0,0.0,0.0,0.23137255012989044,1.0,1.0,0.2035180417784079,0.3609273556161796,0.23137255012989044,-0.34705882519483566,0.5784313753247261,2350
pixel_553,intensidad original,12449,0,0,12449,256,0.0,0.0,0.0,0.0,0.0,0.9960784316062927,1.0,0.1324481544299854,0.30556173143478615,0.0,0.0,0.0,2589
pixel_554,intensidad original,12449,0,0,12449,246,0.0,0.0,0.0,0.0,0.0,0.9921568632125854,1.0,0.07473094225324363,0.23337164182792883,0.0,0.0,0.0,1639
pixel_555,intensidad original,12449,0,0,12449,227,0.0,0.0,0.0,0.0,0.0,0.9882352948188782,1.0,0.035862712482552586,0.1615032613449797,0.0,0.0,0.0,869
pixel_556,intensidad original,12449,0,0,12449,169,0.0,0.0,0.0,0.0,0.0,0.6726274704933184,1.0,0.014738407423193841,0.10296990637400599,0.0,0.0,0.0,385
pixel_557,intensidad original,12449,0,0,12449,78,0.0,0.0,0.0,0.0,0.0,0.0,1.0,0.004116875350897844,0.05443811896850313,0.0,0.0,0.0,102
pixel_558,intensidad original,12449,0,0,12449,17,0.0,0.0,0.0,0.0,0.0,0.0,0.7490196228027344,0.0004394399859528866,0.015243932457514205,0.0,0.0,0.0,17
pixel_559,intensidad original,12449,0,0,12449,2,0.0,0.0,0.0,0.0,0.0,0.0,0.501960813999176,4.032137633538244e-05,0.004498680370229264,0.0,0.0,0.0,1
pixel_560,intensidad original,12449,0,0,12449,1,0.0,0.0,0.0,0.0,0.0,0.0,0.0,0.0,0.0,0.0,0.0,0.0,0
pixel_561,intensidad original,12449,0,0,12449,5,0.0,0.0,0.0,0.0,0.0,0.0,0.7254902124404907,7.623259966531828e-05,0.0066404588259788315,0.0,0.0,0.0,4
pixel_562,intensidad original,12449,0,0,12449,35,0.0,0.0,0.0,0.0,0.0,0.0,1.0,0.0014191233814157668,0.03204684349542324,0.0,0.0,0.0,39
pixel_563,intensidad original,12449,0,0,12449,138,0.0,0.0,0.0,0.0,0.0,0.5118431663513201,1.0,0.010504348096522663,0.08784747568021295,0.0,0.0,0.0,238
pixel_564,intensidad original,12449,0,0,12449,217,0.0,0.0,0.0,0.0,0.0,0.9921568632125854,1.0,0.036931543865572,0.16860057392625033,0.0,0.0,0.0,752
pixel_565,intensidad original,12449,0,0,12449,246,0.0,0.0,0.0,0.0,0.0,0.9960784316062927,1.0,0.08378718581568477,0.2520574712557143,0.0,0.0,0.0,1620
pixel_566,intensidad original,12449,0,0,12449,255,0.0,0.0,0.0,0.0,0.0,0.9960784316062927,1.0,0.1402944417042555,0.3186367975172484,0.0,0.0,0.0,2524
pixel_567,intensidad original,12449,0,0,12449,256,0.0,0.0,0.0,0.0,0.13725490868091583,1.0,1.0,0.19466844488886004,0.36159265984338457,0.13725490868091583,-0.20588236302137375,0.3431372717022896,2665
pixel_568,intensidad original,12449,0,0,12449,256,0.0,0.0,0.0,0.0,0.501960813999176,1.0,1.0,0.24834406927298447,0.3927471894096139,0.501960813999176,-0.752941220998764,1.25490203499794,0
pixel_569,intensidad original,12449,0,0,12449,256,0.0,0.0,0.0,0.0,0.7490196228027344,1.0,1.0,0.29523656749712596,0.41298812212210473,0.7490196228027344,-1.1235294342041016,1.872549057006836,0
pixel_570,intensidad original,12449,0,0,12449,256,0.0,0.0,0.0,0.0,0.8745098114013672,1.0,1.0,0.3384941567357335,0.426350486793375,0.8745098114013672,-1.3117647171020508,2.186274528503418,0
pixel_571,intensidad original,12449,0,0,12449,256,0.0,0.0,0.0,0.07450980693101883,0.9607843160629272,1.0,1.0,0.3850691240330317,0.4367749277438501,0.9607843160629272,-1.4411764740943909,2.401960790157318,0
pixel_572,intensidad original,12449,0,0,12449,256,0.0,0.0,0.0,0.27843138575553894,0.9882352948188782,1.0,1.0,0.4388244461224198,0.44116536621954383,0.9882352948188782,-1.4823529422283173,2.4705882370471954,0
pixel_573,intensidad original,12449,0,0,12449,256,0.0,0.0,0.0,0.501960813999176,0.9882352948188782,1.0,1.0,0.49232082937977484,0.43982989496993175,0.9882352948188782,-1.4823529422283173,2.4705882370471954,0
pixel_574,intensidad original,12449,0,0,12449,256,0.0,0.0,0.0,0.5647059082984924,0.9921568632125854,1.0,1.0,0.5162096683933782,0.43765523258038885,0.9921568632125854,-1.4882352948188782,2.4803921580314636,0
pixel_575,intensidad original,12449,0,0,12449,256,0.0,0.0,0.0,0.5254902243614197,0.9921568632125854,1.0,1.0,0.502896684812145,0.4364202681721471,0.9921568632125854,-1.4882352948188782,2.4803921580314636,0
pixel_576,intensidad original,12449,0,0,12449,256,0.0,0.0,0.0,0.40784314274787903,0.9882352948188782,1.0,1.0,0.4639226116471714,0.4381133720049611,0.9882352948188782,-1.4823529422283173,2.4705882370471954,0
pixel_577,intensidad original,12449,0,0,12449,256,0.0,0.0,0.0,0.16078431904315948,0.9529411792755127,1.0,1.0,0.4024614971644664,0.4331930896898695,0.9529411792755127,-1.429411768913269,2.3823529481887817,0
pixel_578,intensidad original,12449,0,0,12449,256,0.0,0.0,0.0,0.0,0.7960784435272217,1.0,1.0,0.3218990764749366,0.4155146560437445,0.7960784435272217,-1.1941176652908325,1.9901961088180542,0
pixel_579,intensidad original,12449,0,0,12449,256,0.0,0.0,0.0,0.0,0.4431372582912445,1.0,1.0,0.23654187731263793,0.3806299982979464,0.4431372582912445,-0.6647058874368668,1.1078431457281113,0
pixel_580,intensidad original,12449,0,0,12449,255,0.0,0.0,0.0,0.0,0.003921568859368563,0.9960784316062927,1.0,0.15997379264913314,0.32932893694542226,0.003921568859368563,-0.005882353289052844,0.009803922148421407,3092
pixel_581,intensidad original,12449,0,0,12449,252,0.0,0.0,0.0,0.0,0.0,0.9960784316062927,1.0,0.09867900356918026,0.26495196684612365,0.0,0.0,0.0,2071
pixel_582,intensidad original,12449,0,0,12449,244,0.0,0.0,0.0,0.0,0.0,0.9921568632125854,1.0,0.05326201556323319,0.1967101739740654,0.0,0.0,0.0,1249
pixel_583,intensidad original,12449,0,0,12449,211,0.0,0.0,0.0,0.0,0.0,0.9843137264251709,1.0,0.02611848531538214,0.1397367094651926,0.0,0.0,0.0,630
pixel_584,intensidad original,12449,0,0,12449,152,0.0,0.0,0.0,0.0,0.0,0.5882353186607361,1.0,0.012141773911961024,0.09422748274026148,0.0,0.0,0.0,297
pixel_585,intensidad original,12449,0,0,12449,76,0.0,0.0,0.0,0.0,0.0,0.0,1.0,0.003331238569024313,0.04796118247335784,0.0,0.0,0.0,93
pixel_586,intensidad original,12449,0,0,12449,13,0.0,0.0,0.0,0.0,0.0,0.0,1.0,0.000610175799808547,0.021858589382900816,0.0,0.0,0.0,14
pixel_587,intensidad original,12449,0,0,12449,1,0.0,0.0,0.0,0.0,0.0,0.0,0.0,0.0,0.0,0.0,0.0,0.0,0
pixel_588,intensidad original,12449,0,0,12449,1,0.0,0.0,0.0,0.0,0.0,0.0,0.0,0.0,0.0,0.0,0.0,0.0,0
pixel_589,intensidad original,12449,0,0,12449,3,0.0,0.0,0.0,0.0,0.0,0.0,0.7254902124404907,0.00010111844915971764,0.00806956874734659,0.0,0.0,0.0,2
pixel_590,intensidad original,12449,0,0,12449,33,0.0,0.0,0.0,0.0,0.0,0.0,1.0,0.0015618232442731143,0.03316326015505106,0.0,0.0,0.0,37
pixel_591,intensidad original,12449,0,0,12449,142,0.0,0.0,0.0,0.0,0.0,0.3607843220233917,1.0,0.008566717051343058,0.07779958846331703,0.0,0.0,0.0,221
pixel_592,intensidad original,12449,0,0,12449,207,0.0,0.0,0.0,0.0,0.0,0.9882352948188782,1.0,0.028224332134255608,0.14433192060256855,0.0,0.0,0.0,678
pixel_593,intensidad original,12449,0,0,12449,246,0.0,0.0,0.0,0.0,0.0,0.9921568632125854,1.0,0.06772478845661568,0.22471313916115743,0.0,0.0,0.0,1413
pixel_594,intensidad original,12449,0,0,12449,255,0.0,0.0,0.0,0.0,0.0,0.9960784316062927,1.0,0.12239395671425582,0.29704965245303955,0.0,0.0,0.0,2341
pixel_595,intensidad original,12449,0,0,12449,256,0.0,0.0,0.0,0.0,0.07450980693101883,1.0,1.0,0.18527419468771292,0.3553439831338895,0.07450980693101883,-0.11176471039652824,0.18627451732754707,2840
pixel_596,intensidad original,12449,0,0,12449,256,0.0,0.0,0.0,0.0,0.501960813999176,1.0,1.0,0.24936879913724588,0.39484404803993894,0.501960813999176,-0.752941220998764,1.25490203499794,0
pixel_597,intensidad original,12449,0,0,12449,256,0.0,0.0,0.0,0.0,0.8039215803146362,1.0,1.0,0.3121507538955577,0.42002943616522165,0.8039215803146362,-1.2058823704719543,2.0098039507865906,0
pixel_598,intensidad original,12449,0,0,12449,256,0.0,0.0,0.0,0.0235294122248888,0.9372549057006836,1.0,1.0,0.3704516808884286,0.4341179887460762,0.9372549057006836,-1.4058823585510254,2.343137264251709,0
pixel_599,intensidad original,12449,0,0,12449,256,0.0,0.0,0.0,0.2705882489681244,0.9843137264251709,1.0,1.0,0.4313171104122833,0.43929047024232104,0.9843137264251709,-1.4764705896377563,2.4607843160629272,0
pixel_600,intensidad original,12449,0,0,12449,256,0.0,0.0,0.0,0.48235294222831726,0.9882352948188782,1.0,1.0,0.48424489918069974,0.4388329489800819,0.9882352948188782,-1.4823529422283173,2.4705882370471954,0
pixel_601,intensidad original,12449,0,0,12449,256,0.0,0.0,0.0,0.5803921818733215,0.9882352948188782,1.0,1.0,0.518556813592957,0.43515332417636715,0.9882352948188782,-1.4823529422283173,2.4705882370471954,0
pixel_602,intensidad original,12449,0,0,12449,256,0.0,0.0,0.0,0.5764706134796143,0.9921568632125854,1.0,1.0,0.5164427765713838,0.435173937952114,0.9921568632125854,-1.4882352948188782,2.4803921580314636,0
pixel_603,intensidad original,12449,0,0,12449,256,0.0,0.0,0.0,0.4627451002597809,0.9882352948188782,1.0,1.0,0.47748980914512706,0.4366973303656005,0.9882352948188782,-1.4823529422283173,2.4705882370471954,0
pixel_604,intensidad original,12449,0,0,12449,256,0.0,0.0,0.0,0.21960784494876862,0.9647058844566345,1.0,1.0,0.4126407540514326,0.4327397893956691,0.9647058844566345,-1.4470588266849518,2.4117647111415863,0
pixel_605,intensidad original,12449,0,0,12449,256,0.0,0.0,0.0,0.0,0.8078431487083435,1.0,1.0,0.33017062848952744,0.41553715861457363,0.8078431487083435,-1.2117647230625153,2.0196078717708588,0
pixel_606,intensidad original,12449,0,0,12449,256,0.0,0.0,0.0,0.0,0.4745098054409027,1.0,1.0,0.24379657459817033,0.38332822750743245,0.4745098054409027,-0.7117647081613541,1.1862745136022568,0
pixel_607,intensidad original,12449,0,0,12449,255,0.0,0.0,0.0,0.0,0.0470588244497776,0.9960784316062927,1.0,0.16818580757316356,0.3347184745641381,0.0470588244497776,-0.0705882366746664,0.11764706112444401,2865
pixel_608,intensidad original,12449,0,0,12449,253,0.0,0.0,0.0,0.0,0.0,0.9960784316062927,1.0,0.10689668864781869,0.2738887055660807,0.0,0.0,0.0,2271
pixel_609,intensidad original,12449,0,0,12449,245,0.0,0.0,0.0,0.0,0.0,0.9921568632125854,1.0,0.062118227449439886,0.2116568703569439,0.0,0.0,0.0,1427
pixel_610,intensidad original,12449,0,0,12449,228,0.0,0.0,0.0,0.0,0.0,0.9882352948188782,1.0,0.033109833662670396,0.15484517634574557,0.0,0.0,0.0,834
pixel_611,intensidad original,12449,0,0,12449,173,0.0,0.0,0.0,0.0,0.0,0.8313725590705872,1.0,0.01733252083497712,0.11350625602482496,0.0,0.0,0.0,431
pixel_612,intensidad original,12449,0,0,12449,126,0.0,0.0,0.0,0.0,0.0,0.30807844281197105,1.0,0.007941105720167459,0.07435779991422693,0.0,0.0,0.0,216
pixel_613,intensidad original,12449,0,0,12449,54,0.0,0.0,0.0,0.0,0.0,0.0,1.0,0.0019581067670669046,0.034464378857518116,0.0,0.0,0.0,64
pixel_614,intensidad original,12449,0,0,12449,15,0.0,0.0,0.0,0.0,0.0,0.0,0.9882352948188782,0.0004025837284574088,0.015839597345489176,0.0,0.0,0.0,14
pixel_615,intensidad original,12449,0,0,12449,2,0.0,0.0,0.0,0.0,0.0,0.0,0.15294118225574493,1.2285419090348215e-05,0.0013706916460907346,0.0,0.0,0.0,1
pixel_616,intensidad original,12449,0,0,12449,1,0.0,0.0,0.0,0.0,0.0,0.0,0.0,0.0,0.0,0.0,0.0,0.0,0
pixel_617,intensidad original,12449,0,0,12449,2,0.0,0.0,0.0,0.0,0.0,0.0,0.027450980618596077,2.2050751561246747e-06,0.0002460215702268441,0.0,0.0,0.0,1
pixel_618,intensidad original,12449,0,0,12449,28,0.0,0.0,0.0,0.0,0.0,0.0,1.0,0.0010039392348981276,0.025172450943194067,0.0,0.0,0.0,31
pixel_619,intensidad original,12449,0,0,12449,90,0.0,0.0,0.0,0.0,0.0,0.03921568766236305,1.0,0.00530856097696403,0.06168719205073324,0.0,0.0,0.0,148
pixel_620,intensidad original,12449,0,0,12449,177,0.0,0.0,0.0,0.0,0.0,0.696156880855562,1.0,0.01621139767394278,0.10659028295689439,0.0,0.0,0.0,445
pixel_621,intensidad original,12449,0,0,12449,229,0.0,0.0,0.0,0.0,0.0,0.9921568632125854,1.0,0.04179058457451765,0.17390741635229545,0.0,0.0,0.0,1030
pixel_622,intensidad original,12449,0,0,12449,255,0.0,0.0,0.0,0.0,0.0,0.9921568632125854,1.0,0.08622820424887029,0.24801239843556688,0.0,0.0,0.0,1865
pixel_623,intensidad original,12449,0,0,12449,255,0.0,0.0,0.0,0.0,0.0,0.9960784316062927,1.0,0.14455181202169035,0.31596411142450087,0.0,0.0,0.0,2844
pixel_624,intensidad original,12449,0,0,12449,256,0.0,0.0,0.0,0.0,0.30980393290519714,1.0,1.0,0.21500175814843422,0.37015466795562374,0.30980393290519714,-0.4647058993577957,0.7745098322629929,2096
pixel_625,intensidad original,12449,0,0,12449,256,0.0,0.0,0.0,0.0,0.6941176652908325,1.0,1.0,0.28443390426578846,0.410577429778396,0.6941176652908325,-1.0411764979362488,1.7352941632270813,0
pixel_626,intensidad original,12449,0,0,12449,256,0.0,0.0,0.0,0.0,0.9137254953384399,1.0,1.0,0.34973247966438314,0.43205575406901403,0.9137254953384399,-1.37058824300766,2.2843137383461,0
pixel_627,intensidad original,12449,0,0,12449,256,0.0,0.0,0.0,0.10980392247438431,0.9843137264251709,1.0,1.0,0.40459758447029376,0.4427094087663859,0.9843137264251709,-1.4764705896377563,2.4607843160629272,0
pixel_628,intensidad original,12449,0,0,12449,256,0.0,0.0,0.0,0.32156863808631897,0.9882352948188782,1.0,1.0,0.4448332758907656,0.4425879111273567,0.9882352948188782,-1.4823529422283173,2.4705882370471954,0
pixel_629,intensidad original,12449,0,0,12449,256,0.0,0.0,0.0,0.3686274588108063,0.9882352948188782,1.0,1.0,0.45626249548482584,0.44168434117455835,0.9882352948188782,-1.4823529422283173,2.4705882370471954,0
pixel_630,intensidad original,12449,0,0,12449,256,0.0,0.0,0.0,0.2823529541492462,0.9882352948188782,1.0,1.0,0.4369211513563678,0.4411164614826913,0.9882352948188782,-1.4823529422283173,2.4705882370471954,0
pixel_631,intensidad original,12449,0,0,12449,256,0.0,0.0,0.0,0.08627451211214066,0.9372549057006836,1.0,1.0,0.38345154418856686,0.43195616738792575,0.9372549057006836,-1.4058823585510254,2.343137264251709,0
pixel_632,intensidad original,12449,0,0,12449,256,0.0,0.0,0.0,0.0,0.7529411911964417,1.0,1.0,0.3110708974840305,0.4113724068518753,0.7529411911964417,-1.1294117867946625,1.8823529779911041,0
pixel_633,intensidad original,12449,0,0,12449,256,0.0,0.0,0.0,0.0,0.40784314274787903,0.9981176471710222,1.0,0.2307778109830534,0.3742164365301841,0.40784314274787903,-0.6117647141218185,1.0196078568696976,0
pixel_634,intensidad original,12449,0,0,12449,256,0.0,0.0,0.0,0.0,0.0235294122248888,0.9960784316062927,1.0,0.1577696625848533,0.3241317472354773,0.0235294122248888,-0.0352941183373332,0.058823530562222004,2943
pixel_635,intensidad original,12449,0,0,12449,254,0.0,0.0,0.0,0.0,0.0,0.9960784316062927,1.0,0.10175350838237505,0.2674555514495758,0.0,0.0,0.0,2205
pixel_636,intensidad original,12449,0,0,12449,243,0.0,0.0,0.0,0.0,0.0,0.9921568632125854,1.0,0.06183440271539513,0.2127988350602088,0.0,0.0,0.0,1383
pixel_637,intensidad original,12449,0,0,12449,225,0.0,0.0,0.0,0.0,0.0,0.9882352948188782,1.0,0.03481719185348251,0.1586162882129165,0.0,0.0,0.0,850
pixel_638,intensidad original,12449,0,0,12449,175,0.0,0.0,0.0,0.0,0.0,0.8001568746566806,1.0,0.018229986449703722,0.11424854338736631,0.0,0.0,0.0,475
pixel_639,intensidad original,12449,0,0,12449,129,0.0,0.0,0.0,0.0,0.0,0.4156862795352936,1.0,0.009206503853032793,0.0813093620705941,0.0,0.0,0.0,242
pixel_640,intensidad original,12449,0,0,12449,83,0.0,0.0,0.0,0.0,0.0,0.0,1.0,0.003671765184601942,0.04892140616793377,0.0,0.0,0.0,117
pixel_641,intensidad original,12449,0,0,12449,32,0.0,0.0,0.0,0.0,0.0,0.0,0.9921568632125854,0.0008546241429814762,0.022211116804964834,0.0,0.0,0.0,35
pixel_642,intensidad original,12449,0,0,12449,7,0.0,0.0,0.0,0.0,0.0,0.0,0.5372549295425415,0.0001282093738102417,0.0069859013746563035,0.0,0.0,0.0,6
pixel_643,intensidad original,12449,0,0,12449,2,0.0,0.0,0.0,0.0,0.0,0.0,0.2823529541492462,2.2680773889408485e-05,0.002530507674867112,0.0,0.0,0.0,1
pixel_644,intensidad original,12449,0,0,12449,1,0.0,0.0,0.0,0.0,0.0,0.0,0.0,0.0,0.0,0.0,0.0,0.0,0
pixel_645,intensidad original,12449,0,0,12449,1,0.0,0.0,0.0,0.0,0.0,0.0,0.0,0.0,0.0,0.0,0.0,0.0,0
pixel_646,intensidad original,12449,0,0,12449,15,0.0,0.0,0.0,0.0,0.0,0.0,0.8509804010391235,0.0003644674297843207,0.01396378506425888,0.0,0.0,0.0,14
pixel_647,intensidad original,12449,0,0,12449,56,0.0,0.0,0.0,0.0,0.0,0.0,1.0,0.002128527578062509,0.03599956083489857,0.0,0.0,0.0,75
pixel_648,intensidad original,12449,0,0,12449,130,0.0,0.0,0.0,0.0,0.0,0.27262746453285386,1.0,0.007494420490757077,0.07204456319820098,0.0,0.0,0.0,221
pixel_649,intensidad original,12449,0,0,12449,192,0.0,0.0,0.0,0.0,0.0,0.8470588326454163,1.0,0.01937725555168309,0.11773142609794876,0.0,0.0,0.0,542
pixel_650,intensidad original,12449,0,0,12449,239,0.0,0.0,0.0,0.0,0.0,0.9921568632125854,1.0,0.04380602329893548,0.17515721777215287,0.0,0.0,0.0,1144
pixel_651,intensidad original,12449,0,0,12449,251,0.0,0.0,0.0,0.0,0.0,0.9921568632125854,1.0,0.08394248644245375,0.24133259175793448,0.0,0.0,0.0,1904
pixel_652,intensidad original,12449,0,0,12449,256,0.0,0.0,0.0,0.0,0.0,0.9960784316062927,1.0,0.1384201281990086,0.3056246725620289,0.0,0.0,0.0,2840
pixel_653,intensidad original,12449,0,0,12449,256,0.0,0.0,0.0,0.0,0.24313725531101227,0.9960784316062927,1.0,0.20320334609025467,0.36025387302957756,0.24313725531101227,-0.3647058829665184,0.6078431382775307,2278
pixel_654,intensidad original,12449,0,0,12449,256,0.0,0.0,0.0,0.0,0.5686274766921997,1.0,1.0,0.26455861719764173,0.3948610603269018,0.5686274766921997,-0.8529412150382996,1.4215686917304993,0
pixel_655,intensidad original,12449,0,0,12449,256,0.0,0.0,0.0,0.0,0.7686274647712708,1.0,1.0,0.31293166584228066,0.41451800113908865,0.7686274647712708,-1.1529411971569061,1.9215686619281769,0
pixel_656,intensidad original,12449,0,0,12449,256,0.0,0.0,0.0,0.0,0.8274509906768799,1.0,1.0,0.3389153264826006,0.4210336227826644,0.8274509906768799,-1.2411764860153198,2.0686274766921997,0
pixel_657,intensidad original,12449,0,0,12449,256,0.0,0.0,0.0,0.0,0.8196078538894653,1.0,1.0,0.33692067858500974,0.4193528525124253,0.8196078538894653,-1.229411780834198,2.0490196347236633,0
pixel_658,intensidad original,12449,0,0,12449,256,0.0,0.0,0.0,0.0,0.7372549176216125,1.0,1.0,0.30857349253085364,0.4089141180741271,0.7372549176216125,-1.1058823764324188,1.8431372940540314,0
pixel_659,intensidad original,12449,0,0,12449,256,0.0,0.0,0.0,0.0,0.5254902243614197,1.0,1.0,0.2573899180702871,0.3867179316454525,0.5254902243614197,-0.7882353365421295,1.3137255609035492,0
pixel_660,intensidad original,12449,0,0,12449,256,0.0,0.0,0.0,0.0,0.21960784494876862,0.9960784316062927,1.0,0.1971781359036792,0.35187874946394226,0.21960784494876862,-0.3294117674231529,0.5490196123719215,2315
pixel_661,intensidad original,12449,0,0,12449,256,0.0,0.0,0.0,0.0,0.0,0.9960784316062927,1.0,0.13976081393335782,0.3062949341576023,0.0,0.0,0.0,2934
pixel_662,intensidad original,12449,0,0,12449,256,0.0,0.0,0.0,0.0,0.0,0.9960784316062927,1.0,0.08969804752634233,0.2514592757956065,0.0,0.0,0.0,1996
pixel_663,intensidad original,12449,0,0,12449,242,0.0,0.0,0.0,0.0,0.0,0.9921568632125854,1.0,0.05548882645511675,0.2008189193505761,0.0,0.0,0.0,1268
pixel_664,intensidad original,12449,0,0,12449,221,0.0,0.0,0.0,0.0,0.0,0.9882352948188782,1.0,0.03255257961988935,0.15691715821037142,0.0,0.0,0.0,749
pixel_665,intensidad original,12449,0,0,12449,182,0.0,0.0,0.0,0.0,0.0,0.809882364273073,1.0,0.017233607449490033,0.11308026150279647,0.0,0.0,0.0,443
pixel_666,intensidad original,12449,0,0,12449,124,0.0,0.0,0.0,0.0,0.0,0.372862752676017,1.0,0.008769583966828693,0.07937988594260588,0.0,0.0,0.0,232
pixel_667,intensidad original,12449,0,0,12449,88,0.0,0.0,0.0,0.0,0.0,0.0,1.0,0.003912433391449353,0.05013866480310367,0.0,0.0,0.0,121
pixel_668,intensidad original,12449,0,0,12449,41,0.0,0.0,0.0,0.0,0.0,0.0,0.9882352948188782,0.001201135958856498,0.026657663754411285,0.0,0.0,0.0,46
pixel_669,intensidad original,12449,0,0,12449,7,0.0,0.0,0.0,0.0,0.0,0.0,0.501960813999176,0.0001382897159864059,0.007288269090403351,0.0,0.0,0.0,6
pixel_670,intensidad original,12449,0,0,12449,3,0.0,0.0,0.0,0.0,0.0,0.0,0.5882353186607361,8.757298840548736e-05,0.006156888296731656,0.0,0.0,0.0,3
pixel_671,intensidad original,12449,0,0,12449,1,0.0,0.0,0.0,0.0,0.0,0.0,0.0,0.0,0.0,0.0,0.0,0.0,0
pixel_672,intensidad original,12449,0,0,12449,1,0.0,0.0,0.0,0.0,0.0,0.0,0.0,0.0,0.0,0.0,0.0,0.0,0
pixel_673,intensidad original,12449,0,0,12449,1,0.0,0.0,0.0,0.0,0.0,0.0,0.0,0.0,0.0,0.0,0.0,0.0,0
pixel_674,intensidad original,12449,0,0,12449,4,0.0,0.0,0.0,0.0,0.0,0.0,0.8509804010391235,8.19027916414497e-05,0.007707820332417052,0.0,0.0,0.0,3
pixel_675,intensidad original,12449,0,0,12449,17,0.0,0.0,0.0,0.0,0.0,0.0,0.9921568632125854,0.0003912433405027556,0.014184910277701598,0.0,0.0,0.0,24
pixel_676,intensidad original,12449,0,0,12449,62,0.0,0.0,0.0,0.0,0.0,0.0,1.0,0.0022287009810869193,0.036552334423777755,0.0,0.0,0.0,79
pixel_677,intensidad original,12449,0,0,12449,124,0.0,0.0,0.0,0.0,0.0,0.23152941286564216,1.0,0.007172479520843099,0.07087943082510985,0.0,0.0,0.0,206
pixel_678,intensidad original,12449,0,0,12449,169,0.0,0.0,0.0,0.0,0.0,0.7960784435272217,1.0,0.016809288013552314,0.11189952674179804,0.0,0.0,0.0,418
pixel_679,intensidad original,12449,0,0,12449,226,0.0,0.0,0.0,0.0,0.0,0.9882352948188782,1.0,0.03309943827117652,0.15769689761514516,0.0,0.0,0.0,783
pixel_680,intensidad original,12449,0,0,12449,242,0.0,0.0,0.0,0.0,0.0,0.9921568632125854,1.0,0.059214773473833096,0.20846109487506614,0.0,0.0,0.0,1268
pixel_681,intensidad original,12449,0,0,12449,249,0.0,0.0,0.0,0.0,0.0,0.9960784316062927,1.0,0.0938124026426445,0.2614708206130463,0.0,0.0,0.0,1876
pixel_682,intensidad original,12449,0,0,12449,255,0.0,0.0,0.0,0.0,0.0,0.9960784316062927,1.0,0.12948264348135805,0.3008838404914942,0.0,0.0,0.0,2487
pixel_683,intensidad original,12449,0,0,12449,255,0.0,0.0,0.0,0.0,0.0,0.9960784316062927,1.0,0.1599180358396202,0.32898485787484133,0.0,0.0,0.0,2993
pixel_684,intensidad original,12449,0,0,12449,255,0.0,0.0,0.0,0.0,0.05882352963089943,0.9960784316062927,1.0,0.17449830789956142,0.3381658610403412,0.05882352963089943,-0.08823529444634914,0.14705882407724857,2923
pixel_685,intensidad original,12449,0,0,12449,255,0.0,0.0,0.0,0.0,0.05882352963089943,0.9960784316062927,1.0,0.1748876611529181,0.33844276654967326,0.05882352963089943,-0.08823529444634914,0.14705882407724857,2932
pixel_686,intensidad original,12449,0,0,12449,256,0.0,0.0,0.0,0.0,0.0,0.9960784316062927,1.0,0.15894748793268695,0.32489375940600346,0.0,0.0,0.0,3093
pixel_687,intensidad original,12449,0,0,12449,256,0.0,0.0,0.0,0.0,0.0,0.9960784316062927,1.0,0.1326935480482154,0.2992810839423623,0.0,0.0,0.0,2691
pixel_688,intensidad original,12449,0,0,12449,254,0.0,0.0,0.0,0.0,0.0,0.9960784316062927,1.0,0.10102520358523329,0.26652114822610107,0.0,0.0,0.0,2151
pixel_689,intensidad original,12449,0,0,12449,251,0.0,0.0,0.0,0.0,0.0,0.9921568632125854,1.0,0.07268242753172995,0.22903410402925797,0.0,0.0,0.0,1579
pixel_690,intensidad original,12449,0,0,12449,232,0.0,0.0,0.0,0.0,0.0,0.9921568632125854,1.0,0.047874386908570425,0.18778288409282898,0.0,0.0,0.0,1085
pixel_691,intensidad original,12449,0,0,12449,205,0.0,0.0,0.0,0.0,0.0,0.9882352948188782,1.0,0.029586123491925655,0.15000529894888123,0.0,0.0,0.0,662
pixel_692,intensidad original,12449,0,0,12449,162,0.0,0.0,0.0,0.0,0.0,0.8156862854957581,1.0,0.016436945295464214,0.11213332799858301,0.0,0.0,0.0,374
pixel_693,intensidad original,12449,0,0,12449,115,0.0,0.0,0.0,0.0,0.0,0.2746666800975834,1.0,0.00795150106086464,0.07756647157371535,0.0,0.0,0.0,196
pixel_694,intensidad original,12449,0,0,12449,74,0.0,0.0,0.0,0.0,0.0,0.0,0.9960784316062927,0.0035514310788590945,0.050012445532035064,0.0,0.0,0.0,98
pixel_695,intensidad original,12449,0,0,12449,39,0.0,0.0,0.0,0.0,0.0,0.0,0.9921568632125854,0.0014131381835123268,0.029829758940674696,0.0,0.0,0.0,43
pixel_696,intensidad original,12449,0,0,12449,17,0.0,0.0,0.0,0.0,0.0,0.0,0.9843137264251709,0.00033391138191744645,0.013763396484684382,0.0,0.0,0.0,16
pixel_697,intensidad original,12449,0,0,12449,3,0.0,0.0,0.0,0.0,0.0,0.0,0.27450981736183167,3.591122512540067e-05,0.0029057648645397444,0.0,0.0,0.0,2
pixel_698,intensidad original,12449,0,0,12449,1,0.0,0.0,0.0,0.0,0.0,0.0,0.0,0.0,0.0,0.0,0.0,0.0,0
pixel_699,intensidad original,12449,0,0,12449,1,0.0,0.0,0.0,0.0,0.0,0.0,0.0,0.0,0.0,0.0,0.0,0.0,0
pixel_700,intensidad original,12449,0,0,12449,1,0.0,0.0,0.0,0.0,0.0,0.0,0.0,0.0,0.0,0.0,0.0,0.0,0
pixel_701,intensidad original,12449,0,0,12449,1,0.0,0.0,0.0,0.0,0.0,0.0,0.0,0.0,0.0,0.0,0.0,0.0,0
pixel_702,intensidad original,12449,0,0,12449,2,0.0,0.0,0.0,0.0,0.0,0.0,0.062745101749897,5.040172041922805e-06,0.0005623350462786577,0.0,0.0,0.0,1
pixel_703,intensidad original,12449,0,0,12449,3,0.0,0.0,0.0,0.0,0.0,0.0,0.501960813999176,5.2291784710516e-05,0.004692637008118224,0.0,0.0,0.0,2
pixel_704,intensidad original,12449,0,0,12449,17,0.0,0.0,0.0,0.0,0.0,0.0,0.9921568632125854,0.0005714294789195138,0.019732151792783488,0.0,0.0,0.0,18
pixel_705,intensidad original,12449,0,0,12449,59,0.0,0.0,0.0,0.0,0.0,0.0,0.9960784316062927,0.0026734961438120604,0.042413009272479006,0.0,0.0,0.0,78
pixel_706,intensidad original,12449,0,0,12449,97,0.0,0.0,0.0,0.0,0.0,0.21788235485554255,0.9960784316062927,0.007376606441971104,0.07609185261974151,0.0,0.0,0.0,169
pixel_707,intensidad original,12449,0,0,12449,153,0.0,0.0,0.0,0.0,0.0,0.8274509906768799,1.0,0.015527509274008318,0.11040886317688371,0.0,0.0,0.0,332
pixel_708,intensidad original,12449,0,0,12449,194,0.0,0.0,0.0,0.0,0.0,0.9882352948188782,1.0,0.028033435521624142,0.1499195315671838,0.0,0.0,0.0,540
pixel_709,intensidad original,12449,0,0,12449,220,0.0,0.0,0.0,0.0,0.0,0.9921568632125854,1.0,0.042568975970643096,0.18264852282985944,0.0,0.0,0.0,822
pixel_710,intensidad original,12449,0,0,12449,238,0.0,0.0,0.0,0.0,0.0,0.9921568632125854,1.0,0.05716121839149184,0.208475778859647,0.0,0.0,0.0,1124
pixel_711,intensidad original,12449,0,0,12449,249,0.0,0.0,0.0,0.0,0.0,0.9921568632125854,1.0,0.06901255240895052,0.22661354383496884,0.0,0.0,0.0,1370
pixel_712,intensidad original,12449,0,0,12449,248,0.0,0.0,0.0,0.0,0.0,0.9921568632125854,1.0,0.07597019449337965,0.23757026019947583,0.0,0.0,0.0,1522
pixel_713,intensidad original,12449,0,0,12449,251,0.0,0.0,0.0,0.0,0.0,0.9960784316062927,1.0,0.07800421883925976,0.24066279090169906,0.0,0.0,0.0,1547
pixel_714,intensidad original,12449,0,0,12449,252,0.0,0.0,0.0,0.0,0.0,0.9960784316062927,1.0,0.07136757265702633,0.2297387786976492,0.0,0.0,0.0,1422
pixel_715,intensidad original,12449,0,0,12449,248,0.0,0.0,0.0,0.0,0.0,0.9921568632125854,1.0,0.05811255088654883,0.2071276915356797,0.0,0.0,0.0,1234
pixel_716,intensidad original,12449,0,0,12449,233,0.0,0.0,0.0,0.0,0.0,0.9921568632125854,1.0,0.04583311732948193,0.18552028319555888,0.0,0.0,0.0,987
pixel_717,intensidad original,12449,0,0,12449,221,0.0,0.0,0.0,0.0,0.0,0.9921568632125854,1.0,0.03585011200973068,0.1657920994587152,0.0,0.0,0.0,750
pixel_718,intensidad original,12449,0,0,12449,196,0.0,0.0,0.0,0.0,0.0,0.9647058844566345,1.0,0.024330799373786776,0.13677454029073857,0.0,0.0,0.0,515
pixel_719,intensidad original,12449,0,0,12449,157,0.0,0.0,0.0,0.0,0.0,0.7549804067611712,1.0,0.014600117682856444,0.10566113698407181,0.0,0.0,0.0,318
pixel_720,intensidad original,12449,0,0,12449,95,0.0,0.0,0.0,0.0,0.0,0.24909804701805285,1.0,0.0078122663024460725,0.07726207256630452,0.0,0.0,0.0,180
pixel_721,intensidad original,12449,0,0,12449,64,0.0,0.0,0.0,0.0,0.0,0.0,1.0,0.0034692132655052077,0.051238548935702295,0.0,0.0,0.0,88
pixel_722,intensidad original,12449,0,0,12449,41,0.0,0.0,0.0,0.0,0.0,0.0,0.9960784316062927,0.0014663749981615613,0.03039017199055726,0.0,0.0,0.0,45
pixel_723,intensidad original,12449,0,0,12449,16,0.0,0.0,0.0,0.0,0.0,0.0,0.9921568632125854,0.000503387160767407,0.018299550747085797,0.0,0.0,0.0,17
pixel_724,intensidad original,12449,0,0,12449,9,0.0,0.0,0.0,0.0,0.0,0.0,0.7686274647712708,0.00019751173706753817,0.009808026913307438,0.0,0.0,0.0,8
pixel_725,intensidad original,12449,0,0,12449,1,0.0,0.0,0.0,0.0,0.0,0.0,0.0,0.0,0.0,0.0,0.0,0.0,0
pixel_726,intensidad original,12449,0,0,12449,1,0.0,0.0,0.0,0.0,0.0,0.0,0.0,0.0,0.0,0.0,0.0,0.0,0
pixel_727,intensidad original,12449,0,0,12449,1,0.0,0.0,0.0,0.0,0.0,0.0,0.0,0.0,0.0,0.0,0.0,0.0,0
pixel_728,intensidad original,12449,0,0,12449,1,0.0,0.0,0.0,0.0,0.0,0.0,0.0,0.0,0.0,0.0,0.0,0.0,0
pixel_729,intensidad original,12449,0,0,12449,1,0.0,0.0,0.0,0.0,0.0,0.0,0.0,0.0,0.0,0.0,0.0,0.0,0
pixel_730,intensidad original,12449,0,0,12449,1,0.0,0.0,0.0,0.0,0.0,0.0,0.0,0.0,0.0,0.0,0.0,0.0,0
pixel_731,intensidad original,12449,0,0,12449,1,0.0,0.0,0.0,0.0,0.0,0.0,0.0,0.0,0.0,0.0,0.0,0.0,0
pixel_732,intensidad original,12449,0,0,12449,8,0.0,0.0,0.0,0.0,0.0,0.0,0.8156862854957581,0.0001026935009403261,0.007660950445434283,0.0,0.0,0.0,7
pixel_733,intensidad original,12449,0,0,12449,31,0.0,0.0,0.0,0.0,0.0,0.0,0.9960784316062927,0.0010329202219696637,0.024763081585302778,0.0,0.0,0.0,33
pixel_734,intensidad original,12449,0,0,12449,54,0.0,0.0,0.0,0.0,0.0,0.0,1.0,0.003257526039669639,0.05013445262041259,0.0,0.0,0.0,76
pixel_735,intensidad original,12449,0,0,12449,104,0.0,0.0,0.0,0.0,0.0,0.12972549378872603,1.0,0.0066738175003805,0.07103650072157412,0.0,0.0,0.0,153
pixel_736,intensidad original,12449,0,0,12449,128,0.0,0.0,0.0,0.0,0.0,0.6078431606292725,1.0,0.01169729373279469,0.09567070226059095,0.0,0.0,0.0,244
pixel_737,intensidad original,12449,0,0,12449,179,0.0,0.0,0.0,0.0,0.0,0.7962353062629733,1.0,0.0170767321347839,0.11285605105007569,0.0,0.0,0.0,374
pixel_738,intensidad original,12449,0,0,12449,189,0.0,0.0,0.0,0.0,0.0,0.9254902005195618,1.0,0.022176440920742405,0.13082905708726383,0.0,0.0,0.0,470
pixel_739,intensidad original,12449,0,0,12449,200,0.0,0.0,0.0,0.0,0.0,0.9803921580314636,1.0,0.025808829768972363,0.1396196100133283,0.0,0.0,0.0,558
pixel_740,intensidad original,12449,0,0,12449,201,0.0,0.0,0.0,0.0,0.0,0.9882352948188782,1.0,0.02824386272423675,0.1476774137621369,0.0,0.0,0.0,595
pixel_741,intensidad original,12449,0,0,12449,214,0.0,0.0,0.0,0.0,0.0,0.9803921580314636,1.0,0.029288753403320936,0.14842435164965093,0.0,0.0,0.0,617
pixel_742,intensidad original,12449,0,0,12449,200,0.0,0.0,0.0,0.0,0.0,0.9411764740943909,1.0,0.02643003094493559,0.14088237097666587,0.0,0.0,0.0,566
pixel_743,intensidad original,12449,0,0,12449,196,0.0,0.0,0.0,0.0,0.0,0.8843921637535113,1.0,0.020637613511010282,0.12424500646347439,0.0,0.0,0.0,470
pixel_744,intensidad original,12449,0,0,12449,175,0.0,0.0,0.0,0.0,0.0,0.8334117746353167,1.0,0.01694726270760185,0.11332106325263525,0.0,0.0,0.0,374
pixel_745,intensidad original,12449,0,0,12449,152,0.0,0.0,0.0,0.0,0.0,0.6765490388870257,1.0,0.013713677482887012,0.10228970838211723,0.0,0.0,0.0,291
pixel_746,intensidad original,12449,0,0,12449,117,0.0,0.0,0.0,0.0,0.0,0.40784314274787903,1.0,0.009247770240454513,0.08398582636673403,0.0,0.0,0.0,194
pixel_747,intensidad original,12449,0,0,12449,78,0.0,0.0,0.0,0.0,0.0,0.0,1.0,0.005103173967190814,0.06213469832904651,0.0,0.0,0.0,109
pixel_748,intensidad original,12449,0,0,12449,36,0.0,0.0,0.0,0.0,0.0,0.0,1.0,0.00227185743986957,0.0430915676486594,0.0,0.0,0.0,51
pixel_749,intensidad original,12449,0,0,12449,25,0.0,0.0,0.0,0.0,0.0,0.0,1.0,0.0008332034050329056,0.023853142995608825,0.0,0.0,0.0,24
pixel_750,intensidad original,12449,0,0,12449,10,0.0,0.0,0.0,0.0,0.0,0.0,1.0,0.00032099594124704686,0.014721898483890205,0.0,0.0,0.0,10
pixel_751,intensidad original,12449,0,0,12449,5,0.0,0.0,0.0,0.0,0.0,0.0,0.43921568989753723,6.457720088323385e-05,0.004606532484078843,0.0,0.0,0.0,4
pixel_752,intensidad original,12449,0,0,12449,3,0.0,0.0,0.0,0.0,0.0,0.0,0.10980392247438431,9.765332844953707e-06,0.000989710195253181,0.0,0.0,0.0,2
pixel_753,intensidad original,12449,0,0,12449,1,0.0,0.0,0.0,0.0,0.0,0.0,0.0,0.0,0.0,0.0,0.0,0.0,0
pixel_754,intensidad original,12449,0,0,12449,1,0.0,0.0,0.0,0.0,0.0,0.0,0.0,0.0,0.0,0.0,0.0,0.0,0
pixel_755,intensidad original,12449,0,0,12449,1,0.0,0.0,0.0,0.0,0.0,0.0,0.0,0.0,0.0,0.0,0.0,0.0,0
pixel_756,intensidad original,12449,0,0,12449,1,0.0,0.0,0.0,0.0,0.0,0.0,0.0,0.0,0.0,0.0,0.0,0.0,0
pixel_757,intensidad original,12449,0,0,12449,1,0.0,0.0,0.0,0.0,0.0,0.0,0.0,0.0,0.0,0.0,0.0,0.0,0
pixel_758,intensidad original,12449,0,0,12449,1,0.0,0.0,0.0,0.0,0.0,0.0,0.0,0.0,0.0,0.0,0.0,0.0,0
pixel_759,intensidad original,12449,0,0,12449,1,0.0,0.0,0.0,0.0,0.0,0.0,0.0,0.0,0.0,0.0,0.0,0.0,0
pixel_760,intensidad original,12449,0,0,12449,2,0.0,0.0,0.0,0.0,0.0,0.0,0.027450980618596077,2.2050751561246747e-06,0.0002460215702268441,0.0,0.0,0.0,1
pixel_761,intensidad original,12449,0,0,12449,2,0.0,0.0,0.0,0.0,0.0,0.0,0.5176470875740051,4.1581419196241074e-05,0.004639264115105504,0.0,0.0,0.0,1
pixel_762,intensidad original,12449,0,0,12449,5,0.0,0.0,0.0,0.0,0.0,0.0,0.45098039507865906,9.639328723452121e-05,0.00560845104342244,0.0,0.0,0.0,4
pixel_763,intensidad original,12449,0,0,12449,8,0.0,0.0,0.0,0.0,0.0,0.0,0.9882352948188782,0.00023058785834971447,0.013217972059437564,0.0,0.0,0.0,7
pixel_764,intensidad original,12449,0,0,12449,9,0.0,0.0,0.0,0.0,0.0,0.0,0.9882352948188782,0.0003247760720739538,0.014307502314681976,0.0,0.0,0.0,10
pixel_765,intensidad original,12449,0,0,12449,15,0.0,0.0,0.0,0.0,0.0,0.0,0.9921568632125854,0.0006939686573871275,0.02287617761021653,0.0,0.0,0.0,15
pixel_766,intensidad original,12449,0,0,12449,32,0.0,0.0,0.0,0.0,0.0,0.0,1.0,0.001318319947609548,0.029965175064238982,0.0,0.0,0.0,35
pixel_767,intensidad original,12449,0,0,12449,48,0.0,0.0,0.0,0.0,0.0,0.0,1.0,0.002056075091830532,0.03881624906849607,0.0,0.0,0.0,51
pixel_768,intensidad original,12449,0,0,12449,45,0.0,0.0,0.0,0.0,0.0,0.0,0.9960784316062927,0.0028313165215607945,0.04646560541161553,0.0,0.0,0.0,57
pixel_769,intensidad original,12449,0,0,12449,60,0.0,0.0,0.0,0.0,0.0,0.0,0.9960784316062927,0.0027009020844145715,0.04296804679399136,0.0,0.0,0.0,75
pixel_770,intensidad original,12449,0,0,12449,66,0.0,0.0,0.0,0.0,0.0,0.0,0.9960784316062927,0.0033038326363517717,0.048228595730840595,0.0,0.0,0.0,82
pixel_771,intensidad original,12449,0,0,12449,59,0.0,0.0,0.0,0.0,0.0,0.0,0.9960784316062927,0.0028647076547551617,0.04532404256603743,0.0,0.0,0.0,71
pixel_772,intensidad original,12449,0,0,12449,53,0.0,0.0,0.0,0.0,0.0,0.0,0.9921568632125854,0.0022057051994747376,0.038730047011375224,0.0,0.0,0.0,56
pixel_773,intensidad original,12449,0,0,12449,37,0.0,0.0,0.0,0.0,0.0,0.0,0.9921568632125854,0.0015690684899375357,0.03383121974314873,0.0,0.0,0.0,44
pixel_774,intensidad original,12449,0,0,12449,28,0.0,0.0,0.0,0.0,0.0,0.0,0.9921568632125854,0.0011844403771100796,0.02910736178021705,0.0,0.0,0.0,29
pixel_775,intensidad original,12449,0,0,12449,19,0.0,0.0,0.0,0.0,0.0,0.0,0.9960784316062927,0.0007257847395489968,0.023020295940602935,0.0,0.0,0.0,20
pixel_776,intensidad original,12449,0,0,12449,11,0.0,0.0,0.0,0.0,0.0,0.0,0.9882352948188782,0.0004101439841637454,0.01718435268475341,0.0,0.0,0.0,11
pixel_777,intensidad original,12449,0,0,12449,7,0.0,0.0,0.0,0.0,0.0,0.0,0.9921568632125854,0.00018711637920122546,0.011335097196436248,0.0,0.0,0.0,6
pixel_778,intensidad original,12449,0,0,12449,4,0.0,0.0,0.0,0.0,0.0,0.0,0.95686274766922,9.954339259120296e-05,0.008787679534367857,0.0,0.0,0.0,3
pixel_779,intensidad original,12449,0,0,12449,2,0.0,0.0,0.0,0.0,0.0,0.0,0.24313725531101227,1.9530665540285346e-05,0.002179048179129113,0.0,0.0,0.0,1
pixel_780,intensidad original,12449,0,0,12449,1,0.0,0.0,0.0,0.0,0.0,0.0,0.0,0.0,0.0,0.0,0.0,0.0,0
pixel_781,intensidad original,12449,0,0,12449,1,0.0,0.0,0.0,0.0,0.0,0.0,0.0,0.0,0.0,0.0,0.0,0.0,0
pixel_782,intensidad original,12449,0,0,12449,1,0.0,0.0,0.0,0.0,0.0,0.0,0.0,0.0,0.0,0.0,0.0,0.0,0
pixel_783,intensidad original,12449,0,0,12449,1,0.0,0.0,0.0,0.0,0.0,0.0,0.0,0.0,0.0,0.0,0.0,0.0,0
