epoch,mse,validation_mse,accuracy,converged,training_accuracy,training_macro_precision_present,training_macro_recall_present,training_macro_f1_present,validation_accuracy,validation_macro_precision_present,validation_macro_recall_present,validation_macro_f1_present
0,0.35800097040643447,0.3569165096047622,,False,0.051009137463600765,0.08730167765442216,0.06034084740948104,0.05489275873168008,0.04939759036144578,0.08117372788562041,0.05803942655621351,0.05130465944363588
1,0.06178713669019404,0.06271185811747298,,False,0.5104930213876895,0.4559731795837421,0.4544265388547371,0.3636804365771571,0.5016064257028112,0.3558682925974408,0.4462293722648625,0.353478514880504
2,0.04626617503763078,0.04756125483480888,,False,0.6674364896073903,0.6243018058195994,0.6019218229621073,0.559278253845473,0.6630522088353413,0.6558944642532444,0.5980011937917453,0.5568749722766282
3,0.029103225939241435,0.03086547607623343,,False,0.8281956019680691,0.7655363092710876,0.7516820017592172,0.7443913442739355,0.8192771084337349,0.8389475741973856,0.7436804285553164,0.7369282766851435
4,0.02611860767570132,0.028033832802658098,,False,0.8464705291695953,0.8074475248796925,0.7690822725879085,0.7641338502253728,0.834136546184739,0.8628021982904431,0.759318777160796,0.7560269556608721
5,0.021032715024455344,0.023080852450196518,,False,0.8765940355457376,0.8291496613884918,0.797421335555698,0.7910573466277484,0.8642570281124498,0.8788211808517727,0.7873797230183001,0.7826407408122444
6,0.018885734315101814,0.021130952709593656,,False,0.8899487900391606,0.8573548176180826,0.8103057234027975,0.8046322032417499,0.8763052208835341,0.8893452429509965,0.7987352078325591,0.794089797233843
7,0.018022768802097338,0.02037400102811884,,False,0.8948689627472638,0.861570180009089,0.8152926396463359,0.8104059481060647,0.8799196787148594,0.8382428398290475,0.800388086745786,0.7940065062314097
8,0.016736098404538245,0.01931208874876448,,False,0.8987850185761622,0.8935537518024419,0.8185434233801772,0.8125609060285217,0.8839357429718876,0.8960323556888794,0.805723562322634,0.8006700050180172
9,0.015790242072341486,0.018434584798378124,,False,0.9053117782909931,0.8819491009753545,0.82483353133304,0.8193700920749202,0.88714859437751,0.8987542623103307,0.8068286540935641,0.7999500235359251
10,0.01507830532176284,0.017886443689276114,,False,0.909328245807812,0.8819065598394831,0.829838163359508,0.8256696999187813,0.8919678714859438,0.8755330590345389,0.8147509861185877,0.8115183134345598
11,0.01466474846049478,0.017467836910249706,,False,0.9117381263179034,0.9053643392460101,0.8327700320463683,0.8296711899590091,0.8919678714859438,0.9031666953032969,0.8146811692724537,0.8116140634231145
12,0.01509558828015043,0.018210287228901226,,False,0.9080228938648459,0.8959919614272837,0.8274683382103595,0.8224499293346811,0.8855421686746988,0.9003503811334448,0.8090153959544497,0.8064682665265261
13,0.01368346520540165,0.016765164856761248,,False,0.9154533587709609,0.9163542673925935,0.836365415195295,0.8333267619129451,0.8967871485943775,0.8802264440702038,0.8192720801400137,0.8162888525132861
14,0.013174006990966785,0.01649156111434002,,False,0.9207751782307461,0.9059199048432924,0.8424992683602439,0.8404383435392693,0.8947791164658635,0.883531167598838,0.8191290569952084,0.8175746301115242
15,0.012780288575471576,0.016182780196032833,,False,0.920976001606587,0.9184389912240714,0.8439257262693035,0.8432634120588668,0.9008032128514056,0.8644881584876489,0.8245231193992959,0.8230213165319998
16,0.012525994332322392,0.015992898284458136,,False,0.9231850587408374,0.9052129492129468,0.8477550268844715,0.8483314131090275,0.9040160642570281,0.8776476375425438,0.8309030664421783,0.8320720613007349
17,0.012114055533184467,0.015807664407540875,,False,0.9263982327542926,0.9195782261241072,0.8498807924524738,0.8496254818865894,0.9020080321285141,0.884751624250032,0.8291758236037974,0.8303656633989446
18,0.01198633307514537,0.015754247505893687,,False,0.9269002911938949,0.9253041364024995,0.8548766327661058,0.8585330780799184,0.9024096385542169,0.8855536488458954,0.8293690432872172,0.8305486347223747
19,0.011459178473765411,0.015436586713941611,,False,0.9310171703986344,0.9219471658047511,0.8644350650402881,0.8714393886934801,0.906425702811245,0.8887994776006659,0.8329585100559123,0.8343517346136979
20,0.011163501778059776,0.015156859284248174,,False,0.9351340496033739,0.9324562761932843,0.8759302387737268,0.886111776020084,0.9092369477911647,0.8971484620075706,0.8458911591776409,0.8530346670753454
21,0.01087404267620004,0.014970833520688284,,False,0.9360377547946581,0.9325060647592553,0.8783812171416021,0.8890242118446265,0.9112449799196787,0.9000942928788143,0.8493968588482681,0.8573848699702474
22,0.01052471400454472,0.014825552344196738,,False,0.9399538106235565,0.9347251339183659,0.8891441652495813,0.9006990800791635,0.9104417670682731,0.897228676346888,0.8520342682461227,0.8606480420813124
23,0.010283783967433409,0.014615671925689128,,False,0.9405562807510794,0.9305990765382064,0.8954514009174152,0.9063250758486608,0.9140562248995984,0.8999593417532117,0.8603248102221907,0.8699006704150337
24,0.010049436876984853,0.014472902488115807,,False,0.9425645145094889,0.934647261675733,0.900326393669632,0.9113532364011517,0.9120481927710843,0.8917733948722321,0.8585739127708734,0.8670183343120684
25,0.009831811109047054,0.014288229027564506,,False,0.9445727482678984,0.9365020220135549,0.9067137794602256,0.9171893085438703,0.9120481927710843,0.8941074870514725,0.8619040243390561,0.8709953644727031
26,0.00957635664488382,0.014124729680657538,,False,0.9470830404659102,0.9401393764303153,0.9119656085495635,0.9222210483219688,0.9156626506024096,0.9021794457067086,0.8685783840746657,0.8783605621596362
27,0.009455601198509316,0.014079824183358541,,False,0.9466813937142283,0.9403783165573257,0.9129776462014108,0.9230547134233811,0.9136546184738956,0.8948234165830564,0.8669602773091774,0.8755491565818958
28,0.00915132222017412,0.013850636632066492,,False,0.949994979415604,0.9456941132652411,0.9171961416341143,0.9276689202514353,0.9184738955823293,0.9020618378340769,0.8711462865696363,0.8803296804438215
29,0.008855404628637197,0.013616938477506932,,False,0.9501958027914449,0.9465991015465427,0.919066746711646,0.9294164108738021,0.9180722891566265,0.9014728308838929,0.8708356220788315,0.8800294529744025
30,0.008907975923936488,0.01374249715837096,,False,0.949994979415604,0.9475459645427016,0.9158763685796152,0.9271585642018082,0.9188755020080321,0.9024598622541862,0.8714302038188264,0.8806692725342662
31,0.008527480758462687,0.013425446615274117,,False,0.9526056833015363,0.9498280196569405,0.9191704603714123,0.9302617725567051,0.9196787148594378,0.9093298309188604,0.8739548515849246,0.8843879304605804
32,0.008473693460736297,0.013538030569840322,,False,0.9524048599256953,0.9517034836835551,0.9193855631079602,0.9309477100098665,0.9176706827309237,0.9048631987946479,0.8721379400230853,0.8819788078891571
33,0.008308519203659484,0.013360713208025274,,False,0.9540114469324229,0.9511816635726059,0.9258991620844194,0.9357577584864099,0.9184738955823293,0.9037401284315022,0.8745304103638842,0.8838002107209708
34,0.008119942159651705,0.013230783866780674,,False,0.9548147404357867,0.9542788698898512,0.9253379043137289,0.9362594283504215,0.9220883534136546,0.9088539791314272,0.876108045064663,0.8859843398657343
35,0.007956734310250431,0.0130669310250227,,False,0.9561200923787528,0.9520281935093681,0.9286822463930984,0.9379577381077122,0.9244979919678715,0.911251273823696,0.8850495450715966,0.8941043360172399
36,0.007859089463003817,0.013074576044562173,,False,0.955718445627071,0.9551149570029815,0.9257827113152941,0.9367781384152349,0.9240963855421687,0.913949173509913,0.8796024412721769,0.8901006807292534
37,0.007698886341653985,0.01284994902315956,,False,0.957425444321719,0.9544237516468138,0.9311784341288151,0.9404712685755404,0.9244979919678715,0.9126180220166843,0.8834853971259099,0.8932186634140655
38,0.0075956528026180576,0.012853567797363059,,False,0.9579275027613214,0.9557714644128006,0.9278139125068565,0.9383898905274515,0.9248995983935743,0.9133163459353361,0.8837371260969851,0.8935051309716514
39,0.007492168300087781,0.012776712109246947,,False,0.9580279144492418,0.955544171898583,0.9316988091540863,0.9412034993172063,0.9269076305220884,0.9189372798654243,0.8907527484048248,0.9007273307319773
40,0.007362515444080777,0.01272885739258562,,False,0.9592328547042875,0.9590331011058575,0.9315411597019645,0.9421256712409813,0.9240963855421687,0.9173742591553178,0.8813081472841254,0.8923596951366071
41,0.00721847906985971,0.012685996711348633,,False,0.9596345014559695,0.957681592949928,0.9335697774565733,0.9431777639232455,0.9257028112449799,0.9162625993473424,0.8912296604403311,0.9003525743172784
42,0.00710566385364408,0.012577755670243615,,False,0.9602369715834923,0.9582362992779908,0.9345563521279465,0.9440336368240972,0.9257028112449799,0.9139927877262427,0.8912272352884698,0.8996401445441052
43,0.007050225221627412,0.01253760263853163,,False,0.9610402650868561,0.957973063477636,0.9369848310547643,0.9456099720721279,0.9236947791164659,0.9123037173461527,0.889413623787889,0.8978259932016268
44,0.006920678133669665,0.012489983935194139,,False,0.9609398533989356,0.9563903055896734,0.9377180060390384,0.9455552634597163,0.9261044176706827,0.9144868978294194,0.8916110304827036,0.9000278235133076
45,0.006898768617138889,0.01254388667056585,,False,0.9616427352143789,0.958152798565926,0.938386324333787,0.9466068710510795,0.9269076305220884,0.9172865898669404,0.8923343758718753,0.9014102199859999
46,0.006738365656192594,0.012428117938962471,,False,0.9622452053419018,0.9614343501318093,0.938500243329424,0.9478081368979837,0.9261044176706827,0.9166705928662908,0.8915840270858829,0.9006656415188448
47,0.006705242929159218,0.01234572264918419,,False,0.9628476754694246,0.960828488540926,0.9390465325876673,0.9479777500056539,0.9281124497991968,0.923023385268033,0.893437903623381,0.9039448167574271
48,0.006550837415368575,0.012380073188117484,,False,0.9631489105331861,0.9622118544318238,0.9397468693400971,0.9489220509522754,0.9265060240963855,0.921636021224198,0.8919587595009886,0.9024225691455222
49,0.006430091594258672,0.01229116087029586,,False,0.9640526157244703,0.9615676718644861,0.9426932816866298,0.9506640942032593,0.9293172690763052,0.9193158725965225,0.8945848332889764,0.903675902591416
50,0.006426021321781908,0.012250374523765343,,False,0.9648559092278342,0.9607382468016622,0.9438523100208419,0.9511067407232405,0.9309236947791165,0.9207348613558646,0.8961299173518122,0.9052463319528575
51,0.0063408446385799,0.012317504209791037,,False,0.9642534391003112,0.9650540531267069,0.9420415638598418,0.9514229219938711,0.9253012048192771,0.915909326064802,0.8908704604560251,0.8998940776907864
52,0.00624731984664712,0.01217543147938456,,False,0.9649563209157546,0.9640535763941328,0.9418398987696937,0.9509261555116267,0.9273092369477912,0.9173811270622834,0.8910107943139407,0.9003314188213124
53,0.006072855174991018,0.012080972128516863,,False,0.9665629079224822,0.962198544028754,0.9491947963218857,0.9549939700400246,0.9281124497991968,0.9168042953491518,0.8951709901133551,0.9033506103029819
54,0.00612179259494808,0.01205996513884656,,False,0.9666633196104026,0.9639961172551561,0.94595028567817,0.9536435748173832,0.9289156626506024,0.9189970173688707,0.8942474791899107,0.9033907250995173
55,0.006036318831242253,0.012087422155085195,,False,0.9672657897379255,0.9656680822349952,0.9477587680878011,0.9554230080581116,0.9301204819277108,0.9251868434510312,0.8970311606541643,0.9072735987737135
56,0.005866260626070275,0.01203232749703197,,False,0.9669645546741641,0.966991107837391,0.9470522705763587,0.9554497109506216,0.9301204819277108,0.9255115439595133,0.8987197925665456,0.9086713412175315
57,0.005978818530876038,0.01225012663131989,,False,0.9669645546741641,0.9671954866957283,0.947867206513121,0.9560450916766047,0.9281124497991968,0.921023561746719,0.8934190885032689,0.9031943372775976
58,0.005764959177934103,0.012104730805522717,,False,0.9677678481775278,0.9668487368127453,0.9507271969200944,0.9577477940927298,0.9285140562248996,0.9218436158725173,0.8972390020669336,0.906404009737944
59,0.0058113838101204645,0.011984269727651382,,False,0.9683703183050507,0.9658607793140133,0.950856856937116,0.9574477885223208,0.9309236947791165,0.9218283211850188,0.8994531040360739,0.9080953834055693
60,0.005596305224199308,0.012036058643408917,,False,0.9686715533688122,0.9670788896941337,0.9498529402045836,0.9572752319536415,0.9289156626506024,0.9242768788777256,0.895874453200132,0.9060995702907199
61,0.005849974080981488,0.01206813385610407,,False,0.9677678481775278,0.9672877012074491,0.9482219819871509,0.956310790421608,0.9325301204819277,0.93308399252862,0.9026618507967805,0.913842772009325
62,0.00543419373429759,0.011862445886511372,,False,0.9695752585600964,0.9684641017769428,0.9519603858394137,0.9591357472226277,0.9317269076305221,0.922473053523094,0.9001664425408481,0.9087670357455873
63,0.00550514631851202,0.012044715978116561,,False,0.9691736118084145,0.9692533309298275,0.9507448992059611,0.9586547918104747,0.929718875502008,0.9250789048196997,0.8965683555883766,0.9068345835354213
64,0.005373537362708937,0.011982442182018242,,False,0.9696756702480168,0.9681565204510582,0.9533027801210581,0.9598620839162688,0.9301204819277108,0.9211075048797253,0.8986579081211199,0.907242999220657
65,0.0054559614308544654,0.012102318380172615,,False,0.9699769053117783,0.9686129629549178,0.9539821688060618,0.9604377647031198,0.929718875502008,0.9203321545696276,0.9033278922507536,0.9101592561335146
66,0.005218462141150074,0.011760873829583254,,False,0.9704789637513807,0.9688427208849257,0.9536343125839191,0.9603211185410464,0.9345381526104418,0.9276731148841029,0.9044680952085405,0.9134467936609999
67,0.005168914598955368,0.011831828174481727,,False,0.9710814338789036,0.9679954100106303,0.9558619280865107,0.9613368049354004,0.9293172690763052,0.9160859982966217,0.9030134386022135,0.9084665368930731
68,0.005100420754994107,0.011825985555604612,,False,0.9708806105030625,0.9682770205948431,0.9548258035603939,0.9608255887752483,0.9325301204819277,0.9222252146554377,0.904289956299849,0.911500612477412
69,0.005092959760850915,0.01183590927490556,,False,0.9710814338789036,0.9694080870445902,0.9554435964597907,0.9616492111814454,0.9301204819277108,0.9211260914025117,0.8987431094340751,0.9072391671140606
70,0.0050054397445683275,0.01172991634196626,,False,0.9714830806305854,0.9693116479409633,0.954958418186172,0.9613147506569641,0.9321285140562249,0.9257606118974159,0.9038992580719714,0.9124979808712447
71,0.004961667710665793,0.011758694795289612,,False,0.9717843156943469,0.966467604146118,0.9573430208355206,0.9615582063831868,0.9317269076305221,0.9176508338754095,0.9086173518912753,0.9125483248256301
72,0.004915288290320773,0.011706050400614842,,False,0.9716839040064263,0.9699905660992321,0.9564279657250092,0.9624856551576464,0.934136546184739,0.9271965426595519,0.9040857819652415,0.9130177344577136
73,0.0049271742360145225,0.01187558966308149,,False,0.9720855507581082,0.9714406320495006,0.9576145933047164,0.9637811287643786,0.9293172690763052,0.920529915401123,0.8979595837457066,0.9064637013315683
74,0.004820343695199322,0.011630943586441091,,False,0.9724871975097902,0.9717529544173966,0.957160160287502,0.9636357079036991,0.9337349397590361,0.9268453158139669,0.9037057963107773,0.9126806932364665
75,0.004801034485976722,0.011649189967243161,,False,0.9729892559493926,0.9698284384869239,0.9584528272486694,0.9636300074826694,0.9353413654618474,0.9273400646943288,0.9102528533476831,0.9173633446410407
76,0.004733832614291495,0.011728745996290944,,False,0.972888844261472,0.9711981787733018,0.9579380535665822,0.9638826382328826,0.9337349397590361,0.9276172760965845,0.9070562035482985,0.9152921613008167
77,0.004715371137454454,0.011785991089950274,,False,0.972888844261472,0.9721448107349305,0.9579492496727914,0.9642586442236097,0.9317269076305221,0.9276749194237224,0.9035630627484532,0.9127880330138797
78,0.004647695291740411,0.01170761689959389,,False,0.972888844261472,0.972189509194025,0.958796292483193,0.9647937365463485,0.9313253012048193,0.9211445696338088,0.9031836946068064,0.9103542800054159
79,0.0046286810550169016,0.011557670033701988,,False,0.9731900793252335,0.9729245280231863,0.9586557295421471,0.9650146360594233,0.9353413654618474,0.9305503519162232,0.9052100182059135,0.9148731210663301
80,0.004553349588168566,0.011590025779012103,,False,0.9734913143889948,0.9722224797848593,0.9593372821306682,0.9651365987473289,0.9345381526104418,0.928267850375468,0.9078230100967062,0.9160174520632294
81,0.004535812667610155,0.01150913916930155,,False,0.9734913143889948,0.9727266350901278,0.9585228854815404,0.9648376393718004,0.9345381526104418,0.9276490633173149,0.904456632725004,0.9133859373996097
82,0.004492122116988038,0.011570683605571534,,False,0.9738929611406768,0.9736142292413231,0.9592930638169462,0.96566530031518,0.9333333333333333,0.9292549138199622,0.9067103423850809,0.9156284946490616
83,0.004485791755489106,0.011695701463167675,,False,0.9741941962044381,0.9724178382263605,0.9608246875104425,0.9660892013373983,0.9321285140562249,0.9255889066041338,0.9022427503984631,0.9111209704849692
84,0.004463518151360854,0.011593377823090468,,False,0.9744954312681996,0.9727458516938738,0.9610944661580008,0.9663961932776023,0.9325301204819277,0.9283438770720578,0.9042445992853982,0.9135677863092637
85,0.004449817569551616,0.011509535932397171,,False,0.9742946078923587,0.9725237776340793,0.9609218729442064,0.9662007049095668,0.9353413654618474,0.9293675234901705,0.9102579098126371,0.9181301986490225
86,0.0043547098007166805,0.011538919466776758,,False,0.9742946078923587,0.9739947580245217,0.960504344812715,0.96654937322386,0.9357429718875502,0.9312965868068415,0.9072624773466578,0.9165533160121705
87,0.0042985531927434515,0.01149068812611473,,False,0.9748970780198816,0.9731051062226546,0.9614643721112497,0.9667589001085636,0.9345381526104418,0.9306444513774869,0.909476380055233,0.9180215969278039
88,0.00425599556948708,0.011481251045947504,,False,0.9746962546440405,0.9738731463825445,0.9612950280989752,0.9669761530313615,0.9349397590361446,0.9309739040954804,0.9098928177897787,0.9183893017409839
89,0.004255701787512115,0.011448210266756213,,False,0.9748970780198816,0.9750879843586269,0.961071965149011,0.967326936167078,0.9357429718875502,0.9291026050858407,0.907249027414641,0.9158645324403693
90,0.004221242542346047,0.011443912496573115,,False,0.9752987247715634,0.9734698842918452,0.9631231366282338,0.9678786969708776,0.9345381526104418,0.9262904311789296,0.9078589388099307,0.915340223241754
91,0.0042202775633978715,0.011402292764609998,,False,0.9755999598353249,0.9728310568657516,0.963800702683844,0.9679946408997184,0.9353413654618474,0.9289710872518526,0.9085770215729168,0.9167977236579284
92,0.004170084601647961,0.011401895682777144,,False,0.9754995481474044,0.9745878713649413,0.9633045425239253,0.9684579829877428,0.9365461847389558,0.9301166124963365,0.9097115301708981,0.9178904980224095
93,0.004094605514605013,0.01141002771687635,,False,0.9757003715232453,0.9748208522889347,0.9634867931554429,0.9686639533735336,0.936144578313253,0.9297674011074114,0.9093380565805271,0.917553897147447
94,0.004162821656813735,0.011566138518073957,,False,0.9760016065870067,0.9752324048109551,0.9641477483029427,0.9692072624772781,0.9365461847389558,0.9268428041220468,0.9113673990452121,0.9177788038240051
95,0.004048963319840616,0.011354937526172016,,False,0.9760016065870067,0.9746375838397766,0.964606808748,0.9692309325958482,0.936144578313253,0.9316076317741493,0.9076487748737441,0.9169324244785098
96,0.00403305993908407,0.011483092079857449,,False,0.9763028416507682,0.9744535956902846,0.9648587843756317,0.9692947371038844,0.9349397590361446,0.9271880126341097,0.909906255822245,0.9169404535317436
97,0.004006971300376443,0.01133292143829368,,False,0.9764032533386886,0.9755942608959932,0.965386612296533,0.9700937692388032,0.9365461847389558,0.9324949413225225,0.9113347514394822,0.9199042668955657
98,0.003977225036371843,0.011303272684905252,,False,0.9770057234662115,0.9747166138363453,0.9659392291799167,0.9700252664444614,0.936144578313253,0.926255015927971,0.9109792235322218,0.9174271802474883
99,0.003974737952161748,0.011315846210227937,,False,0.9766040767145295,0.975265530032018,0.9659731150265036,0.9702903727751848,0.9349397590361446,0.9286738469076844,0.9081727613977512,0.9164245142624645
100,0.0038857994806480362,0.011296073352305968,,False,0.9771061351541319,0.976647185872895,0.9664497082307357,0.9711525257150968,0.9365461847389558,0.9304195112086426,0.9113834837073875,0.9191829306794956
101,0.0038634759858915744,0.011322938597821408,,False,0.9768049000903705,0.9763558668718679,0.9657728221800581,0.9706368273720495,0.9365461847389558,0.9304778984388236,0.9114039571708038,0.9191429284476832
102,0.003877480933892361,0.011417431811853373,,False,0.9768049000903705,0.9754127813515348,0.9657618781387423,0.9702252232423219,0.9349397590361446,0.9290965055708291,0.9099242218873902,0.917694025691844
103,0.003809488728489251,0.01124793500513596,,False,0.9775077819058139,0.9765388667003292,0.9668205232233995,0.9713207956049624,0.9365461847389558,0.9285261486927597,0.9114033311755025,0.9184945115832197
104,0.0037757205404151863,0.0112469227093251,,False,0.9773069585299728,0.976824611205799,0.9666255055526318,0.971332828186338,0.9365461847389558,0.9266665347572393,0.9113674109447625,0.9177898765977868
105,0.0038311121143412155,0.011250367082379262,,False,0.9777086052816548,0.9762650057227895,0.9669834139260524,0.9712943676693742,0.9357429718875502,0.9260049668976923,0.910604486051698,0.9170803498861019
106,0.003745111998304086,0.01125669081112389,,False,0.9778090169695752,0.9763805215694727,0.9670687171027892,0.9713884177249992,0.9369477911646586,0.9267029067170505,0.9100637888702143,0.9169203490550635
107,0.0037102563910042007,0.011260706467455823,,False,0.9778090169695752,0.9768203980911397,0.9674962963510801,0.971828223557029,0.9369477911646586,0.9270884344017719,0.9117556934076059,0.9182014204277676
108,0.0036861565576249344,0.01124412386964971,,False,0.9778090169695752,0.9763548800385191,0.9674989640848403,0.9716264299659362,0.9365461847389558,0.9263444798363152,0.9097217108949707,0.9165464967116205
109,0.0036600275039493898,0.011197772693693975,,False,0.9781102520333367,0.9770976805577826,0.967773740662138,0.9721015894487183,0.936144578313253,0.9263335855305654,0.9110420232449611,0.9174275452572895
110,0.003641798199118154,0.011175629704281176,,False,0.9782106637212572,0.9763496738348402,0.9682857734322352,0.9720593812732969,0.9373493975903614,0.9274606410109426,0.9121393765865682,0.9185862728412673
111,0.0036211069827313805,0.011164440639013297,,False,0.9781102520333367,0.9775760940175324,0.9681997650996657,0.9725510183663197,0.9369477911646586,0.9288894222634458,0.9117652651013456,0.9188577184753951
112,0.003604934573250954,0.011163060842030982,,False,0.9785118987850185,0.9774857236979477,0.9685564962465006,0.9727194881475809,0.936144578313253,0.926257563511501,0.9110017107959139,0.9174392521742134
113,0.003598336889981918,0.011256219011491627,,False,0.9783110754091776,0.9773373639433935,0.9683717817648047,0.9725480635987876,0.9349397590361446,0.9249634759571295,0.9082092957242422,0.9150638630662292
114,0.003559054436184663,0.01112260580625938,,False,0.9785118987850185,0.9770456808661733,0.968977826068752,0.9727642683105492,0.936144578313253,0.9263643684845199,0.9110312250080715,0.9174926935910668
115,0.0035390148091687234,0.011214305989674125,,False,0.9784114870970981,0.9769669589708035,0.9688755382273464,0.972669767677161,0.934136546184739,0.9242784286094344,0.9074795527989722,0.9143056996731295
116,0.003549211762786895,0.011190846364193877,,False,0.9786123104729391,0.9776236435478629,0.969057584975282,0.9730599036571655,0.9357429718875502,0.9263175640933515,0.9106363752648206,0.9171059122603865
117,0.0034865445493172096,0.011167096504517868,,False,0.9786123104729391,0.9771472333388229,0.9690622795905584,0.9728507807001875,0.9353413654618474,0.925684041522324,0.9102873942559333,0.9167320598043334
118,0.003476905340116202,0.011121744974775888,,False,0.9787127221608595,0.9772316706190343,0.969150955656888,0.972941889483282,0.9365461847389558,0.9249903234922756,0.9114084817864168,0.9171733701768111
119,0.0034744814561007914,0.011126181732352214,,False,0.9786123104729391,0.9772002356897147,0.9690658612828378,0.9728773093020503,0.9353413654618474,0.925703459003024,0.9102124941648059,0.9166944696033058
120,0.003469088477791273,0.011105026479216256,,False,0.97881313384878,0.977288534664243,0.9692608146500166,0.9730240304974854,0.9345381526104418,0.924499710022476,0.9078672177489986,0.9146608289342867
121,0.003421778466024511,0.011118356097886103,,False,0.9787127221608595,0.9776955950440305,0.9691482879231279,0.9731428351330469,0.936144578313253,0.9260483482494107,0.9093488548174167,0.916197543989792
122,0.0033990068014183136,0.011088706522346475,,False,0.9789135455367005,0.9778937317953567,0.9693350292863399,0.9733326792802929,0.9349397590361446,0.9253587691617301,0.9098959461179326,0.9163553517485394
123,0.003376663179555758,0.011076830822879748,,False,0.9790139572246209,0.9780032876851662,0.96942824317419,0.9734359510333876,0.936144578313253,0.9264363922373069,0.9110157697582635,0.9175025947715341
124,0.0033671194023276226,0.01109644555044766,,False,0.9790139572246209,0.9784423436887018,0.9694403705908642,0.9736352654781799,0.936144578313253,0.9263970251893059,0.91102921969028,0.9174531503982922
125,0.003359988612098355,0.011107456233451687,,False,0.9792147806004619,0.9772578977991198,0.9696191328122108,0.9732144558338391,0.9357429718875502,0.92606937487186,0.9106743092958366,0.9171092393109023
126,0.003332142920890098,0.011087551216481726,,False,0.9791143689125414,0.9780899286675881,0.9695207832132591,0.9735233574350014,0.9353413654618474,0.9257166493995148,0.9102764636217378,0.9167128832230671
127,0.003323428261830114,0.011049761040217782,,False,0.9791143689125414,0.9785640451653074,0.9695335835485898,0.9737413811922373,0.936144578313253,0.9264187188752785,0.9109902398298928,0.9174872706383975
128,0.0032942382280750425,0.011061755440069734,,False,0.9795160156642233,0.9784428449350079,0.9703166223435369,0.9741281952874541,0.9353413654618474,0.925650337492534,0.910283507535172,0.9167053657739692
129,0.0032909776172873086,0.011051609248053835,,False,0.9793151922883824,0.9791531488210903,0.9701408250216408,0.9743456419387938,0.9357429718875502,0.924641261919194,0.9123321953874923,0.9176558965698519
130,0.003289827041037195,0.011022225827597706,,False,0.9795160156642233,0.9793524770571879,0.9703274879879749,0.9745363546896031,0.9353413654618474,0.9251510984468965,0.9085821637013465,0.9154591555813839
131,0.003279427916792092,0.011087628713934795,,False,0.9794156039763029,0.9802697955877255,0.9698027524822164,0.9746309448065568,0.9357429718875502,0.9260159149739001,0.9106039423028065,0.9170710940737341
132,0.0032408900085161246,0.011045920659362597,,False,0.9796164273521438,0.9789886962425136,0.970409836231387,0.9744247751878444,0.936144578313253,0.9250087956376495,0.9126859275552586,0.9180100372948233
133,0.0032526310018430177,0.011032440898201212,,False,0.9795160156642233,0.9785118571878447,0.9703274879879749,0.9741592254756366,0.9357429718875502,0.9246870140595678,0.9122835487830625,0.9176283375222215
134,0.0032304183445301783,0.011002483203535779,,False,0.9797168390400642,0.9799975305830603,0.9705159096486542,0.9749222934889228,0.9353413654618474,0.9256516598517572,0.9102758376264366,0.9167204081103016
135,0.0031943914975237995,0.011030451476564566,,False,0.9799176624159052,0.9792822723822732,0.9706916285736723,0.9747099453397935,0.9357429718875502,0.9242858972525819,0.9106429136807093,0.9164180241310012
136,0.0031983075902349153,0.011076689935373456,,False,0.9800180741038257,0.9793716314550959,0.9716223234322611,0.975270450599595,0.9349397590361446,0.9218363288350118,0.9098826022314263,0.9150007758928882
137,0.0031713856092193673,0.01105897418327499,,False,0.9800180741038257,0.9798185527650559,0.9707853940206382,0.9749986625649966,0.9365461847389558,0.9250000353799813,0.9113771633522807,0.9171655864790118
138,0.0031567347635049333,0.011057225076240653,,False,0.9801184857917462,0.979919321148802,0.9712969536284979,0.9753289249327821,0.936144578313253,0.9246302474894832,0.9110119687009779,0.916743975050732
139,0.0031520099059479446,0.011073057170792636,,False,0.9803193091675871,0.9801097211257974,0.971902830242439,0.9757553523090936,0.9357429718875502,0.9242969460556362,0.9106301957895041,0.9163906569702106
140,0.003149638758528593,0.01104558091390588,,False,0.9801184857917462,0.9799167840974773,0.971715694113867,0.9755638231048286,0.936144578313253,0.9260692725007981,0.9093348730360589,0.9161719966592972
141,0.0031368892663457097,0.011118076815751108,,False,0.9802188974796666,0.9795956350851074,0.9722275700902085,0.9757053691692994,0.9357429718875502,0.9226449766812787,0.9106046658611339,0.9157343949187968
142,0.00310528780532787,0.010989431054536898,,False,0.9802188974796666,0.9791081416347601,0.9718089863985951,0.9752549911871827,0.936144578313253,0.922946906684401,0.9109716477694465,0.9161292088408113
143,0.0030985909553680625,0.011051722842491164,,False,0.9803193091675871,0.9796790752422597,0.9718996893464408,0.9755617619645884,0.9365461847389558,0.9268061337141668,0.9113738941443366,0.9178008309092794
144,0.0030876185727363656,0.011064975069709522,,False,0.9803193091675871,0.979680029040082,0.9714788326864272,0.9753253333926332,0.9349397590361446,0.9203483110425351,0.9098697782947107,0.9143559769385566
145,0.00307030308446491,0.011011355809914018,,False,0.9805201325434281,0.9798602271390064,0.972505092798144,0.9759777258138159,0.936144578313253,0.9229604990975526,0.9109793091956975,0.9161234808368169
146,0.0030640086995344317,0.011058167701748212,,False,0.9805201325434281,0.9798823258903947,0.9720842361381306,0.975749946649599,0.9357429718875502,0.9261479884105019,0.9105988773553683,0.9170616623475579
147,0.0030404883428988365,0.011035794402693724,,False,0.9806205442313485,0.9799414725073637,0.9721770552606207,0.9758304071752009,0.9357429718875502,0.9260448837619051,0.9106115952465734,0.9170686669298289
148,0.003026657929121414,0.01100279532822062,,False,0.980720955919269,0.9800258409750661,0.9722708991044645,0.9759224336243396,0.936144578313253,0.9246200841336102,0.9109991566638125,0.9167686602120584
149,0.003017465619051017,0.011031273406040168,,False,0.9806205442313485,0.9799484943370119,0.9721724390422223,0.9758333134334227,0.9365461847389558,0.9233610919875268,0.9113610821071713,0.9165004616075907
150,0.0030007277379828644,0.01101964495551197,,False,0.980720955919269,0.980465571145429,0.9722600334600267,0.9761099831675908,0.9353413654618474,0.9253118143009996,0.9085534502285078,0.9154136099042114
151,0.0029894924426885133,0.010982965000117181,,False,0.9809217792951099,0.9801979301124918,0.9728633316333357,0.97632916093153,0.9353413654618474,0.9238772756067262,0.9102567137166486,0.9160183980784935
152,0.0029844135710951954,0.01102863247063375,,False,0.9808213676071895,0.9801233561152826,0.9727715146710081,0.9762456007464295,0.9365461847389558,0.9267835599697075,0.9113726302541837,0.9178045937549736
153,0.0029774999690841894,0.010982512426033883,,False,0.9809217792951099,0.9801763597008729,0.972868026248612,0.9763216523430595,0.9369477911646586,0.9253464616419494,0.9117634608793672,0.9175191833131104
154,0.0029703379849587456,0.011077315295894877,,False,0.9809217792951099,0.9806861073748231,0.9728555745189394,0.9765403392497777,0.9357429718875502,0.9227233883389057,0.9105932033775973,0.9157016825722452
155,0.0029429512041452004,0.011012430071393764,,False,0.9809217792951099,0.9807141050713349,0.9724373071958081,0.9763157555781932,0.9365461847389558,0.9234031876095935,0.9113394388995621,0.9164988960333482
156,0.002931033379378707,0.010994161149125345,,False,0.9812230143588714,0.9809330837102834,0.9731360813291173,0.9768084643828132,0.9357429718875502,0.9242904440516408,0.9106250451785899,0.91638338909256
157,0.0029204349435024875,0.010990268320244191,,False,0.9811226026709509,0.980856917876454,0.9730427106475114,0.9767215114707503,0.9365461847389558,0.9217993668419369,0.9113738941443366,0.9158443201971347
158,0.0029086772785764034,0.011004080508614376,,False,0.9810221909830305,0.9807863544313881,0.9729493399659054,0.9766366704707132,0.9353413654618474,0.9253487130977464,0.9085227781717078,0.9153972076396055
159,0.0029143542067841155,0.010978256191776779,,False,0.9814238377347123,0.981170548663285,0.9733228226923293,0.9770195813982624,0.936144578313253,0.9264079427802151,0.9109590274412673,0.9174250079603252
160,0.002889656682365954,0.011003790222295255,,False,0.9812230143588714,0.9809760224545617,0.9731356081668794,0.9768273032117877,0.936144578313253,0.9247742492989273,0.9109795009046837,0.9167608693075748
161,0.002868739384038364,0.010965675607997641,,False,0.9813234260467918,0.981015952345645,0.9732294520107233,0.9768975149262613,0.9369477911646586,0.9271397233924357,0.9117463159355752,0.9181451535243396
162,0.0028658992984333617,0.010978760044190492,,False,0.9813234260467918,0.9810120123797863,0.9732289788484854,0.9768988368804263,0.936144578313253,0.9279033967356212,0.9093005238367948,0.9168214784706562
163,0.002847438831390727,0.010962407676389258,,False,0.9814238377347123,0.9811424106656452,0.9733228226923293,0.9770064097196435,0.936144578313253,0.9264130665390735,0.910948096807072,0.9174120402501938
164,0.002835072257489247,0.010977297866783727,,False,0.9814238377347123,0.9811406777586699,0.9733245813866745,0.9770078594977678,0.936144578313253,0.9279447515217085,0.9092934799233608,0.9168490028382039
165,0.00282706377892758,0.011000321020967707,,False,0.9813234260467918,0.9810708591155503,0.9732294520107233,0.9769204040488633,0.9365461847389558,0.9234515788297438,0.9113228342875959,0.9164648109675296
166,0.0028266838821277515,0.010922072293272696,,False,0.9816246611105532,0.9817431880488336,0.9735095640555412,0.9773768242546047,0.9357429718875502,0.9259886305404073,0.9106040398658324,0.9170480117309019
167,0.002837839265389702,0.010911331281517571,,False,0.9817250727984738,0.9818293346649843,0.9736161899620487,0.9774730840008223,0.9369477911646586,0.9288951727656314,0.91172825572447,0.918834573029751
168,0.0027997926961110878,0.01090884242932219,,False,0.9815242494226328,0.9816622497027896,0.9734161933739353,0.9772877036193197,0.936144578313253,0.9264214002086509,0.910957772033599,0.917423955944778
169,0.0027989279646902765,0.010900712053010337,,False,0.9817250727984738,0.9813736514130684,0.9736046934314925,0.9772640704532883,0.936144578313253,0.9245817908313089,0.9109634460113697,0.9167673829957741
170,0.0027997922528941455,0.0108875403469379,,False,0.9820263078622352,0.9821550369850723,0.9743057787483873,0.9780018734786979,0.9357429718875502,0.9260274424591576,0.910585447805386,0.9170658435774806
171,0.0027752203028346646,0.010977904005166577,,False,0.9819258961743147,0.9820522264904876,0.9742124080667813,0.977907086920163,0.9349397590361446,0.9236471246092444,0.9098757585094623,0.9155898178156274
172,0.0027621875145989556,0.010983832079730789,,False,0.9817250727984738,0.9823303890396038,0.9736052459207328,0.97769039875111,0.9353413654618474,0.9257234619786365,0.9102184658970734,0.9166547254615867
173,0.0027558379981363424,0.010939197015752201,,False,0.9817250727984738,0.9818866825954888,0.9736070046150781,0.9774898802058511,0.9365461847389558,0.9246490003124871,0.9096316711778429,0.9158817070795414
174,0.0027459900633658055,0.010919588438448192,,False,0.9818254844863942,0.9824128753233907,0.9737003752966841,0.9777774985437699,0.9365461847389558,0.9245766873018074,0.909651518645958,0.915864422156794
175,0.002740751437629765,0.010907998672544734,,False,0.9818254844863942,0.9819505641127078,0.9737003752966841,0.9775730075029807,0.9377510040160643,0.9261113580243526,0.912443913335595,0.9182264487809637
176,0.002734796856586126,0.01094679236627998,,False,0.9820263078622352,0.9821576264689491,0.9743010841331111,0.9780024533880702,0.9357429718875502,0.9226451106497611,0.9105997333110015,0.9157370885890717
177,0.0027234935454777316,0.010937561793445075,,False,0.9820263078622352,0.9821990899682196,0.9743010841331111,0.9780191502839313,0.9381526104417671,0.9249173344157539,0.912809725499715,0.9179735722212554
178,0.002711819246986147,0.010956772107962174,,False,0.9820263078622352,0.9821566065430049,0.9743010841331111,0.9780020983226194,0.936144578313253,0.9247662335361304,0.9109724569912496,0.9167438180124788
179,0.0027077202448385347,0.010929923218387599,,False,0.9821267195501556,0.9827192922706764,0.9743944548147171,0.9783033781677689,0.9365461847389558,0.9256541738831802,0.9062691805269023,0.9139408992372121
180,0.00269761422015444,0.010936586903423131,,False,0.9822271312380761,0.9828212585441831,0.9749064875848144,0.9786334224768708,0.9357429718875502,0.9212084214390551,0.9105861594641631,0.9150700836147888
181,0.0026859977071959987,0.010895870944850393,,False,0.9822271312380761,0.9828090886481298,0.9749064875848144,0.9786293028265606,0.936144578313253,0.9230214686089327,0.910944322101582,0.9161151090888809
182,0.002681189444454019,0.010887818296210926,,False,0.9822271312380761,0.9832398198923273,0.9749064875848144,0.9788186452048419,0.9377510040160643,0.9261437304673803,0.9124874949925863,0.9182392752727656
183,0.0026742220292620706,0.010911996236903504,,False,0.9823275429259966,0.9833814612119132,0.9749997798695423,0.9789376395941694,0.936144578313253,0.923038362114217,0.9109738447962239,0.9161286150786877
184,0.002663284033876435,0.01088858128513376,,False,0.9823275429259966,0.9829141512602307,0.9749997798695423,0.9787299633496622,0.9369477911646586,0.9272399739156525,0.9116905397542356,0.9181671169443258
185,0.002665379112105137,0.010914647539810127,,False,0.9822271312380761,0.9828421764516315,0.9749064875848144,0.9786418003145047,0.9353413654618474,0.9213851428108298,0.9068444186166358,0.9128651029392815
186,0.0026514532327356444,0.010924290206143626,,False,0.9822271312380761,0.9818766618419043,0.9749064875848144,0.9782123583331376,0.9353413654618474,0.9192282446085367,0.9102396807881283,0.9141089797461791
187,0.0026390349723482533,0.010900661870711755,,False,0.9823275429259966,0.9829147794941809,0.9749997798695423,0.9787286015745662,0.9365461847389558,0.9234166185817396,0.911322320307566,0.916495404715665
188,0.002638296008382535,0.010882643371617198,,False,0.9824279546139171,0.9824979841261333,0.9750931505511483,0.9785934546372128,0.9357429718875502,0.922616284315527,0.9106265101645561,0.9157539688210261
189,0.0026331111666492994,0.010902674665916724,,False,0.9824279546139171,0.9815957646802906,0.9750931505511483,0.978186602300272,0.9369477911646586,0.9221828841674962,0.911715023853235,0.9162481747078414
190,0.002627369894555069,0.010955865596855394,,False,0.9824279546139171,0.9825504126504145,0.9750931505511483,0.9786166658233514,0.9353413654618474,0.9206911725871689,0.9101999858518983,0.9147147335278863
191,0.002616007205296865,0.010893037388656563,,False,0.9824279546139171,0.981599925764788,0.9750931505511483,0.9781886820307436,0.9369477911646586,0.9221498167324036,0.911715023853235,0.9162363097743058
192,0.002600686684634196,0.01091074979465031,,False,0.9824279546139171,0.9834629848574864,0.9750931505511483,0.9790221482444044,0.9353413654618474,0.9222928137560472,0.9102198333200133,0.9153527987993412
193,0.0025931912150400143,0.010896345170817069,,False,0.9824279546139171,0.9820417519095206,0.9750931505511483,0.9783879429932312,0.936144578313253,0.9230893682820316,0.9109571256562631,0.9161113782499155
194,0.002585253053070557,0.010904534092716876,,False,0.9825283663018375,0.9826020840342865,0.9751864428358764,0.9786916256186875,0.936144578313253,0.9247308131433292,0.9109482088223435,0.9167721231441396
195,0.0025769924168417345,0.010914698841138276,,False,0.9824279546139171,0.9834610479255799,0.9750931505511483,0.9790226477053798,0.9369477911646586,0.9222285778237982,0.91169705778809,0.9162235431851546
196,0.0025784167358240536,0.010880135506597501,,False,0.9824279546139171,0.9830312643686552,0.9750931505511483,0.978833845527795,0.9345381526104418,0.9219633466400372,0.9043998819255238,0.9114859343578987
197,0.002567653596283708,0.010892865965333967,,False,0.9825283663018375,0.982148167373746,0.9751864428358764,0.9784872760266793,0.9365461847389558,0.9250456310820877,0.911322320307566,0.9171444411267932
198,0.0025602362131589796,0.01088268684503601,,False,0.9825283663018375,0.9831062272901158,0.9751818266174781,0.9789134729143169,0.9353413654618474,0.9208502689733089,0.905128874940671,0.9115570548071484
199,0.0025523838787317424,0.010905598777983472,,False,0.982628777989758,0.9832072050240185,0.9752751189022061,0.9790130334710369,0.9349397590361446,0.9205133686156102,0.9047675754926134,0.9111690144944894
200,0.002543821434140992,0.010908044485852622,,False,0.982628777989758,0.9836549097755499,0.9752751189022061,0.9792101957591777,0.9353413654618474,0.9207932332933161,0.9051372947595292,0.9115574309871456
201,0.0025368333669326757,0.01086003530103921,,False,0.982628777989758,0.9836470724818478,0.9752751189022061,0.9792067900334772,0.936144578313253,0.9232661116734264,0.9059066206057581,0.9129362343832721
202,0.002526950367002709,0.010895043809847254,,False,0.982628777989758,0.9831749585700105,0.9752751189022061,0.9789985241202134,0.9353413654618474,0.9186958516293414,0.9085330624285672,0.9128689592602998
203,0.0025444845906764588,0.010845166389825186,,False,0.982628777989758,0.9831760060953005,0.9752751189022061,0.9789982412272918,0.9353413654618474,0.9229235858863141,0.9068474876331096,0.9135098279268087
204,0.0025088711377816084,0.010878829538499977,,False,0.982628777989758,0.9831706773845819,0.9752751189022061,0.9789960714007252,0.9357429718875502,0.9233769426049121,0.9072351347138249,0.9138782465723112
205,0.0025071633184235663,0.010889287984447793,,False,0.982628777989758,0.983182278147638,0.9752751189022061,0.9790002415782939,0.936144578313253,0.9204050977170516,0.9075977837155107,0.9129750995874615
206,0.002503408513275016,0.010885362482206881,,False,0.982628777989758,0.9836170408459224,0.9752751189022061,0.979192542523156,0.936144578313253,0.9238152544921968,0.9076258414241867,0.9142265590900563
207,0.002487693100180677,0.010868628273930384,,False,0.982628777989758,0.9831571550863983,0.9752751189022061,0.9789890858439002,0.9357429718875502,0.9216424486721321,0.9072415407324075,0.9132291925162455
208,0.0024905715023474666,0.010876623660089381,,False,0.982628777989758,0.9831537085699876,0.9752751189022061,0.978987548838921,0.936144578313253,0.9256139829973277,0.9076169161077827,0.9148870665240209
209,0.0024858522871191694,0.010873621986432632,,False,0.982628777989758,0.9831413831397275,0.9752751189022061,0.9789806161086749,0.9353413654618474,0.9211987220043718,0.9068935970704067,0.9128576893429082
210,0.0024743202660197847,0.010835547534931803,,False,0.982628777989758,0.9831736837034057,0.9752751189022061,0.978997077460162,0.9357429718875502,0.9200814544288622,0.9072108686756073,0.9126163698063142
211,0.002472830114651148,0.010910438523638221,,False,0.982628777989758,0.9831593480562564,0.9752751189022061,0.9789896509670114,0.936144578313253,0.9209023236870753,0.9092711131574244,0.9142365294736654
212,0.0024599664978227163,0.010845864650311066,,False,0.982628777989758,0.9836460785896239,0.9752751189022061,0.9792068693719285,0.9353413654618474,0.9226321649578365,0.9051571422276443,0.9122104454092678
213,0.0024547975109893974,0.01084186629999541,,False,0.982628777989758,0.9831670913241702,0.9752751189022061,0.9789950531713042,0.9365461847389558,0.9241221210863174,0.9079693843853962,0.9145969006783555
214,0.0024487171027771115,0.010854132898350088,,False,0.982628777989758,0.9831499546167858,0.9752751189022061,0.9789852328724629,0.9357429718875502,0.9216932605358803,0.9072224168226195,0.9132179062145107
215,0.0024425064969326457,0.010840660668906047,,False,0.982628777989758,0.9831635537286597,0.9752751189022061,0.978993329677996,0.9365461847389558,0.9241221210863174,0.9079693843853962,0.9145969006783555
216,0.002437961983028634,0.01083203196114523,,False,0.982628777989758,0.9831643018288972,0.9752751189022061,0.9789930121744685,0.936144578313253,0.9220328085917989,0.9075952729001737,0.9135900759365801
217,0.002434825945328687,0.010818695315086464,,False,0.982628777989758,0.9831526946398453,0.9752751189022061,0.9789867389504773,0.936144578313253,0.9220247187396287,0.907588866881591,0.9135943666160258
218,0.002434172043414533,0.010874901658831856,,False,0.9827291896776785,0.9832529121922003,0.9753684895838121,0.9790849926907887,0.9365461847389558,0.9213097211588944,0.9096516306612296,0.9146057735241135
219,0.002424890666539875,0.010846768615322803,,False,0.9827291896776785,0.9837424140855489,0.9753684895838121,0.9793009952610774,0.9357429718875502,0.9229724246210432,0.9055299983051985,0.9125708748518778
220,0.002419993802585108,0.01082754263289771,,False,0.9827291896776785,0.9832476642359593,0.9753684895838121,0.979078961793756,0.9365461847389558,0.922360568247316,0.9079815704272602,0.913966004302688
221,0.0024186696489634837,0.01084953270563831,,False,0.9827291896776785,0.9832638510032063,0.9753684895838121,0.9790884356332845,0.9369477911646586,0.9232569297743728,0.9100193361278693,0.9156178225332093
222,0.002411859098935418,0.01088577090346275,,False,0.9827291896776785,0.9837087405893592,0.9753684895838121,0.9792859986959659,0.9353413654618474,0.9225740522921811,0.905175734288091,0.9121753342848322
223,0.0024053998830762323,0.01085998198219563,,False,0.9827291896776785,0.9837235551824691,0.9753684895838121,0.9792930375746443,0.9357429718875502,0.9230308197183894,0.9055325176030197,0.9125815401122972
224,0.00240099684940413,0.010832652167838156,,False,0.9827291896776785,0.9832673815374794,0.9753684895838121,0.9790892011248206,0.936144578313253,0.9188754231557821,0.9075940174925052,0.9123778994169898
225,0.0023955673461295316,0.010833043669740283,,False,0.9827291896776785,0.9832474269678987,0.9753684895838121,0.9790800265849976,0.9373493975903614,0.9236870328987451,0.9104011175218274,0.91599370887565
226,0.00239642047752059,0.010797674636914167,,False,0.9828296013655989,0.9833307784194236,0.9758805223539093,0.9794018370925939,0.9369477911646586,0.9249554578831027,0.9100238607434823,0.9162735846289733
227,0.002389445544485548,0.010803461912979213,,False,0.9827291896776785,0.9832472150421376,0.9753684895838121,0.9790797792308182,0.9369477911646586,0.9217064999633031,0.9100257421464519,0.9149964092914313
228,0.002384781745497999,0.010820962634929465,,False,0.9827291896776785,0.9837114158270612,0.9753684895838121,0.9792859743104382,0.9373493975903614,0.9267933381013198,0.9087124737098959,0.9160203412440661
229,0.0023813947964770807,0.01082521074868025,,False,0.9828296013655989,0.9833339293079191,0.9758805223539093,0.9794037338304764,0.9369477911646586,0.9250090105814706,0.9100391920784688,0.9162519323790502
230,0.002377311994047826,0.010818335073171256,,False,0.9827291896776785,0.9832463608494706,0.9753684895838121,0.9790791958904708,0.9373493975903614,0.9231311816277802,0.9087176158383257,0.9147148821063927
231,0.0023747599778742357,0.010846857096879653,,False,0.9827291896776785,0.9837156445048129,0.9753684895838121,0.979288239873352,0.9369477911646586,0.9244840926389816,0.9083422404629504,0.9149693363583294
232,0.0023714114033014126,0.010818595788359248,,False,0.9827291896776785,0.9837462820054399,0.9753684895838121,0.979300590221079,0.9357429718875502,0.9212258940962107,0.9055299983051985,0.9119533186214414
233,0.00236679166532634,0.010828729185937387,,False,0.9827291896776785,0.9837264161574465,0.9753684895838121,0.9792942775268298,0.9357429718875502,0.9234197347136757,0.9072256860305639,0.9138585757745756
234,0.002363611364175147,0.010841441268890657,,False,0.9828296013655989,0.9833424167215212,0.9758805223539093,0.9794068756493682,0.936144578313253,0.9237951177778019,0.907606203534369,0.9142337051728515
235,0.002359861382889141,0.010827423562755078,,False,0.9828296013655989,0.9833366216780673,0.9758805223539093,0.9794060931425097,0.9369477911646586,0.925018654850425,0.9100257421464519,0.916265347785197
236,0.00235825844180157,0.01080197842455765,,False,0.9828296013655989,0.9833337274611021,0.9758805223539093,0.9794034115219757,0.9365461847389558,0.9229398739466763,0.9096574106845109,0.915252348019414
237,0.00235328374160774,0.010838310837686129,,False,0.9828296013655989,0.983345644852052,0.9758805223539093,0.9794087923569932,0.9365461847389558,0.9246624230937984,0.9096586745746637,0.9158860353936732
238,0.002350856793392445,0.010831667792410253,,False,0.9828296013655989,0.9838099434473491,0.9758805223539093,0.9796152409824447,0.9365461847389558,0.9242005635018263,0.9079604675514766,0.9146382316396492
239,0.002347756912556698,0.010828739964537055,,False,0.9828296013655989,0.9828716095565709,0.9758805223539093,0.979195316391408,0.9373493975903614,0.9253580548973566,0.9103998536316745,0.9166360963440334
240,0.0023428265667981073,0.010807294353587923,,False,0.9828296013655989,0.9833337274611021,0.9758805223539093,0.9794034115219757,0.9373493975903614,0.924865888266265,0.908716351948173,0.915358997556964
241,0.0023417764215830352,0.010838452553883559,,False,0.9828296013655989,0.9833309993567716,0.9758805223539093,0.9794030138293911,0.936144578313253,0.9242923737314038,0.9092832991992883,0.9155246905245671
242,0.002336688467340765,0.010798550689721756,,False,0.9828296013655989,0.9838110688857336,0.9758805223539093,0.9796155599309082,0.9365461847389558,0.9229711761522937,0.9096574106845109,0.9152692620389666
243,0.0023344784395984346,0.010810249346987334,,False,0.9828296013655989,0.9833278601411293,0.9758805223539093,0.9794011204018316,0.936144578313253,0.9242923737314038,0.9092832991992883,0.9155246905245671
244,0.002330808110753762,0.0108372206443161,,False,0.9828296013655989,0.9838117264280773,0.9758805223539093,0.979616130658591,0.9365461847389558,0.9241757986760057,0.9079495369172813,0.9146137040598963
245,0.002324496262727409,0.010799335154688004,,False,0.9828296013655989,0.9838165026032869,0.9758805223539093,0.97961892389767,0.9365461847389558,0.9225052779227761,0.9079495369172813,0.9140036393371727
246,0.0023218837058862694,0.01082126056423227,,False,0.9828296013655989,0.9833359648830425,0.9758805223539093,0.9794045344248575,0.9369477911646586,0.9250487596838793,0.9100391920784688,0.9162781991293798
247,0.0023187449522950464,0.010826226423387512,,False,0.9828296013655989,0.9833484042834777,0.9758805223539093,0.9794100888420721,0.9357429718875502,0.9200893481249217,0.9072134999887,0.9126153286620168
248,0.0023137085912146,0.010809686509434216,,False,0.9827291896776785,0.9837144601184808,0.9757918462875796,0.9795243402994736,0.9365461847389558,0.9242380684512475,0.9079604675514766,0.914648749600639
249,0.0023142706249616144,0.010801497470916185,,False,0.9828296013655989,0.983331747355153,0.9758852169691856,0.9794048118935952,0.936144578313253,0.9241856486680547,0.9093215470188637,0.9155533940055083
250,0.0023043756141823313,0.010829922577055425,,False,0.9829300130535195,0.9834177365462371,0.9759803463451369,0.9794949229411952,0.936144578313253,0.9242852474059166,0.9092832991992883,0.9155159788650598
251,0.0023075205016132414,0.010824589280652424,,False,0.9829300130535195,0.9829597431257873,0.9759803463451369,0.9792892026449772,0.9369477911646586,0.9233003981218683,0.9100244867387836,0.9156201295348401
252,0.002296886194205929,0.010825973523012315,,False,0.9829300130535195,0.9829593837249416,0.9759803463451369,0.9792900372640426,0.9365461847389558,0.9229765416552262,0.9096452246426467,0.9152567433212676
253,0.002291553806288949,0.010816735826689919,,False,0.9829300130535195,0.9839020210398037,0.9759803463451369,0.9797134442594937,0.9373493975903614,0.9268118788471659,0.9086843184381941,0.9160426805354572
254,0.0022872298945541586,0.010830474691480617,,False,0.9829300130535195,0.9839002230628553,0.9759803463451369,0.9797106960191364,0.936144578313253,0.9220936468689794,0.9075952729001737,0.9136092645970114
255,0.0022849544356643094,0.010830557175820054,,False,0.9829300130535195,0.9834368221541053,0.9759803463451369,0.979504969525427,0.9357429718875502,0.9217460264480195,0.9072147553963686,0.9132434115260859
256,0.002277144020776874,0.010820933450156212,,False,0.9830304247414399,0.9839807773863247,0.9760710492929827,0.9797969360549134,0.9377510040160643,0.9271202213943303,0.9090462438815526,0.9163794606277561
257,0.002274984050646442,0.010844765729461189,,False,0.9831308364293604,0.984083812097152,0.9761661786689341,0.9798950962347743,0.9369477911646586,0.9259697509322368,0.9066182939330957,0.9143142289806389
258,0.002269637928459045,0.010831587384906898,,False,0.9831308364293604,0.9840643472980027,0.9761661786689341,0.9798858367374093,0.9369477911646586,0.9245250866114074,0.9083114623606399,0.9149601758002223
259,0.002264921917297714,0.010810429185900134,,False,0.9830304247414399,0.9839989516269427,0.9760710492929827,0.9798050004111474,0.9373493975903614,0.9267964270032903,0.9086843184381941,0.9160272354198786
260,0.002261415091780433,0.010832680855085661,,False,0.9831308364293604,0.984076504933171,0.9761661786689341,0.9798910351155994,0.9377510040160643,0.9267901599746003,0.9073530754540085,0.9150852839430448
261,0.002258614255986146,0.010794064262724633,,False,0.9831308364293604,0.9840591154517379,0.9761661786689341,0.9798839561896825,0.9373493975903614,0.926781277917843,0.9086843184381941,0.9160248032155535
262,0.002255357841755999,0.010819440000282501,,False,0.9832312481172808,0.9841512299432408,0.97625954935054,0.9799763678913145,0.9373493975903614,0.9267395585422182,0.908696504480058,0.91602155767524
263,0.0022491312173466473,0.010841990438498756,,False,0.9832312481172808,0.9836823218372515,0.97625954935054,0.9797664351012989,0.9369477911646586,0.9263738436228385,0.9083223929948354,0.9156508148049028
264,0.0022471298822283707,0.010813402899406542,,False,0.9833316598052013,0.9842551506555834,0.976352920032146,0.9800749466583749,0.9365461847389558,0.9246840351392227,0.9096452246426467,0.9159037764423219
265,0.0022454856433769283,0.010836555884735444,,False,0.9833316598052013,0.9833000969260873,0.976352920032146,0.9796459863815044,0.9369477911646586,0.9268167201525372,0.9100701555529985,0.9169461000548308
266,0.0022420826531564272,0.010868251110265306,,False,0.9833316598052013,0.9837788103043861,0.976352920032146,0.9798622760584718,0.936144578313253,0.9225241609621677,0.9093206686924005,0.9148605007337662
267,0.002236338407010428,0.010815910878792035,,False,0.9833316598052013,0.9837734583589121,0.976352920032146,0.9798583478549018,0.9373493975903614,0.9253533433519985,0.9104122250457577,0.9166432871602633
268,0.0022335175646213115,0.01085247789022495,,False,0.9834320714931218,0.9838647597236769,0.976446212316874,0.9799529534147557,0.936144578313253,0.9260877438654309,0.909302076631954,0.9161828490053543
269,0.0022294795102664033,0.01084613126720354,,False,0.9834320714931218,0.9838769331388959,0.976446212316874,0.979957968046802,0.936144578313253,0.926095481356658,0.909302076631954,0.9161835592685755
270,0.0022280225037731452,0.01082209208289809,,False,0.9834320714931218,0.9838826459331808,0.976446212316874,0.9799604283167592,0.9365461847389558,0.9246378701055735,0.9096883741590405,0.9159144748706348
271,0.0022200107035568826,0.010830376782343129,,False,0.9834320714931218,0.9838787677375814,0.976446212316874,0.9799576524730722,0.936144578313253,0.9256764279223694,0.9075954582723929,0.9148987277494949
272,0.0022185863813616274,0.010820404348152155,,False,0.9834320714931218,0.9838759291411654,0.976446212316874,0.9799570766654703,0.9381526104417671,0.9279655419561108,0.9111629757965084,0.9180609704540045
273,0.002213414830276837,0.010829415475318361,,False,0.9834320714931218,0.9838719275302553,0.976446212316874,0.9799554804359598,0.936144578313253,0.9242963637826302,0.9093045959297752,0.915522179960462
274,0.002211599405531216,0.010826813076228365,,False,0.9834320714931218,0.9838580390502594,0.976446212316874,0.9799486146499135,0.9377510040160643,0.9275808064674129,0.9107754143792692,0.9176808354142594
275,0.0022082699022401616,0.010840188501720917,,False,0.9834320714931218,0.9838616597041823,0.976446212316874,0.9799506279862009,0.9365461847389558,0.9264717109723511,0.9096774520073294,0.91655865285968
276,0.0022038740590204467,0.010805888578949067,,False,0.9834320714931218,0.983871383586203,0.976446212316874,0.9799541085813844,0.9373493975903614,0.925412463320369,0.9104012944115623,0.9166579258341021
277,0.002204611874330893,0.010843071715075136,,False,0.9834320714931218,0.9843313548762624,0.976446212316874,0.9801599306780072,0.9369477911646586,0.9250770707310281,0.9100284468164926,0.9162677726403514
278,0.0021975731427420014,0.010820942315518372,,False,0.9834320714931218,0.9838674230713944,0.976446212316874,0.9799534903991377,0.9369477911646586,0.9250359417007592,0.9100259275186713,0.9162656117727523
279,0.0021955206569575273,0.010822086467451465,,False,0.9834320714931218,0.9838860167938672,0.976446212316874,0.9799606275710286,0.9369477911646586,0.9250547178064932,0.9100284468164926,0.9162638265193905
280,0.002191688293080417,0.010822906751902143,,False,0.9834320714931218,0.9838646584169961,0.976446212316874,0.9799525627856287,0.9373493975903614,0.9254144836780935,0.9104013028940466,0.9166362964167791
281,0.0021902664148293256,0.01081119777933622,,False,0.9834320714931218,0.9843428844583008,0.976446212316874,0.9801660626939631,0.9373493975903614,0.9253979337834694,0.9104147443435792,0.9166575465656474
282,0.002186243749715815,0.01081330091634441,,False,0.9834320714931218,0.9838646851479478,0.976446212316874,0.9799512727266928,0.9369477911646586,0.9250510847686625,0.9100271829263398,0.9162775096764688
283,0.0021826686236258645,0.010833747840923022,,False,0.9834320714931218,0.983861351567993,0.976446212316874,0.9799496192233852,0.9373493975903614,0.9253775388828962,0.910407700430145,0.9166285070932739
284,0.0021803527116310314,0.01082375325903983,,False,0.9834320714931218,0.983886592200653,0.976446212316874,0.9799616958649965,0.9365461847389558,0.9246564645099694,0.9096530714411172,0.9158847305904197
285,0.0021744510887406416,0.010816683313034583,,False,0.9834320714931218,0.9838647259599494,0.976446212316874,0.9799512425272052,0.9369477911646586,0.9250510847686625,0.9100271829263398,0.9162775096764688
286,0.002170271275995333,0.010799873476898664,,False,0.9835324831810422,0.9839590825717042,0.97653958299848,0.9800446450376623,0.9369477911646586,0.9250510847686625,0.9100271829263398,0.9162775096764688
287,0.002168002166640567,0.01085241297016251,,False,0.9834320714931218,0.9838584041285977,0.976446212316874,0.9799497133336116,0.9365461847389558,0.9264472097256391,0.9096774520073294,0.9165541315726209
288,0.0021618285901101974,0.010813521378420435,,False,0.9836328948689628,0.9840507378087222,0.9766347123744313,0.9801376340818382,0.9373493975903614,0.9254108506402628,0.9104000390038939,0.9166499795738575
289,0.0021582421557138818,0.01083231856838462,,False,0.9836328948689628,0.9840507673756088,0.9766347123744313,0.9801386516813656,0.9373493975903614,0.9254108506402628,0.9104000390038939,0.9166499795738575
290,0.002155814924203895,0.01082087281735577,,False,0.9836328948689628,0.9840539686127345,0.9766347123744313,0.9801402717442156,0.9369477911646586,0.9250353279949441,0.9100406328583566,0.9162771802635112
291,0.0021525473173803406,0.010823528993100904,,False,0.9836328948689628,0.9840565043570341,0.9766347123744313,0.9801409292896793,0.9373493975903614,0.9254320188065542,0.9104025583017152,0.9166487953610069
292,0.0021525316575061867,0.01083281183531686,,False,0.9837333065568832,0.984162481098147,0.976723388440761,0.9802380771044176,0.936144578313253,0.9243691419539503,0.9092776960657418,0.9155391406365406
293,0.00214630036820402,0.01081760010156369,,False,0.9837333065568832,0.9841545604240284,0.976723388440761,0.9802347241136652,0.9373493975903614,0.9254320188065542,0.9104025583017152,0.9166487953610069
294,0.002143930565905906,0.01080540569039154,,False,0.9837333065568832,0.9841545604240284,0.976723388440761,0.9802347241136652,0.9369477911646586,0.9250510847686625,0.9100271829263398,0.9162775096764688
295,0.002143070607673763,0.010822013775153232,,False,0.9836328948689628,0.9840729247424856,0.9766282590648098,0.9801461110321044,0.9381526104417671,0.9261171856558514,0.9111495343469761,0.9173659174627014
296,0.0021384106546009462,0.010795832691076701,,False,0.9837333065568832,0.9841547133923618,0.976723388440761,0.9802342935381047,0.9373493975903614,0.9254320188065542,0.9104025583017152,0.9166487953610069
297,0.002135309360773573,0.010834482101736785,,False,0.9838337182448037,0.9842304521588066,0.9768166807254891,0.9803188499205311,0.9369477911646586,0.9250329868215422,0.9100259275186713,0.9162600277051666
298,0.0021325460404213775,0.010817390504313934,,False,0.9837333065568832,0.9841370300433704,0.9767215513495378,0.9802263666674187,0.9385542168674699,0.9264685386990524,0.9115198626442245,0.9177711739771593
299,0.002129050178738089,0.010807040041084619,,False,0.9837333065568832,0.984135447586289,0.9767215513495378,0.9802255978002131,0.9377510040160643,0.9256998090990677,0.9107799389948821,0.9170152211130768
300,0.002124265639688847,0.010828876659052215,,False,0.9838337182448037,0.9842388287933167,0.9768166807254891,0.9803231446456535,0.9377510040160643,0.9257351688149753,0.9107728950814479,0.9170095522023295
301,0.002121388343768704,0.010815927529530873,,False,0.9838337182448037,0.9842307840196239,0.9768166807254891,0.980319125670056,0.9381526104417671,0.9244102612477134,0.9111604564986872,0.9167513727702156
302,0.0021166516194041133,0.010852018763058567,,False,0.9838337182448037,0.9842281434990462,0.9768166807254891,0.9803183496294674,0.9377510040160643,0.9257625430508916,0.9107818203978518,0.9169971363552717
303,0.0021125577723547367,0.010831069473448304,,False,0.9837333065568832,0.9841393750657209,0.9767215513495378,0.9802271874924737,0.9377510040160643,0.9257351688149753,0.9107728950814479,0.9170095522023295
304,0.0021122059930436697,0.010864314781084527,,False,0.9838337182448037,0.98426478205206,0.977233584119635,0.9805673409904642,0.9365461847389558,0.9246710411525948,0.9096492967356274,0.915886006700274
305,0.002107163861575534,0.010836239658235046,,False,0.9838337182448037,0.9842338608213965,0.9768166807254891,0.9803213310487023,0.9381526104417671,0.9260961725534719,0.9111534125852531,0.9173786462117016
306,0.0021069758458618615,0.01085095592674324,,False,0.9839341299327242,0.9843523838288873,0.9773287134955864,0.9806583250879961,0.9377510040160643,0.925732142164159,0.9107741589716007,0.916990622632706
307,0.0021029562943189937,0.010827062929890328,,False,0.9839341299327242,0.9843256131226864,0.9773287134955864,0.9806449676772905,0.9385542168674699,0.9265123394596366,0.911530043368297,0.9177642227917538
308,0.0021004325120604276,0.0108359139817941,,False,0.9839341299327242,0.9843265074527553,0.9773287134955864,0.980645672427148,0.9385542168674699,0.9247768779505656,0.9115531600443563,0.9171312974129218
309,0.002099308472779742,0.010852088220774271,,False,0.9839341299327242,0.9843331461653615,0.9773287134955864,0.9806491470181028,0.9377510040160643,0.9258020693585417,0.9107741589716007,0.9170111503308797
310,0.002097059876400002,0.010850816371515165,,False,0.9839341299327242,0.9843429296283147,0.9773287134955864,0.9806535852367939,0.9369477911646586,0.9250473747899454,0.9100246721110027,0.9162567327261291
311,0.0020934880069746194,0.010841966380842883,,False,0.9839341299327242,0.984329335569568,0.9773287134955864,0.9806470245609396,0.9373493975903614,0.9236715816959455,0.9104122335282422,0.9159859877709662
312,0.002091778251785925,0.010844610310890231,,False,0.9839341299327242,0.9843399242292783,0.9773287134955864,0.980652192042618,0.9377510040160643,0.9257618760813303,0.9107741589716007,0.916999264827377
313,0.0020905248988857053,0.01084149521671552,,False,0.9839341299327242,0.9843342366727872,0.9773287134955864,0.9806487868170569,0.9381526104417671,0.9243793249436235,0.91116172038884,0.9167260704794913
314,0.002087143950822478,0.010847168055591997,,False,0.9839341299327242,0.984337241632405,0.9773287134955864,0.9806507251016691,0.9377510040160643,0.9257618760813303,0.9107741589716007,0.916999264827377
315,0.002084087108453337,0.010845743642453982,,False,0.9839341299327242,0.9843252459745256,0.9773287134955864,0.9806454368024183,0.9377510040160643,0.9239981330715712,0.9107927510320474,0.9163433971170504
316,0.002082080446623342,0.01084377639068336,,False,0.9839341299327242,0.9843364330681824,0.9773287134955864,0.9806513917041042,0.9373493975903614,0.9236371293330746,0.9104122335282422,0.9159743031076781
317,0.0020796192899745955,0.01083799434456541,,False,0.9839341299327242,0.9843351331999828,0.9773287134955864,0.9806498814985396,0.9381526104417671,0.9244179139847523,0.9111604564986872,0.9167516156177717
318,0.0020777625823109403,0.010843726045833078,,False,0.9839341299327242,0.984332822650653,0.9773287134955864,0.9806492607993634,0.9381526104417671,0.9244041558540056,0.91116686251727,0.9167370525310642
319,0.0020756292311763817,0.010850326172887762,,False,0.9839341299327242,0.9843355887965287,0.9773287134955864,0.980650577886332,0.9365461847389558,0.922936011359226,0.9096627466676441,0.9152350119448768
320,0.002074984327760012,0.010838605696442112,,False,0.9839341299327242,0.9843262688609526,0.9773287134955864,0.9806464852680337,0.9381526104417671,0.9243754340716323,0.91116686251727,0.9167283659586665
321,0.002072209125638317,0.010843027394848515,,False,0.9839341299327242,0.9843304990400933,0.9773287134955864,0.9806481485419636,0.9385542168674699,0.924735779690051,0.9115409740024923,0.9171088260307513
322,0.002069450300014951,0.01084992632810959,,False,0.9840345416206446,0.9844221604818544,0.9774194164434322,0.9807381754066188,0.9373493975903614,0.9236854790768447,0.9104173756566719,0.9159941183738661
323,0.0020668144963617227,0.010847563383573027,,False,0.9840345416206446,0.9844231566690639,0.9774194164434322,0.9807386785838074,0.9377510040160643,0.9240268548539444,0.9107927510320474,0.9163520836894479
324,0.0020675841270247955,0.010843799236434267,,False,0.9840345416206446,0.9844139779306507,0.9774194164434322,0.9807353335333967,0.9373493975903614,0.9236560942667887,0.9104366056119697,0.916008255313534
325,0.0020629435526456383,0.010857152933448244,,False,0.9840345416206446,0.9844167161574767,0.9774194164434322,0.9807366071517871,0.9369477911646586,0.9232816997145624,0.9100432641714493,0.9156003496065579
326,0.0020609400390022704,0.01083406697139538,,False,0.9840345416206446,0.984417564759783,0.9774194164434322,0.9807365291038627,0.9385542168674699,0.9247645014724244,0.9115409740024923,0.9171175126031488
327,0.0020590886285666377,0.010833773047037904,,False,0.9840345416206446,0.9844150264421159,0.9774194164434322,0.9807352905040226,0.9381526104417671,0.9243754340716323,0.91116686251727,0.9167283659586665
328,0.0020596081929456795,0.010884111698471224,,False,0.9840345416206446,0.9844259213776194,0.9774194164434322,0.980740925939085,0.9369477911646586,0.9232946193740601,0.9100356027451981,0.9156129766236268
329,0.002054720684044991,0.01084071347806636,,False,0.9840345416206446,0.9844175256478737,0.9774194164434322,0.9807368360249286,0.9385542168674699,0.9247248649426498,0.9115422378926452,0.9170920105260831
330,0.0020518715611132577,0.010852673788106603,,False,0.9840345416206446,0.9844180640065479,0.9774194164434322,0.9807369884125641,0.9377510040160643,0.9239981330715712,0.9107927510320474,0.9163433971170504
331,0.0020497201636718435,0.010853574701657445,,False,0.9841349533085652,0.9845017815897924,0.9775127871250382,0.9808248646860278,0.9377510040160643,0.9239981330715712,0.9107927510320474,0.9163433971170504
332,0.0020479384201375263,0.010855512043185252,,False,0.9841349533085652,0.984504740300373,0.9775127871250382,0.9808262134336674,0.9381526104417671,0.9243908224061652,0.9111681264074226,0.9167189350829028
333,0.0020463092518547875,0.010846807474711196,,False,0.9841349533085652,0.9844999087078102,0.9775127871250382,0.9808238132437458,0.9389558232931727,0.9250751797369827,0.9119150854877149,0.9174795745895877
334,0.002042879834048083,0.010863529574417068,,False,0.9841349533085652,0.9845153639704076,0.9775127871250382,0.9808319312667968,0.9373493975903614,0.9236517972740352,0.9104186395468248,0.9159670014945372
335,0.0020404494712897843,0.010859242021102375,,False,0.9841349533085652,0.9845125026186548,0.9775127871250382,0.9808301229664385,0.9381526104417671,0.9243421587433888,0.91116172038884,0.9167133511510462
336,0.0020382390951732172,0.010866581019517036,,False,0.9841349533085652,0.9845047120624755,0.9775127871250382,0.9808268037241346,0.9377510040160643,0.9239745194938137,0.9107940149222,0.9163160390223621
337,0.0020431785249298666,0.010909388885156744,,False,0.9841349533085652,0.9845089449534004,0.9775127871250382,0.9808282237184296,0.9377510040160643,0.9240081945120924,0.9107914956243788,0.9163450406971398
338,0.002032484341505428,0.010869699704318711,,False,0.9842353649964856,0.9845982231779564,0.9776061578066442,0.9809202850796025,0.9373493975903614,0.9236230754916619,0.9104186395468248,0.9159583149221397
339,0.002031236572469443,0.010863327120013339,,False,0.9843357766844061,0.9846807378800639,0.9776885844469343,0.9810029546835312,0.9385542168674699,0.9246771250924214,0.9115422378926452,0.9170706817372045
340,0.002031784521604222,0.010905477144040075,,False,0.9843357766844061,0.9846888259609005,0.9776885844469343,0.9810070639406795,0.9369477911646586,0.9232691761644932,0.9100432641714493,0.9155912223133255
341,0.002027056564286299,0.010875927504223016,,False,0.9843357766844061,0.9846860810379131,0.9776885844469343,0.9810058292455661,0.9377510040160643,0.9240157648262561,0.9107940149222,0.9163338528879922
342,0.0020256214152523577,0.01087695407640485,,False,0.9843357766844061,0.9846878012396595,0.9776885844469343,0.9810061681511265,0.9381526104417671,0.924370880525762,0.91116172038884,0.9167220377234437
343,0.00202261223720011,0.010865158822489597,,False,0.9843357766844061,0.9846902008213593,0.9776885844469343,0.9810073705871206,0.9377510040160643,0.9240157648262561,0.9107940149222,0.9163338528879922
344,0.0020205930951663975,0.010855926087245156,,False,0.9843357766844061,0.9846907813411888,0.9776885844469343,0.9810075946326376,0.9373493975903614,0.9236487854350577,0.9104109696380893,0.9159907158504085
345,0.002018485565007485,0.010876214371152717,,False,0.9843357766844061,0.9846842284309307,0.9776885844469343,0.9810043532264869,0.9377510040160643,0.9239712354510967,0.9107997949454814,0.9163340673706557
346,0.0020157283254990856,0.010870129911810947,,False,0.9843357766844061,0.9846847876507502,0.9776885844469343,0.9810052112532939,0.9385542168674699,0.9246771250924214,0.9115422378926452,0.9170706817372045
347,0.0020146832715207605,0.010858501865491458,,False,0.9843357766844061,0.9846873565232143,0.9776885844469343,0.9810059364933505,0.9385542168674699,0.9246484058362449,0.9115409740024923,0.9170834038054618
348,0.0020089058269321045,0.010869555387540874,,False,0.9843357766844061,0.9846850596355493,0.9776885844469343,0.9810048547458625,0.9377510040160643,0.923961282177302,0.9107863450134648,0.9163434880786218
349,0.0020061330071764567,0.010873660593471944,,False,0.9843357766844061,0.9846873565232143,0.9776885844469343,0.9810059364933505,0.9381526104417671,0.9243019782051705,0.9111604564986872,0.9167169037275428
350,0.002003984252367647,0.010863640785728127,,False,0.9843357766844061,0.9846913405610083,0.9776885844469343,0.9810084526594446,0.9377510040160643,0.923967844046872,0.9107927510320474,0.9163378309053201
351,0.002001969888255131,0.010857543894086734,,False,0.9843357766844061,0.9846924020416261,0.9776885844469343,0.9810083333229175,0.9377510040160643,0.9239416456776853,0.9107850811233118,0.9163519195355525
352,0.0019995042551666457,0.010863503336560892,,False,0.9843357766844061,0.9846873565232143,0.9776885844469343,0.9810059364933505,0.9381526104417671,0.9243019782051705,0.9111604564986872,0.9167169037275428
353,0.001998001810821744,0.010871631545423175,,False,0.9843357766844061,0.9846963700672782,0.9776885844469343,0.9810108456243961,0.9373493975903614,0.9236783293668344,0.9104122335282422,0.9159864669484564
354,0.0019967269570737626,0.010847363665876332,,False,0.9843357766844061,0.9846907813411888,0.9776885844469343,0.9810075946326376,0.9373493975903614,0.9219511966567503,0.9104231556799532,0.9153547322638553
355,0.001994088109549101,0.010851939954831304,,False,0.9843357766844061,0.984693485721896,0.9776885844469343,0.9810094961405686,0.9377510040160643,0.9239416456776853,0.9107850811233118,0.9163519195355525
356,0.0019914414580560454,0.010856449428611954,,False,0.9843357766844061,0.9846959550246395,0.9776885844469343,0.9810101567829241,0.9381526104417671,0.9243019782051705,0.9111604564986872,0.9167169037275428
357,0.0019897563840627006,0.010849234274671387,,False,0.9843357766844061,0.9846884844535239,0.9776885844469343,0.9810065128851497,0.9373493975903614,0.9236031662076767,0.9104109696380893,0.9159790526066577
358,0.001988743326802519,0.01085115101950714,,False,0.9843357766844061,0.9847001453147453,0.9776885844469343,0.9810119533631148,0.9377510040160643,0.9239703674600587,0.9107850811233118,0.9163606061079501
359,0.0019856632928888906,0.010841447126354856,,False,0.9843357766844061,0.9846899464005473,0.9776885844469343,0.9810072116322507,0.9369477911646586,0.9231882645395445,0.9100559820626545,0.9156120420478067
360,0.0019843384205169836,0.010842857543635022,,False,0.9843357766844061,0.9846942089252653,0.9776885844469343,0.9810087890523685,0.9381526104417671,0.9243167950911333,0.9111655986271169,0.9167271061858693
361,0.0019822590294780113,0.01082568178472013,,False,0.9844361883723265,0.9847820397103353,0.9777710110872244,0.9810948931428088,0.9377510040160643,0.9239703674600587,0.9107850811233118,0.9163606061079501
362,0.001980544289096533,0.01083738601813855,,False,0.9844361883723265,0.9847816392439298,0.9777710110872244,0.981094075059181,0.9373493975903614,0.9235199060618198,0.9104556234762473,0.9160017419624581
363,0.00197897731380917,0.010821173798290605,,False,0.984536600060247,0.9848792973096582,0.9778617140350703,0.9811876447732217,0.9377510040160643,0.9239470452609599,0.910810611051682,0.9163783441038912
364,0.0019765210234386653,0.01083865563299882,,False,0.984536600060247,0.9848690474432181,0.9778617140350703,0.9811832413946467,0.9369477911646586,0.9231537670774651,0.9100815119910247,0.9156201462626375
365,0.001974888218767754,0.010837350797183353,,False,0.9846370117481675,0.9849649693267905,0.9779555578789141,0.9812785186780878,0.9369477911646586,0.9232210178207124,0.910062388081237,0.9156144706954871
366,0.0019721520368494935,0.010823110587774958,,False,0.984536600060247,0.9848644410616413,0.9778648549310682,0.9811829672651656,0.936144578313253,0.9224440186084713,0.909339069043861,0.9148836597079298
367,0.0019718456662527317,0.010782096317552493,,False,0.984536600060247,0.984875956295278,0.9778617140350703,0.9811860260413471,0.9373493975903614,0.9236089214312027,0.9104231556799532,0.9159905689588411
368,0.001968049113690203,0.01081002911322661,,False,0.9846370117481675,0.9849635916350975,0.9779555578789141,0.9812768489524463,0.9357429718875502,0.9220593552333456,0.9089771436005023,0.9145129713955469
369,0.0019659618756194992,0.01080458728892281,,False,0.9844361883723265,0.9847724531139074,0.9777710110872244,0.9810896290156528,0.9365461847389558,0.9227933392553997,0.9097195865476662,0.915250063548438
370,0.0019629817536953673,0.010806994500798174,,False,0.9846370117481675,0.9849627348075793,0.9779555578789141,0.9812764234662706,0.936144578313253,0.922473249488323,0.9093454750624436,0.9148855362343438
371,0.001961717825788796,0.010789502569672116,,False,0.9846370117481675,0.9849595882715286,0.9779441406753604,0.9812695279136273,0.9365461847389558,0.9227748148646288,0.9097317725895301,0.9152609709358759
372,0.001958638965653262,0.010797695208626,,False,0.9846370117481675,0.9849540395414018,0.9779472815713584,0.9812687498776627,0.9365461847389558,0.9228017821974812,0.9097119251214151,0.9152609824625642
373,0.001956140155689499,0.010789473460873509,,False,0.9848378351240085,0.985143659864035,0.9781204111594943,0.9814497093423203,0.936144578313253,0.9224440186084713,0.909339069043861,0.9148836597079298
374,0.001953370680582775,0.010789884555974762,,False,0.9848378351240085,0.9851440158150679,0.9781204111594943,0.9814496262599044,0.9369477911646586,0.9231774542945372,0.9100815119910247,0.9156276343972629
375,0.001951306862743158,0.01078554202514374,,False,0.9848378351240085,0.985142870689104,0.9781204111594943,0.981449044417499,0.9365461847389558,0.922828133647609,0.9097009944872195,0.9152612305567546
376,0.0019493998112680225,0.01077634132026365,,False,0.9848378351240085,0.9851458505201887,0.9781204111594943,0.9814505915344954,0.9369477911646586,0.9231774542945372,0.9100815119910247,0.9156276343972629
377,0.0019493925284569042,0.010778455542768434,,False,0.9848378351240085,0.9851399888043364,0.9781204111594943,0.981447311057517,0.936144578313253,0.920782090155903,0.9093698471461712,0.914254646591363
378,0.0019445595085843571,0.010777125616570168,,False,0.9848378351240085,0.9851410359839833,0.9781204111594943,0.9814480791429081,0.936144578313253,0.9224440186084713,0.909339069043861,0.9148836597079298
379,0.0019428092077007103,0.010795559344848597,,False,0.9848378351240085,0.9851395117128607,0.9781204111594943,0.9814471920720081,0.9365461847389558,0.9227933392553997,0.9097195865476662,0.915250063548438
380,0.001940991110620867,0.010789602669865457,,False,0.9848378351240085,0.985142870689104,0.9781204111594943,0.981449044417499,0.936144578313253,0.9224199570733881,0.909339069043861,0.914883695158282
381,0.001938824751644396,0.010778172811317115,,False,0.9848378351240085,0.9851479956810765,0.9781204111594943,0.9814516350156196,0.9365461847389558,0.9228044464305367,0.9097009944872195,0.9152537424221292
382,0.001936647976670264,0.010790693148467938,,False,0.9848378351240085,0.9851424915439454,0.9781204111594943,0.9814487391890044,0.9365461847389558,0.9227933392553997,0.9097195865476662,0.915250063548438
383,0.0019347912487011137,0.01079213878402967,,False,0.9848378351240085,0.9851395117128607,0.9781204111594943,0.9814471920720081,0.936144578313253,0.922408675880274,0.9093576611043075,0.9148793752360551
384,0.0019328256932877087,0.010795712617723895,,False,0.9848378351240085,0.9851361356030159,0.9781204111594943,0.9814454864417398,0.9357429718875502,0.9204178770947296,0.9089957356609487,0.9138809027094124
385,0.0019302462963548524,0.010800721984299676,,False,0.9848378351240085,0.98514203284998,0.9781204111594943,0.9814485811323459,0.9353413654618474,0.9217185696215887,0.9086030321152797,0.9141414296684351
386,0.0019281588426405848,0.01079904882227159,,False,0.9848378351240085,0.9851410359839833,0.9781204111594943,0.9814480791429081,0.936144578313253,0.9224199570733881,0.909339069043861,0.914883695158282
387,0.0019264670948850834,0.010794886359253424,,False,0.9848378351240085,0.9851410359839833,0.9781204111594943,0.9814480791429081,0.936144578313253,0.922457912645227,0.9093365497460396,0.9149105959239701
388,0.0019248311499767171,0.010787371438043876,,False,0.9848378351240085,0.9851450158499918,0.9781204111594943,0.9814500878986233,0.936144578313253,0.9224666876187531,0.909339069043861,0.9148911934076457
389,0.0019230762542253594,0.010791841388079424,,False,0.9848378351240085,0.985142870689104,0.9781204111594943,0.981449044417499,0.936144578313253,0.9224401477055822,0.909339069043861,0.9148906342158837
390,0.0019210908298699983,0.010788461033409079,,False,0.9848378351240085,0.9851387986028443,0.9781204111594943,0.9814475348068498,0.9357429718875502,0.9220593552333456,0.9089771436005023,0.9145129713955469
391,0.0019198744287879147,0.010793982294318593,,False,0.9848378351240085,0.9851388739865842,0.9781204111594943,0.9814481592128644,0.9365461847389558,0.9227810352048019,0.9097119251214151,0.9152615480843029
392,0.001918634064940955,0.010793204044069764,,False,0.9848378351240085,0.9851470013852356,0.9781204111594943,0.9814511336753099,0.936144578313253,0.9224571909845013,0.909339069043861,0.914900869705972
393,0.0019168529758621976,0.010808186165484925,,False,0.9848378351240085,0.9851451892059716,0.9781204111594943,0.9814505978431917,0.9357429718875502,0.9220593552333456,0.9089771436005023,0.9145129713955469
394,0.001915291598371361,0.010806757367957439,,False,0.9848378351240085,0.9851401874107426,0.9781204111594943,0.9814475721823774,0.936144578313253,0.9224401477055822,0.909339069043861,0.9148906342158837
395,0.0019139588648502547,0.010805144262943163,,False,0.9848378351240085,0.9851413382757895,0.9781204111594943,0.981448114323192,0.936144578313253,0.9224765830070455,0.909339069043861,0.9148928045104469
396,0.0019121456913457262,0.010828097412658047,,False,0.9848378351240085,0.9851390124535914,0.9781204111594943,0.9814464087144914,0.9357429718875502,0.921608178916653,0.90726800594312,0.9132576503261982
397,0.0019102716154375157,0.010811393922213537,,False,0.9848378351240085,0.985138404391916,0.9781204111594943,0.9814471422937877,0.9353413654618474,0.9217151702034477,0.9086017682251268,0.9141550916781056
398,0.0019084205826854956,0.010815004197034881,,False,0.9848378351240085,0.9851296896559231,0.9781204111594943,0.9814431099173135,0.9357429718875502,0.9220593552333456,0.9089771436005023,0.9145129713955469
399,0.0019064898896642654,0.010822326238023226,,False,0.9848378351240085,0.9851296896559231,0.9781204111594943,0.9814431099173135,0.9365461847389558,0.9227810352048019,0.9097119251214151,0.9152615480843029
400,0.0019041786170107954,0.010832447751131217,,False,0.9848378351240085,0.9851461116705862,0.9781204111594943,0.9814499887261697,0.9365461847389558,0.9228380290359015,0.9097009944872195,0.915262841659556
401,0.0019029675391561375,0.010845804028950055,,False,0.9849382468119289,0.9852420559626379,0.9782137034442224,0.9815449811159913,0.9357429718875502,0.9216352156911538,0.9072692698332728,0.9132514067006148
402,0.0019023805907829358,0.010853921166053474,,False,0.9849382468119289,0.9852204133297175,0.9782137034442224,0.9815356816633385,0.936144578313253,0.9224800824530031,0.9093345444282481,0.9148783803497101
403,0.0019000807256791034,0.010846357122596352,,False,0.9849382468119289,0.9852237723059609,0.9782137034442224,0.9815375340088295,0.9365461847389558,0.922858411650735,0.9096997390795512,0.9152691494571958
404,0.0018988356865012684,0.010833955923821196,,False,0.9849382468119289,0.9852266180557883,0.9782137034442224,0.9815390474222236,0.9365461847389558,0.9228357304315722,0.9096984751893983,0.9152758620236339
405,0.0018976520429471633,0.010849387006488655,,False,0.9849382468119289,0.9852232590795451,0.9782137034442224,0.9815371950767326,0.9357429718875502,0.922075080857966,0.9089746243026808,0.9145323364758844
406,0.0018963755594951497,0.010857965154781884,,False,0.9849382468119289,0.9852415778750809,0.9782137034442224,0.9815460939359196,0.9357429718875502,0.921654935638434,0.9072667505354514,0.9132718852574337
407,0.0018941783055508403,0.010850259995421534,,False,0.9849382468119289,0.9852247833506677,0.9782137034442224,0.9815380821476326,0.9365461847389558,0.9228340419045483,0.9097094058235936,0.9152823682159819
408,0.001891583650354161,0.010849965674674505,,False,0.9849382468119289,0.9852301488434703,0.9782137034442224,0.981540792016118,0.936144578313253,0.9219365192253921,0.9076517926548695,0.9136409860111167
409,0.001888746568493089,0.010849958612523603,,False,0.9849382468119289,0.9852374060531789,0.9782137034442224,0.9815439219205745,0.9365461847389558,0.9228029954530457,0.9097094058235936,0.9152813284640727
410,0.0018874447520173057,0.01086851254826234,,False,0.9849382468119289,0.9852350679127113,0.9782137034442224,0.9815421713027546,0.9365461847389558,0.9223344005557111,0.908013718098228,0.9140131934547886
411,0.0018907427865080487,0.010867831929716541,,False,0.9849382468119289,0.9852168912427766,0.9782137034442224,0.9815342735376742,0.9353413654618474,0.9216815748474202,0.9086305673614414,0.9141814679330102
412,0.0018852859281955243,0.010841371306500917,,False,0.9849382468119289,0.985224921279639,0.9782137034442224,0.9815380743127652,0.9365461847389558,0.922800173004913,0.9097215918654575,0.9152832652662924
413,0.0018830738727402165,0.01085004356468242,,False,0.9849382468119289,0.9852249231710076,0.9782137034442224,0.9815380761496441,0.9369477911646586,0.9232187840892396,0.9100713312669524,0.9156605693434263
414,0.0018822904939053298,0.010859752881459487,,False,0.9849382468119289,0.9852266180557883,0.9782137034442224,0.9815390474222236,0.9365461847389558,0.9223555209660614,0.908013718098228,0.9140207273643632
415,0.001881634721572992,0.010861957089250368,,False,0.9849382468119289,0.9852297071720133,0.9782137034442224,0.9815398689777786,0.9369477911646586,0.9232187840892396,0.9100713312669524,0.9156605693434263
416,0.0018803907904812532,0.01085643639669804,,False,0.9849382468119289,0.9852327506625598,0.9782137034442224,0.9815416416922808,0.9369477911646586,0.9232187840892396,0.9100713312669524,0.9156605693434263
417,0.0018797406226861572,0.010856827750122857,,False,0.9849382468119289,0.9852303015205295,0.9782137034442224,0.981540480343416,0.9365461847389558,0.9223555209660614,0.908013718098228,0.9140207273643632
418,0.0018793031604299115,0.010842021338591898,,False,0.9849382468119289,0.9852324466814173,0.9782137034442224,0.9815415238245401,0.9369477911646586,0.9231808019038942,0.9100835173088162,0.9156616495519331
419,0.0018787900988194938,0.010869541910229806,,False,0.9849382468119289,0.9852307066169159,0.9782137034442224,0.9815403716174517,0.9365461847389558,0.9228178117902007,0.9097106612312622,0.9152838835761491
420,0.0018771597589432338,0.010866253755739123,,False,0.9849382468119289,0.9852284668154088,0.9782137034442224,0.9815395150688249,0.9365461847389558,0.9223555209660614,0.908013718098228,0.9140207273643632
421,0.0018764448877647644,0.010869795598907219,,False,0.9849382468119289,0.9852335885016836,0.9782137034442224,0.9815421049774338,0.936144578313253,0.9219925308523682,0.907640862020674,0.9136429613885793
422,0.0018765099518717535,0.010880840835379248,,False,0.9849382468119289,0.9852269425442862,0.9782137034442224,0.9815386279979249,0.9357429718875502,0.9215588283305188,0.9072968050794346,0.9132832297895409
423,0.0018748456861683391,0.010869937238836185,,False,0.9849382468119289,0.9852303015205295,0.9782137034442224,0.981540480343416,0.936144578313253,0.9219624938211748,0.9076587305227933,0.9136555980317185
424,0.0018740989372851386,0.010868252694638415,,False,0.9849382468119289,0.9852269425442862,0.9782137034442224,0.9815386279979249,0.9365461847389558,0.9223346987491264,0.9080162373960494,0.9140009004580109
425,0.0018731858383287203,0.01085641250228035,,False,0.9849382468119289,0.9852303015205295,0.9782137034442224,0.981540480343416,0.9365461847389558,0.9223613051263982,0.908013718098228,0.9140208881628686
426,0.0018730442309235742,0.010848094209003473,,False,0.9849382468119289,0.9852314504942075,0.9782137034442224,0.9815410206473515,0.9369477911646586,0.9231808019038942,0.9100835173088162,0.9156616495519331
427,0.0018717622863727529,0.01085492615661386,,False,0.9849382468119289,0.9852303015205295,0.9782137034442224,0.981540480343416,0.9357429718875502,0.9215936451430728,0.9072789365773153,0.9132708002521002
428,0.0018710729790277036,0.010861771982446256,,False,0.9849382468119289,0.9852303015205295,0.9782137034442224,0.981540480343416,0.9365461847389558,0.9223143256762404,0.9080259041400921,0.9140213070989769
429,0.0018705866271705944,0.010864223660418266,,False,0.9850386584998494,0.9853303420774737,0.9787257362143197,0.9818677000510319,0.9365461847389558,0.9223555209660614,0.908013718098228,0.9140207273643632
430,0.001869786930357927,0.010856737088561219,,False,0.9850386584998494,0.9853286243604749,0.9787257362143197,0.9818662973084371,0.936144578313253,0.921951335562547,0.9076530480625379,0.9136435411231929
431,0.0018687592175344531,0.010865177231994132,,False,0.9850386584998494,0.9853266375476729,0.9787257362143197,0.9818652937193484,0.936144578313253,0.9219925308523682,0.907640862020674,0.9136429613885793
432,0.0018682417752167294,0.01085576813820843,,False,0.9850386584998494,0.9853274753867969,0.9787257362143197,0.9818657570045014,0.9365461847389558,0.9223201098365773,0.9080259041400921,0.9140214678974823
433,0.001867716623203226,0.010865670345199432,,False,0.9850386584998494,0.9853309165243012,0.9787257362143197,0.9818674204705342,0.9365461847389558,0.9223555209660614,0.908013718098228,0.9140207273643632
434,0.0018667270716426348,0.010871446796425493,,False,0.9850386584998494,0.9853241164105534,0.9787257362143197,0.9818639046590104,0.936144578313253,0.9219754093752203,0.9076587305227933,0.9136623812041438
435,0.0018663403595521697,0.010872189547067057,,False,0.9850386584998494,0.9848722477974019,0.9787257362143197,0.9816580649132772,0.936144578313253,0.9219567096608381,0.9076587305227933,0.9136554372332131
436,0.0018653812149112227,0.010860565492134482,,False,0.9850386584998494,0.9853256406816762,0.9787257362143197,0.9818647917299104,0.9365461847389558,0.9223201098365773,0.9080259041400921,0.9140214678974823
437,0.001865925636429662,0.010868130232929964,,False,0.9850386584998494,0.9853249607866891,0.9787257362143197,0.9818643682857364,0.9365461847389558,0.9227874342972152,0.9097285297333815,0.9152974093648495
438,0.0018640805713769008,0.010865074640308609,,False,0.9850386584998494,0.9853275575480581,0.9787257362143197,0.9818655681250432,0.9373493975903614,0.9230964712750467,0.9087497550268091,0.9147636166945041
439,0.0018635872590439704,0.010871803369584803,,False,0.9850386584998494,0.9853241164105534,0.9787257362143197,0.9818639046590104,0.9365461847389558,0.9223555209660614,0.908013718098228,0.9140207273643632
440,0.0018626132682065437,0.010863175585214513,,False,0.9850386584998494,0.9848808072685915,0.9787257362143197,0.9816617745506065,0.9369477911646586,0.9227346354744351,0.9083768989492553,0.9143858050422912
441,0.0018621237460771667,0.01085613893139425,,False,0.9850386584998494,0.9848750808777083,0.9787257362143197,0.9816595339659708,0.9365461847389558,0.9223201098365773,0.9080259041400921,0.9140214678974823
442,0.001861451615354189,0.010877323347772977,,False,0.9850386584998494,0.9848722477974019,0.9787257362143197,0.9816580649132772,0.9365461847389558,0.9223555209660614,0.908013718098228,0.9140207273643632
443,0.0018604658893241583,0.01086529065486086,,False,0.9850386584998494,0.9848732403143631,0.9787257362143197,0.9816585671620565,0.9373493975903614,0.9231022554353834,0.9087497550268091,0.9147637774930095
444,0.0018594622671978054,0.010861608277291424,,False,0.9850386584998494,0.9848732403143631,0.9787257362143197,0.9816585671620565,0.9373493975903614,0.9230964712750467,0.9087497550268091,0.9147636166945041
445,0.0018590059405324535,0.010853731794717072,,False,0.9850386584998494,0.9848739300126614,0.9787257362143197,0.9816589918251561,0.9365461847389558,0.9223143256762404,0.9080259041400921,0.9140213070989769
446,0.0018580807800026142,0.010850693235745858,,False,0.9850386584998494,0.9848759230658677,0.9787257362143197,0.9816599969917826,0.9369477911646586,0.922710979769741,0.9083878295834507,0.9143935643981462
447,0.001856459272462913,0.010856379141136038,,False,0.9851390701877698,0.9849629726114854,0.9788190284990477,0.9817499180935242,0.9365461847389558,0.9223366523392367,0.9080328420080157,0.9140353790364322
448,0.0018545932865432328,0.010852242427158468,,False,0.9850386584998494,0.9848732403143631,0.9787257362143197,0.9816585671620565,0.9369477911646586,0.922710979769741,0.9083878295834507,0.9143935643981462
449,0.0018522426502042572,0.010858994926781308,,False,0.9851390701877698,0.9849629726114854,0.9788190284990477,0.9817499180935242,0.9369477911646586,0.922710979769741,0.9083878295834507,0.9143935643981462
450,0.00185448423183674,0.010875217844877693,,False,0.9851390701877698,0.9849800890989331,0.9788190284990477,0.9817584828666516,0.9365461847389558,0.9223808037965888,0.9080149819883808,0.9140227308610935
451,0.0018495069873006517,0.010848189780088375,,False,0.9851390701877698,0.9849629726114854,0.9788190284990477,0.9817499180935242,0.9369477911646586,0.9227648072917096,0.9083756435415867,0.9143934120668893
452,0.0018477917178386391,0.010834654657574933,,False,0.9851390701877698,0.9849648131748305,0.9788190284990477,0.9817508848974386,0.9377510040160643,0.9234704166119623,0.9091238665120317,0.9151452719519162
453,0.0018468075778168345,0.010844454877047582,,False,0.9851390701877698,0.9849648131748305,0.9788190284990477,0.9817508848974386,0.9373493975903614,0.9230774160535654,0.908763204958826,0.9147662201541331
454,0.0018465424774829582,0.010841864259595275,,False,0.9851390701877698,0.98496565536299,0.9788190284990477,0.9817513479232507,0.9377510040160643,0.9234270930034152,0.9091373164440485,0.9151331587249898
455,0.0018458483852954789,0.010851045157463997,,False,0.9851390701877698,0.9849598291867392,0.9788190284990477,0.98174832965621,0.9365461847389558,0.922353185432909,0.9080271680302447,0.9140261825230653
456,0.0018443205561465917,0.010843792095337815,,False,0.9851390701877698,0.984968254312335,0.9788190284990477,0.9817525483634714,0.9381526104417671,0.9238125845087206,0.9094992418874072,0.9155032110213478
457,0.0018441077206938182,0.010861345714893653,,False,0.9851390701877698,0.9849660027992859,0.9788190284990477,0.9817519028293944,0.9369477911646586,0.9227364096705286,0.9083890934736034,0.9143962785999018
458,0.001842516850044461,0.010845974502910659,,False,0.9851390701877698,0.9849648131748305,0.9788190284990477,0.9817508848974386,0.9381526104417671,0.92383106873545,0.9094992418874072,0.9155177669093977
459,0.0018419811866693604,0.010848969019702849,,False,0.9851390701877698,0.9849620483000296,0.9788190284990477,0.981749914324517,0.9373493975903614,0.9230267122827926,0.9087957788006302,0.9147778005315378
460,0.0018401567088371495,0.010853450556299134,,False,0.9851390701877698,0.9849653458811262,0.9788190284990477,0.9817515415938465,0.9377510040160643,0.9234455772301443,0.9091373164440485,0.9151477146130398
461,0.0018389622125069155,0.010853575700704712,,False,0.9851390701877698,0.9849570557286229,0.9788190284990477,0.9817473569615116,0.9377510040160643,0.9234396863076135,0.9091373164440485,0.9151475403412144
462,0.0018374748956738953,0.010860124414002836,,False,0.9851390701877698,0.9849570557286229,0.9788190284990477,0.9817473569615116,0.9373493975903614,0.9231023836860922,0.908763204958826,0.9147778819566912
463,0.0018361063097738798,0.01086889539800718,,False,0.9851390701877698,0.9849709209987834,0.9788190284990477,0.9817538231657976,0.9377510040160643,0.9234878751913977,0.9091251304021846,0.9151479342530493
464,0.0018376397071200666,0.010885623996258557,,False,0.9852394818756903,0.9850663114001753,0.9789077045653775,0.9818456512197046,0.9377510040160643,0.9234878751913977,0.9091251304021846,0.9151479342530493
465,0.001833235443557302,0.010860200686763386,,False,0.9851390701877698,0.984970103313137,0.9788190284990477,0.9817526616451003,0.9381526104417671,0.92383106873545,0.9094992418874072,0.9155177669093977
466,0.001831759646611528,0.010859501964131126,,False,0.9851390701877698,0.9849680233592194,0.9788190284990477,0.981752820395006,0.9377510040160643,0.9234878751913977,0.9091251304021846,0.9151479342530493
467,0.0018308177865297669,0.010866194999686022,,False,0.9851390701877698,0.9849729239986355,0.9788190284990477,0.981753976598803,0.9381526104417671,0.9238329498457344,0.90950050577756,0.9155055591244226
468,0.0018299197868770155,0.01087069435394861,,False,0.9851390701877698,0.9849740370336764,0.9788190284990477,0.981755212590667,0.9377510040160643,0.9234878751913977,0.9091251304021846,0.9151479342530493
469,0.001828852206188973,0.010871100542057118,,False,0.9852394818756903,0.9855088180378142,0.9789123207837758,0.9820501735794195,0.9369477911646586,0.9227048674571586,0.9084082173833912,0.9144131678143685
470,0.0018280953471622187,0.01086737316445708,,False,0.9852394818756903,0.9855061316262677,0.9789123207837758,0.982048892612251,0.9373493975903614,0.923083458173427,0.908763204958826,0.9147708940861004
471,0.0018273700467586259,0.010869299071765818,,False,0.9852394818756903,0.9855065254909812,0.9789123207837758,0.9820482369960357,0.9377510040160643,0.9234285328277634,0.9091385803342015,0.9151285189574736
472,0.0018273425275812456,0.010868464463395773,,False,0.9852394818756903,0.985521108392112,0.9789123207837758,0.9820557124728041,0.9381526104417671,0.9238260157651165,0.90950050577756,0.9155054123545148
473,0.0018259297320084875,0.010863437475058647,,False,0.9853398935636108,0.9856018629485883,0.9790009968501054,0.9821407670699451,0.9373493975903614,0.923083458173427,0.908763204958826,0.9147708940861004
474,0.0018250520466552174,0.010860165210847551,,False,0.9852394818756903,0.9855062863041049,0.9789123207837758,0.9820486212408992,0.9377510040160643,0.9234207607949484,0.9091373164440485,0.9151405524706233
475,0.0018241359805385281,0.010865422455200663,,False,0.9852394818756903,0.9855057508940273,0.9789123207837758,0.9820482354921877,0.9369477911646586,0.9227077819266848,0.9084012795154671,0.9143986593014427
476,0.001823375740528906,0.010861795594727974,,False,0.9852394818756903,0.9855062933257304,0.9789123207837758,0.9820481199344854,0.9377510040160643,0.9233921142101783,0.9091507663760652,0.9151264594060718
477,0.001822494799107797,0.010860269182046661,,False,0.9852394818756903,0.9855000498838221,0.9789123207837758,0.9820452061676543,0.9377510040160643,0.9233921142101783,0.9091507663760652,0.9151264594060718
478,0.0018215752557695396,0.010860020918612757,,False,0.9852394818756903,0.9855062933257304,0.9789123207837758,0.9820481199344854,0.9369477911646586,0.9227077819266848,0.9084012795154671,0.9143986593014427
479,0.0018215647614697914,0.010860311225569571,,False,0.9853398935636108,0.9856023997735637,0.9790009968501054,0.9821411533220371,0.9369477911646586,0.9227256892325596,0.9084012795154671,0.9144056927371244
480,0.001820069874454238,0.010867159355690091,,False,0.9853398935636108,0.9855957953771368,0.9790009968501054,0.9821375869406707,0.9369477911646586,0.9227077819266848,0.9084012795154671,0.9143986593014427
481,0.0018191348744155417,0.010855421025537357,,False,0.9853398935636108,0.9855980184772366,0.9790009968501054,0.9821389010822892,0.9369477911646586,0.9227256892325596,0.9084012795154671,0.9144056927371244
482,0.0018180026971106116,0.010857746184143566,,False,0.9853398935636108,0.9855986411269644,0.9790009968501054,0.9821391003540649,0.9369477911646586,0.9227256892325596,0.9084012795154671,0.9144056927371244
483,0.0018171614342283005,0.010854362028552049,,False,0.9853398935636108,0.9855950991770608,0.9790009968501054,0.9821376637153882,0.9373493975903614,0.9230700959164333,0.9087766548908426,0.9147629057312022
484,0.0018163969699233546,0.010864136363236987,,False,0.9853398935636108,0.9855981770921394,0.9790009968501054,0.9821392941903326,0.9373493975903614,0.9230759868389641,0.9087766548908426,0.9147630800030276
485,0.0018146846091423527,0.010856812946519231,,False,0.9855407169394518,0.9857880119849922,0.9791850704795573,0.9823262069682188,0.9373493975903614,0.9230916635507699,0.9087766548908426,0.9147695639685358
486,0.0018133014051264433,0.010860560470510662,,False,0.9855407169394518,0.9857847197518022,0.9791850704795573,0.982324540851622,0.9369477911646586,0.9227197986126756,0.9084025434056202,0.9143877863399208
487,0.0018116796054971883,0.010861933588300749,,False,0.9855407169394518,0.985785102814051,0.9791850704795573,0.9823249274340168,0.9373493975903614,0.9230857726282391,0.9087766548908426,0.9147693896967104
488,0.0018096265939291595,0.010854780568603636,,False,0.9855407169394518,0.9857850541791728,0.9791850704795573,0.9823242971323616,0.9373493975903614,0.9230857726282391,0.9087766548908426,0.9147693896967104
489,0.001807849158743699,0.010851760863789934,,False,0.9855407169394518,0.9857868655046913,0.9791850704795573,0.9823258551544848,0.9373493975903614,0.9230857726282391,0.9087766548908426,0.9147693896967104
490,0.001807002109096164,0.010863013515058627,,False,0.9855407169394518,0.9857934447257113,0.9791850704795573,0.9823289547828983,0.9369477911646586,0.9227271007200838,0.9084025434056202,0.9143960521890343
491,0.001805574017400612,0.01085796216875321,,False,0.9855407169394518,0.9857816076577621,0.9791850704795573,0.9823225921013764,0.936144578313253,0.9219290329820247,0.9076786925189028,0.9136374781184841
492,0.0018045445026998032,0.010866408551925258,,False,0.9855407169394518,0.9857836618353222,0.9791850704795573,0.9823246558756539,0.9369477911646586,0.9227197986126756,0.9084025434056202,0.9143877863399208
493,0.0018027885364982584,0.010851452641417597,,False,0.9855407169394518,0.9857889395688288,0.9791850704795573,0.9823268612136048,0.9373493975903614,0.9230857726282391,0.9087766548908426,0.9147693896967104
494,0.0018012736602755815,0.010864020057130021,,False,0.9855407169394518,0.9857850242853028,0.9791850704795573,0.9823248490730779,0.9369477911646586,0.9227197986126756,0.9084025434056202,0.9143877863399208
495,0.0018005236534519178,0.01086875978948206,,False,0.9855407169394518,0.9857817679746108,0.9791850704795573,0.9823225181344246,0.9369477911646586,0.9227197986126756,0.9084025434056202,0.9143877863399208
496,0.0017991998192593824,0.010867223014023555,,False,0.9857415403152927,0.9859789094841199,0.9802091360197518,0.9829712195846082,0.9373493975903614,0.9235885054343981,0.9104601565743445,0.9160286782630505
497,0.0017969415333272142,0.010870005192263332,,False,0.9856411286273722,0.985886365579428,0.9796971032496545,0.9826508105505274,0.9369477911646586,0.9227197986126756,0.9084025434056202,0.9143877863399208
498,0.0017951890588049524,0.010868549970583672,,False,0.9856411286273722,0.985878733340664,0.9796971032496545,0.9826464233038126,0.9373493975903614,0.9235885054343981,0.9104601565743445,0.9160286782630505
499,0.0017942428771478443,0.010872843561500293,,False,0.9856411286273722,0.9858771290581676,0.9796971032496545,0.9826460275382016,0.9365461847389558,0.9223609796342601,0.9080284319203975,0.9140137381272194
500,0.0017906895554143476,0.010872313514759075,,False,0.9857415403152927,0.9859798286791928,0.9802091360197518,0.9829716871379919,0.9373493975903614,0.9235885054343981,0.9104601565743445,0.9160286782630505
501,0.0017878923933460826,0.010868181155759557,,False,0.9857415403152927,0.9859841286835755,0.9802091360197518,0.9829736655454135,0.9365461847389558,0.9223609796342601,0.9080284319203975,0.9140137381272194
502,0.0017859239082781127,0.010877369670977705,,False,0.9857415403152927,0.9859771184640296,0.9802091360197518,0.9829699269394249,0.936144578313253,0.9203198232878551,0.9076665064770388,0.913015724193568
503,0.001782857419529505,0.010873233755493207,,False,0.9857415403152927,0.9859771378038376,0.9802091360197518,0.9829707852538172,0.9369477911646586,0.921598920898314,0.9100982311309858,0.9150308039280741
504,0.001780487143325302,0.010867893142125601,,False,0.9857415403152927,0.9859812939877585,0.9802091360197518,0.982972346094082,0.9365461847389558,0.9223609796342601,0.9080284319203975,0.9140137381272194
505,0.00177840013331033,0.010865448497317623,,False,0.9857415403152927,0.9859812939877585,0.9802091360197518,0.982972346094082,0.9373493975903614,0.923625212953272,0.9104589011666759,0.9160327625787773
506,0.0017767048660705135,0.01085882292253494,,False,0.9857415403152927,0.9859780398777109,0.9802091360197518,0.9829709698795099,0.9369477911646586,0.9227197986126756,0.9084025434056202,0.9143877863399208
507,0.0017750216440836606,0.010860073747023814,,False,0.9858419520032132,0.9860751287041896,0.9803029798635955,0.9830657977878418,0.9377510040160643,0.9234544427436658,0.9091507748585497,0.9151239968139101
508,0.0017735223785917804,0.010860357827415129,,False,0.9858419520032132,0.9860751287041896,0.9803029798635955,0.9830657977878418,0.9377510040160643,0.9238934433783648,0.9108655864937028,0.9164042417516401
509,0.0017725025955016474,0.010864264903152359,,False,0.9858419520032132,0.9860684719093662,0.9803029798635955,0.9830615932733964,0.9365461847389558,0.9223788561494547,0.9080463004225167,0.9140340587011698
510,0.0017703621615910614,0.010861041675160667,,False,0.9858419520032132,0.986071435265417,0.9803029798635955,0.9830640515655615,0.9381526104417671,0.9242715126874335,0.9112205740691377,0.9167626623575056
511,0.0017685973521751836,0.010855972423446556,,False,0.9858419520032132,0.9860748927894191,0.9803029798635955,0.9830657593335052,0.9369477911646586,0.9227587367256184,0.9084012879979516,0.9143924201258211
512,0.0017676708831444816,0.010859222108606077,,False,0.9858419520032132,0.986079196287807,0.9803029798635955,0.9830676589695907,0.9381526104417671,0.9238001869648362,0.9095248863437723,0.9154953699586768
513,0.0017654019927088543,0.010855316224184959,,False,0.9858419520032132,0.986064073811625,0.9803029798635955,0.9830592252356707,0.9369477911646586,0.9226564155478345,0.908433861839756,0.914389663203949
514,0.0017628923501517894,0.01085564533142708,,False,0.9858419520032132,0.9860685846330581,0.9803029798635955,0.9830625356279624,0.9381526104417671,0.9242986854891071,0.9112205740691377,0.9167787776463437
515,0.0017608710021375558,0.010860406719195293,,False,0.9858419520032132,0.9860718981313865,0.9803029798635955,0.9830642071249697,0.9369477911646586,0.9226949346353336,0.9084147379299683,0.9143764908299362
516,0.0017592385569431882,0.010860739145319072,,False,0.9858419520032132,0.9860685846330581,0.9803029798635955,0.9830625356279624,0.9377510040160643,0.9234017673628829,0.9091629609004133,0.9151218164491196
517,0.001757812126625634,0.010861038969534591,,False,0.9858419520032132,0.986078649057434,0.9803029798635955,0.9830675423410634,0.9369477911646586,0.9210500601294237,0.9084134740398154,0.9137769870694079
518,0.0017555880177072983,0.010859649454199871,,False,0.9858419520032132,0.986071057012944,0.9803029798635955,0.9830637429607284,0.936144578313253,0.9203043563514117,0.907684374979158,0.9130308874261969
519,0.0017545438370105805,0.010868684893838904,,False,0.9858419520032132,0.9860667983942754,0.9803029798635955,0.9830615193160914,0.936144578313253,0.9208642519999528,0.9093666127725069,0.9143062729323587
520,0.0017531705663155629,0.010873570543166362,,False,0.9858419520032132,0.9860718981313865,0.9803029798635955,0.9830642071249697,0.9357429718875502,0.9199586318671736,0.9073089996037828,0.9126723270050088
521,0.0017519004369554057,0.01086656146725385,,False,0.9858419520032132,0.9860718981313865,0.9803029798635955,0.9830642071249697,0.9369477911646586,0.92102288732775,0.9084134740398154,0.9137608717805699
522,0.00175085962036244,0.010872184735547722,,False,0.9858419520032132,0.9860685846330581,0.9803029798635955,0.9830625356279624,0.9373493975903614,0.921906885586097,0.9104902111183273,0.9154097400050847
523,0.0017500695699075386,0.010878864499991004,,False,0.9858419520032132,0.9860718981313865,0.9803029798635955,0.9830642071249697,0.9365461847389558,0.9206448180186813,0.9080584864643806,0.9134024511747043
524,0.0017490440645391706,0.010871078358354103,,False,0.9859423636911336,0.9861689189637948,0.9803936828114416,0.9831576780221756,0.9365461847389558,0.920671990820355,0.9080584864643806,0.9134185664635426
525,0.0017481206141819535,0.010878863298518789,,False,0.9860427753790542,0.9862533544273069,0.9804870534930473,0.9832466886077909,0.9373493975903614,0.921906885586097,0.9104902111183273,0.9154097400050847
526,0.0017474478474722884,0.010876892929618487,,False,0.9860427753790542,0.9862538172932762,0.9804870534930473,0.983246844167199,0.936144578313253,0.9202698915155039,0.9076831110890053,0.9130348972285347
527,0.0017460346966445234,0.010881047354332134,,False,0.9860427753790542,0.9863451674217099,0.9804870534930473,0.983292339699096,0.9369477911646586,0.9215449445810451,0.9101160996331049,0.9150358990419788
528,0.0017450240334897322,0.01087395680268353,,False,0.9860427753790542,0.9862526677241128,0.9804870534930473,0.9832463036833503,0.9369477911646586,0.9215449445810451,0.9101160996331049,0.9150358990419788
529,0.0017444524090946874,0.010885480676762397,,False,0.9860427753790542,0.9862520482282727,0.9804870534930473,0.983246419984946,0.9365461847389558,0.9196725431212541,0.9097419881478823,0.9140599204020307
530,0.0017438774927353367,0.010884986180644516,,False,0.9860427753790542,0.9863487157253624,0.9804870534930473,0.9832940909359338,0.9357429718875502,0.9184095112513191,0.9072898756939948,0.9120447515425111
531,0.0017426917320175002,0.010865556589867518,,False,0.9860427753790542,0.9863487852743664,0.9804870534930473,0.9832942425213452,0.9373493975903614,0.921906885586097,0.9104902111183273,0.9154097400050847
532,0.0017412151260354908,0.010881112549815,,False,0.9860427753790542,0.9863451674217099,0.9804870534930473,0.983292339699096,0.9365461847389558,0.9197025406884555,0.9097483941664648,0.914049050479889
533,0.0017395964317800637,0.010872376200496239,,False,0.9860427753790542,0.9862526677241128,0.9804870534930473,0.9832463036833503,0.9365461847389558,0.9196453703195802,0.9097419881478823,0.9140438051131926
534,0.0017385196499263103,0.010866935312940546,,False,0.9860427753790542,0.9862533544273069,0.9804870534930473,0.9832466886077909,0.9369477911646586,0.9215384014743996,0.9101160996331049,0.915035429645013
535,0.0017369653570726655,0.010873168770929403,,False,0.9860427753790542,0.986348252859393,0.9804870534930473,0.9832939353765257,0.936144578313253,0.918709422360423,0.907684374979158,0.9124167592843953
536,0.0017356866968023632,0.010874171752006105,,False,0.9860427753790542,0.986348252859393,0.9804870534930473,0.9832939353765257,0.9357429718875502,0.918368812052748,0.9073102634939354,0.912044481142082
537,0.001732944716793391,0.010864221852532826,,False,0.9860427753790542,0.9862520482282727,0.9804870534930473,0.983246419984946,0.9365461847389558,0.9196388272129347,0.9097419881478823,0.9140433357162269
538,0.0017302067706054676,0.01085781578693916,,False,0.9860427753790542,0.9863423589686151,0.9804870534930473,0.9832903892908964,0.9365461847389558,0.9196388272129347,0.9097419881478823,0.9140433357162269
539,0.0017395003100174012,0.010861358326127725,,False,0.9860427753790542,0.9862536768609469,0.9804870534930473,0.9832464754845243,0.9377510040160643,0.9206655583390254,0.9108956325552017,0.9151890211128733
540,0.0017237590375983887,0.010863799931364049,,False,0.9861431870669746,0.9864428438506526,0.9809990862631448,0.9836134481274517,0.9373493975903614,0.9204270726468038,0.9104966171369101,0.9148077442298439
541,0.001721860168005021,0.010855476027152772,,False,0.9861431870669746,0.986442068500225,0.9809990862631448,0.9836135257107836,0.9373493975903614,0.9203655789517468,0.9104902111183273,0.9148005022067827
542,0.0017200099853519938,0.010852951373292128,,False,0.9862435987548951,0.9865345232542059,0.9810923785478729,0.9837067840779142,0.9373493975903614,0.9203655789517468,0.9104902111183273,0.9148005022067827
543,0.0017175096042195222,0.010854869964467316,,False,0.9862435987548951,0.9865379173060033,0.9810923785478729,0.9837079925724075,0.9369477911646586,0.9194760413862494,0.9084390039681858,0.9131781798783888
544,0.0017148775868812752,0.010851421304368612,,False,0.9862435987548951,0.9865379173060033,0.9810923785478729,0.9837079925724075,0.9369477911646586,0.9195021519198961,0.9084390039681858,0.9131943373657552
545,0.001712818954686741,0.010862538824753519,,False,0.9862435987548951,0.9865398294654253,0.9810923785478729,0.9837091213173252,0.9365461847389558,0.9191385947202225,0.9080648924829631,0.9128109614643832
546,0.0017103912831095002,0.010849032378227451,,False,0.9862435987548951,0.9865379173060033,0.9810923785478729,0.9837079925724075,0.9369477911646586,0.9195021519198961,0.9084390039681858,0.9131943373657552
547,0.0017098889747237391,0.010861119328217253,,False,0.9862435987548951,0.9865482420606888,0.9810923785478729,0.9837127980477925,0.936144578313253,0.9187992463695903,0.9076907809977405,0.9124386315354239
548,0.0017080943166962557,0.01084812910735496,,False,0.9862435987548951,0.9865324444268566,0.9810923785478729,0.9837052280086002,0.9377510040160643,0.9207609129299994,0.9108643226035499,0.9151981119545274
549,0.0017060126507827274,0.010840872009158453,,False,0.9862435987548951,0.9865344604153461,0.9810923785478729,0.9837061302066006,0.9373493975903614,0.9198681361482566,0.9088131154534084,0.9135766291674174
550,0.0017049276704268084,0.010837135466032351,,False,0.9862435987548951,0.9865345330456814,0.9810923785478729,0.9837063216304145,0.9373493975903614,0.9198681361482566,0.9088131154534084,0.9135766291674174
551,0.001704580756823738,0.010844648310613653,,False,0.9862435987548951,0.9865409098641046,0.9810923785478729,0.9837093527878101,0.9369477911646586,0.9195290667461191,0.9084390039681858,0.9132057271490697
552,0.0017028376039379697,0.010852189227925513,,False,0.9862435987548951,0.9865366833874969,0.9810923785478729,0.9837077225768519,0.9373493975903614,0.9204341225321401,0.9104966171369101,0.914820541801959
553,0.001701886462760556,0.010832860216164808,,False,0.9862435987548951,0.9864415674479962,0.9810923785478729,0.9836604007091592,0.9373493975903614,0.919829263313683,0.9088067094348258,0.9135709853038468
554,0.0017005691594285468,0.01083619836558976,,False,0.9862435987548951,0.9864415674479962,0.9810923785478729,0.9836604007091592,0.9373493975903614,0.9198681361482566,0.9088131154534084,0.9135766291674174
555,0.0016996059215615867,0.01083576862774811,,False,0.9862435987548951,0.9864427989070363,0.9810923785478729,0.9836606704788365,0.9373493975903614,0.9198681361482566,0.9088131154534084,0.9135766291674174
556,0.0016989332572733755,0.01083003034308332,,False,0.9862435987548951,0.9864395587915159,0.9810923785478729,0.9836590358377807,0.9373493975903614,0.919829263313683,0.9088067094348258,0.9135709853038468
557,0.0016972791382706,0.010839236369827804,,False,0.9862435987548951,0.9864415674479962,0.9810923785478729,0.9836604007091592,0.9373493975903614,0.9198681361482566,0.9088131154534084,0.9135766291674174
558,0.0016963821265134353,0.0108524875932255,,False,0.9862435987548951,0.9865432512296005,0.9810923785478729,0.9837112257290515,0.9365461847389558,0.9191655095464453,0.9080648924829631,0.9128223512476976
559,0.0016952924563383414,0.010858733616426076,,False,0.9862435987548951,0.9864509840541172,0.9810923785478729,0.9836652278201298,0.9369477911646586,0.9195290667461191,0.9084390039681858,0.9132057271490697
560,0.0016939041161678954,0.01084823028752442,,False,0.9862435987548951,0.9865398294654253,0.9810923785478729,0.9837091213173252,0.9373493975903614,0.9198681361482566,0.9088131154534084,0.9135766291674174
561,0.0016931546308263132,0.010856472952165784,,False,0.9862435987548951,0.9865432512296005,0.9810923785478729,0.9837112257290515,0.9365461847389558,0.9191655095464453,0.9080648924829631,0.9128223512476976
562,0.0016918770573557248,0.01084780279721242,,False,0.9862435987548951,0.9865405278876271,0.9810923785478729,0.9837090443296587,0.9365461847389558,0.9191385947202225,0.9080648924829631,0.9128109614643832
563,0.0016904165703371915,0.0108403726414679,,False,0.9862435987548951,0.9865439496518024,0.9810923785478729,0.983711148741385,0.9365461847389558,0.9191293979975791,0.9080584864643806,0.9128275485577046
564,0.0016894449109944565,0.010840991233963978,,False,0.9862435987548951,0.9864515268824311,0.9810923785478729,0.9836651121299737,0.9365461847389558,0.9191293979975791,0.9080584864643806,0.9128275485577046
565,0.0016881588418846698,0.010841736350688098,,False,0.9862435987548951,0.9864444162120134,0.9810923785478729,0.9836617246679301,0.9373493975903614,0.9198681361482566,0.9088131154534084,0.9135766291674174
566,0.0016871286965823838,0.010846329237488307,,False,0.9862435987548951,0.9864515268824311,0.9810923785478729,0.9836651121299737,0.9369477911646586,0.9195290667461191,0.9084390039681858,0.9132057271490697
567,0.0016860210041341266,0.010848988672223645,,False,0.9862435987548951,0.986447684069662,0.9810923785478729,0.9836637905060451,0.9369477911646586,0.9195290667461191,0.9084390039681858,0.9132057271490697
568,0.0016851117864331853,0.010844724200064972,,False,0.9862435987548951,0.9864415674479962,0.9810923785478729,0.9836604007091592,0.9369477911646586,0.9194697125945884,0.9084325979496032,0.9131984016011869
569,0.001684326005083557,0.010843481491395149,,False,0.9862435987548951,0.9864443432015937,0.9810923785478729,0.9836615329530262,0.9369477911646586,0.9194697125945884,0.9084325979496032,0.9131984016011869
570,0.0016833927509579637,0.010849319376957468,,False,0.9862435987548951,0.986447684069662,0.9810923785478729,0.9836637905060451,0.936144578313253,0.9187992463695903,0.9076907809977405,0.9124386315354239
571,0.0016828882591257593,0.01086121892042737,,False,0.9862435987548951,0.9864509840541172,0.9810923785478729,0.9836652278201298,0.936144578313253,0.9187992463695903,0.9076907809977405,0.9124386315354239
572,0.0016819163440117,0.010852793111056325,,False,0.9862435987548951,0.9864509840541172,0.9810923785478729,0.9836652278201298,0.9365461847389558,0.9191655095464453,0.9080648924829631,0.9128223512476976
573,0.001681024643250118,0.010843780175428898,,False,0.9862435987548951,0.9864490261966231,0.9810923785478729,0.9836637832720183,0.9365461847389558,0.9191353974381803,0.9080584864643806,0.9128277364364507
574,0.0016802153356162805,0.010845785868728168,,False,0.9862435987548951,0.9864458801186947,0.9810923785478729,0.9836623845315451,0.936144578313253,0.918764587263819,0.907684374979158,0.9124442230302547
575,0.0016797292848944757,0.010836217085025936,,False,0.9862435987548951,0.9864543269031311,0.9810923785478729,0.9836676346085353,0.9369477911646586,0.9195176709840056,0.9084204119077393,0.9131985175777698
576,0.0016788851270167543,0.010842526872566472,,False,0.9862435987548951,0.9864492209867629,0.9810923785478729,0.9836646420845641,0.936144578313253,0.9187728345917194,0.907684374979158,0.9124449985027471
577,0.001678459966917436,0.010833050607042784,,False,0.9862435987548951,0.9864534396062408,0.9810923785478729,0.9836667352793577,0.9373493975903614,0.9198799824070889,0.9088009294115444,0.913564144757645
578,0.001677736923994522,0.010831108000228592,,False,0.9862435987548951,0.9864492209867629,0.9810923785478729,0.9836646420845641,0.9369477911646586,0.9195176709840056,0.9084204119077393,0.9131985175777698
579,0.0016771653291098858,0.01083979957356517,,False,0.9862435987548951,0.9864443432015937,0.9810923785478729,0.9836615329530262,0.9365461847389558,0.9191726643591289,0.9080648924829631,0.9128231671645983
580,0.0016764402230568744,0.010834212613925009,,False,0.9862435987548951,0.9864492209867629,0.9810923785478729,0.9836646420845641,0.9365461847389558,0.9191726643591289,0.9080648924829631,0.9128231671645983
581,0.001675961954346236,0.010838653647577556,,False,0.9862435987548951,0.9865414881622464,0.9810923785478729,0.9837106399934856,0.9365461847389558,0.9191726643591289,0.9080648924829631,0.9128231671645983
582,0.0016754773011968492,0.010830272109518183,,False,0.9862435987548951,0.9864458801186947,0.9810923785478729,0.9836623845315451,0.9365461847389558,0.9191353974381803,0.9080584864643806,0.9128277364364507
583,0.0016754165940969304,0.010832473857729551,,False,0.9862435987548951,0.9864443432015937,0.9810923785478729,0.9836615329530262,0.9373493975903614,0.9198352627542842,0.9088067094348258,0.9135711731825928
584,0.0016745851496085063,0.01083973417866205,,False,0.9862435987548951,0.9864443432015937,0.9810923785478729,0.9836615329530262,0.9365461847389558,0.9191726643591289,0.9080648924829631,0.9128231671645983
585,0.0016741800803362831,0.010839399400714956,,False,0.9862435987548951,0.9864458801186947,0.9810923785478729,0.9836623845315451,0.936144578313253,0.9187728345917194,0.907684374979158,0.9124449985027471
586,0.0016734854620700625,0.010836958553076727,,False,0.9862435987548951,0.9864492209867629,0.9810923785478729,0.9836646420845641,0.9369477911646586,0.9195549379049542,0.9084268179263219,0.9131939483059175
587,0.0016730303320159564,0.010829422523615104,,False,0.9862435987548951,0.9864458801186947,0.9810923785478729,0.9836623845315451,0.936144578313253,0.9187556756316424,0.907684374979158,0.9124431083236699
588,0.0016725188749142019,0.010834803777430605,,False,0.9862435987548951,0.9864458801186947,0.9810923785478729,0.9836623845315451,0.9365461847389558,0.9191555053990519,0.9080648924829631,0.9128212769855213
589,0.0016721132529011558,0.010832754878053092,,False,0.9862435987548951,0.9864458801186947,0.9810923785478729,0.9836623845315451,0.9365461847389558,0.9191726643591289,0.9080648924829631,0.9128231671645983
590,0.001671728685731087,0.010830712510643247,,False,0.9862435987548951,0.9864458801186947,0.9810923785478729,0.9836623845315451,0.9369477911646586,0.9195118724923118,0.9084390039681858,0.9131947812870281
591,0.0016713169178307358,0.010831364673996534,,False,0.9862435987548951,0.9864458801186947,0.9810923785478729,0.9836623845315451,0.9365461847389558,0.9191132962589889,0.9080584864643806,0.9128165622512545
592,0.0016709393916828582,0.01084384156696911,,False,0.9862435987548951,0.9864523670646914,0.9810923785478729,0.9836660408250373,0.9369477911646586,0.9195387893193079,0.9084268179263219,0.91319201062281
593,0.001670448870194533,0.010842135410820542,,False,0.9862435987548951,0.9864443432015937,0.9810923785478729,0.9836615329530262,0.9369477911646586,0.9195387893193079,0.9084268179263219,0.91319201062281
594,0.0016705863458665482,0.010851563292890153,,False,0.9862435987548951,0.986447643186049,0.9810923785478729,0.9836629702671106,0.9365461847389558,0.9191726643591289,0.9080648924829631,0.9128231671645983
595,0.0016696641134180997,0.010842507968874034,,False,0.9862435987548951,0.986447684069662,0.9810923785478729,0.9836637905060451,0.9365461847389558,0.9191726643591289,0.9080648924829631,0.9128231671645983
596,0.0016692741224986602,0.010840670814650748,,False,0.9862435987548951,0.986447643186049,0.9810923785478729,0.9836629702671106,0.9365461847389558,0.9191555053990519,0.9080648924829631,0.9128212769855213
597,0.0016688747199662454,0.010839170589737308,,False,0.9862435987548951,0.9864458801186947,0.9810923785478729,0.9836623845315451,0.9365461847389558,0.9191555053990519,0.9080648924829631,0.9128212769855213
598,0.0016684225301553646,0.01083389581652534,,False,0.9862435987548951,0.9864458801186947,0.9810923785478729,0.9836623845315451,0.936144578313253,0.9187556756316424,0.907684374979158,0.9124431083236699
599,0.0016680001375958147,0.010834791322903088,,False,0.9862435987548951,0.9864458801186947,0.9810923785478729,0.9836623845315451,0.9365461847389558,0.9191555053990519,0.9080648924829631,0.9128212769855213
600,0.0016676248791312699,0.010835223069110238,,False,0.9862435987548951,0.9864458801186947,0.9810923785478729,0.9836623845315451,0.9369477911646586,0.9195387893193079,0.9084268179263219,0.91319201062281
